0.000000,17.159998,15.933333
0.000402,17.153332,15.913334
0.000804,17.100000,15.860000
0.001205,17.080000,15.833333
0.001606,17.080000,15.819999
0.002007,17.073334,15.839999
0.002408,17.046665,15.780001
0.002809,17.033333,15.826667
0.003211,17.059999,15.773333
0.003612,17.006666,15.819999
0.004013,16.966667,15.713334
0.004415,16.959999,15.720000
0.004816,16.953333,15.686666
0.005218,16.913332,15.633333
0.005619,16.920000,15.666666
0.006021,16.906666,15.653334
0.006423,16.926666,15.660000
0.006824,16.886665,15.606667
0.007225,16.873333,15.599999
0.007627,16.840000,15.579999
0.008028,16.840000,15.573333
0.008430,16.826666,15.126667
0.008832,16.793333,15.433333
0.009234,16.786665,15.513332
0.009635,16.759998,15.486666
0.010037,16.779999,15.486666
0.010439,16.806665,15.473333
0.010840,16.759998,15.433333
0.011241,16.766666,15.400000
0.011642,16.693333,15.393333
0.012043,16.693333,15.393333
0.012444,16.673332,15.393333
0.012847,16.559999,15.393333
0.013248,16.633331,15.326667
0.013649,16.613333,15.306666
0.014050,16.573334,15.366667
0.014451,16.539999,15.240000
0.014853,16.533333,15.293332
0.015254,16.513332,15.260000
0.015656,16.499998,15.213333
0.016057,16.453333,15.226665
0.016459,16.453333,15.219999
0.016860,16.420000,15.166667
0.017261,16.420000,15.153333
0.017662,16.420000,15.119999
0.018064,16.346666,15.139999
0.018466,16.346666,15.086666
0.018867,16.313334,15.106667
0.019268,16.299999,15.080000
0.019669,16.313334,14.953333
0.020070,16.266666,14.953333
0.020472,16.266666,14.953333
0.020873,16.226665,14.953333
0.021274,16.226665,14.953333
0.021675,16.093332,14.906667
0.022076,16.173334,14.906667
0.022478,16.126665,14.953333
0.022879,16.119999,14.820000
0.023281,16.126665,14.840000
0.023682,16.093332,14.813333
0.024084,16.080000,14.813333
0.024485,16.033333,14.786666
0.024886,16.039999,14.753333
0.025288,16.006666,14.733334
0.025691,16.059999,14.853333
0.026092,15.960000,14.719999
0.026494,15.933333,14.693333
0.026895,15.913334,14.613333
0.027296,15.960000,14.659999
0.027698,15.906666,14.626666
0.028099,15.806666,14.640000
0.028500,15.780001,14.600000
0.028901,15.793333,14.540000
0.029302,15.786667,14.580000
0.029704,15.760000,14.640000
0.030106,15.773333,14.559999
0.030507,15.740000,14.533334
0.030908,15.686666,14.439999
0.031309,15.660000,14.420000
0.031710,15.713334,14.446667
0.032112,15.606667,14.406667
0.032513,15.653334,14.386666
0.032914,15.579999,14.360000
0.033315,15.520000,14.426666
0.033718,15.546666,14.439999
0.034120,15.526667,14.346666
0.034521,15.453334,14.320000
0.034923,15.433333,14.293333
0.035324,15.426665,14.293333
0.035725,15.506666,14.233333
0.036126,15.440000,14.206667
0.036527,15.406667,14.200001
0.036928,15.393333,14.219999
0.037329,15.353333,14.173332
0.037731,15.433333,14.133332
0.038133,15.273333,14.133332
0.038534,15.306666,14.140000
0.038935,15.293332,14.093333
0.039337,15.240000,14.086666
0.039739,15.200000,14.033333
0.040140,15.213333,14.020000
0.040543,15.219999,14.033333
0.040944,15.040000,13.966666
0.041346,15.173333,13.986667
0.041747,15.139999,13.986667
0.042148,15.113333,13.920000
0.042549,15.073333,13.906666
0.042951,15.020000,13.893333
0.043353,14.953333,13.893333
0.043755,14.953333,13.826666
0.044157,14.953333,13.793333
0.044558,14.953333,13.806667
0.044959,14.899999,13.793333
0.045360,14.893332,13.786667
0.045761,14.873333,13.746667
0.046162,14.860001,13.740001
0.046564,14.853333,13.713332
0.046966,14.833332,13.759999
0.047368,14.719999,13.653334
0.047769,14.806666,13.660000
0.048171,14.706667,13.620000
0.048572,14.693333,13.593333
0.048973,14.699999,13.559999
0.049374,14.679999,13.559999
0.049775,14.673333,13.506666
0.050176,14.640000,13.606666
0.050578,14.606667,13.493333
0.050979,14.613333,13.466666
0.051380,14.553333,13.626666
0.051781,14.546666,13.486667
0.052182,14.520000,13.433333
0.052583,14.480000,13.393333
0.052984,14.446667,13.366667
0.053386,14.426666,13.353333
0.053787,14.446667,13.360000
0.054188,14.386666,13.313333
0.054590,14.393332,13.293333
0.054992,14.480000,13.313333
0.055393,14.340000,13.266666
0.055796,14.346666,13.313333
0.056198,14.293333,13.240000
0.056599,14.299999,13.153334
0.057000,14.239999,13.186666
0.057401,14.253333,13.146667
0.057803,14.219999,13.106667
0.058205,14.200001,13.120000
0.058606,14.180000,13.173333
0.059007,14.160000,13.073333
0.059409,14.113334,13.040000
0.059810,14.193333,12.993333
0.060212,14.026667,12.980000
0.060613,14.013333,12.973333
0.061015,14.093333,12.960000
0.061416,13.986667,12.919999
0.061819,13.993333,12.926666
0.062221,14.073334,12.940000
0.062622,13.946667,12.873333
0.063023,13.900000,12.793333
0.063425,13.880000,12.773334
0.063828,13.786667,12.760000
0.064229,13.873334,12.799999
0.064631,13.846665,12.706667
0.065032,13.666666,12.753333
0.065433,13.779999,12.713333
0.065834,13.666666,12.713333
0.066235,13.773333,12.660000
0.066636,13.746667,12.686666
0.067037,13.686666,12.646667
0.067439,13.666666,12.626667
0.067840,13.606666,12.580000
0.068241,13.613334,12.580000
0.068642,13.579999,12.586666
0.069043,13.620000,12.553333
0.069444,13.539999,12.426666
0.069845,13.533333,12.506667
0.070246,13.460000,12.459999
0.070647,13.466666,12.440001
0.071048,13.379999,12.426666
0.071449,13.460000,12.273333
0.071850,13.400000,12.360000
0.072251,13.339999,12.313334
0.072653,13.379999,12.413333
0.073054,13.333333,12.293333
0.073456,13.300000,12.313334
0.073857,13.273334,12.240000
0.074260,13.259999,12.246667
0.074661,13.246666,12.219999
0.075062,13.200000,12.206666
0.075463,13.186666,12.153333
0.075864,13.166667,12.120000
0.076266,13.133333,12.073333
0.076667,13.120000,12.059999
0.077068,13.073333,12.080000
0.077469,13.100000,12.033333
0.077870,13.046666,12.053333
0.078272,13.040000,11.999999
0.078674,13.026667,11.966666
0.079076,12.960000,11.933332
0.079477,12.953333,11.893333
0.079878,12.940000,11.833333
0.080280,12.900000,11.820000
0.080681,12.860000,11.879999
0.081082,12.880000,11.806666
0.081484,12.853333,11.846666
0.081886,12.806666,11.806666
0.082288,12.793333,11.773334
0.082690,12.760000,11.746666
0.083092,12.679999,11.706667
0.083493,12.706667,11.720000
0.083894,12.700000,11.666666
0.084295,12.660000,11.633333
0.084696,12.640000,11.666666
0.085099,12.593333,11.606667
0.085500,12.520000,11.539999
0.085901,12.573334,11.653334
0.086303,12.526666,11.513333
0.086704,12.500000,11.493333
0.087106,12.480000,11.493333
0.087507,12.466666,11.486667
0.087908,12.453333,11.473332
0.088309,12.373333,11.473332
0.088710,12.393332,11.353333
0.089112,12.373333,11.380000
0.089515,12.326666,11.400000
0.089916,12.326666,11.339999
0.090318,12.286667,11.360000
0.090719,12.286667,11.320000
0.091120,12.253333,11.273333
0.091521,12.240000,11.219999
0.091922,12.219999,11.233333
0.092323,12.200000,11.200000
0.092725,12.146667,11.173333
0.093126,12.106667,11.166666
0.093527,12.066666,11.153333
0.093928,12.080000,11.120000
0.094329,11.999999,10.900000
0.094730,12.013333,11.026667
0.095132,12.026667,11.066667
0.095533,11.960000,11.020000
0.095934,11.933332,11.020000
0.096335,11.999999,10.953333
0.096736,11.866666,10.940000
0.097139,11.900000,10.960000
0.097540,11.760000,10.873333
0.097941,11.826667,10.913333
0.098342,11.793333,10.873333
0.098743,11.760000,10.840000
0.099145,11.740000,10.806666
0.099546,11.706667,10.746666
0.099947,11.686666,10.753333
0.100348,11.546666,10.746666
0.100750,11.640000,10.726666
0.101152,11.599999,10.686666
0.101554,11.566667,10.673333
0.101956,11.546666,10.660000
0.102357,11.539999,10.620000
0.102759,11.520000,10.626666
0.103160,11.520000,10.586667
0.103561,11.453334,10.526667
0.103963,11.460000,10.520000
0.104365,11.386666,10.513333
0.104767,11.400000,10.493333
0.105168,11.373333,10.520000
0.105569,11.339999,10.493333
0.105971,11.346666,10.286666
0.106373,11.346666,10.380000
0.106776,11.266666,10.353333
0.107178,11.253333,10.353333
0.107579,11.206666,10.313334
0.107980,11.180000,10.260000
0.108381,11.160000,10.286666
0.108784,11.099999,10.240000
0.109186,11.126667,10.226666
0.109587,11.093333,10.226666
0.109988,11.066667,10.146667
0.110389,11.040000,10.140000
0.110792,11.020000,10.213333
0.111193,10.993334,10.133333
0.111594,11.000000,10.120000
0.111996,10.933333,10.066667
0.112398,10.973333,10.053333
0.112801,10.886666,10.026666
0.113203,10.913333,9.940001
0.113604,10.920000,9.980000
0.114005,10.820000,9.953333
0.114406,10.773334,9.886666
0.114807,10.759999,9.953333
0.115208,10.753333,9.860000
0.115609,10.700000,9.806666
0.116010,10.679999,9.806666
0.116412,10.666667,9.806666
0.116813,10.660000,9.793333
0.117214,10.646667,9.793333
0.117617,10.580000,9.740000
0.118018,10.586667,9.733334
0.118420,10.600000,9.666667
0.118822,10.446667,9.680000
0.119223,10.493333,9.646667
0.119625,10.453333,9.700000
0.120026,10.460000,9.706666
0.120427,10.419999,9.526667
0.120830,10.360000,9.526667
0.121232,10.360000,9.513333
0.121633,10.340000,9.480000
0.122034,10.313334,9.526667
0.122436,10.313334,9.346666
0.122837,10.260000,9.346666
0.123238,10.233333,9.346666
0.123639,10.219999,9.346666
0.124040,10.200000,9.346666
0.124441,10.186666,9.333333
0.124842,10.140000,9.320000
0.125243,10.140000,9.280000
0.125644,10.120000,9.266666
0.126046,10.080000,9.240000
0.126447,10.053333,9.213333
0.126848,10.000000,8.973332
0.127249,9.980000,9.213333
0.127652,10.020000,9.126666
0.128053,9.986667,9.093333
0.128455,9.893332,9.026667
0.128857,9.959999,9.080000
0.129260,9.873333,9.033333
0.129661,10.020000,9.020000
0.130062,9.780000,9.000000
0.130464,9.906666,8.920000
0.130865,9.780000,9.020000
0.131267,9.746667,8.973332
0.131668,9.726666,8.913333
0.132070,9.693333,8.880000
0.132472,9.673333,8.853333
0.132873,9.613334,8.833333
0.133275,9.633333,8.693334
0.133677,9.613334,8.760000
0.134079,9.600000,8.746667
0.134480,9.546667,8.740000
0.134881,9.506666,8.740000
0.135283,9.426666,8.726666
0.135684,9.413333,8.766666
0.136085,9.486667,8.660000
0.136486,9.346666,8.639999
0.136887,9.526667,8.613334
0.137288,9.340000,8.540000
0.137690,9.320000,8.566667
0.138091,9.280000,8.493334
0.138493,9.273334,8.446666
0.138894,9.293333,8.506666
0.139295,9.220000,8.493334
0.139696,9.193333,8.420000
0.140098,9.146667,8.393332
0.140499,9.126666,8.393332
0.140901,9.126666,8.373333
0.141304,9.086667,8.333333
0.141705,9.066667,8.360000
0.142106,9.086667,8.300000
0.142507,9.020000,8.240000
0.142908,9.000000,8.226666
0.143310,8.940000,8.146667
0.143711,8.966666,8.213333
0.144113,8.926666,8.213333
0.144514,8.886666,8.133333
0.144916,8.873333,8.179999
0.145317,8.839999,8.086667
0.145718,8.820000,8.093333
0.146120,8.773333,8.073333
0.146521,8.746667,8.020000
0.146923,8.873333,7.873333
0.147324,8.653333,7.986666
0.147727,8.700000,8.000000
0.148128,8.680000,7.920000
0.148530,8.653333,7.906666
0.148931,8.633333,7.913333
0.149333,8.579999,7.886666
0.149735,8.579999,7.860000
0.150137,8.666666,7.866666
0.150538,8.500000,7.793334
0.150939,8.493334,7.773333
0.151341,8.460000,7.753333
0.151742,8.460000,7.746666
0.152144,8.366667,7.760000
0.152545,8.400000,7.686666
0.152948,8.313333,7.666667
0.153349,8.360000,7.626667
0.153752,8.313333,7.600000
0.154153,8.326666,7.686666
0.154556,8.240000,7.573333
0.154957,8.313333,7.540000
0.155359,8.206666,7.546666
0.155761,8.173333,7.506667
0.156163,8.179999,7.340000
0.156565,8.146667,7.440000
0.156966,8.126666,7.413333
0.157368,8.153334,7.373333
0.157770,8.113333,7.360000
0.158172,8.059999,7.353333
0.158573,8.006666,7.340000
0.158974,8.040000,7.326666
0.159375,7.980000,7.313333
0.159777,7.953333,7.293333
0.160179,7.920000,7.260000
0.160582,7.906666,7.200000
0.160984,7.866666,7.180000
0.161385,7.860000,7.180000
0.161786,7.813334,7.166667
0.162187,7.866666,7.166667
0.162590,7.840000,7.113333
0.162991,7.760000,7.086666
0.163393,7.740000,7.093333
0.163794,7.686666,7.006667
0.164195,7.806666,7.020000
0.164597,7.720000,6.986666
0.164998,7.573333,6.986666
0.165399,7.606667,6.933333
0.165800,7.566667,6.873333
0.166202,7.586667,6.926667
0.166604,7.460000,6.813333
0.167005,7.520000,6.886666
0.167406,7.520000,6.826667
0.167807,7.426666,6.766666
0.168209,7.393333,6.780000
0.168610,7.400000,6.760000
0.169011,7.366667,6.726666
0.169412,7.433333,6.740000
0.169814,7.340000,6.673334
0.170216,7.320000,6.640000
0.170617,7.300000,6.640000
0.171019,7.253334,6.713333
0.171420,7.253334,6.586667
0.171822,7.166667,6.526666
0.172223,7.140000,6.546667
0.172626,7.140000,6.466667
0.173027,7.140000,6.453333
0.173429,7.119999,6.460000
0.173830,7.080000,6.480000
0.174231,7.086666,6.466667
0.174632,7.060000,6.406667
0.175033,7.053333,6.366666
0.175434,6.986666,6.340000
0.175835,6.980000,6.326666
0.176236,6.980000,6.313334
0.176637,6.920000,6.273333
0.177039,6.913333,6.233333
0.177441,6.860000,6.280000
0.177844,6.866666,6.213333
0.178246,6.820000,6.206666
0.178649,6.813333,6.280000
0.179050,6.780000,6.140000
0.179451,6.766666,6.200000
0.179852,6.753333,6.113333
0.180254,6.713333,6.113333
0.180655,6.700000,6.100000
0.181057,6.686666,6.140000
0.181459,6.686666,5.980000
0.181860,6.640000,5.993333
0.182261,6.613333,5.973333
0.182662,6.580000,5.973333
0.183064,6.533333,5.913333
0.183466,6.506667,5.913333
0.183869,6.473333,5.900000
0.184270,6.466667,5.873333
0.184671,6.426666,5.826667
0.185073,6.386667,5.846666
0.185475,6.373333,5.800000
0.185876,6.400000,5.820000
0.186278,6.346667,5.746666
0.186679,6.293333,5.600000
0.187080,6.273333,5.753333
0.187482,6.300000,5.760000
0.187883,6.266666,5.673333
0.188284,6.193333,5.640000
0.188685,6.220000,5.746666
0.189086,6.133333,5.626667
0.189487,6.120000,5.600000
0.189890,6.126667,5.573333
0.190292,6.146667,5.520000
0.190693,6.093333,5.533333
0.191098,6.000000,5.473333
0.191499,6.106667,5.533333
0.191901,6.053333,5.586667
0.192302,6.000000,5.453333
0.192704,5.973333,5.413333
0.193105,5.953333,5.386667
0.193506,5.920000,5.260000
0.193908,5.920000,5.366667
0.194309,5.933333,5.353333
0.194712,5.740000,5.326667
0.195113,5.793334,5.273333
0.195514,5.800000,5.253333
0.195915,5.773333,5.246666
0.196316,5.760000,5.240000
0.196717,5.746666,5.166667
0.197119,5.620000,5.186666
0.197520,5.626667,5.166667
0.197921,5.773333,5.133333
0.198322,5.633333,5.153333
0.198723,5.640000,5.100000
0.199125,5.600000,5.066667
0.199527,5.600000,5.040000
0.199928,5.600000,5.060000
0.200330,5.546667,5.120000
0.200733,5.566667,5.060000
0.201134,5.500000,4.980000
0.201535,5.453333,4.946666
0.201936,5.420000,4.940000
0.202338,5.413333,4.886666
0.202739,5.393333,4.873333
0.203141,5.313333,4.860000
0.203544,5.366667,4.860000
0.203945,5.340000,4.853333
0.204347,5.326667,4.826666
0.204748,5.420000,4.793333
0.205149,5.306666,4.846666
0.205550,5.186666,4.720000
0.205953,5.393333,4.713333
0.206355,5.206666,4.706666
0.206756,5.206666,4.713333
0.207158,5.160000,4.680000
0.207560,5.133333,4.673333
0.207962,5.133333,4.620000
0.208363,5.093333,4.620000
0.208764,5.060000,4.600000
0.209166,5.073333,4.573333
0.209567,5.046667,4.540000
0.209968,5.026667,4.540000
0.210369,4.980000,4.520000
0.210770,4.946666,4.566667
0.211172,4.933333,4.553333
0.211573,4.953333,4.446667
0.211975,4.893333,4.446667
0.212376,4.886666,4.486666
0.212778,4.886666,4.413333
0.213180,5.006667,4.353333
0.213581,4.833333,4.373333
0.213982,4.780000,4.360000
0.214384,4.880000,4.326666
0.214786,4.773334,4.293333
0.215187,4.726666,4.280000
0.215588,4.726666,4.300000
0.215989,4.706666,4.266666
0.216390,4.686666,4.206666
0.216791,4.666667,4.213334
0.217194,4.693333,4.200000
0.217595,4.600000,4.293333
0.217997,4.626667,4.180000
0.218399,4.586667,4.106667
0.218801,4.540000,4.033333
0.219202,4.486666,4.066667
0.219603,4.660000,4.060000
0.220005,4.393333,4.040000
0.220406,4.486666,4.086667
0.220807,4.420000,3.980000
0.221208,4.446667,4.013333
0.221609,4.393333,3.980000
0.222010,4.486666,3.926666
0.222411,4.360000,3.906667
0.222813,4.266666,3.866667
0.223214,4.333333,3.900000
0.223615,4.313334,3.866667
0.224017,4.306667,3.866667
0.224418,4.273333,3.820000
0.224820,4.220000,3.833333
0.225221,4.266666,3.746666
0.225622,4.193333,3.820000
0.226024,4.240000,3.746666
0.226426,4.173333,3.713333
0.226828,4.180000,3.653333
0.227229,4.073333,3.673333
0.227632,4.140000,3.960000
0.228033,4.066667,3.660000
0.228434,3.973333,3.620000
0.228835,4.073333,3.593333
0.229236,4.053333,3.553333
0.229637,4.013333,3.546667
0.230038,4.006667,3.560000
0.230440,3.986666,3.520000
0.230841,3.953333,3.493333
0.231242,3.860000,3.493333
0.231643,3.920000,3.486667
0.232045,3.893333,3.473333
0.232446,3.906667,3.446667
0.232847,3.860000,3.420000
0.233248,3.786667,3.400000
0.233650,3.840000,3.393333
0.234052,3.746666,3.233333
0.234454,3.746666,3.400000
0.234855,3.740000,3.393333
0.235256,3.646667,3.313333
0.235657,3.706666,3.253333
0.236059,3.660000,3.313333
0.236460,3.893333,3.273333
0.236861,3.646667,3.240000
0.237263,3.620000,3.226667
0.237664,3.606667,3.226667
0.238065,3.600000,3.206667
0.238467,3.573333,3.193333
0.238868,3.533333,3.146667
0.239270,3.600000,3.193333
0.239671,3.493333,3.126667
0.240073,3.466666,3.133333
0.240474,3.460000,3.133333
0.240875,3.473333,3.100000
0.241276,3.446667,3.046667
0.241677,3.453333,3.066667
0.242078,3.406667,3.033333
0.242480,3.380000,2.986667
0.242881,3.340000,2.960000
0.243283,3.380000,2.993333
0.243684,3.333333,2.960000
0.244085,3.400000,2.966666
0.244487,3.346666,2.946667
0.244888,3.300000,2.893333
0.245289,3.266667,2.920000
0.245690,3.226667,2.880000
0.246092,3.226667,2.860000
0.246493,3.233333,2.840000
0.246894,3.206667,2.846667
0.247295,3.153333,2.946667
0.247698,3.266667,2.820000
0.248100,3.126667,2.786667
0.248501,3.133333,2.786667
0.248903,3.126667,2.773333
0.249304,3.106667,2.733333
0.249706,3.073333,2.713333
0.250107,3.046667,2.580000
0.250508,3.033333,2.686666
0.250909,3.026667,2.660000
0.251310,3.020000,2.586667
0.251712,2.980000,2.673333
0.252113,2.960000,2.626667
0.252514,2.953333,2.546667
0.252917,2.940000,2.700000
0.253319,2.893333,2.586667
0.253720,2.880000,2.553333
0.254121,2.860000,2.546667
0.254522,2.860000,2.540000
0.254924,2.946667,2.466667
0.255326,2.833333,2.613333
0.255727,2.813333,2.393333
0.256128,2.806667,2.393333
0.256529,2.786667,2.473333
0.256931,2.773333,2.446667
0.257332,2.773333,2.326667
0.257733,2.746667,2.386667
0.258134,2.706666,2.346667
0.258536,2.753333,2.406667
0.258939,2.700000,2.320000
0.259340,2.660000,2.360000
0.259742,2.640000,2.320000
0.260144,2.626667,2.326667
0.260545,2.633333,2.300000
0.260946,2.620000,2.280000
0.261347,2.613333,2.313333
0.261748,2.546667,2.260000
0.262150,2.546667,2.233333
0.262551,2.533333,2.253333
0.262952,2.520000,2.193333
0.263355,2.593333,2.153333
0.263756,2.493333,2.186667
0.264159,2.513333,2.180000
0.264561,2.446667,2.180000
0.264962,2.446667,2.140000
0.265363,2.413333,2.100000
0.265764,2.400000,2.093333
0.266166,2.406667,2.080000
0.266567,2.400000,2.080000
0.266969,2.380000,2.060000
0.267370,2.353333,2.053333
0.267771,2.353333,2.053333
0.268173,2.333333,2.000000
0.268574,2.246667,2.060000
0.268976,2.300000,2.000000
0.269377,2.253333,1.906667
0.269778,2.240000,1.973333
0.270180,2.233333,1.953333
0.270581,2.246667,1.960000
0.270983,2.313333,2.073333
0.271384,2.193333,1.926667
0.271785,2.186667,1.906667
0.272186,2.173333,1.906667
0.272587,2.213333,1.880000
0.272989,2.173333,1.860000
0.273390,2.146667,1.880000
0.273791,2.086667,1.813333
0.274193,2.106667,1.820000
0.274594,2.086667,1.793333
0.274995,2.060000,1.800000
0.275397,2.060000,1.773333
0.275798,2.086667,1.806667
0.276200,1.926667,1.746667
0.276602,2.013333,1.733333
0.277003,2.066667,1.733333
0.277404,1.953333,1.726667
0.277805,1.920000,1.686667
0.278207,1.926667,1.660000
0.278608,1.906667,1.820000
0.279010,1.953333,1.653333
0.279411,1.913333,1.680000
0.279813,1.893333,1.646667
0.280214,1.886667,1.666667
0.280617,1.886667,1.586667
0.281018,1.733333,1.720000
0.281420,1.880000,1.600000
0.281821,1.820000,1.586667
0.282222,1.813333,1.560000
0.282624,1.880000,1.560000
0.283025,1.766667,1.560000
0.283427,1.760000,1.513333
0.283828,1.733333,1.513333
0.284229,1.746667,1.460000
0.284632,1.746667,1.513333
0.285033,1.820000,1.493333
0.285434,1.740000,1.433333
0.285835,1.700000,1.460000
0.286237,1.653333,1.420000
0.286638,1.673333,1.360000
0.287040,1.686667,1.393333
0.287441,1.640000,1.453333
0.287842,1.613333,1.360000
0.288243,1.693333,1.380000
0.288644,1.580000,1.373333
0.289045,1.500000,1.473333
0.289446,1.566667,1.313333
0.289847,1.566667,1.360000
0.290248,1.613333,1.353333
0.290649,1.546667,1.326667
0.291051,1.546667,1.306667
0.291452,1.553333,1.293333
0.291855,1.493333,1.320000
0.292256,1.493333,1.286667
0.292657,1.506667,1.200000
0.293059,1.466667,1.266667
0.293460,1.466667,1.233333
0.293863,1.440000,1.206667
0.294265,1.400000,1.266667
0.294666,1.413333,1.220000
0.295067,1.400000,1.173333
0.295469,1.386667,1.220000
0.295870,1.386667,1.173333
0.296272,1.366667,1.166667
0.296673,1.520000,1.173333
0.297074,1.460000,1.133333
0.297475,1.326667,1.120000
0.297878,1.353333,1.066667
0.298280,1.313333,1.080000
0.298682,1.313333,1.093333
0.299083,1.286667,1.086667
0.299485,1.313333,1.046667
0.299886,1.293333,1.053333
0.300287,1.313333,1.046667
0.300688,1.253333,1.046667
0.301090,1.226667,1.033333
0.301491,1.240000,1.033333
0.301892,1.233333,1.020000
0.302293,1.200000,0.946667
0.302694,1.213333,0.993333
0.303099,1.213333,0.960000
0.303500,1.106667,0.980000
0.303901,1.126667,0.960000
0.304303,1.160000,1.033333
0.304705,1.146667,0.960000
0.305106,1.146667,0.960000
0.305507,1.113333,0.946667
0.305908,1.126667,0.980000
0.306309,1.113333,0.946667
0.306710,1.086667,0.946667
0.307112,1.086667,0.946667
0.307513,1.086667,0.946667
0.307914,1.086667,0.946667
0.308315,1.040000,0.946667
0.308716,1.060000,0.946667
0.309118,1.053333,0.946667
0.309519,1.026667,0.946667
0.309920,1.000000,0.946667
0.310321,1.026667,0.946667
0.310722,1.013333,0.946667
0.311125,0.993333,0.946667
0.311527,0.993333,0.946667
0.311929,0.966667,0.946667
0.312331,0.946667,0.946667
0.312732,1.026667,0.946667
0.313133,0.953333,1.093333
0.313534,0.953333,0.946667
0.313936,0.946667,0.946667
0.314337,0.946667,0.946667
0.314738,0.946667,0.946667
0.315140,0.946667,0.946667
0.315543,0.946667,0.946667
0.315945,0.946667,0.946667
0.316346,0.946667,0.946667
0.316747,0.946667,0.946667
0.317148,0.946667,0.946667
0.317550,0.946667,0.946667
0.317951,0.946667,0.946667
0.318353,0.973333,0.946667
0.318754,0.946667,0.946667
0.319156,0.946667,0.946667
0.319558,0.946667,0.946667
0.319959,0.946667,0.946667
0.320362,0.946667,0.946667
0.320763,0.946667,0.946667
0.321165,0.946667,0.946667
0.321566,0.946667,0.946667
0.321967,0.946667,0.946667
0.322369,0.946667,0.946667
0.322770,0.946667,0.946667
0.323172,0.946667,0.946667
0.323573,0.946667,0.946667
0.323975,0.946667,0.946667
0.324376,0.946667,0.946667
0.324777,0.946667,0.946667
0.325179,0.946667,0.946667
0.325580,0.946667,0.946667
0.325982,0.946667,0.946667
0.326384,0.946667,0.946667
0.326786,0.946667,0.946667
0.327187,0.946667,0.946667
0.327590,0.946667,0.946667
0.327991,0.946667,0.946667
0.328392,0.946667,0.946667
0.328793,0.946667,0.946667
0.329194,0.946667,0.946667
0.329595,0.946667,0.946667
0.329996,0.946667,0.946667
0.330397,0.946667,0.946667
0.330798,0.946667,0.946667
0.331200,0.946667,0.946667
0.331601,0.946667,0.946667
0.332003,0.946667,0.946667
0.332404,0.946667,0.946667
0.332805,0.946667,0.946667
0.333207,0.946667,0.946667
0.333608,0.946667,0.946667
0.334009,0.946667,0.946667
0.334410,0.946667,0.946667
0.334813,0.946667,0.946667
0.335215,0.946667,0.946667
0.335617,0.946667,0.946667
0.336018,0.946667,0.946667
0.336419,0.946667,0.946667
0.336820,0.946667,0.946667
0.337221,0.946667,0.946667
0.337622,0.946667,0.946667
0.338023,0.946667,0.946667
0.338425,0.946667,0.946667
0.338826,0.946667,0.946667
0.339228,0.946667,0.946667
0.339629,0.946667,0.946667
0.340030,0.946667,0.946667
0.340431,0.946667,0.946667
0.340832,0.946667,0.946667
0.341234,0.946667,0.946667
0.341635,0.946667,0.946667
0.342037,0.946667,0.946667
0.342438,0.946667,0.946667
0.342841,0.946667,0.946667
0.343242,0.946667,0.946667
0.343643,0.946667,0.946667
0.344045,0.946667,0.946667
0.344447,0.946667,0.946667
0.344848,0.946667,0.946667
0.345249,0.946667,0.946667
0.345651,0.946667,0.946667
0.346052,0.946667,0.946667
0.346453,0.946667,0.946667
0.346854,0.946667,0.946667
0.347255,0.946667,0.946667
0.347656,0.946667,0.946667
0.348057,0.946667,0.946667
0.348459,0.946667,0.946667
0.348861,0.946667,0.946667
0.349263,0.946667,0.946667
0.349665,0.946667,0.946667
0.350066,0.946667,0.946667
0.350467,0.946667,0.946667
0.350868,0.946667,0.946667
0.351269,0.946667,0.946667
0.351670,0.946667,0.946667
0.352072,0.946667,0.946667
0.352474,0.946667,0.946667
0.352875,0.946667,0.946667
0.353276,0.946667,0.946667
0.353678,0.946667,0.946667
0.354080,0.946667,0.946667
0.354481,0.946667,0.946667
0.354883,0.946667,0.946667
0.355285,0.946667,0.946667
0.355687,0.946667,0.946667
0.356088,0.946667,0.946667
0.356489,0.946667,0.946667
0.356890,0.946667,0.946667
0.357291,0.946667,0.946667
0.357694,0.946667,0.946667
0.358099,0.946667,0.946667
0.358500,0.946667,0.946667
0.358901,0.946667,0.946667
0.359303,0.946667,0.946667
0.359704,0.946667,0.946667
0.360105,0.946667,0.946667
0.360507,0.946667,0.946667
0.360908,0.946667,0.946667
0.361310,0.946667,0.946667
0.361712,0.946667,0.946667
0.362113,0.946667,0.946667
0.362514,0.946667,0.946667
0.362915,0.946667,0.946667
0.363317,0.946667,0.946667
0.363718,0.946667,0.946667
0.364119,0.946667,0.946667
0.364520,0.946667,0.946667
0.364923,0.946667,0.946667
0.365325,0.946667,0.946667
0.365727,0.946667,0.946667
0.366128,0.946667,0.946667
0.366529,0.946667,0.946667
0.366930,0.946667,0.946667
0.367331,0.946667,0.946667
0.367733,0.946667,0.946667
0.368134,0.946667,0.946667
0.368535,0.946667,0.946667
0.368936,0.946667,0.946667
0.369337,0.946667,0.946667
0.369738,0.946667,0.946667
0.370139,0.946667,0.946667
0.370540,0.946667,0.946667
0.370941,0.946667,0.946667
0.371342,0.946667,0.946667
0.371744,0.946667,0.946667
0.372145,0.946667,0.946667
0.372546,0.946667,0.946667
0.372947,0.946667,0.946667
0.373349,0.946667,0.946667
0.373750,0.946667,0.946667
0.374152,0.946667,0.946667
0.374553,0.946667,0.946667
0.374954,0.946667,0.946667
0.375355,0.946667,0.946667
0.375756,0.946667,0.946667
0.376158,0.946667,0.946667
0.376560,0.946667,0.946667
0.376962,0.946667,0.946667
0.377363,0.946667,0.946667
0.377764,0.946667,0.946667
0.378165,0.946667,0.946667
0.378566,0.946667,0.946667
0.378968,0.946667,0.946667
0.379370,0.946667,0.946667
0.379771,0.946667,0.946667
0.380172,0.946667,0.946667
0.380575,0.946667,0.946667
0.380976,0.946667,0.946667
0.381377,0.946667,0.946667
0.381780,0.946667,0.946667
0.382181,0.946667,0.946667
0.382582,0.946667,0.946667
0.382984,0.946667,0.946667
0.383385,0.946667,0.946667
0.383786,0.946667,0.946667
0.384187,0.946667,0.946667
0.384590,0.946667,0.946667
0.384991,0.946667,0.946667
0.385393,0.946667,0.946667
0.385794,0.946667,0.946667
0.386195,0.946667,0.946667
0.386598,0.946667,0.946667
0.386999,0.946667,0.946667
0.387401,0.946667,0.946667
0.387803,0.946667,0.946667
0.388205,0.946667,0.946667
0.388607,0.946667,0.946667
0.389009,0.946667,0.946667
0.389410,0.946667,0.946667
0.389812,0.946667,0.946667
0.390214,0.946667,0.946667
0.390617,0.946667,0.946667
0.391018,0.946667,0.946667
0.391419,0.946667,0.946667
0.391820,0.946667,0.946667
0.392221,0.946667,0.946667
0.392622,0.946667,0.946667
0.393024,0.946667,0.946667
0.393426,0.946667,0.946667
0.393828,0.946667,0.946667
0.394229,0.946667,0.946667
0.394631,0.946667,0.946667
0.395032,0.946667,0.946667
0.395433,0.946667,0.946667
0.395835,0.946667,0.946667
0.396236,0.946667,0.946667
0.396637,0.946667,0.946667
0.397039,0.946667,0.946667
0.397440,0.946667,0.946667
0.397841,0.946667,0.946667
0.398243,0.946667,0.946667
0.398644,0.946667,0.946667
0.399046,0.946667,0.946667
0.399448,0.946667,0.946667
0.399849,0.946667,0.946667
0.400251,0.946667,0.946667
0.400652,0.946667,0.946667
0.401053,0.946667,0.946667
0.401455,0.946667,0.946667
0.401857,0.946667,0.946667
0.402260,0.946667,0.946667
0.402661,0.946667,0.946667
0.403063,0.946667,0.946667
0.403464,0.946667,0.946667
0.403865,0.946667,0.946667
0.404266,0.946667,0.946667
0.404668,0.946667,0.946667
0.405069,0.946667,0.946667
0.405470,0.946667,0.946667
0.405871,0.946667,0.946667
0.406273,0.946667,0.946667
0.406674,0.946667,0.946667
0.407075,0.946667,0.946667
0.407476,0.946667,0.946667
0.407879,0.946667,0.946667
0.408281,0.946667,0.946667
0.408682,0.946667,0.946667
0.409084,0.946667,0.946667
0.409485,0.946667,0.946667
0.409886,0.946667,0.946667
0.410287,0.946667,0.946667
0.410689,0.946667,0.946667
0.411090,0.946667,0.946667
0.411491,0.946667,0.946667
0.411892,0.946667,0.946667
0.412294,0.946667,0.946667
0.412695,0.946667,0.946667
0.413099,0.946667,0.946667
0.413500,0.946667,0.946667
0.413901,0.946667,0.946667
0.414302,0.946667,0.946667
0.414703,0.946667,0.946667
0.415106,0.946667,0.946667
0.415507,0.946667,0.946667
0.415909,0.946667,0.946667
0.416310,0.946667,0.946667
0.416711,0.946667,0.946667
0.417113,0.946667,0.946667
0.417515,0.946667,0.946667
0.417916,0.946667,0.946667
0.418318,0.946667,0.946667
0.418719,0.946667,0.946667
0.419120,0.946667,0.946667
0.419521,0.946667,0.946667
0.419922,0.946667,0.946667
0.420323,0.946667,0.946667
0.420724,0.946667,0.946667
0.421126,0.946667,0.946667
0.421527,0.946667,0.946667
0.421928,0.946667,0.946667
0.422329,0.946667,0.946667
0.422730,0.946667,0.946667
0.423133,0.946667,0.946667
0.423534,0.946667,0.946667
0.423937,0.946667,0.946667
0.424338,0.946667,0.946667
0.424740,0.946667,0.946667
0.425141,0.946667,0.946667
0.425544,0.946667,0.946667
0.425945,0.946667,0.946667
0.426347,0.946667,0.946667
0.426748,0.946667,0.946667
0.427149,0.946667,0.946667
0.427551,0.946667,0.946667
0.427952,0.946667,0.946667
0.428354,0.946667,0.946667
0.428755,0.946667,0.946667
0.429158,0.946667,0.946667
0.429559,0.946667,0.946667
0.429960,0.946667,0.946667
0.430366,0.946667,0.946667
0.430767,0.946667,0.946667
0.431168,0.946667,0.946667
0.431569,0.946667,0.946667
0.431970,0.946667,0.946667
0.432371,0.946667,0.946667
0.432772,0.946667,0.946667
0.433173,0.960000,0.946667
0.433574,0.953333,0.946667
0.433976,0.973333,0.946667
0.434377,0.960000,0.946667
0.434780,0.946667,0.946667
0.435181,0.946667,0.946667
0.435582,0.953333,0.946667
0.435983,0.946667,0.946667
0.436384,0.960000,1.020000
0.436785,0.960000,0.946667
0.437187,0.986667,0.946667
0.437588,1.013333,0.946667
0.437990,1.046667,0.946667
0.438391,1.000000,0.946667
0.438792,1.006667,0.946667
0.439194,1.033333,0.946667
0.439595,1.033333,0.946667
0.439996,1.073333,0.946667
0.440398,1.033333,0.946667
0.440799,1.080000,0.946667
0.441201,1.073333,0.946667
0.441602,1.093333,0.946667
0.442004,1.113333,0.946667
0.442405,1.106667,0.946667
0.442806,1.146667,0.946667
0.443207,1.133333,0.946667
0.443608,1.140000,0.946667
0.444010,1.153333,0.973333
0.444411,1.213333,1.033333
0.444813,1.173333,1.006667
0.445214,1.193333,0.966667
0.445616,1.213333,0.986667
0.446017,1.206667,1.120000
0.446418,1.086667,1.006667
0.446819,1.266667,1.020000
0.447220,1.226667,0.946667
0.447621,1.266667,1.046667
0.448023,1.266667,1.040000
0.448424,1.313333,1.033333
0.448825,1.326667,1.053333
0.449227,1.300000,1.033333
0.449628,1.286667,1.093333
0.450030,1.360000,1.053333
0.450432,1.333333,1.120000
0.450833,1.353333,1.146667
0.451235,1.340000,1.146667
0.451636,1.326667,1.133333
0.452037,1.373333,1.126667
0.452439,1.273333,1.120000
0.452840,1.366667,1.206667
0.453241,1.393333,1.193333
0.453642,1.466667,1.200000
0.454044,1.360000,1.213333
0.454445,1.420000,1.160000
0.454846,1.440000,1.233333
0.455247,1.426667,1.286667
0.455649,1.526667,1.240000
0.456051,1.486667,1.300000
0.456453,1.486667,1.280000
0.456855,1.513333,1.240000
0.457256,1.533333,1.300000
0.457657,1.533333,1.240000
0.458059,1.546667,1.306667
0.458460,1.553333,1.326667
0.458861,1.613333,1.320000
0.459262,1.580000,1.373333
0.459664,1.580000,1.386667
0.460065,1.633333,1.380000
0.460466,1.613333,1.386667
0.460868,1.613333,1.400000
0.461269,1.686667,1.480000
0.461670,1.666667,1.420000
0.462072,1.686667,1.420000
0.462473,1.700000,1.440000
0.462874,1.706667,1.480000
0.463275,1.666667,1.466667
0.463676,1.686667,1.506667
0.464078,1.753333,1.493333
0.464480,1.766667,1.513333
0.464881,1.746667,1.560000
0.465282,1.753333,1.500000
0.465683,1.780000,1.480000
0.466085,2.033333,1.526667
0.466487,1.806667,1.560000
0.466888,1.813333,1.560000
0.467290,1.686667,1.613333
0.467692,1.840000,1.573333
0.468093,1.866667,1.620000
0.468494,1.900000,1.613333
0.468897,1.906667,1.646667
0.469298,1.906667,1.653333
0.469701,1.900000,1.693333
0.470103,1.933333,1.680000
0.470505,1.980000,1.660000
0.470906,1.960000,1.733333
0.471308,1.986667,1.840000
0.471709,1.986667,1.680000
0.472111,2.013333,1.773333
0.472512,2.120000,1.733333
0.472915,2.053333,1.740000
0.473316,2.033333,1.733333
0.473717,2.073333,1.820000
0.474119,2.086667,1.833333
0.474520,2.113333,1.820000
0.474922,2.120000,1.846667
0.475324,2.113333,1.866667
0.475726,2.133333,1.853333
0.476127,2.173333,1.906667
0.476528,2.206667,1.906667
0.476931,2.193333,1.900000
0.477332,2.200000,1.946667
0.477733,2.213333,1.880000
0.478134,2.180000,2.026667
0.478535,2.240000,1.940000
0.478936,2.313333,1.980000
0.479337,2.260000,1.993333
0.479738,2.300000,2.000000
0.480139,2.306667,1.973333
0.480540,2.353333,2.033333
0.480941,2.326667,1.980000
0.481343,2.320000,2.073333
0.481744,2.380000,2.073333
0.482145,2.400000,2.086667
0.482546,2.413333,2.100000
0.482948,2.433333,2.133333
0.483349,2.426666,2.100000
0.483750,2.506666,2.153333
0.484152,2.453333,2.126667
0.484553,2.486667,2.186667
0.484954,2.500000,2.206667
0.485356,2.533333,2.100000
0.485757,2.513333,2.193333
0.486159,2.506666,2.246667
0.486561,2.520000,2.253333
0.486962,2.666667,2.266667
0.487363,2.586667,2.280000
0.487764,2.600000,2.280000
0.488166,2.513333,2.333333
0.488567,2.620000,2.326667
0.488969,2.646667,2.313333
0.489370,2.686666,2.373333
0.489772,2.733333,2.460000
0.490173,2.700000,2.400000
0.490576,2.726667,2.400000
0.490977,2.746667,2.406667
0.491379,2.766667,2.426666
0.491780,2.793333,2.506666
0.492181,2.793333,2.460000
0.492582,2.786667,2.493333
0.492984,2.820000,2.553333
0.493386,2.853333,2.506666
0.493787,2.833333,2.553333
0.494188,2.820000,2.553333
0.494589,2.786667,2.540000
0.494990,2.913333,2.580000
0.495391,2.940000,2.606667
0.495794,2.953333,2.613333
0.496195,2.960000,2.626667
0.496598,2.960000,2.620000
0.496999,2.986667,2.626667
0.497400,2.953333,2.700000
0.497801,3.046667,2.720000
0.498202,3.040000,2.693333
0.498604,3.046667,2.713333
0.499006,3.060000,2.806667
0.499408,3.093333,2.453333
0.499811,3.080000,2.773333
0.500213,3.140000,2.780000
0.500615,3.146667,2.886667
0.501016,3.153333,2.800000
0.501418,3.200000,2.813333
0.501819,3.186666,2.880000
0.502220,3.220000,2.826667
0.502621,3.193333,2.873333
0.503023,3.293333,2.820000
0.503424,3.293333,2.873333
0.503825,3.220000,2.946667
0.504227,3.300000,2.980000
0.504628,3.313333,2.946667
0.505030,3.340000,2.980000
0.505431,3.280000,2.986667
0.505834,3.373333,3.133333
0.506235,3.420000,3.046667
0.506638,3.433333,3.046667
0.507039,3.406667,3.040000
0.507441,3.473333,3.100000
0.507842,3.480000,3.106667
0.508243,3.473333,3.133333
0.508644,3.506667,3.133333
0.509046,3.506667,3.133333
0.509448,3.533333,3.153333
0.509850,3.533333,3.140000
0.510252,3.480000,3.313333
0.510653,3.573333,3.193333
0.511054,3.620000,3.173333
0.511456,3.646667,3.240000
0.511857,3.673333,3.253333
0.512259,3.686666,3.293333
0.512661,3.686666,3.286667
0.513063,3.680000,3.313333
0.513464,3.740000,3.313333
0.513865,3.726667,3.346666
0.514267,3.773333,3.133333
0.514668,3.893333,3.326667
0.515070,3.833333,3.406667
0.515471,3.840000,3.400000
0.515872,3.846667,3.433333
0.516273,3.740000,3.440000
0.516674,3.906667,3.486667
0.517075,3.946667,3.486667
0.517477,3.946667,3.506667
0.517878,3.986666,3.520000
0.518281,3.973333,3.486667
0.518682,3.973333,3.626667
0.519084,4.053333,3.566667
0.519486,4.020000,3.606667
0.519887,4.060000,3.640000
0.520289,4.046667,3.653333
0.520691,4.113333,3.660000
0.521092,4.120000,3.660000
0.521494,4.106667,3.686666
0.521896,4.180000,3.713333
0.522298,4.186666,3.746666
0.522699,4.160000,3.746666
0.523100,4.186666,3.746666
0.523501,4.240000,3.826667
0.523902,4.240000,3.846667
0.524304,4.293333,3.660000
0.524705,4.266666,3.866667
0.525106,4.286666,3.873333
0.525508,4.340000,3.913333
0.525909,4.360000,3.900000
0.526310,4.340000,3.960000
0.526711,4.406667,3.940000
0.527112,4.413333,3.980000
0.527513,4.413333,4.013333
0.527914,4.346667,4.080000
0.528316,4.493333,4.020000
0.528717,4.480000,4.020000
0.529119,4.506667,4.053333
0.529520,4.546667,4.080000
0.529921,4.526667,4.100000
0.530323,4.460000,4.146667
0.530725,4.613333,4.153333
0.531127,4.633333,4.220000
0.531528,4.640000,4.186666
0.531931,4.660000,4.200000
0.532332,4.706666,4.206666
0.532733,4.713333,4.260000
0.533134,4.686666,4.260000
0.533535,4.720000,4.240000
0.533937,4.786666,4.326666
0.534340,4.733333,4.326666
0.534741,4.800000,4.366666
0.535143,4.820000,4.353333
0.535544,4.846666,4.360000
0.535945,4.886666,4.420000
0.536347,4.886666,4.433333
0.536748,4.920000,4.446667
0.537149,4.933333,4.446667
0.537550,4.940000,4.453333
0.537952,4.980000,4.480000
0.538354,5.006667,4.540000
0.538755,5.026667,4.540000
0.539158,5.053333,4.573333
0.539559,5.053333,4.146667
0.539960,5.166667,4.620000
0.540366,5.100000,4.640000
0.540767,5.106667,4.640000
0.541169,5.146667,4.660000
0.541570,5.153333,4.713333
0.541971,5.206666,4.693333
0.542373,5.200000,4.713333
0.542774,5.233334,4.733333
0.543175,5.226666,4.686666
0.543578,5.266667,4.786666
0.543979,5.320000,4.813333
0.544380,5.333333,4.746666
0.544781,5.360000,4.886666
0.545183,5.360000,4.966667
0.545585,5.366667,4.846666
0.545986,5.413333,4.886666
0.546388,5.440000,4.713333
0.546790,5.426667,4.926667
0.547192,5.466667,4.940000
0.547593,5.493333,5.046667
0.547995,5.433333,5.026667
0.548396,5.533333,5.033333
0.548797,5.573333,5.033333
0.549199,5.606667,5.060000
0.549602,5.606667,5.080000
0.550003,5.626667,5.113333
0.550404,5.640000,5.146667
0.550805,5.693333,5.153333
0.551207,5.686666,5.160000
0.551609,5.766666,5.160000
0.552011,5.613333,5.186666
0.552412,5.766666,5.273333
0.552813,5.826667,5.253333
0.553214,5.806666,5.240000
0.553615,5.833333,5.293334
0.554016,5.846666,5.366667
0.554418,5.813333,5.333333
0.554819,5.880000,5.360000
0.555220,5.953333,5.366667
0.555621,6.026667,5.426667
0.556023,6.026667,5.426667
0.556424,5.920000,5.440000
0.556825,5.980000,5.473333
0.557227,6.053333,5.486667
0.557628,6.093333,5.520000
0.558029,6.100000,5.500000
0.558431,6.133333,5.566667
0.558832,6.126667,5.546667
0.559233,6.120000,5.920000
0.559635,6.186666,5.600000
0.560037,6.213333,5.640000
0.560438,6.226666,5.660000
0.560839,6.253334,5.713333
0.561241,6.233333,5.686666
0.561642,6.286667,5.706666
0.562043,6.306666,5.760000
0.562444,6.340000,5.760000
0.562847,6.373333,5.793334
0.563248,6.420000,5.880000
0.563651,6.413333,5.853333
0.564052,6.473333,5.766666
0.564454,6.466667,5.846666
0.564856,6.466667,5.900000
0.565258,6.453333,5.920000
0.565661,6.526666,5.940000
0.566063,6.533333,5.946667
0.566465,6.566667,5.980000
0.566868,6.613333,6.033333
0.567269,6.660000,6.020000
0.567670,6.666667,6.040000
0.568071,6.706667,6.100000
0.568473,6.740000,6.113333
0.568874,6.726666,6.106667
0.569276,6.886666,6.146667
0.569679,6.806667,6.140000
0.570080,6.840000,6.053333
0.570481,6.826667,6.200000
0.570882,6.966666,6.286667
0.571283,6.893333,6.260000
0.571684,6.906667,6.413333
0.572085,6.940000,6.260000
0.572486,6.933333,6.300000
0.572888,7.173333,6.326666
0.573289,6.980000,6.360000
0.573690,7.033333,6.380000
0.574091,7.066666,6.446667
0.574492,7.066666,6.393333
0.574894,7.086666,6.433333
0.575297,7.126667,6.466667
0.575699,7.186666,6.480000
0.576100,7.173333,6.533333
0.576503,7.193333,6.346667
0.576904,7.233334,6.620000
0.577305,7.226666,6.640000
0.577707,7.260000,6.740000
0.578108,7.313333,6.666667
0.578510,7.293333,6.700000
0.578912,7.333333,6.713333
0.579313,7.353333,6.740000
0.579716,7.386667,6.713333
0.580118,7.526666,6.740000
0.580519,7.393333,6.806667
0.580920,7.453333,6.846666
0.581321,7.506667,6.906667
0.581722,7.513333,6.866666
0.582124,7.553333,6.873333
0.582525,7.559999,6.893333
0.582928,7.593334,6.940000
0.583329,7.600000,6.973333
0.583730,7.606667,7.020000
0.584132,7.673333,7.020000
0.584533,7.640000,6.986666
0.584936,7.686666,7.033333
0.585338,7.733333,7.113333
0.585741,7.746666,7.086666
0.586142,7.813334,7.086666
0.586545,7.793334,7.153333
0.586946,7.853333,7.160000
0.587347,7.933333,7.160000
0.587748,7.886666,7.180000
0.588149,7.880000,7.200000
0.588550,7.886666,7.260000
0.588952,7.866666,7.266667
0.589355,7.940000,7.266667
0.589756,8.006666,7.300000
0.590158,8.106667,7.233334
0.590559,8.040000,7.373333
0.590961,8.066667,7.373333
0.591366,8.080000,7.406666
0.591767,8.106667,7.306666
0.592168,8.153334,7.513333
0.592571,8.160000,7.486667
0.592972,8.213333,7.506667
0.593374,8.226666,7.506667
0.593775,8.253333,7.486667
0.594176,8.286667,7.573333
0.594579,8.306666,7.513333
0.594981,8.320000,7.660000
0.595383,8.366667,7.653333
0.595784,8.393332,7.686666
0.596186,8.413333,7.686666
0.596587,8.306666,7.720000
0.596989,8.340000,7.753333
0.597390,8.566667,7.726667
0.597793,8.513332,7.786666
0.598194,8.520000,7.806666
0.598595,8.560000,7.846667
0.598996,8.566667,7.840000
0.599397,8.599999,7.873333
0.599798,8.633333,7.886666
0.600200,8.660000,7.906666
0.600603,8.586666,7.946667
0.601004,8.693334,7.926667
0.601405,8.740000,8.073333
0.601808,8.706666,7.966667
0.602209,8.753333,8.040000
0.602611,8.793333,8.126666
0.603012,8.800000,8.026667
0.603413,8.780000,8.106667
0.603814,8.806666,8.133333
0.604216,8.866667,8.066667
0.604617,8.960000,8.206666
0.605018,9.013333,8.179999
0.605420,8.906666,8.213333
0.605821,8.986667,8.253333
0.606222,9.033333,8.273334
0.606625,9.073333,8.300000
0.607026,9.099999,8.320000
0.607427,9.093333,8.373333
0.607828,9.140000,8.366667
0.608229,9.166666,8.386666
0.608630,9.193333,8.313333
0.609031,9.226666,8.506666
0.609432,9.226666,8.486667
0.609834,9.233333,8.460000
0.610235,9.273334,8.400000
0.610636,9.320000,8.540000
0.611037,9.306666,8.566667
0.611438,9.346666,8.566667
0.611840,9.406667,8.593333
0.612241,9.346666,8.620000
0.612644,9.460000,8.626667
0.613045,9.580000,8.680000
0.613447,9.413333,8.706666
0.613848,9.540000,8.740000
0.614249,9.466666,8.740000
0.614650,9.526667,8.833333
0.615052,9.606667,8.800000
0.615453,9.626666,8.760000
0.615855,9.653333,8.820000
0.616256,9.673333,8.880000
0.616659,9.680000,8.866667
0.617060,9.753333,8.933333
0.617462,9.740000,8.973332
0.617863,9.786667,8.920000
0.618265,9.873333,9.000000
0.618666,9.813334,9.006666
0.619068,9.833333,9.066667
0.619469,9.893332,9.093333
0.619870,9.920000,9.093333
0.620272,9.953333,9.173333
0.620673,9.966666,9.106667
0.621075,9.959999,9.346666
0.621477,10.093333,9.173333
0.621878,10.006667,9.186666
0.622280,10.013333,9.213333
0.622681,10.093333,9.246666
0.623083,10.093333,9.253333
0.623485,10.113333,9.280000
0.623887,10.186666,9.293333
0.624289,10.186666,9.286667
0.624692,10.206667,9.346666
0.625098,10.226666,9.346666
0.625499,10.286666,9.440000
0.625901,10.219999,9.346666
0.626303,10.320000,9.480000
0.626705,10.320000,9.480000
0.627107,10.380000,9.553333
0.627510,10.386666,9.520000
0.627911,10.413333,9.553333
0.628313,10.419999,9.613334
0.628715,10.440000,9.600000
0.629117,10.480000,9.646667
0.629518,10.500000,9.646667
0.629919,10.526667,9.706666
0.630321,10.506666,9.706666
0.630723,10.559999,9.766666
0.631125,10.653334,9.780000
0.631526,10.646667,9.766666
0.631927,10.660000,9.806666
0.632328,10.666667,9.793333
0.632729,10.679999,9.860000
0.633131,10.733334,9.860000
0.633532,10.746666,9.800000
0.633933,10.820000,9.900000
0.634335,10.820000,9.800000
0.634736,10.800000,9.926666
0.635138,10.853333,9.993333
0.635540,10.906667,10.000000
0.635943,10.886666,9.993333
0.636345,10.793333,10.059999
0.636746,11.060000,10.106667
0.637148,10.966666,10.306666
0.637550,11.020000,10.140000
0.637951,11.020000,10.160000
0.638353,11.046666,10.153333
0.638754,11.000000,10.226666
0.639155,11.146667,10.200000
0.639557,11.139999,10.233333
0.639958,11.146667,10.260000
0.640360,11.186666,10.266666
0.640762,11.193334,10.320000
0.641164,11.280000,10.340000
0.641565,11.193334,10.346666
0.641966,11.293333,10.400000
0.642368,11.300000,10.373333
0.642769,11.333333,10.440000
0.643172,11.320000,10.460000
0.643573,11.373333,10.440000
0.643975,11.406666,10.526667
0.644377,11.453334,10.546666
0.644779,11.453334,10.580000
0.645180,11.473332,10.586667
0.645581,11.500000,10.600000
0.645983,11.546666,10.620000
0.646384,11.453334,10.660000
0.646787,11.573333,10.700000
0.647189,11.546666,10.746666
0.647590,11.626666,10.580000
0.647992,11.660000,10.759999
0.648394,11.700000,10.786667
0.648795,11.700000,10.773334
0.649197,11.760000,10.773334
0.649598,11.726666,10.840000
0.650000,11.773334,10.840000
0.650401,11.933332,10.840000
0.650802,11.833333,10.900000
0.651203,11.833333,10.926667
0.651604,11.886666,10.933333
0.652005,11.900000,10.946666
0.652406,11.920000,10.940000
0.652807,11.960000,11.020000
0.653208,11.960000,11.020000
0.653610,11.986667,11.526667
0.654012,12.046667,11.079999
0.654413,12.059999,11.093333
0.654814,12.046667,11.139999
0.655216,12.146667,11.186666
0.655617,12.120000,11.200000
0.656019,12.186666,11.206666
0.656421,12.193333,11.233333
0.656822,12.219999,11.253333
0.657223,12.246667,11.266666
0.657626,12.393332,11.300000
0.658027,12.286667,11.320000
0.658428,12.326666,11.300000
0.658829,12.266666,11.339999
0.659230,12.426666,11.386666
0.659631,12.353333,11.380000
0.660032,12.420000,11.420000
0.660434,12.453333,11.326667
0.660835,12.459999,11.346666
0.661237,12.506667,11.493333
0.661638,12.513333,11.513333
0.662039,12.513333,11.526667
0.662441,12.573334,11.393333
0.662842,12.559999,11.559999
0.663243,12.599999,11.580000
0.663644,12.700000,11.666666
0.664045,12.646667,11.633333
0.664446,12.706667,11.620000
0.664847,12.620000,11.693333
0.665250,12.640000,11.720000
0.665652,12.706667,11.726666
0.666053,12.766666,11.773334
0.666454,12.786666,11.799999
0.666855,12.799999,11.793333
0.667257,12.853333,11.826667
0.667658,12.853333,11.846666
0.668059,13.000000,11.879999
0.668460,12.926666,11.926666
0.668861,12.919999,11.913333
0.669262,13.006666,11.926666
0.669663,12.993333,11.940000
0.670065,13.006666,11.973333
0.670466,13.053332,11.986667
0.670868,13.040000,12.013333
0.671269,13.093333,12.059999
0.671670,13.106667,12.066666
0.672071,13.126666,12.066666
0.672472,13.139999,12.126666
0.672873,13.173333,12.120000
0.673274,13.186666,12.206666
0.673675,13.220000,12.226666
0.674076,13.259999,12.240000
0.674478,13.280000,12.246667
0.674879,13.253333,12.246667
0.675281,13.313333,12.280000
0.675682,13.333333,12.360000
0.676084,13.360000,12.339999
0.676485,13.386665,12.360000
0.676886,13.360000,12.420000
0.677287,13.446666,12.420000
0.677690,13.393333,12.426666
0.678092,13.473332,12.459999
0.678493,13.500000,12.506667
0.678895,13.553333,12.506667
0.679296,13.553333,12.506667
0.679697,13.579999,12.526666
0.680099,13.620000,12.546666
0.680500,13.513332,12.586666
0.680903,13.653334,12.593333
0.681305,13.673334,12.626667
0.681706,13.686666,12.620000
0.682107,13.700000,12.646667
0.682510,13.740001,12.766666
0.682911,13.759999,12.706667
0.683312,13.793333,12.726666
0.683713,13.806667,12.766666
0.684114,13.820000,12.766666
0.684515,13.860000,12.799999
0.684916,13.860000,12.826667
0.685317,13.886666,12.840000
0.685719,13.906666,12.886666
0.686121,13.966666,12.946667
0.686522,14.020000,12.946667
0.686923,14.020000,12.926666
0.687324,14.006667,12.926666
0.687726,14.053333,12.953333
0.688127,14.140000,12.993333
0.688528,14.120000,13.013333
0.688929,14.059999,13.100000
0.689330,14.160000,13.080000
0.689731,14.099999,13.113333
0.690132,14.166666,13.100000
0.690533,14.200001,13.120000
0.690934,14.219999,13.213333
0.691335,14.253333,13.286667
0.691736,14.259999,13.193333
0.692139,14.226666,13.213333
0.692540,14.286666,13.266666
0.692943,14.340000,13.253333
0.693346,14.333334,13.286667
0.693747,14.360000,13.306666
0.694148,14.413333,13.326666
0.694551,14.433332,13.379999
0.694952,14.586666,13.366667
0.695353,14.426666,13.379999
0.695754,14.486667,13.393333
0.696155,14.520000,13.413334
0.696556,14.573334,13.413334
0.696957,14.546666,13.433333
0.697359,14.600000,13.473332
0.697760,14.626666,13.633333
0.698161,14.633332,13.526667
0.698562,14.659999,13.546667
0.698964,14.666667,13.559999
0.699365,14.626666,13.593333
0.699767,14.713333,13.606666
0.700169,14.719999,13.573333
0.700571,14.740000,13.626666
0.700972,14.880000,13.653334
0.701373,14.880000,13.733333
0.701775,14.806666,13.653334
0.702178,14.846666,13.606666
0.702579,14.860001,13.720000
0.702982,14.940000,13.906666
0.703383,14.886666,13.813334
0.703784,14.926667,14.039999
0.704186,14.933333,13.820000
0.704587,14.940000,13.833333
0.704989,15.046666,13.873334
0.705390,15.020000,13.906666
0.705791,15.020000,13.906666
0.706192,15.106667,13.933332
0.706593,15.113333,13.933332
0.706995,15.153333,13.979999
0.707396,15.133333,13.993333
0.707797,15.186667,13.999999
0.708199,15.213333,13.999999
0.708600,15.233334,14.033333
0.709002,15.246666,14.053333
0.709403,15.260000,14.073334
0.709804,15.293332,14.113334
0.710206,15.353333,14.120000
0.710607,15.346666,14.173332
0.711009,15.366667,14.173332
0.711411,15.386667,14.239999
0.711812,15.359999,14.233333
0.712214,15.406667,14.180000
0.712615,15.406667,14.266667
0.713016,15.453334,14.280000
0.713417,15.333333,14.233333
0.713819,15.440000,14.200001
0.714220,15.493332,14.346666
0.714621,15.493332,14.346666
0.715022,15.573333,14.386666
0.715423,15.573333,14.386666
0.715824,15.619999,14.386666
0.716226,15.619999,14.439999
0.716627,15.653334,14.459999
0.717028,15.686666,14.439999
0.717429,15.666666,14.493333
0.717830,15.720000,14.520000
0.718231,15.706666,14.466667
0.718634,15.760000,14.540000
0.719036,15.760000,14.520000
0.719437,15.853333,14.606667
0.719839,15.753332,14.626666
0.720240,15.853333,14.580000
0.720641,15.853333,14.640000
0.721043,15.906666,14.633332
0.721445,15.873333,14.633332
0.721846,15.973332,14.753333
0.722248,15.933333,14.699999
0.722649,15.973332,14.693333
0.723050,15.819999,14.746666
0.723451,16.053333,14.766665
0.723852,16.073334,14.786666
0.724253,16.053333,14.780000
0.724654,16.106665,14.873333
0.725055,16.106665,14.873333
0.725457,16.126665,14.919999
0.725858,16.173334,14.813333
0.726259,16.133333,14.906667
0.726660,16.193333,14.926667
0.727061,16.180000,14.926667
0.727462,16.259998,14.953333
0.727865,16.266666,14.953333
0.728267,16.273333,14.933333
0.728668,16.273333,15.126667
0.729069,16.299999,14.953333
0.729471,16.320000,15.073333
0.729872,16.353333,15.106667
0.730274,16.493332,15.206666
0.730675,16.379999,15.146667
0.731077,16.433332,15.166667
0.731479,16.406666,15.146667
0.731880,16.453333,15.193334
0.732281,16.460001,15.219999
0.732682,16.493332,15.240000
0.733083,16.519999,15.240000
0.733484,16.566666,15.253334
0.733887,16.553333,15.273333
0.734288,16.580000,15.273333
0.734689,16.486666,15.326667
0.735090,16.593334,15.293332
0.735491,16.613333,15.346666
0.735894,16.633331,15.393333
0.736295,16.693333,15.379999
0.736696,16.673332,15.480000
0.737099,16.706667,15.500000
0.737500,16.920000,15.433333
0.737901,16.740000,15.480000
0.738302,16.773333,15.460000
0.738703,16.786665,15.579999
0.739105,16.733334,15.513332
0.739507,16.846666,15.500000
0.739908,16.820000,15.546666
0.740309,16.846666,15.573333
0.740710,16.826666,15.579999
0.741112,16.860001,15.573333
0.741513,16.879999,15.606667
0.741914,16.906666,15.639999
0.742315,16.906666,15.626667
0.742716,16.920000,15.660000
0.743118,16.926666,15.673333
0.743519,16.933332,15.893333
0.743921,16.959999,15.720000
0.744322,16.953333,15.733333
0.744724,17.000000,15.760000
0.745126,17.019999,15.780001
0.745528,16.946667,15.819999
0.745930,17.046665,15.839999
0.746332,17.059999,15.819999
0.746733,17.093332,15.839999
0.747136,17.159998,15.900000
0.747537,17.080000,15.886665
0.747939,17.133333,15.913334
0.748341,17.120001,15.913334
0.748743,17.146666,15.926666
0.749145,17.166666,15.940000
0.749546,17.173332,15.980000
0.749947,17.193333,15.993333
0.750348,17.273333,16.006666
0.750749,17.179998,15.973332
0.751151,17.253334,16.039999
0.751553,17.279999,16.039999
0.751954,17.279999,16.026667
0.752356,17.286665,16.039999
0.752758,17.273333,16.099998
0.753159,17.326666,16.133333
0.753560,17.419998,16.119999
0.753961,17.346666,16.160000
0.754363,17.360001,16.160000
0.754765,17.340000,16.253332
0.755166,17.400000,16.173334
0.755567,17.400000,16.279999
0.755968,17.459999,16.200001
0.756370,17.373333,16.219999
0.756772,17.459999,16.273333
0.757173,17.459999,16.279999
0.757574,17.473333,16.279999
0.757975,17.500000,16.299999
0.758376,17.513334,16.353333
0.758778,17.586666,16.313334
0.759180,17.539999,16.373333
0.759581,17.566666,16.373333
0.759983,17.600000,16.393333
0.760385,17.613333,16.480000
0.760787,17.553331,16.466667
0.761188,17.633333,16.420000
0.761589,17.580000,16.440001
0.761990,17.699999,16.506666
0.762392,17.693333,16.519999
0.762793,17.699999,16.480000
0.763194,17.713333,16.506666
0.763595,17.746666,16.506666
0.763996,17.813332,16.526667
0.764397,17.766666,16.539999
0.764798,17.820000,16.586666
0.765200,17.766666,16.619999
0.765602,17.773333,16.586666
0.766003,17.813332,16.619999
0.766405,17.833332,16.619999
0.766807,17.846666,16.639999
0.767209,17.866667,16.706667
0.767610,17.840000,16.673332
0.768012,17.913334,16.680000
0.768413,17.886667,16.726667
0.768814,17.920000,16.533333
0.769215,17.959999,16.733334
0.769617,17.959999,16.786665
0.770019,17.953333,16.719999
0.770421,17.993332,16.700001
0.770823,17.986666,16.786665
0.771224,17.986666,16.786665
0.771626,18.020000,16.833334
0.772027,18.113333,16.806665
0.772428,17.953333,16.833334
0.772829,18.040001,16.740000
0.773231,18.066666,16.860001
0.773632,18.073332,16.833334
0.774034,18.093332,16.900000
0.774436,18.113333,16.900000
0.774837,18.113333,16.900000
0.775238,18.106667,16.886665
0.775639,18.240000,16.920000
0.776040,18.146666,16.913332
0.776441,18.199999,16.946667
0.776843,18.180000,16.959999
0.777245,18.219999,16.993334
0.777646,18.193333,17.113333
0.778047,18.206665,16.966667
0.778448,18.240000,16.993334
0.778849,18.240000,16.980000
0.779251,18.240000,17.013332
0.779653,18.393333,17.019999
0.780054,18.133333,17.033333
0.780455,18.213333,17.039999
0.780856,18.293333,17.113333
0.781259,18.206665,17.053333
0.781660,18.333332,17.080000
0.782062,18.306667,17.100000
0.782464,18.346666,17.126667
0.782865,18.379999,17.126667
0.783266,18.359999,17.153332
0.783668,18.379999,17.166666
0.784070,18.379999,17.126667
0.784471,18.393333,17.179998
0.784873,18.400000,17.173332
0.785274,18.406666,17.173332
0.785675,18.406666,17.193333
0.786076,18.453333,17.213333
0.786477,18.453333,17.253334
0.786878,18.493332,17.240000
0.787280,18.500000,17.260000
0.787681,18.513332,17.253334
0.788083,18.520000,17.306665
0.788484,18.533333,17.219999
0.788885,18.533333,17.139999
0.789287,18.539999,17.306665
0.789688,18.453333,17.233334
0.790090,18.573334,17.326666
0.790491,18.593332,17.333332
0.790892,18.613333,17.333332
0.791294,18.599998,17.366667
0.791696,18.626665,17.346666
0.792099,18.619999,17.413332
0.792500,18.633333,17.380001
0.792901,18.633333,17.393333
0.793302,18.660000,17.366667
0.793703,18.686666,17.419998
0.794105,18.673334,17.459999
0.794506,18.706667,17.539999
0.794907,18.733332,17.459999
0.795308,18.740000,17.486666
0.795709,18.740000,17.466665
0.796111,18.753332,17.313332
0.796513,18.719999,17.473333
0.796914,18.626665,17.473333
0.797315,18.773333,17.473333
0.797717,18.773333,17.500000
0.798119,18.779999,17.520000
0.798520,18.806667,17.533333
0.798921,18.820000,17.539999
0.799322,18.826666,17.539999
0.799724,18.840000,17.500000
0.800126,18.779999,17.606667
0.800527,18.846666,17.600000
0.800929,18.893333,17.606667
0.801331,18.859999,17.653334
0.801733,18.826666,17.626667
0.802134,18.893333,17.619999
0.802535,18.900000,17.660000
0.802936,18.886665,17.660000
0.803338,18.926666,17.746666
0.803739,18.953333,17.666666
0.804140,18.940001,17.673332
0.804541,19.006666,17.686666
0.804942,18.906666,17.686666
0.805344,19.053333,17.679998
0.805745,18.986666,17.699999
0.806147,18.879999,17.666666
0.806548,18.993332,17.726665
0.806949,19.039999,17.746666
0.807350,19.006666,17.746666
0.807751,19.059999,17.746666
0.808153,19.026667,17.813332
0.808554,19.033333,17.859999
0.808956,19.013332,17.846666
0.809357,19.033333,17.900000
0.809759,19.093334,17.813332
0.810160,19.086666,17.780001
0.810561,19.086666,17.813332
0.810963,19.066666,17.813332
0.811365,19.119999,17.813332
0.811766,19.119999,17.826666
0.812167,19.119999,17.853333
0.812568,19.119999,17.840000
0.812969,19.133331,17.859999
0.813371,19.146666,17.873333
0.813772,19.206667,17.879999
0.814173,19.186666,17.886667
0.814575,19.219999,17.893333
0.814976,19.206667,17.906668
0.815378,19.160000,17.886667
0.815779,19.219999,17.913334
0.816180,19.233334,17.906668
0.816581,19.226667,17.820000
0.816982,19.233334,17.946665
0.817383,19.240000,17.926666
0.817785,19.246666,17.840000
0.818186,19.246666,18.006666
0.818588,19.253332,17.926666
0.818989,19.253332,17.966665
0.819391,19.279999,18.006666
0.819792,19.266666,17.906668
0.820193,19.299999,17.986666
0.820594,19.299999,17.980000
0.820995,19.326666,18.000000
0.821396,19.206667,18.020000
0.821797,19.326666,17.900000
0.822199,19.346666,18.053333
0.822600,19.206667,18.020000
0.823002,19.446667,17.973333
0.823404,19.360001,18.033333
0.823807,19.360001,18.040001
0.824208,19.373333,18.073332
0.824609,19.373333,18.086666
0.825011,19.393332,18.093332
0.825412,19.406666,18.079998
0.825814,19.413332,18.079998
0.826216,19.413332,18.099998
0.826617,19.379999,18.066666
0.827019,19.446667,18.066666
0.827421,19.400000,18.106667
0.827822,19.426666,18.079998
0.828224,19.426666,18.119999
0.828626,19.446667,18.119999
0.829027,19.413332,18.086666
0.829429,19.466667,18.139999
0.829830,19.539999,18.146666
0.830232,19.506666,18.199999
0.830633,19.473333,18.166666
0.831035,19.466667,18.020000
0.831437,19.480000,18.186666
0.831839,19.500000,18.160000
0.832240,19.500000,18.160000
0.832641,19.553333,18.180000
0.833042,19.506666,18.180000
0.833443,19.459999,18.186666
0.833844,19.493334,18.186666
0.834246,19.546665,18.253332
0.834647,19.566666,18.199999
0.835049,19.526665,18.233332
0.835451,19.559999,18.193333
0.835852,19.573334,18.246666
0.836254,19.553333,18.240000
0.836655,19.580000,18.226665
0.837057,19.573334,18.226665
0.837458,19.573334,18.233332
0.837859,19.620001,18.240000
0.838261,19.693333,18.106667
0.838662,19.606667,18.286667
0.839064,19.546665,18.273333
0.839466,19.633333,18.273333
0.839868,19.613333,18.273333
0.840269,19.620001,18.273333
0.840671,19.626667,18.253332
0.841073,19.633333,18.266666
0.841474,19.673332,18.273333
0.841875,19.673332,18.306667
0.842276,19.653332,18.273333
0.842677,19.679998,18.280001
0.843079,19.633333,18.320000
0.843480,19.620001,18.286667
0.843882,19.706667,18.333332
0.844284,19.679998,18.299999
0.844685,19.659998,18.413334
0.845086,19.699999,18.333332
0.845487,19.666666,18.333332
0.845888,19.659998,18.320000
0.846289,19.706667,18.346666
0.846690,19.620001,18.333332
0.847091,19.706667,18.346666
0.847493,19.653332,18.333332
0.847895,19.726667,18.333332
0.848296,19.713333,18.339998
0.848697,19.699999,18.339998
0.849099,19.713333,18.366667
0.849500,19.740000,18.353333
0.849901,19.726667,18.366667
0.850302,19.719999,18.260000
0.850703,19.719999,18.353333
0.851105,19.740000,18.346666
0.851506,19.779999,18.393333
0.851907,19.719999,18.366667
0.852309,19.760000,18.366667
0.852710,19.726667,18.199999
0.853112,19.746666,18.393333
0.853513,19.693333,18.393333
0.853915,19.766666,18.400000
0.854316,19.746666,18.373333
0.854717,19.746666,18.400000
0.855119,19.766666,18.379999
0.855520,19.746666,18.346666
0.855921,19.766666,18.359999
0.856322,19.793333,18.400000
0.856724,19.760000,18.400000
0.857126,19.766666,18.400000
0.857527,19.753334,18.406666
0.857929,19.779999,18.400000
0.858330,19.773333,18.406666
0.858732,19.779999,18.406666
0.859133,19.760000,18.413334
0.859534,19.813332,18.400000
0.859935,19.779999,18.440001
0.860337,19.853333,18.459999
0.860738,19.833332,18.406666
0.861139,19.799999,18.406666
0.861540,19.713333,18.393333
0.861942,19.779999,18.373333
0.862343,19.799999,18.446667
0.862745,19.820000,18.446667
0.863146,19.826666,18.400000
0.863547,19.806665,18.420000
0.863948,19.813332,18.459999
0.864349,19.740000,18.440001
0.864750,19.693333,18.440001
0.865152,19.813332,18.440001
0.865553,19.779999,18.426666
0.865954,19.833332,18.413334
0.866355,19.813332,18.440001
0.866757,19.813332,18.453333
0.867159,19.733334,18.459999
0.867560,19.840000,18.526667
0.867961,19.833332,18.413334
0.868363,19.826666,18.466665
0.868764,19.833332,18.453333
0.869166,19.873333,18.473331
0.869567,19.806665,18.466665
0.869969,19.846666,18.459999
0.870371,19.833332,18.473331
0.870772,19.826666,18.453333
0.871173,19.820000,18.466665
0.871574,19.820000,18.533333
0.871975,19.833332,18.473331
0.872376,19.840000,18.473331
0.872778,19.846666,18.446667
0.873179,19.820000,18.520000
0.873580,19.840000,18.493332
0.873982,19.840000,18.453333
0.874383,19.840000,18.459999
0.874784,19.880001,18.453333
0.875185,19.840000,18.420000
0.875586,19.826666,18.393333
0.875987,19.826666,18.440001
0.876388,19.853333,18.459999
0.876789,19.826666,18.440001
0.877190,19.840000,18.586666
0.877592,19.820000,18.426666
0.877993,19.833332,18.466665
0.878394,19.806665,18.459999
0.878796,19.826666,18.459999
0.879198,19.840000,18.473331
0.879599,19.833332,18.453333
0.880000,19.866667,18.520000
0.880401,19.766666,18.459999
0.880802,19.966665,18.459999
0.881203,19.773333,18.513332
0.881605,19.826666,18.440001
0.882006,19.813332,18.446667
0.882407,19.806665,18.506666
0.882808,19.820000,18.473331
0.883210,19.813332,18.253332
0.883612,19.806665,18.420000
0.884013,19.813332,18.426666
0.884414,19.813332,18.266666
0.884815,19.733334,18.553333
0.885216,19.853333,18.446667
0.885617,19.779999,18.446667
0.886019,19.799999,18.486666
0.886420,19.886667,18.466665
0.886821,19.813332,18.406666
0.887223,19.786665,18.426666
0.887624,19.793333,18.413334
0.888026,19.779999,18.293333
0.888428,19.813332,18.400000
0.888829,19.806665,18.426666
0.889230,19.820000,18.453333
0.889632,19.806665,18.406666
0.890035,19.793333,18.400000
0.890437,19.773333,18.493332
0.890839,19.793333,18.406666
0.891240,19.786665,18.400000
0.891642,19.799999,18.426666
0.892043,19.746666,18.400000
0.892444,19.779999,18.406666
0.892845,19.760000,18.406666
0.893247,19.786665,18.400000
0.893648,19.766666,18.400000
0.894049,19.880001,18.406666
0.894450,19.760000,18.400000
0.894851,19.740000,18.400000
0.895253,19.740000,18.366667
0.895655,19.733334,18.393333
0.896057,19.733334,18.359999
0.896459,19.719999,18.386665
0.896860,19.799999,18.359999
0.897261,19.740000,18.393333
0.897662,19.713333,18.353333
0.898064,19.740000,18.346666
0.898466,19.719999,18.339998
0.898868,19.713333,18.353333
0.899269,19.733334,18.353333
0.899670,19.706667,18.379999
0.900071,19.706667,18.346666
0.900473,19.706667,18.339998
0.900875,19.699999,18.346666
0.901276,19.706667,18.339998
0.901677,19.733334,18.353333
0.902078,19.726667,18.273333
0.902480,19.686666,18.313334
0.902881,19.659998,18.326666
0.903282,19.679998,18.326666
0.903683,19.639999,18.320000
0.904084,19.653332,18.333332
0.904486,19.653332,18.266666
0.904887,19.726667,18.306667
0.905288,19.666666,18.320000
0.905690,19.639999,18.339998
0.906091,19.626667,18.293333
0.906493,19.639999,18.306667
0.906894,19.626667,18.266666
0.907295,19.639999,18.280001
0.907696,19.633333,18.253332
0.908099,19.613333,18.326666
0.908502,19.606667,18.266666
0.908904,19.626667,18.260000
0.909306,19.620001,18.206665
0.909707,19.539999,18.273333
0.910108,19.606667,18.233332
0.910510,19.606667,18.146666
0.910911,19.573334,18.233332
0.911312,19.573334,18.233332
0.911713,19.586666,18.233332
0.912114,19.613333,18.226665
0.912516,19.573334,18.199999
0.912918,19.533333,18.193333
0.913319,19.646666,18.219999
0.913720,19.559999,18.206665
0.914121,19.646666,18.206665
0.914522,19.533333,18.199999
0.914923,19.506666,18.199999
0.915324,19.500000,18.166666
0.915726,19.573334,18.160000
0.916127,19.519999,18.173334
0.916529,19.453333,18.153334
0.916930,19.480000,18.160000
0.917331,19.473333,18.146666
0.917733,19.473333,18.139999
0.918134,19.480000,18.146666
0.918535,19.559999,18.199999
0.918936,19.473333,18.146666
0.919338,19.480000,18.086666
0.919740,19.439999,18.133333
0.920142,19.433332,18.106667
0.920543,19.426666,18.093332
0.920945,19.453333,18.086666
0.921347,19.426666,18.106667
0.921748,19.406666,18.086666
0.922150,19.393332,18.160000
0.922552,19.373333,18.093332
0.922954,19.393332,18.166666
0.923355,19.379999,18.086666
0.923756,19.373333,18.079998
0.924158,19.346666,18.073332
0.924559,19.400000,18.079998
0.924960,19.353334,17.993332
0.925362,19.353334,17.859999
0.925764,19.333334,18.020000
0.926166,19.360001,18.033333
0.926567,19.320000,18.020000
0.926968,19.313334,18.006666
0.927370,19.326666,18.033333
0.927772,19.200001,17.953333
0.928173,19.286665,18.000000
0.928574,19.259998,18.000000
0.928975,19.286665,18.000000
0.929376,19.279999,18.000000
0.929777,19.299999,17.980000
0.930178,19.279999,17.886667
0.930580,19.253332,17.920000
0.930981,19.233334,17.939999
0.931382,19.233334,17.933332
0.931783,19.219999,17.906668
0.932185,19.233334,17.906668
0.932587,19.206667,17.893333
0.932989,19.226667,17.926666
0.933390,19.213333,17.886667
0.933792,19.259998,17.873333
0.934193,19.193333,17.873333
0.934594,19.200001,17.879999
0.934995,19.166666,17.939999
0.935397,19.133331,17.873333
0.935798,19.153332,17.840000
0.936200,19.180000,17.846666
0.936601,19.113333,17.859999
0.937002,19.226667,17.813332
0.937403,19.080000,17.813332
0.937804,19.119999,17.799999
0.938206,19.153332,17.773333
0.938607,19.119999,17.780001
0.939008,19.073334,17.833332
0.939409,19.033333,17.826666
0.939811,19.059999,17.626667
0.940213,19.046667,17.760000
0.940614,19.033333,17.746666
0.941016,19.059999,17.760000
0.941417,19.006666,17.740000
0.941818,19.013332,17.733334
0.942220,19.006666,17.746666
0.942621,18.986666,17.746666
0.943023,18.973333,17.660000
0.943424,18.940001,17.619999
0.943826,18.993332,17.686666
0.944227,18.926666,17.873333
0.944629,18.946667,17.660000
0.945030,18.846666,17.639999
0.945432,18.960001,17.653334
0.945833,18.900000,17.600000
0.946235,18.893333,17.613333
0.946636,19.006666,17.613333
0.947037,18.853333,17.639999
0.947439,18.866665,17.613333
0.947841,18.859999,17.493334
0.948243,18.859999,17.606667
0.948645,18.853333,17.593332
0.949047,18.846666,17.533333
0.949448,18.813334,17.520000
0.949849,18.820000,17.520000
0.950250,18.799999,17.526667
0.950651,18.793333,17.486666
0.951052,18.766666,17.486666
0.951453,18.726665,17.473333
0.951854,18.733332,17.400000
0.952255,18.753332,17.473333
0.952656,18.733332,17.459999
0.953057,18.700001,17.453333
0.953458,18.706667,17.406666
0.953859,18.666666,17.413332
0.954261,18.680000,17.433332
0.954662,18.673334,17.413332
0.955063,18.653334,17.400000
0.955464,18.626665,17.419998
0.955866,18.639999,17.366667
0.956267,18.673334,17.253334
0.956668,18.639999,17.346666
0.957070,18.619999,17.306665
0.957471,18.599998,17.346666
0.957873,18.586666,17.346666
0.958275,18.586666,17.333332
0.958677,18.566668,17.306665
0.959078,18.566668,17.286665
0.959479,18.566668,17.306665
0.959880,18.500000,17.279999
0.960282,18.533333,17.266666
0.960683,18.533333,17.279999
0.961084,18.506666,17.253334
0.961486,18.493332,17.120001
0.961887,18.453333,17.266666
0.962288,18.466665,17.240000
0.962690,18.459999,17.233334
0.963091,18.440001,17.193333
0.963492,18.440001,17.219999
0.963893,18.406666,17.186666
0.964295,18.413334,17.139999
0.964696,18.400000,17.159998
0.965099,18.400000,17.120001
0.965500,18.359999,17.113333
0.965901,18.346666,17.106667
0.966302,18.373333,17.120001
0.966704,18.333332,17.086666
0.967106,18.320000,17.059999
0.967507,18.326666,17.100000
0.967909,18.286667,16.906666
0.968311,18.280001,16.959999
0.968712,18.313334,17.066666
0.969113,18.240000,17.013332
0.969514,18.240000,17.053333
0.969916,18.206665,16.993334
0.970318,18.226665,16.980000
0.970719,18.233332,16.959999
0.971120,18.173334,16.939999
0.971522,18.160000,16.933332
0.971923,18.206665,16.926666
0.972324,18.180000,16.980000
0.972725,18.146666,17.033333
0.973126,18.146666,16.913332
0.973527,18.066666,16.893332
0.973928,18.139999,16.873333
0.974329,18.086666,16.873333
0.974731,18.053333,16.873333
0.975132,18.053333,16.840000
0.975533,18.040001,16.840000
0.975934,18.040001,16.840000
0.976335,18.026667,16.826666
0.976736,18.013332,16.826666
0.977138,17.920000,16.793333
0.977539,17.973333,16.786665
0.977941,17.926666,16.766666
0.978342,17.953333,16.759998
0.978743,17.879999,16.759998
0.979146,17.933332,16.759998
0.979549,17.893333,16.740000
0.979950,17.886667,16.733334
0.980351,17.900000,16.680000
0.980752,17.879999,16.726667
0.981153,17.859999,16.706667
0.981555,17.840000,16.633331
0.981957,17.833332,16.653332
0.982358,17.826666,16.619999
0.982759,17.813332,16.573334
0.983160,17.793333,16.586666
0.983561,17.766666,16.586666
0.983963,17.786667,16.586666
0.984365,17.753334,16.546667
0.984766,17.740000,16.353333
0.985167,17.679998,16.519999
0.985568,17.706665,16.606667
0.985969,17.673332,16.519999
0.986370,17.886667,16.519999
0.986772,17.653334,16.373333
0.987174,17.660000,16.480000
0.987576,17.660000,16.533333
0.987977,17.619999,16.446667
0.988379,17.646667,16.420000
0.988780,17.546665,16.413332
0.989181,17.539999,16.440001
0.989582,17.506666,16.126665
0.989983,17.526667,16.326666
0.990384,17.513334,16.333334
0.990786,17.506666,16.253332
0.991187,17.473333,16.273333
0.991588,17.446667,16.266666
0.991989,17.446667,16.193333
0.992391,17.439999,16.253332
0.992793,17.446667,16.200001
0.993194,17.400000,16.200001
0.993595,17.393333,16.166666
0.993997,17.380001,16.160000
0.994399,17.360001,16.193333
0.994801,17.346666,16.160000
0.995202,17.233334,16.126665
0.995603,17.320000,16.133333
0.996004,17.320000,16.099998
0.996406,17.279999,16.026667
0.996809,17.246666,16.059999
0.997211,17.299999,16.099998
0.997612,17.266666,16.039999
0.998013,17.153332,15.980000
0.998414,17.193333,15.960000
0.998815,17.186666,16.000000
0.999216,17.173332,15.920000
0.999618,17.166666,15.940000
1.000019,17.133333,15.920000
1.000420,17.120001,15.913334
1.000822,17.086666,15.853333
1.001223,17.073334,15.860000
1.001624,17.059999,15.853333
1.002026,17.000000,15.873333
1.002428,17.046665,15.826667
1.002829,17.073334,15.693334
1.003230,17.026665,15.746666
1.003631,16.980000,15.746666
1.004032,16.959999,15.700000
1.004433,16.959999,15.726666
1.004834,16.939999,15.726666
1.005236,16.920000,15.886665
1.005637,17.039999,15.740000
1.006038,16.959999,15.653334
1.006440,16.946667,15.673333
1.006841,16.893332,15.639999
1.007242,16.886665,15.599999
1.007644,16.826666,15.573333
1.008045,16.833334,15.566667
1.008446,16.833334,15.633333
1.008847,16.813334,15.466666
1.009248,16.799999,15.546666
1.009650,16.786665,15.486666
1.010052,16.779999,15.513332
1.010453,16.740000,15.466666
1.010854,16.740000,15.426665
1.011255,16.719999,15.466666
1.011656,16.680000,15.413333
1.012057,16.653332,15.226665
1.012459,16.639999,15.340000
1.012860,16.619999,15.320001
1.013262,16.600000,15.466666
1.013663,16.460001,15.320001
1.014065,16.553333,15.306666
1.014467,16.580000,15.280000
1.014868,16.533333,15.320001
1.015269,16.519999,15.260000
1.015672,16.480000,15.219999
1.016073,16.486666,15.219999
1.016474,16.446667,15.186667
1.016876,16.420000,15.179999
1.017278,16.426666,15.159999
1.017679,16.393333,15.206666
1.018080,16.426666,15.139999
1.018481,16.440001,15.200000
1.018882,16.333334,15.073333
1.019283,16.306667,14.953333
1.019684,16.320000,14.953333
1.020085,16.279999,14.953333
1.020486,16.266666,15.219999
1.020887,16.253332,14.693333
1.021288,16.173334,14.953333
1.021689,16.059999,14.953333
1.022091,16.180000,14.953333
1.022492,16.126665,14.880000
1.022894,16.293333,14.886666
1.023295,16.106665,14.853333
1.023696,16.099998,14.873333
1.024099,16.086666,14.820000
1.024500,16.020000,14.793334
1.024901,16.020000,14.766665
1.025302,16.020000,14.733334
1.025703,15.986667,14.706667
1.026105,15.980000,14.753333
1.026506,15.980000,14.640000
1.026908,15.920000,14.666667
1.027310,15.879999,14.626666
1.027713,15.879999,14.919999
1.028114,15.833333,14.633332
1.028515,15.866667,14.600000
1.028916,15.819999,14.546666
1.029317,15.799999,14.553333
1.029718,15.760000,14.540000
1.030119,15.693334,14.553333
1.030520,15.746666,14.520000
1.030921,15.700000,14.520000
1.031323,15.706666,14.513333
1.031725,15.639999,14.446667
1.032126,15.606667,14.420000
1.032528,15.626667,14.406667
1.032931,15.593333,14.386666
1.033333,15.566667,14.353333
1.033734,15.533333,14.326666
1.034135,15.453334,14.373332
1.034536,15.500000,14.266667
1.034939,15.486666,14.333334
1.035340,15.453334,14.293333
1.035741,15.413333,14.253333
1.036143,15.540000,14.253333
1.036544,15.393333,14.246667
1.036945,15.393333,14.200001
1.037347,15.373333,14.180000
1.037750,15.353333,14.226666
1.038152,15.306666,14.020000
1.038553,15.320001,14.133332
1.038954,15.233334,14.120000
1.039355,15.280000,14.066666
1.039756,15.233334,14.080000
1.040158,15.213333,14.053333
1.040559,15.200000,14.039999
1.040961,15.193334,13.993333
1.041365,15.153333,13.993333
1.041766,15.233334,14.020000
1.042168,15.113333,13.926666
1.042570,15.026666,14.013333
1.042971,14.953333,13.893333
1.043372,15.013333,13.893333
1.043773,15.126667,13.933332
1.044174,14.913333,13.820000
1.044575,14.946667,13.806667
1.044977,15.119999,13.806667
1.045379,14.899999,13.820000
1.045781,14.880000,13.786667
1.046184,14.846666,13.733333
1.046586,14.860001,13.706666
1.046987,14.699999,13.713332
1.047389,14.786666,13.653334
1.047790,14.759999,13.646666
1.048192,14.773334,13.620000
1.048593,14.713333,13.626666
1.048994,14.706667,13.586667
1.049396,14.686666,13.539999
1.049798,14.679999,13.559999
1.050200,14.659999,13.559999
1.050601,14.600000,13.493333
1.051003,14.573334,13.493333
1.051404,14.566666,13.486667
1.051805,14.499999,13.466666
1.052207,14.573334,13.440000
1.052608,14.499999,13.466666
1.053010,14.499999,13.379999
1.053411,14.446667,13.226666
1.053814,14.446667,13.320000
1.054215,14.413333,13.320000
1.054616,14.373332,13.286667
1.055018,14.340000,13.240000
1.055419,14.293333,13.240000
1.055820,14.140000,13.200000
1.056221,14.293333,13.226666
1.056622,14.306665,13.226666
1.057024,14.246667,13.173333
1.057426,14.233333,13.133333
1.057828,14.219999,13.120000
1.058229,14.173332,13.113333
1.058632,14.173332,13.120000
1.059033,14.173332,13.106667
1.059435,14.140000,13.040000
1.059836,14.099999,13.080000
1.060238,14.073334,13.020000
1.060640,14.006667,12.953333
1.061041,14.026667,12.980000
1.061443,13.999999,12.860000
1.061844,13.993333,12.919999
1.062247,13.973332,12.906667
1.062648,13.960000,12.820000
1.063050,13.966666,12.840000
1.063452,13.839999,12.826667
1.063853,14.046667,12.786666
1.064254,13.833333,12.793333
1.064655,13.799999,12.766666
1.065056,13.779999,12.719999
1.065457,13.779999,12.733333
1.065858,13.766666,12.679999
1.066260,13.726666,12.673333
1.066661,13.673334,12.693334
1.067063,13.753333,12.633333
1.067464,13.680000,12.593333
1.067865,13.613334,12.586666
1.068267,13.613334,12.580000
1.068668,13.593333,12.520000
1.069070,13.566667,12.553333
1.069471,13.539999,12.493333
1.069873,13.520000,12.520000
1.070274,13.513332,12.446667
1.070675,13.559999,12.466666
1.071076,13.513332,12.453333
1.071477,13.440000,12.400000
1.071878,13.353333,12.426666
1.072280,13.293333,12.360000
1.072683,13.240000,12.393332
1.073084,13.313333,12.306666
1.073485,13.306666,12.293333
1.073886,13.286667,12.520000
1.074287,13.273334,12.233334
1.074688,13.280000,12.246667
1.075090,13.200000,12.213333
1.075491,13.100000,12.153333
1.075892,13.173333,12.186666
1.076293,13.120000,12.066666
1.076694,13.120000,12.080000
1.077099,13.066667,12.066666
1.077501,13.080000,12.066666
1.077902,13.059999,12.033333
1.078303,13.059999,11.986667
1.078704,12.993333,11.946667
1.079105,12.860000,11.966666
1.079506,12.926666,11.980000
1.079907,12.933333,11.953333
1.080308,12.906667,11.920000
1.080709,12.886666,11.900000
1.081111,12.913333,11.806666
1.081512,12.846666,11.833333
1.081913,12.799999,11.799999
1.082315,12.766666,11.760000
1.082717,12.793333,11.733333
1.083119,12.760000,11.746666
1.083520,12.713333,11.760000
1.083921,12.673333,11.700000
1.084322,12.673333,11.653334
1.084724,12.626667,11.626666
1.085125,12.606667,11.606667
1.085526,12.580000,11.580000
1.085927,12.593333,11.593333
1.086329,12.546666,11.539999
1.086730,12.473333,11.539999
1.087132,12.506667,11.533333
1.087533,12.520000,11.473332
1.087934,12.453333,11.453334
1.088335,12.426666,11.513333
1.088738,12.346666,11.446667
1.089139,12.493333,11.366667
1.089540,12.346666,11.360000
1.089941,12.286667,11.353333
1.090343,12.286667,11.326667
1.090744,12.273333,11.333333
1.091146,12.246667,11.219999
1.091547,12.246667,11.233333
1.091948,12.213333,11.200000
1.092350,12.213333,11.193334
1.092752,12.166667,11.160000
1.093153,12.200000,11.166666
1.093554,12.066666,11.173333
1.093956,12.066666,11.120000
1.094357,12.026667,11.079999
1.094759,12.020000,11.013332
1.095160,11.986667,11.006666
1.095561,11.913333,11.000000
1.095962,11.906667,10.953333
1.096363,11.893333,10.966666
1.096764,11.866666,10.900000
1.097165,11.826667,10.906667
1.097567,11.746666,10.893332
1.097968,11.813333,10.853333
1.098370,11.799999,10.860000
1.098771,11.746666,10.840000
1.099173,11.726666,10.840000
1.099574,11.713333,10.780000
1.099975,11.693333,10.666667
1.100377,11.666666,10.753333
1.100779,11.593333,10.740000
1.101180,11.593333,10.666667
1.101581,11.606667,10.679999
1.101982,11.546666,10.666667
1.102383,11.539999,10.540000
1.102786,11.520000,10.580000
1.103187,11.513333,10.566667
1.103588,11.486667,10.526667
1.103989,11.493333,10.526667
1.104390,11.380000,10.486666
1.104793,11.413333,10.460000
1.105194,11.333333,10.493333
1.105596,11.300000,10.453333
1.105997,11.360000,10.413333
1.106398,11.273333,10.380000
1.106799,11.286666,10.406667
1.107201,11.233333,10.353333
1.107602,11.193334,10.320000
1.108003,11.206666,10.293333
1.108404,11.139999,10.286666
1.108805,11.153333,10.246666
1.109207,11.139999,10.200000
1.109608,11.113334,10.200000
1.110010,11.066667,10.179999
1.110411,11.046666,10.020000
1.110812,11.020000,10.333333
1.111213,11.000000,10.166666
1.111614,10.986667,10.080000
1.112016,10.933333,10.053333
1.112418,10.906667,10.059999
1.112819,10.886666,10.053333
1.113220,10.853333,9.993333
1.113621,10.813333,9.993333
1.114023,10.806666,9.946667
1.114424,10.806666,9.913333
1.114825,10.740000,9.906666
1.115228,10.746666,9.873333
1.115630,10.860000,9.839999
1.116031,10.673333,9.806666
1.116433,10.673333,9.793333
1.116835,10.600000,9.793333
1.117236,10.613333,9.706666
1.117637,10.606667,9.706666
1.118038,10.580000,9.719999
1.118439,10.520000,9.700000
1.118840,10.493333,9.686666
1.119241,10.513333,9.653333
1.119642,10.486666,9.653333
1.120043,10.433333,9.613334
1.120445,10.446667,9.566666
1.120847,10.400000,9.586666
1.121248,10.360000,9.526667
1.121649,10.340000,9.506666
1.122051,10.486666,9.499999
1.122452,10.253333,9.346666
1.122853,10.233333,9.346666
1.123254,10.173333,9.346666
1.123655,10.213333,9.346666
1.124057,10.200000,9.346666
1.124459,10.160000,9.326667
1.124861,10.126667,9.280000
1.125263,10.133333,9.280000
1.125664,10.113333,9.246666
1.126066,10.106667,9.260000
1.126467,10.093333,9.200000
1.126868,10.026666,9.179999
1.127269,10.020000,9.093333
1.127670,9.966666,9.173333
1.128072,9.946667,9.120000
1.128473,9.933333,9.093333
1.128876,9.900000,9.086667
1.129277,9.866667,9.013333
1.129679,9.893332,9.026667
1.130080,9.880000,9.033333
1.130481,9.793333,8.973332
1.130883,9.780000,8.920000
1.131285,9.733334,8.913333
1.131686,9.706666,8.913333
1.132087,9.600000,8.913333
1.132489,9.653333,8.880000
1.132891,9.666667,8.913333
1.133292,9.613334,8.780000
1.133693,9.559999,8.800000
1.134099,9.586666,8.753333
1.134500,9.526667,8.740000
1.134902,9.486667,8.726666
1.135303,9.520000,8.693334
1.135705,9.493333,8.593333
1.136106,9.400000,8.660000
1.136508,9.346666,8.653333
1.136910,9.433332,8.566667
1.137312,9.286667,8.533333
1.137713,9.346666,8.740000
1.138114,9.346666,8.546666
1.138516,9.246666,8.506666
1.138917,9.260000,8.553333
1.139319,9.200000,8.480000
1.139721,9.173333,8.413333
1.140122,9.213333,8.420000
1.140524,9.133333,8.393332
1.140925,9.140000,8.379999
1.141327,9.106667,8.340000
1.141728,9.059999,8.320000
1.142130,8.986667,8.300000
1.142532,8.993333,8.286667
1.142933,9.013333,8.246666
1.143335,8.986667,8.226666
1.143736,8.946667,8.146667
1.144139,8.920000,8.206666
1.144540,8.913333,8.153334
1.144941,8.793333,8.120000
1.145342,8.893333,8.086667
1.145743,8.820000,8.053332
1.146145,8.773333,8.026667
1.146546,8.813334,7.966667
1.146948,8.706666,8.040000
1.147349,8.866667,7.973333
1.147750,8.639999,7.960000
1.148152,8.666666,8.020000
1.148553,8.633333,7.926667
1.148954,8.593333,7.866666
1.149355,8.593333,7.866666
1.149756,8.566667,7.860000
1.150158,8.560000,7.840000
1.150560,8.493334,7.793334
1.150961,8.480000,7.726667
1.151362,8.473333,7.753333
1.151763,8.466666,7.613333
1.152165,8.400000,7.686666
1.152567,8.400000,7.673333
1.152969,8.393332,7.706666
1.153371,8.373333,7.600000
1.153772,8.313333,7.633333
1.154173,8.306666,7.720000
1.154576,8.246666,7.520000
1.154978,8.366667,7.540000
1.155379,8.226666,7.633333
1.155780,8.153334,7.520000
1.156182,8.286667,7.473333
1.156583,8.120000,7.346666
1.156985,8.120000,7.480000
1.157387,8.086667,7.413333
1.157788,8.040000,7.353333
1.158189,8.053332,7.346666
1.158590,8.026667,7.333333
1.158991,7.993333,7.313333
1.159393,8.033334,7.346666
1.159794,7.960000,7.260000
1.160196,7.926667,7.219999
1.160597,7.973333,7.233334
1.160999,7.860000,7.186666
1.161400,7.860000,7.233334
1.161801,7.793334,7.146667
1.162202,7.826667,7.146667
1.162604,7.720000,7.153333
1.163005,7.753333,7.093333
1.163407,7.806666,7.140000
1.163808,7.700000,7.100000
1.164209,7.740000,6.893333
1.164611,7.660000,7.000000
1.165012,7.640000,6.946667
1.165414,7.620000,6.940000
1.165815,7.573333,6.906667
1.166216,7.559999,6.893333
1.166618,7.526666,6.893333
1.167019,7.513333,6.866666
1.167421,7.520000,6.860000
1.167823,7.446666,6.820000
1.168224,7.413333,6.800000
1.168625,7.440000,6.800000
1.169026,7.373333,6.726666
1.169427,7.380000,6.720000
1.169829,7.340000,6.720000
1.170231,7.320000,6.680000
1.170632,7.280000,6.653333
1.171033,7.286667,6.613333
1.171435,7.213333,6.593333
1.171836,7.219999,6.626667
1.172238,7.173333,6.526666
1.172639,7.160000,6.546667
1.173040,7.146667,6.466667
1.173441,7.140000,6.460000
1.173842,7.080000,6.466667
1.174243,7.073333,6.433333
1.174645,7.033333,6.406667
1.175046,7.006667,6.380000
1.175447,6.980000,6.346667
1.175848,6.973333,6.313334
1.176250,6.953333,6.306666
1.176651,6.986666,6.286667
1.177052,6.940000,6.260000
1.177453,6.893333,6.233333
1.177854,6.886666,6.260000
1.178256,6.833333,6.220000
1.178657,6.813333,6.186666
1.179059,6.806667,6.126667
1.179460,6.766666,6.113333
1.179861,6.593333,6.240000
1.180263,6.773334,6.086667
1.180664,6.686666,6.086667
1.181065,6.666667,6.040000
1.181466,6.640000,6.033333
1.181867,6.633333,6.013333
1.182268,6.620000,5.973333
1.182669,6.573333,5.940000
1.183070,6.533333,5.946667
1.183472,6.500000,5.920000
1.183873,6.486667,5.906666
1.184274,6.460000,5.873333
1.184675,6.393333,5.846666
1.185077,6.406667,5.846666
1.185479,6.420000,5.820000
1.185881,6.346667,5.760000
1.186282,6.320000,5.766666
1.186683,6.300000,5.773333
1.187085,6.320000,5.746666
1.187486,6.286667,5.706666
1.187888,6.226666,5.673333
1.188290,6.206666,5.673333
1.188691,6.393333,5.613333
1.189093,6.153333,5.560000
1.189494,6.213333,5.560000
1.189895,6.126667,5.586667
1.190296,6.093333,5.533333
1.190697,6.093333,5.566667
1.191099,6.046667,5.506666
1.191502,6.033333,5.486667
1.191903,5.966666,5.473333
1.192305,6.006667,5.440000
1.192706,5.980000,5.426667
1.193107,5.946667,5.393333
1.193508,5.913333,5.353333
1.193910,5.913333,5.206666
1.194312,5.880000,5.213333
1.194714,5.840000,5.273333
1.195115,5.840000,5.273333
1.195516,5.853333,5.273333
1.195918,5.693333,5.240000
1.196320,5.760000,5.340000
1.196722,5.726667,5.200000
1.197123,5.713333,5.180000
1.197525,5.720000,5.180000
1.197926,5.640000,5.093333
1.198327,5.640000,5.120000
1.198730,5.626667,5.120000
1.199132,5.613333,5.060000
1.199533,5.586667,5.060000
1.199934,5.626667,5.060000
1.200335,5.526667,4.906667
1.200737,5.520000,5.120000
1.201139,5.520000,4.980000
1.201540,5.493333,4.980000
1.201943,5.406666,4.920000
1.202345,5.466667,4.920000
1.202746,5.426667,4.966667
1.203148,5.400000,4.886666
1.203549,5.340000,4.846666
1.203950,5.346666,4.813333
1.204351,5.300000,4.813333
1.204752,5.353333,4.786666
1.205153,5.200000,4.773334
1.205554,5.320000,4.813333
1.205957,5.400000,4.713333
1.206358,5.253333,4.740000
1.206761,5.206666,4.693333
1.207162,5.186666,4.526667
1.207564,5.146667,4.640000
1.207965,5.100000,4.640000
1.208368,5.080000,4.626667
1.208769,5.066667,4.593333
1.209171,5.073333,4.573333
1.209572,5.020000,4.553333
1.209973,5.033333,4.553333
1.210375,5.013333,4.513333
1.210776,4.966667,4.486666
1.211179,5.013333,4.480000
1.211580,4.866667,4.480000
1.211981,4.906667,4.413333
1.212383,4.886666,4.386666
1.212784,4.906667,4.400000
1.213187,5.053333,4.360000
1.213588,4.800000,4.333333
1.213990,4.793333,4.426666
1.214392,4.780000,4.186666
1.214795,4.746666,4.266666
1.215196,4.740000,4.266666
1.215598,4.720000,4.286666
1.215999,4.706666,4.246667
1.216401,4.680000,4.226666
1.216802,4.633333,4.206666
1.217205,4.653333,4.173333
1.217607,4.606667,4.173333
1.218008,4.600000,4.266666
1.218409,4.566667,4.100000
1.218810,4.546667,4.086667
1.219212,4.526667,4.080000
1.219614,4.513333,4.080000
1.220015,4.513333,4.053333
1.220417,4.426666,4.053333
1.220818,4.446667,4.006667
1.221220,4.440000,4.000000
1.221621,4.406667,4.013333
1.222023,4.460000,3.960000
1.222424,4.300000,3.940000
1.222825,4.440000,3.953333
1.223227,4.306667,3.920000
1.223628,4.313334,3.900000
1.224030,4.280000,3.866667
1.224431,4.260000,3.853333
1.224833,4.280000,3.833333
1.225234,4.226666,3.746666
1.225635,4.226666,3.746666
1.226037,4.180000,3.700000
1.226439,4.166667,3.806666
1.226840,4.153333,3.700000
1.227241,4.140000,3.593333
1.227642,4.133333,3.673333
1.228044,4.106667,3.673333
1.228446,4.080000,3.646667
1.228848,4.073333,3.546667
1.229249,4.033333,3.693333
1.229650,4.026666,3.573333
1.230052,4.013333,3.593333
1.230453,4.000000,3.520000
1.230854,3.966667,3.613333
1.231255,3.846667,3.513333
1.231658,3.933333,3.493333
1.232060,3.880000,3.486667
1.232461,3.873333,3.473333
1.232862,3.866667,3.580000
1.233263,3.853333,3.393333
1.233664,3.846667,3.380000
1.234066,3.826667,3.386667
1.234468,3.666667,3.346666
1.234869,3.780000,3.313333
1.235271,3.726667,3.320000
1.235672,3.713333,3.313333
1.236073,3.600000,3.366667
1.236475,3.633333,3.300000
1.236877,3.660000,3.280000
1.237280,3.573333,3.240000
1.237682,3.580000,3.220000
1.238084,3.593333,3.226667
1.238485,3.553333,3.226667
1.238886,3.546667,3.186666
1.239288,3.540000,3.160000
1.239689,3.546667,3.126667
1.240090,3.480000,3.126667
1.240491,3.500000,3.100000
1.240892,3.480000,3.106667
1.241295,3.440000,3.060000
1.241696,3.420000,3.053333
1.242098,3.420000,3.046667
1.242500,3.373333,3.013333
1.242901,3.386667,3.000000
1.243302,3.326667,3.020000
1.243703,3.340000,3.000000
1.244105,3.273333,2.946667
1.244506,3.300000,2.960000
1.244907,3.300000,2.913333
1.245308,3.280000,2.986667
1.245709,3.246666,2.960000
1.246112,3.213333,2.886667
1.246513,3.193333,2.800000
1.246915,3.206667,2.826667
1.247316,3.166667,2.860000
1.247717,3.313333,2.813333
1.248119,3.126667,2.780000
1.248520,3.133333,2.786667
1.248921,3.113333,2.766667
1.249322,3.100000,2.746667
1.249725,3.066667,2.706666
1.250127,3.053333,2.700000
1.250528,3.033333,2.673333
1.250929,3.026667,2.680000
1.251330,2.986667,2.673333
1.251731,2.966666,2.640000
1.252132,2.966666,2.613333
1.252534,2.933333,2.613333
1.252935,2.946667,2.626667
1.253336,2.960000,2.613333
1.253737,2.833333,2.566667
1.254139,2.886667,2.560000
1.254540,2.893333,2.380000
1.254943,2.886667,2.453333
1.255344,2.840000,2.460000
1.255745,2.793333,2.493333
1.256146,2.806667,2.453333
1.256549,2.780000,2.460000
1.256950,2.780000,2.453333
1.257352,2.773333,2.433333
1.257754,2.746667,2.406667
1.258155,2.660000,2.406667
1.258557,2.706666,2.420000
1.258958,2.700000,2.386667
1.259359,2.626667,2.346667
1.259761,2.646667,2.340000
1.260162,2.633333,2.300000
1.260565,2.653333,2.346667
1.260966,2.606667,2.266667
1.261367,2.600000,2.260000
1.261768,2.613333,2.246667
1.262169,2.553333,2.246667
1.262571,2.540000,2.253333
1.262972,2.560000,2.220000
1.263373,2.493333,2.186667
1.263775,2.473333,2.346667
1.264176,2.380000,2.180000
1.264578,2.613333,2.180000
1.264979,2.546667,2.140000
1.265380,2.406667,2.126667
1.265782,2.480000,2.086667
1.266184,2.413333,2.086667
1.266586,2.373333,2.106667
1.266988,2.380000,2.160000
1.267390,2.333333,2.060000
1.267791,2.346667,2.046667
1.268193,2.300000,2.033333
1.268594,2.333333,2.026667
1.268995,2.293333,1.926667
1.269396,2.260000,1.940000
1.269797,2.226666,1.993333
1.270199,2.260000,1.960000
1.270600,2.246667,1.920000
1.271002,2.266667,1.980000
1.271403,2.186667,1.906667
1.271804,2.313333,1.906667
1.272206,2.026667,1.906667
1.272608,2.213333,1.880000
1.273009,2.133333,1.880000
1.273411,2.133333,1.880000
1.273813,2.093333,1.873333
1.274214,2.086667,1.853333
1.274615,2.086667,1.920000
1.275016,2.073333,1.813333
1.275418,2.046667,1.733333
1.275819,2.040000,1.760000
1.276220,2.026667,1.740000
1.276621,2.000000,1.760000
1.277023,1.960000,1.726667
1.277425,2.013333,1.686667
1.277826,1.966667,1.700000
1.278228,1.926667,1.673333
1.278629,1.933333,1.733333
1.279030,1.900000,1.680000
1.279431,1.893333,1.680000
1.279833,1.926667,1.513333
1.280235,1.893333,1.600000
1.280636,1.926667,1.693333
1.281037,1.866667,1.606667
1.281438,1.853333,1.660000
1.281839,1.840000,1.573333
1.282241,1.820000,1.560000
1.282643,1.813333,1.560000
1.283044,1.786667,1.506667
1.283445,1.673333,1.560000
1.283846,1.746667,1.486667
1.284248,1.760000,1.513333
1.284649,1.726667,1.440000
1.285051,1.713333,1.480000
1.285452,1.720000,1.466667
1.285855,1.760000,1.466667
1.286256,1.673333,1.420000
1.286659,1.666667,1.413333
1.287060,1.626667,1.446667
1.287462,1.646667,1.420000
1.287863,1.646667,1.366667
1.288265,1.620000,1.380000
1.288668,1.660000,1.366667
1.289070,1.566667,1.373333
1.289472,1.480000,1.360000
1.289873,1.566667,1.326667
1.290274,1.560000,1.326667
1.290676,1.560000,1.306667
1.291077,1.540000,1.286667
1.291479,1.526667,1.300000
1.291880,1.506667,1.300000
1.292281,1.480000,1.286667
1.292683,1.473333,1.260000
1.293084,1.480000,1.240000
1.293486,1.460000,1.313333
1.293887,1.460000,1.246667
1.294288,1.373333,1.153333
1.294690,1.413333,1.206667
1.295091,1.393333,1.180000
1.295492,1.386667,1.180000
1.295894,1.400000,1.173333
1.296295,1.373333,1.193333
1.296696,1.360000,1.146667
1.297098,1.373333,1.126667
1.297499,1.286667,1.100000
1.297900,1.320000,1.186667
1.298302,1.306667,1.113333
1.298703,1.293333,1.120000
1.299105,1.280000,1.060000
1.299506,1.286667,1.086667
1.299909,1.340000,1.133333
1.300310,1.260000,1.006667
1.300711,1.266667,1.040000
1.301113,1.246667,0.986667
1.301514,1.253333,0.946667
1.301916,1.220000,1.000000
1.302318,1.213333,0.960000
1.302721,1.213333,0.986667
1.303122,1.206667,0.960000
1.303524,1.180000,0.946667
1.303925,1.140000,0.946667
1.304326,1.166667,0.953333
1.304727,1.126667,0.946667
1.305128,1.146667,0.946667
1.305531,1.233333,0.946667
1.305934,1.133333,0.946667
1.306336,1.106667,0.946667
1.306737,1.086667,0.946667
1.307139,1.080000,0.946667
1.307540,1.066667,0.946667
1.307941,1.086667,0.946667
1.308342,1.066667,0.946667
1.308743,1.106667,0.946667
1.309146,1.013333,0.946667
1.309547,1.033333,0.946667
1.309949,1.020000,0.946667
1.310351,1.006667,0.946667
1.310752,0.993333,0.946667
1.311153,1.033333,1.026667
1.311554,0.986667,0.946667
1.311957,0.993333,0.946667
1.312358,0.953333,0.946667
1.312759,0.953333,0.946667
1.313160,0.953333,0.946667
1.313563,0.946667,0.946667
1.313965,0.946667,0.946667
1.314366,1.033333,0.946667
1.314767,0.946667,0.946667
1.315168,0.946667,0.946667
1.315571,0.946667,0.946667
1.315972,0.946667,0.946667
1.316373,0.946667,0.946667
1.316774,0.946667,0.946667
1.317175,0.946667,0.946667
1.317576,0.946667,0.946667
1.317977,0.946667,0.946667
1.318378,0.946667,0.946667
1.318779,0.946667,0.946667
1.319180,0.946667,0.946667
1.319582,0.946667,0.946667
1.319984,0.946667,0.946667
1.320386,0.946667,0.946667
1.320787,0.946667,0.946667
1.321188,0.946667,0.946667
1.321589,0.946667,0.946667
1.321991,0.946667,0.946667
1.322393,0.946667,0.946667
1.322794,0.946667,0.946667
1.323195,0.946667,0.946667
1.323596,0.946667,0.946667
1.323998,0.946667,0.946667
1.324399,0.946667,0.946667
1.324800,0.946667,0.946667
1.325201,0.946667,0.946667
1.325602,0.946667,0.946667
1.326003,0.946667,0.946667
1.326404,0.946667,0.946667
1.326805,0.946667,0.946667
1.327206,0.946667,0.946667
1.327607,0.946667,0.946667
1.328009,0.946667,0.946667
1.328410,0.946667,0.946667
1.328811,0.946667,0.946667
1.329213,0.946667,0.946667
1.329614,0.946667,0.946667
1.330015,0.946667,0.946667
1.330416,0.946667,0.946667
1.330817,0.946667,0.946667
1.331218,0.946667,0.946667
1.331619,0.946667,0.946667
1.332020,0.946667,0.946667
1.332421,0.946667,0.946667
1.332822,0.946667,0.946667
1.333223,0.946667,0.946667
1.333624,0.946667,0.946667
1.334026,0.946667,0.946667
1.334427,0.946667,0.946667
1.334829,0.946667,0.946667
1.335231,0.946667,0.946667
1.335632,0.946667,0.946667
1.336034,0.946667,0.946667
1.336436,0.946667,0.946667
1.336838,0.946667,0.946667
1.337240,0.946667,0.946667
1.337641,0.946667,0.946667
1.338042,0.946667,0.946667
1.338443,0.946667,0.946667
1.338844,0.946667,0.946667
1.339246,0.946667,0.946667
1.339649,0.946667,0.946667
1.340050,0.946667,0.946667
1.340452,0.946667,0.946667
1.340853,0.946667,0.946667
1.341254,0.946667,0.946667
1.341655,0.946667,0.946667
1.342057,0.946667,0.946667
1.342458,0.946667,0.946667
1.342860,0.946667,0.946667
1.343262,0.946667,0.946667
1.343664,0.946667,0.946667
1.344066,0.946667,0.946667
1.344467,0.946667,0.946667
1.344869,0.946667,0.946667
1.345270,0.946667,0.946667
1.345672,0.946667,0.946667
1.346074,0.946667,0.946667
1.346475,0.946667,0.946667
1.346877,0.946667,0.946667
1.347279,0.946667,0.946667
1.347680,0.946667,0.946667
1.348082,0.946667,0.946667
1.348483,0.946667,0.946667
1.348884,0.946667,0.946667
1.349285,0.946667,0.946667
1.349686,0.946667,0.946667
1.350087,0.946667,0.946667
1.350488,0.946667,0.946667
1.350889,0.946667,0.946667
1.351290,0.946667,0.946667
1.351692,0.946667,0.946667
1.352093,0.946667,0.946667
1.352495,0.946667,0.946667
1.352896,0.946667,0.946667
1.353297,0.946667,0.946667
1.353699,0.946667,0.946667
1.354100,0.946667,0.946667
1.354501,0.946667,0.946667
1.354903,0.946667,0.946667
1.355304,0.946667,0.946667
1.355707,0.946667,0.946667
1.356108,0.946667,0.946667
1.356509,0.946667,0.946667
1.356911,0.946667,0.946667
1.357313,0.946667,0.946667
1.357715,0.946667,0.946667
1.358116,0.946667,0.946667
1.358517,0.946667,0.946667
1.358918,0.946667,0.946667
1.359320,0.946667,0.946667
1.359721,0.946667,0.946667
1.360122,0.946667,0.946667
1.360523,0.946667,0.946667
1.360926,0.946667,0.946667
1.361328,0.946667,0.946667
1.361729,0.946667,0.946667
1.362131,0.946667,0.946667
1.362533,0.946667,0.946667
1.362934,0.946667,0.946667
1.363335,0.946667,0.946667
1.363737,0.946667,0.946667
1.364139,0.946667,0.946667
1.364541,0.946667,0.946667
1.364943,0.946667,0.946667
1.365344,0.946667,0.946667
1.365745,0.946667,0.946667
1.366146,0.946667,0.946667
1.366547,0.946667,0.946667
1.366948,0.946667,0.946667
1.367349,0.946667,0.946667
1.367750,0.946667,0.946667
1.368152,0.946667,0.946667
1.368553,0.946667,0.946667
1.368954,0.946667,0.946667
1.369355,0.946667,0.946667
1.369756,0.946667,0.946667
1.370158,0.946667,0.946667
1.370559,0.946667,0.946667
1.370961,0.946667,0.946667
1.371367,0.946667,0.946667
1.371768,0.946667,0.946667
1.372171,0.946667,0.946667
1.372572,0.946667,0.946667
1.372973,0.946667,0.946667
1.373375,0.946667,0.946667
1.373776,0.946667,0.946667
1.374178,0.946667,0.946667
1.374579,0.946667,0.946667
1.374981,0.946667,0.946667
1.375382,0.946667,0.946667
1.375784,0.946667,0.946667
1.376186,0.946667,0.946667
1.376588,0.946667,0.946667
1.376989,0.946667,0.946667
1.377391,0.946667,0.946667
1.377792,0.946667,0.946667
1.378193,0.946667,0.946667
1.378594,0.946667,0.946667
1.378996,0.946667,0.946667
1.379398,0.946667,0.946667
1.379799,0.946667,0.946667
1.380200,0.946667,0.946667
1.380602,0.946667,0.946667
1.381004,0.946667,0.946667
1.381405,0.946667,0.946667
1.381806,0.946667,0.946667
1.382207,0.946667,0.946667
1.382609,0.946667,0.946667
1.383010,0.946667,0.946667
1.383411,0.946667,0.946667
1.383813,0.946667,0.946667
1.384214,0.946667,0.946667
1.384616,0.946667,0.946667
1.385017,0.946667,0.946667
1.385418,0.946667,0.946667
1.385819,0.946667,0.946667
1.386220,0.946667,0.946667
1.386621,0.946667,0.946667
1.387022,0.946667,0.946667
1.387424,0.946667,0.946667
1.387827,0.946667,0.946667
1.388228,0.946667,0.946667
1.388629,0.946667,0.946667
1.389030,0.946667,0.946667
1.389432,0.946667,0.946667
1.389833,0.946667,0.946667
1.390235,0.946667,0.946667
1.390637,0.946667,0.946667
1.391038,0.946667,0.946667
1.391439,0.946667,0.946667
1.391840,0.946667,0.946667
1.392241,0.946667,0.946667
1.392642,0.946667,0.946667
1.393043,0.946667,0.946667
1.393444,0.946667,0.946667
1.393845,0.946667,0.946667
1.394246,0.946667,0.946667
1.394647,0.946667,0.946667
1.395049,0.946667,0.946667
1.395450,0.946667,0.946667
1.395853,0.946667,0.946667
1.396255,0.946667,0.946667
1.396656,0.946667,0.946667
1.397058,0.946667,0.946667
1.397460,0.946667,0.946667
1.397861,0.946667,0.946667
1.398263,0.946667,0.946667
1.398664,0.946667,0.946667
1.399066,0.946667,0.946667
1.399467,0.946667,0.946667
1.399868,0.946667,0.946667
1.400271,0.946667,0.946667
1.400672,0.946667,0.946667
1.401074,0.946667,0.946667
1.401475,0.946667,0.946667
1.401877,0.946667,0.946667
1.402279,0.946667,0.946667
1.402680,0.946667,0.946667
1.403081,0.946667,0.946667
1.403483,0.946667,0.946667
1.403884,0.946667,0.946667
1.404285,0.946667,0.946667
1.404686,0.946667,0.946667
1.405088,0.946667,0.946667
1.405489,0.946667,0.946667
1.405891,0.946667,0.946667
1.406293,0.946667,0.946667
1.406694,0.946667,0.946667
1.407098,0.946667,0.946667
1.407499,0.946667,0.946667
1.407900,0.946667,0.946667
1.408301,0.946667,0.946667
1.408702,0.946667,0.946667
1.409104,0.946667,0.946667
1.409505,0.946667,0.946667
1.409906,0.946667,0.946667
1.410308,0.946667,0.946667
1.410709,0.946667,0.946667
1.411112,0.946667,0.946667
1.411513,0.946667,0.946667
1.411914,0.946667,0.946667
1.412315,0.946667,0.946667
1.412716,0.946667,0.946667
1.413118,0.946667,0.946667
1.413519,0.946667,0.946667
1.413921,0.946667,0.946667
1.414322,0.946667,0.946667
1.414723,0.946667,0.946667
1.415125,0.946667,0.946667
1.415526,0.946667,0.946667
1.415927,0.946667,0.946667
1.416328,0.946667,0.946667
1.416731,0.946667,0.946667
1.417132,0.946667,0.946667
1.417533,0.946667,0.946667
1.417935,0.946667,0.946667
1.418337,0.946667,0.946667
1.418739,0.946667,0.946667
1.419140,0.946667,0.946667
1.419543,0.946667,0.946667
1.419945,0.946667,0.946667
1.420346,0.946667,0.946667
1.420747,0.946667,0.946667
1.421148,0.946667,0.946667
1.421550,0.946667,0.946667
1.421951,0.946667,0.946667
1.422352,0.946667,0.946667
1.422754,0.946667,0.946667
1.423155,0.946667,0.946667
1.423556,0.946667,0.946667
1.423957,0.946667,0.946667
1.424358,0.946667,0.946667
1.424760,0.946667,0.946667
1.425161,0.946667,0.946667
1.425562,0.946667,0.946667
1.425963,0.946667,0.946667
1.426365,0.946667,0.946667
1.426766,0.946667,0.946667
1.427167,0.946667,0.946667
1.427568,0.946667,0.946667
1.427969,0.946667,0.946667
1.428370,0.946667,0.946667
1.428771,0.946667,0.946667
1.429174,0.946667,0.946667
1.429575,0.946667,0.946667
1.429977,0.946667,0.946667
1.430379,0.980000,0.946667
1.430780,0.946667,0.946667
1.431181,0.946667,0.946667
1.431584,0.946667,0.946667
1.431985,0.946667,0.946667
1.432387,0.946667,0.946667
1.432788,0.946667,0.946667
1.433189,0.953333,0.946667
1.433592,0.946667,0.946667
1.433993,0.946667,0.946667
1.434394,0.946667,0.946667
1.434796,0.946667,0.946667
1.435197,0.946667,0.946667
1.435599,0.946667,0.946667
1.436000,0.946667,0.946667
1.436401,0.946667,0.946667
1.436802,0.960000,0.946667
1.437205,0.946667,0.946667
1.437606,0.946667,0.946667
1.438008,0.986667,0.946667
1.438410,1.013333,0.946667
1.438812,1.040000,0.946667
1.439213,1.066667,0.946667
1.439614,1.046667,0.946667
1.440016,1.053333,0.946667
1.440418,1.033333,0.946667
1.440819,1.100000,0.946667
1.441222,1.086667,0.946667
1.441623,1.080000,0.946667
1.442024,1.100000,0.946667
1.442426,1.120000,0.946667
1.442828,1.120000,0.946667
1.443229,1.166667,0.946667
1.443630,1.206667,0.946667
1.444032,1.133333,0.966667
1.444433,1.153333,0.966667
1.444834,1.166667,0.953333
1.445236,1.206667,0.973333
1.445637,1.220000,0.980000
1.446038,1.206667,1.020000
1.446440,1.160000,0.946667
1.446842,1.213333,0.946667
1.447244,1.286667,0.960000
1.447645,1.153333,1.033333
1.448046,1.320000,1.053333
1.448448,1.246667,1.040000
1.448849,1.280000,1.093333
1.449251,1.286667,1.086667
1.449653,1.300000,1.073333
1.450054,1.326667,1.113333
1.450455,1.280000,1.146667
1.450856,1.460000,1.140000
1.451258,1.366667,1.126667
1.451659,1.333333,1.033333
1.452060,1.380000,1.093333
1.452461,1.406667,1.080000
1.452863,1.386667,1.160000
1.453265,1.386667,1.173333
1.453666,1.406667,1.240000
1.454067,1.426667,1.206667
1.454468,1.413333,1.320000
1.454869,1.413333,1.226667
1.455270,1.493333,1.233333
1.455671,1.460000,1.300000
1.456073,1.526667,1.240000
1.456474,1.513333,1.206667
1.456876,1.500000,1.293333
1.457277,1.533333,1.300000
1.457679,1.533333,1.293333
1.458080,1.540000,1.313333
1.458481,1.560000,1.306667
1.458882,1.566667,1.320000
1.459284,1.566667,1.333333
1.459685,1.593333,1.360000
1.460087,1.600000,1.346667
1.460488,1.653333,1.386667
1.460891,1.640000,1.420000
1.461292,1.653333,1.426667
1.461693,1.646667,1.413333
1.462098,1.660000,1.406667
1.462499,1.693333,1.460000
1.462900,1.740000,1.453333
1.463301,1.693333,1.520000
1.463703,1.873333,1.506667
1.464105,1.733333,1.480000
1.464506,1.740000,1.526667
1.464907,1.733333,1.513333
1.465309,1.780000,1.593333
1.465710,1.793333,1.553333
1.466112,1.793333,1.560000
1.466513,1.820000,1.646667
1.466914,1.813333,1.566667
1.467315,1.853333,1.586667
1.467716,1.866667,1.580000
1.468118,1.873333,1.646667
1.468519,1.900000,1.640000
1.468920,1.886667,1.593333
1.469321,1.980000,1.633333
1.469722,1.926667,1.633333
1.470124,1.940000,1.673333
1.470525,1.960000,1.713333
1.470926,1.986667,1.726667
1.471328,1.966667,1.700000
1.471729,1.993333,1.733333
1.472131,1.960000,1.753333
1.472532,2.073333,1.733333
1.472933,2.006667,1.773333
1.473334,1.886667,1.806667
1.473735,2.086667,1.793333
1.474136,2.053333,1.813333
1.474538,2.106667,1.813333
1.474939,2.100000,1.846667
1.475341,2.146667,1.880000
1.475742,2.140000,1.846667
1.476144,2.093333,1.873333
1.476545,2.200000,1.906667
1.476946,2.206667,1.913333
1.477348,2.233333,1.920000
1.477749,2.193333,1.906667
1.478150,2.253333,1.960000
1.478552,2.240000,1.960000
1.478953,2.260000,1.973333
1.479354,2.240000,1.973333
1.479757,2.293333,2.000000
1.480159,2.360000,2.006667
1.480560,2.293333,2.106667
1.480962,2.346667,2.026667
1.481364,2.360000,1.873333
1.481765,2.366667,2.080000
1.482166,2.386667,2.086667
1.482567,2.420000,2.106667
1.482969,2.426666,2.126667
1.483370,2.433333,2.106667
1.483772,2.460000,2.146667
1.484173,2.486667,2.213333
1.484574,2.500000,2.173333
1.484976,2.513333,2.200000
1.485378,2.500000,2.200000
1.485780,2.513333,2.206667
1.486182,2.553333,1.940000
1.486585,2.566667,2.213333
1.486986,2.560000,2.246667
1.487387,2.593333,2.260000
1.487788,2.606667,2.266667
1.488189,2.640000,2.346667
1.488590,2.613333,2.346667
1.488992,2.660000,2.420000
1.489393,2.626667,2.353333
1.489794,2.713333,2.386667
1.490195,2.700000,2.366667
1.490596,2.713333,2.400000
1.490997,2.733333,2.406667
1.491399,2.726667,2.433333
1.491800,2.786667,2.440000
1.492201,2.786667,2.453333
1.492604,2.800000,2.493333
1.493005,2.800000,2.520000
1.493407,2.746667,2.473333
1.493808,2.860000,2.506666
1.494209,2.853333,2.513333
1.494610,2.873333,2.560000
1.495011,2.933333,2.613333
1.495412,2.946667,2.573333
1.495815,2.973333,2.640000
1.496216,2.966666,2.646667
1.496619,2.853333,2.620000
1.497021,2.973333,2.626667
1.497422,3.073333,2.680000
1.497823,3.026667,2.700000
1.498225,2.980000,2.673333
1.498626,3.053333,2.700000
1.499027,3.060000,2.720000
1.499429,3.093333,2.760000
1.499830,3.193333,2.766667
1.500232,3.160000,2.793333
1.500634,3.140000,2.806667
1.501035,3.200000,2.860000
1.501436,3.180000,2.806667
1.501837,3.173333,2.786667
1.502240,3.226667,2.866667
1.502643,3.240000,2.860000
1.503044,3.280000,2.893333
1.503446,3.273333,2.953333
1.503847,3.293333,2.946667
1.504248,3.313333,2.946667
1.504650,3.313333,2.986667
1.505052,3.346666,2.946667
1.505453,3.373333,3.040000
1.505854,3.453333,3.000000
1.506256,3.406667,3.046667
1.506657,3.413333,3.040000
1.507058,3.413333,3.046667
1.507459,3.480000,3.100000
1.507861,3.480000,3.113333
1.508263,3.480000,3.100000
1.508665,3.513333,3.133333
1.509066,3.466666,3.133333
1.509467,3.560000,3.073333
1.509868,3.540000,3.166667
1.510269,3.546667,3.193333
1.510671,3.540000,3.226667
1.511072,3.633333,3.173333
1.511473,3.646667,2.960000
1.511875,3.653333,3.286667
1.512276,3.660000,3.280000
1.512678,3.660000,3.286667
1.513079,3.713333,3.293333
1.513481,3.826667,3.253333
1.513883,3.733333,3.313333
1.514285,3.673333,3.366667
1.514687,3.740000,3.400000
1.515088,3.826667,3.393333
1.515489,3.840000,3.360000
1.515890,3.860000,3.513333
1.516291,3.886667,3.440000
1.516693,3.906667,3.486667
1.517098,3.926666,3.486667
1.517499,3.960000,3.493333
1.517900,3.960000,3.526666
1.518301,3.980000,3.546667
1.518702,4.020000,3.600000
1.519104,4.013333,3.566667
1.519507,4.046667,3.613333
1.519908,4.040000,3.653333
1.520309,4.120000,3.660000
1.520710,4.153333,3.600000
1.521112,4.113333,3.660000
1.521513,4.166667,3.673333
1.521915,4.133333,3.646667
1.522317,4.193333,3.733333
1.522719,4.206666,3.840000
1.523121,4.206666,3.846667
1.523522,4.260000,3.833333
1.523923,4.266666,3.833333
1.524325,4.293333,3.853333
1.524726,4.306667,3.873333
1.525127,4.326666,3.900000
1.525528,4.300000,3.926666
1.525929,4.353333,3.906667
1.526331,4.386666,3.940000
1.526732,4.386666,3.973333
1.527133,4.420000,4.000000
1.527534,4.440000,4.020000
1.527935,4.460000,4.046667
1.528336,4.506667,4.020000
1.528737,4.446667,4.053333
1.529139,4.513333,4.000000
1.529540,4.546667,4.100000
1.529942,4.526667,4.140000
1.530344,4.546667,4.146667
1.530746,4.566667,4.173333
1.531147,4.620000,4.173333
1.531548,4.620000,4.186666
1.531949,4.666667,4.206666
1.532350,4.720000,4.246667
1.532751,4.700000,4.313334
1.533152,4.726666,4.280000
1.533555,4.726666,4.293333
1.533957,4.840000,4.326666
1.534358,4.773334,4.346667
1.534760,4.820000,4.353333
1.535161,4.853333,4.366666
1.535562,4.873333,4.360000
1.535963,4.873333,4.413333
1.536364,4.886666,4.453333
1.536765,4.886666,4.586667
1.537167,4.940000,4.600000
1.537568,4.940000,4.420000
1.537969,4.980000,4.500000
1.538371,5.026667,4.600000
1.538772,5.020000,4.693333
1.539174,5.260000,4.540000
1.539575,5.046667,4.540000
1.539976,5.086667,4.606667
1.540378,5.106667,4.613333
1.540779,5.133333,4.653333
1.541181,5.133333,4.680000
1.541582,5.106667,4.713333
1.541984,5.186666,4.706666
1.542386,5.233334,4.713333
1.542787,5.233334,4.713333
1.543188,5.260000,4.660000
1.543589,5.286666,4.760000
1.543991,5.273333,4.686666
1.544392,5.333333,4.853333
1.544793,5.353333,4.840000
1.545194,5.386667,4.906667
1.545595,5.386667,4.880000
1.545996,5.420000,4.913333
1.546397,5.460000,4.940000
1.546798,5.433333,4.966667
1.547200,5.480000,4.960000
1.547601,5.493333,4.940000
1.548003,5.500000,4.873333
1.548405,5.566667,5.046667
1.548807,5.580000,5.053333
1.549209,5.580000,5.073333
1.549610,5.593333,5.073333
1.550012,5.660000,5.093333
1.550414,5.653333,4.813333
1.550816,5.673333,4.826666
1.551218,5.686666,5.133333
1.551619,5.733333,4.993333
1.552021,5.733333,5.213333
1.552423,5.733333,5.240000
1.552824,5.780000,5.300000
1.553226,5.846666,5.326667
1.553627,5.760000,5.286666
1.554029,5.866666,5.326667
1.554430,5.900000,5.333333
1.554831,5.853333,5.366667
1.555233,6.013333,5.380000
1.555635,5.940000,5.366667
1.556037,6.000000,5.380000
1.556438,5.893333,5.426667
1.556839,6.026667,5.706666
1.557240,6.053333,5.466667
1.557641,6.086667,5.513333
1.558043,6.086667,5.520000
1.558444,6.226666,5.560000
1.558845,6.126667,5.606667
1.559246,6.166667,5.586667
1.559647,6.160000,5.593333
1.560049,6.206666,5.620000
1.560451,6.220000,5.646667
1.560852,6.253334,5.673333
1.561254,6.293333,5.733333
1.561655,6.280000,5.673333
1.562057,6.306666,5.753333
1.562459,6.340000,5.760000
1.562860,6.353333,5.793334
1.563261,6.346667,5.760000
1.563662,6.413333,5.713333
1.564063,6.413333,5.793334
1.564464,6.453333,5.913333
1.564865,6.460000,5.913333
1.565267,6.506667,5.933333
1.565668,6.540000,5.946667
1.566070,6.546667,5.946667
1.566471,6.620000,6.006667
1.566872,6.626667,6.000000
1.567274,6.586667,6.020000
1.567675,6.686666,6.040000
1.568077,6.706667,6.113333
1.568479,6.686666,6.066667
1.568880,6.773334,6.113333
1.569282,6.760000,6.133333
1.569683,6.800000,6.193333
1.570084,6.813333,6.200000
1.570485,6.846666,6.193333
1.570886,6.893333,6.233333
1.571288,6.873333,6.286667
1.571689,6.900000,6.260000
1.572090,6.953333,6.313334
1.572491,6.953333,6.320000
1.572893,6.986666,6.293333
1.573295,6.926667,6.353333
1.573697,7.013333,6.413333
1.574099,7.080000,6.406667
1.574500,7.080000,6.433333
1.574901,7.126667,6.433333
1.575303,7.153333,6.500000
1.575704,7.153333,6.466667
1.576105,7.166667,6.526666
1.576507,7.226666,6.606667
1.576910,7.240000,6.606667
1.577312,7.246666,6.673334
1.577713,7.280000,6.640000
1.578116,7.313333,6.546667
1.578518,7.326666,6.693333
1.578920,7.340000,6.713333
1.579322,7.366667,6.740000
1.579723,7.413333,6.613333
1.580125,7.400000,6.820000
1.580526,7.466667,6.806667
1.580929,7.446666,6.833333
1.581331,7.486667,6.813333
1.581732,7.506667,6.853333
1.582133,7.526666,6.900000
1.582536,7.579999,6.886666
1.582937,7.606667,6.933333
1.583339,7.613333,6.980000
1.583741,7.646666,7.140000
1.584142,7.653333,6.986666
1.584544,7.773333,7.020000
1.584945,7.700000,7.020000
1.585347,7.706666,7.073333
1.585748,7.720000,7.086666
1.586149,7.760000,7.240000
1.586551,7.820000,7.106667
1.586952,7.840000,7.166667
1.587354,7.826667,7.166667
1.587755,7.826667,7.193333
1.588157,7.940000,7.213333
1.588558,7.960000,7.313333
1.588959,7.980000,7.180000
1.589361,7.906666,7.286667
1.589763,8.086667,7.353333
1.590165,8.026667,7.413333
1.590566,8.046666,7.353333
1.590968,8.073333,7.413333
1.591369,8.080000,7.413333
1.591772,8.120000,7.440000
1.592173,8.139999,7.446666
1.592574,8.173333,7.506667
1.592976,8.166667,7.480000
1.593378,8.220000,7.513333
1.593780,8.240000,7.520000
1.594181,8.313333,7.566667
1.594582,8.306666,7.600000
1.594984,8.333333,7.613333
1.595385,8.386666,7.640000
1.595787,8.386666,7.633333
1.596188,8.473333,7.693334
1.596589,8.426667,7.686666
1.596990,8.493334,7.720000
1.597391,8.466666,7.700000
1.597792,8.500000,7.760000
1.598193,8.480000,7.840000
1.598594,8.566667,7.846667
1.598996,8.566667,7.860000
1.599398,8.593333,7.873333
1.599800,8.639999,7.926667
1.600201,8.646667,7.900000
1.600604,8.653333,7.926667
1.601005,8.553333,7.960000
1.601406,8.593333,7.966667
1.601807,8.753333,7.986666
1.602209,8.753333,8.040000
1.602610,8.813334,8.040000
1.603011,8.786666,8.240000
1.603412,8.853333,8.133333
1.603813,8.866667,8.120000
1.604214,8.906666,8.146667
1.604615,8.940000,8.306666
1.605017,8.933333,8.186666
1.605419,8.960000,8.240000
1.605820,9.026667,8.273334
1.606221,9.066667,8.333333
1.606623,9.046666,8.186666
1.607024,9.080000,8.320000
1.607425,9.106667,8.340000
1.607826,9.099999,8.386666
1.608227,9.120000,8.406667
1.608629,9.246666,8.400000
1.609030,9.193333,8.420000
1.609431,9.186666,8.466666
1.609833,9.226666,8.480000
1.610234,9.273334,8.513332
1.610635,9.240000,8.526667
1.611036,9.286667,8.613334
1.611437,9.346666,8.613334
1.611838,9.346666,8.646667
1.612240,9.393333,8.660000
1.612641,9.400000,8.660000
1.613042,9.486667,8.653333
1.613444,9.586666,8.639999
1.613845,9.566666,8.646667
1.614246,9.540000,8.780000
1.614647,9.626666,8.760000
1.615048,9.613334,8.773333
1.615450,9.620000,8.800000
1.615852,9.660000,8.846666
1.616254,9.646667,8.886666
1.616655,9.706666,8.886666
1.617057,9.726666,8.906666
1.617458,9.746667,8.920000
1.617860,9.753333,8.913333
1.618262,9.793333,8.980000
1.618663,9.826666,8.926666
1.619064,9.886666,9.026667
1.619466,9.866667,9.033333
1.619867,9.893332,9.126666
1.620268,9.940001,9.126666
1.620669,9.893332,9.120000
1.621071,9.959999,9.140000
1.621472,10.140000,9.120000
1.621873,10.053333,9.186666
1.622275,10.086666,9.193333
1.622676,9.953333,9.226666
1.623077,10.120000,9.260000
1.623479,10.133333,9.280000
1.623881,10.160000,9.320000
1.624282,10.233333,9.320000
1.624683,10.213333,9.340000
1.625085,10.226666,9.346666
1.625486,10.253333,9.493333
1.625887,10.293333,9.493333
1.626288,10.326667,9.499999
1.626690,10.353333,9.493333
1.627092,10.186666,9.526667
1.627493,10.386666,9.533333
1.627894,10.346666,9.559999
1.628295,10.453333,9.620000
1.628698,10.473333,9.600000
1.629099,10.493333,9.673333
1.629501,10.506666,9.686666
1.629903,10.513333,9.673333
1.630304,10.506666,9.346666
1.630707,10.639999,9.740000
1.631108,10.580000,9.793333
1.631509,10.606667,9.793333
1.631910,10.660000,9.713333
1.632311,10.666667,9.800000
1.632713,10.679999,9.920000
1.633114,10.726666,9.860000
1.633516,10.733334,9.713333
1.633918,10.793333,9.920000
1.634320,10.820000,9.953333
1.634721,10.773334,9.966666
1.635122,10.866667,10.000000
1.635524,10.853333,10.046666
1.635926,10.900000,10.026666
1.636328,10.886666,10.006667
1.636729,10.993334,10.066667
1.637131,10.966666,10.099999
1.637533,10.753333,10.113333
1.637934,11.020000,10.133333
1.638336,11.040000,10.206667
1.638737,11.086666,10.226666
1.639139,11.099999,10.226666
1.639540,11.133333,10.053333
1.639941,11.120000,10.260000
1.640342,11.186666,10.266666
1.640743,11.193334,10.320000
1.641146,11.200000,10.326667
1.641547,11.240000,10.353333
1.641948,11.280000,10.413333
1.642349,11.320000,10.400000
1.642750,11.306666,10.440000
1.643152,11.360000,10.506666
1.643554,11.366667,10.433333
1.643956,11.433333,10.533334
1.644358,11.453334,10.553332
1.644759,11.493333,10.533334
1.645160,11.473332,10.593333
1.645561,11.466666,10.766666
1.645963,11.533333,10.646667
1.646364,11.580000,10.646667
1.646765,11.586667,10.566667
1.647167,11.646667,10.693333
1.647568,11.666666,10.720000
1.647969,11.599999,10.706666
1.648371,11.679999,10.786667
1.648772,11.700000,10.759999
1.649174,11.713333,10.780000
1.649575,11.760000,10.826666
1.649976,11.793333,10.866667
1.650377,11.780000,10.860000
1.650778,11.833333,10.900000
1.651180,11.840000,11.006666
1.651581,11.906667,10.926667
1.651983,11.873333,10.966666
1.652384,11.906667,10.946666
1.652786,11.940000,10.986667
1.653187,11.926666,11.053333
1.653588,11.993333,11.146667
1.653989,12.086666,11.106667
1.654391,12.059999,11.086666
1.654792,12.100000,11.099999
1.655194,12.086666,11.113334
1.655595,12.086666,11.113334
1.655996,12.086666,11.193334
1.656397,12.200000,11.206666
1.656800,12.233334,11.266666
1.657202,12.246667,11.280000
1.657603,12.266666,11.293333
1.658005,12.273333,11.339999
1.658407,12.326666,11.360000
1.658808,12.246667,11.386666
1.659209,12.360000,11.393333
1.659611,12.360000,11.426666
1.660012,12.433333,11.486667
1.660413,12.433333,11.406666
1.660815,12.466666,11.466666
1.661216,12.480000,11.513333
1.661618,12.493333,11.520000
1.662019,12.500000,11.526667
1.662420,12.559999,11.599999
1.662823,12.580000,11.546666
1.663224,12.580000,11.653334
1.663625,12.559999,11.620000
1.664027,12.646667,11.633333
1.664429,12.673333,11.660000
1.664830,12.566667,11.700000
1.665232,12.740000,11.746666
1.665633,12.753333,11.746666
1.666035,12.773334,11.733333
1.666436,12.793333,11.780000
1.666837,12.846666,11.786667
1.667240,12.833333,11.860000
1.667641,12.820000,11.806666
1.668043,12.873333,11.893333
1.668444,12.826667,11.906667
1.668845,12.913333,11.926666
1.669247,12.960000,11.966666
1.669648,12.960000,11.906667
1.670049,13.026667,12.059999
1.670451,13.133333,12.020000
1.670852,13.046666,12.033333
1.671254,13.206666,12.020000
1.671655,13.059999,12.066666
1.672056,13.220000,12.086666
1.672457,13.033334,12.059999
1.672858,13.206666,12.106667
1.673260,13.246666,12.146667
1.673661,13.213333,12.213333
1.674063,13.266666,12.246667
1.674464,13.246666,12.246667
1.674867,13.300000,12.339999
1.675268,13.306666,12.280000
1.675671,13.353333,12.346666
1.676072,13.379999,12.380000
1.676474,13.373333,12.386666
1.676876,13.426666,12.420000
1.677278,13.426666,12.426666
1.677679,13.513332,12.426666
1.678080,13.500000,12.446667
1.678481,13.500000,12.493333
1.678882,13.533333,12.513333
1.679283,13.559999,12.473333
1.679684,13.573333,12.559999
1.680086,13.626666,12.566667
1.680488,13.533333,12.546666
1.680889,13.579999,12.613333
1.681290,13.633333,12.646667
1.681693,13.700000,12.653333
1.682098,13.713332,12.673333
1.682500,13.766666,12.693334
1.682901,13.759999,12.733333
1.683303,13.799999,12.719999
1.683704,13.820000,12.773334
1.684105,13.820000,12.766666
1.684507,13.799999,12.780000
1.684908,13.893333,12.826667
1.685309,13.900000,12.860000
1.685712,13.926666,12.860000
1.686113,13.900000,12.860000
1.686514,13.986667,12.919999
1.686916,14.046667,12.926666
1.687317,14.046667,12.933333
1.687718,14.013333,12.966667
1.688120,14.080000,13.013333
1.688521,14.106666,13.106667
1.688922,14.093333,12.993333
1.689323,14.133332,13.173333
1.689724,14.160000,13.000000
1.690126,14.173332,13.120000
1.690527,14.193333,13.133333
1.690928,14.219999,13.146667
1.691329,14.253333,13.160000
1.691732,14.273334,13.179999
1.692133,14.286666,13.213333
1.692534,14.293333,13.173333
1.692936,14.333334,13.240000
1.693337,14.353333,13.293333
1.693738,14.353333,13.286667
1.694140,14.406667,13.259999
1.694541,14.400001,13.539999
1.694942,14.446667,13.326666
1.695343,14.480000,13.366667
1.695744,14.553333,13.406666
1.696146,14.673333,13.420000
1.696547,14.533334,13.440000
1.696949,14.580000,13.466666
1.697350,14.533334,13.500000
1.697751,14.506667,13.460000
1.698153,14.586666,13.506666
1.698554,14.646667,13.539999
1.698955,14.646667,13.559999
1.699356,14.646667,13.566667
1.699757,14.706667,13.613334
1.700159,14.699999,13.639999
1.700560,14.840000,13.713332
1.700962,14.793334,13.660000
1.701363,14.806666,13.706666
1.701764,14.846666,13.686666
1.702166,14.860001,13.779999
1.702567,14.880000,13.746667
1.702969,14.919999,13.746667
1.703370,14.833332,13.799999
1.703771,14.926667,13.806667
1.704172,14.946667,13.820000
1.704573,14.946667,13.846665
1.704975,14.953333,13.839999
1.705376,14.953333,13.906666
1.705777,14.940000,13.900000
1.706179,15.233334,13.946667
1.706580,15.113333,13.933332
1.706981,15.139999,13.979999
1.707382,15.173333,13.993333
1.707785,15.186667,14.006667
1.708186,15.233334,14.046667
1.708587,15.219999,14.026667
1.708989,15.253334,14.066666
1.709390,15.280000,14.086666
1.709791,15.280000,13.926666
1.710193,15.313333,14.086666
1.710596,15.326667,14.140000
1.710997,15.340000,14.206667
1.711398,15.379999,14.026667
1.711800,15.386667,14.200001
1.712201,15.419999,14.233333
1.712602,15.419999,14.246667
1.713004,15.446666,14.266667
1.713405,15.453334,14.293333
1.713807,15.480000,14.293333
1.714208,15.560000,14.346666
1.714609,15.426665,14.326666
1.715010,15.619999,14.353333
1.715411,15.586667,14.393332
1.715813,15.606667,14.406667
1.716214,15.639999,14.420000
1.716615,15.653334,14.433332
1.717017,15.586667,14.446667
1.717418,15.660000,14.513333
1.717819,15.726666,14.486667
1.718221,15.799999,14.520000
1.718622,15.773333,14.593332
1.719023,15.760000,14.540000
1.719425,15.813333,14.580000
1.719826,15.906666,14.439999
1.720227,15.833333,14.559999
1.720628,15.893333,14.640000
1.721031,15.873333,14.646667
1.721432,15.913334,14.693333
1.721833,15.853333,14.699999
1.722234,15.953332,14.746666
1.722637,15.960000,14.706667
1.723038,15.966666,14.733334
1.723440,15.980000,14.540000
1.723841,16.039999,14.786666
1.724242,16.066668,14.806666
1.724645,16.053333,14.846666
1.725048,16.080000,14.820000
1.725450,16.106665,14.853333
1.725851,16.139999,14.873333
1.726253,16.119999,14.886666
1.726654,16.160000,14.953333
1.727056,16.226665,14.906667
1.727457,16.266666,14.953333
1.727858,16.200001,14.953333
1.728259,16.266666,14.800000
1.728661,16.286667,15.066667
1.729063,16.299999,14.953333
1.729465,16.353333,14.953333
1.729866,16.433332,14.953333
1.730268,16.413332,15.086666
1.730669,16.406666,15.133333
1.731070,16.333334,15.153333
1.731472,16.333334,15.173333
1.731873,16.446667,15.186667
1.732275,16.473333,15.246666
1.732676,16.486666,15.219999
1.733077,16.513332,15.246666
1.733478,16.533333,15.273333
1.733879,16.546667,15.273333
1.734280,16.580000,15.260000
1.734682,16.600000,15.326667
1.735085,16.580000,15.413333
1.735486,16.626665,15.359999
1.735887,16.660000,15.393333
1.736288,16.660000,15.379999
1.736689,16.613333,15.393333
1.737091,16.693333,15.406667
1.737493,16.686666,15.440000
1.737895,16.766666,15.480000
1.738297,16.779999,15.520000
1.738699,16.779999,15.500000
1.739100,16.840000,15.599999
1.739502,16.680000,15.520000
1.739903,16.860001,15.540000
1.740304,16.846666,15.579999
1.740705,16.840000,15.573333
1.741106,16.820000,15.573333
1.741507,16.873333,15.626667
1.741908,16.886665,15.660000
1.742310,16.833334,15.606667
1.742711,16.933332,15.666666
1.743112,16.933332,15.673333
1.743513,16.959999,15.673333
1.743915,16.966667,15.660000
1.744316,16.980000,15.753332
1.744717,17.046665,15.746666
1.745118,16.993334,15.766666
1.745519,17.046665,15.819999
1.745920,17.053333,15.826667
1.746321,17.013332,15.799999
1.746722,17.080000,15.893333
1.747124,17.086666,15.906666
1.747526,17.106667,15.866667
1.747927,17.106667,15.920000
1.748329,17.153332,15.920000
1.748730,17.193333,15.940000
1.749132,17.186666,15.960000
1.749535,17.186666,15.980000
1.749937,17.206667,15.980000
1.750338,17.226667,15.960000
1.750740,17.246666,16.020000
1.751141,17.253334,16.066668
1.751542,17.299999,15.993333
1.751943,17.293333,16.086666
1.752344,17.260000,16.099998
1.752745,17.219999,16.066668
1.753146,17.346666,16.173334
1.753547,17.340000,16.113333
1.753949,17.346666,16.126665
1.754351,17.366667,16.193333
1.754752,17.373333,16.166666
1.755153,17.333332,16.166666
1.755554,17.393333,16.153334
1.755956,17.419998,16.193333
1.756358,17.486666,16.233332
1.756759,17.466665,16.273333
1.757160,17.473333,16.279999
1.757561,17.486666,16.273333
1.757963,17.520000,16.346666
1.758365,17.526667,16.359999
1.758767,17.533333,16.246666
1.759168,17.586666,16.400000
1.759569,17.586666,16.420000
1.759970,17.606667,16.433332
1.760371,17.653334,16.460001
1.760772,17.693333,16.366665
1.761173,17.673332,16.433332
1.761575,17.633333,16.433332
1.761976,17.639999,16.460001
1.762378,17.679998,16.486666
1.762781,17.699999,16.559999
1.763182,17.706665,16.373333
1.763583,17.726665,16.519999
1.763985,17.719999,16.539999
1.764387,17.746666,16.586666
1.764788,17.766666,16.586666
1.765189,17.793333,16.606667
1.765590,17.806665,16.513332
1.765992,17.820000,16.626665
1.766393,17.833332,16.660000
1.766795,17.846666,16.593334
1.767197,17.859999,16.706667
1.767598,17.866667,16.719999
1.767999,17.853333,16.693333
1.768400,17.879999,16.713333
1.768801,17.906668,16.740000
1.769202,17.926666,16.726667
1.769604,17.926666,16.766666
1.770005,17.959999,16.766666
1.770407,17.980000,16.759998
1.770808,17.959999,16.726667
1.771209,18.000000,16.793333
1.771610,17.966665,16.806665
1.772011,17.986666,16.806665
1.772412,18.006666,16.806665
1.772813,17.933332,16.853334
1.773214,18.053333,16.906666
1.773616,18.073332,16.840000
1.774017,18.093332,16.860001
1.774419,18.106667,16.906666
1.774820,18.093332,16.893332
1.775221,18.113333,16.886665
1.775623,18.139999,16.900000
1.776025,18.160000,16.926666
1.776426,18.186666,16.933332
1.776827,18.153334,16.933332
1.777228,18.219999,16.926666
1.777630,18.233332,16.953333
1.778031,18.180000,16.966667
1.778433,18.233332,16.959999
1.778834,18.226665,17.013332
1.779235,18.260000,16.993334
1.779637,18.219999,17.019999
1.780039,18.293333,17.013332
1.780440,18.299999,17.039999
1.780841,18.299999,17.073334
1.781242,18.286667,17.059999
1.781643,18.353333,17.073334
1.782044,18.326666,17.106667
1.782445,18.339998,17.106667
1.782846,18.173334,17.113333
1.783248,18.366667,17.120001
1.783649,18.359999,17.113333
1.784050,18.400000,17.153332
1.784453,18.400000,17.166666
1.784855,18.393333,17.146666
1.785256,18.453333,17.199999
1.785657,18.440001,17.186666
1.786059,18.473331,17.186666
1.786460,18.459999,17.206667
1.786861,18.493332,17.233334
1.787262,18.513332,17.406666
1.787663,18.520000,17.253334
1.788065,18.513332,17.273333
1.788466,18.580000,17.313332
1.788867,18.539999,17.279999
1.789268,18.559999,17.279999
1.789669,18.566668,17.340000
1.790070,18.580000,17.326666
1.790472,18.586666,17.320000
1.790874,18.606665,17.360001
1.791276,18.613333,17.346666
1.791678,18.619999,17.333332
1.792079,18.619999,17.366667
1.792481,18.666666,17.386667
1.792882,18.646666,17.360001
1.793283,18.673334,17.393333
1.793684,18.773333,17.406666
1.794086,18.673334,17.419998
1.794487,18.686666,17.419998
1.794888,18.719999,17.633333
1.795290,18.706667,17.433332
1.795691,18.726665,17.333332
1.796092,18.719999,17.473333
1.796493,18.733332,17.480000
1.796894,18.799999,17.473333
1.797295,18.813334,17.473333
1.797696,18.706667,17.513334
1.798099,18.786667,17.459999
1.798502,18.806667,17.500000
1.798904,18.766666,17.539999
1.799306,18.820000,17.539999
1.799708,18.799999,17.586666
1.800110,18.853333,17.600000
1.800511,18.799999,17.593332
1.800912,18.866665,17.619999
1.801313,18.879999,17.593332
1.801715,18.873333,17.606667
1.802117,18.879999,17.613333
1.802518,18.886665,17.619999
1.802919,18.933332,17.673332
1.803320,18.913332,17.633333
1.803721,18.900000,17.660000
1.804122,18.906666,17.679998
1.804524,19.013332,17.719999
1.804925,19.039999,17.673332
1.805327,18.993332,17.693333
1.805728,18.993332,17.719999
1.806130,18.980000,17.726665
1.806531,18.933332,17.733334
1.806932,19.013332,17.746666
1.807333,19.013332,17.746666
1.807734,19.026667,17.746666
1.808135,19.046667,17.746666
1.808537,19.046667,17.786667
1.808939,19.066666,17.793333
1.809340,19.059999,17.766666
1.809741,19.093334,17.799999
1.810142,19.033333,17.826666
1.810543,19.106667,17.806665
1.810944,19.133331,17.813332
1.811346,19.119999,17.840000
1.811747,19.133331,17.806665
1.812149,19.133331,17.886667
1.812550,19.126665,17.846666
1.812952,19.080000,17.933332
1.813354,19.153332,17.840000
1.813756,19.146666,17.799999
1.814158,19.180000,17.820000
1.814559,19.233334,17.853333
1.814960,19.186666,17.893333
1.815366,19.206667,17.859999
1.815768,19.186666,17.886667
1.816169,19.246666,17.906668
1.816570,19.213333,17.886667
1.816972,19.346666,17.933332
1.817374,19.240000,17.946665
1.817775,19.240000,17.926666
1.818176,19.246666,17.959999
1.818577,19.253332,17.966665
1.818978,19.273333,18.000000
1.819380,19.299999,17.953333
1.819781,19.286665,17.966665
1.820182,19.340000,17.793333
1.820584,19.286665,17.993332
1.820985,19.313334,18.006666
1.821387,19.306665,18.013332
1.821788,19.273333,18.013332
1.822189,19.320000,18.006666
1.822591,19.333334,18.040001
1.822992,19.400000,17.799999
1.823393,19.333334,18.020000
1.823794,19.313334,18.040001
1.824196,19.393332,18.059999
1.824598,19.360001,18.033333
1.824999,19.393332,18.079998
1.825400,19.386665,18.086666
1.825802,19.393332,18.086666
1.826204,19.439999,18.059999
1.826606,19.366667,18.079998
1.827007,19.353334,18.126667
1.827409,19.433332,18.126667
1.827810,19.480000,18.126667
1.828212,19.446667,18.126667
1.828613,19.433332,18.126667
1.829014,19.420000,18.126667
1.829415,19.466667,18.106667
1.829817,19.433332,18.146666
1.830220,19.459999,18.160000
1.830621,19.400000,18.146666
1.831024,19.580000,18.139999
1.831426,19.406666,18.173334
1.831829,19.506666,18.160000
1.832231,19.473333,18.153334
1.832632,19.533333,18.186666
1.833035,19.526665,18.199999
1.833436,19.533333,18.180000
1.833838,19.559999,18.146666
1.834240,19.559999,18.246666
1.834641,19.546665,18.186666
1.835043,19.546665,18.199999
1.835444,19.519999,18.219999
1.835846,19.486668,18.213333
1.836247,19.573334,18.233332
1.836648,19.586666,18.206665
1.837050,19.613333,18.226665
1.837452,19.580000,18.233332
1.837854,19.580000,18.213333
1.838256,19.606667,18.333332
1.838657,19.719999,18.193333
1.839059,19.653332,18.246666
1.839460,19.613333,18.273333
1.839862,19.659998,18.266666
1.840264,19.620001,18.273333
1.840665,19.626667,18.286667
1.841066,19.620001,18.286667
1.841467,19.613333,18.280001
1.841868,19.633333,18.306667
1.842269,19.626667,18.293333
1.842671,19.659998,18.299999
1.843072,19.646666,18.293333
1.843473,19.646666,18.273333
1.843875,19.653332,18.306667
1.844277,19.673332,18.306667
1.844679,19.666666,18.313334
1.845080,19.699999,18.320000
1.845481,19.679998,18.333332
1.845882,19.686666,18.333332
1.846283,19.766666,18.320000
1.846684,19.686666,18.379999
1.847085,19.726667,18.353333
1.847486,19.699999,18.353333
1.847887,19.820000,18.346666
1.848288,19.719999,18.353333
1.848690,19.713333,18.326666
1.849091,19.686666,18.346666
1.849492,19.733334,18.406666
1.849893,19.733334,18.353333
1.850294,19.726667,18.373333
1.850695,19.580000,18.353333
1.851098,19.740000,18.359999
1.851499,19.760000,18.400000
1.851900,19.733334,18.393333
1.852302,19.746666,18.359999
1.852703,19.713333,18.393333
1.853105,19.753334,18.400000
1.853506,19.740000,18.353333
1.853907,19.826666,18.359999
1.854309,19.799999,18.400000
1.854710,19.753334,18.406666
1.855113,19.753334,18.520000
1.855514,19.679998,18.379999
1.855916,19.666666,18.326666
1.856318,19.753334,18.406666
1.856719,19.766666,18.400000
1.857120,19.733334,18.400000
1.857521,19.753334,18.400000
1.857923,19.779999,18.393333
1.858324,19.766666,18.420000
1.858725,19.813332,18.446667
1.859127,19.686666,18.426666
1.859528,19.779999,18.426666
1.859930,19.793333,18.420000
1.860332,19.793333,18.420000
1.860733,19.806665,18.420000
1.861134,19.806665,18.426666
1.861536,19.793333,18.440001
1.861937,19.786665,18.413334
1.862339,19.820000,18.433334
1.862741,19.799999,18.440001
1.863142,19.826666,18.446667
1.863543,19.753334,18.440001
1.863944,19.779999,18.413334
1.864346,19.760000,18.400000
1.864747,19.880001,18.446667
1.865148,19.820000,18.420000
1.865549,19.820000,18.420000
1.865951,19.806665,18.453333
1.866354,19.820000,18.426666
1.866755,19.806665,18.446667
1.867157,19.813332,18.420000
1.867558,19.766666,18.459999
1.867960,19.833332,18.446667
1.868366,19.813332,18.646666
1.868767,19.826666,18.719999
1.869169,19.753334,18.446667
1.869570,19.880001,18.446667
1.869971,19.713333,18.459999
1.870373,19.833332,18.453333
1.870775,19.820000,18.459999
1.871176,19.853333,18.466665
1.871578,19.840000,18.526667
1.871979,19.806665,18.520000
1.872380,19.726667,18.459999
1.872781,19.833332,18.440001
1.873182,19.840000,18.400000
1.873584,19.866667,18.466665
1.873986,19.833332,18.466665
1.874389,19.833332,18.400000
1.874790,19.840000,18.553333
1.875192,19.826666,18.400000
1.875594,19.820000,18.446667
1.875996,19.840000,18.466665
1.876398,19.833332,18.526667
1.876799,19.833332,18.459999
1.877200,19.820000,18.359999
1.877602,19.826666,18.413334
1.878004,19.753334,18.406666
1.878406,19.786665,18.453333
1.878807,19.840000,18.440001
1.879208,19.900000,18.426666
1.879609,19.833332,18.446667
1.880010,19.779999,18.446667
1.880411,19.833332,18.393333
1.880813,19.853333,18.493332
1.881214,19.806665,18.466665
1.881616,19.806665,18.533333
1.882017,19.813332,18.420000
1.882419,19.813332,18.446667
1.882820,19.813332,18.440001
1.883221,19.820000,18.440001
1.883622,19.806665,18.493332
1.884023,19.813332,18.406666
1.884425,19.853333,18.446667
1.884827,19.833332,18.426666
1.885228,19.833332,18.446667
1.885629,19.826666,18.459999
1.886030,19.826666,18.459999
1.886432,19.826666,18.440001
1.886834,19.860001,18.426666
1.887236,19.840000,18.426666
1.887637,19.799999,18.420000
1.888038,19.799999,18.420000
1.888440,19.873333,18.400000
1.888842,19.746666,18.473331
1.889244,19.779999,18.426666
1.889645,19.679998,18.459999
1.890046,19.766666,18.400000
1.890447,20.020000,18.400000
1.890848,19.779999,18.426666
1.891249,19.779999,18.400000
1.891650,19.753334,18.353333
1.892051,19.793333,18.393333
1.892452,19.793333,18.400000
1.892853,19.786665,18.400000
1.893254,19.773333,18.353333
1.893656,19.793333,18.406666
1.894057,19.793333,18.359999
1.894459,19.726667,18.400000
1.894861,19.760000,18.379999
1.895262,19.753334,18.406666
1.895663,19.740000,18.400000
1.896066,19.733334,18.400000
1.896467,19.726667,18.420000
1.896868,19.826666,18.266666
1.897271,19.679998,18.400000
1.897673,19.693333,18.353333
1.898075,19.813332,18.373333
1.898477,19.733334,18.366667
1.898879,19.726667,18.393333
1.899280,19.733334,18.339998
1.899681,19.733334,18.359999
1.900082,19.719999,18.326666
1.900483,19.693333,18.339998
1.900884,19.706667,18.379999
1.901286,19.726667,18.346666
1.901687,19.820000,18.320000
1.902088,19.659998,18.299999
1.902489,19.699999,18.326666
1.902890,19.699999,18.366667
1.903292,19.693333,18.339998
1.903693,19.673332,18.273333
1.904099,19.673332,18.306667
1.904501,19.673332,18.293333
1.904902,19.646666,18.299999
1.905303,19.653332,18.286667
1.905704,19.626667,18.260000
1.906105,19.659998,18.286667
1.906506,19.533333,18.353333
1.906907,19.546665,18.266666
1.907308,19.633333,18.286667
1.907710,19.639999,18.280001
1.908112,19.613333,18.273333
1.908513,19.639999,18.266666
1.908914,19.626667,18.273333
1.909315,19.613333,18.273333
1.909717,19.593332,18.273333
1.910118,19.593332,18.273333
1.910519,19.573334,18.233332
1.910920,19.586666,18.233332
1.911322,19.566666,18.233332
1.911724,19.553333,18.226665
1.912126,19.573334,18.246666
1.912527,19.559999,18.213333
1.912928,19.566666,18.213333
1.913329,19.620001,18.246666
1.913730,19.513332,18.193333
1.914132,19.526665,18.180000
1.914533,19.546665,18.199999
1.914934,19.486668,18.160000
1.915335,19.506666,18.173334
1.915736,19.533333,18.199999
1.916138,19.480000,18.153334
1.916540,19.480000,18.146666
1.916942,19.459999,18.180000
1.917343,19.466667,18.139999
1.917744,19.453333,18.146666
1.918146,19.453333,18.139999
1.918547,19.439999,18.139999
1.918948,19.533333,18.199999
1.919350,19.473333,18.146666
1.919752,19.433332,18.126667
1.920153,19.453333,18.106667
1.920554,19.433332,18.099998
1.920956,19.413332,18.099998
1.921357,19.433332,18.086666
1.921758,19.466667,18.033333
1.922160,19.400000,18.246666
1.922561,19.480000,18.086666
1.922964,19.353334,18.066666
1.923365,19.393332,18.046667
1.923766,19.379999,18.046667
1.924167,19.366667,17.986666
1.924568,19.386665,18.086666
1.924969,19.346666,18.026667
1.925371,19.366667,18.033333
1.925772,19.366667,18.033333
1.926174,19.333334,18.020000
1.926577,19.333334,18.006666
1.926978,19.313334,18.013332
1.927379,19.286665,18.006666
1.927780,19.306665,17.993332
1.928181,19.279999,18.020000
1.928583,19.233334,17.906668
1.928984,19.240000,17.973333
1.929385,19.253332,17.993332
1.929786,19.246666,17.959999
1.930187,19.273333,17.886667
1.930588,19.219999,17.913334
1.930990,19.246666,17.900000
1.931391,19.253332,18.013332
1.931792,19.233334,17.706665
1.932193,19.219999,17.906668
1.932594,19.233334,17.886667
1.932996,19.213333,17.886667
1.933398,19.200001,17.859999
1.933799,19.233334,17.886667
1.934200,19.160000,17.859999
1.934601,19.160000,17.853333
1.935002,19.166666,17.840000
1.935404,19.160000,17.859999
1.935805,19.119999,17.853333
1.936207,19.133331,17.820000
1.936608,19.106667,17.846666
1.937010,19.113333,17.846666
1.937411,19.073334,18.086666
1.937812,19.113333,17.920000
1.938214,19.086666,17.859999
1.938615,19.080000,17.786667
1.939017,18.966667,17.879999
1.939419,19.033333,17.813332
1.939821,19.019999,17.746666
1.940223,19.059999,17.766666
1.940624,19.019999,17.740000
1.941025,19.019999,17.753334
1.941426,19.006666,17.746666
1.941827,18.940001,17.693333
1.942228,18.999998,17.726665
1.942629,18.993332,17.719999
1.943030,18.993332,17.713333
1.943432,18.966667,17.699999
1.943834,18.980000,17.686666
1.944235,18.993332,17.673332
1.944636,18.953333,17.666666
1.945037,18.920000,17.686666
1.945439,18.940001,17.666666
1.945840,18.893333,17.686666
1.946241,18.893333,17.639999
1.946642,18.906666,17.606667
1.947044,19.046667,17.613333
1.947445,18.886665,17.600000
1.947847,18.846666,17.613333
1.948248,18.846666,17.600000
1.948649,18.833334,17.539999
1.949050,18.833334,17.539999
1.949451,18.799999,17.593332
1.949852,18.793333,17.539999
1.950254,18.806667,17.526667
1.950655,18.826666,17.493334
1.951057,18.773333,17.506666
1.951458,18.826666,17.486666
1.951859,18.746666,17.473333
1.952260,18.746666,17.480000
1.952661,18.726665,17.453333
1.953063,18.746666,17.413332
1.953464,18.700001,17.459999
1.953866,18.693333,17.426666
1.954268,18.700001,17.426666
1.954669,18.680000,17.419998
1.955071,18.533333,17.393333
1.955472,18.686666,17.433332
1.955873,18.733332,17.366667
1.956274,18.646666,17.406666
1.956675,18.599998,17.360001
1.957077,18.606665,17.353333
1.957479,18.599998,17.333332
1.957880,18.613333,17.333332
1.958282,18.573334,17.333332
1.958683,18.520000,17.313332
1.959084,18.459999,17.320000
1.959485,18.546667,17.293333
1.959886,18.573334,17.279999
1.960287,18.486666,17.206667
1.960688,18.493332,17.219999
1.961090,18.486666,17.266666
1.961491,18.526667,17.260000
1.961892,18.440001,17.219999
1.962293,18.486666,17.240000
1.962694,18.459999,17.240000
1.963098,18.433334,17.186666
1.963499,18.400000,17.186666
1.963900,18.406666,17.173332
1.964302,18.406666,17.240000
1.964703,18.400000,17.166666
1.965105,18.386665,17.106667
1.965506,18.353333,17.126667
1.965908,18.353333,17.120001
1.966310,18.346666,17.039999
1.966711,18.320000,17.093332
1.967113,18.299999,17.039999
1.967514,18.299999,17.086666
1.967915,18.286667,16.786665
1.968316,18.280001,17.139999
1.968717,18.213333,17.106667
1.969119,18.213333,17.013332
1.969522,18.226665,17.019999
1.969924,18.199999,16.986668
1.970326,18.226665,16.980000
1.970727,18.213333,16.959999
1.971129,18.199999,16.946667
1.971530,18.160000,17.006666
1.971931,18.146666,16.953333
1.972332,18.166666,16.906666
1.972733,18.193333,16.906666
1.973134,18.206665,16.893332
1.973536,18.119999,16.900000
1.973937,18.106667,16.900000
1.974339,18.093332,16.906666
1.974740,18.079998,16.853334
1.975141,18.040001,16.786665
1.975543,18.040001,16.853334
1.975946,18.026667,16.846666
1.976348,18.066666,16.826666
1.976749,18.020000,16.853334
1.977150,18.013332,16.786665
1.977551,18.000000,16.813334
1.977953,17.959999,16.786665
1.978355,17.939999,16.753332
1.978756,18.040001,16.766666
1.979158,17.893333,16.713333
1.979559,17.926666,16.799999
1.979960,17.966665,16.440001
1.980365,17.853333,16.619999
1.980766,17.879999,16.706667
1.981167,17.793333,16.713333
1.981568,17.853333,16.639999
1.981969,17.826666,16.673332
1.982370,17.826666,16.639999
1.982771,17.799999,16.606667
1.983174,17.780001,16.593334
1.983575,17.760000,16.586666
1.983977,17.746666,16.580000
1.984378,17.760000,16.573334
1.984779,17.746666,16.573334
1.985180,17.746666,16.526667
1.985581,17.713333,16.519999
1.985982,17.693333,16.486666
1.986384,17.646667,16.526667
1.986786,17.673332,16.466667
1.987187,17.660000,16.446667
1.987588,17.619999,16.440001
1.987990,17.526667,16.420000
1.988391,17.539999,16.466667
1.988792,17.566666,16.406666
1.989193,17.533333,16.346666
1.989594,17.526667,16.353333
1.989995,17.559999,16.320000
1.990396,17.520000,16.346666
1.990797,17.480000,16.273333
1.991199,17.473333,16.320000
1.991601,17.473333,16.273333
1.992002,17.459999,16.253332
1.992403,17.446667,16.266666
1.992804,17.439999,16.240000
1.993206,17.380001,16.193333
1.993607,17.373333,16.219999
1.994008,17.346666,16.126665
1.994409,17.353333,16.160000
1.994810,17.346666,16.113333
1.995211,17.240000,16.099998
1.995612,17.333332,16.106665
1.996013,17.326666,16.113333
1.996415,17.279999,16.053333
1.996816,17.326666,16.279999
1.997217,17.320000,16.013332
1.997618,17.206667,15.973332
1.998020,17.106667,15.993333
1.998422,17.253334,15.980000
1.998824,17.206667,15.980000
1.999225,17.173332,15.946666
1.999626,17.133333,15.933333
2.000027,17.106667,15.920000
2.000429,17.126667,15.980000
2.000830,17.113333,15.833333
2.001231,17.093332,15.853333
2.001634,17.059999,15.839999
2.002035,17.059999,15.853333
2.002437,17.026665,15.799999
2.002839,17.019999,15.826667
2.003240,17.006666,15.786667
2.003643,16.993334,15.393333
2.004044,16.913332,15.806666
2.004445,16.939999,15.746666
2.004846,16.973333,15.693334
2.005247,16.946667,15.679999
2.005649,17.080000,15.760000
2.006051,16.920000,15.660000
2.006452,16.846666,15.660000
2.006854,16.893332,15.633333
