0.000000,15.260000,14.059999
0.000401,15.280000,14.053333
0.000802,15.280000,14.080000
0.001204,15.313333,14.080000
0.001607,15.326667,14.166666
0.002008,15.340000,14.120000
0.002409,15.379999,14.173332
0.002812,15.393333,14.166666
0.003213,15.553332,14.160000
0.003615,15.446666,14.259999
0.004016,15.379999,14.200001
0.004417,15.406667,14.239999
0.004819,15.553332,14.266667
0.005220,15.520000,14.266667
0.005621,15.560000,14.299999
0.006022,15.573333,14.233333
0.006423,15.619999,14.353333
0.006824,15.560000,14.380000
0.007226,15.626667,14.540000
0.007627,15.653334,14.406667
0.008030,15.686666,14.459999
0.008431,15.706666,14.459999
0.008832,15.720000,14.486667
0.009234,15.733333,14.493333
0.009635,15.786667,14.493333
0.010038,15.799999,14.506667
0.010439,15.819999,14.573334
0.010841,15.793333,14.540000
0.011242,16.099998,14.600000
0.011644,15.879999,14.626666
0.012045,15.900000,14.613333
0.012447,15.920000,14.666667
0.012848,15.980000,14.713333
0.013249,15.973332,14.646667
0.013650,15.940000,14.693333
0.014051,16.000000,14.706667
0.014453,16.020000,14.746666
0.014854,15.986667,14.759999
0.015255,16.059999,14.773334
0.015657,16.086666,14.773334
0.016058,16.066668,14.813333
0.016461,16.139999,14.766665
0.016862,16.126665,14.846666
0.017263,16.160000,14.873333
0.017664,16.126665,14.873333
0.018065,16.200001,14.926667
0.018467,16.226665,14.886666
0.018868,16.173334,14.953333
0.019269,16.266666,14.953333
0.019670,16.293333,14.953333
0.020071,16.313334,14.953333
0.020472,16.346666,15.073333
0.020874,16.353333,15.100000
0.021276,16.359999,15.073333
0.021678,16.313334,15.086666
0.022079,16.346666,15.139999
0.022481,16.426666,15.106667
0.022882,16.519999,15.159999
0.023283,16.426666,15.166667
0.023684,16.559999,15.200000
0.024085,16.526667,15.173333
0.024487,16.639999,15.233334
0.024888,16.546667,15.340000
0.025289,16.573334,15.253334
0.025691,16.553333,15.306666
0.026093,16.686666,15.260000
0.026494,16.633331,15.286666
0.026895,16.646666,15.359999
0.027296,16.686666,15.366667
0.027698,16.700001,15.393333
0.028099,16.733334,15.453334
0.028500,16.726667,15.400000
0.028901,16.700001,15.413333
0.029303,16.740000,15.426665
0.029706,16.766666,15.473333
0.030108,16.766666,15.460000
0.030510,16.786665,15.393333
0.030911,16.826666,15.513332
0.031312,16.833334,15.520000
0.031713,16.853334,15.560000
0.032114,16.866667,15.579999
0.032515,16.900000,15.586667
0.032916,16.906666,15.626667
0.033317,16.920000,15.606667
0.033718,16.920000,15.653334
0.034119,16.920000,15.666666
0.034520,16.933332,15.660000
0.034921,16.953333,15.700000
0.035323,16.986668,15.679999
0.035724,16.980000,15.700000
0.036125,17.019999,15.746666
0.036527,17.026665,15.773333
0.036929,17.039999,15.753332
0.037330,17.046665,15.760000
0.037732,17.059999,15.793333
0.038133,17.073334,15.866667
0.038536,17.146666,15.839999
0.038937,17.100000,15.886665
0.039340,17.126667,15.893333
0.039742,17.173332,15.833333
0.040144,17.159998,15.920000
0.040546,17.153332,15.913334
0.040947,17.286665,15.926666
0.041348,17.193333,16.013332
0.041749,17.213333,15.980000
0.042151,17.246666,15.980000
0.042552,17.260000,16.026667
0.042953,17.273333,16.026667
0.043354,17.306665,15.980000
0.043756,17.306665,15.819999
0.044158,17.326666,16.099998
0.044560,17.306665,16.106665
0.044962,17.380001,16.126665
0.045363,17.346666,15.946666
0.045765,17.373333,16.126665
0.046166,17.333332,16.133333
0.046568,17.279999,16.180000
0.046970,17.426666,16.193333
0.047372,17.459999,16.219999
0.047774,17.453333,16.219999
0.048176,17.473333,16.253332
0.048577,17.473333,16.233332
0.048980,17.493334,16.353333
0.049381,17.639999,16.313334
0.049782,17.573332,16.313334
0.050183,17.586666,16.279999
0.050584,17.593332,16.359999
0.050985,17.613333,16.353333
0.051387,17.606667,16.379999
0.051788,17.639999,16.373333
0.052190,17.633333,16.433332
0.052591,17.686666,16.446667
0.052992,17.679998,16.400000
0.053394,17.679998,16.446667
0.053796,17.686666,16.460001
0.054198,17.726665,16.466667
0.054599,17.733334,16.513332
0.055000,17.753334,16.506666
0.055402,17.746666,16.526667
0.055803,17.746666,16.619999
0.056205,17.780001,16.553333
0.056606,17.740000,16.526667
0.057008,17.806665,16.639999
0.057409,17.859999,16.593334
0.057810,17.826666,16.653332
0.058212,17.806665,16.633331
0.058613,17.866667,16.633331
0.059016,17.893333,16.680000
0.059417,17.873333,16.680000
0.059819,17.920000,16.680000
0.060220,17.946665,16.726667
0.060622,17.933332,16.726667
0.061025,17.920000,16.740000
0.061427,18.006666,16.726667
0.061828,17.980000,16.740000
0.062229,17.980000,16.786665
0.062630,18.040001,16.853334
0.063032,18.020000,16.786665
0.063434,17.980000,16.820000
0.063835,18.033333,16.820000
0.064237,18.033333,16.806665
0.064638,18.073332,16.826666
0.065040,18.113333,16.873333
0.065442,18.086666,16.886665
0.065843,18.113333,16.806665
0.066244,18.146666,16.900000
0.066645,18.126667,16.886665
0.067046,18.133333,16.900000
0.067448,18.146666,16.900000
0.067849,18.180000,16.920000
0.068251,18.126667,16.913332
0.068652,18.219999,16.906666
0.069053,18.199999,16.946667
0.069455,18.173334,16.959999
0.069857,18.240000,16.959999
0.070258,18.299999,16.993334
0.070659,18.273333,17.026665
0.071060,18.286667,17.046665
0.071461,18.286667,16.920000
0.071862,18.313334,17.026665
0.072263,18.313334,17.059999
0.072665,18.286667,17.013332
0.073066,18.326666,17.046665
0.073468,18.346666,17.093332
0.073869,18.366667,17.106667
0.074271,18.386665,17.086666
0.074673,18.386665,17.186666
0.075074,18.400000,17.113333
0.075476,18.400000,17.113333
0.075877,18.400000,17.133333
0.076278,18.426666,17.126667
0.076679,18.473331,17.186666
0.077080,18.440001,17.166666
0.077481,18.493332,17.186666
0.077883,18.480000,17.193333
0.078285,18.520000,17.193333
0.078686,18.513332,17.233334
0.079087,18.500000,17.179998
0.079488,18.539999,17.193333
0.079889,18.520000,17.240000
0.080291,18.559999,17.266666
0.080693,18.533333,17.266666
0.081094,18.606665,17.213333
0.081496,18.626665,17.366667
0.081897,18.606665,17.293333
0.082298,18.633333,17.313332
0.082700,18.786667,17.366667
0.083101,18.666666,17.340000
0.083502,18.639999,17.340000
0.083903,18.646666,17.373333
0.084305,18.653334,17.393333
0.084707,18.673334,17.393333
0.085108,18.686666,17.386667
0.085510,18.706667,17.406666
0.085912,18.706667,17.433332
0.086314,18.713333,17.433332
0.086715,18.753332,17.459999
0.087116,18.753332,17.366667
0.087517,18.733332,17.419998
0.087919,18.773333,17.333332
0.088320,18.773333,17.473333
0.088721,18.773333,17.459999
0.089122,18.773333,17.360001
0.089524,18.799999,17.473333
0.089927,18.733332,17.500000
0.090329,18.820000,17.520000
0.090730,18.886665,17.433332
0.091131,18.866665,17.520000
0.091533,18.873333,17.613333
0.091934,18.866665,17.539999
0.092335,18.879999,17.593332
0.092736,18.886665,17.606667
0.093137,18.906666,17.613333
0.093539,18.893333,17.606667
0.093941,18.926666,17.533333
0.094342,18.906666,17.660000
0.094744,18.893333,17.606667
0.095145,18.960001,17.333332
0.095546,18.953333,17.673332
0.095948,18.966667,17.613333
0.096349,18.973333,17.586666
0.096751,18.986666,17.679998
0.097153,18.999998,17.673332
0.097555,18.993332,17.666666
0.097956,19.053333,17.760000
0.098357,19.006666,17.746666
0.098759,18.999998,17.726665
0.099160,19.113333,17.719999
0.099562,19.059999,17.733334
0.099963,19.059999,17.746666
0.100365,19.093334,17.733334
0.100767,19.080000,17.653334
0.101168,19.080000,17.753334
0.101570,19.086666,17.826666
0.101971,19.106667,17.786667
0.102373,19.106667,17.766666
0.102774,19.113333,17.806665
0.103177,19.133331,17.793333
0.103578,19.180000,17.793333
0.103979,19.173332,17.799999
0.104381,19.173332,17.826666
0.104782,19.153332,17.840000
0.105183,19.219999,17.840000
0.105584,19.160000,17.840000
0.105985,19.186666,17.846666
0.106387,19.246666,17.886667
0.106789,19.186666,17.873333
0.107190,19.226667,17.733334
0.107591,19.226667,17.886667
0.107993,19.213333,17.906668
0.108394,19.240000,17.906668
0.108795,19.253332,17.913334
0.109196,19.246666,17.920000
0.109597,19.279999,17.939999
0.109998,19.279999,17.953333
0.110400,19.273333,17.973333
0.110801,19.279999,17.953333
0.111204,19.333334,18.000000
0.111605,19.286665,17.946665
0.112006,19.306665,18.033333
0.112408,19.286665,17.980000
0.112809,19.313334,18.026667
0.113211,19.326666,18.006666
0.113612,19.333334,18.020000
0.114013,19.360001,18.020000
0.114415,19.379999,18.006666
0.114817,19.393332,18.006666
0.115218,19.360001,18.079998
0.115619,19.346666,18.013332
0.116020,19.420000,18.033333
0.116421,19.286665,18.086666
0.116822,19.413332,18.020000
0.117223,19.426666,18.046667
0.117625,19.420000,17.893333
0.118026,19.413332,18.059999
0.118428,19.433332,18.066666
0.118829,19.420000,18.106667
0.119231,19.386665,18.086666
0.119632,19.426666,18.099998
0.120034,19.446667,18.086666
0.120436,19.433332,18.113333
0.120837,19.446667,18.066666
0.121239,19.466667,18.113333
0.121641,19.453333,18.119999
0.122042,19.519999,18.099998
0.122443,19.539999,18.099998
0.122844,19.473333,18.139999
0.123246,19.506666,18.113333
0.123647,19.439999,18.166666
0.124048,19.426666,18.153334
0.124449,19.533333,18.199999
0.124850,19.500000,18.126667
0.125251,19.533333,18.206665
0.125653,19.506666,18.146666
0.126054,19.546665,18.160000
0.126455,19.546665,18.186666
0.126856,19.593332,18.186666
0.127258,19.566666,18.186666
0.127659,19.559999,18.213333
0.128061,19.566666,18.186666
0.128463,19.573334,18.219999
0.128864,19.580000,18.213333
0.129265,19.613333,18.226665
0.129667,19.586666,18.240000
0.130068,19.639999,18.240000
0.130470,19.626667,18.226665
0.130871,19.586666,18.226665
0.131273,19.639999,18.240000
0.131675,19.626667,18.299999
0.132076,19.659998,18.240000
0.132477,19.613333,18.193333
0.132878,19.620001,18.146666
0.133280,19.653332,18.240000
0.133681,19.646666,18.286667
0.134083,19.659998,18.286667
0.134485,19.659998,18.286667
0.134887,19.679998,18.273333
0.135288,19.653332,18.273333
0.135689,19.679998,18.273333
0.136091,19.626667,18.273333
0.136494,19.699999,18.286667
0.136895,19.686666,18.326666
0.137296,19.686666,18.226665
0.137698,19.639999,18.326666
0.138099,19.659998,18.293333
0.138502,19.706667,18.333332
0.138903,19.719999,18.313334
0.139306,19.693333,18.326666
0.139707,19.706667,18.313334
0.140109,19.779999,18.359999
0.140510,19.679998,18.339998
0.140911,19.713333,18.359999
0.141312,19.713333,18.333332
0.141714,19.726667,18.339998
0.142116,19.733334,18.346666
0.142517,19.746666,18.353333
0.142918,19.706667,18.339998
0.143319,19.746666,18.393333
0.143722,19.746666,18.333332
0.144123,19.753334,18.333332
0.144524,19.733334,18.506666
0.144925,19.753334,18.533333
0.145326,19.699999,18.359999
0.145727,19.773333,18.373333
0.146128,19.760000,18.366667
0.146529,19.746666,18.359999
0.146931,19.793333,18.379999
0.147333,19.766666,18.379999
0.147734,19.773333,18.379999
0.148136,19.760000,18.400000
0.148537,19.760000,18.406666
0.148938,19.793333,18.379999
0.149341,19.779999,18.393333
0.149742,19.779999,18.406666
0.150144,19.799999,18.393333
0.150545,19.793333,18.400000
0.150946,19.786665,18.359999
0.151348,19.786665,18.400000
0.151749,19.779999,18.393333
0.152150,19.779999,18.580000
0.152552,19.813332,18.099998
0.152954,19.779999,18.400000
0.153355,19.773333,18.420000
0.153756,19.900000,18.426666
0.154157,19.799999,18.400000
0.154558,19.826666,18.440001
0.154960,19.840000,18.353333
0.155361,19.826666,18.413334
0.155762,19.806665,18.420000
0.156164,19.806665,18.406666
0.156565,19.726667,18.406666
0.156966,19.773333,18.393333
0.157368,19.893333,18.400000
0.157769,19.799999,18.406666
0.158170,19.826666,18.393333
0.158571,19.833332,18.413334
0.158972,19.840000,18.426666
0.159374,19.833332,18.420000
0.159775,19.826666,18.453333
0.160176,19.833332,18.400000
0.160578,19.840000,18.400000
0.160979,19.826666,18.420000
0.161380,19.840000,18.453333
0.161781,19.866667,18.440001
0.162182,19.806665,18.459999
0.162583,19.840000,18.406666
0.162984,19.826666,18.420000
0.163385,19.813332,18.413334
0.163786,19.833332,18.386665
0.164188,19.840000,18.440001
0.164590,19.853333,18.426666
0.164991,19.880001,18.426666
0.165393,19.846666,18.400000
0.165795,19.846666,18.406666
0.166196,19.833332,18.526667
0.166597,19.840000,18.400000
0.166998,19.840000,18.473331
0.167401,19.826666,18.506666
0.167802,19.833332,18.406666
0.168203,19.833332,18.426666
0.168605,19.846666,18.346666
0.169006,19.833332,18.426666
0.169408,19.826666,18.440001
0.169809,19.840000,18.420000
0.170210,19.853333,18.420000
0.170611,19.806665,18.400000
0.171013,19.833332,18.440001
0.171415,19.826666,18.426666
0.171816,19.826666,18.440001
0.172218,19.813332,18.420000
0.172619,19.806665,18.400000
0.173020,19.813332,18.400000
0.173422,19.826666,18.406666
0.173823,19.833332,18.426666
0.174225,19.760000,18.420000
0.174626,19.806665,18.446667
0.175028,19.833332,18.400000
0.175429,19.826666,18.400000
0.175831,19.733334,18.413334
0.176232,19.833332,18.400000
0.176633,19.820000,18.400000
0.177035,19.820000,18.446667
0.177436,19.820000,18.406666
0.177837,19.793333,18.386665
0.178239,19.779999,18.379999
0.178640,19.746666,18.420000
0.179041,19.866667,18.379999
0.179442,19.806665,18.373333
0.179843,19.779999,18.426666
0.180245,19.806665,18.400000
0.180647,19.806665,18.400000
0.181048,19.799999,18.406666
0.181449,19.779999,18.400000
0.181850,19.786665,18.400000
0.182252,19.786665,18.333332
0.182654,19.766666,18.326666
0.183055,19.726667,18.539999
0.183456,19.786665,18.379999
0.183857,19.786665,18.373333
0.184259,19.760000,18.366667
0.184660,19.760000,18.359999
0.185061,19.753334,18.393333
0.185463,19.813332,18.373333
0.185864,19.740000,18.366667
0.186266,19.799999,18.379999
0.186667,19.726667,18.320000
0.187068,19.686666,18.346666
0.187469,19.719999,18.346666
0.187871,19.733334,18.333332
0.188272,19.799999,18.359999
0.188674,19.726667,18.333332
0.189075,19.740000,18.153334
0.189476,19.713333,18.426666
0.189877,19.659998,18.353333
0.190279,19.673332,18.333332
0.190680,19.713333,18.333332
0.191082,19.706667,18.299999
0.191484,19.639999,18.326666
0.191885,19.719999,18.286667
0.192286,19.713333,18.339998
0.192687,19.706667,18.346666
0.193089,19.686666,18.286667
0.193490,19.639999,18.293333
0.193892,19.693333,18.266666
0.194295,19.686666,18.313334
0.194696,19.653332,18.286667
0.195097,19.666666,18.273333
0.195498,19.673332,18.273333
0.195899,19.659998,18.273333
0.196300,19.639999,18.273333
0.196702,19.673332,18.273333
0.197103,19.659998,18.273333
0.197504,19.620001,18.286667
0.197905,19.633333,18.273333
0.198306,19.633333,18.273333
0.198707,19.646666,18.266666
0.199109,19.553333,18.253332
0.199511,19.600000,18.240000
0.199913,19.606667,18.213333
0.200314,19.620001,18.206665
0.200715,19.593332,18.193333
0.201116,19.593332,18.226665
0.201518,19.586666,18.206665
0.201920,19.620001,18.180000
0.202321,19.580000,18.193333
0.202722,19.580000,18.206665
0.203123,19.573334,18.240000
0.203524,19.573334,18.186666
0.203925,19.566666,18.160000
0.204326,19.526665,18.173334
0.204727,19.433332,18.186666
0.205128,19.519999,18.153334
0.205530,19.533333,18.166666
0.205932,19.519999,18.153334
0.206333,19.519999,18.146666
0.206735,19.526665,18.213333
0.207136,19.400000,18.180000
0.207537,19.506666,18.153334
0.207938,19.480000,18.146666
0.208341,19.473333,18.139999
0.208742,19.426666,18.146666
0.209143,19.446667,18.139999
0.209544,19.453333,18.093332
0.209945,19.453333,18.146666
0.210347,19.433332,18.113333
0.210748,19.439999,18.113333
0.211149,19.459999,18.206665
0.211550,19.426666,18.079998
0.211951,19.426666,18.033333
0.212353,19.420000,18.059999
0.212754,19.433332,18.059999
0.213155,19.426666,17.986666
0.213557,19.393332,18.053333
0.213958,19.379999,18.026667
0.214360,19.386665,18.046667
0.214762,19.393332,18.020000
0.215163,19.393332,18.026667
0.215564,19.340000,18.006666
0.215965,19.320000,18.013332
0.216367,19.360001,17.953333
0.216768,19.200001,18.020000
0.217170,19.340000,18.000000
0.217572,19.340000,18.006666
0.217973,19.326666,17.980000
0.218374,19.306665,17.980000
0.218775,19.299999,17.953333
0.219176,19.259998,18.046667
0.219577,19.266666,17.953333
0.219979,19.273333,17.926666
0.220381,19.259998,17.966665
0.220782,19.286665,17.966665
0.221184,19.253332,17.939999
0.221586,19.233334,17.900000
0.221987,19.219999,17.853333
0.222388,19.219999,17.886667
0.222789,19.246666,17.926666
0.223190,19.273333,17.893333
0.223591,19.180000,17.886667
0.223993,19.193333,17.859999
0.224395,19.200001,17.859999
0.224796,19.200001,17.846666
0.225197,19.180000,17.853333
0.225598,19.200001,17.859999
0.226000,19.146666,18.273333
0.226401,19.160000,17.799999
0.226803,19.133331,17.799999
0.227205,19.126665,17.859999
0.227607,19.113333,17.813332
0.228008,19.119999,17.760000
0.228409,19.119999,17.806665
0.228810,19.106667,17.760000
0.229211,19.086666,17.760000
0.229612,19.080000,17.760000
0.230014,19.093334,17.746666
0.230416,19.100000,17.766666
0.230817,19.126665,17.726665
0.231219,19.046667,17.713333
0.231621,19.019999,17.766666
0.232022,19.013332,17.673332
0.232423,19.026667,17.726665
0.232824,19.019999,17.699999
0.233225,19.006666,17.593332
0.233626,18.999998,17.706665
0.234027,18.980000,17.673332
0.234429,18.999998,17.679998
0.234830,18.926666,17.639999
0.235231,18.960001,17.673332
0.235632,18.913332,17.673332
0.236033,18.926666,17.633333
0.236435,18.893333,17.619999
0.236836,18.913332,17.606667
0.237238,18.913332,17.606667
0.237639,18.946667,17.539999
0.238040,18.879999,17.606667
0.238443,18.973333,17.539999
0.238846,18.873333,17.600000
0.239247,18.859999,17.619999
0.239649,18.833334,17.539999
0.240050,18.920000,17.500000
0.240452,18.793333,17.539999
0.240854,18.806667,17.473333
0.241255,18.726665,17.473333
0.241656,18.773333,17.473333
0.242057,18.793333,17.473333
0.242458,18.766666,17.459999
0.242860,18.746666,17.433332
0.243261,18.746666,17.500000
0.243662,18.726665,17.433332
0.244064,18.746666,17.473333
0.244465,18.713333,17.419998
0.244866,18.713333,17.400000
0.245268,18.673334,17.393333
0.245670,18.673334,17.373333
0.246072,18.666666,17.326666
0.246473,18.660000,17.360001
0.246874,18.639999,17.400000
0.247276,18.686666,17.253334
0.247677,18.673334,17.293333
0.248078,18.626665,17.320000
0.248479,18.619999,17.173332
0.248881,18.566668,17.233334
0.249282,18.559999,17.293333
0.249683,18.586666,17.293333
0.250084,18.553333,17.266666
0.250486,18.553333,17.273333
0.250887,18.526667,17.240000
0.251289,18.533333,17.219999
0.251690,18.559999,17.219999
0.252091,18.500000,17.253334
0.252493,18.473331,17.193333
0.252894,18.500000,17.213333
0.253295,18.433334,17.139999
0.253696,18.453333,17.186666
0.254097,18.433334,17.166666
0.254498,18.420000,17.153332
0.254899,18.413334,17.159998
0.255301,18.406666,17.120001
0.255703,18.353333,17.106667
0.256104,18.353333,17.106667
0.256506,18.299999,17.086666
0.256907,18.359999,17.059999
0.257308,18.320000,17.073334
0.257709,18.333332,17.059999
0.258110,18.333332,17.113333
0.258511,18.320000,17.053333
0.258912,18.299999,17.013332
0.259313,18.280001,17.033333
0.259715,18.273333,16.993334
0.260116,18.266666,16.993334
0.260518,18.260000,16.993334
0.260919,18.226665,16.926666
0.261321,18.233332,16.973333
0.261723,18.173334,16.906666
0.262124,18.173334,16.946667
0.262525,18.199999,16.959999
0.262927,18.186666,16.906666
0.263329,18.153334,16.913332
0.263730,18.079998,16.886665
0.264131,18.146666,16.906666
0.264532,18.133333,16.860001
0.264934,18.113333,16.846666
0.265335,18.079998,16.873333
0.265736,18.126667,16.853334
0.266137,18.079998,16.853334
0.266538,18.059999,16.806665
0.266940,18.046667,16.833334
0.267341,18.026667,16.793333
0.267743,17.986666,16.786665
0.268144,18.000000,16.786665
0.268546,17.953333,16.779999
0.268947,17.973333,16.593334
0.269348,17.953333,16.740000
0.269749,17.933332,16.713333
0.270150,17.939999,16.786665
0.270551,17.900000,16.926666
0.270953,17.893333,16.706667
0.271354,17.900000,16.693333
0.271755,17.993332,16.586666
0.272156,17.846666,16.653332
0.272558,17.873333,16.693333
0.272959,17.873333,16.619999
0.273361,17.840000,16.759998
0.273762,17.866667,16.600000
0.274163,17.826666,16.586666
0.274564,17.793333,16.553333
0.274965,17.773333,16.573334
0.275367,17.786667,16.559999
0.275769,17.753334,16.559999
0.276170,17.726665,16.446667
0.276571,17.719999,16.466667
0.276972,17.706665,16.646666
0.277374,17.673332,16.453333
0.277776,17.699999,16.379999
0.278178,17.660000,16.413332
0.278579,17.633333,16.386665
0.278980,17.606667,16.420000
0.279381,17.586666,16.446667
0.279783,17.566666,16.326666
0.280184,17.539999,16.346666
0.280585,17.533333,16.320000
0.280986,17.526667,16.313334
0.281388,17.453333,16.273333
0.281789,17.419998,16.273333
0.282191,17.473333,16.086666
0.282593,17.426666,16.306667
0.282994,17.393333,16.213333
0.283395,17.446667,16.200001
0.283796,17.426666,16.200001
0.284197,17.400000,16.193333
0.284598,17.386667,16.126665
0.284999,17.353333,16.126665
0.285401,17.353333,16.106665
0.285803,17.360001,16.099998
0.286204,17.333332,16.099998
0.286605,17.340000,16.099998
0.287006,17.346666,16.059999
0.287408,17.346666,16.039999
0.287809,17.260000,16.020000
0.288211,17.253334,15.973332
0.288612,17.260000,16.000000
0.289013,17.213333,15.946666
0.289415,17.226667,15.973332
0.289817,17.193333,15.920000
0.290218,17.126667,15.926666
0.290619,17.179998,15.913334
0.291020,17.133333,15.886665
0.291422,17.173332,15.913334
0.291824,17.106667,15.786667
0.292226,17.113333,15.873333
0.292628,17.106667,15.826667
0.293030,17.039999,15.819999
0.293431,17.039999,15.746666
0.293833,17.026665,15.760000
0.294234,17.000000,15.746666
0.294636,16.993334,15.720000
0.295039,16.980000,15.733333
0.295440,16.973333,15.720000
0.295841,16.953333,15.666666
0.296242,16.946667,15.700000
0.296644,16.959999,15.906666
0.297045,16.906666,15.633333
0.297447,16.860001,15.593333
0.297850,16.893332,15.606667
0.298251,16.840000,15.586667
0.298652,16.879999,15.553332
0.299053,16.860001,15.553332
0.299454,16.740000,15.546666
0.299856,16.820000,15.486666
0.300258,16.786665,15.486666
0.300660,16.786665,15.586667
0.301061,16.759998,15.466666
0.301463,16.753332,15.466666
0.301866,16.746666,15.393333
0.302267,16.666666,15.393333
0.302669,16.680000,15.393333
0.303070,16.746666,15.333333
0.303471,16.673332,15.359999
0.303873,16.653332,15.346666
0.304274,16.646666,15.340000
0.304676,16.600000,15.273333
0.305077,16.660000,15.393333
0.305478,16.660000,15.546666
0.305879,16.586666,15.173333
0.306280,16.526667,15.393333
0.306682,16.546667,15.273333
0.307083,16.513332,15.133333
0.307485,16.706667,15.133333
0.307887,16.506666,15.219999
0.308288,16.446667,15.093332
0.308689,16.440001,15.159999
0.309092,16.359999,15.086666
0.309494,16.366665,14.953333
0.309895,16.340000,14.953333
0.310297,16.313334,14.953333
0.310698,16.299999,14.953333
0.311100,16.286667,14.953333
0.311502,16.273333,15.219999
0.311904,16.246666,14.953333
0.312306,16.219999,14.926667
0.312708,16.253332,14.919999
0.313109,16.146666,14.853333
0.313510,16.166666,14.873333
0.313911,16.119999,14.840000
0.314313,16.126665,14.860001
0.314715,16.099998,14.873333
0.315117,16.086666,14.780000
0.315519,16.080000,14.946667
0.315920,16.026667,14.600000
0.316322,16.020000,14.719999
0.316723,15.993333,14.646667
0.317124,15.973332,14.719999
0.317525,15.940000,14.673333
0.317926,15.933333,14.719999
0.318328,16.006666,14.613333
0.318729,15.900000,14.626666
0.319131,15.926666,14.613333
0.319532,15.799999,14.580000
0.319934,15.860000,14.580000
0.320335,15.726666,14.506667
0.320736,15.780001,14.513333
0.321138,15.660000,14.506667
0.321539,15.746666,14.513333
0.321941,15.720000,14.393332
0.322342,15.713334,14.480000
0.322743,15.660000,14.433332
0.323144,15.606667,14.380000
0.323545,15.606667,14.593332
0.323948,15.593333,14.373332
0.324349,15.619999,14.373332
0.324750,15.613333,14.346666
0.325151,15.579999,14.306665
0.325552,15.560000,14.293333
0.325954,15.493332,14.266667
0.326355,15.460000,14.173332
0.326756,15.473333,14.233333
0.327157,15.446666,14.219999
0.327558,15.419999,14.186666
0.327959,15.413333,14.173332
0.328361,15.353333,14.186666
0.328762,15.359999,14.026667
0.329165,15.313333,14.093333
0.329566,15.266666,14.093333
0.329967,15.080000,14.086666
0.330368,15.179999,14.020000
0.330769,15.313333,14.026667
0.331171,15.226665,14.033333
0.331572,15.200000,13.993333
0.331973,15.053332,13.993333
0.332374,15.173333,13.960000
0.332775,15.173333,13.946667
0.333178,15.113333,13.940001
0.333579,15.113333,13.900000
0.333980,15.020000,13.893333
0.334381,14.953333,13.900000
0.334784,14.953333,13.833333
0.335186,14.953333,13.820000
0.335588,14.913333,13.799999
0.335990,15.000000,13.793333
0.336392,14.926667,13.759999
0.336793,14.873333,13.759999
0.337194,14.873333,13.673334
0.337596,14.899999,13.693333
0.337998,14.833332,13.653334
0.338400,14.766665,13.700000
0.338801,14.780000,13.539999
0.339203,14.746666,13.559999
0.339605,14.713333,13.539999
0.340007,14.713333,13.646666
0.340408,14.693333,13.539999
0.340809,14.673333,13.533333
0.341210,14.640000,13.500000
0.341612,14.620000,13.500000
0.342013,14.600000,13.466666
0.342415,14.553333,13.420000
0.342816,14.553333,13.413334
0.343218,14.719999,13.440000
0.343619,14.533334,13.386665
0.344020,14.486667,13.346667
0.344422,14.473333,13.353333
0.344823,14.446667,13.379999
0.345225,14.439999,13.120000
0.345627,14.380000,13.133333
0.346028,14.353333,13.233334
0.346429,14.346666,13.233334
0.346830,14.353333,13.226666
0.347231,14.213333,13.280000
0.347632,14.280000,13.106667
0.348034,14.273334,13.133333
0.348435,14.226666,13.126666
0.348838,14.193333,13.086667
0.349240,14.186666,13.100000
0.349641,14.133332,13.120000
0.350042,14.146667,13.046666
0.350443,14.160000,13.020000
0.350844,14.166666,12.960000
0.351245,14.080000,12.966667
0.351646,14.059999,12.946667
0.352048,14.033333,12.946667
0.352449,13.993333,12.933333
0.352852,14.033333,12.940000
0.353253,13.979999,12.906667
0.353654,13.946667,12.860000
0.354055,13.913332,12.886666
0.354456,13.960000,12.826667
0.354859,13.846665,12.793333
0.355261,13.839999,12.799999
0.355663,13.826666,12.693334
0.356066,13.799999,12.840000
0.356467,13.799999,12.593333
0.356870,13.866666,12.646667
0.357271,13.720000,12.593333
0.357672,13.853333,12.660000
0.358075,13.653334,12.593333
0.358477,13.653334,12.580000
0.358878,13.620000,12.586666
0.359279,13.559999,12.559999
0.359681,13.606666,12.506667
0.360082,13.506666,12.513333
0.360483,13.599999,12.513333
0.360884,13.513332,12.426666
0.361285,13.493333,12.446667
0.361686,13.466666,12.426666
0.362087,13.393333,12.400000
0.362490,13.413334,12.346666
0.362892,13.440000,11.993333
0.363293,13.353333,12.326666
0.363694,13.280000,12.313334
0.364095,13.339999,12.280000
0.364496,13.300000,12.153333
0.364897,13.273334,12.306666
0.365298,13.366667,12.139999
0.365700,13.193333,12.200000
0.366101,13.220000,12.080000
0.366502,13.179999,12.080000
0.366903,13.160000,12.086666
0.367305,13.126666,12.086666
0.367707,13.100000,12.139999
0.368108,13.100000,12.006666
0.368509,13.053332,12.033333
0.368911,13.000000,11.933332
0.369313,13.006666,11.953333
0.369714,13.006666,11.980000
0.370116,12.953333,11.953333
0.370517,12.953333,11.886666
0.370918,12.960000,11.893333
0.371319,12.886666,11.833333
0.371720,12.893333,11.833333
0.372121,12.946667,11.833333
0.372523,12.806666,11.806666
0.372924,12.833333,11.786667
0.373326,12.773334,11.679999
0.373728,12.773334,11.840000
0.374130,12.700000,11.753333
0.374531,12.760000,11.679999
0.374933,12.700000,11.640000
0.375335,12.666666,11.606667
0.375736,12.640000,11.599999
0.376139,12.606667,11.633333
0.376540,12.613333,11.546666
0.376941,12.553333,11.546666
0.377342,12.526666,11.513333
0.377745,12.580000,11.473332
0.378146,12.486667,11.480000
0.378548,12.459999,11.440000
0.378949,12.413333,11.360000
0.379350,12.373333,11.400000
0.379752,12.420000,11.440000
0.380153,12.400000,11.373333
0.380556,12.339999,11.253333
0.380958,12.366667,11.326667
0.381360,12.306666,11.293333
0.381761,12.293333,11.353333
0.382162,12.306666,11.266666
0.382563,12.306666,11.206666
0.382964,12.226666,11.166666
0.383367,12.173333,11.186666
0.383768,12.106667,11.146667
0.384170,12.173333,11.139999
0.384571,12.073333,11.113334
0.384972,12.066666,11.106667
0.385374,12.080000,11.099999
0.385775,11.993333,11.020000
0.386176,11.966666,11.366667
0.386578,11.966666,10.993334
0.386979,11.913333,11.006666
0.387381,11.886666,10.953333
0.387782,11.900000,10.926667
0.388183,11.873333,10.920000
0.388584,11.840000,11.000000
0.388986,11.806666,10.853333
0.389388,11.793333,10.840000
0.389789,11.780000,10.813333
0.390191,11.720000,10.793333
0.390593,11.726666,10.700000
0.390994,11.593333,10.759999
0.391395,11.673333,10.726666
0.391798,11.673333,10.706666
0.392199,11.640000,10.666667
0.392600,11.599999,10.666667
0.393002,11.553333,10.653334
0.393403,11.553333,10.626666
0.393804,11.533333,10.586667
0.394206,11.506666,10.593333
0.394607,11.446667,10.526667
0.395008,11.433333,10.493333
0.395409,11.440000,10.493333
0.395812,11.406666,10.493333
0.396213,11.373333,10.440000
0.396615,11.339999,10.346666
0.397016,11.300000,10.400000
0.397417,11.280000,10.353333
0.397818,11.280000,10.320000
0.398219,11.153333,10.353333
0.398621,11.213333,10.320000
0.399022,11.186666,10.313334
0.399423,11.186666,10.286666
0.399825,11.139999,10.233333
0.400226,11.139999,10.673333
0.400628,11.099999,10.179999
0.401029,11.066667,10.166666
0.401430,11.046666,10.140000
0.401831,10.993334,10.040000
0.402233,11.006666,10.080000
0.402635,10.993334,10.046666
0.403037,10.953333,10.033333
0.403438,10.806666,10.033333
0.403839,10.893332,10.026666
0.404241,10.866667,9.966666
0.404642,10.853333,9.933333
0.405045,10.833333,9.940001
0.405447,10.720000,9.906666
0.405848,10.766666,9.913333
0.406249,10.740000,9.846666
0.406650,10.706666,9.953333
0.407051,10.773334,9.846666
0.407453,10.733334,9.793333
0.407854,10.660000,9.753333
0.408255,10.660000,9.773333
0.408656,10.593333,9.719999
0.409058,10.533334,9.693333
0.409460,10.540000,9.686666
0.409861,10.506666,9.626666
0.410262,10.486666,9.626666
0.410663,10.460000,9.613334
0.411064,10.440000,9.299999
0.411465,10.446667,9.559999
0.411866,10.386666,9.526667
0.412267,10.346666,9.473333
0.412668,10.440000,9.346666
0.413071,10.320000,9.460000
0.413472,10.260000,9.346666
0.413875,10.260000,9.346666
0.414277,10.240000,9.293333
0.414678,10.219999,9.440000
0.415080,10.213333,9.340000
0.415482,10.166666,9.299999
0.415884,10.153333,9.126666
0.416285,10.133333,9.260000
0.416687,10.120000,9.240000
0.417088,10.080000,9.213333
0.417489,10.066667,9.193333
0.417891,10.026666,9.160000
0.418292,10.000000,9.140000
0.418693,10.073334,9.120000
0.419094,9.966666,9.093333
0.419496,9.946667,9.039999
0.419897,9.893332,9.039999
0.420298,9.880000,9.106667
0.420699,9.853333,9.006666
0.421100,9.706666,9.106667
0.421502,9.813334,8.946667
0.421903,9.780000,8.946667
0.422304,9.780000,8.913333
0.422705,9.746667,8.886666
0.423106,9.666667,8.740000
0.423509,9.680000,8.880000
0.423911,9.673333,8.740000
0.424312,9.866667,8.793333
0.424714,9.633333,8.913333
0.425115,9.606667,8.726666
0.425516,9.553333,8.693334
0.425917,9.533333,8.726666
0.426319,9.446667,8.653333
0.426720,9.480000,8.639999
0.427121,9.466666,8.653333
0.427522,9.346666,8.613334
0.427925,9.393333,8.513332
0.428326,9.346666,8.560000
0.428728,9.326667,8.540000
0.429129,9.293333,8.526667
0.429530,9.280000,8.473333
0.429931,9.266666,8.453333
0.430333,9.166666,8.360000
0.430734,9.220000,8.393332
0.431135,9.186666,8.393332
0.431536,9.099999,8.386666
0.431937,9.046666,8.406667
0.432341,9.013333,8.253333
0.432743,9.093333,8.286667
0.433145,9.073333,8.286667
0.433546,9.006666,8.240000
0.433947,9.000000,8.233334
0.434348,8.986667,8.213333
0.434749,8.946667,8.200000
0.435150,8.920000,8.166667
0.435552,8.913333,8.126666
0.435953,8.839999,8.160000
0.436354,8.873333,8.113333
0.436755,8.800000,8.040000
0.437157,8.806666,8.040000
0.437558,8.793333,8.040000
0.437960,8.786666,7.986666
0.438362,8.713333,7.906666
0.438763,8.719999,7.986666
0.439165,8.660000,7.933333
0.439566,8.613334,7.906666
0.439968,8.639999,7.940000
0.440369,8.673333,7.886666
0.440772,8.606667,7.840000
0.441175,8.526667,7.793334
0.441576,8.500000,7.773333
0.441977,8.513332,7.760000
0.442379,8.473333,8.000000
0.442780,8.453333,7.700000
0.443182,8.453333,7.660000
0.443584,8.393332,7.679999
0.443985,8.379999,7.679999
0.444387,8.379999,7.620000
0.444788,8.300000,7.553333
0.445190,8.346666,7.600000
0.445591,8.220000,7.526666
0.445994,8.320000,7.520000
0.446395,8.240000,7.513333
0.446796,8.193333,7.506667
0.447198,8.213333,7.493333
0.447599,8.139999,7.486667
0.448000,8.160000,7.293333
0.448401,8.126666,7.440000
0.448802,8.080000,7.366667
0.449204,8.046666,7.413333
0.449605,8.040000,7.333333
0.450006,7.986666,7.306666
0.450409,7.993333,7.266667
0.450810,7.946667,7.260000
0.451211,7.926667,7.219999
0.451613,7.960000,7.160000
0.452014,7.880000,7.200000
0.452415,7.873333,7.200000
0.452816,7.853333,7.166667
0.453218,7.826667,7.113333
0.453619,7.826667,7.106667
0.454020,7.740000,7.020000
0.454422,7.766666,7.046667
0.454823,7.700000,6.993333
0.455225,7.693334,7.026667
0.455627,7.686666,6.986666
0.456028,7.626667,6.960000
0.456429,7.593334,6.960000
0.456832,7.559999,6.900000
0.457233,7.566667,6.913333
0.457635,7.553333,6.893333
0.458036,7.493333,6.840000
0.458437,7.486667,6.800000
0.458839,7.480000,6.813333
0.459240,7.446666,6.760000
0.459642,7.426666,6.753333
0.460043,7.380000,6.806667
0.460445,7.453333,6.713333
0.460847,7.346666,6.700000
0.461248,7.313333,6.653333
0.461649,7.286667,6.633333
0.462050,7.233334,6.633333
0.462452,7.240000,6.620000
0.462855,7.240000,6.546667
0.463257,7.213333,6.513333
0.463658,7.266667,6.493333
0.464060,7.126667,6.466667
0.464462,7.153333,6.466667
0.464863,7.080000,6.433333
0.465265,6.993333,6.346667
0.465666,7.066666,6.386667
0.466067,7.013333,6.260000
0.466469,7.026667,6.373333
0.466870,6.986666,6.313334
0.467272,6.980000,6.286667
0.467674,6.926667,6.273333
0.468075,6.900000,6.233333
0.468476,6.880000,6.226666
0.468877,6.893333,6.380000
0.469279,6.833333,6.200000
0.469681,6.833333,6.113333
0.470082,6.780000,6.146667
0.470483,6.773334,6.013333
0.470884,6.780000,6.113333
0.471285,6.726666,6.073333
0.471687,6.740000,6.066667
0.472088,6.700000,6.066667
0.472490,6.653333,5.940000
0.472892,6.653333,5.993333
0.473293,6.513333,5.940000
0.473694,6.626667,5.940000
0.474096,6.533333,5.980000
0.474497,6.513333,6.080000
0.474899,6.493333,5.853333
0.475301,6.460000,5.846666
0.475703,6.460000,5.853333
0.476105,6.413333,5.793334
0.476507,6.380000,5.760000
0.476908,6.320000,5.760000
0.477309,6.346667,5.760000
0.477710,6.313334,5.733333
0.478111,6.286667,5.713333
0.478513,6.273333,5.680000
0.478914,6.240000,5.660000
0.479315,6.293333,5.600000
0.479716,6.240000,5.640000
0.480117,6.180000,5.606667
0.480518,6.220000,5.560000
0.480919,6.060000,5.553333
0.481320,6.086667,5.586667
0.481721,6.093333,5.506666
0.482123,6.066667,5.486667
0.482525,6.133333,5.460000
0.482927,6.073333,5.460000
0.483328,6.006667,5.426667
0.483730,5.980000,5.400000
0.484131,5.966666,5.373333
0.484533,5.946667,5.393333
0.484935,5.920000,5.333333
0.485340,5.880000,5.333333
0.485741,5.853333,5.293334
0.486142,5.853333,5.306666
0.486543,5.806666,5.240000
0.486945,5.773333,5.253333
0.487347,5.766666,5.213333
0.487748,5.760000,5.186666
0.488149,5.686666,5.120000
0.488551,5.693333,5.140000
0.488952,5.686666,5.033333
0.489354,5.686666,5.120000
0.489755,5.580000,5.086667
0.490156,5.533333,5.060000
0.490558,5.620000,5.073333
0.490961,5.633333,5.026667
0.491362,5.546667,5.093333
0.491763,5.513333,5.000000
0.492165,5.506666,4.966667
0.492566,5.480000,4.940000
0.492967,5.486667,4.920000
0.493368,5.426667,4.913333
0.493769,5.400000,4.893333
0.494170,5.340000,4.886666
0.494571,5.373333,4.813333
0.494972,5.353333,4.840000
0.495374,5.360000,4.806667
0.495775,5.306666,4.720000
0.496176,5.253333,4.793333
0.496578,5.273333,4.640000
0.496979,5.233334,4.786666
0.497381,5.240000,4.713333
0.497783,5.140000,4.660000
0.498184,5.193333,4.606667
0.498585,5.153333,4.633333
0.498986,5.060000,4.620000
0.499388,5.200000,4.593333
0.499789,5.080000,4.573333
0.500190,5.066667,4.593333
0.500592,5.060000,4.546667
0.500993,5.053333,4.540000
0.501395,4.980000,4.486666
0.501796,4.973333,4.460000
0.502198,4.966667,4.433333
0.502599,4.953333,4.386666
0.503000,4.913333,4.453333
0.503401,4.960000,4.386666
0.503802,4.893333,4.400000
0.504203,4.860000,4.286666
0.504605,4.860000,4.360000
0.505007,4.813333,4.326666
0.505408,4.780000,4.266666
0.505809,4.773334,4.360000
0.506210,4.773334,4.280000
0.506611,4.713333,4.293333
0.507014,4.720000,4.313334
0.507416,4.626667,4.206666
0.507817,4.646667,4.186666
0.508218,4.586667,4.186666
0.508619,4.700000,4.133333
0.509020,4.553333,4.140000
0.509422,4.553333,4.100000
0.509823,4.573333,4.080000
0.510224,4.520000,4.066667
0.510626,4.520000,4.080000
0.511027,4.473333,4.020000
0.511429,4.480000,4.080000
0.511830,4.446667,3.993333
0.512231,4.433333,3.993333
0.512632,4.446667,3.960000
0.513035,4.386666,3.933333
0.513436,4.353333,3.866667
0.513837,4.353333,3.906667
0.514238,4.346667,3.893333
0.514640,4.380000,3.833333
0.515043,4.293333,3.833333
0.515444,4.420000,3.813334
0.515846,4.260000,3.873333
0.516247,4.226666,3.853333
0.516648,4.233333,3.746666
0.517049,4.200000,3.746666
0.517451,4.226666,3.693333
0.517852,4.166667,3.740000
0.518253,4.186666,3.660000
0.518654,4.133333,3.660000
0.519055,4.106667,3.633333
0.519456,4.093333,3.620000
0.519857,4.066667,3.586667
0.520259,4.033333,3.586667
0.520661,4.080000,3.593333
0.521063,4.046667,3.566667
0.521465,3.980000,3.526666
0.521866,3.966667,3.466666
0.522267,3.906667,3.560000
0.522668,3.940000,3.460000
0.523069,3.926666,3.493333
0.523470,3.680000,3.440000
0.523872,3.800000,3.346666
0.524273,3.873333,3.406667
0.524675,3.826667,3.313333
0.525076,3.786667,3.366667
0.525478,3.826667,3.360000
0.525879,3.733333,3.313333
0.526281,3.733333,3.340000
0.526682,3.713333,3.313333
0.527085,3.686666,3.313333
0.527487,3.693333,3.306667
0.527888,3.660000,3.260000
0.528290,3.620000,3.213333
0.528691,3.566667,3.206667
0.529092,3.613333,3.220000
0.529493,3.566667,3.133333
0.529895,3.540000,3.193333
0.530296,3.540000,3.073333
0.530697,3.513333,3.100000
0.531100,3.533333,3.033333
0.531502,3.486667,3.126667
0.531904,3.486667,3.126667
0.532305,3.393333,3.066667
0.532706,3.466666,3.013333
0.533108,3.406667,3.020000
0.533509,3.400000,3.013333
0.533912,3.380000,2.980000
0.534313,3.366667,2.966666
0.534714,3.300000,2.953333
0.535115,3.320000,2.960000
0.535516,3.313333,2.900000
0.535917,3.280000,2.786667
0.536318,3.280000,2.893333
0.536720,3.266667,2.866667
0.537121,3.273333,2.853333
0.537523,3.233333,2.853333
0.537926,3.213333,2.840000
0.538328,3.166667,2.793333
0.538730,3.166667,2.786667
0.539131,3.133333,2.793333
0.539533,3.120000,2.760000
0.539934,3.133333,2.733333
0.540335,3.060000,2.733333
0.540737,3.066667,2.613333
0.541138,3.066667,2.766667
0.541539,3.020000,2.626667
0.541940,3.013333,2.673333
0.542341,3.020000,2.660000
0.542742,3.000000,2.613333
0.543144,2.940000,2.626667
0.543546,2.993333,2.600000
0.543947,2.946667,2.586667
0.544348,2.926667,2.573333
0.544749,2.993333,2.533333
0.545150,2.893333,2.526667
0.545552,2.840000,2.386667
0.545953,2.846667,2.526667
0.546354,2.813333,2.360000
0.546755,2.806667,2.453333
0.547157,2.833333,2.440000
0.547558,2.786667,2.433333
0.547961,2.766667,2.420000
0.548362,2.753333,2.460000
0.548764,2.740000,2.493333
0.549166,2.720000,2.420000
0.549568,2.620000,2.360000
0.549969,2.700000,2.360000
0.550370,2.740000,2.313333
0.550772,2.660000,2.313333
0.551174,2.640000,2.306667
0.551577,2.640000,2.300000
0.551978,2.613333,2.260000
0.552380,2.600000,2.260000
0.552781,2.606667,2.246667
0.553182,2.380000,2.246667
0.553584,2.526667,2.226666
0.553985,2.520000,2.186667
0.554387,2.546667,2.186667
0.554788,2.506666,2.186667
0.555190,2.480000,2.100000
0.555591,2.453333,2.113333
0.555993,2.473333,2.180000
0.556395,2.440000,2.093333
0.556798,2.466667,2.100000
0.557199,2.413333,2.060000
0.557600,2.360000,2.086667
0.558002,2.360000,2.113333
0.558403,2.353333,2.060000
0.558804,2.346667,1.553333
0.559206,2.333333,2.026667
0.559607,2.293333,1.973333
0.560008,2.320000,1.980000
0.560409,2.293333,1.926667
0.560810,2.266667,1.953333
0.561212,2.280000,1.953333
0.561614,2.246667,1.926667
0.562015,2.240000,1.920000
0.562416,2.253333,1.906667
0.562817,2.213333,1.906667
0.563218,2.186667,1.880000
0.563620,2.206667,1.833333
0.564021,2.133333,1.813333
0.564422,2.133333,1.906667
0.564823,2.080000,1.826667
0.565224,2.100000,1.820000
0.565625,2.146667,1.773333
0.566026,2.086667,1.760000
0.566428,2.080000,1.786667
0.566829,2.053333,1.753333
0.567230,2.053333,1.760000
0.567631,2.013333,1.733333
0.568032,2.026667,1.726667
0.568434,1.986667,1.686667
0.568836,1.960000,1.666667
0.569237,1.953333,1.680000
0.569639,1.933333,1.653333
0.570040,1.906667,1.620000
0.570441,1.933333,1.640000
0.570842,1.886667,1.686667
0.571244,1.893333,1.620000
0.571646,1.766667,1.640000
0.572048,1.873333,1.560000
0.572451,1.833333,1.566667
0.572853,1.846667,1.540000
0.573255,1.826667,1.520000
0.573656,1.753333,1.540000
0.574058,1.900000,1.560000
0.574460,1.746667,1.520000
0.574861,1.780000,1.493333
0.575262,1.753333,1.480000
0.575664,1.726667,1.460000
0.576065,1.686667,1.466667
0.576467,1.726667,1.433333
0.576868,1.720000,1.453333
0.577270,1.686667,1.453333
0.577671,1.686667,1.393333
0.578072,1.653333,1.413333
0.578474,1.666667,1.393333
0.578876,1.653333,1.406667
0.579278,1.633333,1.306667
0.579680,1.586667,1.360000
0.580081,1.566667,1.353333
0.580482,1.593333,1.326667
0.580883,1.620000,1.486667
0.581285,1.506667,1.293333
0.581687,1.553333,1.226667
0.582090,1.533333,1.300000
0.582491,1.540000,1.280000
0.582892,1.506667,1.300000
0.583294,1.493333,1.240000
0.583695,1.480000,1.246667
0.584096,1.480000,1.206667
0.584497,1.473333,1.460000
0.584898,1.460000,1.206667
0.585299,1.453333,1.106667
0.585700,1.433333,1.193333
0.586102,1.426667,1.093333
0.586504,1.413333,1.173333
0.586906,1.373333,1.180000
0.587307,1.400000,1.173333
0.587709,1.346667,1.126667
0.588110,1.186667,1.113333
0.588511,1.326667,1.133333
0.588912,1.366667,1.093333
0.589313,1.320000,1.106667
0.589715,1.426667,1.086667
0.590117,1.300000,1.086667
0.590519,1.280000,1.066667
0.590921,1.293333,1.040000
0.591322,1.286667,1.000000
0.591724,1.266667,1.040000
0.592125,1.240000,0.980000
0.592527,1.220000,1.040000
0.592929,1.206667,0.946667
0.593331,1.213333,0.960000
0.593732,1.120000,0.946667
0.594134,1.206667,0.986667
0.594536,1.193333,0.946667
0.594937,1.166667,0.946667
0.595341,1.173333,0.946667
0.595742,1.133333,0.960000
0.596145,1.260000,0.946667
0.596546,1.126667,0.946667
0.596947,1.126667,0.946667
0.597348,1.120000,0.946667
0.597749,1.113333,0.946667
0.598150,1.126667,0.946667
0.598551,1.026667,0.946667
0.598953,1.073333,0.946667
0.599354,1.073333,0.946667
0.599755,1.046667,0.946667
0.600158,1.066667,0.946667
0.600559,1.033333,0.946667
0.600961,1.026667,0.946667
0.601362,1.006667,0.946667
0.601763,1.013333,0.946667
0.602164,1.006667,0.946667
0.602565,0.953333,0.946667
0.602966,0.993333,0.946667
0.603367,0.966667,0.946667
0.603768,1.026667,0.946667
0.604169,0.960000,0.946667
0.604570,0.966667,0.946667
0.604971,0.953333,0.946667
0.605373,0.946667,0.946667
0.605775,0.946667,0.946667
0.606176,0.946667,0.946667
0.606577,0.946667,0.946667
0.606979,0.946667,0.946667
0.607381,0.946667,0.946667
0.607782,0.946667,0.946667
0.608183,0.946667,0.946667
0.608584,0.946667,0.946667
0.608985,0.946667,0.946667
0.609387,0.946667,0.946667
0.609788,0.946667,0.946667
0.610189,0.946667,0.946667
0.610591,0.946667,0.946667
0.610992,0.946667,0.946667
0.611395,0.946667,0.946667
0.611796,0.946667,0.946667
0.612198,0.946667,0.946667
0.612600,0.946667,0.946667
0.613001,0.946667,0.946667
0.613402,0.946667,0.946667
0.613803,0.946667,0.946667
0.614205,0.946667,0.946667
0.614607,0.946667,0.946667
0.615008,0.946667,0.946667
0.615409,0.946667,0.946667
0.615810,0.946667,0.946667
0.616211,0.946667,0.946667
0.616613,0.946667,0.946667
0.617015,0.946667,0.946667
0.617416,0.946667,0.946667
0.617817,0.946667,0.946667
0.618219,0.946667,0.946667
0.618621,0.946667,0.946667
0.619022,0.946667,0.946667
0.619423,0.946667,0.946667
0.619825,0.946667,0.946667
0.620226,0.946667,0.946667
0.620627,0.946667,0.946667
0.621029,0.946667,0.946667
0.621430,0.946667,0.946667
0.621831,0.946667,0.946667
0.622232,0.946667,0.946667
0.622634,0.946667,0.946667
0.623036,0.946667,0.946667
0.623437,0.946667,0.946667
0.623839,0.946667,0.946667
0.624240,0.946667,0.946667
0.624642,0.946667,0.946667
0.625043,0.946667,0.946667
0.625444,0.946667,0.946667
0.625845,0.946667,0.946667
0.626247,0.946667,0.946667
0.626649,0.946667,0.946667
0.627050,0.946667,0.946667
0.627452,0.946667,0.946667
0.627853,0.946667,0.946667
0.628254,0.946667,0.946667
0.628655,0.946667,0.946667
0.629058,0.946667,0.946667
0.629460,0.946667,0.946667
0.629861,0.946667,0.946667
0.630262,0.946667,0.946667
0.630663,0.946667,0.946667
0.631064,0.946667,0.946667
0.631466,0.946667,0.946667
0.631867,0.946667,0.946667
0.632268,0.946667,0.946667
0.632669,0.946667,0.946667
0.633070,0.946667,0.946667
0.633471,0.946667,0.946667
0.633872,0.946667,0.946667
0.634274,0.946667,0.946667
0.634676,0.946667,0.946667
0.635077,0.946667,0.946667
0.635478,0.946667,0.946667
0.635880,0.946667,0.946667
0.636281,0.946667,0.946667
0.636683,0.946667,0.946667
0.637084,0.946667,0.946667
0.637485,0.946667,0.946667
0.637886,0.946667,0.946667
0.638287,0.946667,0.946667
0.638688,0.946667,0.946667
0.639089,0.946667,0.946667
0.639490,0.946667,0.946667
0.639893,0.946667,0.946667
0.640294,0.946667,0.946667
0.640695,0.946667,0.946667
0.641097,0.946667,0.946667
0.641498,0.946667,0.946667
0.641900,0.946667,0.946667
0.642301,0.946667,0.946667
0.642702,0.946667,0.946667
0.643104,0.946667,0.946667
0.643505,0.946667,0.946667
0.643907,0.946667,0.946667
0.644309,0.946667,0.946667
0.644710,0.946667,0.946667
0.645111,0.946667,0.946667
0.645512,0.946667,0.946667
0.645913,0.946667,0.946667
0.646314,0.946667,0.946667
0.646715,0.946667,0.946667
0.647116,0.946667,0.946667
0.647517,0.946667,0.946667
0.647918,0.946667,0.946667
0.648319,0.946667,0.946667
0.648721,0.946667,0.946667
0.649122,0.946667,0.946667
0.649525,0.946667,0.946667
0.649927,0.946667,0.946667
0.650328,0.946667,0.946667
0.650729,0.946667,0.946667
0.651130,0.946667,0.946667
0.651531,0.946667,0.946667
0.651932,0.946667,0.946667
0.652333,0.946667,0.946667
0.652734,0.946667,0.946667
0.653135,0.946667,0.946667
0.653536,0.946667,0.946667
0.653937,0.946667,0.946667
0.654340,0.946667,0.946667
0.654741,0.946667,0.946667
0.655142,0.946667,0.946667
0.655543,0.946667,0.946667
0.655944,0.946667,0.946667
0.656346,0.946667,0.946667
0.656747,0.946667,0.946667
0.657148,0.946667,0.946667
0.657549,0.946667,0.946667
0.657952,0.946667,0.946667
0.658354,0.946667,0.946667
0.658755,0.946667,0.946667
0.659158,0.946667,0.946667
0.659559,0.946667,0.946667
0.659960,0.946667,0.946667
0.660361,0.946667,0.946667
0.660763,0.946667,0.946667
0.661164,0.946667,0.946667
0.661565,0.946667,0.946667
0.661966,0.946667,0.946667
0.662368,0.946667,0.946667
0.662769,0.946667,0.946667
0.663170,0.946667,0.946667
0.663572,0.946667,0.946667
0.663973,0.946667,0.946667
0.664374,0.946667,0.946667
0.664775,0.946667,0.946667
0.665176,0.946667,0.946667
0.665577,0.946667,0.946667
0.665978,0.946667,0.946667
0.666380,0.946667,0.946667
0.666782,0.946667,0.946667
0.667183,0.946667,0.946667
0.667584,0.946667,0.946667
0.667985,0.946667,0.946667
0.668388,0.946667,0.946667
0.668789,0.946667,0.946667
0.669190,0.946667,0.946667
0.669591,0.946667,0.946667
0.669992,0.946667,0.946667
0.670394,0.946667,0.946667
0.670795,0.946667,0.946667
0.671196,0.946667,0.946667
0.671597,0.946667,0.946667
0.671999,0.946667,0.946667
0.672401,0.946667,0.946667
0.672802,0.946667,0.946667
0.673204,0.946667,0.946667
0.673606,0.946667,0.946667
0.674007,0.946667,0.946667
0.674409,0.946667,0.946667
0.674810,0.946667,0.946667
0.675212,0.946667,0.946667
0.675613,0.946667,0.946667
0.676014,0.946667,0.946667
0.676415,0.946667,0.946667
0.676816,0.946667,0.946667
0.677218,0.946667,0.946667
0.677620,0.946667,0.946667
0.678021,0.946667,0.946667
0.678423,0.946667,0.946667
0.678824,0.946667,0.946667
0.679226,0.946667,0.946667
0.679627,0.946667,0.946667
0.680029,0.946667,0.946667
0.680430,0.946667,0.946667
0.680831,0.946667,0.946667
0.681232,0.946667,0.946667
0.681634,0.946667,0.946667
0.682035,0.946667,0.946667
0.682436,0.946667,0.946667
0.682837,0.946667,0.946667
0.683238,0.946667,0.946667
0.683639,0.946667,0.946667
0.684040,0.946667,0.946667
0.684442,0.946667,0.946667
0.684843,0.946667,0.946667
0.685245,0.946667,0.946667
0.685647,0.946667,0.946667
0.686048,0.946667,0.946667
0.686449,0.946667,0.946667
0.686850,0.946667,0.946667
0.687252,0.946667,0.946667
0.687653,0.946667,0.946667
0.688056,0.946667,0.946667
0.688458,0.946667,0.946667
0.688859,0.946667,0.946667
0.689261,0.946667,0.946667
0.689662,0.946667,0.946667
0.690063,0.946667,0.946667
0.690464,0.946667,0.946667
0.690867,0.946667,0.946667
0.691269,0.946667,0.946667
0.691670,0.946667,0.946667
0.692072,0.946667,0.946667
0.692474,0.946667,0.946667
0.692875,0.946667,0.946667
0.693276,0.946667,0.946667
0.693678,0.946667,0.946667
0.694080,0.946667,0.946667
0.694482,0.946667,0.946667
0.694885,0.946667,0.946667
0.695286,0.946667,0.946667
0.695687,0.946667,0.946667
0.696089,0.946667,0.946667
0.696490,0.946667,0.946667
0.696891,0.946667,0.946667
0.697292,0.946667,0.946667
0.697693,0.946667,0.946667
0.698094,0.946667,0.946667
0.698496,0.946667,0.946667
0.698897,0.946667,0.946667
0.699299,0.946667,0.946667
0.699701,0.946667,0.946667
0.700103,0.946667,0.946667
0.700505,0.946667,0.946667
0.700907,0.946667,0.946667
0.701308,0.946667,0.946667
0.701710,0.946667,0.946667
0.702111,0.946667,0.946667
0.702512,0.946667,0.946667
0.702914,0.946667,0.946667
0.703315,0.946667,0.946667
0.703716,0.946667,0.946667
0.704117,0.946667,0.946667
0.704518,0.946667,0.946667
0.704919,0.946667,0.946667
0.705320,0.946667,0.946667
0.705722,0.946667,0.946667
0.706124,0.946667,0.946667
0.706525,0.946667,0.946667
0.706927,0.946667,0.946667
0.707328,0.946667,0.946667
0.707729,0.946667,0.946667
0.708130,0.946667,0.946667
0.708531,0.946667,0.946667
0.708932,0.946667,0.946667
0.709334,0.946667,0.946667
0.709736,0.946667,0.946667
0.710137,0.946667,0.946667
0.710539,0.946667,0.946667
0.710940,0.946667,0.946667
0.711342,0.946667,0.946667
0.711744,0.946667,0.946667
0.712146,0.946667,0.946667
0.712547,0.946667,0.946667
0.712949,0.946667,0.946667
0.713350,0.946667,0.946667
0.713752,0.946667,0.946667
0.714153,0.946667,0.946667
0.714554,0.946667,0.946667
0.714956,0.946667,0.946667
0.715357,0.946667,0.946667
0.715759,0.946667,0.946667
0.716160,0.946667,0.946667
0.716562,0.946667,0.946667
0.716964,0.946667,0.946667
0.717366,0.946667,0.946667
0.717767,0.946667,0.946667
0.718170,0.946667,0.946667
0.718572,0.946667,0.946667
0.718973,0.946667,0.946667
0.719374,0.946667,0.946667
0.719775,0.946667,0.946667
0.720176,0.946667,0.946667
0.720577,0.946667,0.946667
0.720978,0.946667,0.946667
0.721380,0.946667,0.946667
0.721782,0.946667,0.946667
0.722183,0.946667,0.946667
0.722584,0.946667,0.946667
0.722986,0.946667,0.946667
0.723388,0.946667,0.946667
0.723791,0.946667,0.946667
0.724193,0.946667,0.946667
0.724595,0.966667,0.946667
0.724996,0.946667,0.946667
0.725397,0.946667,0.946667
0.725800,0.946667,0.946667
0.726201,0.946667,0.946667
0.726603,0.946667,0.946667
0.727005,0.946667,0.946667
0.727407,0.946667,0.946667
0.727808,0.960000,0.946667
0.728209,1.000000,0.946667
0.728611,1.000000,0.946667
0.729013,0.980000,0.946667
0.729415,1.000000,0.946667
0.729816,1.006667,0.946667
0.730217,1.033333,0.946667
0.730619,1.026667,0.946667
0.731020,1.066667,0.946667
0.731422,1.040000,0.946667
0.731823,1.120000,0.946667
0.732225,1.066667,0.946667
0.732626,1.053333,0.946667
0.733028,1.106667,0.946667
0.733429,1.113333,0.946667
0.733830,1.113333,0.953333
0.734232,1.120000,0.946667
0.734633,1.153333,0.946667
0.735036,1.133333,0.946667
0.735438,1.146667,0.946667
0.735840,1.140000,0.946667
0.736241,1.160000,0.946667
0.736642,1.200000,1.020000
0.737043,1.206667,0.973333
0.737445,1.186667,0.953333
0.737846,1.233333,1.020000
0.738248,1.226667,1.013333
0.738649,1.253333,1.033333
0.739051,1.260000,1.033333
0.739453,1.286667,1.026667
0.739854,1.300000,1.033333
0.740255,1.253333,0.946667
0.740656,1.420000,1.046667
0.741058,1.346667,1.053333
0.741460,1.300000,1.100000
0.741861,1.326667,1.073333
0.742263,1.340000,1.086667
0.742664,1.366667,1.133333
0.743065,1.373333,1.120000
0.743467,1.380000,1.146667
0.743870,1.380000,1.173333
0.744272,1.360000,1.146667
0.744673,1.413333,1.086667
0.745074,1.400000,1.173333
0.745475,1.440000,1.206667
0.745876,1.446667,1.206667
0.746277,1.466667,1.220000
0.746678,1.466667,1.113333
0.747081,1.506667,1.206667
0.747483,1.506667,1.266667
0.747884,1.506667,1.260000
0.748285,1.540000,1.273333
0.748686,1.460000,1.213333
0.749089,1.540000,1.266667
0.749490,1.546667,1.300000
0.749891,1.560000,1.300000
0.750293,1.586667,1.326667
0.750694,1.573333,1.366667
0.751096,1.606667,1.360000
0.751498,1.626667,1.380000
0.751901,1.600000,1.360000
0.752303,1.633333,1.380000
0.752704,1.666667,1.386667
0.753106,1.680000,1.393333
0.753508,1.720000,1.406667
0.753909,1.733333,1.386667
0.754310,1.726667,1.386667
0.754711,1.733333,1.453333
0.755112,1.733333,1.493333
0.755514,1.746667,1.460000
0.755915,1.746667,1.480000
0.756316,1.766667,1.420000
0.756718,1.786667,1.553333
0.757119,1.786667,1.480000
0.757520,1.906667,1.546667
0.757921,1.800000,1.560000
0.758322,1.846667,1.573333
0.758723,1.840000,1.560000
0.759124,1.886667,1.573333
0.759525,1.900000,1.560000
0.759926,1.906667,1.606667
0.760328,1.920000,1.573333
0.760730,1.840000,1.773333
0.761133,1.960000,1.613333
0.761534,1.933333,1.553333
0.761935,1.820000,1.660000
0.762341,1.986667,1.700000
0.762742,1.993333,1.666667
0.763145,2.006667,1.733333
0.763546,2.006667,1.753333
0.763947,2.040000,1.726667
0.764348,2.053333,1.760000
0.764749,2.160000,1.733333
0.765150,2.093333,1.706667
0.765551,2.100000,1.886667
0.765953,2.106667,1.846667
0.766354,2.126667,1.813333
0.766755,2.133333,1.880000
0.767156,2.146667,1.853333
0.767557,2.180000,1.880000
0.767958,2.146667,1.880000
0.768360,2.193333,1.906667
0.768761,2.213333,1.906667
0.769162,2.213333,1.900000
0.769564,2.260000,1.946667
0.769965,2.240000,1.906667
0.770367,2.280000,1.960000
0.770769,2.313333,1.973333
0.771170,2.286667,2.000000
0.771571,2.300000,2.120000
0.771972,2.346667,2.053333
0.772374,2.346667,2.046667
0.772775,2.360000,2.073333
0.773177,2.486667,2.066667
0.773578,2.466667,2.086667
0.773979,2.413333,2.193333
0.774380,2.340000,2.106667
0.774782,2.433333,2.100000
0.775184,2.446667,2.133333
0.775586,2.473333,2.146667
0.775989,2.473333,2.153333
0.776390,2.453333,2.173333
0.776791,2.506666,2.186667
0.777192,2.560000,2.213333
0.777594,2.580000,2.240000
0.777995,2.580000,2.233333
0.778396,2.586667,2.253333
0.778797,2.626667,2.233333
0.779198,2.593333,2.266667
0.779599,2.660000,2.306667
0.780000,2.660000,2.320000
0.780401,2.673333,2.306667
0.780802,2.680000,2.346667
0.781204,2.726667,2.100000
0.781605,2.733333,2.360000
0.782006,2.653333,2.406667
0.782408,2.773333,2.406667
0.782809,2.740000,2.420000
0.783211,2.793333,2.453333
0.783612,2.820000,2.446667
0.784013,2.806667,2.460000
0.784415,2.840000,2.466667
0.784816,2.840000,2.500000
0.785217,2.860000,2.513333
0.785619,2.886667,2.526667
0.786020,2.906667,2.540000
0.786421,2.946667,2.573333
0.786822,2.926667,2.433333
0.787224,2.953333,2.593333
0.787625,2.966666,2.606667
0.788028,2.926667,2.580000
0.788429,2.973333,2.733333
0.788830,2.980000,2.673333
0.789232,3.033333,2.680000
0.789634,3.046667,2.706666
0.790036,3.080000,2.700000
0.790437,3.020000,2.700000
0.790840,3.120000,2.746667
0.791241,3.133333,2.766667
0.791643,3.133333,2.780000
0.792044,3.140000,2.853333
0.792447,3.166667,2.813333
0.792850,3.186666,2.840000
0.793252,3.226667,2.746667
0.793654,3.233333,2.860000
0.794055,3.273333,2.893333
0.794456,3.293333,2.893333
0.794857,3.286667,2.873333
0.795259,3.313333,2.960000
0.795661,3.306667,2.960000
0.796062,3.333333,2.793333
0.796464,3.340000,3.106667
0.796866,3.513333,2.933333
0.797267,3.400000,3.020000
0.797668,3.393333,2.993333
0.798069,3.460000,3.033333
0.798470,3.446667,3.053333
0.798871,3.460000,3.060000
0.799272,3.360000,3.006667
0.799673,3.506667,2.920000
0.800075,3.513333,3.133333
0.800476,3.513333,3.133333
0.800877,3.546667,3.140000
0.801279,3.580000,3.160000
0.801681,3.600000,3.153333
0.802082,3.586667,3.193333
0.802483,3.640000,3.226667
0.802884,3.626667,3.253333
0.803285,3.666667,3.206667
0.803687,3.673333,3.253333
0.804088,3.713333,3.313333
0.804489,3.693333,3.320000
0.804891,3.733333,3.313333
0.805292,3.773333,3.320000
0.805693,3.746666,3.360000
0.806094,3.820000,3.393333
0.806496,3.746666,3.393333
0.806897,3.833333,3.386667
0.807299,3.860000,3.520000
0.807700,3.913333,3.446667
0.808101,3.933333,3.486667
0.808502,3.940000,3.480000
0.808903,3.980000,3.493333
0.809305,4.000000,3.506667
0.809707,4.000000,3.653333
0.810108,4.000000,3.660000
0.810510,4.020000,3.560000
0.810912,4.040000,3.580000
0.811314,4.053333,3.613333
0.811716,4.093333,3.640000
0.812117,4.146667,3.713333
0.812519,4.146667,3.673333
0.812920,4.193333,3.693333
0.813321,4.280000,3.713333
0.813722,4.153333,3.700000
0.814123,4.173333,3.746666
0.814525,4.226666,3.733333
0.814927,4.206666,3.686666
0.815328,4.273333,3.833333
0.815730,4.266666,3.953333
0.816131,4.360000,3.846667
0.816532,4.353333,3.853333
0.816933,4.346667,3.846667
0.817335,4.386666,3.926666
0.817736,4.366666,3.946667
0.818137,4.453333,3.966667
0.818538,4.413333,3.973333
0.818939,4.460000,4.026666
0.819341,4.460000,4.013333
0.819742,4.473333,4.013333
0.820143,4.480000,4.060000
0.820544,4.520000,4.080000
0.820945,4.560000,4.186666
0.821347,4.593333,4.100000
0.821748,4.506667,4.106667
0.822149,4.620000,4.113333
0.822550,4.633333,4.153333
0.822953,4.586667,4.186666
0.823354,4.740000,4.133333
0.823755,4.713333,4.233333
0.824156,4.713333,4.226666
0.824557,4.726666,4.266666
0.824960,4.740000,4.273333
0.825361,4.786666,4.300000
0.825764,4.786666,4.273333
0.826165,4.813333,4.313334
0.826566,4.846666,4.360000
0.826969,4.866667,4.326666
0.827370,4.880000,4.380000
0.827772,4.866667,4.400000
0.828174,4.926667,4.420000
0.828575,4.933333,4.460000
0.828976,4.966667,4.433333
0.829377,4.993333,4.486666
0.829778,5.006667,4.486666
0.830179,5.033333,4.593333
0.830580,5.106667,4.526667
0.830981,5.073333,4.613333
0.831382,5.153333,4.480000
0.831783,5.153333,4.686666
0.832184,5.146667,4.606667
0.832586,5.133333,4.786666
0.832987,5.193333,4.660000
0.833388,5.213333,4.700000
0.833789,5.220000,4.713333
0.834191,5.253333,4.733333
0.834592,5.260000,4.746666
0.834995,5.306666,4.753333
0.835396,5.313333,4.733333
0.835798,5.340000,4.813333
0.836199,5.360000,4.866667
0.836600,5.380000,4.833333
0.837003,5.406666,4.873333
0.837404,5.406666,5.360000
0.837806,5.440000,4.840000
0.838208,5.446666,4.940000
0.838609,5.500000,4.993333
0.839010,5.526667,4.980000
0.839411,5.539999,4.973333
0.839812,5.593333,5.000000
0.840214,5.580000,4.913333
0.840615,5.593333,5.066667
0.841017,5.626667,5.066667
0.841418,5.646667,5.073333
0.841820,5.680000,5.126667
0.842221,5.693333,5.146667
0.842622,5.713333,5.180000
0.843023,5.740000,5.113333
0.843424,5.740000,5.206666
0.843825,5.786666,5.226666
0.844227,5.813333,5.240000
0.844628,5.800000,5.306666
0.845029,5.800000,5.180000
0.845430,5.846666,5.420000
0.845833,5.913333,5.326667
0.846235,5.906666,5.346666
0.846636,5.920000,5.366667
0.847039,5.960000,5.426667
0.847441,5.993333,5.366667
0.847842,6.046667,5.520000
0.848244,6.013333,5.466667
0.848646,6.060000,5.426667
0.849047,6.100000,5.513333
0.849448,6.120000,5.520000
0.849851,6.113333,5.520000
0.850252,6.120000,5.546667
0.850653,6.186666,5.486667
0.851054,6.193333,5.593333
0.851457,6.206666,5.600000
0.851858,6.220000,5.640000
0.852260,6.273333,5.693333
0.852661,6.306666,5.686666
0.853063,6.293333,5.700000
0.853464,6.333333,5.760000
0.853865,6.320000,5.760000
0.854267,6.393333,5.746666
0.854669,6.440000,5.773333
0.855071,6.413333,5.820000
0.855473,6.460000,5.906666
0.855874,6.473333,5.840000
0.856275,6.520000,5.793334
0.856677,6.693333,5.940000
0.857078,6.666667,5.946667
0.857479,6.446667,5.980000
0.857881,6.533333,5.986667
0.858282,6.660000,5.993333
0.858684,6.640000,6.026667
0.859085,6.660000,6.060000
0.859487,6.713333,6.053333
0.859888,6.740000,6.053333
0.860289,6.700000,6.113333
0.860691,6.780000,6.113333
0.861092,6.840000,6.160000
0.861494,6.820000,6.146667
0.861896,6.840000,6.253334
0.862298,6.906667,6.200000
0.862700,6.920000,6.240000
0.863103,6.933333,6.273333
0.863504,6.920000,6.286667
0.863905,6.973333,6.260000
0.864307,6.993333,6.313334
0.864708,7.046667,6.346667
0.865109,7.060000,6.146667
0.865510,7.086666,6.393333
0.865913,7.053333,6.413333
0.866315,7.140000,6.440000
0.866716,7.146667,6.466667
0.867117,7.160000,6.500000
0.867518,7.173333,6.473333
0.867919,7.226666,6.546667
0.868321,7.240000,6.546667
0.868722,7.260000,6.626667
0.869125,7.320000,6.626667
0.869526,7.326666,6.660000
0.869927,7.340000,6.740000
0.870328,7.360000,6.693333
0.870729,7.460000,6.640000
0.871132,7.386667,6.773334
0.871534,7.406666,6.786666
0.871935,7.506667,6.846666
0.872341,7.480000,6.813333
0.872743,7.526666,6.826667
0.873146,7.340000,6.866666
0.873547,7.553333,6.920000
0.873948,7.579999,6.900000
0.874349,7.626667,6.926667
0.874750,7.646666,6.953333
0.875151,7.646666,6.960000
0.875552,7.679999,6.973333
0.875954,7.693334,6.986666
0.876355,7.713333,7.006667
0.876756,7.760000,7.046667
0.877158,7.733333,7.106667
0.877560,7.813334,7.106667
0.877961,7.813334,7.140000
0.878362,7.860000,7.180000
0.878763,7.893333,7.146667
0.879165,7.893333,7.173333
0.879566,7.926667,7.219999
0.879967,7.940000,7.226666
0.880368,7.960000,7.253334
0.880769,7.980000,7.260000
0.881170,8.093333,7.260000
0.881571,8.080000,7.326666
0.881972,7.986666,7.260000
0.882374,8.059999,7.386667
0.882775,8.113333,7.366667
0.883176,8.133333,7.400000
0.883578,8.160000,7.433333
0.883979,8.193333,7.446666
0.884381,8.233334,7.473333
0.884783,8.233334,7.440000
0.885185,8.273334,7.566667
0.885586,8.293333,7.573333
0.885988,8.333333,7.600000
0.886389,8.360000,7.600000
0.886791,8.379999,7.653333
0.887193,8.466666,7.679999
0.887594,8.420000,7.686666
0.887995,8.446666,7.693334
0.888396,8.486667,7.720000
0.888798,8.513332,7.753333
0.889199,8.553333,7.806666
0.889600,8.553333,7.873333
0.890003,8.573333,7.833333
0.890404,8.680000,7.826667
0.890805,8.633333,7.760000
0.891207,8.639999,7.806666
0.891609,8.673333,7.920000
0.892010,8.700000,7.946667
0.892412,8.700000,7.940000
0.892813,8.746667,7.980000
0.893214,8.766666,7.980000
0.893615,8.800000,8.053332
0.894017,8.826667,8.040000
0.894418,8.813334,8.046666
0.894819,8.866667,8.120000
0.895221,8.820000,8.133333
0.895622,8.913333,8.153334
0.896025,8.946667,8.213333
0.896427,8.986667,8.233334
0.896828,8.973332,8.213333
0.897230,9.039999,8.300000
0.897631,9.073333,8.206666
0.898032,8.973332,8.286667
0.898435,9.133333,8.293333
0.898836,9.133333,8.340000
0.899238,9.179999,8.360000
0.899639,9.179999,8.393332
0.900040,9.206667,8.393332
0.900443,9.240000,8.440000
0.900844,9.246666,8.513332
0.901246,9.266666,8.460000
0.901647,9.253333,8.493334
0.902049,9.326667,8.493334
0.902450,9.286667,8.540000
0.902852,9.346666,8.526667
0.903253,9.406667,8.566667
0.903654,9.466666,8.620000
0.904057,9.420000,8.653333
0.904459,9.433332,8.566667
0.904860,9.526667,8.666666
0.905262,9.533333,8.793333
0.905664,9.566666,8.713333
0.906065,9.719999,8.740000
0.906466,9.666667,8.813334
0.906867,9.666667,8.740000
0.907268,9.680000,8.793333
0.907670,9.766666,8.793333
0.908071,9.706666,8.880000
0.908473,9.806666,8.913333
0.908874,9.746667,8.920000
0.909275,9.793333,8.946667
0.909677,9.806666,8.953334
0.910078,9.833333,8.993333
0.910480,9.873333,9.006666
0.910882,9.893332,9.073333
0.911283,9.933333,9.053333
0.911684,9.986667,9.099999
0.912086,9.953333,9.093333
0.912487,10.013333,9.140000
0.912888,10.006667,9.153334
0.913290,10.040000,9.173333
0.913692,10.120000,9.200000
0.914093,10.120000,9.240000
0.914495,10.200000,9.253333
0.914897,10.260000,9.273334
0.915300,10.320000,9.299999
0.915701,10.206667,9.326667
0.916104,10.233333,9.340000
0.916506,10.253333,9.346666
0.916907,10.280000,9.346666
0.917308,10.313334,9.346666
0.917710,10.380000,9.460000
0.918112,10.326667,9.473333
0.918514,10.380000,9.559999
0.918915,10.406667,9.513333
0.919316,10.393333,9.566666
0.919718,10.513333,9.586666
0.920120,10.453333,9.620000
0.920522,10.493333,9.613334
0.920923,10.553332,9.646667
0.921325,10.513333,9.706666
0.921726,10.546666,9.706666
0.922128,10.566667,9.733334
0.922529,10.633333,9.759999
0.922931,10.626666,9.793333
0.923333,10.626666,9.780000
0.923735,10.620000,9.753333
0.924136,10.860000,9.853333
0.924537,10.740000,9.833333
0.924938,10.766666,9.860000
0.925341,10.800000,9.893332
0.925742,10.840000,9.953333
0.926143,10.840000,9.966666
0.926544,10.866667,9.980000
0.926945,10.886666,9.986667
0.927347,11.026667,10.020000
0.927748,10.866667,10.073334
0.928149,10.953333,10.073334
0.928551,10.993334,10.106667
0.928952,11.020000,10.120000
0.929354,11.053333,10.140000
0.929755,10.993334,10.013333
0.930156,11.113334,10.179999
0.930557,11.120000,10.226666
0.930958,11.146667,10.253333
0.931360,11.173333,10.293333
0.931761,11.193334,10.313334
0.932162,11.240000,10.380000
0.932564,11.273333,10.320000
0.932965,11.266666,10.340000
0.933367,11.300000,10.393333
0.933768,11.313334,10.446667
0.934169,11.360000,10.433333
0.934570,11.360000,10.473333
0.934971,11.406666,10.473333
0.935373,11.406666,10.500000
0.935775,11.420000,10.500000
0.936176,11.466666,10.526667
0.936577,11.533333,10.553332
0.936978,11.533333,10.626666
0.937380,11.539999,10.566667
0.937782,11.593333,10.573333
0.938185,11.580000,10.679999
0.938586,11.573333,10.720000
0.938987,11.626666,10.686666
0.939389,11.666666,10.753333
0.939791,11.660000,10.746666
0.940193,11.646667,10.753333
0.940595,11.813333,10.753333
0.940998,11.813333,10.813333
0.941400,11.786667,10.840000
0.941801,11.826667,10.860000
0.942203,11.826667,10.866667
0.942609,11.873333,10.913333
0.943012,11.866666,10.833333
0.943414,11.920000,10.946666
0.943815,11.913333,10.986667
0.944217,11.986667,11.020000
0.944618,11.986667,11.020000
0.945021,12.020000,10.980000
0.945422,11.973333,11.053333
0.945823,12.066666,11.079999
0.946225,12.100000,11.146667
0.946627,12.093333,11.120000
0.947030,12.133333,11.153333
0.947431,12.186666,11.206666
0.947834,12.166667,11.193334
0.948235,12.180000,11.120000
0.948636,12.246667,11.160000
0.949039,12.106667,11.280000
0.949441,12.346666,11.320000
0.949842,12.333333,11.313334
0.950244,12.380000,11.353333
0.950645,12.380000,11.373333
0.951046,12.420000,11.380000
0.951447,12.426666,11.433333
0.951850,12.459999,11.453334
0.952251,12.466666,11.460000
0.952653,12.480000,11.473332
0.953055,12.533333,11.573333
0.953457,12.559999,11.539999
0.953858,12.559999,11.539999
0.954260,12.586666,11.566667
0.954662,12.640000,11.606667
0.955064,12.640000,11.573333
0.955466,12.660000,11.573333
0.955867,12.686666,11.666666
0.956268,12.766666,11.700000
0.956669,12.706667,11.660000
0.957070,12.773334,11.746666
0.957471,12.753333,11.766666
0.957872,12.780000,11.753333
0.958273,12.853333,11.786667
0.958674,12.866666,11.806666
0.959076,12.886666,11.840000
0.959478,12.946667,11.846666
0.959879,12.933333,11.893333
0.960281,12.946667,11.853333
0.960683,13.000000,11.879999
0.961086,12.900000,11.933332
0.961488,13.040000,11.973333
0.961889,12.966667,12.020000
0.962290,13.106667,12.033333
0.962691,13.013333,12.040000
0.963092,13.133333,12.066666
0.963493,13.133333,12.193333
0.963894,13.173333,12.126666
0.964295,13.226666,12.106667
0.964697,13.259999,12.146667
0.965098,13.266666,12.213333
0.965500,13.259999,12.053333
0.965901,13.286667,12.339999
0.966303,13.326666,12.273333
0.966705,13.346667,12.286667
0.967106,13.366667,12.473333
0.967507,13.386665,12.346666
0.967908,13.393333,12.326666
0.968309,13.500000,12.413333
0.968710,13.440000,12.400000
0.969111,13.493333,12.493333
0.969514,13.440000,12.420000
0.969915,13.526667,12.513333
0.970316,13.506666,12.493333
0.970717,13.573333,12.493333
0.971118,13.606666,12.533333
0.971519,13.613334,12.580000
0.971920,13.599999,12.586666
0.972321,13.606666,12.593333
0.972722,13.680000,12.633333
0.973124,13.706666,12.666666
0.973525,13.680000,12.633333
0.973926,13.779999,12.706667
0.974327,13.660000,12.646667
0.974728,13.806667,12.733333
0.975130,13.820000,12.719999
0.975531,13.853333,12.766666
0.975932,13.860000,12.780000
0.976334,13.906666,12.826667
0.976736,13.880000,12.840000
0.977137,13.960000,12.846666
0.977539,13.979999,12.886666
0.977942,13.986667,12.946667
0.978343,14.033333,12.940000
0.978744,14.026667,12.946667
0.979147,14.066666,12.960000
0.979549,14.093333,13.000000
0.979952,14.080000,13.106667
0.980354,14.153333,13.006666
0.980755,14.173332,13.020000
0.981156,14.213333,13.080000
0.981557,14.186666,13.020000
0.981958,14.193333,13.106667
0.982360,14.259999,13.120000
0.982761,14.266667,13.146667
0.983162,14.299999,13.160000
0.983563,14.320000,13.233334
0.983964,14.340000,13.200000
0.984366,14.360000,13.246666
0.984767,14.353333,13.259999
0.985170,14.413333,13.293333
0.985571,14.433332,13.293333
0.985973,14.453333,13.320000
0.986374,14.459999,13.379999
0.986776,14.499999,13.353333
0.987177,14.513333,13.373333
0.987578,14.580000,13.453332
0.987979,14.606667,13.426666
0.988381,14.600000,13.293333
0.988783,14.613333,13.606666
0.989184,14.646667,13.493333
0.989585,14.646667,13.453332
0.989988,14.713333,13.546667
0.990389,14.686666,13.533333
0.990792,14.713333,13.713332
0.991193,14.726667,13.626666
0.991595,14.753333,13.566667
0.991996,14.740000,13.626666
0.992397,14.773334,13.639999
0.992798,14.833332,13.693333
0.993199,14.860001,13.653334
0.993600,14.886666,13.720000
0.994002,14.906667,13.700000
0.994405,14.893332,13.773333
0.994806,14.946667,13.806667
0.995207,15.006666,13.793333
0.995609,14.953333,13.820000
0.996011,14.953333,13.826666
0.996412,14.953333,13.826666
0.996814,15.060000,13.880000
0.997215,15.086666,13.900000
0.997616,15.119999,13.900000
0.998017,15.146667,14.013333
0.998418,15.139999,13.906666
0.998820,15.186667,13.999999
0.999221,15.266666,13.986667
0.999623,15.226665,14.020000
1.000024,15.253334,14.020000
1.000426,15.266666,14.026667
1.000828,15.286666,14.053333
1.001230,15.300000,14.006667
1.001631,15.333333,14.259999
1.002034,15.359999,14.140000
1.002435,15.379999,14.160000
1.002836,15.460000,14.173332
1.003237,15.406667,14.206667
1.003638,15.413333,14.246667
1.004039,15.446666,14.233333
1.004441,15.500000,14.253333
1.004842,15.533333,14.293333
1.005243,15.546666,14.313334
1.005644,15.513332,14.293333
1.006047,15.573333,14.346666
1.006448,15.613333,14.346666
1.006850,15.666666,14.380000
1.007252,15.606667,14.393332
1.007653,15.619999,14.420000
1.008054,15.679999,14.486667
1.008456,15.706666,14.446667
1.008857,15.720000,14.473333
1.009258,15.733333,14.506667
1.009659,15.760000,14.513333
1.010060,15.780001,14.520000
1.010461,15.780001,14.553333
1.010864,15.819999,14.553333
1.011265,15.853333,14.600000
1.011666,15.846667,14.620000
1.012067,15.839999,14.606667
1.012468,15.913334,14.679999
1.012870,15.940000,14.646667
1.013272,15.953332,14.693333
1.013673,15.940000,14.699999
1.014076,16.006666,14.693333
1.014477,15.953332,14.773334
1.014878,16.153334,14.813333
1.015279,16.046667,14.726667
1.015680,16.186666,14.866667
1.016081,16.093332,14.793334
1.016483,16.099998,14.813333
1.016884,16.126665,14.840000
1.017285,16.180000,14.873333
1.017687,16.186666,14.880000
1.018088,16.193333,14.886666
1.018490,16.233332,14.906667
1.018891,16.213333,14.940000
1.019293,16.266666,14.953333
1.019694,16.273333,14.953333
1.020095,16.320000,14.953333
1.020496,16.346666,15.100000
1.020898,16.320000,15.179999
1.021299,16.353333,15.086666
1.021700,16.386665,15.153333
1.022102,16.406666,15.173333
1.022505,16.433332,15.139999
1.022906,16.440001,14.953333
1.023308,16.460001,15.173333
1.023710,16.639999,15.219999
1.024111,16.499998,15.219999
1.024513,16.446667,15.219999
1.024916,16.546667,15.246666
1.025317,16.573334,15.293332
1.025718,16.606667,15.333333
1.026119,16.566666,15.320001
1.026521,16.633331,15.313333
1.026924,16.646666,15.446666
1.027325,16.680000,15.366667
1.027726,16.726667,15.393333
1.028128,16.706667,15.393333
1.028529,16.726667,15.419999
1.028930,16.719999,15.233334
1.029332,16.806665,15.433333
1.029733,16.759998,15.460000
1.030135,16.840000,15.480000
1.030537,16.746666,15.560000
1.030938,16.779999,15.480000
1.031341,16.866667,15.546666
1.031743,16.766666,15.546666
1.032145,16.820000,15.566667
1.032547,16.866667,15.579999
1.032950,16.893332,15.579999
1.033352,16.900000,15.593333
1.033753,16.906666,15.633333
1.034154,16.913332,15.653334
1.034556,16.946667,15.646666
1.034957,16.953333,15.700000
1.035359,16.959999,15.733333
1.035761,16.993334,15.706666
1.036162,17.039999,15.760000
1.036563,17.019999,15.760000
1.036965,17.066666,15.760000
1.037367,17.039999,15.773333
1.037768,17.046665,15.826667
1.038170,17.106667,15.893333
1.038571,17.080000,15.853333
1.038972,17.039999,15.806666
1.039374,17.073334,15.893333
1.039776,17.146666,15.893333
1.040177,17.166666,15.920000
1.040578,17.179998,16.006666
1.040979,17.166666,15.920000
1.041381,17.219999,15.886665
1.041783,17.193333,15.960000
1.042185,17.240000,16.160000
1.042586,17.213333,16.006666
1.042987,17.273333,16.039999
1.043388,17.273333,16.046667
1.043790,17.313332,16.066668
1.044191,17.313332,16.106665
1.044592,17.266666,16.166666
1.044993,17.400000,16.113333
1.045395,17.373333,16.146666
1.045796,17.380001,16.099998
1.046197,17.393333,16.166666
1.046598,17.340000,16.166666
1.047000,17.400000,16.193333
1.047402,17.446667,16.346666
1.047803,17.466665,16.279999
1.048205,17.506666,16.253332
1.048606,17.480000,16.219999
1.049007,17.719999,16.273333
1.049409,17.513334,16.306667
1.049810,17.500000,16.333334
1.050212,17.646667,16.326666
1.050613,17.593332,16.333334
1.051014,17.606667,16.359999
1.051415,17.619999,16.346666
1.051817,17.613333,16.373333
1.052218,17.626667,16.406666
1.052619,17.686666,16.413332
1.053020,17.673332,16.446667
1.053421,17.646667,16.453333
1.053823,17.706665,16.553333
1.054224,17.719999,16.446667
1.054626,17.706665,16.526667
1.055027,17.713333,16.559999
1.055428,17.766666,16.526667
1.055830,17.753334,16.593334
1.056231,17.766666,16.619999
1.056632,17.766666,16.613333
1.057033,17.793333,16.660000
1.057435,17.840000,16.726667
1.057838,17.840000,16.593334
1.058239,17.853333,16.626665
1.058640,17.853333,16.660000
1.059041,17.886667,16.653332
1.059442,17.900000,16.693333
1.059844,17.900000,16.700001
1.060245,17.939999,16.726667
1.060647,17.959999,16.713333
1.061048,17.973333,16.706667
1.061449,17.966665,16.786665
1.061851,18.000000,16.766666
1.062252,17.986666,16.693333
1.062654,18.006666,16.773333
1.063055,18.020000,16.786665
1.063456,18.046667,16.826666
1.063858,18.046667,16.826666
1.064259,18.046667,16.826666
1.064661,18.126667,16.846666
1.065062,18.106667,16.846666
1.065463,18.146666,16.873333
1.065864,18.066666,16.906666
1.066265,18.113333,16.879999
1.066666,18.146666,16.900000
1.067067,18.146666,16.893332
1.067469,18.146666,16.900000
1.067870,18.126667,16.900000
1.068271,18.180000,16.926666
1.068672,18.146666,16.933332
1.069074,18.219999,16.933332
1.069476,18.226665,16.939999
1.069877,18.286667,16.993334
1.070278,18.260000,16.993334
1.070679,18.273333,17.013332
1.071080,18.273333,17.053333
1.071482,18.313334,17.039999
1.071884,18.286667,17.039999
1.072285,18.306667,17.039999
1.072687,18.206665,17.039999
1.073088,18.373333,17.059999
1.073489,18.299999,17.059999
1.073890,18.373333,17.080000
1.074292,18.339998,17.059999
1.074693,18.386665,17.100000
1.075094,18.400000,17.113333
1.075496,18.413334,17.133333
1.075897,18.406666,17.186666
1.076298,18.406666,17.266666
1.076699,18.440001,17.186666
1.077100,18.466665,17.179998
1.077502,18.473331,17.080000
1.077903,18.500000,17.199999
1.078305,18.506666,17.320000
1.078706,18.500000,17.126667
1.079107,18.506666,17.240000
1.079509,18.533333,17.253334
1.079910,18.539999,17.279999
1.080312,18.566668,17.273333
1.080713,18.539999,17.293333
1.081114,18.566668,17.240000
1.081516,18.566668,17.333332
1.081918,18.599998,17.293333
1.082319,18.480000,17.326666
1.082720,18.613333,17.346666
1.083121,18.619999,17.333332
1.083523,18.646666,17.346666
1.083924,18.646666,17.406666
1.084326,18.646666,17.366667
1.084727,18.666666,17.380001
1.085128,18.719999,17.419998
1.085530,18.680000,17.400000
1.085931,18.773333,17.653334
1.086332,18.719999,17.406666
1.086733,18.726665,17.446667
1.087134,18.793333,17.426666
1.087536,18.746666,17.446667
1.087937,18.766666,17.473333
1.088341,18.766666,17.473333
1.088742,18.740000,17.473333
1.089143,18.779999,17.473333
1.089544,18.806667,17.446667
1.089946,18.859999,17.473333
1.090348,18.779999,17.539999
1.090750,18.960001,17.526667
1.091151,18.853333,17.506666
1.091552,18.866665,17.593332
1.091954,18.879999,17.593332
1.092355,18.866665,17.613333
1.092756,18.920000,17.619999
1.093157,18.893333,17.586666
1.093558,18.900000,17.633333
1.093959,18.973333,17.533333
1.094361,18.879999,17.613333
1.094763,18.906666,17.606667
1.095165,18.940001,17.639999
1.095566,18.960001,17.673332
1.095967,18.953333,17.686666
1.096368,18.973333,17.686666
1.096769,19.026667,17.686666
1.097170,19.006666,17.713333
1.097571,18.993332,17.693333
1.097973,19.059999,17.619999
1.098374,18.953333,17.713333
1.098775,19.139999,17.733334
1.099176,19.033333,17.740000
1.099577,19.046667,17.693333
1.099978,19.053333,17.740000
1.100380,19.080000,17.746666
1.100782,19.086666,17.766666
1.101183,19.059999,17.766666
1.101584,19.006666,17.793333
1.101985,19.086666,17.760000
1.102387,19.113333,17.793333
1.102788,19.113333,17.746666
1.103190,19.119999,17.926666
1.103591,19.146666,17.840000
1.103992,19.146666,17.806665
1.104394,19.146666,17.813332
1.104795,19.139999,17.893333
1.105196,19.173332,17.920000
1.105598,19.153332,17.846666
1.105999,19.133331,17.820000
1.106402,19.160000,17.859999
1.106803,19.273333,17.886667
1.107205,19.246666,17.879999
1.107606,19.206667,17.786667
1.108007,19.226667,17.893333
1.108408,19.246666,17.906668
1.108809,19.246666,17.893333
1.109211,19.253332,17.926666
1.109612,19.253332,17.939999
1.110014,19.293333,17.939999
1.110416,19.279999,17.980000
1.110817,19.226667,17.946665
1.111219,19.313334,17.973333
1.111620,19.313334,17.959999
1.112021,19.299999,17.946665
1.112422,19.279999,17.953333
1.112823,19.379999,17.886667
1.113225,19.340000,17.980000
1.113626,19.333334,17.939999
1.114028,19.333334,18.040001
1.114430,19.320000,18.020000
1.114832,19.360001,18.053333
1.115233,19.366667,18.079998
1.115634,19.360001,18.013332
1.116035,19.413332,18.066666
1.116436,19.386665,18.020000
1.116837,19.406666,18.046667
1.117238,19.406666,18.066666
1.117640,19.379999,18.059999
1.118042,19.406666,18.046667
1.118443,19.426666,18.079998
1.118844,19.439999,18.046667
1.119245,19.446667,18.099998
1.119647,19.433332,18.119999
1.120049,19.400000,18.079998
1.120450,19.480000,18.099998
1.120852,19.466667,18.126667
1.121253,19.459999,18.106667
1.121654,19.480000,18.113333
1.122055,19.446667,18.113333
1.122456,19.493334,18.126667
1.122858,19.539999,18.146666
1.123259,19.446667,18.146666
1.123661,19.493334,18.146666
1.124063,19.506666,18.253332
1.124464,19.506666,18.160000
1.124865,19.533333,18.146666
1.125267,19.513332,18.166666
1.125668,19.546665,18.166666
1.126070,19.539999,18.160000
1.126472,19.566666,18.173334
1.126874,19.580000,18.193333
1.127275,19.566666,18.199999
1.127676,19.586666,18.206665
1.128078,19.580000,18.199999
1.128479,19.573334,18.193333
1.128880,19.620001,18.233332
1.129281,19.586666,18.253332
1.129682,19.613333,18.213333
1.130083,19.613333,18.246666
1.130484,19.600000,18.246666
1.130885,19.626667,18.359999
1.131286,19.613333,18.226665
1.131688,19.706667,18.280001
1.132090,19.666666,18.253332
1.132491,19.626667,18.246666
1.132892,19.646666,18.253332
1.133294,19.666666,18.273333
1.133696,19.639999,18.293333
1.134097,19.666666,18.260000
1.134498,19.653332,18.253332
1.134899,19.659998,18.273333
1.135300,19.679998,18.253332
1.135701,19.673332,18.273333
1.136102,19.666666,18.273333
1.136504,19.679998,18.326666
1.136905,19.699999,18.040001
1.137307,19.673332,18.280001
1.137708,19.646666,18.273333
1.138109,19.740000,18.286667
1.138510,19.679998,18.306667
1.138911,19.706667,18.299999
1.139312,19.726667,18.286667
1.139713,19.686666,18.313334
1.140114,19.706667,18.333332
1.140516,19.806665,18.346666
1.140917,19.713333,18.333332
1.141319,19.733334,18.333332
1.141720,19.713333,18.320000
1.142122,19.746666,18.333332
1.142523,19.740000,18.339998
1.142924,19.753334,18.353333
1.143325,19.740000,18.379999
1.143727,19.726667,18.366667
1.144129,19.713333,18.400000
1.144530,19.706667,18.346666
1.144931,19.746666,18.420000
1.145333,19.760000,18.366667
1.145734,19.826666,18.346666
1.146135,19.773333,18.379999
1.146536,19.686666,18.346666
1.146937,19.799999,18.379999
1.147341,19.753334,18.393333
1.147744,19.779999,18.400000
1.148145,19.740000,18.393333
1.148546,19.813332,18.379999
1.148948,19.753334,18.373333
1.149349,19.766666,18.400000
1.149751,19.820000,18.400000
1.150153,19.793333,18.400000
1.150555,19.793333,18.313334
1.150956,19.799999,18.446667
1.151357,19.799999,18.393333
1.151758,19.793333,18.406666
1.152160,19.826666,18.400000
1.152562,19.779999,18.393333
1.152963,19.813332,18.466665
1.153364,19.820000,18.413334
1.153765,19.799999,18.400000
1.154166,19.813332,18.413334
1.154568,19.820000,18.406666
1.154970,19.833332,18.406666
1.155372,19.826666,18.393333
1.155774,19.826666,18.413334
1.156176,19.813332,18.406666
1.156578,19.760000,18.466665
1.156979,19.726667,18.406666
1.157380,19.826666,18.400000
1.157781,19.806665,18.219999
1.158182,19.820000,18.420000
1.158583,19.833332,18.426666
1.158985,19.826666,18.426666
1.159387,20.026667,18.400000
1.159788,19.826666,18.426666
1.160189,19.813332,18.420000
1.160590,19.826666,18.420000
1.160992,19.833332,18.426666
1.161394,19.826666,18.400000
1.161795,19.820000,18.406666
1.162196,19.840000,18.426666
1.162597,19.860001,18.453333
1.162998,19.826666,18.426666
1.163400,19.820000,18.426666
1.163802,19.840000,18.453333
1.164203,19.826666,18.393333
1.164605,19.793333,18.619999
1.165006,19.706667,18.406666
1.165409,19.786665,18.459999
1.165810,19.779999,18.406666
1.166213,19.833332,18.413334
1.166614,19.826666,18.406666
1.167015,19.833332,18.426666
1.167416,19.826666,18.413334
1.167818,19.820000,18.459999
1.168220,19.833332,18.420000
1.168622,19.820000,18.393333
1.169023,19.806665,18.420000
1.169424,19.833332,18.406666
1.169825,19.893333,18.406666
1.170227,19.833332,18.406666
1.170628,19.786665,18.473331
1.171029,19.820000,18.420000
1.171430,19.860001,18.379999
1.171831,19.840000,18.379999
1.172232,19.826666,18.393333
1.172634,19.820000,18.413334
1.173035,19.733334,18.446667
1.173436,19.833332,18.420000
1.173838,19.866667,18.426666
1.174240,19.846666,18.406666
1.174641,19.820000,18.393333
1.175043,19.799999,18.400000
1.175444,19.806665,18.400000
1.175846,19.820000,18.426666
1.176247,19.820000,18.400000
1.176649,19.833332,18.406666
1.177050,19.806665,18.400000
1.177451,19.820000,18.400000
1.177853,19.799999,18.400000
1.178254,19.799999,18.400000
1.178656,19.773333,18.413334
1.179058,19.786665,18.566668
1.179460,19.799999,18.373333
1.179861,19.760000,18.400000
1.180262,19.779999,18.413334
1.180663,19.786665,18.353333
1.181064,19.799999,18.379999
1.181466,19.693333,18.379999
1.181867,19.793333,18.459999
1.182268,19.779999,18.473331
1.182670,19.799999,18.379999
1.183071,19.786665,18.359999
1.183473,19.760000,18.379999
1.183874,19.760000,18.359999
1.184275,19.746666,18.339998
1.184676,19.773333,18.373333
1.185077,19.726667,18.440001
1.185478,19.753334,18.373333
1.185879,19.753334,18.320000
1.186281,19.740000,18.426666
1.186682,19.760000,18.400000
1.187084,19.686666,18.339998
1.187486,19.793333,18.353333
1.187888,19.746666,18.353333
1.188290,19.740000,18.339998
1.188691,19.733334,18.346666
1.189092,19.786665,18.273333
1.189495,19.693333,18.333332
1.189896,19.719999,18.346666
1.190297,19.719999,18.326666
1.190699,19.693333,18.333332
1.191101,19.706667,18.313334
1.191503,19.706667,18.333332
1.191904,19.699999,18.286667
1.192305,19.719999,18.333332
1.192707,19.713333,18.266666
1.193108,19.659998,18.293333
1.193509,19.679998,18.280001
1.193910,19.686666,18.293333
1.194312,19.666666,18.313334
1.194713,19.679998,18.280001
1.195114,19.653332,18.320000
1.195516,19.679998,18.273333
1.195917,19.779999,18.400000
1.196318,19.686666,18.273333
1.196719,19.673332,18.246666
1.197120,19.693333,18.206665
1.197522,19.633333,18.273333
1.197923,19.653332,18.253332
1.198324,19.646666,18.266666
1.198725,19.646666,18.266666
1.199126,19.753334,18.240000
1.199527,19.613333,18.233332
1.199928,19.620001,18.199999
1.200329,19.613333,18.206665
1.200732,19.600000,18.293333
1.201133,19.600000,18.206665
1.201535,19.580000,18.193333
1.201936,19.533333,18.146666
1.202341,19.586666,18.186666
1.202742,19.566666,18.186666
1.203143,19.593332,18.219999
1.203544,19.566666,18.199999
1.203945,19.539999,18.186666
1.204347,19.633333,18.146666
1.204748,19.613333,18.146666
1.205150,19.546665,18.166666
1.205552,19.506666,18.160000
1.205953,19.500000,18.193333
1.206355,19.433332,18.406666
1.206756,19.526665,18.160000
1.207157,19.566666,18.186666
1.207558,19.539999,18.139999
1.207959,19.500000,18.126667
1.208360,19.506666,18.106667
1.208761,19.420000,18.126667
1.209162,19.519999,18.139999
1.209563,19.459999,18.079998
1.209964,19.446667,18.086666
1.210366,19.466667,18.099998
1.210767,19.446667,18.099998
1.211168,19.420000,18.040001
1.211570,19.433332,18.119999
1.211971,19.413332,18.026667
1.212373,19.400000,18.066666
1.212774,19.679998,18.086666
1.213175,19.420000,18.026667
1.213577,19.406666,18.046667
1.213978,19.373333,18.053333
1.214381,19.400000,17.593332
1.214782,19.373333,18.013332
1.215183,19.366667,18.033333
1.215585,19.473333,18.046667
1.215987,19.393332,18.020000
1.216388,19.353334,18.013332
1.216789,19.353334,18.000000
1.217190,19.353334,18.006666
1.217592,19.333334,18.020000
1.217994,19.346666,17.966665
1.218395,19.306665,18.000000
1.218796,19.313334,17.946665
1.219198,19.279999,17.953333
1.219600,19.326666,17.953333
1.220001,19.279999,17.926666
1.220402,19.253332,18.006666
1.220803,19.393332,17.913334
1.221204,19.266666,17.906668
1.221605,19.253332,17.926666
1.222007,19.240000,17.793333
1.222408,19.279999,17.906668
1.222809,19.186666,17.873333
1.223210,19.219999,17.893333
1.223611,19.119999,17.886667
1.224012,19.206667,17.886667
1.224414,19.200001,17.879999
1.224816,19.213333,17.886667
1.225218,19.186666,17.826666
1.225620,19.133331,17.826666
1.226022,19.153332,17.846666
1.226423,19.153332,17.820000
1.226824,19.113333,17.813332
1.227225,19.133331,17.826666
1.227626,19.133331,17.799999
1.228027,19.126665,17.806665
1.228428,19.113333,17.813332
1.228830,19.139999,17.793333
1.229232,19.080000,17.740000
1.229634,19.059999,17.760000
1.230036,19.146666,17.760000
1.230437,19.066666,17.753334
1.230839,19.066666,17.760000
1.231240,19.066666,17.746666
1.231642,19.053333,17.706665
1.232044,19.033333,17.693333
1.232445,18.999998,17.693333
1.232846,19.026667,17.713333
1.233247,18.993332,17.699999
1.233648,19.039999,17.699999
1.234050,19.013332,17.673332
1.234452,18.980000,17.666666
1.234853,18.980000,17.673332
1.235254,18.946667,17.639999
1.235655,18.940001,17.619999
1.236056,18.926666,17.653334
1.236458,18.933332,17.539999
1.236859,18.946667,17.613333
1.237260,18.900000,17.619999
1.237661,18.859999,17.593332
1.238062,18.946667,17.613333
1.238463,18.873333,17.593332
1.238864,18.866665,17.613333
1.239265,18.853333,17.539999
1.239666,18.753332,17.486666
1.240068,18.846666,17.526667
1.240470,18.793333,17.539999
1.240872,18.846666,17.533333
1.241273,18.813334,17.500000
1.241674,18.759998,17.473333
1.242075,18.773333,17.473333
1.242476,18.773333,17.466665
1.242877,18.759998,17.639999
1.243279,18.753332,17.419998
1.243681,18.733332,17.433332
1.244083,18.719999,17.633333
1.244484,18.726665,17.426666
1.244886,18.593332,17.400000
1.245287,18.693333,17.406666
1.245688,18.680000,17.366667
1.246089,18.680000,17.386667
1.246490,18.660000,17.333332
1.246891,18.660000,17.320000
1.247292,18.639999,17.360001
1.247693,18.786667,17.333332
1.248094,18.626665,17.393333
1.248495,18.619999,17.333332
1.248897,18.593332,17.266666
1.249298,18.680000,17.286665
1.249699,18.513332,17.293333
1.250100,18.559999,17.279999
1.250502,18.553333,17.240000
1.250903,18.526667,17.240000
1.251305,18.533333,17.253334
1.251707,18.520000,17.253334
1.252108,18.520000,17.219999
1.252510,18.480000,17.186666
1.252912,18.480000,17.213333
1.253313,18.473331,17.186666
1.253715,18.466665,17.159998
1.254116,18.440001,17.193333
1.254517,18.433334,17.166666
1.254918,18.420000,17.159998
1.255319,18.453333,17.106667
1.255720,18.446667,17.080000
1.256121,18.373333,17.106667
1.256523,18.320000,17.106667
1.256924,18.266666,17.100000
1.257326,18.373333,17.073334
1.257727,18.326666,17.080000
1.258128,18.339998,17.039999
1.258529,18.346666,17.039999
1.258931,18.266666,17.080000
1.259332,18.273333,16.993334
1.259733,18.240000,16.986668
1.260134,18.273333,16.986668
1.260536,18.246666,16.959999
1.260937,18.240000,16.946667
1.261340,18.219999,16.959999
1.261742,18.213333,16.946667
1.262143,18.146666,16.926666
1.262544,18.146666,16.926666
1.262946,18.199999,16.906666
1.263348,18.079998,16.906666
1.263749,18.126667,16.900000
1.264151,18.113333,16.886665
1.264552,17.973333,16.886665
1.264953,18.073332,16.840000
1.265354,18.106667,16.846666
1.265755,18.000000,16.873333
1.266156,18.059999,16.353333
1.266557,18.033333,16.846666
1.266959,18.053333,16.833334
1.267360,18.020000,16.806665
1.267761,18.126667,16.786665
1.268163,17.980000,16.766666
1.268566,17.980000,16.766666
1.268967,17.966665,16.786665
1.269369,17.986666,16.759998
1.269770,17.926666,16.740000
1.270172,17.879999,16.759998
1.270574,17.893333,16.753332
1.270975,17.879999,16.686666
1.271376,17.879999,16.693333
1.271777,17.886667,16.653332
1.272178,17.873333,16.619999
1.272579,17.846666,16.619999
1.272980,17.826666,16.619999
1.273381,17.813332,16.660000
1.273783,17.706665,16.626665
1.274185,17.773333,16.586666
1.274586,17.793333,16.606667
1.274987,17.760000,16.533333
1.275388,17.760000,16.546667
1.275790,17.733334,16.526667
1.276191,17.660000,16.466667
1.276593,17.706665,16.526667
1.276994,17.639999,16.386665
1.277395,17.686666,16.446667
1.277796,17.679998,16.440001
1.278198,17.653334,16.200001
1.278600,17.753334,16.373333
1.279002,17.673332,16.346666
1.279403,17.593332,16.373333
1.279804,17.586666,16.366665
1.280205,17.613333,16.333334
1.280606,17.539999,16.326666
1.281007,17.639999,16.266666
1.281408,17.486666,16.299999
1.281809,17.480000,16.340000
1.282211,17.473333,16.266666
1.282612,17.506666,16.193333
1.283013,17.466665,16.246666
1.283415,17.439999,16.213333
1.283816,17.439999,16.219999
1.284217,17.406666,16.153334
1.284618,17.426666,16.173334
1.285019,17.380001,16.219999
1.285421,17.353333,16.126665
1.285823,17.353333,16.126665
1.286224,17.353333,16.099998
1.286625,17.326666,16.093332
1.287026,17.293333,16.066668
1.287428,17.279999,16.006666
1.287829,17.293333,15.973332
1.288230,17.293333,16.046667
1.288632,17.226667,16.099998
1.289033,17.253334,15.780001
1.289435,17.213333,16.006666
1.289837,17.186666,15.946666
1.290239,17.179998,15.933333
1.290640,17.273333,15.906666
1.291041,17.173332,15.906666
1.291442,17.133333,15.833333
1.291843,17.100000,15.846667
1.292245,17.086666,15.806666
1.292646,17.093332,15.826667
1.293047,17.093332,15.773333
1.293449,17.039999,15.760000
1.293850,17.059999,15.806666
1.294252,16.986668,15.753332
1.294653,16.986668,15.733333
1.295054,16.953333,15.713334
1.295455,16.959999,15.720000
1.295857,16.946667,15.720000
1.296258,16.946667,15.693334
1.296659,16.886665,15.653334
1.297060,16.933332,15.639999
1.297462,16.886665,15.606667
1.297863,16.879999,15.533333
1.298265,16.946667,15.560000
1.298666,16.873333,15.546666
1.299068,16.826666,15.586667
1.299469,16.840000,15.520000
1.299870,16.799999,15.513332
1.300271,16.786665,15.466666
1.300673,16.786665,15.460000
1.301074,16.759998,15.413333
1.301476,16.759998,15.400000
1.301877,16.766666,15.393333
1.302279,16.719999,15.413333
1.302681,16.713333,15.520000
1.303082,16.680000,15.346666
1.303483,16.646666,15.359999
1.303885,16.619999,15.366667
1.304287,16.633331,15.306666
1.304689,16.559999,15.300000
1.305091,16.559999,15.280000
1.305493,16.546667,15.240000
1.305894,16.546667,15.233334
1.306295,16.526667,15.219999
1.306697,16.433332,15.119999
1.307100,16.473333,15.206666
1.307502,16.486666,15.179999
1.307905,16.426666,15.146667
1.308306,16.420000,15.106667
1.308708,16.406666,15.119999
1.309110,16.373333,15.073333
1.309512,16.340000,15.066667
1.309914,16.473333,15.066667
1.310316,16.293333,14.953333
1.310717,16.306667,14.953333
1.311118,16.299999,14.953333
1.311519,16.259998,14.906667
1.311920,16.226665,14.906667
1.312321,16.233332,14.953333
1.312723,16.206667,14.899999
1.313124,16.133333,14.886666
1.313526,16.160000,15.213333
1.313927,16.180000,14.866667
1.314328,16.186666,14.840000
1.314730,16.146666,14.846666
1.315131,16.093332,14.600000
1.315532,16.080000,14.873333
1.315933,16.006666,14.733334
1.316335,16.000000,14.719999
1.316736,15.966666,14.713333
1.317137,15.953332,14.706667
1.317538,15.933333,14.659999
1.317939,15.966666,14.679999
1.318341,15.886665,14.546666
1.318742,15.893333,14.626666
1.319143,15.906666,14.580000
1.319544,15.853333,14.540000
1.319947,15.813333,14.573334
1.320348,15.793333,14.533334
1.320749,15.920000,14.520000
1.321150,15.786667,14.513333
1.321552,15.746666,14.520000
1.321954,15.720000,14.473333
1.322355,15.679999,14.326666
1.322756,15.633333,14.420000
1.323157,15.700000,14.400001
1.323559,15.686666,14.380000
1.323961,15.606667,14.353333
1.324362,15.573333,14.353333
1.324763,15.573333,14.320000
1.325164,15.573333,14.293333
1.325565,15.520000,14.286666
1.325966,15.506666,14.253333
1.326368,15.460000,14.253333
1.326769,15.446666,14.206667
1.327170,15.460000,14.219999
1.327571,15.440000,14.173332
1.327972,15.433333,14.173332
1.328375,15.386667,14.153333
1.328776,15.359999,14.160000
1.329177,15.300000,14.099999
1.329578,15.306666,14.120000
1.329979,15.246666,13.999999
1.330381,15.246666,14.033333
1.330782,15.186667,14.113334
1.331183,15.219999,14.099999
1.331584,15.226665,14.020000
1.331985,15.200000,13.933332
1.332387,15.306666,13.986667
1.332788,15.119999,13.926666
1.333190,15.119999,13.900000
1.333591,15.086666,13.860000
1.333992,15.006666,13.893333
1.334394,14.953333,13.880000
1.334795,14.953333,13.826666
1.335196,14.953333,13.806667
1.335598,15.020000,13.793333
1.335999,15.080000,13.793333
1.336401,14.880000,13.713332
1.336802,14.886666,13.740001
1.337203,14.913333,13.773333
1.337605,14.846666,13.706666
1.338006,14.833332,13.813334
1.338408,14.786666,13.700000
1.338809,14.773334,13.646666
1.339211,14.753333,13.613334
1.339613,14.733334,13.566667
1.340014,14.706667,13.566667
1.340416,14.626666,13.559999
1.340817,14.693333,13.453332
1.341218,14.653333,13.539999
1.341619,14.606667,13.466666
1.342020,14.593332,13.466666
1.342422,14.540000,13.420000
1.342823,14.559999,13.466666
1.343224,14.559999,13.373333
1.343626,14.520000,13.386665
1.344028,14.493333,13.333333
1.344429,14.459999,13.306666
1.344830,14.420000,13.386665
1.345232,14.446667,13.073333
1.345634,14.373332,13.293333
1.346035,14.366666,13.286667
1.346436,14.333334,13.280000
1.346838,14.340000,13.206666
1.347239,14.253333,13.173333
1.347640,14.280000,13.100000
1.348043,14.140000,13.153334
1.348445,14.233333,13.093333
1.348846,14.246667,13.120000
1.349248,14.186666,13.106667
1.349649,14.166666,13.059999
1.350050,14.153333,13.046666
1.350451,14.120000,13.020000
1.350852,14.086666,12.960000
1.351253,14.093333,12.973333
1.351655,14.059999,12.946667
1.352057,14.020000,12.993333
1.352459,14.006667,12.893333
1.352861,13.993333,12.933333
1.353262,13.953333,12.873333
1.353664,14.006667,12.840000
1.354065,13.993333,12.853333
1.354467,13.906666,12.766666
1.354868,13.920000,12.840000
1.355269,13.826666,12.766666
1.355671,13.839999,12.706667
1.356072,13.786667,12.719999
1.356474,13.799999,12.706667
1.356877,13.733333,12.580000
1.357279,13.726666,12.646667
1.357680,13.693333,12.626667
1.358081,13.680000,12.613333
1.358483,13.666666,12.580000
1.358885,13.626666,12.553333
1.359287,13.613334,12.580000
1.359689,13.606666,12.546666
1.360091,13.593333,12.520000
1.360492,13.553333,12.420000
1.360894,13.506666,12.446667
1.361295,13.513332,12.459999
1.361696,13.486667,12.506667
1.362098,13.460000,12.420000
1.362499,13.426666,12.280000
1.362901,13.433333,12.366667
1.363303,13.379999,12.393332
1.363704,13.360000,12.326666
1.364105,13.333333,12.273333
1.364507,13.286667,12.266666
1.364909,13.293333,12.300000
1.365310,13.280000,12.246667
1.365711,13.266666,12.240000
1.366112,13.240000,12.200000
1.366515,13.193333,12.146667
1.366916,13.193333,12.086666
1.367317,13.139999,12.086666
1.367718,13.133333,12.066666
1.368121,13.133333,12.040000
1.368523,13.073333,12.059999
1.368924,13.013333,11.999999
1.369325,12.993333,11.960000
1.369727,13.013333,11.973333
1.370129,12.960000,11.906667
1.370530,12.973333,11.906667
1.370932,12.986666,11.826667
1.371333,12.953333,11.893333
1.371734,12.886666,11.879999
1.372135,12.860000,11.820000
1.372536,12.880000,11.820000
1.372937,12.806666,11.733333
1.373341,12.820000,11.746666
1.373743,12.653333,11.700000
1.374144,12.706667,11.686666
1.374545,12.719999,11.700000
1.374946,12.700000,11.666666
1.375347,12.660000,11.660000
1.375748,12.653333,11.599999
1.376149,12.646667,11.580000
1.376550,12.599999,11.559999
1.376951,12.540000,11.373333
1.377353,12.546666,11.539999
1.377754,12.500000,11.526667
1.378156,12.546666,11.553333
1.378558,12.473333,11.513333
1.378960,12.480000,11.366667
1.379361,12.480000,11.393333
1.379762,12.420000,11.393333
1.380163,12.373333,11.366667
1.380564,12.366667,11.353333
1.380965,12.393332,11.353333
1.381367,12.200000,11.306666
1.381770,12.240000,11.306666
1.382171,12.360000,11.266666
1.382572,12.213333,11.193334
1.382973,12.219999,11.200000
1.383374,12.200000,11.193334
1.383775,12.120000,11.173333
1.384176,12.146667,11.139999
1.384577,12.080000,11.106667
1.384978,12.013333,11.020000
1.385380,12.066666,11.066667
1.385782,11.986667,11.046666
1.386183,11.980000,10.746666
1.386584,11.913333,11.006666
1.386986,11.900000,10.940000
1.387387,11.940000,10.993334
1.387788,11.866666,10.966666
1.388190,11.900000,10.813333
1.388591,11.860000,10.853333
1.388992,11.793333,10.840000
1.389394,11.686666,10.840000
1.389795,11.733333,10.840000
1.390196,11.733333,10.786667
1.390597,11.720000,10.673333
1.390999,11.693333,10.746666
1.391401,11.693333,10.726666
1.391803,11.666666,10.693333
1.392204,11.626666,10.666667
1.392605,11.620000,10.706666
1.393007,11.580000,10.620000
1.393408,11.559999,10.600000
1.393809,11.480000,10.606667
1.394211,11.480000,10.586667
1.394613,11.453334,10.533334
1.395014,11.446667,10.506666
1.395415,11.400000,10.493333
1.395816,11.400000,10.440000
1.396217,11.320000,10.419999
1.396618,11.346666,10.413333
1.397019,11.320000,10.400000
1.397421,11.339999,10.340000
1.397822,11.313334,10.366666
1.398224,11.373333,10.353333
1.398626,11.219999,10.353333
1.399027,11.133333,10.293333
1.399429,11.173333,10.246666
1.399830,11.126667,10.219999
1.400231,11.139999,10.213333
1.400633,11.106667,10.353333
1.401034,11.086666,10.146667
1.401435,11.053333,10.133333
1.401838,11.020000,10.106667
1.402239,11.020000,10.093333
1.402640,10.973333,10.073334
1.403041,10.946666,10.046666
1.403442,10.900000,9.973333
1.403843,10.900000,10.040000
1.404245,10.886666,9.966666
1.404646,10.840000,9.953333
1.405047,10.813333,10.046666
1.405449,10.786667,9.913333
1.405851,10.793333,9.966666
1.406252,10.759999,9.853333
1.406653,10.660000,9.833333
1.407054,10.679999,9.693333
1.407455,10.546666,9.780000
1.407856,10.646667,9.773333
1.408258,10.620000,9.759999
1.408660,10.606667,9.706666
1.409063,10.566667,9.686666
1.409465,10.500000,9.680000
1.409867,10.513333,9.613334
1.410268,10.493333,9.613334
1.410670,10.480000,9.586666
1.411071,10.446667,9.593333
1.411472,10.433333,9.533333
1.411875,10.179999,9.540000
1.412276,10.373333,9.546667
1.412678,10.353333,9.499999
1.413079,10.253333,9.460000
1.413481,10.246666,9.346666
1.413883,10.299999,9.453333
1.414284,10.186666,9.326667
1.414686,10.219999,9.346666
1.415088,10.166666,9.266666
1.415490,10.166666,9.299999
1.415891,10.140000,9.280000
1.416292,10.133333,9.280000
1.416693,10.120000,9.233333
1.417094,10.073334,9.233333
1.417496,10.073334,9.240000
1.417899,10.033333,9.186666
1.418301,9.900000,9.146667
1.418703,9.980000,9.093333
1.419105,9.953333,9.093333
1.419507,9.966666,9.039999
1.419908,9.906666,9.006666
1.420309,9.820000,9.026667
1.420710,9.860000,9.006666
1.421111,9.773333,8.986667
1.421513,9.800000,8.946667
1.421915,9.793333,8.933333
1.422316,9.766666,8.906666
1.422718,9.719999,8.880000
1.423119,9.706666,8.913333
1.423521,9.706666,8.820000
1.423924,9.719999,8.820000
1.424327,9.566666,8.706666
1.424729,9.613334,8.793333
1.425130,9.573333,8.740000
1.425532,9.540000,8.760000
1.425933,9.513333,8.673333
1.426334,9.499999,8.620000
1.426735,9.453333,8.620000
1.427136,9.400000,8.613334
1.427537,9.400000,8.613334
1.427938,9.313333,8.566667
1.428340,9.340000,8.553333
1.428741,9.346666,8.540000
1.429142,9.313333,8.579999
1.429543,9.313333,8.473333
1.429944,9.240000,8.426667
1.430346,9.260000,8.460000
1.430747,9.126666,8.506666
1.431149,9.073333,8.379999
1.431550,9.179999,8.373333
1.431953,8.960000,8.386666
1.432355,9.120000,8.306666
1.432756,9.080000,8.340000
1.433159,9.053333,8.333333
1.433561,9.046666,8.246666
1.433962,9.000000,8.213333
1.434363,8.946667,8.233334
1.434764,9.020000,8.166667
1.435165,8.933333,8.146667
1.435568,8.913333,8.133333
1.435969,8.893333,8.093333
1.436370,8.860000,8.106667
1.436772,8.826667,8.046666
1.437173,8.793333,8.153334
1.437575,8.833333,8.020000
1.437978,8.740000,7.960000
1.438380,8.746667,7.980000
1.438783,8.726666,7.920000
1.439184,8.693334,7.920000
1.439585,8.613334,7.873333
1.439986,8.673333,7.873333
1.440388,8.593333,7.840000
1.440789,8.573333,7.866666
1.441191,8.560000,7.793334
1.441593,8.513332,7.773333
1.441994,8.520000,7.740000
1.442395,8.480000,7.693334
1.442796,8.413333,7.686666
1.443199,8.426667,7.706666
1.443600,8.406667,7.660000
1.444002,8.386666,7.673333
1.444403,8.366667,7.660000
1.444806,8.340000,7.546666
1.445208,8.300000,7.640000
1.445609,8.300000,7.540000
1.446012,8.220000,7.533333
1.446414,8.186666,7.506667
1.446815,8.193333,7.480000
1.447216,8.193333,7.433333
1.447617,8.113333,7.446666
1.448020,8.146667,7.413333
1.448421,8.139999,7.366667
1.448822,8.166667,7.373333
1.449223,8.093333,7.333333
1.449624,7.986666,7.333333
1.450025,8.033334,7.293333
1.450428,7.973333,7.266667
1.450829,7.953333,7.253334
1.451231,7.920000,7.180000
1.451632,7.920000,6.713333
1.452033,7.880000,7.240000
1.452434,7.860000,7.166667
1.452836,7.840000,7.126667
1.453237,8.126666,7.100000
1.453639,7.693334,7.093333
1.454040,7.766666,7.060000
1.454442,7.780000,7.046667
1.454844,7.726667,6.993333
1.455245,7.686666,6.986666
1.455646,7.706666,6.986666
1.456047,7.520000,6.933333
1.456448,7.620000,7.046667
1.456849,7.666667,6.886666
1.457251,7.546666,6.886666
1.457652,7.533333,6.886666
1.458053,7.513333,6.833333
1.458455,7.533333,6.820000
1.458856,7.473333,6.813333
1.459258,7.433333,6.740000
1.459659,7.426666,6.900000
1.460061,7.400000,6.780000
1.460462,7.360000,6.726666
1.460864,7.280000,6.640000
1.461265,7.320000,6.646667
1.461666,7.320000,6.646667
1.462067,7.260000,6.620000
1.462469,7.253334,6.613333
1.462870,7.213333,6.526666
1.463271,7.206666,6.513333
1.463672,7.180000,6.500000
1.464073,7.133334,6.446667
1.464475,7.166667,6.460000
1.464877,6.993333,6.466667
1.465279,7.086666,6.433333
1.465680,7.006667,6.293333
1.466081,7.040000,6.360000
1.466483,7.006667,6.340000
1.466884,6.986666,6.340000
1.467285,6.933333,6.293333
1.467686,6.913333,6.280000
1.468087,6.906667,6.260000
1.468489,6.880000,6.220000
1.468892,6.873333,6.206666
1.469293,6.846666,6.206666
1.469695,6.780000,6.146667
1.470097,6.806667,6.146667
1.470498,6.766666,6.120000
1.470900,6.806667,6.100000
1.471301,6.726666,6.066667
1.471702,6.686666,6.053333
1.472103,6.653333,6.006667
1.472504,6.673334,5.980000
1.472906,6.466667,6.046667
1.473307,6.626667,5.980000
1.473709,6.613333,5.946667
1.474111,6.493333,5.920000
1.474514,6.486667,5.906666
1.474915,6.480000,5.873333
1.475316,6.473333,5.833333
1.475717,6.460000,5.846666
1.476118,6.406667,5.800000
1.476519,6.413333,5.793334
1.476920,6.373333,5.760000
1.477322,6.380000,5.753333
1.477724,6.300000,5.626667
1.478126,6.233333,5.693333
1.478527,6.293333,5.660000
1.478928,6.260000,5.666667
1.479329,6.260000,5.700000
1.479731,6.186666,5.573333
1.480133,6.213333,5.593333
1.480535,6.173333,5.586667
1.480936,6.120000,5.526667
1.481341,6.106667,5.406666
1.481743,6.053333,5.500000
1.482144,6.073333,5.493333
1.482546,5.986667,5.453333
1.482947,6.026667,5.446666
1.483348,6.006667,5.413333
1.483749,6.020000,5.413333
1.484151,5.940000,5.386667
1.484552,5.933333,5.413333
1.484953,5.926667,5.326667
1.485354,5.873333,5.313333
1.485755,5.860000,5.300000
1.486156,5.853333,5.180000
1.486557,5.740000,5.273333
1.486960,5.793334,5.226666
1.487361,5.780000,5.213333
1.487762,5.760000,5.186666
1.488163,5.753333,5.180000
1.488565,5.660000,5.153333
1.488966,5.673333,5.120000
1.489367,5.626667,5.120000
1.489769,5.626667,5.066667
1.490170,5.640000,5.066667
1.490572,5.593333,5.100000
1.490973,5.580000,5.046667
1.491375,5.546667,5.006667
1.491776,5.533333,4.993333
1.492178,5.500000,4.940000
1.492580,5.473333,5.006667
1.492981,5.460000,4.780000
1.493382,5.420000,4.893333
1.493784,5.426667,4.813333
1.494186,5.400000,4.886666
1.494588,5.353333,4.826666
1.494989,5.320000,4.840000
1.495390,5.333333,4.813333
1.495792,5.306666,4.773334
1.496193,5.333333,4.753333
1.496595,5.293334,4.713333
1.496996,5.280000,4.713333
1.497397,5.253333,4.693333
1.497798,5.080000,4.640000
1.498200,5.146667,4.713333
1.498602,5.126667,4.640000
1.499004,5.133333,4.753333
1.499405,5.120000,4.600000
1.499807,5.093333,4.566667
1.500208,5.066667,4.800000
1.500609,5.046667,4.540000
1.501011,5.033333,4.520000
1.501412,5.000000,4.500000
1.501814,5.060000,4.480000
1.502215,4.960000,4.440000
1.502616,4.940000,4.446667
1.503018,4.900000,4.420000
1.503420,4.893333,4.460000
1.503823,4.846666,4.373333
1.504225,4.846666,4.353333
1.504626,4.840000,4.333333
1.505027,4.813333,4.360000
1.505428,4.793333,4.306667
1.505829,4.740000,4.280000
1.506230,4.726666,4.133333
1.506632,4.573333,4.240000
1.507033,4.793333,4.046667
1.507435,4.800000,4.453333
1.507836,4.666667,4.186666
1.508237,4.626667,4.186666
1.508638,4.620000,4.140000
1.509039,4.613333,4.140000
1.509441,4.600000,4.126667
1.509842,4.553333,4.113333
1.510243,4.533333,4.066667
1.510645,4.533333,4.066667
1.511046,4.506667,4.040000
1.511447,4.513333,3.960000
1.511850,4.466667,4.013333
1.512251,4.433333,3.966667
1.512652,4.433333,3.960000
1.513053,4.366666,3.880000
1.513455,4.360000,3.913333
1.513857,4.386666,3.746666
1.514259,4.373333,3.866667
1.514661,4.320000,4.020000
1.515062,4.453333,3.846667
1.515464,4.226666,3.746666
1.515865,4.266666,3.826667
1.516266,4.233333,3.820000
1.516668,4.220000,3.746666
1.517069,4.200000,3.700000
1.517471,4.180000,3.713333
1.517872,4.180000,3.666667
1.518274,4.153333,3.653333
1.518676,4.100000,3.660000
1.519077,4.133333,3.653333
1.519478,4.093333,3.633333
1.519881,4.046667,3.593333
1.520282,4.020000,3.593333
1.520683,4.013333,3.560000
1.521084,3.846667,3.606667
1.521485,3.980000,3.480000
1.521886,3.966667,3.533333
1.522287,3.946667,3.513333
1.522688,3.766667,3.480000
1.523089,3.953333,3.500000
1.523490,3.860000,3.306667
1.523892,3.860000,3.406667
1.524293,3.866667,3.406667
1.524695,3.833333,3.373333
1.525098,3.826667,3.346666
1.525500,3.833333,3.380000
1.525901,3.686666,3.313333
1.526302,3.793333,3.313333
1.526703,3.746666,3.313333
1.527104,3.680000,3.293333
1.527506,3.673333,3.233333
1.527907,3.620000,3.273333
1.528309,3.613333,3.213333
1.528710,3.626667,3.213333
1.529111,3.593333,3.140000
1.529513,3.633333,3.193333
1.529914,3.660000,3.166667
1.530315,3.553333,3.140000
1.530716,3.526666,3.133333
1.531117,3.473333,3.133333
1.531518,3.473333,3.140000
1.531919,3.486667,3.053333
1.532320,3.446667,3.133333
1.532722,3.440000,3.046667
1.533124,3.386667,3.013333
1.533525,3.400000,3.013333
1.533926,3.306667,2.986667
1.534328,3.360000,2.920000
1.534730,3.313333,2.920000
1.535133,3.313333,2.926667
1.535535,3.313333,2.926667
1.535937,3.293333,2.906667
1.536340,3.280000,2.886667
1.536741,3.280000,2.880000
1.537142,3.300000,2.853333
1.537544,3.213333,2.913333
1.537946,3.206667,2.706666
1.538348,3.206667,2.713333
1.538749,3.186666,2.786667
1.539150,3.106667,2.773333
1.539552,3.140000,2.780000
1.539953,3.086667,2.766667
1.540355,3.106667,2.553333
1.540756,3.066667,2.840000
1.541157,3.060000,2.726667
1.541559,3.046667,2.666667
1.541962,3.020000,2.640000
1.542363,3.000000,2.646667
1.542766,2.973333,2.640000
1.543167,2.973333,2.606667
1.543568,2.946667,2.593333
1.543971,2.926667,2.600000
1.544373,2.926667,2.560000
1.544774,2.953333,2.520000
1.545175,2.873333,2.506666
1.545576,2.833333,2.533333
1.545978,2.860000,2.506666
1.546380,2.813333,2.466667
1.546781,2.800000,2.400000
1.547182,2.793333,2.406667
1.547584,2.773333,2.486667
1.547985,2.913333,2.426666
1.548387,2.766667,2.366667
1.548788,2.853333,2.366667
1.549190,2.746667,2.400000
1.549591,2.706666,2.380000
1.549993,2.693333,2.353333
1.550395,2.646667,2.333333
1.550796,2.673333,2.340000
1.551197,2.653333,2.306667
1.551598,2.640000,2.300000
1.551999,2.333333,2.260000
1.552401,2.613333,2.253333
1.552802,2.593333,2.246667
1.553204,2.413333,2.246667
1.553605,2.540000,2.186667
1.554006,2.546667,2.186667
1.554408,2.566667,2.166667
1.554809,2.506666,2.120000
1.555210,2.453333,2.166667
1.555611,2.426666,2.140000
1.556012,2.440000,2.166667
1.556414,2.433333,2.160000
1.556815,2.440000,2.000000
1.557217,2.373333,2.026667
1.557619,2.400000,2.033333
1.558020,2.373333,2.046667
1.558421,2.320000,2.033333
1.558823,2.340000,2.033333
1.559224,2.366667,2.026667
1.559625,2.366667,2.000000
1.560026,2.346667,1.973333
1.560428,2.280000,1.980000
1.560829,2.266667,1.966667
1.561231,2.253333,1.920000
1.561632,2.346667,1.880000
1.562033,2.166667,1.906667
1.562434,2.220000,1.900000
1.562835,2.160000,1.846667
1.563236,2.200000,1.880000
1.563638,2.120000,1.940000
1.564039,2.113333,1.826667
1.564441,2.153333,1.846667
1.564842,2.133333,1.826667
1.565244,2.093333,1.786667
1.565646,2.060000,1.773333
1.566047,2.120000,1.793333
1.566449,2.066667,1.780000
1.566850,2.046667,1.733333
1.567252,2.053333,1.733333
1.567653,2.026667,1.726667
1.568054,1.980000,1.713333
1.568455,1.980000,1.700000
1.568856,1.906667,1.733333
1.569258,2.026667,1.693333
1.569660,1.953333,1.593333
1.570061,1.933333,1.633333
1.570463,1.913333,1.646667
1.570865,1.873333,1.360000
1.571266,1.906667,1.726667
1.571668,1.840000,1.586667
1.572069,1.926667,1.606667
1.572470,1.846667,1.580000
1.572871,1.826667,1.560000
1.573272,1.813333,1.453333
1.573673,1.780000,1.533333
1.574074,1.786667,1.506667
1.574476,1.733333,1.506667
1.574877,1.766667,1.653333
1.575279,1.760000,1.466667
1.575680,1.733333,1.353333
1.576081,1.780000,1.406667
1.576482,1.746667,1.473333
1.576883,1.706667,1.460000
1.577284,1.680000,1.413333
1.577685,1.666667,1.573333
1.578087,1.666667,1.406667
1.578488,1.500000,1.380000
1.578889,1.660000,1.380000
1.579291,1.626667,1.406667
1.579692,1.620000,1.353333
1.580094,1.606667,1.360000
1.580496,1.586667,1.326667
1.580897,1.653333,1.320000
1.581299,1.646667,1.346667
1.581701,1.560000,1.280000
1.582102,1.680000,1.300000
1.582504,1.533333,1.246667
1.582905,1.486667,1.273333
1.583307,1.526667,1.246667
1.583709,1.493333,1.246667
1.584110,1.486667,1.206667
1.584512,1.420000,1.306667
1.584913,1.433333,1.206667
1.585315,1.440000,1.206667
1.585716,1.460000,1.226667
1.586118,1.413333,1.206667
1.586520,1.420000,1.146667
1.586923,1.406667,1.153333
1.587325,1.400000,1.093333
1.587727,1.386667,1.126667
1.588128,1.353333,1.113333
1.588529,1.346667,1.120000
1.588930,1.360000,1.206667
1.589332,1.300000,1.086667
1.589733,1.280000,1.113333
1.590135,1.300000,1.180000
1.590537,1.300000,1.206667
1.590938,1.273333,1.033333
1.591341,1.300000,1.053333
1.591742,1.246667,0.993333
1.592143,1.226667,1.033333
1.592544,1.240000,1.000000
1.592946,1.240000,1.000000
1.593348,1.213333,0.980000
1.593749,1.206667,0.953333
1.594151,1.186667,0.960000
1.594553,1.200000,0.953333
1.594954,1.186667,0.946667
1.595355,1.186667,0.953333
1.595756,1.160000,0.946667
1.596158,1.146667,1.360000
1.596559,1.120000,0.946667
1.596961,1.120000,0.946667
1.597362,1.120000,0.946667
1.597763,1.153333,0.946667
1.598166,1.046667,0.946667
1.598569,1.026667,0.946667
1.598972,1.066667,0.946667
1.599374,1.040000,0.946667
1.599775,0.993333,0.946667
1.600176,1.046667,0.946667
1.600578,1.033333,0.946667
1.600979,1.026667,0.946667
1.601381,1.026667,0.946667
1.601782,1.026667,0.946667
1.602183,0.980000,0.946667
1.602584,0.986667,0.946667
1.602987,1.006667,0.946667
1.603388,0.986667,0.946667
1.603789,0.973333,0.946667
1.604190,0.946667,0.946667
1.604591,0.946667,0.946667
1.604992,0.946667,0.946667
1.605394,0.946667,0.946667
1.605795,0.946667,0.946667
1.606196,0.946667,0.946667
1.606597,0.946667,0.946667
1.606998,0.980000,0.946667
1.607400,0.946667,0.946667
1.607801,0.946667,0.946667
1.608203,0.946667,0.946667
1.608610,0.946667,0.946667
1.609012,0.946667,0.946667
1.609414,0.946667,0.946667
1.609815,0.946667,0.946667
1.610216,0.946667,0.946667
1.610617,0.946667,0.946667
1.611020,0.946667,0.946667
1.611422,0.946667,0.946667
1.611823,0.946667,0.946667
1.612224,0.946667,0.946667
1.612627,0.946667,0.946667
1.613028,0.946667,0.946667
1.613429,0.946667,0.946667
1.613830,0.946667,0.946667
1.614231,0.946667,0.946667
1.614633,0.946667,0.946667
1.615034,0.946667,0.946667
1.615436,0.946667,0.946667
1.615837,0.946667,0.946667
1.616239,0.946667,0.946667
1.616640,0.946667,0.946667
1.617042,0.946667,0.946667
1.617443,0.946667,0.946667
1.617846,0.946667,0.946667
1.618247,0.946667,0.946667
1.618648,0.946667,0.946667
1.619049,0.946667,0.946667
1.619450,0.946667,0.946667
1.619852,0.946667,0.946667
1.620253,0.946667,0.946667
1.620655,0.946667,0.946667
1.621056,0.946667,0.946667
1.621458,0.946667,0.946667
1.621859,0.946667,0.946667
1.622260,0.946667,0.946667
1.622661,0.946667,0.946667
1.623062,0.946667,0.946667
1.623463,0.946667,0.946667
1.623866,0.946667,0.946667
1.624267,0.946667,0.946667
1.624669,0.946667,0.946667
1.625070,0.946667,0.946667
1.625471,0.946667,0.946667
1.625872,0.946667,0.946667
1.626273,0.946667,0.946667
1.626674,0.946667,0.946667
1.627076,0.946667,0.946667
1.627478,0.946667,0.946667
1.627879,0.946667,0.946667
1.628281,0.946667,0.946667
1.628683,0.946667,0.946667
1.629084,0.946667,0.946667
1.629485,0.946667,0.946667
1.629887,0.946667,0.946667
1.630288,0.946667,0.946667
1.630690,0.946667,0.946667
1.631091,0.946667,0.946667
1.631492,0.946667,0.946667
1.631894,0.946667,0.946667
1.632295,0.946667,0.946667
1.632697,0.946667,0.946667
1.633098,0.946667,0.946667
1.633499,0.946667,0.946667
1.633901,0.946667,0.946667
1.634302,0.946667,0.946667
1.634703,0.946667,0.946667
1.635105,0.946667,0.946667
1.635507,0.946667,0.946667
1.635908,0.946667,0.946667
1.636311,0.946667,0.946667
1.636713,0.946667,0.946667
1.637114,0.946667,0.946667
1.637516,0.946667,0.946667
1.637917,0.946667,0.946667
1.638319,0.946667,0.946667
1.638720,0.946667,0.946667
1.639122,0.946667,0.946667
1.639523,0.946667,0.946667
1.639924,0.946667,0.946667
1.640325,0.946667,0.946667
1.640726,0.946667,0.946667
1.641127,0.946667,0.946667
1.641529,0.946667,0.946667
1.641931,0.946667,0.946667
1.642332,0.946667,0.946667
1.642733,0.946667,0.946667
1.643134,0.946667,0.946667
1.643535,0.946667,0.946667
1.643936,0.946667,0.946667
1.644341,0.946667,0.946667
1.644742,0.946667,0.946667
1.645143,0.946667,0.946667
1.645544,0.946667,0.946667
1.645945,0.946667,0.946667
1.646347,0.946667,0.946667
1.646748,0.946667,0.946667
1.647149,0.946667,0.946667
1.647550,0.946667,0.946667
1.647952,0.946667,0.946667
1.648354,0.946667,0.946667
1.648755,0.946667,0.946667
1.649156,0.946667,0.946667
1.649557,0.946667,0.946667
1.649958,0.946667,0.946667
1.650360,0.946667,0.946667
1.650761,0.946667,0.946667
1.651162,0.946667,0.946667
1.651563,0.946667,0.946667
1.651964,0.946667,0.946667
1.652366,0.946667,0.946667
1.652768,0.946667,0.946667
1.653169,0.946667,0.946667
1.653571,0.946667,0.946667
1.653973,0.946667,0.946667
1.654374,0.946667,0.946667
1.654775,0.946667,0.946667
1.655177,0.946667,0.946667
1.655578,0.946667,0.946667
1.655979,0.946667,0.946667
1.656381,0.946667,0.946667
1.656782,0.946667,0.946667
1.657183,0.946667,0.946667
1.657584,0.946667,0.946667
1.657987,0.946667,0.946667
1.658389,0.946667,0.946667
1.658790,0.946667,0.946667
1.659191,0.946667,0.946667
1.659592,0.946667,0.946667
1.659993,0.946667,0.946667
1.660395,0.946667,0.946667
1.660796,0.946667,0.946667
1.661197,0.946667,0.946667
1.661599,0.946667,0.946667
1.662000,0.946667,0.946667
1.662402,0.946667,0.946667
1.662803,0.946667,0.946667
1.663204,0.946667,0.946667
1.663605,0.946667,0.946667
1.664006,0.946667,0.946667
1.664407,0.946667,0.946667
1.664808,0.946667,0.946667
1.665209,0.946667,0.946667
1.665611,0.946667,0.946667
1.666013,0.946667,0.946667
1.666415,0.946667,0.946667
1.666817,0.946667,0.946667
1.667218,0.946667,0.946667
1.667620,0.946667,0.946667
1.668021,0.946667,0.946667
1.668422,0.946667,0.946667
1.668823,0.946667,0.946667
1.669224,0.946667,0.946667
1.669626,0.946667,0.946667
1.670029,0.946667,0.946667
1.670431,0.946667,0.946667
1.670833,0.946667,0.946667
1.671234,0.946667,0.946667
1.671635,0.946667,0.946667
1.672038,0.946667,0.946667
1.672440,0.946667,0.946667
1.672841,0.946667,0.946667
1.673242,0.946667,0.946667
1.673643,0.946667,0.946667
1.674046,0.946667,0.946667
1.674448,0.946667,0.946667
1.674849,0.946667,0.946667
1.675251,0.946667,0.946667
1.675652,0.946667,0.946667
1.676054,0.946667,0.946667
1.676455,0.946667,0.946667
1.676856,0.946667,0.946667
1.677258,0.946667,0.946667
1.677660,0.946667,0.946667
1.678061,0.946667,0.946667
1.678462,0.946667,0.946667
1.678865,0.946667,0.946667
1.679267,0.946667,0.946667
1.679669,0.946667,0.946667
1.680071,0.946667,0.946667
1.680473,0.946667,0.946667
1.680874,0.946667,0.946667
1.681276,0.946667,0.946667
1.681678,0.946667,0.946667
1.682079,0.946667,0.946667
1.682480,0.946667,0.946667
1.682881,0.946667,0.946667
1.683282,0.946667,0.946667
1.683683,0.946667,0.946667
1.684084,0.946667,0.946667
1.684485,0.946667,0.946667
1.684886,0.946667,0.946667
1.685288,0.946667,0.946667
1.685689,0.946667,0.946667
1.686090,0.946667,0.946667
1.686492,0.946667,0.946667
1.686894,0.946667,0.946667
1.687295,0.946667,0.946667
1.687696,0.946667,0.946667
1.688099,0.946667,0.946667
1.688501,0.946667,0.946667
1.688902,0.946667,0.946667
1.689303,0.946667,0.946667
1.689705,0.946667,0.946667
1.690106,0.946667,0.946667
1.690507,0.946667,0.946667
1.690908,0.946667,0.946667
1.691309,0.946667,0.946667
1.691711,0.946667,0.946667
1.692112,0.946667,0.946667
1.692514,0.946667,0.946667
1.692915,0.946667,0.946667
1.693316,0.946667,0.946667
1.693718,0.946667,0.946667
1.694120,0.946667,0.946667
1.694522,0.946667,0.946667
1.694924,0.946667,0.946667
1.695325,0.946667,0.946667
1.695726,0.946667,0.946667
1.696127,0.946667,0.946667
1.696529,0.946667,0.946667
1.696930,0.946667,0.946667
1.697331,0.946667,0.946667
1.697732,0.946667,0.946667
1.698133,0.946667,0.946667
1.698535,0.946667,0.946667
1.698936,0.946667,0.946667
1.699341,0.946667,0.946667
1.699743,0.946667,0.946667
1.700144,0.946667,0.946667
1.700547,0.946667,0.946667
1.700948,0.946667,0.946667
1.701351,0.946667,0.946667
1.701752,0.946667,0.946667
1.702153,0.946667,0.946667
1.702555,0.946667,0.946667
1.702956,0.946667,0.946667
1.703357,0.946667,0.946667
1.703760,0.946667,0.946667
1.704162,0.946667,0.946667
1.704564,0.946667,0.946667
1.704965,0.946667,0.946667
1.705368,0.946667,0.946667
1.705771,0.946667,0.946667
1.706172,0.946667,0.946667
1.706573,0.946667,0.946667
1.706974,0.946667,0.946667
1.707375,0.946667,0.946667
1.707777,0.946667,0.946667
1.708178,0.946667,0.946667
1.708580,0.946667,0.946667
1.708983,0.946667,0.946667
1.709384,0.946667,0.946667
1.709785,0.946667,0.946667
1.710187,0.946667,0.946667
1.710588,0.946667,0.946667
1.710990,0.946667,0.946667
1.711391,0.946667,0.946667
1.711792,0.946667,0.946667
1.712194,0.946667,0.946667
1.712596,0.946667,0.946667
1.712997,0.946667,0.946667
1.713399,0.946667,0.946667
1.713800,0.946667,0.946667
1.714201,0.946667,0.946667
1.714602,0.946667,0.946667
1.715004,0.946667,0.946667
1.715406,0.946667,0.946667
1.715807,0.946667,0.946667
1.716209,0.946667,0.946667
1.716610,0.946667,0.946667
1.717011,0.946667,0.946667
1.717413,0.946667,0.946667
1.717815,0.946667,0.946667
1.718217,0.946667,0.946667
1.718619,0.946667,0.946667
1.719020,0.946667,0.946667
1.719421,0.946667,0.946667
1.719822,0.946667,0.946667
1.720224,0.946667,0.946667
1.720625,0.946667,0.946667
1.721028,0.946667,0.946667
1.721429,0.946667,0.946667
1.721830,0.946667,0.946667
1.722231,0.946667,0.946667
1.722632,0.946667,0.946667
1.723033,1.106667,0.946667
1.723435,0.946667,0.946667
1.723836,0.953333,0.946667
1.724237,0.946667,0.946667
1.724638,0.946667,0.946667
1.725039,0.946667,0.946667
1.725441,0.946667,0.946667
1.725842,0.946667,0.946667
1.726244,0.946667,0.946667
1.726645,0.946667,0.946667
1.727047,0.953333,0.946667
1.727448,0.946667,0.946667
1.727849,0.973333,0.946667
1.728250,0.953333,0.946667
1.728651,0.973333,0.946667
1.729052,0.953333,0.946667
1.729455,0.980000,0.946667
1.729857,1.020000,0.946667
1.730259,1.033333,0.946667
1.730661,1.033333,0.946667
1.731062,1.046667,0.946667
1.731463,1.040000,0.946667
1.731866,1.080000,0.946667
1.732267,1.053333,0.946667
1.732669,1.080000,0.946667
1.733070,1.073333,0.946667
1.733471,1.106667,0.946667
1.733872,1.106667,0.946667
1.734274,1.126667,0.946667
1.734675,1.106667,0.946667
1.735077,1.106667,0.953333
1.735478,1.113333,0.946667
1.735879,1.166667,0.946667
1.736281,1.180000,0.986667
1.736683,1.200000,0.946667
1.737084,1.186667,1.120000
1.737485,1.186667,0.986667
1.737888,1.240000,1.006667
1.738290,1.240000,1.013333
1.738691,1.180000,1.033333
1.739092,1.286667,1.040000
1.739494,1.266667,1.033333
1.739895,1.253333,1.033333
1.740296,1.246667,1.033333
1.740698,1.433333,1.053333
1.741101,1.340000,1.066667
1.741503,1.306667,1.093333
1.741904,1.313333,1.120000
1.742305,1.326667,0.966667
1.742706,1.360000,1.120000
1.743107,1.366667,1.120000
1.743509,1.366667,1.200000
1.743910,1.386667,1.173333
1.744311,1.353333,1.146667
1.744713,1.413333,1.200000
1.745114,1.533333,1.293333
1.745516,1.433333,1.200000
1.745917,1.460000,1.180000
1.746319,1.426667,1.213333
1.746720,1.466667,1.206667
1.747123,1.473333,1.213333
1.747524,1.560000,1.226667
1.747925,1.553333,1.280000
1.748326,1.453333,1.300000
1.748727,1.486667,1.206667
1.749130,1.533333,1.226667
1.749531,1.566667,1.300000
1.749932,1.566667,1.300000
1.750333,1.586667,1.313333
1.750734,1.606667,1.373333
1.751137,1.606667,1.333333
1.751538,1.620000,1.386667
1.751939,1.626667,1.386667
1.752341,1.633333,1.380000
1.752742,1.646667,1.386667
1.753143,1.660000,1.400000
1.753544,1.640000,1.466667
1.753946,1.706667,1.446667
1.754347,1.713333,1.453333
1.754748,1.760000,1.400000
1.755149,1.733333,1.440000
1.755550,1.733333,1.460000
1.755951,1.773333,1.393333
1.756353,1.806667,1.513333
1.756754,1.793333,1.466667
1.757155,1.780000,1.546667
1.757556,1.800000,1.466667
1.757958,1.826667,1.506667
1.758360,1.853333,1.746667
1.758761,1.860000,1.593333
1.759162,1.880000,1.573333
1.759563,1.913333,1.606667
1.759965,1.906667,1.646667
1.760367,1.900000,1.586667
1.760768,1.906667,1.633333
1.761170,1.920000,1.646667
1.761571,1.940000,1.673333
1.761972,1.933333,1.680000
1.762374,1.980000,1.733333
1.762775,1.980000,1.713333
1.763176,1.953333,1.720000
1.763577,1.980000,1.733333
1.763979,2.033333,1.733333
1.764381,2.033333,1.626667
1.764783,1.913333,1.753333
1.765185,1.986667,1.773333
1.765587,2.073333,1.806667
1.765989,2.133333,1.786667
1.766390,2.120000,1.820000
1.766791,2.166667,1.840000
1.767192,2.173333,1.833333
1.767594,2.193333,1.880000
1.767995,2.173333,1.846667
1.768396,2.206667,1.906667
1.768797,2.213333,1.906667
1.769199,2.253333,1.906667
1.769600,2.226666,1.933333
1.770002,2.153333,1.940000
1.770403,2.246667,2.000000
1.770804,2.293333,2.000000
1.771206,2.293333,1.980000
1.771607,2.333333,2.060000
1.772008,2.346667,1.986667
1.772409,2.393333,2.033333
1.772810,2.266667,1.860000
1.773212,2.413333,2.113333
1.773613,2.400000,2.100000
1.774014,2.433333,2.086667
1.774415,2.426666,2.093333
1.774818,2.433333,2.113333
1.775219,2.440000,2.153333
1.775620,2.480000,2.146667
1.776021,2.486667,2.153333
1.776422,2.533333,2.180000
1.776823,2.553333,2.186667
1.777225,2.526667,2.193333
1.777627,2.606667,2.213333
1.778029,2.546667,2.086667
1.778430,2.593333,2.253333
1.778833,2.526667,2.233333
1.779234,2.613333,2.280000
1.779636,2.653333,2.273333
1.780037,2.653333,2.273333
1.780440,2.646667,2.326667
1.780842,2.786667,2.320000
1.781243,2.660000,2.260000
1.781645,2.680000,2.346667
1.782046,2.740000,2.386667
1.782447,2.766667,2.400000
1.782848,2.746667,2.413333
1.783251,2.866667,2.433333
1.783653,2.786667,2.513333
1.784054,2.800000,2.460000
1.784455,2.786667,2.473333
1.784856,2.840000,2.493333
1.785258,2.853333,2.520000
1.785659,2.866667,2.453333
1.786062,2.886667,2.560000
1.786464,2.933333,2.506666
1.786867,2.953333,2.560000
1.787268,2.953333,2.573333
1.787669,2.953333,2.613333
1.788071,2.993333,2.646667
1.788472,3.006667,2.620000
1.788874,3.020000,2.660000
1.789276,3.026667,2.760000
1.789677,3.026667,2.693333
1.790079,3.006667,2.700000
1.790481,3.073333,2.706666
1.790882,3.086667,2.706666
1.791283,3.133333,2.726667
1.791684,3.133333,2.666667
1.792086,3.133333,2.780000
1.792487,3.153333,2.786667
1.792890,3.153333,2.800000
1.793291,3.213333,2.786667
1.793693,3.226667,2.866667
1.794094,3.220000,2.873333
1.794496,3.260000,2.860000
1.794897,3.280000,2.880000
1.795299,3.313333,2.940000
1.795700,3.320000,2.960000
1.796101,3.326667,2.960000
1.796503,3.326667,2.940000
1.796905,3.386667,2.966666
1.797307,3.400000,2.960000
1.797709,3.400000,3.040000
1.798110,3.333333,2.953333
1.798511,3.373333,3.040000
1.798913,3.493333,3.100000
1.799314,3.486667,3.100000
1.799716,3.493333,3.073333
1.800117,3.493333,3.126667
1.800518,3.533333,3.133333
1.800919,3.580000,3.133333
1.801320,3.540000,3.100000
1.801722,3.613333,3.180000
1.802124,3.660000,3.193333
1.802525,3.626667,3.220000
1.802926,3.580000,3.226667
1.803327,3.660000,3.253333
1.803729,3.673333,3.286667
1.804130,3.686666,3.300000
1.804531,3.726667,3.313333
1.804932,3.746666,3.313333
1.805334,3.746666,3.346666
1.805736,3.773333,3.660000
1.806137,3.773333,3.433333
1.806538,3.840000,3.400000
1.806939,3.780000,3.426666
1.807341,3.880000,3.460000
1.807742,3.906667,3.453333
1.808143,3.920000,3.486667
1.808544,3.966667,3.473333
1.808945,3.980000,3.526666
1.809347,4.000000,3.533333
1.809748,4.026666,3.533333
1.810149,4.026666,3.526666
1.810550,4.020000,3.593333
1.810951,4.073333,3.606667
1.811354,4.060000,3.593333
1.811756,4.093333,3.646667
1.812157,4.080000,3.620000
1.812558,4.166667,3.746666
1.812960,4.166667,3.673333
1.813361,4.126667,4.100000
1.813762,4.186666,3.713333
1.814165,4.206666,3.806666
1.814566,4.213334,3.746666
1.814967,4.266666,3.746666
1.815368,4.246667,3.833333
1.815769,4.273333,3.840000
1.816172,4.340000,3.866667
1.816574,4.333333,3.893333
1.816975,4.346667,3.926666
1.817376,4.373333,3.906667
1.817777,4.413333,3.913333
1.818178,4.480000,3.973333
1.818579,4.433333,3.966667
1.818980,4.466667,4.073333
1.819381,4.433333,4.013333
1.819782,4.540000,4.026666
1.820183,4.526667,4.053333
1.820584,4.493333,3.920000
1.820987,4.540000,4.013333
1.821388,4.600000,4.013333
1.821789,4.613333,4.086667
1.822191,4.653333,4.153333
1.822593,4.633333,4.186666
1.822995,4.686666,4.246667
1.823396,4.686666,4.186666
1.823797,4.713333,4.206666
1.824199,4.713333,4.253333
1.824601,4.766666,4.260000
1.825002,4.820000,4.293333
1.825403,4.793333,4.293333
1.825804,4.800000,4.326666
1.826205,4.826666,4.333333
1.826607,4.840000,4.366666
1.827008,4.860000,4.360000
1.827409,4.886666,4.393333
1.827811,4.906667,4.340000
1.828212,4.940000,4.446667
1.828613,4.980000,4.453333
1.829015,5.026667,4.546667
1.829416,4.993333,4.573333
1.829817,5.013333,4.513333
1.830219,5.053333,4.540000
1.830621,5.060000,4.560000
1.831024,5.146667,4.553333
1.831426,5.133333,4.553333
1.831827,5.100000,4.533333
1.832228,5.100000,4.626667
1.832630,5.166667,4.680000
1.833031,5.180000,4.713333
1.833433,5.206666,4.700000
1.833834,5.233334,4.706666
1.834235,5.193333,4.700000
1.834637,5.293334,4.753333
1.835038,5.300000,4.773334
1.835441,5.280000,4.800000
1.835843,5.360000,4.800000
1.836245,5.506666,4.773334
1.836646,5.413333,4.846666
1.837048,5.413333,4.886666
1.837449,5.433333,4.886666
1.837850,5.433333,4.913333
1.838251,5.486667,4.920000
1.838653,5.506666,4.953333
1.839054,5.493333,4.940000
1.839456,5.520000,4.966667
1.839857,5.560000,5.060000
1.840259,5.486667,5.046667
1.840660,5.513333,4.920000
1.841061,5.626667,5.046667
1.841462,5.660000,5.100000
1.841863,5.673333,5.133333
1.842264,5.680000,5.120000
1.842666,5.720000,5.153333
1.843067,5.720000,5.186666
1.843468,5.766666,5.220000
1.843869,5.780000,5.220000
1.844271,5.820000,5.233334
1.844672,5.833333,5.240000
1.845073,5.913333,5.306666
1.845475,5.860000,5.313333
1.845876,5.886667,5.240000
1.846278,5.986667,5.386667
1.846679,5.946667,5.353333
1.847081,5.986667,5.386667
1.847482,5.986667,5.386667
1.847883,6.000000,5.426667
1.848285,6.033333,5.533333
1.848687,6.026667,5.300000
1.849088,6.080000,5.513333
1.849489,6.100000,5.500000
1.849890,6.106667,5.539999
1.850293,6.133333,5.520000
1.850694,6.166667,5.586667
1.851095,6.186666,5.586667
1.851496,6.220000,5.626667
1.851897,6.220000,5.646667
1.852299,6.280000,5.673333
1.852701,6.306666,5.680000
1.853102,6.446667,5.673333
1.853503,6.306666,5.733333
1.853905,6.360000,5.753333
1.854307,6.420000,5.940000
1.854708,6.433333,5.813333
1.855110,6.433333,5.820000
1.855511,6.460000,5.913333
1.855912,6.453333,5.886667
1.856313,6.513333,5.886667
1.856715,6.626667,5.940000
1.857116,6.520000,5.946667
1.857517,6.600000,5.966666
1.857918,6.640000,5.953333
1.858320,6.646667,5.993333
1.858722,6.673334,6.020000
1.859125,6.680000,6.000000
1.859527,6.746666,6.080000
1.859928,6.820000,6.073333
1.860329,6.773334,6.113333
1.860730,6.786666,6.113333
1.861131,6.813333,6.133333
1.861532,6.820000,6.133333
1.861933,6.846666,6.193333
1.862334,6.886666,6.160000
1.862735,6.940000,6.393333
1.863136,6.920000,6.260000
1.863537,6.986666,6.300000
1.863938,7.026667,6.286667
1.864341,6.966666,6.360000
1.864742,6.906667,6.346667
1.865143,7.213333,6.366666
1.865544,7.073333,6.300000
1.865945,7.093333,6.446667
1.866347,7.126667,6.466667
1.866748,7.153333,6.453333
1.867149,7.160000,6.500000
1.867550,7.180000,6.513333
1.867951,7.219999,6.546667
1.868353,7.206666,6.546667
1.868754,7.300000,6.600000
1.869155,7.326666,6.640000
1.869557,7.300000,6.640000
1.869958,7.326666,6.660000
1.870360,7.353333,6.100000
1.870761,7.380000,6.660000
1.871162,7.426666,6.460000
1.871563,7.446666,6.800000
1.871966,7.380000,6.800000
1.872367,7.546666,6.813333
1.872768,7.400000,6.853333
1.873169,7.513333,6.866666
1.873570,7.440000,6.893333
1.873971,7.633333,6.913333
1.874373,7.586667,6.913333
1.874774,7.640000,6.973333
1.875175,7.679999,6.973333
1.875577,7.686666,6.960000
1.875978,7.620000,7.040000
1.876380,7.700000,7.020000
1.876781,7.740000,7.040000
1.877183,7.740000,7.106667
1.877584,7.793334,7.046667
1.877985,7.813334,7.260000
1.878388,7.853333,7.113333
1.878789,7.806666,7.166667
1.879191,7.866666,7.166667
1.879592,7.913333,7.206666
1.879994,7.920000,7.200000
1.880395,7.826667,7.286667
1.880796,7.973333,7.260000
1.881199,7.920000,7.353333
1.881601,8.046666,7.446666
1.882002,8.013333,7.313333
1.882404,8.126666,7.420000
1.882806,8.120000,7.380000
1.883207,8.139999,7.460000
1.883609,8.166667,7.440000
1.884011,8.206666,7.726667
1.884413,8.206666,7.506667
1.884815,8.193333,7.513333
1.885216,8.293333,7.553333
1.885618,8.300000,7.520000
1.886019,8.259999,7.553333
1.886421,8.393332,7.686666
1.886822,8.366667,7.740000
1.887224,8.413333,7.693334
1.887625,8.373333,7.660000
1.888026,8.393332,7.686666
1.888428,8.446666,7.720000
1.888829,8.500000,7.746666
1.889231,8.553333,7.760000
1.889632,8.553333,7.720000
1.890034,8.513332,7.766666
1.890435,8.586666,7.813334
1.890836,8.626667,7.813334
1.891237,8.639999,7.893333
1.891638,8.639999,7.906666
1.892040,8.680000,7.926667
1.892441,8.719999,7.940000
1.892842,8.753333,7.993333
1.893243,8.753333,7.980000
1.893644,8.753333,8.026667
1.894045,8.846666,8.053332
1.894447,8.806666,8.040000
1.894848,8.839999,8.100000
1.895250,8.833333,8.179999
1.895652,8.893333,8.133333
1.896053,8.933333,8.206666
1.896455,8.980000,8.166667
1.896856,8.993333,8.220000
1.897258,9.020000,8.233334
1.897659,9.046666,8.740000
1.898060,9.039999,8.246666
1.898462,9.320000,8.340000
1.898864,9.099999,8.426667
1.899265,9.140000,8.340000
1.899667,9.186666,8.393332
1.900069,9.160000,8.393332
1.900470,9.226666,8.426667
1.900871,9.246666,8.453333
1.901272,9.260000,8.453333
1.901673,9.286667,8.513332
1.902074,9.240000,8.599999
1.902476,9.379999,8.553333
1.902877,9.393333,8.573333
1.903278,9.466666,8.613334
1.903680,9.400000,8.593333
1.904083,9.486667,8.639999
1.904485,9.520000,8.660000
1.904886,9.513333,8.620000
1.905288,9.533333,8.719999
1.905689,9.580000,8.693334
1.906091,9.486667,8.693334
1.906492,9.653333,8.766666
1.906894,9.646667,8.740000
1.907295,9.693333,8.833333
1.907696,9.686666,8.833333
1.908098,9.733334,8.846666
1.908500,9.753333,8.913333
1.908902,9.793333,8.913333
1.909304,9.853333,8.953334
1.909705,9.833333,9.000000
1.910108,9.839999,9.059999
1.910509,9.860000,8.993333
1.910911,9.873333,9.020000
1.911312,9.993333,9.013333
1.911713,9.940001,9.066667
1.912114,9.873333,9.093333
1.912516,9.973333,9.106667
1.912917,10.006667,9.106667
1.913319,10.046666,9.160000
1.913720,10.066667,9.186666
1.914121,10.166666,9.206667
1.914523,10.066667,9.246666
1.914924,10.160000,9.266666
1.915325,10.126667,9.233333
1.915727,10.153333,9.340000
1.916128,10.120000,9.340000
1.916529,10.253333,9.346666
1.916931,10.260000,9.346666
1.917332,10.306666,9.266666
1.917733,10.313334,9.493333
1.918134,10.346666,9.499999
1.918536,10.386666,9.506666
1.918938,10.346666,9.513333
1.919340,10.419999,9.540000
1.919742,10.506666,9.613334
1.920143,10.486666,9.613334
1.920545,10.500000,9.626666
1.920946,10.473333,9.680000
1.921348,10.526667,9.693333
1.921749,10.480000,9.706666
1.922150,10.620000,9.733334
1.922552,10.600000,9.773333
1.922954,10.746666,9.793333
1.923355,10.633333,9.700000
1.923758,10.639999,9.793333
1.924159,10.720000,9.826666
1.924561,10.746666,9.860000
1.924962,10.780000,9.906666
1.925363,10.813333,9.940001
1.925765,10.833333,9.933333
1.926166,10.853333,9.933333
1.926568,10.893332,9.973333
1.926969,10.893332,9.993333
1.927371,10.933333,10.013333
1.927774,10.973333,10.073334
1.928176,10.980000,10.059999
1.928577,11.013332,10.160000
1.928978,10.980000,10.140000
1.929380,11.033333,10.140000
1.929781,11.060000,10.160000
1.930182,11.093333,10.226666
1.930584,11.120000,10.173333
1.930985,11.160000,10.266666
1.931387,11.073333,10.346666
1.931788,11.206666,10.233333
1.932189,11.300000,10.333333
1.932590,11.313334,10.326667
1.932991,11.253333,10.340000
1.933393,11.300000,10.393333
1.933794,11.300000,10.393333
1.934195,11.380000,10.433333
1.934596,11.353333,10.440000
1.934997,11.393333,10.486666
1.935398,11.413333,10.493333
1.935800,11.453334,10.500000
1.936201,11.233333,10.526667
1.936603,11.606667,10.533334
1.937005,11.533333,10.593333
1.937407,11.553333,10.486666
1.937810,11.586667,10.726666
1.938211,11.599999,10.559999
1.938613,11.566667,10.673333
1.939014,11.626666,10.700000
1.939416,11.666666,10.746666
1.939817,11.706667,10.746666
1.940219,11.706667,10.766666
1.940621,11.720000,10.786667
1.941022,11.780000,10.820000
1.941424,11.799999,10.840000
1.941826,11.799999,10.853333
1.942228,11.773334,10.873333
1.942630,11.846666,10.873333
1.943032,11.946667,10.920000
1.943434,11.866666,10.946666
1.943836,11.933332,10.986667
1.944238,11.973333,11.006666
1.944640,11.980000,11.026667
1.945042,12.020000,11.046666
1.945443,12.013333,11.079999
1.945845,12.059999,11.086666
1.946247,12.073333,11.139999
1.946649,12.086666,11.120000
1.947050,12.166667,11.193334
1.947452,12.193333,11.206666
1.947853,12.113334,11.186666
1.948254,12.266666,11.306666
1.948655,12.213333,11.193334
1.949056,12.259999,11.273333
1.949458,12.320000,11.300000
1.949859,12.320000,11.286666
1.950260,12.386666,11.300000
1.950662,12.373333,11.366667
1.951063,12.386666,11.366667
1.951465,12.433333,11.373333
1.951867,12.440001,11.373333
1.952268,12.473333,11.373333
1.952670,12.500000,11.446667
1.953072,12.506667,11.520000
1.953473,12.566667,11.533333
1.953874,12.566667,11.539999
1.954275,12.586666,11.553333
1.954676,12.620000,11.559999
1.955079,12.653333,11.539999
1.955481,12.673333,11.633333
1.955882,12.566667,11.626666
1.956284,12.666666,11.633333
1.956685,12.646667,11.720000
1.957087,12.886666,11.726666
1.957489,12.806666,11.766666
1.957890,12.820000,11.766666
1.958292,12.840000,11.799999
1.958693,12.860000,11.806666
1.959096,12.860000,11.846666
1.959497,12.926666,11.853333
1.959898,12.913333,11.866666
1.960300,12.946667,11.893333
1.960701,12.986666,11.946667
1.961102,13.033334,11.906667
1.961503,13.040000,11.973333
1.961904,13.033334,11.940000
1.962306,13.073333,11.900000
1.962708,13.093333,12.106667
1.963109,13.093333,12.033333
1.963511,13.160000,12.066666
1.963914,13.160000,12.066666
1.964316,13.193333,12.126666
1.964717,13.066667,12.126666
1.965118,13.106667,12.206666
1.965519,13.253333,12.240000
1.965921,13.286667,12.240000
1.966324,13.306666,12.266666
1.966726,13.339999,12.280000
1.967129,13.386665,12.306666
1.967530,13.379999,12.326666
1.967931,13.379999,12.360000
1.968333,13.460000,12.386666
1.968735,13.406666,12.580000
1.969136,13.420000,12.426666
1.969537,13.500000,12.466666
1.969938,13.520000,12.473333
1.970341,13.493333,12.480000
1.970744,13.593333,12.533333
1.971145,13.633333,12.506667
1.971547,13.613334,12.580000
1.971948,13.660000,12.593333
1.972349,13.660000,12.646667
1.972750,13.673334,12.613333
1.973151,13.693333,12.613333
1.973552,13.766666,12.646667
1.973953,13.740001,12.693334
1.974354,13.799999,12.693334
1.974755,13.813334,12.719999
1.975156,13.820000,12.746666
1.975557,13.820000,12.826667
1.975958,13.860000,12.773334
1.976360,13.886666,12.853333
1.976761,13.933332,12.886666
1.977162,13.953333,12.846666
1.977564,13.933332,12.980000
1.977966,13.993333,12.893333
1.978367,14.013333,12.893333
1.978768,13.999999,12.946667
1.979169,13.999999,12.946667
1.979570,14.080000,12.980000
1.979971,14.120000,13.000000
1.980373,14.113334,12.980000
1.980774,14.059999,13.040000
1.981175,14.126666,13.040000
1.981576,14.193333,12.960000
1.981977,14.113334,13.073333
1.982379,14.233333,13.120000
1.982780,14.253333,13.213333
1.983181,14.280000,13.173333
1.983583,14.326666,13.460000
1.983984,14.299999,13.273334
1.984385,14.346666,12.846666
1.984787,14.360000,13.246666
1.985189,14.400001,13.280000
1.985591,14.306665,13.326666
1.985993,14.439999,13.300000
1.986394,14.439999,13.320000
1.986795,14.506667,13.366667
1.987196,14.513333,13.379999
1.987597,14.506667,13.420000
1.987998,14.559999,13.413334
1.988400,14.546666,13.460000
1.988801,14.573334,13.466666
1.989202,14.600000,13.480000
1.989604,14.646667,13.566667
1.990005,14.686666,13.539999
1.990408,14.813333,13.559999
1.990810,14.699999,13.539999
1.991211,14.719999,13.559999
1.991612,14.733334,13.480000
1.992013,14.766665,13.613334
1.992415,14.800000,13.646666
1.992816,14.826666,13.620000
1.993217,14.800000,13.686666
1.993618,14.926667,13.720000
1.994020,14.880000,13.700000
1.994421,14.906667,13.706666
1.994822,14.899999,13.799999
1.995224,14.893332,13.806667
1.995626,14.953333,13.813334
1.996027,14.919999,13.773333
1.996428,14.953333,13.833333
1.996829,15.060000,13.880000
1.997231,15.013333,13.906666
1.997632,15.093332,13.906666
1.998033,15.266666,13.960000
1.998434,15.133333,13.946667
1.998835,15.193334,14.006667
1.999237,15.240000,13.993333
1.999638,15.240000,14.026667
2.000039,15.226665,14.033333
2.000442,15.246666,14.073334
2.000843,15.280000,14.059999
2.001245,15.300000,14.113334
2.001646,15.313333,14.093333
2.002047,15.273333,14.053333
2.002448,15.386667,14.160000
2.002849,15.426665,14.113334
2.003251,15.426665,14.153333
2.003653,15.426665,14.233333
2.004055,15.413333,14.026667
2.004456,15.460000,14.259999
2.004857,15.533333,14.259999
2.005258,15.506666,14.253333
2.005660,15.520000,14.400001
2.006061,15.573333,14.293333
2.006463,15.520000,14.320000
2.006864,15.566667,14.380000
