0.000000,19.673332,18.513332
0.000402,19.726667,18.533333
0.000804,19.713333,18.506666
0.001205,19.713333,18.526667
0.001606,19.706667,18.520000
0.002007,19.793333,18.533333
0.002409,19.726667,18.539999
0.002810,19.719999,18.533333
0.003212,19.733334,18.533333
0.003613,19.733334,18.520000
0.004015,19.733334,18.580000
0.004416,19.760000,18.753332
0.004818,19.733334,18.533333
0.005220,19.820000,18.553333
0.005621,19.746666,18.553333
0.006023,19.746666,18.453333
0.006424,19.779999,18.559999
0.006825,19.766666,18.566668
0.007226,19.760000,18.559999
0.007627,19.760000,18.566668
0.008028,19.753334,18.566668
0.008429,19.766666,18.553333
0.008830,19.799999,18.566668
0.009231,19.786665,18.486666
0.009632,19.753334,18.586666
0.010033,19.719999,18.566668
0.010434,19.779999,18.593332
0.010835,19.793333,18.559999
0.011236,19.786665,18.573334
0.011638,19.799999,18.580000
0.012039,19.806665,18.539999
0.012440,19.806665,18.626665
0.012842,19.793333,18.599998
0.013244,19.820000,18.599998
0.013646,19.746666,18.613333
0.014047,19.860001,18.593332
0.014448,19.793333,18.533333
0.014850,19.740000,18.593332
0.015251,19.833332,18.626665
0.015652,19.813332,18.599998
0.016053,19.820000,18.599998
0.016454,19.820000,18.613333
0.016855,19.773333,18.606665
0.017257,19.833332,18.646666
0.017659,19.833332,18.639999
0.018060,19.813332,18.639999
0.018461,19.766666,18.566668
0.018863,19.813332,18.646666
0.019265,19.813332,18.626665
0.019666,19.813332,18.566668
0.020069,19.773333,18.626665
0.020471,19.813332,18.539999
0.020872,19.833332,18.646666
0.021273,19.826666,18.633333
0.021675,19.846666,18.613333
0.022077,19.820000,18.619999
0.022478,19.840000,18.626665
0.022880,19.853333,18.580000
0.023281,19.853333,18.606665
0.023682,19.853333,18.639999
0.024083,19.813332,18.646666
0.024484,19.840000,18.613333
0.024885,19.840000,18.626665
0.025287,19.779999,18.639999
0.025688,19.806665,18.599998
0.026089,19.846666,18.619999
0.026490,19.833332,18.606665
0.026891,19.873333,18.646666
0.027293,19.840000,18.619999
0.027694,19.866667,18.646666
0.028095,19.833332,18.613333
0.028496,19.826666,18.613333
0.028897,19.833332,18.639999
0.029299,19.826666,18.626665
0.029700,19.826666,18.646666
0.030101,19.813332,18.646666
0.030503,19.853333,18.626665
0.030904,19.886667,18.639999
0.031306,19.826666,18.639999
0.031707,19.840000,18.633333
0.032109,20.026667,18.660000
0.032510,19.853333,18.639999
0.032911,19.846666,18.633333
0.033313,19.840000,18.646666
0.033714,19.826666,18.626665
0.034115,19.866667,18.646666
0.034516,19.833332,18.586666
0.034917,19.820000,18.613333
0.035318,19.833332,18.619999
0.035720,19.833332,18.613333
0.036124,19.840000,18.606665
0.036525,19.813332,18.619999
0.036926,19.813332,18.599998
0.037327,19.833332,18.613333
0.037729,19.833332,18.586666
0.038131,19.860001,18.619999
0.038532,19.813332,18.586666
0.038934,19.826666,18.646666
0.039336,19.826666,18.593332
0.039737,19.786665,18.606665
0.040139,19.666666,18.613333
0.040540,19.806665,18.539999
0.040941,19.766666,18.586666
0.041343,19.813332,18.599998
0.041744,19.813332,18.586666
0.042145,19.813332,18.593332
0.042546,19.853333,18.613333
0.042947,19.913332,18.593332
0.043348,19.793333,18.580000
0.043749,19.786665,18.553333
0.044151,19.793333,18.566668
0.044552,19.773333,18.580000
0.044954,19.779999,18.593332
0.045355,19.793333,18.586666
0.045756,19.706667,18.586666
0.046158,19.733334,18.533333
0.046559,19.760000,18.726665
0.046960,19.786665,18.606665
0.047362,19.666666,18.546667
0.047763,19.760000,18.553333
0.048165,19.820000,18.573334
0.048566,19.740000,18.606665
0.048967,19.753334,18.539999
0.049368,19.740000,18.539999
0.049769,19.746666,18.559999
0.050171,19.766666,18.546667
0.050573,19.773333,18.539999
0.050974,19.726667,18.513332
0.051376,19.733334,18.526667
0.051777,19.733334,18.533333
0.052179,19.719999,18.513332
0.052581,19.706667,18.526667
0.052982,19.699999,18.473331
0.053383,19.686666,18.526667
0.053784,19.693333,18.506666
0.054185,19.713333,18.546667
0.054587,19.699999,18.506666
0.054988,19.699999,18.566668
0.055389,19.686666,18.506666
0.055791,19.773333,18.486666
0.056192,19.753334,18.459999
0.056593,19.686666,18.459999
0.056994,19.746666,18.480000
0.057395,19.686666,18.506666
0.057796,19.666666,18.520000
0.058198,19.620001,18.459999
0.058599,19.646666,18.466665
0.059001,19.653332,18.446667
0.059402,19.666666,18.473331
0.059804,19.633333,18.473331
0.060205,19.639999,18.420000
0.060606,19.653332,18.466665
0.061008,19.673332,18.453333
0.061410,19.580000,18.440001
0.061812,19.580000,18.440001
0.062213,19.606667,18.413334
0.062614,19.606667,18.373333
0.063015,19.613333,18.486666
0.063416,19.586666,18.366667
0.063817,19.600000,18.459999
0.064219,19.573334,18.406666
0.064620,19.519999,18.359999
0.065023,19.606667,18.400000
0.065425,19.580000,18.400000
0.065827,19.546665,18.413334
0.066228,19.573334,18.400000
0.066629,19.539999,18.393333
0.067030,19.553333,18.366667
0.067431,19.566666,18.393333
0.067832,19.513332,18.359999
0.068234,19.539999,18.346666
0.068635,19.533333,18.353333
0.069036,19.539999,18.373333
0.069437,19.473333,18.346666
0.069838,19.506666,18.333332
0.070239,19.506666,18.359999
0.070640,19.480000,18.326666
0.071042,19.480000,18.299999
0.071444,19.480000,18.326666
0.071845,19.693333,18.306667
0.072246,19.533333,18.186666
0.072647,19.493334,18.273333
0.073049,19.433332,18.286667
0.073451,19.433332,18.379999
0.073852,19.393332,18.260000
0.074254,19.433332,18.253332
0.074655,19.426666,18.280001
0.075056,19.400000,18.246666
0.075457,19.526665,18.266666
0.075858,19.393332,18.240000
0.076260,19.426666,18.240000
0.076661,19.393332,18.253332
0.077063,19.373333,18.226665
0.077464,19.366667,18.153334
0.077866,19.433332,18.213333
0.078267,19.379999,18.153334
0.078668,19.333334,18.206665
0.079069,19.360001,18.199999
0.079470,19.346666,18.186666
0.079872,19.299999,18.079998
0.080273,19.326666,18.160000
0.080674,19.306665,18.206665
0.081076,19.259998,18.166666
0.081477,19.353334,18.166666
0.081878,19.313334,18.153334
0.082279,19.333334,18.146666
0.082680,19.279999,18.126667
0.083082,19.273333,18.126667
0.083484,19.233334,18.113333
0.083885,19.259998,18.139999
0.084287,19.173332,18.079998
0.084688,19.246666,18.093332
0.085089,19.233334,18.079998
0.085490,19.226667,18.093332
0.085891,19.240000,17.980000
0.086293,19.233334,18.046667
0.086694,19.226667,18.059999
0.087095,19.213333,18.026667
0.087497,19.193333,18.046667
0.087898,19.186666,18.026667
0.088300,19.173332,18.020000
0.088702,19.173332,18.020000
0.089103,19.233334,18.020000
0.089505,19.106667,18.006666
0.089907,19.106667,18.006666
0.090308,19.100000,17.986666
0.090709,19.113333,17.966665
0.091111,19.106667,18.020000
0.091513,19.093334,17.980000
0.091915,19.066666,17.926666
0.092316,19.073334,17.920000
0.092718,19.033333,17.913334
0.093119,19.053333,17.906668
0.093520,19.053333,17.859999
0.093922,19.053333,17.886667
0.094323,19.026667,17.893333
0.094724,19.066666,17.893333
0.095125,19.059999,17.933332
0.095526,19.006666,17.873333
0.095927,18.999998,17.873333
0.096328,18.980000,17.866667
0.096730,18.993332,17.873333
0.097132,19.006666,17.846666
0.097533,18.953333,17.833332
0.097934,18.906666,17.719999
0.098335,18.953333,17.820000
0.098736,18.913332,17.773333
0.099137,18.913332,17.813332
0.099538,18.906666,17.813332
0.099939,18.900000,17.773333
0.100341,18.879999,17.760000
0.100742,18.879999,17.753334
0.101144,18.866665,17.766666
0.101545,18.826666,17.746666
0.101946,18.873333,17.733334
0.102348,18.866665,17.733334
0.102750,18.820000,17.733334
0.103151,18.813334,17.733334
0.103552,18.820000,17.693333
0.103953,18.799999,17.719999
0.104354,18.773333,17.686666
0.104755,18.766666,17.639999
0.105157,18.746666,17.613333
0.105559,18.900000,17.626667
0.105960,18.726665,17.639999
0.106362,18.746666,17.606667
0.106763,18.606665,17.639999
0.107165,18.706667,17.606667
0.107566,18.693333,17.500000
0.107967,18.686666,17.606667
0.108368,18.680000,17.539999
0.108769,18.666666,17.539999
0.109171,18.666666,17.539999
0.109572,18.626665,17.533333
0.109974,18.619999,17.539999
0.110375,18.599998,17.506666
0.110777,18.593332,17.619999
0.111179,18.593332,17.500000
0.111581,18.573334,17.486666
0.111983,18.586666,17.433332
0.112384,18.573334,17.459999
0.112785,18.546667,17.419998
0.113186,18.580000,17.413332
0.113587,18.506666,17.433332
0.113988,18.520000,17.413332
0.114389,18.486666,17.406666
0.114790,18.513332,17.539999
0.115192,18.466665,17.346666
0.115594,18.466665,17.360001
0.115996,18.459999,17.333332
0.116397,18.459999,17.333332
0.116799,18.440001,17.346666
0.117200,18.406666,17.320000
0.117602,18.400000,17.320000
0.118004,18.386665,17.306665
0.118405,18.386665,17.266666
0.118807,18.379999,17.273333
0.119208,18.346666,17.266666
0.119609,18.346666,17.253334
0.120011,18.339998,17.240000
0.120412,18.320000,17.240000
0.120814,18.306667,17.266666
0.121215,18.293333,17.340000
0.121617,18.280001,17.193333
0.122018,18.213333,17.206667
0.122419,18.246666,17.133333
0.122820,18.266666,17.146666
0.123222,18.246666,17.153332
0.123623,18.226665,17.139999
0.124024,18.199999,17.146666
0.124425,18.206665,17.126667
0.124826,18.199999,17.106667
0.125227,18.160000,17.139999
0.125628,18.139999,17.059999
0.126029,18.146666,17.039999
0.126431,18.146666,17.053333
0.126833,18.126667,17.013332
0.127234,18.053333,17.033333
0.127635,18.086666,17.039999
0.128036,18.086666,17.033333
0.128437,18.073332,16.993334
0.128838,18.046667,16.986668
0.129239,18.033333,16.959999
0.129640,18.040001,16.946667
0.130041,18.073332,16.939999
0.130442,18.006666,16.879999
0.130844,18.000000,16.966667
0.131245,17.993332,16.913332
0.131646,17.939999,16.913332
0.132048,17.966665,16.900000
0.132449,17.933332,16.886665
0.132851,17.906668,16.873333
0.133253,17.893333,16.860001
0.133654,17.886667,16.833334
0.134056,17.879999,16.860001
0.134458,17.906668,16.833334
0.134859,17.806665,16.793333
0.135261,17.813332,16.793333
0.135663,17.820000,16.793333
0.136065,17.753334,16.779999
0.136467,17.786667,16.959999
0.136868,17.793333,16.773333
0.137270,17.713333,16.779999
0.137672,17.760000,16.713333
0.138074,17.733334,16.573334
0.138475,17.713333,16.786665
0.138876,17.740000,16.693333
0.139277,17.693333,16.680000
0.139679,17.766666,16.633331
0.140080,17.666666,16.639999
0.140482,17.666666,16.619999
0.140883,17.639999,16.619999
0.141285,17.613333,16.586666
0.141687,17.606667,16.566666
0.142088,17.566666,16.473333
0.142490,17.539999,16.559999
0.142891,17.573332,16.446667
0.143293,17.513334,16.259998
0.143695,17.546665,16.486666
0.144096,17.480000,16.486666
0.144497,17.453333,16.480000
0.144898,17.500000,16.446667
0.145299,17.453333,16.273333
0.145700,17.426666,16.446667
0.146101,17.426666,16.373333
0.146502,17.400000,16.373333
0.146903,17.400000,16.273333
0.147304,17.373333,16.299999
0.147706,17.346666,16.279999
0.148107,17.646667,16.306667
0.148509,17.413332,16.333334
0.148910,17.313332,16.273333
0.149312,17.313332,16.266666
0.149714,17.279999,16.126665
0.150115,17.299999,16.219999
0.150516,17.299999,16.193333
0.150917,17.260000,16.259998
0.151318,17.193333,16.253332
0.151720,17.206667,16.160000
0.152124,17.173332,16.106665
0.152526,17.240000,16.133333
0.152927,17.193333,16.106665
0.153329,17.126667,16.113333
0.153730,17.139999,16.080000
0.154132,17.126667,16.006666
0.154534,17.059999,16.046667
0.154936,17.033333,16.006666
0.155338,17.039999,15.973332
0.155740,17.179998,15.980000
0.156141,17.033333,15.853333
0.156542,17.000000,15.980000
0.156943,17.006666,15.946666
0.157345,16.986668,15.920000
0.157746,16.946667,15.906666
0.158147,16.946667,15.873333
0.158548,16.933332,15.886665
0.158950,16.920000,15.853333
0.159351,16.906666,15.826667
0.159753,16.893332,15.773333
0.160154,16.879999,15.740000
0.160555,16.860001,15.993333
0.160956,16.860001,15.733333
0.161357,16.799999,15.733333
0.161758,16.646666,15.713334
0.162159,16.993334,15.740000
0.162560,16.786665,15.700000
0.162961,16.726667,15.673333
0.163362,16.773333,15.646666
0.163763,16.733334,15.426665
0.164165,16.719999,15.606667
0.164566,16.726667,15.433333
0.164967,16.519999,15.660000
0.165368,16.646666,15.546666
0.165771,16.660000,15.566667
0.166172,16.693333,15.513332
0.166574,16.580000,15.493332
0.166977,16.593334,15.486666
0.167380,16.566666,15.473333
0.167781,16.553333,15.460000
0.168183,16.580000,15.466666
0.168584,16.359999,15.393333
0.168985,16.539999,15.393333
0.169387,16.486666,15.426665
0.169788,16.539999,15.359999
0.170190,16.340000,15.306666
0.170591,16.446667,15.146667
0.170992,16.379999,15.273333
0.171394,16.386665,15.219999
0.171795,16.340000,15.253334
0.172196,16.346666,15.260000
0.172598,16.240000,15.260000
0.173000,16.173334,15.166667
0.173402,16.180000,15.159999
0.173804,16.253332,15.213333
0.174205,16.253332,15.173333
0.174606,16.233332,15.159999
0.175007,16.246666,14.953333
0.175408,16.153334,15.080000
0.175809,16.153334,15.080000
0.176212,16.119999,14.953333
0.176614,16.093332,14.953333
0.177015,16.080000,15.060000
0.177417,16.099998,15.119999
0.177818,16.066668,14.953333
0.178219,16.006666,14.926667
0.178620,15.960000,14.940000
0.179022,16.053333,14.926667
0.179423,15.946666,14.873333
0.179826,15.926666,14.873333
0.180227,15.833333,14.793334
0.180630,15.866667,14.846666
0.181031,15.900000,14.813333
0.181433,15.793333,14.766665
0.181834,15.839999,14.633332
0.182235,15.819999,14.719999
0.182638,15.793333,14.640000
0.183039,15.706666,14.666667
0.183440,15.746666,14.693333
0.183841,15.726666,14.666667
0.184242,15.693334,14.620000
0.184643,15.700000,14.646667
0.185045,15.660000,14.620000
0.185446,15.760000,14.626666
0.185847,15.613333,14.559999
0.186248,15.613333,14.573334
0.186651,15.579999,14.540000
0.187053,15.646666,14.506667
0.187455,15.540000,14.520000
0.187856,15.506666,14.473333
0.188257,15.493332,14.433332
0.188658,15.613333,14.473333
0.189059,15.386667,14.506667
0.189460,15.426665,14.320000
0.189861,15.386667,14.540000
0.190263,15.373333,14.400001
0.190664,15.366667,14.353333
0.191065,15.333333,14.313334
0.191466,15.306666,14.293333
0.191868,15.293332,14.286666
0.192269,15.260000,14.259999
0.192671,15.273333,14.226666
0.193073,15.226665,14.239999
0.193475,15.219999,14.206667
0.193876,15.159999,14.140000
0.194278,15.219999,14.173332
0.194679,15.046666,14.146667
0.195080,15.153333,14.120000
0.195481,15.106667,14.080000
0.195884,15.073333,14.086666
0.196286,15.013333,13.866666
0.196687,14.919999,13.986667
0.197090,14.953333,13.946667
0.197491,14.953333,14.026667
0.197893,14.933333,14.013333
0.198294,15.026666,14.033333
0.198696,14.826666,13.926666
0.199098,14.873333,13.906666
0.199499,14.866667,13.893333
0.199900,14.840000,13.846665
0.200301,14.780000,13.846665
0.200703,14.766665,13.820000
0.201104,14.780000,13.806667
0.201505,14.746666,13.773333
0.201906,14.733334,13.726666
0.202307,14.699999,13.720000
0.202708,14.633332,13.706666
0.203109,14.659999,13.700000
0.203511,14.626666,13.653334
0.203912,14.606667,13.633333
0.204313,14.580000,13.653334
0.204714,14.559999,13.620000
0.205116,14.533334,13.500000
0.205518,14.546666,13.526667
0.205919,14.493333,13.559999
0.206320,14.499999,13.506666
0.206721,14.546666,13.486667
0.207124,14.453333,13.500000
0.207525,14.386666,13.466666
0.207926,14.386666,13.453332
0.208327,14.366666,13.460000
0.208728,14.346666,13.466666
0.209130,14.333334,13.360000
0.209531,14.320000,13.366667
0.209932,14.206667,13.346667
0.210334,14.246667,13.313333
0.210735,14.253333,13.293333
0.211137,14.173332,13.280000
0.211539,14.186666,13.286667
0.211940,14.160000,13.240000
0.212341,14.133332,13.193333
0.212742,14.099999,13.166667
0.213144,14.099999,13.193333
0.213545,14.039999,13.020000
0.213946,14.086666,13.120000
0.214348,14.059999,13.113333
0.214749,14.053333,13.093333
0.215151,13.973332,13.086667
0.215552,13.960000,13.066667
0.215954,13.953333,13.020000
0.216355,13.900000,12.980000
0.216756,13.886666,13.006666
0.217158,13.846665,12.946667
0.217559,13.853333,12.940000
0.217960,13.833333,12.946667
0.218361,13.813334,12.886666
0.218762,13.786667,12.799999
0.219164,13.779999,13.006666
0.219567,13.720000,12.806666
0.219968,13.720000,12.786666
0.220370,13.700000,12.826667
0.220772,13.646666,12.553333
0.221173,13.639999,12.766666
0.221575,13.646666,12.753333
0.221977,13.573333,12.706667
0.222379,13.539999,12.673333
0.222780,13.520000,12.653333
0.223181,13.539999,12.706667
0.223582,13.480000,12.613333
0.223983,13.453332,12.593333
0.224385,13.420000,12.566667
0.224786,13.453332,12.580000
0.225187,13.400000,12.513333
0.225590,13.379999,12.520000
0.225991,13.366667,12.226666
0.226392,13.339999,12.566667
0.226793,13.293333,12.153333
0.227196,13.266666,12.413333
0.227597,13.373333,12.400000
0.227998,13.226666,12.300000
0.228399,13.240000,12.366667
0.228800,13.200000,12.306666
0.229201,13.153334,12.306666
0.229603,13.166667,12.333333
0.230004,13.133333,12.259999
0.230405,13.053332,12.066666
0.230808,13.093333,12.226666
0.231209,13.026667,12.246667
0.231611,12.953333,12.066666
0.232012,13.053332,12.086666
0.232413,12.973333,12.086666
0.232814,12.953333,12.059999
0.233215,12.919999,12.093333
0.233618,12.893333,12.046667
0.234019,12.866666,11.999999
0.234421,12.880000,11.973333
0.234822,12.833333,11.946667
0.235224,12.806666,11.933332
0.235625,12.813334,11.906667
0.236028,12.760000,11.933332
0.236429,12.746666,11.866666
0.236830,12.713333,11.879999
0.237232,12.679999,11.820000
0.237633,12.726666,11.753333
0.238035,12.620000,11.806666
0.238436,12.586666,11.753333
0.238837,12.586666,11.740000
0.239238,12.606667,11.720000
0.239639,12.533333,11.593333
0.240040,12.526666,11.820000
0.240441,12.506667,11.640000
0.240842,12.473333,11.626666
0.241243,12.386666,11.553333
0.241644,12.346666,11.573333
0.242046,12.406666,11.553333
0.242447,12.473333,11.493333
0.242848,12.306666,11.513333
0.243249,12.286667,11.460000
0.243650,12.326666,11.453334
0.244051,12.259999,11.493333
0.244452,12.200000,11.386666
0.244853,12.040000,11.426666
0.245255,12.200000,11.366667
0.245656,12.126666,11.300000
0.246057,12.120000,11.326667
0.246458,12.093333,11.286666
0.246860,12.053333,11.266666
0.247261,12.059999,11.246667
0.247662,11.913333,11.206666
0.248063,12.013333,11.193334
0.248465,11.966666,11.173333
0.248866,11.953333,11.020000
0.249267,11.926666,11.113334
0.249669,11.893333,11.020000
0.250070,11.879999,11.099999
0.250471,11.820000,11.079999
0.250873,11.799999,11.033333
0.251274,11.806666,11.020000
0.251675,11.753333,11.000000
0.252077,11.760000,10.960000
0.252479,11.733333,10.966666
0.252882,11.720000,10.933333
0.253283,11.726666,10.893332
0.253684,11.673333,10.946666
0.254086,11.646667,10.866667
0.254487,11.620000,10.840000
0.254888,11.599999,10.840000
0.255289,11.573333,10.813333
0.255692,11.493333,10.720000
0.256095,11.646667,10.826666
0.256496,11.553333,10.840000
0.256898,11.453334,10.679999
0.257300,11.440000,10.666667
0.257701,11.413333,10.653334
0.258102,11.373333,10.593333
0.258504,11.366667,10.566667
0.258906,11.346666,10.566667
0.259309,11.320000,10.533334
0.259711,11.286666,10.513333
0.260112,11.240000,10.473333
0.260514,11.193334,10.480000
0.260915,11.186666,10.440000
0.261317,11.180000,10.320000
0.261719,11.219999,10.473333
0.262125,11.173333,10.393333
0.262526,11.093333,10.373333
0.262927,11.073333,10.366666
0.263328,11.053333,10.313334
0.263730,11.033333,10.266666
0.264131,11.020000,10.260000
0.264532,10.993334,10.246666
0.264933,10.966666,10.200000
0.265334,10.893332,10.193334
0.265735,10.926667,10.200000
0.266137,10.866667,10.140000
0.266538,10.826666,10.133333
0.266940,10.840000,10.179999
0.267341,10.800000,10.093333
0.267742,10.786667,10.200000
0.268144,10.766666,10.059999
0.268547,10.679999,10.046666
0.268948,10.726666,9.993333
0.269349,10.686666,9.959999
0.269752,10.613333,9.906666
0.270153,10.646667,9.953333
0.270554,10.633333,9.893332
0.270955,10.586667,9.820000
0.271356,10.533334,9.913333
0.271757,10.613333,9.833333
0.272159,10.400000,9.793333
0.272560,10.540000,9.740000
0.272961,10.520000,9.733334
0.273362,10.446667,9.813334
0.273763,10.413333,9.706666
0.274165,10.373333,9.673333
0.274567,10.373333,9.706666
0.274969,10.366666,9.633333
0.275370,10.306666,9.613334
0.275773,10.293333,9.600000
0.276174,10.240000,9.540000
0.276575,10.226666,9.553333
0.276976,10.219999,9.546667
0.277378,10.179999,9.526667
0.277781,10.153333,9.493333
0.278183,10.146667,9.466666
0.278584,10.133333,9.346666
0.278985,10.099999,9.346666
0.279387,10.066667,9.346666
0.279788,10.046666,9.346666
0.280190,10.026666,9.273334
0.280593,9.959999,9.226666
0.280994,10.046666,9.320000
0.281395,9.993333,9.246666
0.281796,9.986667,9.220000
0.282198,9.886666,9.240000
0.282600,9.813334,9.160000
0.283001,9.846666,9.153334
0.283402,9.826666,9.093333
0.283804,9.793333,9.099999
0.284205,9.773333,9.073333
0.284606,9.766666,9.059999
0.285008,9.726666,9.033333
0.285409,9.693333,9.000000
0.285810,9.693333,9.006666
0.286212,9.686666,8.920000
0.286613,9.620000,9.133333
0.287015,9.606667,8.913333
0.287416,9.566666,8.880000
0.287817,9.646667,8.880000
0.288219,9.526667,9.006666
0.288620,9.493333,8.820000
0.289022,9.406667,8.826667
0.289424,9.406667,8.773333
0.289825,9.346666,8.746667
0.290226,9.286667,8.733333
0.290627,9.333333,8.713333
0.291029,9.313333,8.666666
0.291431,9.286667,8.660000
0.291832,9.233333,8.646667
0.292233,9.273334,8.606667
0.292634,9.226666,8.480000
0.293035,8.980000,8.560000
0.293436,9.153334,8.553333
0.293837,9.153334,8.560000
0.294238,9.113333,8.486667
0.294639,9.080000,8.473333
0.295041,9.080000,8.426667
0.295443,9.066667,8.286667
0.295844,9.020000,8.426667
0.296246,8.986667,8.393332
0.296647,8.966666,8.386666
0.297048,9.000000,8.320000
0.297449,8.920000,8.273334
0.297851,8.866667,8.233334
0.298253,8.866667,8.153334
0.298654,8.826667,8.093333
0.299057,8.786666,8.213333
0.299458,8.800000,8.186666
0.299859,8.746667,8.133333
0.300260,8.853333,8.139999
0.300661,8.719999,8.120000
0.301063,8.713333,8.080000
0.301465,8.673333,8.053332
0.301866,8.713333,8.026667
0.302267,8.593333,8.113333
0.302670,8.593333,8.026667
0.303071,8.406667,7.993333
0.303472,8.540000,7.960000
0.303874,8.500000,7.913333
0.304277,8.506666,8.100000
0.304679,8.460000,7.873333
0.305080,8.466666,7.866666
0.305481,8.406667,7.866666
0.305882,8.360000,7.840000
0.306285,8.386666,7.833333
0.306686,8.153334,7.780000
0.307088,8.333333,7.766666
0.307489,8.286667,7.740000
0.307891,8.266666,7.686666
0.308292,8.240000,7.673333
0.308693,8.206666,7.473333
0.309094,8.233334,7.620000
0.309496,8.186666,7.606667
0.309898,8.139999,7.546666
0.310299,8.120000,7.546666
0.310702,8.080000,7.513333
0.311103,8.066667,7.520000
0.311505,8.053332,7.500000
0.311906,7.853333,7.453333
0.312307,7.980000,7.413333
0.312708,8.066667,7.446666
0.313110,7.913333,7.353333
0.313511,7.920000,7.380000
0.313913,7.886666,7.340000
0.314314,7.886666,7.353333
0.314716,7.873333,7.333333
0.315118,7.820000,7.273333
0.315519,7.800000,7.253334
0.315920,7.766666,7.246666
0.316322,7.893333,7.200000
0.316724,7.713333,7.213333
0.317126,7.646666,7.106667
0.317527,7.686666,7.133334
0.317928,7.620000,7.133334
0.318329,7.613333,7.093333
0.318732,7.606667,7.066666
0.319133,7.613333,7.000000
0.319534,7.526666,7.020000
0.319935,7.486667,7.000000
0.320337,7.506667,6.973333
0.320738,7.393333,6.926667
0.321139,7.446666,6.946667
0.321540,7.440000,6.940000
0.321941,7.393333,6.913333
0.322343,7.380000,6.926667
0.322744,7.346666,6.813333
0.323145,7.219999,6.813333
0.323546,7.219999,6.793334
0.323947,7.286667,6.786666
0.324348,7.293333,6.766666
0.324751,7.246666,6.760000
0.325153,7.200000,6.713333
0.325555,7.193333,6.700000
0.325956,7.166667,6.666667
0.326358,7.293333,6.646667
0.326761,7.119999,6.626667
0.327164,7.080000,6.613333
0.327565,7.126667,6.653333
0.327966,7.013333,6.466667
0.328368,7.013333,6.460000
0.328769,6.993333,6.486667
0.329171,6.980000,6.433333
0.329572,7.066666,6.440000
0.329974,6.926667,6.360000
0.330375,6.866666,6.393333
0.330776,6.886666,6.346667
0.331178,6.940000,6.340000
0.331579,6.880000,6.293333
0.331980,6.813333,6.286667
0.332382,6.780000,6.240000
0.332783,6.846666,6.260000
0.333185,6.740000,6.233333
0.333586,6.680000,6.206666
0.333987,6.693333,6.206666
0.334394,6.653333,6.113333
0.334795,6.633333,6.133333
0.335197,6.620000,6.133333
0.335598,6.593333,6.106667
0.336000,6.560000,6.093333
0.336401,6.500000,6.080000
0.336803,6.533333,6.066667
0.337205,6.480000,6.020000
0.337606,6.466667,5.946667
0.338008,6.440000,5.966666
0.338409,6.346667,5.940000
0.338810,6.440000,6.006667
0.339212,6.340000,6.040000
0.339613,6.386667,5.853333
0.340014,6.360000,5.853333
0.340416,6.300000,5.840000
0.340818,6.293333,5.813333
0.341219,6.260000,5.793334
0.341620,6.200000,5.746666
0.342021,6.200000,5.760000
0.342422,6.153333,5.753333
0.342823,6.126667,5.713333
0.343225,6.120000,5.693333
0.343627,6.113333,5.613333
0.344029,6.086667,5.646667
0.344430,6.040000,5.640000
0.344831,6.026667,5.593333
0.345232,6.026667,5.586667
0.345634,5.986667,5.240000
0.346036,6.040000,5.506666
0.346437,5.946667,5.533333
0.346839,5.866666,5.353333
0.347240,5.846666,5.486667
0.347641,5.813333,5.440000
0.348042,5.826667,5.440000
0.348443,5.806666,5.320000
0.348844,5.793334,5.420000
0.349246,5.766666,5.380000
0.349648,5.753333,5.406666
0.350050,5.753333,5.306666
0.350451,5.720000,5.313333
0.350852,5.693333,5.253333
0.351253,5.680000,5.286666
0.351655,5.640000,5.233334
0.352057,5.613333,5.213333
0.352459,5.613333,5.180000
0.352861,5.580000,5.173333
0.353262,5.566667,5.180000
0.353664,5.539999,5.120000
0.354065,5.533333,5.173333
0.354467,5.466667,5.093333
0.354869,5.433333,5.073333
0.355270,5.460000,5.060000
0.355672,5.260000,5.060000
0.356073,5.420000,5.053333
0.356474,5.386667,4.873333
0.356875,5.340000,4.986667
0.357277,5.333333,4.946666
0.357680,5.313333,4.913333
0.358081,5.293334,4.920000
0.358482,5.253333,4.886666
0.358883,5.186666,4.873333
0.359285,5.213333,4.866667
0.359687,5.173333,4.833333
0.360088,5.200000,4.693333
0.360489,5.166667,4.766666
0.360890,5.120000,4.760000
0.361291,5.120000,4.760000
0.361692,5.046667,4.720000
0.362093,5.093333,4.706666
0.362494,5.140000,4.713333
0.362895,5.040000,4.626667
0.363298,4.966667,4.566667
0.363699,4.946666,4.633333
0.364101,4.980000,4.693333
0.364503,4.840000,4.600000
0.364904,4.886666,4.486666
0.365305,4.966667,4.526667
0.365707,4.886666,4.540000
0.366109,4.873333,4.533333
0.366511,4.866667,4.506667
0.366912,4.826666,4.466667
0.367314,4.833333,4.453333
0.367715,4.793333,4.460000
0.368117,4.766666,4.433333
0.368518,4.773334,4.360000
0.368919,4.720000,4.360000
0.369321,4.700000,4.333333
0.369722,4.660000,4.286666
0.370125,4.646667,4.326666
0.370526,4.613333,4.293333
0.370927,4.726666,4.273333
0.371328,4.666667,4.266666
0.371729,4.586667,4.193333
0.372132,4.573333,4.186666
0.372533,4.486666,4.173333
0.372935,4.400000,4.160000
0.373336,4.500000,4.180000
0.373737,4.513333,4.153333
0.374139,4.440000,4.120000
0.374540,4.433333,4.113333
0.374942,4.406667,4.186666
0.375344,4.386666,4.060000
0.375746,4.360000,4.000000
0.376147,4.353333,4.013333
0.376548,4.360000,4.006667
0.376951,4.306667,4.006667
0.377353,4.313334,3.993333
0.377754,4.286666,3.926666
0.378156,4.226666,4.006667
0.378557,4.140000,3.926666
0.378960,4.180000,3.933333
0.379361,4.193333,3.913333
0.379762,4.180000,3.853333
0.380164,4.113333,3.833333
0.380565,4.153333,3.700000
0.380966,4.186666,3.806666
0.381368,4.060000,3.820000
0.381769,4.086667,3.746666
0.382171,4.073333,3.733333
0.382572,4.080000,3.700000
0.382973,4.000000,3.700000
0.383374,4.013333,3.660000
0.383777,4.000000,3.660000
0.384178,3.940000,3.606667
0.384579,3.933333,3.626667
0.384980,3.906667,3.653333
0.385381,3.900000,3.566667
0.385782,3.940000,3.533333
0.386184,3.940000,3.473333
0.386585,3.746666,3.506667
0.386986,3.826667,3.466666
0.387392,3.826667,3.513333
0.387793,3.746666,3.286667
0.388194,3.733333,3.433333
0.388595,3.786667,3.513333
0.388996,3.666667,3.400000
0.389398,3.713333,3.313333
0.389799,3.706666,3.366667
0.390201,3.553333,3.313333
0.390604,3.633333,3.380000
0.391006,3.606667,3.333333
0.391407,3.586667,3.306667
0.391810,3.600000,3.313333
0.392212,3.566667,3.373333
0.392613,3.520000,3.280000
0.393014,3.500000,3.226667
0.393415,3.486667,3.226667
0.393816,3.473333,3.213333
0.394218,3.493333,3.286667
0.394619,3.426666,3.453333
0.395021,3.413333,3.173333
0.395422,3.413333,3.133333
0.395823,3.546667,3.133333
0.396225,3.340000,3.106667
0.396626,3.353333,3.120000
0.397028,3.300000,3.053333
0.397429,3.300000,3.040000
0.397830,3.266667,3.053333
0.398232,3.266667,3.046667
0.398634,3.166667,3.000000
0.399035,3.300000,2.966666
0.399437,3.226667,2.940000
0.399838,3.213333,2.960000
0.400239,3.173333,2.960000
0.400640,3.193333,2.966666
0.401042,3.166667,2.946667
0.401443,3.133333,2.733333
0.401845,3.120000,2.846667
0.402246,3.086667,2.846667
0.402647,3.106667,2.820000
0.403049,3.073333,2.866667
0.403450,3.040000,2.800000
0.403851,3.020000,2.793333
0.404253,2.973333,2.786667
0.404654,3.006667,2.746667
0.405055,2.966666,2.753333
0.405456,2.933333,2.733333
0.405858,2.933333,2.706666
0.406259,2.926667,2.686666
0.406661,2.960000,2.673333
0.407062,2.880000,2.686666
0.407464,2.886667,2.660000
0.407867,2.886667,2.613333
0.408269,2.840000,2.586667
0.408670,2.840000,2.593333
0.409071,2.793333,2.580000
0.409472,2.793333,2.580000
0.409874,2.780000,2.553333
0.410275,2.786667,2.513333
0.410678,2.760000,2.433333
0.411079,2.760000,2.433333
0.411480,2.720000,2.486667
0.411882,2.733333,2.460000
0.412283,2.686666,2.426666
0.412686,2.700000,2.540000
0.413089,2.666667,2.440000
0.413490,2.626667,2.346667
0.413892,2.620000,2.420000
0.414294,2.593333,2.260000
0.414695,2.560000,2.380000
0.415097,2.553333,2.346667
0.415499,2.560000,2.340000
0.415900,2.486667,2.313333
0.416301,2.520000,2.273333
0.416704,2.540000,2.313333
0.417105,2.473333,2.286667
0.417507,2.480000,2.266667
0.417908,2.433333,2.253333
0.418309,2.460000,2.206667
0.418710,2.340000,2.240000
0.419111,2.426666,2.240000
0.419513,2.366667,2.233333
0.419914,2.380000,2.113333
0.420315,2.346667,2.140000
0.420716,2.380000,2.093333
0.421117,2.346667,2.140000
0.421519,2.353333,2.033333
0.421921,2.313333,2.106667
0.422322,2.286667,2.020000
0.422723,2.160000,2.093333
0.423125,2.160000,2.013333
0.423526,2.246667,2.066667
0.423927,2.220000,2.033333
0.424328,2.213333,2.013333
0.424729,2.206667,2.000000
0.425131,2.206667,1.986667
0.425533,2.180000,1.993333
0.425934,2.153333,1.973333
0.426335,2.140000,1.966667
0.426738,2.100000,1.940000
0.427140,2.100000,1.906667
0.427542,2.086667,1.920000
0.427943,2.113333,1.753333
0.428345,2.060000,1.906667
0.428746,2.053333,1.853333
0.429147,1.993333,1.860000
0.429549,1.973333,1.853333
0.429951,2.026667,1.713333
0.430353,1.986667,1.820000
0.430756,1.993333,1.780000
0.431158,1.966667,1.726667
0.431559,2.020000,1.773333
0.431960,1.940000,1.600000
0.432361,1.966667,1.760000
0.432763,1.926667,1.733333
0.433165,1.893333,1.733333
0.433566,1.860000,1.726667
0.433967,1.893333,1.640000
0.434368,1.866667,1.753333
0.434771,1.840000,1.666667
0.435172,1.826667,1.646667
0.435573,1.793333,1.666667
0.435975,1.806667,1.640000
0.436376,1.766667,1.620000
0.436777,1.773333,1.606667
0.437178,1.740000,1.593333
0.437581,1.746667,1.840000
0.437982,1.713333,1.626667
0.438383,1.726667,1.560000
0.438784,1.706667,1.540000
0.439185,1.773333,1.573333
0.439586,1.633333,1.566667
0.439987,1.666667,1.506667
0.440389,1.820000,1.526667
0.440791,1.646667,1.500000
0.441192,1.626667,1.473333
0.441593,1.633333,1.520000
0.441995,1.613333,1.406667
0.442396,1.573333,1.440000
0.442799,1.573333,1.400000
0.443201,1.573333,1.393333
0.443603,1.613333,1.413333
0.444004,1.560000,1.400000
0.444405,1.453333,1.380000
0.444807,1.473333,1.373333
0.445208,1.486667,1.420000
0.445610,1.613333,1.420000
0.446011,1.473333,1.306667
0.446413,1.446667,1.326667
0.446814,1.433333,1.320000
0.447215,1.460000,1.353333
0.447616,1.440000,1.180000
0.448017,1.426667,1.300000
0.448419,1.413333,1.360000
0.448820,1.420000,1.266667
0.449221,1.393333,1.266667
0.449622,1.386667,1.260000
0.450023,1.360000,1.220000
0.450424,1.366667,1.246667
0.450825,1.360000,1.206667
0.451226,1.306667,1.206667
0.451627,1.320000,1.206667
0.452028,1.346667,1.200000
0.452430,1.300000,1.180000
0.452832,1.280000,1.133333
0.453233,1.300000,1.146667
0.453634,1.240000,1.153333
0.454036,1.213333,1.126667
0.454437,1.233333,1.113333
0.454838,1.246667,1.113333
0.455239,1.180000,1.113333
0.455640,1.113333,1.093333
0.456041,1.240000,1.060000
0.456442,1.153333,0.986667
0.456844,1.213333,1.033333
0.457246,1.180000,0.946667
0.457647,1.160000,1.026667
0.458048,1.146667,1.033333
0.458449,1.166667,1.006667
0.458852,1.140000,1.033333
0.459253,1.113333,0.960000
0.459654,1.120000,0.980000
0.460055,1.066667,0.960000
0.460456,1.120000,0.946667
0.460857,1.086667,0.953333
0.461258,1.086667,0.946667
0.461659,1.100000,0.946667
0.462061,1.060000,0.946667
0.462463,1.033333,0.946667
0.462865,0.986667,0.946667
0.463267,1.013333,0.946667
0.463668,1.053333,0.946667
0.464070,0.973333,0.946667
0.464471,0.993333,0.946667
0.464874,0.946667,0.946667
0.465275,0.993333,0.946667
0.465677,0.966667,0.946667
0.466078,0.966667,0.946667
0.466479,0.946667,0.946667
0.466881,0.946667,0.946667
0.467283,0.946667,0.946667
0.467684,0.946667,0.946667
0.468085,0.946667,0.946667
0.468487,0.946667,0.946667
0.468888,0.946667,0.946667
0.469289,0.946667,0.946667
0.469690,0.946667,0.946667
0.470092,0.946667,0.946667
0.470494,0.946667,1.026667
0.470895,0.946667,0.946667
0.471296,0.946667,0.946667
0.471699,0.946667,0.946667
0.472100,0.946667,0.946667
0.472501,0.946667,0.946667
0.472902,0.946667,0.946667
0.473304,0.946667,0.946667
0.473705,0.946667,0.946667
0.474106,0.946667,0.946667
0.474508,0.946667,0.946667
0.474910,0.946667,0.946667
0.475311,0.946667,0.946667
0.475714,0.946667,0.946667
0.476115,0.946667,0.946667
0.476516,0.946667,0.946667
0.476917,0.946667,0.946667
0.477319,0.946667,0.946667
0.477721,0.946667,0.946667
0.478125,0.946667,0.946667
0.478526,0.946667,0.946667
0.478928,0.946667,0.946667
0.479330,0.946667,0.946667
0.479731,0.946667,0.946667
0.480132,0.946667,0.946667
0.480533,0.946667,0.946667
0.480934,0.946667,0.946667
0.481336,0.946667,0.946667
0.481739,0.946667,0.946667
0.482140,0.946667,0.946667
0.482543,0.946667,0.946667
0.482946,0.946667,0.946667
0.483347,0.946667,0.946667
0.483748,0.946667,0.946667
0.484149,0.946667,0.946667
0.484550,0.946667,0.946667
0.484951,0.946667,0.946667
0.485353,0.946667,0.946667
0.485754,0.946667,0.946667
0.486156,0.946667,0.946667
0.486557,0.946667,0.946667
0.486959,0.946667,0.946667
0.487361,0.946667,0.946667
0.487762,0.946667,0.946667
0.488164,0.946667,0.946667
0.488565,0.946667,0.946667
0.488967,0.946667,0.946667
0.489369,0.946667,0.946667
0.489770,0.946667,0.946667
0.490173,0.946667,0.946667
0.490574,0.946667,0.946667
0.490975,0.946667,0.946667
0.491376,0.946667,0.946667
0.491777,0.946667,0.946667
0.492179,0.946667,0.946667
0.492580,0.946667,0.946667
0.492981,0.946667,0.946667
0.493384,0.946667,0.946667
0.493787,0.946667,0.946667
0.494188,0.946667,0.946667
0.494589,0.946667,0.946667
0.494990,0.946667,0.946667
0.495392,0.946667,0.946667
0.495794,0.946667,0.946667
0.496195,0.946667,0.946667
0.496597,0.946667,0.946667
0.496998,0.946667,0.946667
0.497400,0.946667,0.946667
0.497801,0.946667,0.946667
0.498203,0.946667,0.946667
0.498605,0.946667,0.946667
0.499006,0.946667,0.946667
0.499408,0.946667,0.946667
0.499810,0.946667,0.946667
0.500212,0.946667,0.946667
0.500613,0.946667,0.946667
0.501015,0.946667,0.946667
0.501416,0.946667,0.946667
0.501817,0.946667,0.946667
0.502219,0.946667,0.946667
0.502621,0.946667,0.946667
0.503022,0.946667,0.946667
0.503423,0.946667,0.946667
0.503824,0.946667,0.946667
0.504226,0.946667,0.946667
0.504627,0.946667,0.946667
0.505029,0.946667,0.946667
0.505430,0.946667,0.946667
0.505831,0.946667,0.946667
0.506232,0.946667,0.946667
0.506635,0.946667,0.946667
0.507037,0.946667,0.946667
0.507438,0.946667,0.946667
0.507840,0.946667,0.946667
0.508242,0.946667,0.946667
0.508644,0.946667,0.946667
0.509046,0.946667,0.946667
0.509448,0.946667,0.946667
0.509849,0.946667,0.946667
0.510250,0.946667,0.946667
0.510651,0.946667,0.946667
0.511052,0.946667,0.946667
0.511454,0.946667,0.946667
0.511855,0.946667,0.946667
0.512256,0.946667,0.946667
0.512659,0.946667,0.946667
0.513061,0.946667,0.946667
0.513463,0.946667,0.946667
0.513865,0.946667,0.946667
0.514266,0.946667,0.946667
0.514667,0.946667,0.946667
0.515069,0.946667,0.946667
0.515470,0.946667,0.946667
0.515871,0.946667,0.946667
0.516272,0.946667,0.946667
0.516674,0.946667,0.946667
0.517076,0.946667,0.946667
0.517477,0.946667,0.946667
0.517879,0.946667,0.946667
0.518280,0.946667,0.946667
0.518682,0.946667,0.946667
0.519084,0.946667,0.946667
0.519485,0.946667,0.946667
0.519886,0.946667,0.946667
0.520287,0.946667,0.946667
0.520688,0.946667,0.946667
0.521090,0.946667,0.946667
0.521492,0.946667,0.946667
0.521893,0.946667,0.946667
0.522294,0.946667,0.946667
0.522697,0.946667,0.946667
0.523098,0.946667,0.946667
0.523500,0.946667,0.946667
0.523901,0.946667,0.946667
0.524303,0.946667,0.946667
0.524705,0.946667,0.946667
0.525106,0.946667,0.946667
0.525507,0.946667,0.946667
0.525908,0.946667,0.946667
0.526309,0.946667,0.946667
0.526711,0.946667,0.946667
0.527112,0.946667,0.946667
0.527513,0.946667,0.946667
0.527914,0.946667,0.946667
0.528315,0.946667,0.946667
0.528716,0.946667,0.946667
0.529118,0.946667,0.946667
0.529519,0.946667,0.946667
0.529920,0.946667,0.946667
0.530321,0.946667,0.946667
0.530722,0.946667,0.946667
0.531124,0.946667,0.946667
0.531525,0.946667,0.946667
0.531928,0.946667,0.946667
0.532330,0.946667,0.946667
0.532731,0.946667,0.946667
0.533132,0.946667,0.946667
0.533533,0.946667,0.946667
0.533934,0.946667,0.946667
0.534335,0.946667,0.946667
0.534736,0.946667,0.946667
0.535138,0.946667,0.946667
0.535539,0.946667,0.946667
0.535942,0.946667,0.946667
0.536343,0.946667,0.946667
0.536745,0.946667,0.946667
0.537146,0.946667,0.946667
0.537547,0.946667,0.946667
0.537948,0.946667,0.946667
0.538349,0.946667,0.946667
0.538750,0.946667,0.946667
0.539152,0.946667,0.946667
0.539553,0.946667,0.946667
0.539955,0.946667,0.946667
0.540356,0.946667,0.946667
0.540759,0.946667,0.946667
0.541160,0.946667,0.946667
0.541563,0.946667,0.946667
0.541965,0.946667,0.946667
0.542367,0.946667,0.946667
0.542768,0.946667,0.946667
0.543170,0.946667,0.946667
0.543571,0.946667,0.946667
0.543973,0.946667,0.946667
0.544374,0.946667,0.946667
0.544777,0.946667,0.946667
0.545178,0.946667,0.946667
0.545579,0.946667,0.946667
0.545980,0.946667,0.946667
0.546381,0.946667,0.946667
0.546782,0.946667,0.946667
0.547184,0.946667,0.946667
0.547585,0.946667,0.946667
0.547986,0.946667,0.946667
0.548392,0.946667,0.946667
0.548793,0.946667,0.946667
0.549194,0.946667,0.946667
0.549596,0.946667,0.946667
0.549997,0.946667,0.946667
0.550399,0.946667,0.946667
0.550800,0.946667,0.946667
0.551201,0.946667,0.946667
0.551602,0.946667,0.946667
0.552003,0.946667,0.946667
0.552404,0.946667,0.946667
0.552806,0.946667,0.946667
0.553207,0.946667,0.946667
0.553608,0.946667,0.946667
0.554009,0.946667,0.946667
0.554410,0.946667,0.946667
0.554811,0.946667,0.946667
0.555212,0.946667,0.946667
0.555613,0.946667,0.946667
0.556015,0.946667,0.946667
0.556416,0.946667,0.946667
0.556817,0.946667,0.946667
0.557219,0.946667,0.946667
0.557620,0.946667,0.946667
0.558021,0.946667,0.946667
0.558422,0.946667,0.946667
0.558823,0.946667,0.946667
0.559225,0.946667,0.946667
0.559626,0.946667,0.946667
0.560027,0.946667,0.946667
0.560429,0.946667,0.946667
0.560831,0.946667,0.946667
0.561232,0.946667,0.946667
0.561633,0.946667,0.946667
0.562034,0.946667,0.946667
0.562435,0.946667,0.946667
0.562838,0.946667,0.946667
0.563239,0.946667,0.946667
0.563640,0.946667,0.946667
0.564042,0.946667,0.946667
0.564444,0.946667,0.946667
0.564846,0.946667,0.946667
0.565247,0.946667,0.946667
0.565648,0.946667,0.946667
0.566049,0.946667,0.946667
0.566450,0.946667,0.946667
0.566851,0.946667,0.946667
0.567253,0.946667,0.946667
0.567654,0.946667,0.946667
0.568056,0.946667,0.946667
0.568458,0.946667,0.946667
0.568860,0.946667,0.946667
0.569261,0.946667,0.946667
0.569662,0.946667,0.946667
0.570063,0.946667,0.946667
0.570465,0.946667,0.946667
0.570866,0.946667,0.946667
0.571267,0.946667,0.946667
0.571668,0.946667,0.946667
0.572070,0.946667,0.946667
0.572471,0.946667,0.946667
0.572873,0.946667,0.946667
0.573275,0.946667,0.946667
0.573676,0.946667,0.946667
0.574077,0.946667,0.946667
0.574478,0.946667,0.946667
0.574879,0.946667,0.946667
0.575280,0.946667,0.946667
0.575681,0.946667,0.946667
0.576083,0.946667,0.946667
0.576484,0.946667,0.946667
0.576885,0.946667,0.946667
0.577286,0.946667,0.946667
0.577689,0.946667,0.946667
0.578090,0.946667,0.946667
0.578492,0.946667,0.946667
0.578894,0.946667,0.946667
0.579295,0.946667,0.946667
0.579696,0.946667,0.946667
0.580097,0.946667,0.946667
0.580498,0.946667,0.946667
0.580899,0.946667,0.946667
0.581301,0.946667,0.946667
0.581702,0.946667,0.946667
0.582104,0.946667,0.946667
0.582505,0.946667,0.946667
0.582906,0.946667,0.946667
0.583308,0.946667,0.946667
0.583710,0.946667,0.946667
0.584111,0.946667,0.946667
0.584512,0.946667,0.946667
0.584913,0.946667,0.946667
0.585314,0.946667,0.946667
0.585717,0.986667,0.946667
0.586119,0.946667,0.946667
0.586520,0.946667,0.946667
0.586922,0.960000,0.946667
0.587323,0.966667,0.946667
0.587724,0.946667,0.946667
0.588125,1.060000,0.946667
0.588526,0.953333,0.946667
0.588927,0.953333,0.946667
0.589328,0.953333,0.946667
0.589729,0.973333,0.946667
0.590131,1.040000,0.946667
0.590532,0.980000,0.946667
0.590935,1.033333,0.946667
0.591336,1.020000,0.946667
0.591737,1.033333,1.040000
0.592138,1.046667,0.953333
0.592540,1.040000,0.946667
0.592941,1.053333,0.946667
0.593342,1.053333,0.946667
0.593743,1.080000,0.946667
0.594145,1.120000,1.026667
0.594546,1.113333,0.993333
0.594947,1.113333,0.986667
0.595350,1.140000,0.960000
0.595751,1.133333,0.993333
0.596152,1.153333,0.960000
0.596553,1.166667,1.053333
0.596954,1.166667,1.033333
0.597355,1.160000,1.086667
0.597756,1.193333,1.040000
0.598158,1.200000,1.046667
0.598559,1.193333,1.073333
0.598961,1.186667,1.073333
0.599362,1.206667,1.106667
0.599763,1.233333,1.106667
0.600164,1.240000,1.113333
0.600565,1.280000,1.120000
0.600968,1.220000,1.126667
0.601369,1.340000,1.293333
0.601771,1.293333,1.226667
0.602172,1.293333,1.160000
0.602573,1.346667,1.200000
0.602975,1.306667,1.173333
0.603376,1.326667,1.293333
0.603778,1.333333,1.180000
0.604179,1.340000,1.213333
0.604580,1.353333,1.226667
0.604981,1.366667,1.240000
0.605384,1.386667,1.286667
0.605786,1.353333,1.240000
0.606188,1.460000,1.260000
0.606590,1.420000,1.300000
0.606991,1.413333,1.393333
0.607392,1.440000,1.300000
0.607793,1.466667,1.300000
0.608194,1.440000,1.420000
0.608595,1.486667,1.300000
0.608997,1.520000,1.326667
0.609398,1.446667,1.386667
0.609799,1.540000,1.360000
0.610200,1.506667,1.386667
0.610601,1.560000,1.406667
0.611002,1.560000,1.393333
0.611403,1.566667,1.400000
0.611804,1.560000,1.433333
0.612206,1.573333,1.440000
0.612607,1.613333,1.473333
0.613008,1.600000,1.560000
0.613410,1.640000,1.466667
0.613811,1.660000,1.520000
0.614213,1.673333,1.500000
0.614614,1.673333,1.480000
0.615015,1.673333,1.600000
0.615416,1.613333,1.520000
0.615819,1.713333,1.480000
0.616220,1.726667,1.653333
0.616622,1.740000,1.573333
0.617023,1.780000,1.593333
0.617424,1.800000,1.600000
0.617825,1.780000,1.580000
0.618227,1.786667,1.620000
0.618628,1.786667,1.680000
0.619029,1.813333,1.660000
0.619431,1.833333,1.686667
0.619834,1.853333,1.573333
0.620235,1.846667,1.760000
0.620636,1.866667,1.673333
0.621037,1.886667,1.726667
0.621439,1.906667,1.726667
0.621840,1.906667,1.733333
0.622242,1.900000,1.746667
0.622643,1.946667,1.800000
0.623045,1.926667,1.740000
0.623446,1.973333,1.786667
0.623847,1.953333,1.766667
0.624248,1.993333,1.813333
0.624649,1.966667,1.820000
0.625050,2.000000,1.826667
0.625452,2.026667,1.880000
0.625853,2.053333,1.960000
0.626255,2.066667,1.913333
0.626656,2.086667,1.880000
0.627057,2.060000,1.906667
0.627459,2.120000,2.000000
0.627860,2.113333,1.906667
0.628262,2.093333,1.960000
0.628663,2.133333,1.946667
0.629065,2.173333,1.980000
0.629467,2.186667,2.093333
0.629870,2.200000,1.986667
0.630271,2.226666,1.993333
0.630672,2.353333,2.086667
0.631074,2.246667,1.993333
0.631475,2.280000,2.166667
0.631876,2.260000,2.060000
0.632279,2.280000,2.126667
0.632680,2.353333,2.086667
0.633082,2.286667,2.120000
0.633484,2.326667,2.120000
0.633886,2.346667,2.133333
0.634287,2.360000,2.173333
0.634690,2.373333,2.180000
0.635092,2.426666,2.160000
0.635493,2.413333,2.180000
0.635896,2.413333,2.220000
0.636299,2.526667,2.166667
0.636701,2.466667,2.260000
0.637102,2.466667,2.273333
0.637503,2.453333,2.266667
0.637904,2.453333,2.280000
0.638306,2.526667,2.300000
0.638709,2.533333,2.300000
0.639110,2.646667,2.346667
0.639511,2.593333,2.346667
0.639912,2.620000,2.286667
0.640313,2.560000,2.460000
0.640714,2.626667,2.433333
0.641116,2.626667,2.433333
0.641517,2.646667,2.433333
0.641919,2.680000,2.440000
0.642321,2.680000,2.346667
0.642722,2.686666,2.580000
0.643125,2.620000,2.453333
0.643526,2.706666,2.493333
0.643927,2.726667,2.553333
0.644328,2.773333,2.520000
0.644730,2.786667,2.526667
0.645131,2.793333,2.613333
0.645532,2.806667,2.666667
0.645935,2.840000,2.613333
0.646336,2.840000,2.613333
0.646738,2.860000,2.626667
0.647139,2.893333,2.646667
0.647542,2.953333,2.706666
0.647944,2.953333,2.673333
0.648346,2.946667,2.580000
0.648747,2.953333,2.733333
0.649148,2.960000,2.713333
0.649550,2.946667,2.693333
0.649951,2.960000,2.780000
0.650352,2.993333,2.780000
0.650755,3.040000,2.833333
0.651157,3.040000,2.800000
0.651558,3.073333,2.813333
0.651959,3.093333,2.866667
0.652361,3.120000,2.773333
0.652762,3.086667,2.833333
0.653164,3.133333,2.893333
0.653565,3.153333,2.886667
0.653967,3.146667,2.866667
0.654368,3.006667,2.900000
0.654769,3.173333,2.960000
0.655172,3.193333,3.046667
0.655574,3.253333,2.980000
0.655975,3.366667,3.053333
0.656376,3.200000,3.013333
0.656777,3.300000,3.133333
0.657180,3.313333,3.073333
0.657581,3.320000,3.086667
0.657982,3.373333,3.100000
0.658383,3.366667,3.106667
0.658784,3.393333,3.133333
0.659186,3.406667,3.126667
0.659587,3.386667,3.160000
0.659989,3.440000,3.193333
0.660390,3.473333,3.173333
0.660791,3.480000,3.253333
0.661193,3.520000,3.253333
0.661594,3.520000,3.226667
0.661996,3.546667,3.233333
0.662398,3.520000,3.186666
0.662799,3.566667,3.326667
0.663200,3.620000,3.286667
0.663601,3.600000,3.320000
0.664002,3.646667,3.346666
0.664403,3.640000,3.386667
0.664804,3.613333,3.353333
0.665206,3.673333,3.400000
0.665607,3.706666,3.406667
0.666009,3.726667,3.466666
0.666410,3.786667,3.406667
0.666813,3.746666,3.486667
0.667214,3.780000,3.486667
0.667615,3.833333,3.513333
0.668017,3.833333,3.560000
0.668419,3.840000,3.540000
0.668820,3.860000,3.560000
0.669221,3.900000,3.620000
0.669622,3.953333,3.593333
0.670023,4.046667,3.806666
0.670425,3.926666,3.633333
0.670826,3.920000,3.633333
0.671228,3.986666,3.660000
0.671630,4.020000,3.593333
0.672031,4.020000,3.720000
0.672433,4.073333,3.833333
0.672834,4.073333,3.613333
0.673235,3.893333,3.740000
0.673636,4.280000,3.833333
0.674038,4.226666,3.833333
0.674439,4.160000,3.833333
0.674840,4.173333,3.860000
0.675241,4.180000,3.860000
0.675642,4.193333,3.913333
0.676044,4.220000,3.926666
0.676445,4.246667,3.906667
0.676846,4.253333,3.926666
0.677247,4.320000,4.006667
0.677648,4.286666,3.986666
0.678050,4.340000,4.006667
0.678452,4.346667,4.020000
0.678854,4.353333,4.013333
0.679255,4.426666,4.046667
0.679656,4.413333,4.066667
0.680057,4.446667,4.133333
0.680459,4.440000,4.100000
0.680860,4.466667,4.206666
0.681261,4.600000,4.213334
0.681662,4.326666,4.173333
0.682063,4.513333,4.173333
0.682464,4.560000,4.193333
0.682865,4.560000,4.173333
0.683266,4.566667,4.293333
0.683667,4.613333,4.260000
0.684069,4.626667,4.266666
0.684470,4.640000,4.200000
0.684871,4.733333,4.353333
0.685274,4.713333,4.366666
0.685675,4.726666,4.373333
0.686077,4.726666,4.400000
0.686478,4.746666,4.386666
0.686881,4.760000,4.440000
0.687283,4.800000,4.440000
0.687684,4.840000,4.446667
0.688085,4.826666,4.453333
0.688487,4.866667,4.440000
0.688888,4.873333,4.520000
0.689289,4.873333,4.540000
0.689690,4.906667,4.560000
0.690092,4.906667,4.593333
0.690494,5.033333,4.613333
0.690896,4.973333,4.606667
0.691297,5.006667,4.626667
0.691700,5.060000,4.633333
0.692101,5.053333,4.680000
0.692503,5.040000,4.680000
0.692904,5.093333,4.726666
0.693306,5.093333,4.713333
0.693707,5.140000,4.786666
0.694109,5.106667,4.660000
0.694510,5.260000,4.806667
0.694912,5.220000,4.700000
0.695314,5.226666,4.840000
0.695716,5.326667,4.873333
0.696117,5.253333,4.886666
0.696518,5.286666,4.880000
0.696919,5.320000,4.773334
0.697320,5.346666,5.200000
0.697721,5.360000,4.913333
0.698125,5.460000,4.966667
0.698526,5.393333,4.873333
0.698927,5.413333,5.040000
0.699329,5.426667,5.033333
0.699730,5.466667,5.080000
0.700132,5.473333,5.066667
0.700533,5.513333,5.133333
0.700934,5.526667,5.093333
0.701336,5.526667,5.160000
0.701737,5.586667,5.160000
0.702138,5.613333,5.153333
0.702539,5.580000,5.240000
0.702940,5.653333,5.240000
0.703341,5.640000,5.086667
0.703742,5.726667,5.293334
0.704144,5.780000,5.293334
0.704546,5.740000,5.286666
0.704947,5.760000,5.260000
0.705348,5.740000,5.340000
0.705749,5.726667,5.393333
0.706151,5.860000,5.400000
0.706552,5.880000,5.386667
0.706953,5.886667,5.446666
0.707355,5.866666,5.473333
0.707756,5.926667,5.486667
0.708158,5.953333,5.526667
0.708559,5.953333,5.520000
0.708960,5.900000,5.560000
0.709362,5.980000,5.546667
0.709763,5.986667,5.586667
0.710165,6.053333,5.600000
0.710566,6.086667,5.626667
0.710967,6.106667,5.680000
0.711368,6.106667,5.320000
0.711769,6.133333,5.673333
0.712171,6.133333,5.713333
0.712572,6.226666,5.760000
0.712974,5.933333,5.760000
0.713375,6.313334,5.740000
0.713777,6.273333,5.853333
0.714179,6.313334,5.833333
0.714580,6.300000,5.853333
0.714982,6.320000,5.846666
0.715383,6.280000,5.886667
0.715784,6.360000,5.926667
0.716185,6.386667,5.940000
0.716586,6.433333,5.913333
0.716988,6.420000,5.980000
0.717389,6.466667,6.040000
0.717790,6.480000,6.020000
0.718192,6.513333,6.113333
0.718593,6.540000,6.020000
0.718995,6.580000,6.026667
0.719397,6.613333,6.113333
0.719800,6.660000,6.126667
0.720201,6.720000,6.186666
0.720604,6.693333,6.193333
0.721005,6.673334,6.206666
0.721407,6.700000,6.206666
0.721808,6.766666,6.233333
0.722211,6.820000,6.280000
0.722613,6.806667,6.280000
0.723015,6.793334,6.306666
0.723416,6.840000,6.286667
0.723819,6.833333,6.366666
0.724220,6.893333,6.193333
0.724621,6.913333,6.306666
0.725023,6.933333,6.433333
0.725424,6.946667,6.466667
0.725825,7.000000,6.466667
0.726226,7.013333,6.480000
0.726627,7.033333,6.506667
0.727028,7.066666,6.533333
0.727430,7.080000,6.546667
0.727831,7.093333,6.606667
0.728232,7.126667,6.640000
0.728633,7.119999,6.613333
0.729034,7.166667,6.673334
0.729436,7.173333,6.740000
0.729839,7.240000,6.740000
0.730240,7.200000,6.740000
0.730641,7.260000,6.753333
0.731042,7.320000,6.826667
0.731444,7.366667,6.800000
0.731845,7.406666,6.846666
0.732247,7.420000,6.860000
0.732648,7.346666,6.866666
0.733050,7.433333,6.913333
0.733452,7.446666,6.906667
0.733854,7.493333,6.926667
0.734256,7.506667,6.940000
0.734657,7.460000,6.993333
0.735058,7.546666,7.026667
0.735460,7.553333,7.020000
0.735861,7.600000,7.020000
0.736263,7.600000,7.113333
0.736664,7.679999,7.166667
0.737066,7.666667,7.080000
0.737467,7.686666,7.080000
0.737868,7.713333,7.193333
0.738269,7.726667,7.126667
0.738672,7.693334,7.166667
0.739073,7.766666,7.233334
0.739474,7.760000,7.266667
0.739875,7.853333,7.166667
0.740277,7.866666,7.340000
0.740678,7.886666,7.340000
0.741079,7.913333,7.353333
0.741480,7.926667,7.400000
0.741882,7.953333,7.400000
0.742284,7.960000,7.413333
0.742685,8.013333,7.420000
0.743086,7.980000,7.520000
0.743488,8.126666,7.513333
0.743889,8.073333,7.526666
0.744291,8.120000,7.520000
0.744692,8.126666,7.546666
0.745094,8.153334,7.573333
0.745496,8.173333,7.713333
0.745897,8.206666,7.626667
0.746299,8.246666,7.640000
0.746701,8.246666,7.679999
0.747102,8.266666,7.693334
0.747503,8.386666,7.753333
0.747904,8.386666,7.673333
0.748305,8.353333,7.813334
0.748706,8.293333,7.740000
0.749107,8.420000,7.853333
0.749508,8.426667,7.806666
0.749909,8.406667,7.866666
0.750310,8.473333,7.900000
0.750711,8.520000,7.920000
0.751113,8.526667,7.933333
0.751514,8.553333,7.993333
0.751915,8.566667,7.920000
0.752317,8.586666,8.046666
0.752718,8.606667,8.033334
0.753119,8.646667,8.040000
0.753521,8.573333,8.113333
0.753923,8.733333,8.106667
0.754325,8.719999,8.126666
0.754726,8.766666,8.166667
0.755127,8.753333,8.133333
0.755529,8.806666,8.220000
0.755930,8.839999,8.240000
0.756332,8.853333,8.220000
0.756735,8.873333,8.233334
0.757137,8.806666,8.293333
0.757538,8.920000,8.313333
0.757941,8.946667,8.373333
0.758342,8.946667,8.360000
0.758743,9.000000,8.386666
0.759145,9.026667,8.426667
0.759546,9.066667,8.606667
0.759947,9.080000,8.473333
0.760348,9.093333,8.486667
0.760749,9.099999,8.513332
0.761152,9.120000,8.513332
0.761554,9.226666,8.586666
0.761956,9.200000,8.573333
0.762357,9.226666,8.573333
0.762759,9.253333,8.566667
0.763160,9.220000,8.606667
0.763561,9.293333,8.746667
0.763964,9.493333,8.713333
0.764366,9.353333,8.733333
0.764767,9.320000,8.766666
0.765168,9.473333,8.740000
0.765570,9.513333,8.726666
0.765972,9.499999,8.793333
0.766374,9.540000,8.820000
0.766776,9.533333,8.860000
0.767179,9.546667,8.893333
0.767580,9.586666,8.913333
0.767982,9.620000,8.973332
0.768383,9.620000,8.946667
0.768785,9.706666,8.960000
0.769186,9.673333,9.006666
0.769587,9.713333,9.006666
0.769988,9.706666,9.073333
0.770389,9.786667,9.093333
0.770790,9.786667,9.093333
0.771192,9.813334,9.106667
0.771593,9.846666,9.160000
0.771995,9.833333,9.106667
0.772396,9.886666,9.179999
0.772798,9.833333,9.186666
0.773199,9.959999,9.226666
0.773600,10.000000,9.266666
0.774001,9.966666,9.186666
0.774403,9.993333,9.280000
0.774804,10.173333,9.346666
0.775206,10.053333,9.346666
0.775607,10.073334,9.346666
0.776009,10.120000,9.446667
0.776411,10.106667,9.440000
0.776814,10.146667,9.480000
0.777215,10.173333,9.513333
0.777618,10.200000,9.600000
0.778019,10.233333,9.513333
0.778420,10.253333,9.786667
0.778821,10.286666,9.613334
0.779222,10.326667,9.613334
0.779623,10.333333,9.613334
0.780025,10.346666,9.653333
0.780426,10.400000,9.706666
0.780827,10.440000,9.559999
0.781228,10.453333,9.706666
0.781629,10.486666,9.793333
0.782030,10.493333,9.773333
0.782432,10.500000,9.793333
0.782834,10.540000,9.806666
0.783236,10.540000,9.846666
0.783637,10.580000,9.873333
0.784038,10.646667,9.893332
0.784439,10.639999,9.940001
0.784840,10.646667,9.966666
0.785242,10.653334,9.966666
0.785643,10.686666,10.020000
0.786045,10.740000,9.980000
0.786447,10.753333,10.020000
0.786849,10.793333,10.086666
0.787251,10.920000,10.120000
0.787653,10.813333,10.073334
0.788054,10.860000,10.106667
0.788455,10.906667,10.153333
0.788856,10.900000,10.166666
0.789257,10.960000,10.346666
0.789658,10.966666,10.320000
0.790060,11.066667,10.179999
0.790462,11.093333,10.286666
0.790865,11.026667,10.313334
0.791267,11.053333,10.320000
0.791668,11.073333,10.320000
0.792069,11.113334,10.326667
0.792471,11.139999,10.593333
0.792872,11.166666,10.413333
0.793273,11.206666,10.453333
0.793674,11.240000,10.486666
0.794076,11.266666,10.553332
0.794477,11.246667,10.533334
0.794878,11.366667,10.546666
0.795280,11.373333,10.533334
0.795681,11.313334,10.500000
0.796083,11.360000,10.620000
0.796485,11.406666,10.653334
0.796887,11.393333,10.626666
0.797288,11.413333,10.660000
0.797691,11.453334,10.633333
0.798093,11.500000,10.900000
0.798495,11.486667,10.746666
0.798896,11.539999,10.806666
0.799298,11.526667,10.780000
0.799699,11.599999,10.806666
0.800101,11.646667,10.840000
0.800502,11.646667,10.879999
0.800903,11.666666,10.860000
0.801305,11.693333,10.913333
0.801707,11.713333,10.926667
0.802108,11.726666,10.966666
0.802510,11.766666,11.020000
0.802911,11.780000,11.020000
0.803312,11.780000,11.046666
0.803713,11.846666,11.020000
0.804115,11.840000,11.040000
0.804516,11.893333,11.099999
0.804917,11.920000,11.126667
0.805319,11.906667,11.139999
0.805720,11.960000,11.173333
0.806124,11.926666,11.166666
0.806526,11.980000,11.200000
0.806927,12.020000,11.246667
0.807328,11.953333,11.240000
0.807731,12.033333,11.313334
0.808132,12.106667,11.300000
0.808535,12.100000,11.300000
0.808936,12.133333,11.333333
0.809338,12.193333,11.380000
0.809740,12.233334,11.380000
0.810141,12.246667,11.373333
0.810542,12.246667,11.420000
0.810945,12.293333,11.466666
0.811347,12.333333,11.646667
0.811748,12.326666,11.493333
0.812150,12.393332,11.539999
0.812551,12.433333,11.546666
0.812952,12.400000,11.573333
0.813354,12.446667,11.606667
0.813755,12.440001,11.633333
0.814157,12.480000,11.660000
0.814560,12.480000,11.686666
0.814961,12.559999,11.693333
0.815362,12.599999,11.693333
0.815763,12.566667,11.726666
0.816165,12.593333,11.746666
0.816566,12.640000,11.786667
0.816967,12.640000,11.773334
0.817368,12.693334,11.833333
0.817769,12.719999,11.853333
0.818171,12.766666,11.833333
0.818572,12.726666,11.893333
0.818973,12.799999,11.846666
0.819374,12.799999,11.966666
0.819775,12.853333,11.933332
0.820177,12.833333,12.059999
0.820579,12.853333,12.006666
0.820980,12.913333,12.033333
0.821382,12.913333,11.960000
0.821783,12.973333,12.066666
0.822185,12.986666,12.093333
0.822586,13.160000,12.086666
0.822987,13.006666,12.120000
0.823389,13.213333,12.193333
0.823790,13.193333,12.226666
0.824193,13.100000,12.233334
0.824594,13.093333,12.246667
0.824995,13.126666,12.346666
0.825396,13.160000,12.300000
0.825797,13.166667,12.300000
0.826199,13.226666,12.339999
0.826602,13.293333,12.339999
0.827003,13.266666,12.420000
0.827404,13.286667,12.473333
0.827805,13.313333,12.386666
0.828206,13.333333,12.493333
0.828607,13.373333,12.413333
0.829009,13.386665,12.500000
0.829410,13.379999,12.500000
0.829811,13.366667,12.533333
0.830213,13.379999,12.540000
0.830614,13.453332,12.593333
0.831016,13.546667,12.606667
0.831418,13.613334,12.679999
0.831819,13.346667,12.673333
0.832220,13.573333,12.679999
0.832621,13.566667,12.713333
0.833023,13.613334,12.753333
0.833425,13.606666,12.713333
0.833826,13.653334,12.766666
0.834227,13.660000,12.746666
0.834628,13.706666,12.799999
0.835029,13.720000,12.946667
0.835430,13.733333,12.853333
0.835832,13.720000,12.860000
0.836233,13.793333,12.893333
0.836635,13.793333,12.926666
0.837036,13.706666,12.873333
0.837437,13.946667,12.946667
0.837838,13.746667,13.006666
0.838239,13.900000,12.946667
0.838640,13.913332,13.013333
0.839042,13.940001,12.986666
0.839443,13.993333,13.040000
0.839845,14.066666,13.066667
0.840246,14.053333,13.026667
0.840647,14.066666,13.120000
0.841048,14.086666,13.139999
0.841449,14.073334,13.153334
0.841852,14.246667,13.206666
0.842253,14.120000,13.193333
0.842655,14.166666,13.220000
0.843056,14.186666,13.293333
0.843457,14.206667,13.293333
0.843859,14.259999,13.293333
0.844261,14.239999,13.326666
0.844662,14.286666,13.706666
0.845063,14.340000,13.373333
0.845465,14.333334,13.386665
0.845868,14.373332,13.400000
0.846269,14.373332,13.360000
0.846670,14.420000,13.466666
0.847071,14.426666,13.506666
0.847472,14.459999,13.466666
0.847875,14.473333,13.500000
0.848277,14.493333,13.620000
0.848678,14.513333,13.539999
0.849079,14.466667,13.573333
0.849480,14.546666,13.593333
0.849881,14.559999,13.593333
0.850282,14.586666,13.646666
0.850683,14.593332,13.693333
0.851085,14.640000,13.660000
0.851486,14.759999,13.680000
0.851887,14.693333,13.746667
0.852288,14.826666,13.773333
0.852689,14.706667,13.773333
0.853090,14.753333,13.779999
0.853492,14.766665,13.820000
0.853895,14.759999,13.820000
0.854296,14.806666,13.839999
0.854699,14.826666,13.880000
0.855101,14.860001,13.906666
0.855502,14.853333,13.913332
0.855903,14.906667,13.853333
0.856305,14.840000,13.946667
0.856706,14.786666,13.926666
0.857107,14.953333,14.020000
0.857509,14.953333,13.993333
0.857911,14.953333,14.006667
0.858313,15.046666,14.033333
0.858714,15.006666,14.073334
0.859115,15.033334,14.059999
0.859516,15.133333,14.140000
0.859917,15.153333,14.066666
0.860319,15.153333,14.200001
0.860721,15.193334,14.273334
0.861125,15.206666,14.200001
0.861526,15.240000,14.219999
0.861927,15.240000,14.253333
0.862328,15.300000,14.259999
0.862731,15.333333,14.380000
0.863132,15.366667,14.320000
0.863533,15.373333,14.286666
0.863934,15.353333,14.253333
0.864335,15.293332,14.353333
0.864736,15.466666,14.340000
0.865138,15.520000,14.400001
0.865539,15.473333,14.420000
0.865940,15.419999,14.439999
0.866341,15.513332,14.453333
0.866744,15.500000,14.493333
0.867146,15.506666,14.439999
0.867547,15.546666,14.499999
0.867948,15.573333,14.546666
0.868349,15.579999,14.520000
0.868751,15.666666,14.580000
0.869152,15.633333,14.559999
0.869553,15.686666,14.613333
0.869954,15.666666,14.659999
0.870355,15.733333,14.640000
0.870756,15.713334,14.666667
0.871158,15.746666,14.673333
0.871560,15.780001,14.693333
0.871961,15.839999,14.706667
0.872363,15.806666,14.786666
0.872764,15.839999,14.813333
0.873166,15.813333,14.780000
0.873567,15.893333,14.766665
0.873968,15.873333,14.813333
0.874370,15.933333,14.886666
0.874771,15.926666,14.833332
0.875172,15.933333,14.826666
0.875573,15.993333,14.886666
0.875974,15.993333,14.840000
0.876375,16.020000,14.933333
0.876776,16.026667,14.953333
0.877179,16.066668,14.953333
0.877581,16.099998,14.953333
0.877983,16.086666,14.953333
0.878384,16.133333,14.953333
0.878787,16.126665,15.080000
0.879188,16.139999,15.126667
0.879590,16.200001,15.139999
0.879992,16.126665,14.953333
0.880394,16.253332,15.186667
0.880796,16.266666,15.139999
0.881199,16.266666,15.153333
0.881600,16.379999,15.219999
0.882002,16.320000,15.233334
0.882403,16.373333,15.293332
0.882804,16.359999,15.260000
0.883205,16.353333,15.260000
0.883606,16.406666,15.326667
0.884007,16.426666,15.313333
0.884408,16.426666,15.306666
0.884809,16.460001,15.393333
0.885211,16.466667,15.346666
0.885612,16.559999,15.426665
0.886013,16.466667,15.426665
0.886415,16.519999,15.473333
0.886816,16.373333,15.520000
0.887218,16.580000,15.433333
0.887619,16.566666,15.520000
0.888020,16.619999,15.573333
0.888422,16.633331,15.653334
0.888823,16.580000,15.520000
0.889225,16.706667,15.639999
0.889626,16.660000,15.446666
0.890028,16.779999,15.606667
0.890429,16.726667,15.706666
0.890831,16.746666,15.606667
0.891232,16.766666,15.653334
0.891634,16.786665,15.673333
0.892036,16.786665,15.686666
0.892437,16.786665,15.693334
0.892839,16.833334,15.733333
0.893240,16.833334,15.733333
0.893641,16.860001,15.746666
0.894042,16.866667,15.780001
0.894444,16.879999,15.773333
0.894845,16.906666,15.806666
0.895247,16.906666,15.806666
0.895648,16.893332,15.913334
0.896049,16.893332,15.866667
0.896451,16.953333,15.853333
0.896852,17.033333,15.906666
0.897253,16.959999,15.920000
0.897654,17.000000,15.860000
0.898056,17.033333,15.920000
0.898458,17.066666,15.973332
0.898860,17.053333,15.993333
0.899261,17.000000,15.980000
0.899662,17.100000,16.020000
0.900064,16.959999,16.046667
0.900466,17.100000,16.080000
0.900867,17.120001,16.133333
0.901268,17.159998,16.099998
0.901669,17.146666,16.106665
0.902070,17.126667,16.106665
0.902472,17.193333,16.193333
0.902873,17.186666,16.126665
0.903274,17.213333,16.146666
0.903675,17.240000,16.099998
0.904076,17.306665,16.246666
0.904478,17.320000,16.240000
0.904880,17.293333,16.246666
0.905282,17.299999,16.273333
0.905685,17.353333,16.286667
0.906086,17.299999,16.286667
0.906488,17.340000,16.299999
0.906890,17.293333,16.353333
0.907292,17.353333,16.326666
0.907694,17.360001,16.333334
0.908095,17.426666,16.353333
0.908496,17.413332,16.453333
0.908897,17.446667,16.433332
0.909299,17.459999,16.433332
0.909701,17.426666,16.453333
0.910102,17.473333,16.453333
0.910503,17.546665,16.460001
0.910904,17.506666,16.506666
0.911305,17.486666,16.526667
0.911706,17.559999,16.526667
0.912107,17.580000,16.539999
0.912509,17.646667,16.586666
0.912910,17.686666,16.626665
0.913311,17.533333,16.586666
0.913712,17.573332,16.539999
0.914114,17.646667,16.639999
0.914515,17.679998,16.646666
0.914916,17.706665,16.619999
0.915318,17.686666,16.473333
0.915720,17.613333,16.646666
0.916124,17.746666,16.700001
0.916525,17.740000,16.759998
0.916926,17.753334,16.773333
0.917328,17.766666,16.733334
0.917729,17.766666,16.740000
0.918131,17.780001,16.766666
0.918532,17.820000,16.786665
0.918933,17.813332,16.820000
0.919334,17.820000,16.806665
0.919735,17.853333,16.826666
0.920137,17.900000,16.833334
0.920539,17.873333,16.846666
0.920940,17.959999,16.900000
0.921342,17.913334,16.886665
0.921744,18.006666,16.879999
0.922146,17.933332,16.886665
0.922549,17.966665,16.920000
0.922950,17.920000,16.906666
0.923352,17.986666,16.826666
0.923753,17.993332,16.913332
0.924154,18.000000,16.920000
0.924556,18.006666,16.953333
0.924959,18.033333,16.959999
0.925360,18.040001,16.980000
0.925761,18.053333,16.966667
0.926162,18.046667,16.980000
0.926563,18.079998,17.013332
0.926964,18.106667,17.039999
0.927365,18.113333,16.953333
0.927766,18.113333,17.039999
0.928167,18.199999,17.026665
0.928568,18.226665,17.033333
0.928969,18.320000,17.073334
0.929370,18.166666,17.053333
0.929772,18.180000,17.120001
0.930173,18.233332,17.073334
0.930574,18.180000,17.126667
0.930975,18.280001,17.133333
0.931376,18.246666,17.193333
0.931777,18.280001,17.186666
0.932179,18.240000,17.186666
0.932580,18.273333,17.199999
0.932981,18.280001,17.186666
0.933382,18.293333,17.226667
0.933784,18.306667,17.206667
0.934185,18.326666,17.219999
0.934586,18.353333,17.260000
0.934987,18.306667,17.233334
0.935389,18.466665,17.266666
0.935791,18.339998,17.286665
0.936192,18.359999,17.266666
0.936593,18.400000,17.293333
0.936994,18.420000,17.340000
0.937395,18.406666,17.366667
0.937797,18.426666,17.326666
0.938198,18.433334,17.393333
0.938599,18.480000,17.380001
0.939001,18.366667,17.333332
0.939402,18.539999,17.473333
0.939803,18.459999,17.380001
0.940205,18.559999,17.419998
0.940606,18.573334,17.393333
0.941008,18.539999,17.219999
0.941409,18.526667,17.419998
0.941810,18.546667,17.433332
0.942212,18.546667,17.473333
0.942614,18.580000,17.513334
0.943016,18.586666,17.480000
0.943417,18.606665,17.480000
0.943818,18.633333,17.486666
0.944219,18.599998,17.513334
0.944620,18.586666,17.593332
0.945021,18.680000,17.526667
0.945423,18.606665,17.539999
0.945824,18.653334,17.586666
0.946226,18.660000,17.586666
0.946629,18.700001,17.526667
0.947030,18.700001,17.613333
0.947431,18.773333,17.613333
0.947832,18.733332,17.626667
0.948233,18.686666,17.619999
0.948634,18.853333,17.613333
0.949035,18.799999,17.619999
0.949437,18.746666,17.660000
0.949839,18.773333,17.660000
0.950241,18.773333,17.673332
0.950643,18.793333,17.699999
0.951044,18.826666,17.713333
0.951445,18.820000,17.713333
0.951846,18.833334,17.733334
0.952247,18.826666,17.726665
0.952648,18.859999,17.726665
0.953049,18.759998,17.746666
0.953451,18.826666,17.760000
0.953852,18.873333,17.766666
0.954253,18.926666,17.820000
0.954654,18.879999,17.780001
0.955055,18.986666,17.773333
0.955456,18.926666,17.813332
0.955857,18.913332,17.793333
0.956258,18.859999,17.780001
0.956660,18.960001,17.813332
0.957062,18.973333,17.826666
0.957463,18.986666,17.826666
0.957865,18.986666,17.859999
0.958267,18.986666,17.826666
0.958668,18.986666,17.886667
0.959069,19.006666,17.886667
0.959470,19.039999,17.813332
0.959871,19.046667,17.886667
0.960273,19.019999,17.879999
0.960675,19.006666,17.900000
0.961076,19.046667,17.906668
0.961477,19.086666,17.946665
0.961878,19.059999,17.906668
0.962279,19.086666,17.933332
0.962680,19.106667,17.993332
0.963082,19.086666,17.980000
0.963483,19.086666,17.953333
0.963884,19.113333,18.093332
0.964285,19.166666,17.953333
0.964687,19.100000,17.939999
0.965089,19.186666,18.006666
0.965490,19.206667,17.980000
0.965891,19.146666,18.106667
0.966293,19.160000,18.020000
0.966695,19.160000,18.013332
0.967096,19.213333,18.046667
0.967497,19.160000,18.093332
0.967898,19.219999,18.040001
0.968299,19.213333,18.086666
0.968700,19.273333,18.086666
0.969102,19.226667,18.086666
0.969503,19.240000,18.106667
0.969904,19.273333,18.119999
0.970306,19.226667,18.139999
0.970707,19.273333,18.126667
0.971109,19.253332,18.146666
0.971510,19.286665,18.099998
0.971912,19.286665,18.113333
0.972314,19.259998,17.913334
0.972715,19.246666,18.126667
0.973117,19.299999,18.186666
0.973518,19.340000,18.193333
0.973919,19.333334,18.133333
0.974321,19.320000,18.020000
0.974722,19.333334,18.219999
0.975125,19.346666,18.219999
0.975526,19.480000,18.206665
0.975928,19.366667,18.260000
0.976329,19.340000,18.146666
0.976730,19.353334,18.199999
0.977131,19.379999,18.206665
0.977533,19.393332,18.213333
0.977934,19.386665,18.233332
0.978335,19.400000,18.233332
0.978737,19.406666,18.226665
0.979138,19.446667,18.253332
0.979539,19.433332,18.266666
0.979940,19.420000,18.266666
0.980341,19.453333,18.233332
0.980742,19.426666,18.273333
0.981144,19.439999,18.253332
0.981545,19.420000,18.273333
0.981946,19.453333,18.099998
0.982348,19.453333,18.320000
0.982749,19.493334,18.293333
0.983151,19.473333,18.293333
0.983552,19.606667,18.326666
0.983953,19.480000,18.326666
0.984354,19.500000,18.153334
0.984755,19.500000,18.299999
0.985157,19.500000,18.339998
0.985558,19.533333,18.353333
0.985960,19.533333,18.359999
0.986361,19.533333,18.346666
0.986762,19.620001,18.359999
0.987164,19.546665,18.359999
0.987566,19.573334,18.359999
0.987967,19.539999,18.266666
0.988368,19.606667,18.386665
0.988769,19.566666,18.373333
0.989171,19.559999,18.346666
0.989573,19.559999,18.506666
0.989975,19.613333,18.440001
0.990376,19.600000,18.406666
0.990777,19.586666,18.400000
0.991179,19.620001,18.406666
0.991581,19.606667,18.406666
0.991983,19.613333,18.426666
0.992385,19.659998,18.440001
0.992786,19.653332,18.413334
0.993187,19.613333,18.420000
0.993588,19.600000,18.446667
0.993990,19.659998,18.466665
0.994392,19.639999,18.446667
0.994793,19.633333,18.426666
0.995195,19.646666,18.473331
0.995597,19.673332,18.320000
0.995998,19.600000,18.466665
0.996400,19.666666,18.466665
0.996802,19.673332,18.473331
0.997203,19.693333,18.373333
0.997605,19.686666,18.513332
0.998006,19.679998,18.453333
0.998407,19.726667,18.526667
0.998808,19.686666,18.486666
0.999209,19.693333,18.473331
0.999610,19.693333,18.506666
1.000011,19.633333,18.486666
1.000413,19.746666,18.520000
1.000814,19.480000,18.520000
1.001215,19.713333,18.453333
1.001616,19.719999,18.520000
1.002017,19.733334,18.539999
1.002419,19.699999,18.566668
1.002820,19.746666,18.506666
1.003221,19.733334,18.586666
1.003623,19.726667,18.526667
1.004024,19.746666,18.539999
1.004425,19.773333,18.546667
1.004826,19.673332,18.533333
1.005228,19.733334,18.539999
1.005629,19.793333,18.526667
1.006030,19.740000,18.539999
1.006432,19.766666,18.486666
1.006834,19.766666,18.413334
1.007236,19.853333,18.553333
1.007637,19.746666,18.379999
1.008039,19.766666,18.546667
1.008441,19.779999,18.553333
1.008842,19.799999,18.586666
1.009244,19.773333,18.580000
1.009645,19.779999,18.586666
1.010047,19.753334,18.546667
1.010448,19.779999,18.580000
1.010849,19.740000,18.586666
1.011250,19.786665,18.580000
1.011651,19.820000,18.586666
1.012052,19.799999,18.606665
1.012454,19.806665,18.613333
1.012855,19.820000,18.639999
1.013256,19.833332,18.593332
1.013658,19.793333,18.613333
1.014059,19.860001,18.599998
1.014461,19.806665,18.599998
1.014862,19.813332,18.559999
1.015263,19.813332,18.599998
1.015665,19.820000,18.606665
1.016066,19.826666,18.646666
1.016467,19.826666,18.639999
1.016869,19.826666,18.639999
1.017271,19.820000,18.539999
1.017672,19.833332,18.559999
1.018073,19.753334,18.606665
1.018474,19.826666,18.639999
1.018875,19.826666,18.613333
1.019277,19.886667,18.520000
1.019679,19.799999,18.606665
1.020081,19.820000,18.533333
1.020482,19.900000,18.626665
1.020883,19.820000,18.613333
1.021285,19.860001,18.646666
1.021686,19.840000,18.646666
1.022087,19.866667,18.646666
1.022489,19.860001,18.646666
1.022891,19.840000,18.693333
1.023292,19.833332,18.619999
1.023693,19.900000,18.646666
1.024094,19.840000,18.646666
1.024495,19.833332,18.666666
1.024896,19.840000,18.613333
1.025298,19.846666,18.606665
1.025699,19.840000,18.613333
1.026101,19.833332,18.613333
1.026503,19.820000,18.646666
1.026904,19.846666,18.626665
1.027306,19.826666,18.626665
1.027707,19.833332,18.639999
1.028108,19.833332,18.580000
1.028509,19.873333,18.639999
1.028910,19.866667,18.619999
1.029311,19.860001,18.613333
1.029712,19.846666,18.646666
1.030113,19.806665,18.626665
1.030515,19.840000,18.639999
1.030916,19.846666,18.619999
1.031318,19.826666,18.686666
1.031719,19.826666,18.593332
1.032124,19.820000,18.599998
1.032526,19.813332,18.606665
1.032927,19.840000,18.646666
1.033328,19.833332,18.619999
1.033729,19.840000,18.646666
1.034131,19.853333,18.646666
1.034532,19.820000,18.593332
1.034933,19.826666,18.606665
1.035334,19.826666,18.613333
1.035736,19.820000,18.613333
1.036138,19.793333,18.626665
1.036539,19.786665,18.599998
1.036941,19.820000,18.599998
1.037343,19.806665,18.573334
1.037745,19.833332,18.653334
1.038146,19.806665,18.586666
1.038548,19.833332,18.599998
1.038950,19.826666,18.666666
1.039351,19.786665,18.639999
1.039752,19.893333,18.586666
1.040153,19.860001,18.539999
1.040554,19.833332,18.599998
1.040955,19.806665,18.626665
1.041357,19.806665,18.586666
1.041758,19.779999,18.599998
1.042159,19.793333,18.599998
1.042561,19.793333,18.599998
1.042962,19.726667,18.586666
1.043363,19.740000,18.580000
1.043764,19.726667,18.593332
1.044165,19.753334,18.593332
1.044566,19.779999,18.526667
1.044967,19.813332,18.533333
1.045368,19.773333,18.539999
1.045769,19.793333,18.580000
1.046172,19.760000,18.593332
1.046574,19.853333,18.593332
1.046975,19.726667,18.753332
1.047377,19.846666,18.553333
1.047778,19.699999,18.553333
1.048179,19.746666,18.553333
1.048580,19.699999,18.553333
1.048982,19.840000,18.520000
1.049383,19.740000,18.526667
1.049785,19.760000,18.533333
1.050186,19.746666,18.553333
1.050587,19.726667,18.520000
1.050988,19.753334,18.526667
1.051389,19.793333,18.506666
1.051790,19.719999,18.533333
1.052192,19.746666,18.526667
1.052593,19.740000,18.580000
1.052994,19.760000,18.526667
1.053396,19.699999,18.500000
1.053798,19.719999,18.506666
1.054199,19.733334,18.466665
1.054600,19.740000,18.486666
1.055002,19.666666,18.493332
1.055404,19.679998,18.486666
1.055805,19.673332,18.493332
1.056206,19.719999,18.500000
1.056607,19.666666,18.486666
1.057009,19.673332,18.493332
1.057410,19.659998,18.440001
1.057811,19.666666,18.473331
1.058213,19.639999,18.453333
1.058614,19.666666,18.466665
1.059015,19.666666,18.446667
1.059417,19.666666,18.459999
1.059818,19.639999,18.453333
1.060220,19.646666,18.440001
1.060622,19.639999,18.413334
1.061024,19.633333,18.453333
1.061425,19.633333,18.446667
1.061827,19.553333,18.420000
1.062228,19.626667,18.313334
1.062629,19.539999,18.446667
1.063030,19.600000,18.400000
1.063432,19.593332,18.420000
1.063834,19.626667,18.393333
1.064236,19.613333,18.459999
1.064637,19.580000,18.400000
1.065038,19.553333,18.320000
1.065439,19.519999,18.386665
1.065840,19.573334,18.353333
1.066242,19.580000,18.400000
1.066644,19.553333,18.400000
1.067045,19.566666,18.379999
1.067446,19.546665,18.693333
1.067848,19.539999,18.366667
1.068249,19.546665,18.346666
1.068650,19.533333,18.346666
1.069051,19.533333,18.339998
1.069453,19.580000,18.313334
1.069854,19.500000,18.346666
1.070256,19.606667,18.339998
1.070658,19.553333,18.333332
1.071059,19.480000,18.313334
1.071460,19.486668,18.273333
1.071861,19.480000,18.359999
1.072262,19.480000,18.293333
1.072663,19.433332,18.273333
1.073064,19.426666,18.286667
1.073465,19.439999,18.286667
1.073866,19.426666,18.160000
1.074267,19.426666,18.253332
1.074669,19.426666,18.213333
1.075070,19.306665,18.266666
1.075471,19.433332,18.266666
1.075872,19.420000,18.273333
1.076273,19.393332,18.246666
1.076675,19.400000,18.240000
1.077076,19.373333,18.219999
1.077477,19.366667,18.226665
1.077878,19.366667,18.213333
1.078279,19.373333,18.213333
1.078680,19.306665,18.219999
1.079081,19.333334,18.193333
1.079482,19.333334,18.186666
1.079883,19.326666,18.139999
1.080285,19.313334,18.160000
1.080686,19.313334,18.153334
1.081087,19.306665,17.986666
1.081488,19.400000,18.106667
1.081889,19.279999,18.206665
1.082290,19.286665,18.053333
1.082691,19.273333,18.139999
1.083092,19.273333,18.146666
1.083495,19.266666,18.126667
1.083896,19.259998,18.139999
1.084298,19.240000,18.146666
1.084699,19.226667,18.093332
1.085100,19.226667,18.086666
1.085501,19.240000,18.086666
1.085902,19.253332,18.093332
1.086305,19.219999,18.046667
1.086707,19.213333,18.020000
1.087108,19.206667,18.079998
1.087509,19.180000,18.046667
1.087910,19.206667,18.020000
1.088312,19.173332,18.020000
1.088714,19.240000,18.006666
1.089116,19.153332,18.013332
1.089517,19.139999,18.006666
1.089918,19.119999,17.980000
1.090320,19.106667,17.973333
1.090721,19.200001,18.006666
1.091124,19.033333,17.966665
1.091525,19.106667,17.953333
1.091926,19.066666,17.933332
1.092327,19.080000,17.946665
1.092728,19.073334,17.913334
1.093130,19.080000,17.953333
1.093531,19.080000,17.913334
1.093933,19.053333,17.906668
1.094334,19.026667,17.886667
1.094735,19.033333,17.913334
1.095137,19.006666,17.886667
1.095538,19.059999,17.966665
1.095939,19.006666,17.859999
1.096341,18.986666,17.886667
1.096743,18.973333,17.859999
1.097145,18.973333,17.853333
1.097548,18.940001,17.826666
1.097949,18.940001,17.920000
1.098351,18.933332,17.820000
1.098753,18.966667,17.813332
1.099154,18.940001,17.840000
1.099555,18.926666,17.813332
1.099957,18.893333,17.793333
1.100358,18.879999,17.753334
1.100759,18.879999,17.813332
1.101160,18.873333,17.746666
1.101561,18.846666,17.746666
1.101963,18.846666,17.740000
1.102364,18.926666,17.699999
1.102765,18.820000,17.673332
1.103166,18.846666,17.753334
1.103567,18.826666,17.686666
1.103968,18.806667,17.733334
1.104370,18.759998,17.679998
1.104772,18.753332,17.633333
1.105173,18.759998,17.679998
1.105574,18.686666,17.626667
1.105975,18.746666,17.639999
1.106376,18.633333,17.639999
1.106777,18.733332,17.606667
1.107179,18.700001,17.606667
1.107580,18.680000,17.593332
1.107982,18.693333,17.539999
1.108383,18.660000,17.539999
1.108784,18.633333,17.539999
1.109185,18.646666,17.539999
1.109586,18.633333,17.533333
1.109987,18.639999,17.526667
1.110389,18.633333,17.526667
1.110791,18.606665,17.486666
1.111193,18.559999,17.486666
1.111594,18.586666,17.459999
1.111996,18.559999,17.279999
1.112397,18.553333,17.433332
1.112799,18.526667,17.459999
1.113200,18.559999,17.446667
1.113601,18.533333,17.426666
1.114002,18.480000,17.400000
1.114403,18.533333,17.413332
1.114804,18.486666,17.400000
1.115206,18.400000,17.386667
1.115607,18.480000,17.340000
1.116009,18.446667,17.333332
1.116410,18.446667,17.360001
1.116811,18.413334,17.326666
1.117212,18.413334,17.306665
1.117613,18.393333,17.193333
1.118014,18.406666,17.306665
1.118415,18.379999,17.293333
1.118816,18.366667,17.266666
1.119218,18.359999,17.273333
1.119620,18.359999,17.279999
1.120021,18.373333,17.279999
1.120422,18.299999,17.473333
1.120823,18.306667,17.240000
1.121225,18.293333,17.213333
1.121626,18.286667,17.193333
1.122028,18.260000,17.153332
1.122429,18.266666,17.186666
1.122830,18.240000,17.179998
1.123232,18.273333,17.186666
1.123633,18.246666,17.106667
1.124034,18.213333,17.126667
1.124435,18.213333,17.106667
1.124836,18.180000,17.146666
1.125237,18.166666,17.026665
1.125638,18.146666,17.046665
1.126039,18.139999,17.046665
1.126440,18.133333,17.039999
1.126841,18.059999,17.033333
1.127242,18.066666,17.039999
1.127643,18.093332,17.039999
1.128044,18.073332,16.980000
1.128445,18.113333,16.993334
1.128846,18.033333,16.959999
1.129248,18.046667,16.933332
1.129649,18.020000,16.946667
1.130050,18.033333,16.959999
1.130451,18.013332,16.926666
1.130852,17.959999,16.926666
1.131254,17.973333,16.926666
1.131656,17.939999,16.853334
1.132057,17.946665,16.913332
1.132459,17.893333,16.873333
1.132860,17.926666,16.846666
1.133262,17.900000,16.879999
1.133663,17.893333,16.853334
1.134065,17.873333,16.846666
1.134468,17.886667,16.846666
1.134869,17.853333,16.806665
1.135270,17.840000,16.853334
1.135672,17.806665,16.846666
1.136073,17.806665,16.786665
1.136474,17.793333,16.786665
1.136876,17.799999,16.826666
1.137278,17.786667,16.759998
1.137679,17.766666,16.766666
1.138081,17.706665,16.680000
1.138482,17.726665,16.693333
1.138883,17.726665,16.633331
1.139284,17.699999,16.633331
1.139685,17.713333,16.680000
1.140087,17.613333,16.673332
1.140488,17.879999,16.786665
1.140890,17.619999,16.539999
1.141292,17.613333,16.559999
1.141693,17.600000,16.613333
1.142095,17.586666,16.573334
1.142496,17.559999,16.526667
1.142898,17.539999,16.499998
1.143300,17.526667,16.473333
1.143701,17.493334,16.453333
1.144102,17.473333,16.466667
1.144503,17.419998,16.466667
1.144904,17.473333,16.446667
1.145306,17.426666,16.499998
1.145707,17.453333,16.420000
1.146108,17.433332,16.340000
1.146510,17.246666,16.480000
1.146911,17.386667,16.453333
1.147313,17.393333,16.366665
1.147715,17.366667,16.373333
1.148117,17.486666,16.266666
1.148519,17.326666,16.206667
1.148921,17.293333,16.286667
1.149322,17.306665,16.213333
1.149723,17.266666,16.546667
1.150125,17.260000,16.233332
1.150526,17.246666,16.200001
1.150927,17.233334,16.200001
1.151328,17.173332,16.180000
1.151730,17.226667,16.166666
1.152131,17.193333,16.160000
1.152533,17.186666,16.160000
1.152934,17.159998,16.099998
1.153336,17.146666,16.099998
1.153738,17.206667,16.066668
1.154139,17.080000,16.046667
1.154540,17.139999,16.026667
1.154942,17.053333,16.066668
1.155344,16.986668,15.986667
1.155745,17.046665,15.960000
1.156146,17.019999,15.973332
1.156547,16.966667,15.986667
1.156949,16.873333,15.960000
1.157350,16.986668,15.946666
1.157751,16.986668,15.893333
1.158152,16.893332,15.853333
1.158554,16.933332,15.893333
1.158956,16.933332,15.860000
1.159358,16.906666,15.839999
1.159759,16.886665,15.846667
1.160160,16.879999,15.793333
1.160561,16.853334,15.746666
1.160963,16.860001,15.786667
1.161364,16.840000,15.706666
1.161766,16.793333,15.673333
1.162167,16.813334,15.686666
1.162569,16.786665,15.666666
1.162970,16.793333,15.693334
1.163372,16.733334,15.579999
1.163773,16.766666,15.426665
1.164174,16.733334,15.579999
1.164575,16.519999,15.613333
1.164976,16.673332,15.579999
1.165377,16.726667,15.579999
1.165778,16.653332,15.573333
1.166179,16.619999,15.546666
1.166580,16.593334,15.513332
1.166981,16.586666,15.520000
1.167382,16.586666,15.460000
1.167783,16.580000,15.466666
1.168185,16.553333,15.426665
1.168586,16.480000,15.393333
1.168988,16.493332,15.400000
1.169391,16.480000,15.406667
1.169792,16.460001,15.379999
1.170193,16.446667,15.320001
1.170594,16.453333,15.393333
1.170995,16.366665,15.213333
1.171396,16.366665,15.280000
1.171797,16.320000,15.126667
1.172199,16.326666,15.233334
1.172600,16.253332,15.233334
1.173002,16.299999,15.226665
1.173403,16.273333,15.100000
1.173806,16.226665,15.179999
1.174207,16.253332,15.186667
1.174609,16.219999,15.153333
1.175010,16.186666,15.119999
1.175412,16.039999,15.073333
1.175815,16.133333,15.119999
1.176216,16.106665,15.073333
1.176618,16.086666,15.100000
1.177019,16.086666,14.953333
1.177421,16.106665,14.953333
1.177822,16.033333,14.940000
1.178224,16.026667,14.953333
1.178625,16.006666,14.906667
1.179028,15.993333,14.946667
1.179429,15.960000,14.846666
1.179830,15.906666,14.873333
1.180231,15.920000,14.846666
1.180632,15.920000,14.853333
1.181034,15.893333,14.853333
1.181435,15.833333,14.766665
1.181836,15.826667,14.786666
1.182237,15.813333,14.719999
1.182638,16.033333,14.699999
1.183040,15.860000,14.693333
1.183441,15.746666,14.693333
1.183843,15.733333,14.666667
1.184246,15.713334,14.633332
1.184648,15.686666,14.706667
1.185049,15.653334,14.626666
1.185450,15.666666,14.573334
1.185851,15.646666,14.559999
1.186254,15.599999,14.553333
1.186655,15.546666,14.540000
1.187056,15.573333,14.520000
1.187458,15.560000,14.520000
1.187860,15.526667,14.513333
1.188261,15.440000,14.459999
1.188662,15.493332,14.439999
1.189063,15.673333,14.386666
1.189465,15.379999,14.380000
1.189866,15.419999,14.373332
1.190268,15.393333,14.346666
1.190669,15.386667,14.346666
1.191070,15.313333,14.333334
1.191471,15.326667,14.299999
1.191873,15.306666,14.459999
1.192274,15.273333,14.259999
1.192675,15.246666,14.233333
1.193077,15.226665,14.219999
1.193478,15.240000,14.200001
1.193879,15.146667,14.180000
1.194280,15.200000,14.226666
1.194681,15.133333,14.046667
1.195083,15.100000,14.113334
1.195484,15.093332,14.113334
1.195886,15.100000,14.073334
1.196288,14.926667,14.080000
1.196689,15.126667,14.013333
1.197091,14.953333,13.993333
1.197492,14.953333,13.986667
1.197895,14.933333,13.940001
1.198296,15.040000,13.913332
1.198698,14.886666,13.966666
1.199099,14.873333,13.880000
1.199501,14.820000,13.900000
1.199902,14.893332,13.860000
1.200304,14.793334,13.839999
1.200705,14.813333,13.820000
1.201107,14.773334,13.806667
1.201508,14.719999,13.813334
1.201909,14.726667,13.746667
1.202310,14.713333,13.766666
1.202713,14.699999,13.733333
1.203114,14.646667,13.639999
1.203515,14.559999,13.653334
1.203916,14.633332,13.646666
1.204317,14.566666,13.633333
1.204720,14.553333,13.633333
1.205125,14.459999,13.559999
1.205526,14.520000,13.593333
1.205927,14.473333,13.486667
1.206328,14.426666,13.573333
1.206729,14.439999,13.506666
1.207131,14.420000,13.406666
1.207532,14.400001,13.400000
1.207935,14.386666,13.466666
1.208336,14.360000,13.433333
1.208737,14.346666,13.466666
1.209138,14.353333,13.333333
1.209541,14.053333,13.373333
1.209943,14.273334,13.366667
1.210345,14.253333,13.406666
1.210747,14.253333,13.320000
1.211148,14.206667,13.293333
1.211549,14.206667,13.293333
1.211952,14.140000,13.266666
1.212354,14.133332,13.200000
1.212755,14.140000,13.160000
1.213157,14.066666,13.126666
1.213559,14.059999,13.193333
1.213961,14.039999,13.120000
1.214362,14.006667,13.126666
1.214763,14.093333,13.106667
1.215164,13.960000,13.046666
1.215566,13.946667,13.053332
1.215967,13.933332,13.026667
1.216368,13.900000,12.980000
1.216770,13.873334,12.980000
1.217173,13.839999,12.960000
1.217574,13.839999,12.946667
1.217975,13.820000,12.913333
1.218377,13.813334,12.919999
1.218778,13.786667,12.866666
1.219179,13.740001,12.860000
1.219580,13.733333,12.799999
1.219981,13.700000,12.786666
1.220383,13.713332,12.820000
1.220784,13.660000,12.719999
1.221186,13.599999,12.766666
1.221588,13.606666,12.706667
1.221990,13.579999,12.760000
1.222391,13.573333,12.673333
1.222793,13.546667,12.626667
1.223194,13.500000,12.626667
1.223596,13.400000,12.606667
1.223997,13.446666,12.513333
1.224399,13.420000,12.566667
1.224800,13.440000,12.566667
1.225201,13.400000,12.500000
1.225602,13.373333,12.506667
1.226004,13.346667,12.473333
1.226405,13.320000,12.453333
1.226808,13.306666,12.453333
1.227209,13.286667,12.420000
1.227610,13.259999,12.420000
1.228012,13.186666,12.380000
1.228414,13.206666,12.339999
1.228815,13.086667,12.333333
1.229217,13.173333,12.293333
1.229618,13.139999,12.273333
1.230019,13.106667,12.246667
1.230421,13.106667,12.246667
1.230822,13.080000,12.193333
1.231223,13.020000,12.093333
1.231624,13.053332,12.233334
1.232025,12.953333,12.066666
1.232426,12.973333,12.106667
1.232827,13.000000,12.059999
1.233228,12.940000,12.053333
1.233630,12.880000,12.013333
1.234031,12.860000,12.040000
1.234433,12.820000,11.980000
1.234834,12.826667,11.966666
1.235235,12.793333,11.933332
1.235638,12.786666,11.920000
1.236039,12.813334,11.893333
1.236441,12.793333,11.879999
1.236842,12.706667,11.846666
1.237244,12.666666,11.806666
1.237645,12.613333,11.820000
1.238046,12.646667,11.846666
1.238447,12.593333,11.713333
1.238848,12.593333,11.700000
1.239250,12.559999,11.720000
1.239651,12.520000,11.726666
1.240052,12.613333,11.720000
1.240454,12.493333,11.613333
1.240856,12.466666,11.946667
1.241258,12.446667,11.606667
1.241660,12.446667,11.580000
1.242061,12.400000,11.553333
1.242463,12.380000,11.506666
1.242864,12.339999,11.533333
1.243265,12.313334,11.453334
1.243668,12.273333,11.453334
1.244070,12.280000,11.400000
1.244472,12.253333,11.366667
1.244873,12.233334,11.539999
1.245274,12.226666,11.366667
1.245676,12.173333,11.366667
1.246077,12.120000,11.333333
1.246478,12.093333,11.300000
1.246880,12.059999,11.293333
1.247282,12.059999,11.253333
1.247683,11.993333,11.233333
1.248084,11.879999,11.173333
1.248486,11.953333,11.186666
1.248887,11.986667,11.146667
1.249288,11.946667,11.133333
1.249689,11.846666,11.113334
1.250090,11.886666,11.139999
1.250491,11.846666,11.086666
1.250892,11.820000,11.040000
1.251293,11.799999,11.020000
1.251694,11.766666,11.013332
1.252096,11.713333,10.960000
1.252498,11.746666,10.960000
1.252899,11.720000,11.020000
1.253301,11.720000,10.906667
1.253703,11.620000,10.920000
1.254104,11.613333,10.846666
1.254505,11.620000,10.793333
1.254906,11.580000,10.806666
1.255307,11.566667,10.840000
1.255708,11.539999,10.746666
1.256109,11.493333,10.706666
1.256511,11.480000,10.700000
1.256912,11.453334,10.746666
1.257313,11.460000,10.706666
1.257714,11.386666,10.613333
1.258116,11.373333,10.639999
1.258517,11.360000,10.606667
1.258919,11.360000,10.573333
1.259321,11.306666,10.546666
1.259722,11.286666,10.566667
1.260124,11.240000,10.566667
1.260526,11.219999,10.473333
1.260927,11.186666,10.473333
1.261329,11.186666,10.440000
1.261732,11.120000,10.413333
1.262133,11.160000,10.380000
1.262534,11.099999,10.353333
1.262935,11.066667,10.226666
1.263336,11.113334,10.333333
1.263737,11.013332,10.313334
1.264138,11.006666,10.260000
1.264541,11.053333,10.286666
1.264943,10.993334,10.219999
1.265345,10.960000,10.120000
1.265746,10.966666,10.166666
1.266147,10.873333,10.266666
1.266548,10.873333,10.200000
1.266949,10.840000,10.153333
1.267351,10.833333,10.086666
1.267754,10.800000,10.059999
1.268156,10.733334,10.006667
1.268558,10.733334,10.006667
1.268959,10.706666,10.000000
1.269361,10.726666,9.959999
1.269763,10.666667,9.940001
1.270165,10.600000,9.926666
1.270566,10.586667,9.906666
1.270967,10.573333,9.880000
1.271368,10.553332,9.839999
1.271770,10.533334,9.806666
1.272172,10.493333,9.846666
1.272573,10.480000,9.740000
1.272975,10.453333,9.700000
1.273376,10.373333,9.759999
1.273777,10.320000,9.686666
1.274178,10.320000,9.733334
1.274579,10.346666,9.700000
1.274980,10.320000,9.613334
1.275383,10.313334,9.606667
1.275786,10.299999,9.613334
1.276187,10.240000,9.580000
1.276588,10.240000,9.546667
1.276990,10.219999,9.526667
1.277392,10.226666,9.513333
1.277793,10.160000,9.526667
1.278195,10.153333,9.513333
1.278597,10.126667,9.313333
1.278998,10.080000,9.499999
1.279399,10.066667,9.506666
1.279800,10.046666,9.346666
1.280202,10.000000,9.346666
1.280603,9.986667,9.280000
1.281004,9.959999,9.266666
1.281405,9.846666,9.266666
1.281806,9.846666,9.220000
1.282207,9.906666,9.120000
1.282608,9.826666,9.186666
1.283010,9.846666,9.140000
1.283411,9.839999,9.106667
1.283812,9.800000,9.126666
1.284213,9.786667,9.093333
1.284614,9.740000,9.066667
1.285016,9.780000,9.033333
1.285418,9.646667,9.186666
1.285819,9.620000,9.000000
1.286220,9.633333,8.986667
1.286621,9.726666,8.933333
1.287022,9.600000,8.920000
1.287423,9.593333,8.920000
1.287824,9.546667,8.866667
1.288226,9.499999,8.880000
1.288627,9.499999,8.780000
1.289028,9.406667,8.820000
1.289430,9.413333,8.800000
1.289831,9.553333,8.740000
1.290232,9.433332,8.700000
1.290633,9.333333,8.686666
1.291034,9.340000,8.666666
1.291435,9.280000,8.660000
1.291836,9.266666,8.646667
1.292237,9.233333,8.620000
1.292638,9.213333,8.566667
1.293039,9.186666,8.540000
1.293441,9.179999,8.560000
1.293843,9.146667,8.540000
1.294245,9.093333,8.486667
1.294647,9.106667,8.480000
1.295049,9.093333,8.460000
1.295451,9.046666,8.413333
1.295852,8.973332,8.453333
1.296253,9.020000,8.393332
1.296654,8.960000,8.353333
1.297056,8.933333,8.333333
1.297458,8.873333,8.300000
1.297859,8.953334,8.300000
1.298260,8.806666,8.246666
1.298662,8.800000,8.220000
1.299064,8.839999,8.300000
1.299465,8.800000,8.200000
1.299867,8.760000,8.153334
1.300268,8.746667,8.146667
1.300671,8.733333,8.166667
1.301073,8.680000,8.080000
1.301474,8.660000,8.040000
1.301875,8.666666,8.053332
1.302278,8.606667,7.973333
1.302680,8.593333,7.960000
1.303082,8.566667,7.993333
1.303484,8.480000,7.960000
1.303885,8.533333,7.953333
1.304287,8.486667,7.900000
1.304689,8.460000,7.866666
1.305091,8.446666,7.840000
1.305493,8.406667,7.860000
1.305894,8.406667,7.613333
1.306295,8.386666,7.813334
1.306697,8.393332,7.760000
1.307099,8.246666,7.726667
1.307500,8.300000,7.720000
1.307902,8.280000,7.686666
1.308303,8.306666,7.686666
1.308704,8.220000,7.626667
1.309106,8.200000,7.606667
1.309507,8.166667,7.626667
1.309908,8.093333,7.526666
1.310309,8.126666,7.586667
1.310710,8.106667,7.520000
1.311111,8.080000,7.480000
1.311512,8.066667,7.486667
1.311914,8.026667,7.453333
1.312317,8.000000,7.426666
1.312718,7.973333,7.393333
1.313119,7.953333,7.320000
1.313521,7.926667,7.353333
1.313923,7.866666,7.400000
1.314325,7.886666,7.073333
1.314728,7.846667,7.273333
1.315130,7.853333,7.420000
1.315531,7.813334,7.240000
1.315932,7.700000,7.240000
1.316334,7.760000,7.213333
1.316737,7.700000,7.166667
1.317139,7.700000,7.166667
1.317540,7.640000,7.146667
1.317941,7.646666,7.126667
1.318342,7.653333,7.093333
1.318743,7.600000,7.073333
1.319145,7.566667,7.040000
1.319546,7.573333,7.046667
1.319948,7.486667,7.066666
1.320349,7.473333,6.986666
1.320750,7.466667,6.986666
1.321152,7.426666,6.960000
1.321553,7.400000,6.840000
1.321954,7.413333,6.893333
1.322355,7.373333,6.886666
1.322756,7.320000,6.846666
1.323158,7.333333,6.813333
1.323560,7.313333,6.800000
1.323961,7.266667,6.866666
1.324363,7.260000,6.766666
1.324764,7.233334,6.740000
1.325165,7.193333,6.720000
1.325566,7.166667,6.686666
1.325967,7.160000,6.680000
1.326368,7.153333,6.653333
1.326771,7.106667,6.493333
1.327172,7.093333,6.546667
1.327573,7.060000,6.680000
1.327975,7.046667,6.500000
1.328376,7.033333,6.493333
1.328779,6.973333,6.466667
1.329180,6.966666,6.466667
1.329581,6.933333,6.433333
1.329983,6.913333,6.373333
1.330385,6.906667,6.380000
1.330786,6.886666,6.366666
1.331187,6.873333,6.320000
1.331589,6.833333,6.280000
1.331990,6.813333,6.273333
1.332391,6.760000,6.280000
1.332792,6.740000,6.260000
1.333193,6.746666,6.220000
1.333596,6.720000,6.220000
1.333997,6.653333,6.200000
1.334399,6.653333,6.286667
1.334800,6.640000,6.133333
1.335201,6.613333,6.126667
1.335604,6.540000,6.186666
1.336005,6.580000,6.173333
1.336407,6.513333,6.080000
1.336808,6.473333,6.086667
1.337210,6.473333,5.980000
1.337611,6.293333,5.986667
1.338013,6.440000,5.940000
1.338414,6.380000,5.940000
1.338815,6.386667,5.940000
1.339216,6.320000,5.906666
1.339619,6.386667,5.880000
1.340020,6.213333,5.853333
1.340421,6.293333,5.673333
1.340823,6.273333,5.793334
1.341225,6.326666,5.600000
1.341627,6.180000,5.766666
1.342028,6.193333,5.760000
1.342429,6.146667,5.706666
1.342831,6.133333,5.673333
1.343232,6.133333,5.673333
1.343633,6.113333,5.673333
1.344034,6.080000,5.640000
1.344435,6.020000,5.613333
1.344837,6.040000,5.606667
1.345240,5.973333,5.586667
1.345641,6.020000,5.620000
1.346042,5.940000,5.533333
1.346443,5.940000,5.526667
1.346846,5.913333,5.480000
1.347247,5.880000,5.460000
1.347649,5.906666,5.413333
1.348051,5.793334,5.426667
1.348453,5.880000,5.433333
1.348856,5.666667,5.393333
1.349257,5.780000,5.393333
1.349658,5.766666,5.366667
1.350059,5.753333,5.353333
1.350461,5.740000,5.326667
1.350862,5.720000,5.266667
1.351265,5.686666,5.260000
1.351666,5.633333,5.240000
1.352067,5.600000,5.220000
1.352468,5.620000,5.180000
1.352869,5.666667,5.113333
1.353271,5.600000,5.166667
1.353673,5.546667,5.126667
1.354074,5.526667,5.113333
1.354475,5.520000,5.093333
1.354877,5.473333,5.080000
1.355279,5.513333,5.000000
1.355680,5.433333,5.053333
1.356082,5.433333,5.060000
1.356484,5.366667,4.986667
1.356885,5.320000,5.060000
1.357287,5.353333,4.946666
1.357689,5.386667,4.920000
1.358090,5.260000,4.940000
1.358491,5.340000,4.900000
1.358892,5.240000,4.880000
1.359293,5.246666,4.833333
1.359694,5.193333,4.800000
1.360096,5.193333,4.713333
1.360497,5.160000,4.786666
1.360899,5.133333,4.613333
1.361300,5.120000,4.726666
1.361701,5.093333,4.720000
1.362103,5.073333,4.713333
1.362505,5.073333,4.713333
1.362906,5.046667,4.726666
1.363308,4.986667,4.626667
1.363709,4.993333,4.626667
1.364110,4.980000,4.633333
1.364512,4.940000,4.593333
1.364914,4.840000,4.540000
1.365316,4.900000,4.700000
1.365717,4.840000,4.540000
1.366119,4.873333,4.533333
1.366520,4.873333,4.500000
1.366923,4.806667,4.486666
1.367325,4.813333,4.420000
1.367726,4.793333,4.413333
1.368129,4.740000,4.413333
1.368531,4.713333,4.386666
1.368933,4.693333,4.380000
1.369334,4.713333,4.353333
1.369735,4.693333,4.360000
1.370137,4.673333,4.266666
1.370539,4.626667,4.286666
1.370940,4.633333,4.286666
1.371341,4.606667,4.266666
1.371742,4.573333,4.200000
1.372144,4.540000,4.186666
1.372546,4.520000,4.186666
1.372947,4.493333,4.186666
1.373349,4.480000,4.206666
1.373750,4.426666,4.160000
1.374151,4.453333,4.113333
1.374552,4.413333,4.053333
1.374953,4.426666,4.080000
1.375355,4.373333,4.073333
1.375756,4.366666,4.040000
1.376159,4.360000,4.026666
1.376560,4.326666,4.013333
1.376961,4.306667,4.013333
1.377363,4.286666,3.953333
1.377764,4.266666,3.953333
1.378165,4.206666,3.926666
1.378566,4.206666,3.920000
1.378967,4.206666,3.893333
1.379368,4.186666,3.853333
1.379770,4.206666,3.900000
1.380172,4.146667,3.846667
1.380573,4.120000,3.833333
1.380975,4.113333,3.746666
1.381376,4.066667,3.733333
1.381779,4.066667,3.613333
1.382180,4.040000,3.713333
1.382581,4.020000,3.686666
1.382982,3.973333,3.686666
1.383383,3.986666,3.653333
1.383786,3.986666,3.653333
1.384187,3.966667,3.620000
1.384588,3.933333,3.620000
1.384989,3.973333,3.593333
1.385391,3.906667,3.580000
1.385793,3.880000,3.560000
1.386194,3.886667,3.560000
1.386595,3.820000,3.506667
1.386997,3.746666,3.486667
1.387399,3.840000,3.500000
1.387802,3.740000,3.466666
1.388204,3.726667,3.440000
1.388606,3.733333,3.453333
1.389008,3.673333,3.453333
1.389410,3.666667,3.400000
1.389811,3.660000,3.406667
1.390212,3.620000,3.413333
1.390613,3.700000,3.380000
1.391014,3.540000,3.326667
1.391415,3.613333,3.333333
1.391816,3.573333,3.306667
1.392218,3.573333,3.273333
1.392619,3.513333,3.233333
1.393020,3.480000,3.253333
1.393421,3.500000,3.206667
1.393822,3.480000,3.220000
1.394224,3.480000,3.293333
1.394625,3.460000,3.166667
1.395027,3.460000,3.140000
1.395428,3.446667,3.133333
1.395829,3.406667,3.166667
1.396231,3.366667,3.146667
1.396632,3.320000,3.066667
1.397034,3.346666,3.046667
1.397436,3.273333,3.046667
1.397837,3.306667,2.993333
1.398239,3.333333,3.033333
1.398640,3.266667,3.313333
1.399042,3.266667,2.880000
1.399443,3.240000,2.960000
1.399846,3.206667,2.960000
1.400247,3.200000,3.000000
1.400648,3.180000,2.886667
1.401049,3.133333,2.933333
1.401451,3.133333,2.886667
1.401852,3.133333,2.900000
1.402253,3.113333,2.866667
1.402655,3.133333,2.826667
1.403056,3.073333,2.800000
1.403458,3.026667,2.813333
1.403860,3.020000,2.793333
1.404262,3.020000,2.786667
1.404663,3.033333,2.760000
1.405065,3.026667,2.766667
1.405467,2.980000,2.726667
1.405868,2.953333,2.640000
1.406269,2.920000,2.620000
1.406672,2.920000,2.613333
1.407073,2.913333,2.606667
1.407475,2.906667,2.620000
1.407876,2.873333,2.620000
1.408277,2.846667,2.640000
1.408678,2.833333,2.613333
1.409080,2.820000,2.593333
1.409481,2.793333,2.546667
1.409882,2.773333,2.540000
1.410284,2.760000,2.520000
1.410685,2.760000,2.546667
1.411086,2.820000,2.520000
1.411487,2.806667,2.506666
1.411888,2.686666,2.486667
1.412289,2.806667,2.513333
1.412690,2.740000,2.453333
1.413092,2.520000,2.420000
1.413493,2.646667,2.406667
1.413894,2.620000,2.420000
1.414295,2.600000,2.400000
1.414698,2.580000,2.366667
1.415099,2.553333,2.406667
1.415500,2.553333,2.360000
1.415902,2.626667,2.320000
1.416303,2.526667,2.326667
1.416706,2.520000,2.246667
1.417107,2.480000,2.286667
1.417508,2.453333,2.260000
1.417909,2.480000,2.246667
1.418311,2.420000,2.246667
1.418713,2.426666,2.226666
1.419114,2.413333,2.146667
1.419515,2.420000,2.206667
1.419916,2.373333,2.180000
1.420319,2.366667,2.166667
1.420720,2.293333,2.186667
1.421125,2.320000,2.166667
1.421526,2.306667,2.146667
1.421927,2.306667,2.126667
1.422328,2.293333,2.053333
1.422729,2.293333,2.080000
1.423131,2.253333,2.000000
1.423532,2.246667,2.100000
1.423933,2.226666,2.073333
1.424334,2.313333,2.046667
1.424736,2.226666,2.033333
1.425138,2.200000,2.013333
1.425539,2.173333,1.986667
1.425941,2.153333,1.966667
1.426343,2.146667,1.946667
1.426744,2.113333,1.913333
1.427145,2.126667,1.913333
1.427546,2.100000,1.906667
1.427949,2.086667,1.906667
1.428350,2.133333,1.973333
1.428752,1.913333,1.880000
1.429153,2.040000,1.886667
1.429554,2.033333,1.853333
1.429955,1.993333,1.840000
1.430357,2.000000,1.806667
1.430759,1.986667,1.820000
1.431160,2.006667,1.786667
1.431561,1.960000,1.813333
1.431963,1.953333,1.780000
1.432364,1.966667,1.760000
1.432765,1.973333,1.740000
1.433166,1.906667,1.726667
1.433567,1.893333,1.733333
1.433968,1.880000,1.720000
1.434370,1.853333,1.673333
1.434771,1.846667,1.706667
1.435172,1.820000,1.633333
1.435574,1.806667,1.893333
1.435976,1.753333,1.660000
1.436378,1.686667,1.653333
1.436779,1.740000,1.566667
1.437180,1.746667,1.580000
1.437581,1.740000,1.613333
1.437982,1.733333,1.566667
1.438383,1.773333,1.546667
1.438786,1.713333,1.546667
1.439187,1.693333,1.473333
1.439588,1.686667,1.540000
1.439989,1.686667,1.506667
1.440391,1.706667,1.520000
1.440792,1.700000,1.493333
1.441193,1.693333,1.520000
1.441595,1.633333,1.466667
1.441996,1.606667,1.460000
1.442398,1.586667,1.446667
1.442800,1.593333,1.386667
1.443201,1.566667,1.420000
1.443603,1.566667,1.420000
1.444004,1.646667,1.420000
1.444405,1.740000,1.380000
1.444806,1.520000,1.233333
1.445207,1.520000,1.360000
1.445609,1.526667,1.326667
1.446010,1.473333,1.333333
1.446411,1.473333,1.333333
1.446812,1.453333,1.313333
1.447213,1.466667,1.360000
1.447614,1.413333,1.300000
1.448016,1.526667,1.293333
1.448417,1.320000,1.293333
1.448818,1.393333,1.233333
1.449219,1.306667,1.266667
1.449621,1.386667,1.206667
1.450023,1.360000,1.266667
1.450425,1.346667,1.240000
1.450826,1.326667,1.206667
1.451227,1.326667,1.206667
1.451628,1.333333,1.206667
1.452029,1.346667,1.180000
1.452430,1.320000,1.186667
1.452833,1.293333,1.146667
1.453235,1.286667,1.200000
1.453638,1.293333,1.140000
1.454039,1.240000,1.120000
1.454440,1.266667,1.153333
1.454841,1.233333,1.113333
1.455242,1.226667,1.106667
1.455643,1.206667,1.086667
1.456045,1.220000,1.086667
1.456446,1.100000,1.040000
1.456849,1.213333,1.033333
1.457250,1.173333,1.173333
1.457651,1.166667,1.020000
1.458052,1.153333,1.033333
1.458454,1.100000,1.006667
1.458856,1.126667,1.006667
1.459258,1.106667,0.993333
1.459659,1.093333,0.986667
1.460061,1.086667,0.980000
1.460462,1.060000,0.960000
1.460864,1.066667,0.946667
1.461266,1.066667,0.946667
1.461667,1.033333,0.946667
1.462069,1.006667,0.946667
1.462471,1.026667,0.946667
1.462872,1.013333,0.946667
1.463273,1.033333,0.946667
1.463674,1.026667,0.946667
1.464075,0.986667,0.946667
1.464477,0.973333,0.946667
1.464879,0.946667,0.946667
1.465280,0.973333,0.946667
1.465681,0.980000,0.946667
1.466083,0.966667,0.946667
1.466485,0.953333,0.946667
1.466886,0.946667,0.946667
1.467287,0.946667,0.946667
1.467688,0.946667,0.946667
1.468090,0.946667,0.946667
1.468492,0.973333,0.946667
1.468894,0.946667,0.946667
1.469295,0.946667,0.946667
1.469696,0.946667,0.946667
1.470097,0.946667,0.946667
1.470498,0.953333,0.946667
1.470899,0.946667,0.946667
1.471300,0.946667,0.946667
1.471701,0.946667,0.946667
1.472103,0.946667,0.946667
1.472505,0.946667,0.946667
1.472906,0.946667,0.946667
1.473307,0.946667,0.946667
1.473710,0.946667,0.946667
1.474111,0.946667,0.946667
1.474513,0.946667,0.946667
1.474914,0.946667,0.946667
1.475315,0.946667,0.946667
1.475718,0.946667,0.946667
1.476124,0.946667,0.946667
1.476525,0.946667,0.946667
1.476928,0.946667,0.946667
1.477330,0.946667,0.946667
1.477731,0.946667,0.946667
1.478132,0.946667,0.946667
1.478535,0.946667,0.946667
1.478938,0.946667,0.946667
1.479340,0.946667,0.946667
1.479742,0.946667,0.946667
1.480145,0.946667,0.946667
1.480548,0.946667,0.946667
1.480949,0.946667,0.946667
1.481351,0.946667,0.946667
1.481753,0.946667,0.946667
1.482154,0.946667,0.946667
1.482556,0.946667,0.946667
1.482958,0.946667,0.946667
1.483360,0.946667,0.946667
1.483761,0.946667,0.946667
1.484163,0.946667,0.946667
1.484564,0.946667,0.946667
1.484965,0.946667,0.946667
1.485367,0.946667,0.946667
1.485768,0.946667,0.946667
1.486169,0.946667,0.946667
1.486571,0.946667,0.946667
1.486972,0.946667,0.946667
1.487374,0.946667,0.946667
1.487776,0.946667,0.946667
1.488178,0.946667,0.946667
1.488579,0.946667,0.946667
1.488980,0.946667,0.946667
1.489382,0.946667,0.946667
1.489784,0.946667,0.946667
1.490185,0.946667,0.946667
1.490588,0.946667,0.946667
1.490989,0.946667,0.946667
1.491391,0.946667,0.946667
1.491792,0.946667,0.946667
1.492193,0.946667,0.946667
1.492594,0.946667,0.946667
1.492996,0.946667,0.946667
1.493397,0.946667,0.946667
1.493800,0.946667,0.946667
1.494202,0.946667,0.946667
1.494603,0.946667,0.946667
1.495005,0.946667,0.946667
1.495407,0.946667,0.946667
1.495808,0.946667,0.946667
1.496210,0.946667,0.946667
1.496613,0.946667,0.946667
1.497015,0.946667,0.946667
1.497417,0.946667,0.946667
1.497818,0.946667,0.946667
1.498219,0.946667,0.946667
1.498620,0.946667,0.946667
1.499022,0.946667,0.946667
1.499423,0.946667,0.946667
1.499824,0.946667,0.946667
1.500226,0.946667,0.946667
1.500628,0.946667,0.946667
1.501029,0.946667,0.946667
1.501430,0.946667,0.946667
1.501831,0.946667,0.946667
1.502233,0.946667,0.946667
1.502635,0.946667,0.946667
1.503036,0.946667,0.946667
1.503438,0.946667,0.946667
1.503839,0.946667,0.946667
1.504242,0.946667,0.946667
1.504643,0.946667,0.946667
1.505044,0.946667,0.946667
1.505445,0.946667,0.946667
1.505846,0.946667,0.946667
1.506248,0.946667,0.946667
1.506649,0.946667,0.946667
1.507050,0.946667,0.946667
1.507451,0.946667,0.946667
1.507852,0.946667,0.946667
1.508254,0.946667,0.946667
1.508655,0.946667,0.946667
1.509056,0.946667,0.946667
1.509457,0.946667,0.946667
1.509858,0.946667,0.946667
1.510260,0.946667,0.946667
1.510661,0.946667,0.946667
1.511063,0.946667,0.946667
1.511464,0.946667,0.946667
1.511866,0.946667,0.946667
1.512267,0.946667,0.946667
1.512668,0.946667,0.946667
1.513069,0.946667,0.946667
1.513470,0.946667,0.946667
1.513872,0.946667,0.946667
1.514274,0.946667,0.946667
1.514675,0.946667,0.946667
1.515076,0.946667,0.946667
1.515478,0.946667,0.946667
1.515879,0.946667,0.946667
1.516281,0.946667,0.946667
1.516683,0.946667,0.946667
1.517084,0.946667,0.946667
1.517486,0.946667,0.946667
1.517887,0.946667,0.946667
1.518288,0.946667,0.946667
1.518689,0.946667,0.946667
1.519091,0.946667,0.946667
1.519493,0.946667,0.946667
1.519894,0.946667,0.946667
1.520295,0.946667,0.946667
1.520696,0.946667,0.946667
1.521097,0.946667,0.946667
1.521499,0.946667,0.946667
1.521900,0.946667,0.946667
1.522301,0.946667,0.946667
1.522702,0.946667,0.946667
1.523104,0.946667,0.946667
1.523506,0.946667,0.946667
1.523907,0.946667,0.946667
1.524308,0.946667,0.946667
1.524709,0.946667,0.946667
1.525110,0.946667,0.946667
1.525512,0.946667,0.946667
1.525913,0.946667,0.946667
1.526314,0.946667,0.946667
1.526715,0.946667,0.946667
1.527117,0.946667,0.946667
1.527519,0.946667,0.946667
1.527921,0.946667,0.946667
1.528322,0.946667,0.946667
1.528724,0.946667,0.946667
1.529125,0.946667,0.946667
1.529526,0.946667,0.946667
1.529927,0.946667,0.946667
1.530328,0.946667,0.946667
1.530729,0.946667,0.946667
1.531131,0.946667,0.946667
1.531532,0.946667,0.946667
1.531933,0.946667,0.946667
1.532335,0.946667,0.946667
1.532736,0.946667,0.946667
1.533139,0.946667,0.946667
1.533540,0.946667,0.946667
1.533941,0.946667,0.946667
1.534342,0.946667,0.946667
1.534743,0.946667,0.946667
1.535146,0.946667,0.946667
1.535547,0.946667,0.946667
1.535949,0.946667,0.946667
1.536350,0.946667,0.946667
1.536751,0.946667,0.946667
1.537152,0.946667,0.946667
1.537555,0.946667,0.946667
1.537956,0.946667,0.946667
1.538358,0.946667,0.946667
1.538760,0.946667,0.946667
1.539161,0.946667,0.946667
1.539563,0.946667,0.946667
1.539964,0.946667,0.946667
1.540366,0.946667,0.946667
1.540767,0.946667,0.946667
1.541168,0.946667,0.946667
1.541569,0.946667,0.946667
1.541970,0.946667,0.946667
1.542371,0.946667,0.946667
1.542773,0.946667,0.946667
1.543174,0.946667,0.946667
1.543575,0.946667,0.946667
1.543976,0.946667,0.946667
1.544377,0.946667,0.946667
1.544780,0.946667,0.946667
1.545183,0.946667,0.946667
1.545586,0.946667,0.946667
1.545988,0.946667,0.946667
1.546391,0.946667,0.946667
1.546794,0.946667,0.946667
1.547195,0.946667,0.946667
1.547597,0.946667,0.946667
1.547998,0.946667,0.946667
1.548399,0.946667,0.946667
1.548800,0.946667,0.946667
1.549201,0.946667,0.946667
1.549602,0.946667,0.946667
1.550004,0.946667,0.946667
1.550406,0.946667,0.946667
1.550809,0.946667,0.946667
1.551211,0.946667,0.946667
1.551612,0.946667,0.946667
1.552014,0.946667,0.946667
1.552416,0.946667,0.946667
1.552817,0.946667,0.946667
1.553219,0.946667,0.946667
1.553620,0.946667,0.946667
1.554022,0.946667,0.946667
1.554424,0.946667,0.946667
1.554825,0.946667,0.946667
1.555226,0.946667,0.946667
1.555627,0.946667,0.946667
1.556028,0.946667,0.946667
1.556429,0.946667,0.946667
1.556830,0.946667,0.946667
1.557232,0.946667,0.946667
1.557635,0.946667,0.946667
1.558036,0.946667,0.946667
1.558437,0.946667,0.946667
1.558838,0.946667,0.946667
1.559239,0.946667,0.946667
1.559642,0.946667,0.946667
1.560043,0.946667,0.946667
1.560445,0.946667,0.946667
1.560847,0.946667,0.946667
1.561248,0.946667,0.946667
1.561650,0.946667,0.946667
1.562052,0.946667,0.946667
1.562453,0.946667,0.946667
1.562854,0.946667,0.946667
1.563255,0.946667,0.946667
1.563657,0.946667,0.946667
1.564058,0.946667,0.946667
1.564459,0.946667,0.946667
1.564861,0.946667,0.946667
1.565262,0.946667,0.946667
1.565665,0.946667,0.946667
1.566066,0.946667,0.946667
1.566467,0.946667,0.946667
1.566868,0.946667,0.946667
1.567270,0.946667,0.946667
1.567672,0.946667,0.946667
1.568074,0.946667,0.946667
1.568475,0.946667,0.946667
1.568876,0.946667,0.946667
1.569278,0.946667,0.946667
1.569679,0.946667,0.946667
1.570081,0.946667,0.946667
1.570483,0.946667,0.946667
1.570884,0.946667,0.946667
1.571286,0.946667,0.946667
1.571688,0.946667,0.946667
1.572089,0.946667,0.946667
1.572490,0.946667,0.946667
1.572891,0.946667,0.946667
1.573293,0.946667,0.946667
1.573695,0.946667,0.946667
1.574096,0.946667,0.946667
1.574498,0.946667,0.946667
1.574899,0.946667,0.946667
1.575301,0.946667,0.946667
1.575702,0.946667,0.946667
1.576104,0.946667,0.946667
1.576505,0.946667,0.946667
1.576907,0.946667,0.946667
1.577308,0.946667,0.946667
1.577709,0.946667,0.946667
1.578111,0.946667,0.946667
1.578512,0.946667,0.946667
1.578913,1.060000,0.946667
1.579314,0.946667,0.946667
1.579715,0.946667,0.946667
1.580117,0.946667,0.946667
1.580518,0.946667,0.946667
1.580920,0.946667,0.946667
1.581323,0.946667,0.946667
1.581724,0.946667,0.946667
1.582125,0.946667,0.946667
1.582526,0.946667,0.946667
1.582927,0.946667,0.946667
1.583328,0.946667,0.946667
1.583729,0.946667,0.946667
1.584131,0.946667,0.946667
1.584532,0.946667,0.946667
1.584934,0.946667,0.946667
1.585336,0.960000,0.946667
1.585739,0.946667,0.946667
1.586140,0.946667,0.946667
1.586541,0.946667,0.946667
1.586944,0.946667,0.946667
1.587346,0.946667,0.946667
1.587747,0.946667,0.946667
1.588149,0.953333,0.946667
1.588551,0.960000,0.946667
1.588953,0.953333,0.946667
1.589355,0.960000,0.946667
1.589756,0.953333,0.946667
1.590158,0.966667,0.946667
1.590559,1.026667,0.946667
1.590960,1.000000,0.946667
1.591361,0.986667,0.946667
1.591762,1.026667,0.946667
1.592164,1.033333,0.946667
1.592566,1.033333,0.946667
1.592969,1.040000,0.960000
1.593370,1.046667,0.960000
1.593771,1.073333,0.946667
1.594172,1.040000,0.980000
1.594573,1.113333,0.966667
1.594975,1.120000,0.993333
1.595376,1.120000,1.073333
1.595777,1.133333,1.006667
1.596178,1.186667,1.033333
1.596579,1.266667,0.946667
1.596980,1.180000,1.040000
1.597382,1.186667,1.040000
1.597784,1.173333,1.046667
1.598185,1.193333,1.060000
1.598587,1.206667,1.146667
1.598989,1.193333,1.106667
1.599391,1.226667,1.073333
1.599792,1.226667,1.133333
1.600193,1.253333,1.113333
1.600594,1.273333,1.126667
1.600996,1.280000,1.153333
1.601398,1.273333,1.140000
1.601799,1.300000,1.146667
1.602200,1.293333,1.206667
1.602601,1.326667,1.260000
1.603002,1.313333,1.246667
1.603404,1.373333,1.186667
1.603806,1.353333,1.226667
1.604207,1.340000,1.226667
1.604608,1.400000,1.240000
1.605009,1.386667,1.240000
1.605410,1.393333,1.233333
1.605811,1.333333,1.280000
1.606213,1.426667,1.246667
1.606614,1.453333,1.260000
1.607015,1.446667,1.300000
1.607416,1.453333,1.393333
1.607817,1.466667,1.240000
1.608219,1.480000,1.333333
1.608620,1.486667,1.373333
1.609021,1.500000,1.373333
1.609422,1.493333,1.386667
1.609824,1.520000,1.380000
1.610225,1.533333,1.320000
1.610626,1.533333,1.386667
1.611028,1.560000,1.400000
1.611429,1.560000,1.420000
1.611830,1.566667,1.413333
1.612232,1.580000,1.440000
1.612634,1.626667,1.520000
1.613035,1.633333,1.453333
1.613437,1.640000,1.480000
1.613840,1.660000,1.480000
1.614241,1.633333,1.393333
1.614642,1.613333,1.500000
1.615044,1.600000,1.546667
1.615446,1.766667,1.533333
1.615848,1.706667,1.546667
1.616249,1.700000,1.633333
1.616651,1.720000,1.633333
1.617052,1.760000,1.573333
1.617454,1.740000,1.600000
1.617856,1.840000,1.606667
1.618258,1.786667,1.620000
1.618660,1.826667,1.646667
1.619062,1.800000,1.653333
1.619463,1.813333,1.713333
1.619865,1.826667,1.660000
1.620267,1.880000,1.680000
1.620668,1.873333,2.093333
1.621069,1.820000,1.660000
1.621471,1.893333,1.740000
1.621872,1.900000,1.686667
1.622274,1.913333,1.800000
1.622676,1.960000,1.706667
1.623077,1.893333,1.820000
1.623478,1.953333,1.613333
1.623880,2.046667,1.926667
1.624282,2.000000,1.853333
1.624684,1.980000,1.813333
1.625085,2.006667,1.846667
1.625486,2.033333,1.846667
1.625888,2.073333,1.860000
1.626291,2.060000,1.860000
1.626694,2.080000,1.906667
1.627096,2.106667,1.960000
1.627498,2.106667,1.913333
1.627899,2.120000,1.940000
1.628300,2.120000,1.840000
1.628701,2.126667,1.980000
1.629103,2.173333,2.000000
1.629505,2.173333,2.000000
1.629906,2.213333,1.906667
1.630307,2.213333,1.906667
1.630710,2.226666,2.000000
1.631111,2.226666,2.026667
1.631512,2.246667,2.086667
1.631913,2.266667,2.113333
1.632314,2.280000,2.086667
1.632716,2.246667,2.140000
1.633117,2.366667,2.120000
1.633519,2.326667,2.120000
1.633920,2.353333,2.126667
1.634323,2.353333,2.153333
1.634724,2.373333,2.180000
1.635125,2.386667,2.126667
1.635526,2.380000,2.033333
1.635927,2.393333,2.220000
1.636328,2.426666,2.233333
1.636730,2.540000,2.260000
1.637131,2.466667,2.280000
1.637532,2.500000,2.280000
1.637933,2.506666,2.273333
1.638334,2.513333,2.333333
1.638735,2.533333,2.306667
1.639137,2.553333,2.346667
1.639538,2.546667,2.366667
1.639939,2.580000,2.380000
1.640341,2.606667,2.493333
1.640742,2.593333,2.426666
1.641144,2.640000,2.433333
1.641545,2.646667,2.406667
1.641946,2.673333,2.466667
1.642348,2.673333,2.433333
1.642750,2.700000,2.346667
1.643152,2.693333,2.473333
1.643553,2.726667,2.473333
1.643954,2.766667,2.520000
1.644355,2.773333,2.533333
1.644756,2.780000,2.553333
1.645158,2.786667,2.580000
1.645559,2.753333,2.613333
1.645961,2.826667,2.580000
1.646363,2.853333,2.613333
1.646765,2.766667,2.613333
1.647166,2.866667,2.626667
1.647567,2.926667,2.673333
1.647970,2.900000,2.673333
1.648372,2.940000,2.613333
1.648774,3.100000,2.713333
1.649175,2.980000,2.820000
1.649577,2.880000,2.766667
1.649978,2.993333,2.733333
1.650380,3.066667,2.780000
1.650781,3.033333,2.786667
1.651183,3.040000,2.800000
1.651586,3.073333,2.806667
1.651987,3.073333,2.840000
1.652389,3.100000,2.860000
1.652790,3.113333,2.860000
1.653191,3.113333,2.880000
1.653592,3.166667,2.933333
1.653993,3.180000,2.926667
1.654395,3.180000,2.940000
1.654796,3.200000,2.960000
1.655198,3.180000,2.966666
1.655599,3.246666,2.966666
1.656001,3.233333,2.933333
1.656402,3.266667,3.013333
1.656805,3.306667,2.973333
1.657206,3.306667,3.053333
1.657607,3.353333,3.113333
1.658009,3.413333,3.053333
1.658411,3.346666,3.113333
1.658812,3.400000,3.133333
1.659213,3.400000,3.133333
1.659614,3.406667,3.146667
1.660016,3.413333,3.153333
1.660417,3.646667,3.193333
1.660820,3.453333,3.193333
1.661221,3.480000,3.286667
1.661622,3.506667,3.206667
1.662023,3.533333,3.260000
1.662424,3.553333,3.293333
1.662827,3.553333,3.240000
1.663229,3.580000,3.313333
1.663630,3.606667,3.306667
1.664032,3.633333,3.340000
1.664433,3.640000,3.360000
1.664834,3.560000,3.280000
1.665235,3.660000,3.406667
1.665637,3.726667,3.413333
1.666038,3.720000,3.406667
1.666440,3.733333,3.406667
1.666843,3.740000,3.460000
1.667245,3.806666,3.486667
1.667648,3.833333,3.446667
1.668049,3.840000,3.480000
1.668450,3.866667,3.480000
1.668852,3.853333,3.580000
1.669253,3.873333,3.593333
1.669656,3.933333,3.606667
1.670057,3.946667,3.593333
1.670459,3.953333,3.600000
1.670860,4.013333,3.653333
1.671261,4.013333,3.660000
1.671662,3.960000,3.593333
1.672063,4.040000,3.666667
1.672464,4.033333,3.746666
1.672866,4.080000,3.746666
1.673267,4.100000,3.726667
1.673668,4.100000,3.900000
1.674069,4.106667,3.746666
1.674471,4.146667,3.833333
1.674872,4.186666,3.833333
1.675273,4.193333,3.840000
1.675674,4.200000,3.873333
1.676077,4.240000,3.893333
1.676478,4.233333,3.926666
1.676879,4.333333,3.940000
1.677280,4.266666,3.960000
1.677683,4.326666,3.986666
1.678084,4.360000,4.020000
1.678485,4.286666,4.020000
1.678886,4.360000,4.013333
1.679288,4.420000,4.046667
1.679689,4.393333,4.080000
1.680091,4.426666,4.073333
1.680493,4.446667,4.086667
1.680895,4.453333,4.140000
1.681298,4.413333,4.180000
1.681699,4.553333,4.180000
1.682101,4.640000,4.186666
1.682503,4.553333,4.293333
1.682904,4.560000,4.126667
1.683306,4.526667,4.273333
1.683708,4.600000,4.353333
1.684109,4.640000,4.293333
1.684511,4.653333,4.340000
1.684912,4.700000,4.313334
1.685314,4.700000,4.333333
1.685715,4.713333,4.360000
1.686116,4.733333,4.386666
1.686517,4.786666,4.386666
1.686918,4.773334,4.420000
1.687320,4.846666,4.453333
1.687721,4.800000,4.446667
1.688124,4.846666,4.493333
1.688525,4.886666,4.500000
1.688926,4.860000,4.500000
1.689328,4.900000,4.520000
1.689730,4.966667,4.540000
1.690132,4.953333,4.513333
1.690533,4.933333,4.620000
1.690934,4.953333,4.606667
1.691335,4.986667,4.626667
1.691736,5.013333,4.653333
1.692138,5.060000,4.660000
1.692539,5.060000,4.693333
1.692940,5.106667,4.720000
1.693341,5.166667,4.713333
1.693742,5.186666,4.786666
1.694144,5.140000,4.806667
1.694546,5.200000,4.800000
1.694948,5.226666,4.813333
1.695349,5.226666,5.286666
1.695750,5.193333,4.760000
1.696151,5.286666,4.786666
1.696553,5.173333,4.886666
1.696954,5.286666,4.920000
1.697355,5.300000,5.000000
1.697756,5.366667,4.940000
1.698158,5.380000,4.993333
1.698559,5.373333,5.060000
1.698961,5.440000,4.966667
1.699362,5.500000,5.060000
1.699764,5.453333,5.086667
1.700165,5.393333,5.093333
1.700566,5.520000,5.093333
1.700967,5.466667,5.120000
1.701369,5.546667,5.140000
1.701770,5.593333,5.073333
1.702172,5.586667,5.213333
1.702573,5.586667,5.206666
1.702975,5.653333,5.366667
1.703377,5.660000,5.253333
1.703778,5.706666,5.273333
1.704179,5.720000,5.506666
1.704580,5.793334,5.320000
1.704982,5.766666,5.340000
1.705383,5.773333,5.340000
1.705784,5.806666,5.406666
1.706185,5.820000,5.406666
1.706586,5.800000,5.413333
1.706987,5.893333,5.426667
1.707389,5.866666,5.486667
1.707791,5.913333,5.513333
1.708193,5.846666,5.513333
1.708594,5.940000,5.566667
1.708996,5.973333,5.526667
1.709398,6.006667,5.553333
1.709799,6.060000,5.600000
1.710200,6.066667,5.573333
1.710602,6.080000,5.426667
1.711004,6.073333,5.660000
1.711406,6.113333,5.673333
1.711807,6.113333,5.713333
1.712208,6.153333,5.746666
1.712610,6.193333,5.760000
1.713011,6.206666,5.760000
1.713412,6.226666,5.766666
1.713814,6.273333,5.800000
1.714215,6.286667,5.800000
1.714616,6.300000,5.846666
1.715017,6.366666,5.853333
1.715419,6.320000,5.853333
1.715820,6.413333,5.920000
1.716221,6.380000,5.920000
1.716622,6.400000,5.980000
1.717023,6.440000,5.873333
1.717425,6.473333,6.020000
1.717826,6.473333,6.026667
1.718227,6.500000,6.053333
1.718628,6.513333,6.113333
1.719029,6.580000,6.106667
1.719430,6.593333,6.113333
1.719831,6.640000,6.126667
1.720233,6.700000,6.120000
1.720634,6.726666,6.233333
1.721035,6.713333,6.186666
1.721438,6.786666,6.213333
1.721839,6.813333,6.240000
1.722241,6.793334,6.200000
1.722643,6.800000,6.286667
1.723045,6.826667,6.286667
1.723446,6.826667,6.280000
1.723847,6.860000,6.346667
1.724248,6.913333,6.500000
1.724649,6.940000,6.386667
1.725051,6.933333,6.326666
1.725452,6.940000,6.466667
1.725855,6.986666,6.466667
1.726256,7.013333,6.493333
1.726657,7.020000,6.500000
1.727058,7.066666,6.546667
1.727460,7.066666,6.546667
1.727861,7.126667,6.633333
1.728263,7.140000,6.640000
1.728664,7.166667,6.646667
1.729065,7.173333,6.713333
1.729466,7.133334,6.673334
1.729867,7.226666,6.486667
1.730268,7.060000,6.740000
1.730669,7.300000,6.780000
1.731070,7.326666,6.800000
1.731471,7.320000,6.800000
1.731872,7.340000,6.893333
1.732274,7.393333,6.920000
1.732675,7.486667,6.813333
1.733077,7.460000,6.986666
1.733479,7.440000,6.940000
1.733882,7.486667,6.940000
1.734283,7.506667,6.933333
1.734684,7.513333,6.986666
1.735086,7.546666,6.986666
1.735487,7.573333,7.000000
1.735890,7.613333,7.020000
1.736292,7.526666,7.093333
1.736693,7.679999,7.166667
1.737094,7.673333,7.173333
1.737495,7.679999,7.140000
1.737897,7.660000,6.900000
1.738299,7.713333,7.166667
1.738700,7.766666,7.386667
1.739102,7.766666,7.246666
1.739503,7.813334,7.253334
1.739904,7.920000,7.313333
1.740306,7.833333,7.320000
1.740708,7.873333,7.326666
1.741110,7.926667,7.426666
1.741512,8.000000,7.386667
1.741913,7.966667,7.420000
1.742314,8.000000,7.413333
1.742715,8.000000,7.446666
1.743116,8.040000,7.493333
1.743517,8.013333,7.506667
1.743919,8.080000,7.506667
1.744320,8.100000,7.520000
1.744721,8.139999,7.566667
1.745124,8.186666,7.686666
1.745525,8.206666,7.686666
1.745926,8.220000,7.540000
1.746328,8.253333,7.660000
1.746729,8.206666,7.640000
1.747131,8.273334,7.753333
1.747532,8.366667,7.833333
1.747934,8.333333,7.760000
1.748335,8.413333,7.793334
1.748736,8.366667,7.793334
1.749139,8.393332,7.846667
1.749540,8.426667,7.866666
1.749941,8.480000,7.866666
1.750342,8.473333,7.906666
1.750743,8.460000,7.906666
1.751144,8.540000,7.926667
1.751546,8.533333,7.966667
1.751947,8.573333,7.973333
1.752350,8.593333,7.880000
1.752751,8.653333,8.046666
1.753152,8.646667,8.053332
1.753553,8.673333,8.113333
1.753954,8.706666,8.120000
1.754355,8.753333,8.120000
1.754757,8.766666,8.160000
1.755158,8.773333,8.166667
1.755559,8.800000,8.200000
1.755960,8.820000,8.213333
1.756361,8.820000,8.133333
1.756762,8.913333,8.333333
1.757164,8.960000,8.306666
1.757566,8.806666,8.306666
1.757967,8.966666,8.240000
1.758368,8.906666,8.386666
1.758770,9.000000,8.360000
1.759172,9.033333,8.453333
1.759573,9.066667,8.460000
1.759974,9.086667,8.426667
1.760375,9.093333,8.653333
1.760777,9.206667,8.400000
1.761179,9.166666,8.553333
1.761580,9.166666,8.420000
1.761982,9.260000,8.566667
1.762384,9.226666,8.593333
1.762785,9.260000,8.573333
1.763186,9.266666,8.633333
1.763587,9.246666,8.686666
1.763988,9.400000,8.646667
1.764389,9.406667,8.700000
1.764790,9.346666,8.713333
1.765192,9.346666,8.760000
1.765593,9.460000,8.800000
1.765995,9.486667,8.793333
1.766396,9.426666,8.820000
1.766797,9.566666,8.833333
1.767199,9.546667,8.886666
1.767600,9.559999,8.940000
1.768001,9.626666,8.886666
1.768403,9.626666,8.966666
1.768804,9.706666,8.973332
1.769206,9.626666,9.053333
1.769607,9.633333,9.033333
1.770009,9.733334,9.066667
1.770411,9.766666,9.106667
1.770812,9.786667,9.186666
1.771213,9.806666,9.106667
1.771615,9.853333,9.146667
1.772017,9.826666,9.186666
1.772418,9.886666,9.186666
1.772821,9.893332,9.186666
1.773222,9.933333,9.340000
1.773624,10.000000,9.260000
1.774025,9.966666,9.153334
1.774426,10.006667,9.280000
1.774828,10.073334,9.326667
1.775229,10.066667,9.326667
1.775630,10.073334,9.346666
1.776031,10.133333,9.346666
1.776432,10.133333,9.446667
1.776833,10.140000,9.466666
1.777235,10.173333,9.493333
1.777638,10.206667,9.533333
1.778039,10.246666,9.553333
1.778441,10.280000,9.606667
1.778842,10.299999,9.340000
1.779244,10.306666,9.613334
1.779645,10.333333,9.620000
1.780048,10.246666,9.646667
1.780450,10.346666,9.740000
1.780851,10.406667,9.706666
1.781254,10.433333,9.733334
1.781655,10.480000,9.766666
1.782057,10.493333,9.706666
1.782459,10.453333,9.793333
1.782860,10.533334,9.820000
1.783261,10.440000,9.860000
1.783663,10.559999,9.839999
1.784064,10.633333,9.880000
1.784466,10.633333,9.920000
1.784867,10.660000,9.953333
1.785269,10.606667,9.886666
1.785670,10.600000,9.980000
1.786071,10.740000,9.866667
1.786472,10.740000,9.966666
1.786873,10.773334,10.106667
1.787274,10.860000,10.093333
1.787675,10.906667,10.140000
1.788077,10.853333,10.140000
1.788478,10.900000,10.140000
1.788879,10.906667,10.179999
1.789280,10.873333,10.193334
1.789681,10.920000,10.233333
1.790083,10.986667,10.246666
1.790484,11.013332,10.286666
1.790885,11.099999,10.413333
1.791287,11.033333,10.353333
1.791688,11.079999,10.353333
1.792089,11.093333,10.373333
1.792490,11.146667,10.380000
1.792893,11.173333,10.400000
1.793294,11.193334,10.440000
1.793696,11.213333,10.473333
1.794098,11.219999,10.473333
1.794500,11.293333,10.500000
1.794902,11.293333,10.520000
1.795303,11.353333,10.573333
1.795706,11.286666,10.553332
1.796108,11.333333,10.606667
1.796509,11.366667,10.593333
1.796910,11.373333,10.633333
1.797312,11.426666,10.666667
1.797713,11.426666,10.759999
1.798115,11.466666,10.740000
1.798516,11.533333,10.720000
1.798917,11.506666,10.686666
1.799318,11.406666,10.840000
1.799719,11.593333,10.820000
1.800125,11.566667,10.846666
1.800526,11.620000,11.033333
1.800928,11.599999,10.873333
1.801329,11.679999,10.933333
1.801731,11.679999,10.933333
1.802132,11.713333,10.960000
1.802535,11.746666,11.020000
1.802936,11.793333,11.120000
1.803338,11.799999,10.840000
1.803739,11.820000,11.073333
1.804140,11.866666,11.053333
1.804541,11.966666,11.113334
1.804942,11.920000,11.113334
1.805343,11.913333,11.113334
1.805745,12.046667,11.146667
1.806147,11.933332,11.193334
1.806548,11.999999,11.186666
1.806949,12.033333,11.206666
1.807352,12.046667,11.193334
1.807753,11.986667,11.306666
1.808154,12.240000,11.300000
1.808555,12.066666,11.260000
1.808958,12.139999,11.380000
1.809359,12.206666,11.366667
1.809760,12.219999,11.373333
1.810161,12.246667,11.426666
1.810563,12.259999,11.420000
1.810966,12.280000,11.453334
1.811367,12.346666,11.539999
1.811768,12.393332,11.493333
1.812170,12.360000,11.526667
1.812571,12.406666,11.539999
1.812973,12.420000,11.580000
1.813374,12.440001,11.593333
1.813776,12.486667,11.820000
1.814178,12.453333,11.640000
1.814579,12.500000,11.653334
1.814980,12.486667,11.686666
1.815381,12.453333,11.713333
1.815783,12.553333,11.726666
1.816185,12.533333,11.720000
1.816586,12.606667,11.720000
1.816988,12.666666,11.786667
1.817389,12.686666,11.806666
1.817790,12.700000,11.820000
1.818193,12.746666,11.886666
1.818594,12.760000,11.886666
1.818995,12.766666,11.906667
1.819396,12.806666,11.793333
1.819797,12.813334,11.933332
1.820198,12.893333,11.986667
1.820599,12.913333,12.066666
1.821001,12.886666,12.059999
1.821402,12.933333,12.066666
1.821803,12.946667,12.059999
1.822205,13.120000,12.066666
1.822607,13.006666,12.106667
1.823009,12.973333,12.093333
1.823410,13.080000,12.153333
1.823811,13.046666,12.206666
1.824212,13.166667,12.246667
1.824613,13.120000,12.226666
1.825015,13.113333,12.273333
1.825416,13.160000,12.313334
1.825818,13.166667,12.333333
1.826219,13.233334,12.386666
1.826621,13.220000,12.346666
1.827022,13.273334,12.406666
1.827423,13.280000,12.380000
1.827824,13.273334,12.426666
1.828226,13.333333,12.313334
1.828627,13.346667,12.506667
1.829029,13.373333,12.493333
1.829431,13.413334,12.533333
1.829832,13.446666,12.546666
1.830233,13.460000,12.586666
1.830634,13.480000,12.606667
1.831036,13.480000,12.626667
1.831437,13.473332,12.633333
1.831838,13.520000,12.706667
1.832239,13.573333,12.620000
1.832641,13.593333,12.620000
1.833043,13.639999,12.733333
1.833445,13.646666,12.760000
1.833847,13.653334,12.766666
1.834249,13.660000,12.826667
1.834650,13.720000,12.786666
1.835052,13.726666,12.880000
1.835453,13.773333,12.860000
1.835855,13.806667,12.873333
1.836257,13.806667,12.926666
1.836658,13.820000,12.946667
1.837059,13.826666,12.946667
1.837461,13.860000,12.946667
1.837862,13.873334,12.946667
1.838264,13.906666,13.006666
1.838665,13.906666,13.013333
1.839067,13.973332,13.040000
1.839469,14.046667,13.106667
1.839871,13.999999,13.120000
1.840272,14.073334,13.120000
1.840675,14.053333,13.120000
1.841077,14.066666,13.133333
1.841478,14.086666,13.200000
1.841879,14.113334,13.213333
1.842280,14.126666,13.206666
1.842681,14.166666,13.246666
1.843083,14.173332,13.286667
1.843484,14.193333,13.286667
1.843885,14.219999,13.293333
1.844287,14.246667,13.313333
1.844688,14.253333,13.333333
1.845089,14.306665,13.386665
1.845491,14.320000,13.406666
1.845893,14.333334,13.406666
1.846294,14.380000,13.440000
1.846695,14.439999,13.466666
1.847096,14.426666,13.466666
1.847497,14.420000,13.500000
1.847900,14.459999,13.486667
1.848301,14.446667,13.506666
1.848703,14.493333,13.573333
1.849104,14.433332,13.573333
1.849506,14.600000,13.693333
1.849909,14.606667,13.633333
1.850312,14.580000,13.646666
1.850714,14.600000,13.646666
1.851115,14.646667,13.660000
1.851516,14.679999,13.726666
1.851918,14.606667,13.713332
1.852320,14.693333,13.746667
1.852721,14.706667,13.759999
1.853125,14.733334,13.806667
1.853526,14.840000,13.820000
1.853927,14.813333,13.559999
1.854328,14.800000,13.853333
1.854729,14.860001,13.846665
1.855131,14.873333,13.893333
1.855532,14.866667,13.906666
1.855935,14.893332,13.926666
1.856336,14.940000,14.020000
1.856738,14.946667,13.966666
1.857139,14.926667,13.979999
1.857540,15.093332,13.993333
1.857941,15.139999,13.993333
1.858343,15.033334,14.073334
1.858745,15.020000,14.053333
1.859146,15.020000,14.106666
1.859547,15.026666,14.093333
1.859948,15.126667,14.226666
1.860349,15.206666,14.173332
1.860751,15.219999,14.206667
1.861152,15.213333,14.246667
1.861553,15.233334,14.233333
1.861954,15.266666,14.206667
1.862355,15.246666,14.166666
1.862756,15.280000,14.180000
1.863158,15.306666,14.246667
1.863559,15.366667,14.326666
1.863962,15.386667,14.380000
1.864363,15.379999,14.353333
1.864764,15.393333,14.346666
1.865165,15.440000,14.493333
1.865566,15.446666,14.293333
1.865969,15.473333,14.373332
1.866370,15.626667,14.459999
1.866771,15.526667,14.513333
1.867173,15.540000,14.473333
1.867574,15.560000,14.420000
1.867975,15.553332,14.413333
1.868377,15.586667,14.593332
1.868778,15.646666,14.593332
1.869179,15.660000,14.600000
1.869580,15.686666,14.600000
1.869982,15.679999,14.659999
1.870383,15.633333,14.640000
1.870785,15.720000,14.693333
1.871186,15.746666,14.693333
1.871587,15.760000,14.693333
1.871988,15.799999,14.706667
1.872389,15.826667,14.753333
1.872792,15.813333,14.753333
1.873193,15.879999,14.766665
1.873594,15.819999,14.786666
1.873995,15.866667,14.806666
1.874396,16.053333,14.853333
1.874798,15.893333,14.873333
1.875200,15.913334,14.906667
1.875601,16.006666,14.880000
1.876002,16.033333,14.919999
1.876403,16.046667,14.953333
1.876805,16.059999,14.953333
1.877206,16.059999,14.953333
1.877607,16.059999,14.953333
1.878009,16.126665,15.060000
1.878410,16.119999,14.953333
1.878812,16.139999,14.953333
1.879213,16.106665,14.953333
1.879614,16.166666,15.153333
1.880015,16.193333,15.126667
1.880417,16.253332,15.173333
1.880820,16.233332,15.159999
1.881221,16.273333,15.260000
1.881622,16.340000,15.219999
1.882024,16.320000,15.246666
1.882425,16.366665,15.280000
1.882826,16.299999,15.266666
1.883227,16.366665,15.306666
1.883629,16.393333,15.366667
1.884030,16.433332,15.306666
1.884431,16.433332,15.306666
1.884832,16.413332,15.366667
1.885234,16.466667,15.393333
1.885636,16.499998,15.393333
1.886037,16.533333,15.446666
1.886438,16.553333,15.406667
1.886839,16.573334,15.486666
1.887241,16.586666,15.366667
1.887643,16.586666,15.480000
1.888044,16.573334,15.520000
1.888445,16.619999,15.506666
1.888846,16.626665,15.560000
1.889247,16.706667,15.546666
1.889649,16.726667,15.280000
1.890050,16.706667,15.646666
1.890451,16.753332,15.520000
1.890852,16.773333,15.633333
1.891253,16.773333,15.633333
1.891654,16.779999,15.720000
1.892055,16.773333,15.673333
1.892456,16.806665,15.700000
1.892857,16.813334,15.773333
1.893259,16.840000,15.746666
1.893660,16.840000,15.720000
1.894062,16.860001,15.786667
1.894464,16.886665,15.806666
1.894865,16.900000,15.833333
1.895267,16.873333,15.793333
1.895668,16.906666,15.846667
1.896069,16.873333,15.920000
1.896471,16.953333,15.886665
1.896872,16.966667,15.886665
1.897274,16.980000,15.980000
1.897675,17.000000,15.940000
1.898076,16.920000,15.960000
1.898477,17.166666,15.986667
1.898878,16.966667,15.986667
1.899280,17.026665,16.000000
1.899681,17.013332,15.993333
1.900083,17.193333,16.073334
1.900484,17.126667,16.086666
1.900887,17.139999,16.066668
1.901289,17.146666,16.099998
1.901690,17.166666,16.099998
1.902092,17.199999,16.126665
1.902493,17.120001,16.160000
1.902894,17.193333,16.146666
1.903295,17.213333,16.166666
1.903696,17.240000,16.180000
1.904097,17.279999,16.306667
1.904499,17.253334,16.219999
1.904901,17.279999,16.253332
1.905303,17.313332,16.279999
1.905706,17.266666,16.286667
1.906107,17.333332,16.286667
1.906509,17.340000,16.279999
1.906911,17.400000,16.320000
1.907313,17.373333,16.346666
1.907714,17.400000,16.446667
1.908116,17.233334,16.393333
1.908517,17.433332,16.420000
1.908918,17.466665,16.433332
1.909320,17.559999,16.433332
1.909722,17.459999,16.453333
1.910125,17.473333,16.440001
1.910527,17.546665,16.326666
1.910929,17.419998,16.499998
1.911331,17.546665,16.519999
1.911732,17.500000,16.506666
1.912134,17.553331,16.559999
1.912536,17.600000,16.566666
1.912938,17.613333,16.586666
1.913339,17.639999,16.573334
1.913741,17.633333,16.600000
1.914144,17.639999,16.619999
1.914545,17.679998,16.639999
1.914946,17.693333,16.673332
1.915347,17.719999,16.773333
1.915749,17.740000,16.680000
1.916151,17.746666,16.680000
1.916553,17.740000,16.726667
1.916954,17.846666,16.726667
1.917355,17.766666,16.733334
1.917756,17.719999,16.786665
1.918158,17.753334,16.786665
1.918561,17.813332,16.773333
1.918962,17.820000,16.799999
1.919363,17.833332,16.786665
1.919764,17.846666,16.860001
1.920165,17.879999,16.873333
1.920567,17.859999,16.820000
1.920968,17.879999,16.860001
1.921370,17.679998,16.866667
1.921773,17.906668,16.860001
1.922174,17.933332,16.886665
1.922576,17.926666,16.860001
1.922977,17.953333,16.900000
1.923379,17.973333,16.920000
1.923780,17.980000,17.000000
1.924181,18.013332,16.920000
1.924582,18.040001,16.920000
1.924983,17.959999,16.920000
1.925384,18.026667,16.946667
1.925785,17.980000,16.906666
1.926186,18.066666,16.993334
1.926587,18.079998,16.993334
1.926989,18.099998,17.053333
1.927391,18.146666,16.993334
1.927793,18.086666,17.039999
1.928194,18.113333,17.039999
1.928595,18.146666,17.066666
1.928996,18.153334,17.066666
1.929398,18.133333,17.093332
1.929800,18.180000,17.066666
1.930201,18.206665,17.146666
1.930602,18.186666,17.486666
1.931004,18.219999,17.153332
1.931405,18.293333,17.186666
1.931806,18.266666,17.073334
1.932208,18.273333,17.186666
1.932610,18.353333,17.173332
1.933012,18.280001,17.193333
1.933413,18.280001,17.240000
1.933814,18.320000,17.213333
1.934215,18.339998,17.260000
1.934617,18.339998,17.273333
1.935018,18.313334,17.266666
1.935420,18.386665,17.266666
1.935821,18.379999,17.286665
1.936222,18.379999,17.279999
1.936623,18.386665,17.306665
1.937024,18.393333,17.326666
1.937426,18.446667,17.293333
1.937827,18.386665,17.333332
1.938228,18.446667,17.346666
1.938630,18.459999,17.386667
1.939031,18.446667,17.186666
1.939433,18.480000,17.360001
1.939834,18.500000,17.366667
1.940236,18.473331,17.406666
1.940638,18.526667,17.413332
1.941039,18.533333,17.446667
1.941440,18.486666,17.459999
1.941842,18.573334,17.453333
1.942244,18.586666,17.486666
1.942645,18.580000,17.466665
1.943046,18.586666,17.473333
1.943448,18.580000,17.473333
1.943850,18.606665,17.446667
1.944252,18.613333,17.400000
1.944655,18.626665,17.526667
1.945056,18.646666,17.533333
1.945457,18.666666,17.539999
1.945858,18.680000,17.653334
1.946260,18.660000,17.539999
1.946662,18.680000,17.619999
1.947063,18.639999,17.613333
1.947465,18.706667,17.506666
1.947866,18.719999,17.619999
1.948267,18.726665,17.639999
1.948668,18.759998,17.619999
1.949069,18.693333,17.660000
1.949470,18.680000,17.673332
1.949872,18.773333,17.906668
1.950274,18.766666,17.666666
1.950675,18.799999,17.699999
1.951076,18.793333,17.679998
1.951477,18.813334,17.733334
1.951878,18.826666,17.746666
1.952280,18.793333,17.740000
1.952681,18.846666,17.740000
1.953083,18.833334,17.746666
1.953484,18.873333,17.500000
1.953885,18.879999,17.760000
1.954286,18.846666,17.786667
1.954688,18.879999,17.760000
1.955089,18.906666,17.793333
1.955490,18.920000,17.806665
1.955891,18.926666,17.859999
1.956293,18.966667,17.826666
1.956694,18.966667,17.719999
1.957096,18.973333,17.873333
1.957498,18.980000,17.879999
1.957899,18.973333,17.813332
1.958300,18.986666,17.733334
1.958701,18.999998,17.859999
1.959102,18.966667,17.886667
1.959503,19.013332,17.886667
1.959904,19.026667,17.886667
1.960306,19.019999,17.920000
1.960707,19.026667,17.939999
1.961108,19.053333,17.886667
1.961509,19.073334,17.939999
1.961910,19.086666,17.959999
1.962311,19.086666,17.920000
1.962713,19.093334,17.973333
1.963114,19.086666,18.119999
1.963516,19.080000,17.973333
1.963917,19.133331,17.966665
1.964318,19.119999,17.986666
1.964719,19.119999,18.026667
1.965124,19.133331,17.959999
1.965526,19.126665,18.046667
1.965928,19.133331,17.986666
1.966329,19.173332,18.020000
1.966730,19.093334,18.000000
1.967132,19.180000,18.040001
1.967533,19.200001,18.073332
1.967934,19.219999,18.053333
1.968335,19.206667,18.066666
1.968736,19.279999,18.086666
1.969138,19.293333,18.079998
1.969539,19.226667,18.119999
1.969940,19.206667,18.093332
1.970341,19.259998,18.106667
1.970742,19.279999,18.093332
1.971144,19.353334,18.006666
1.971546,19.259998,18.146666
1.971948,19.279999,18.126667
1.972349,19.326666,18.026667
1.972750,19.286665,18.173334
1.973152,19.313334,18.119999
1.973553,19.413332,18.020000
1.973954,19.373333,18.160000
1.974356,19.213333,18.160000
1.974758,19.279999,18.213333
1.975159,19.346666,18.166666
1.975560,19.340000,18.199999
1.975961,19.366667,18.226665
1.976362,19.366667,18.213333
1.976764,19.366667,18.206665
1.977165,19.420000,18.226665
1.977566,19.353334,18.240000
1.977967,19.219999,18.253332
1.978368,19.400000,18.226665
1.978770,19.400000,18.206665
1.979172,19.340000,18.253332
1.979574,19.413332,18.266666
1.979975,19.453333,18.146666
1.980377,19.426666,18.286667
1.980778,19.413332,18.180000
1.981179,19.453333,18.273333
1.981580,19.459999,18.313334
1.981982,19.413332,18.293333
1.982383,19.533333,18.286667
1.982784,19.299999,18.286667
1.983185,19.526665,18.306667
1.983586,19.480000,18.400000
1.983988,19.480000,18.333332
1.984389,19.480000,18.326666
1.984790,19.480000,18.333332
1.985192,19.506666,18.326666
1.985593,19.553333,18.326666
1.985995,19.566666,18.326666
1.986396,19.546665,18.353333
1.986798,19.539999,18.379999
1.987199,19.553333,18.359999
1.987600,19.513332,18.353333
1.988001,19.559999,18.759998
1.988403,19.580000,18.346666
1.988804,19.553333,18.379999
1.989205,19.559999,18.379999
1.989606,19.586666,18.400000
1.990007,19.719999,18.400000
1.990408,19.539999,18.393333
1.990809,19.626667,18.353333
1.991211,19.593332,18.353333
1.991612,19.606667,18.400000
1.992013,19.633333,18.426666
1.992414,19.620001,18.413334
1.992815,19.639999,18.426666
1.993216,19.639999,18.406666
1.993618,19.633333,18.453333
1.994019,19.620001,18.446667
1.994421,19.639999,18.433334
1.994823,19.559999,18.440001
1.995225,19.673332,18.446667
1.995627,19.639999,18.466665
1.996028,19.753334,18.293333
1.996429,19.653332,18.473331
1.996830,19.693333,18.453333
1.997232,19.726667,18.473331
1.997633,19.873333,18.466665
1.998034,19.679998,18.486666
1.998436,19.719999,18.533333
1.998838,19.686666,18.526667
1.999240,19.679998,18.506666
1.999641,19.826666,18.493332
2.000042,19.626667,18.526667
2.000443,19.519999,18.506666
2.000845,19.706667,18.506666
2.001247,19.686666,18.513332
2.001648,19.713333,18.506666
2.002049,19.733334,18.759998
2.002450,19.740000,18.506666
2.002851,19.740000,18.539999
2.003252,19.726667,18.520000
2.003653,19.740000,18.539999
2.004055,19.753334,18.533333
2.004456,19.833332,18.533333
2.004857,19.820000,18.553333
2.005259,19.846666,18.553333
2.005660,19.773333,18.400000
2.006061,19.760000,18.520000
2.006462,19.760000,18.566668
2.006863,19.760000,18.566668
