0.000000,1.046667,0.946667
0.000401,1.046667,0.946667
0.000802,1.013333,0.946667
0.001203,1.153333,0.946667
0.001604,1.073333,0.946667
0.002005,1.086667,0.946667
0.002406,1.106667,0.946667
0.002807,1.100000,0.960000
0.003208,1.133333,0.993333
0.003609,1.126667,0.980000
0.004011,1.186667,1.033333
0.004413,1.160000,1.033333
0.004815,1.173333,1.033333
0.005216,1.200000,1.006667
0.005617,1.200000,1.000000
0.006019,1.200000,1.153333
0.006421,1.166667,1.033333
0.006824,1.213333,1.093333
0.007228,1.266667,1.053333
0.007629,1.266667,1.066667
0.008031,1.320000,1.066667
0.008432,1.426667,1.066667
0.008833,1.260000,1.093333
0.009235,1.426667,1.080000
0.009636,1.300000,1.046667
0.010038,1.293333,1.173333
0.010440,1.326667,1.146667
0.010841,1.326667,1.180000
0.011244,1.340000,1.146667
0.011645,1.326667,1.193333
0.012046,1.360000,1.206667
0.012448,1.386667,1.206667
0.012849,1.373333,1.180000
0.013252,1.413333,1.206667
0.013654,1.420000,1.220000
0.014056,1.406667,1.220000
0.014458,1.420000,1.246667
0.014859,1.453333,1.246667
0.015260,1.473333,1.240000
0.015663,1.426667,1.286667
0.016065,1.500000,1.300000
0.016466,1.540000,1.246667
0.016868,1.386667,1.260000
0.017269,1.526667,1.300000
0.017670,1.546667,1.326667
0.018072,1.620000,1.346667
0.018473,1.553333,1.360000
0.018876,1.560000,1.380000
0.019277,1.540000,1.386667
0.019679,1.600000,1.366667
0.020081,1.613333,1.393333
0.020482,1.626667,1.400000
0.020884,1.626667,1.460000
0.021286,1.640000,1.420000
0.021687,1.666667,1.466667
0.022088,1.613333,1.480000
0.022490,1.680000,1.500000
0.022892,1.680000,1.480000
0.023294,1.713333,1.486667
0.023695,1.733333,1.506667
0.024097,1.733333,1.500000
0.024499,1.740000,1.540000
0.024900,1.780000,1.546667
0.025301,1.673333,1.560000
0.025703,1.746667,1.600000
0.026105,1.773333,1.573333
0.026506,1.820000,1.606667
0.026907,1.820000,1.626667
0.027308,1.860000,1.633333
0.027709,1.866667,1.606667
0.028111,1.886667,1.640000
0.028512,1.880000,1.666667
0.028913,1.860000,1.666667
0.029314,1.900000,1.680000
0.029715,1.906667,1.700000
0.030117,1.926667,1.693333
0.030518,1.953333,1.706667
0.030920,1.986667,1.713333
0.031321,2.000000,1.793333
0.031722,1.993333,1.740000
0.032124,2.000000,1.773333
0.032525,2.006667,1.773333
0.032926,2.040000,1.833333
0.033328,2.073333,1.820000
0.033729,2.080000,1.740000
0.034131,2.086667,1.846667
0.034532,2.086667,1.880000
0.034933,1.993333,1.806667
0.035334,2.073333,1.893333
0.035737,2.140000,1.900000
0.036139,2.173333,1.906667
0.036540,2.206667,1.900000
0.036941,2.186667,1.920000
0.037343,2.180000,1.946667
0.037745,2.193333,1.960000
0.038146,2.200000,1.980000
0.038547,2.226666,1.973333
0.038948,2.266667,2.006667
0.039350,2.326667,2.033333
0.039751,2.306667,2.046667
0.040152,2.280000,2.053333
0.040553,2.286667,2.080000
0.040954,2.340000,2.060000
0.041355,2.346667,2.086667
0.041756,2.326667,2.120000
0.042158,2.386667,2.086667
0.042559,2.420000,2.120000
0.042960,2.420000,2.153333
0.043362,2.353333,2.133333
0.043764,2.480000,2.173333
0.044165,2.460000,2.186667
0.044566,2.453333,2.186667
0.044968,2.486667,2.126667
0.045369,2.506666,2.233333
0.045770,2.526667,2.253333
0.046171,2.613333,2.260000
0.046572,2.533333,2.300000
0.046974,2.580000,2.266667
0.047375,2.606667,2.306667
0.047778,2.733333,2.306667
0.048180,2.686666,2.360000
0.048581,2.640000,2.353333
0.048982,2.646667,2.346667
0.049384,2.513333,2.386667
0.049785,2.680000,2.426666
0.050187,2.706666,2.426666
0.050588,2.720000,2.486667
0.050990,2.800000,2.480000
0.051391,2.693333,2.453333
0.051794,2.786667,2.473333
0.052195,2.773333,2.520000
0.052596,2.793333,2.506666
0.052998,2.793333,2.460000
0.053399,2.813333,2.546667
0.053802,2.833333,2.533333
0.054204,2.853333,2.533333
0.054605,2.880000,2.573333
0.055006,2.913333,2.600000
0.055407,2.913333,2.613333
0.055810,2.920000,2.640000
0.056212,2.960000,2.673333
0.056613,2.946667,2.620000
0.057014,2.953333,2.706666
0.057416,3.040000,2.706666
0.057817,3.006667,2.793333
0.058219,3.053333,2.780000
0.058621,3.086667,2.773333
0.059022,3.053333,2.806667
0.059424,3.060000,2.760000
0.059826,3.113333,2.786667
0.060228,3.113333,2.826667
0.060629,3.080000,2.826667
0.061030,3.160000,2.860000
0.061432,3.180000,2.866667
0.061834,3.220000,2.866667
0.062235,3.226667,2.900000
0.062636,3.226667,2.913333
0.063037,3.180000,2.793333
0.063438,3.220000,3.040000
0.063840,3.293333,2.946667
0.064241,3.293333,2.986667
0.064642,3.313333,2.980000
0.065044,3.313333,2.993333
0.065446,3.340000,3.033333
0.065847,3.373333,2.886667
0.066248,3.313333,3.093333
0.066649,3.493333,3.086667
0.067051,3.420000,3.066667
0.067453,3.480000,3.133333
0.067855,3.473333,3.160000
0.068256,3.460000,3.133333
0.068657,3.493333,3.153333
0.069059,3.526666,3.133333
0.069460,3.513333,3.200000
0.069861,3.546667,3.300000
0.070262,3.553333,3.220000
0.070663,3.600000,3.246666
0.071064,3.633333,3.280000
0.071466,3.553333,3.293333
0.071868,3.646667,3.313333
0.072270,3.660000,3.240000
0.072672,3.593333,3.313333
0.073073,3.713333,3.380000
0.073474,3.746666,3.126667
0.073875,3.720000,3.373333
0.074276,3.786667,3.386667
0.074679,3.746666,3.393333
0.075080,3.833333,3.386667
0.075481,3.866667,3.466666
0.075884,3.873333,3.486667
0.076286,3.880000,3.486667
0.076687,3.920000,3.666667
0.077088,3.966667,3.533333
0.077489,3.940000,3.526666
0.077890,3.940000,3.546667
0.078291,3.946667,3.560000
0.078692,4.000000,3.606667
0.079093,4.053333,3.673333
0.079494,4.020000,3.626667
0.079895,4.073333,3.646667
0.080298,4.073333,3.693333
0.080699,4.113333,3.666667
0.081105,4.113333,3.720000
0.081506,4.120000,3.686666
0.081907,4.153333,3.746666
0.082309,4.160000,3.746666
0.082711,4.200000,3.833333
0.083112,4.200000,3.866667
0.083513,4.206666,3.746666
0.083914,4.246667,3.873333
0.084315,4.273333,3.746666
0.084718,4.260000,3.906667
0.085119,4.320000,3.933333
0.085520,4.320000,3.920000
0.085921,4.353333,3.940000
0.086322,4.333333,3.960000
0.086723,4.360000,4.006667
0.087125,4.446667,4.033333
0.087526,4.426666,4.026666
0.087928,4.466667,4.060000
0.088330,4.500000,4.120000
0.088731,4.513333,4.100000
0.089132,4.520000,4.106667
0.089533,4.540000,4.153333
0.089934,4.526667,4.146667
0.090335,4.580000,4.226666
0.090737,4.593333,4.126667
0.091139,4.600000,4.193333
0.091540,4.620000,4.233333
0.091942,4.680000,4.240000
0.092343,4.766666,4.266666
0.092744,4.700000,4.293333
0.093145,4.713333,4.266666
0.093546,4.740000,4.333333
0.093947,4.746666,4.353333
0.094348,4.786666,4.366666
0.094749,4.806667,4.360000
0.095151,4.826666,4.486666
0.095553,4.826666,4.420000
0.095955,4.880000,4.453333
0.096356,4.880000,4.446667
0.096757,4.900000,4.446667
0.097159,4.966667,4.466667
0.097560,4.920000,4.460000
0.097962,4.966667,4.540000
0.098364,5.026667,4.540000
0.098766,5.033333,4.593333
0.099167,4.960000,4.593333
0.099568,5.046667,4.660000
0.099969,5.106667,4.620000
0.100371,5.080000,4.640000
0.100773,5.113333,4.673333
0.101174,5.133333,4.700000
0.101575,5.153333,4.713333
0.101977,5.180000,4.740000
0.102378,5.226666,4.720000
0.102780,5.200000,4.800000
0.103183,5.240000,4.833333
0.103585,5.266667,4.813333
0.103987,5.320000,4.940000
0.104388,5.313333,4.873333
0.104789,5.353333,4.880000
0.105191,5.326667,4.946666
0.105592,5.340000,4.900000
0.105994,5.400000,4.940000
0.106395,5.420000,4.953333
0.106796,5.426667,4.966667
0.107199,5.466667,5.000000
0.107601,5.493333,5.020000
0.108002,5.520000,5.060000
0.108403,5.426667,5.100000
0.108806,5.513333,5.080000
0.109207,5.613333,5.073333
0.109609,5.620000,5.113333
0.110010,5.613333,5.153333
0.110412,5.653333,5.173333
0.110813,5.680000,5.186666
0.111214,5.713333,5.226666
0.111615,5.713333,5.253333
0.112017,5.733333,5.240000
0.112419,5.786666,5.266667
0.112820,5.820000,5.306666
0.113221,5.806666,5.300000
0.113622,5.826667,5.326667
0.114024,5.846666,5.333333
0.114425,5.880000,5.233334
0.114828,5.900000,5.413333
0.115229,5.800000,5.420000
0.115630,5.906666,5.446666
0.116032,6.026667,5.473333
0.116433,6.053333,5.506666
0.116834,5.986667,5.473333
0.117235,6.040000,5.520000
0.117637,6.020000,5.586667
0.118039,6.053333,5.586667
0.118440,6.113333,5.586667
0.118841,6.113333,5.613333
0.119242,6.220000,5.613333
0.119644,6.193333,5.673333
0.120046,6.220000,5.686666
0.120447,6.226666,5.693333
0.120848,6.253334,5.733333
0.121250,6.280000,5.746666
0.121651,6.313334,5.760000
0.122052,6.313334,5.760000
0.122453,6.240000,5.800000
0.122855,6.380000,5.820000
0.123257,6.366666,5.860000
0.123658,6.373333,5.853333
0.124060,6.453333,5.886667
0.124462,6.480000,5.933333
0.124863,6.453333,5.940000
0.125265,6.500000,5.900000
0.125666,6.526666,6.000000
0.126067,6.500000,5.946667
0.126469,6.580000,6.040000
0.126870,6.626667,6.066667
0.127271,6.640000,6.066667
0.127672,6.680000,6.073333
0.128073,6.686666,6.100000
0.128474,6.713333,6.133333
0.128875,6.753333,6.120000
0.129278,6.766666,6.173333
0.129679,6.793334,6.206666
0.130082,6.813333,6.233333
0.130484,6.813333,6.240000
0.130885,6.866666,6.300000
0.131286,6.893333,6.286667
0.131688,6.913333,6.140000
0.132090,6.920000,6.386667
0.132491,6.946667,6.353333
0.132892,6.986666,6.373333
0.133294,6.993333,6.413333
0.133695,6.946667,6.433333
0.134096,7.040000,6.466667
0.134497,7.086666,6.460000
0.134898,7.106667,6.480000
0.135300,7.153333,6.540000
0.135702,7.133334,6.546667
0.136104,7.166667,6.546667
0.136505,7.206666,6.613333
0.136906,7.219999,6.640000
0.137307,7.213333,6.640000
0.137709,7.280000,6.786666
0.138111,7.320000,6.733333
0.138512,7.313333,6.646667
0.138915,7.346666,6.740000
0.139317,7.286667,6.780000
0.139718,7.340000,6.840000
0.140119,7.426666,6.853333
0.140520,7.400000,6.853333
0.140921,7.480000,6.846666
0.141322,7.506667,6.986666
0.141725,7.553333,6.813333
0.142127,7.446666,6.913333
0.142528,7.559999,6.866666
0.142929,7.553333,6.986666
0.143330,7.606667,6.986666
0.143733,7.626667,7.000000
0.144134,7.660000,7.046667
0.144535,7.679999,6.986666
0.144936,7.706666,7.080000
0.145337,7.793334,7.033333
0.145739,7.813334,7.046667
0.146140,7.753333,7.133334
0.146541,7.733333,7.160000
0.146942,7.766666,7.193333
0.147343,7.866666,7.213333
0.147744,7.853333,7.253334
0.148146,7.906666,7.280000
0.148547,7.913333,7.286667
0.148948,7.953333,7.326666
0.149349,7.960000,7.340000
0.149750,7.993333,7.353333
0.150153,8.000000,7.380000
0.150554,8.166667,7.393333
0.150957,8.046666,7.420000
0.151359,8.100000,7.460000
0.151760,8.126666,7.486667
0.152161,8.146667,7.506667
0.152562,8.206666,7.773333
0.152963,8.200000,7.586667
0.153364,8.220000,7.520000
0.153766,8.226666,7.579999
0.154168,8.306666,7.600000
0.154570,8.300000,7.653333
0.154971,8.300000,7.679999
0.155372,8.333333,7.686666
0.155773,8.360000,7.686666
0.156175,8.386666,7.686666
0.156577,8.406667,7.760000
0.156978,8.360000,7.760000
0.157379,8.373333,7.786666
0.157780,8.480000,7.860000
0.158181,8.460000,7.853333
0.158583,8.540000,7.880000
0.158984,8.553333,7.873333
0.159385,8.753333,7.926667
0.159786,8.613334,7.953333
0.160188,8.646667,8.040000
0.160590,8.660000,8.000000
0.160991,8.719999,8.020000
0.161393,8.740000,8.033334
0.161794,8.740000,8.086667
0.162195,8.740000,8.053332
0.162596,8.773333,8.139999
0.162998,8.873333,8.053332
0.163399,8.813334,8.146667
0.163800,8.880000,8.193333
0.164203,8.920000,8.206666
0.164605,8.913333,8.200000
0.165006,8.933333,8.213333
0.165408,8.980000,8.253333
0.165809,9.000000,8.286667
0.166211,8.993333,8.313333
0.166612,8.980000,7.893333
0.167013,9.066667,8.393332
0.167415,9.260000,8.406667
0.167817,9.026667,8.393332
0.168219,9.120000,8.426667
0.168620,9.173333,8.446666
0.169022,9.153334,8.466666
0.169424,9.240000,8.506666
0.169826,9.240000,8.540000
0.170227,9.213333,8.533333
0.170629,9.306666,8.599999
0.171031,9.326667,8.546666
0.171432,9.306666,8.620000
0.171835,9.346666,8.653333
0.172236,9.346666,8.646667
0.172638,9.406667,8.753333
0.173039,9.586666,8.726666
0.173441,9.486667,8.713333
0.173842,9.526667,8.753333
0.174244,9.433332,8.800000
0.174645,9.559999,8.906666
0.175047,9.613334,8.740000
0.175448,9.620000,8.880000
0.175849,9.646667,8.946667
0.176252,9.680000,8.913333
0.176654,9.700000,8.926666
0.177055,9.713333,8.953334
0.177456,9.733334,8.973332
0.177858,9.740000,9.000000
0.178259,9.813334,9.053333
0.178660,9.839999,9.026667
0.179061,9.813334,9.059999
0.179462,9.880000,9.093333
0.179863,9.873333,9.053333
0.180266,9.933333,9.146667
0.180668,9.906666,9.146667
0.181069,9.959999,9.200000
0.181470,9.980000,9.226666
0.181873,10.040000,9.266666
0.182274,10.066667,9.246666
0.182675,10.086666,9.266666
0.183076,10.093333,9.346666
0.183478,10.126667,9.313333
0.183880,10.106667,9.240000
0.184281,10.126667,9.346666
0.184682,10.146667,9.346666
0.185083,10.226666,9.466666
0.185485,10.273334,9.460000
0.185886,10.299999,9.526667
0.186289,10.313334,9.533333
0.186691,10.340000,9.600000
0.187092,10.333333,9.586666
0.187493,10.506666,9.613334
0.187896,10.386666,9.680000
0.188298,10.380000,9.613334
0.188699,10.466667,9.719999
0.189105,10.446667,9.700000
0.189506,10.493333,9.706666
0.189909,10.520000,9.853333
0.190311,10.540000,9.753333
0.190712,10.586667,10.040000
0.191113,10.620000,9.800000
0.191515,10.673333,9.833333
0.191916,10.613333,9.860000
0.192317,10.866667,9.860000
0.192719,10.720000,9.893332
0.193121,10.746666,9.953333
0.193522,10.806666,9.966666
0.193923,10.759999,9.973333
0.194325,10.833333,10.020000
0.194726,10.846666,10.026666
0.195127,10.846666,9.980000
0.195530,10.893332,10.073334
0.195933,10.893332,10.026666
0.196335,10.913333,10.140000
0.196737,10.933333,10.206667
0.197138,10.973333,10.160000
0.197539,10.993334,10.140000
0.197940,11.026667,10.219999
0.198341,11.020000,10.226666
0.198743,11.073333,10.233333
0.199144,11.086666,10.266666
0.199546,11.160000,10.233333
0.199947,11.106667,10.320000
0.200348,11.213333,10.313334
0.200749,11.193334,10.400000
0.201151,11.233333,10.326667
0.201553,11.280000,10.386666
0.201955,11.286666,10.440000
0.202357,11.360000,10.473333
0.202759,11.306666,10.480000
0.203160,11.366667,10.493333
0.203561,11.373333,10.533334
0.203962,11.380000,10.546666
0.204363,11.433333,10.573333
0.204764,11.446667,10.593333
0.205166,11.480000,10.633333
0.205567,11.520000,10.653334
0.205968,11.539999,10.653334
0.206369,11.526667,10.639999
0.206770,11.539999,10.726666
0.207172,11.559999,10.813333
0.207573,11.626666,10.746666
0.207975,11.646667,10.786667
0.208377,11.539999,10.806666
0.208779,11.666666,10.813333
0.209180,11.700000,10.846666
0.209581,11.746666,10.840000
0.209983,11.786667,10.933333
0.210385,11.786667,10.940000
0.210786,11.820000,10.940000
0.211187,11.840000,11.013332
0.211588,11.873333,11.033333
0.211989,11.893333,11.033333
0.212390,11.906667,10.993334
0.212792,11.966666,11.053333
0.213193,11.933332,10.766666
0.213596,12.006666,11.120000
0.213997,12.020000,11.126667
0.214399,11.999999,11.139999
0.214800,12.059999,11.366667
0.215201,12.053333,11.133333
0.215603,12.126666,11.206666
0.216004,12.126666,11.186666
0.216405,12.233334,11.300000
0.216806,12.113334,11.306666
0.217207,12.246667,11.400000
0.217608,12.280000,11.286666
0.218009,12.286667,11.333333
0.218410,12.346666,11.366667
0.218812,12.326666,11.420000
0.219213,12.366667,11.426666
0.219614,12.386666,11.300000
0.220015,12.386666,11.486667
0.220417,12.420000,11.513333
0.220818,12.446667,11.526667
0.221220,12.486667,11.539999
0.221621,12.500000,11.559999
0.222023,12.520000,11.573333
0.222424,12.520000,11.553333
0.222826,12.553333,11.820000
0.223227,12.593333,11.633333
0.223629,12.646667,11.720000
0.224030,12.693334,11.713333
0.224432,12.673333,11.720000
0.224834,12.686666,11.720000
0.225235,12.693334,11.640000
0.225637,12.719999,11.773334
0.226039,12.799999,11.780000
0.226441,12.766666,11.840000
0.226842,12.786666,11.860000
0.227245,12.846666,11.886666
0.227646,12.860000,11.879999
0.228048,12.880000,11.953333
0.228449,12.919999,11.953333
0.228850,12.919999,11.946667
0.229251,12.946667,12.033333
0.229652,12.980000,11.986667
0.230054,12.993333,12.040000
0.230455,13.040000,12.073333
0.230856,13.059999,12.086666
0.231258,13.080000,12.093333
0.231660,13.113333,12.120000
0.232062,13.153334,12.086666
0.232463,13.153334,12.106667
0.232864,13.173333,12.240000
0.233266,13.220000,12.246667
0.233669,13.186666,12.133333
0.234070,13.240000,12.153333
0.234471,13.246666,12.246667
0.234873,13.266666,12.339999
0.235274,13.320000,12.333333
0.235675,13.313333,12.360000
0.236076,13.379999,12.400000
0.236477,13.440000,12.420000
0.236878,13.420000,12.446667
0.237280,13.460000,12.473333
0.237681,13.460000,12.453333
0.238082,13.473332,12.553333
0.238484,13.500000,12.713333
0.238885,13.520000,12.533333
0.239287,13.559999,12.559999
0.239690,13.579999,12.613333
0.240092,13.599999,12.593333
0.240494,13.553333,12.679999
0.240897,13.599999,12.719999
0.241299,13.579999,12.679999
0.241700,13.639999,12.673333
0.242105,13.773333,12.706667
0.242506,13.726666,12.766666
0.242907,13.826666,12.766666
0.243308,13.786667,12.766666
0.243710,13.806667,12.840000
0.244111,13.826666,12.826667
0.244512,13.873334,12.866666
0.244915,13.886666,12.873333
0.245316,13.880000,12.906667
0.245717,13.873334,12.940000
0.246119,13.866666,12.946667
0.246520,13.979999,12.946667
0.246921,13.979999,12.993333
0.247322,14.020000,12.993333
0.247723,14.099999,13.013333
0.248124,14.080000,13.120000
0.248527,14.086666,13.093333
0.248930,14.133332,13.100000
0.249332,14.106666,13.126666
0.249733,14.099999,13.046666
0.250134,14.173332,13.226666
0.250535,14.180000,13.160000
0.250936,14.219999,13.253333
0.251337,14.239999,13.320000
0.251739,14.266667,13.220000
0.252140,14.280000,13.280000
0.252541,14.306665,13.293333
0.252942,14.333334,13.300000
0.253344,14.366666,13.326666
0.253747,14.360000,13.366667
0.254148,14.406667,13.400000
0.254551,14.426666,13.379999
0.254952,14.493333,13.473332
0.255353,14.493333,13.373333
0.255754,14.499999,13.460000
0.256157,14.493333,13.440000
0.256558,14.526666,13.520000
0.256959,14.566666,13.493333
0.257361,14.566666,13.506666
0.257763,14.600000,13.466666
0.258165,14.613333,13.646666
0.258566,14.653333,13.646666
0.258968,14.693333,13.646666
0.259369,14.706667,13.660000
0.259771,14.719999,13.660000
0.260172,14.719999,13.673334
0.260573,14.746666,13.720000
0.260975,14.780000,13.706666
0.261376,14.806666,13.726666
0.261777,14.840000,13.786667
0.262179,14.840000,13.806667
0.262580,14.913333,13.806667
0.262982,14.873333,13.833333
0.263384,14.893332,13.806667
0.263787,14.926667,13.846665
0.264189,14.946667,13.626666
0.264591,14.953333,13.906666
0.264992,14.953333,13.933332
0.265394,14.926667,13.973332
0.265795,15.006666,13.986667
0.266196,15.033334,13.826666
0.266597,15.159999,13.986667
0.266999,15.139999,13.993333
0.267401,15.153333,14.059999
0.267803,15.206666,14.086666
0.268205,15.219999,14.053333
0.268606,15.226665,14.113334
0.269007,15.246666,14.140000
0.269409,15.273333,14.166666
0.269810,15.300000,14.173332
0.270212,15.353333,14.186666
0.270613,15.333333,14.259999
0.271014,15.320001,14.173332
0.271415,15.366667,14.306665
0.271816,15.386667,14.259999
0.272217,15.373333,14.306665
0.272618,15.453334,14.306665
0.273019,15.480000,14.353333
0.273421,15.520000,14.326666
0.273822,15.520000,14.360000
0.274224,15.540000,14.393332
0.274625,15.553332,14.266667
0.275026,15.613333,14.459999
0.275427,15.520000,14.446667
0.275828,15.606667,14.380000
0.276229,15.613333,14.480000
0.276631,15.666666,14.520000
0.277032,15.666666,14.520000
0.277434,15.720000,14.526666
0.277837,15.720000,14.600000
0.278239,15.740000,14.813333
0.278641,15.786667,14.580000
0.279043,15.766666,14.633332
0.279445,15.806666,14.600000
0.279846,15.826667,14.659999
0.280247,15.853333,14.693333
0.280649,15.900000,14.693333
0.281050,15.940000,14.706667
0.281451,15.940000,14.733334
0.281852,15.920000,14.813333
0.282255,15.866667,14.780000
0.282656,15.980000,14.800000
0.283057,16.139999,14.873333
0.283459,16.039999,14.933333
0.283860,16.066668,14.846666
0.284261,16.073334,14.886666
0.284662,16.080000,14.873333
0.285063,16.099998,14.913333
0.285464,16.113333,14.906667
0.285866,16.126665,14.946667
0.286267,16.139999,14.953333
0.286668,16.160000,14.953333
0.287070,16.266666,14.953333
0.287472,16.233332,15.093332
0.287873,16.240000,14.953333
0.288274,16.266666,14.953333
0.288677,16.299999,15.106667
0.289078,16.306667,15.126667
0.289480,16.400000,15.159999
0.289881,16.320000,15.146667
0.290282,16.353333,15.153333
0.290683,16.493332,15.119999
0.291085,16.306667,14.953333
0.291486,16.433332,15.253334
0.291887,16.379999,15.219999
0.292289,16.473333,15.306666
0.292690,16.499998,15.240000
0.293092,16.533333,15.326667
0.293494,16.533333,15.213333
0.293897,16.546667,15.326667
0.294299,16.546667,15.179999
0.294700,16.600000,15.393333
0.295105,16.666666,15.393333
0.295506,16.660000,15.406667
0.295907,16.653332,15.393333
0.296308,16.653332,15.546666
0.296709,16.686666,15.466666
0.297111,16.693333,15.480000
0.297512,16.706667,15.573333
0.297913,16.746666,15.480000
0.298314,16.759998,15.606667
0.298716,16.786665,15.280000
0.299118,16.886665,15.586667
0.299520,16.826666,15.573333
0.299921,16.826666,15.579999
0.300323,16.840000,15.653334
0.300726,16.753332,15.633333
0.301127,16.853334,15.660000
0.301529,16.873333,15.666666
0.301930,16.900000,15.726666
0.302332,16.886665,15.720000
0.302733,16.926666,15.746666
0.303134,16.920000,15.726666
0.303535,16.953333,15.806666
0.303936,16.973333,15.733333
0.304337,17.019999,15.946666
0.304738,16.986668,15.853333
0.305139,16.973333,15.846667
0.305541,17.000000,16.219999
0.305942,17.013332,15.913334
0.306343,17.046665,15.846667
0.306744,17.053333,15.886665
0.307145,17.059999,15.913334
0.307546,17.086666,15.940000
0.307947,17.106667,15.819999
0.308349,17.073334,15.960000
0.308750,17.113333,15.986667
0.309151,17.173332,16.020000
0.309552,17.240000,16.039999
0.309954,17.213333,16.046667
0.310355,17.226667,16.066668
0.310756,17.253334,16.099998
0.311158,17.273333,16.099998
0.311559,17.266666,16.126665
0.311960,17.273333,16.146666
0.312362,17.286665,16.099998
0.312763,17.313332,16.146666
0.313165,17.320000,16.193333
0.313566,17.333332,16.219999
0.313967,17.366667,16.213333
0.314369,17.326666,16.240000
0.314771,17.386667,16.279999
0.315172,17.393333,16.273333
0.315573,17.419998,16.346666
0.315974,17.459999,16.333334
0.316375,17.433332,16.340000
0.316776,17.459999,16.313334
0.317177,17.400000,16.299999
0.317578,17.380001,16.379999
0.317979,17.493334,16.353333
0.318380,17.486666,16.413332
0.318781,17.539999,16.420000
0.319182,17.626667,16.446667
0.319583,17.633333,16.453333
0.319985,17.600000,16.453333
0.320386,17.600000,16.473333
0.320787,17.646667,16.513332
0.321188,17.653334,16.633331
0.321589,17.673332,16.633331
0.321990,17.660000,16.533333
0.322392,17.719999,16.546667
0.322793,17.726665,16.693333
0.323194,17.719999,16.593334
0.323595,17.713333,16.619999
0.323996,17.746666,16.593334
0.324398,17.626667,16.626665
0.324799,17.893333,16.626665
0.325200,17.780001,16.646666
0.325602,17.833332,16.759998
0.326004,17.799999,16.700001
0.326405,17.833332,16.713333
0.326806,17.846666,16.719999
0.327208,17.853333,16.726667
0.327609,17.873333,16.740000
0.328010,17.886667,16.766666
0.328412,17.906668,16.786665
0.328813,17.893333,16.900000
0.329215,17.939999,16.786665
0.329616,17.920000,16.786665
0.330017,18.020000,16.826666
0.330418,17.966665,16.833334
0.330820,18.000000,16.853334
0.331222,18.000000,16.853334
0.331623,18.013332,16.860001
0.332024,18.093332,16.886665
0.332425,18.033333,16.846666
0.332826,18.006666,16.886665
0.333228,18.093332,16.906666
0.333630,18.106667,16.886665
0.334031,18.000000,17.026665
0.334432,18.093332,16.906666
0.334834,18.113333,16.946667
0.335235,18.133333,16.913332
0.335637,18.119999,16.959999
0.336039,18.146666,16.953333
0.336441,18.153334,17.039999
0.336843,18.153334,16.986668
0.337245,18.153334,17.033333
0.337647,18.199999,17.013332
0.338049,18.219999,17.033333
0.338450,18.246666,17.039999
0.338851,18.253332,17.059999
0.339253,18.266666,17.039999
0.339654,18.226665,17.026665
0.340055,18.180000,17.093332
0.340456,18.226665,17.066666
0.340857,18.286667,17.106667
0.341259,18.346666,17.126667
0.341661,18.320000,17.186666
0.342062,18.280001,17.166666
0.342463,18.333332,17.139999
0.342864,18.386665,17.320000
0.343266,18.373333,17.186666
0.343667,18.366667,17.199999
0.344069,18.413334,17.206667
0.344470,18.420000,17.213333
0.344871,18.406666,17.219999
0.345273,18.420000,17.260000
0.345674,18.440001,17.266666
0.346075,18.493332,17.266666
0.346477,18.520000,17.293333
0.346878,18.493332,17.266666
0.347280,18.473331,17.313332
0.347681,18.546667,17.313332
0.348083,18.493332,17.313332
0.348485,18.613333,17.346666
0.348887,18.559999,17.346666
0.349290,18.539999,17.360001
0.349691,18.473331,17.346666
0.350092,18.446667,17.360001
0.350493,18.599998,17.400000
0.350894,18.573334,17.406666
0.351296,18.606665,17.400000
0.351698,18.599998,17.393333
0.352099,18.633333,17.406666
0.352501,18.646666,17.459999
0.352902,18.653334,17.433332
0.353303,18.680000,17.520000
0.353704,18.799999,17.453333
0.354105,18.666666,17.459999
0.354506,18.946667,17.539999
0.354907,18.706667,17.486666
0.355308,18.726665,17.506666
0.355709,18.753332,17.526667
0.356111,18.719999,17.526667
0.356512,18.759998,17.539999
0.356913,18.820000,17.586666
0.357315,18.766666,17.539999
0.357716,18.813334,17.600000
0.358118,18.753332,17.619999
0.358519,18.793333,17.613333
0.358920,18.840000,17.613333
0.359321,18.840000,17.673332
0.359722,18.846666,17.653334
0.360124,18.840000,17.633333
0.360525,18.879999,17.506666
0.360926,18.853333,17.639999
0.361327,18.913332,17.679998
0.361728,18.900000,17.673332
0.362130,18.859999,17.639999
0.362531,18.879999,17.686666
0.362932,18.879999,17.693333
0.363334,18.913332,17.699999
0.363736,18.960001,17.746666
0.364138,18.953333,18.086666
0.364541,18.946667,17.746666
0.364943,18.999998,17.780001
0.365344,18.993332,17.746666
0.365746,18.993332,17.760000
0.366147,18.986666,17.746666
0.366548,18.960001,17.746666
0.366949,19.160000,17.813332
0.367350,18.913332,17.793333
0.367751,19.033333,17.746666
0.368152,19.019999,17.820000
0.368553,19.053333,17.813332
0.368955,19.059999,17.840000
0.369356,18.973333,17.840000
0.369757,19.093334,17.740000
0.370159,19.073334,17.846666
0.370561,19.100000,17.873333
0.370962,19.113333,17.799999
0.371363,19.100000,17.859999
0.371764,19.146666,17.926666
0.372165,19.160000,17.846666
0.372567,19.166666,18.000000
0.372969,19.133331,17.926666
0.373370,19.133331,17.946665
0.373771,19.193333,17.939999
0.374172,19.180000,17.859999
0.374573,19.240000,17.913334
0.374974,19.219999,17.873333
0.375376,19.173332,17.966665
0.375777,19.240000,17.886667
0.376179,19.200001,17.980000
0.376580,19.213333,18.000000
0.376982,19.240000,17.993332
0.377383,19.240000,17.973333
0.377784,19.266666,18.000000
0.378186,19.246666,18.086666
0.378587,19.253332,18.046667
0.378989,19.259998,18.020000
0.379390,19.279999,18.040001
0.379791,19.286665,18.020000
0.380193,19.299999,18.073332
0.380595,19.313334,18.053333
0.380996,19.326666,18.066666
0.381397,19.346666,18.059999
0.381798,19.326666,18.066666
0.382199,19.333334,18.106667
0.382601,19.313334,18.153334
0.383002,19.340000,18.020000
0.383404,19.360001,18.106667
0.383805,19.366667,18.073332
0.384206,19.353334,18.099998
0.384607,19.373333,18.139999
0.385008,19.386665,18.146666
0.385409,19.400000,18.073332
0.385810,19.379999,18.099998
0.386212,19.393332,18.153334
0.386613,19.420000,18.146666
0.387015,19.379999,18.139999
0.387416,19.453333,18.146666
0.387817,19.559999,18.146666
0.388219,19.500000,18.166666
0.388620,19.433332,18.166666
0.389022,19.433332,18.173334
0.389423,19.466667,18.186666
0.389824,19.459999,18.213333
0.390225,19.459999,18.206665
0.390626,19.480000,18.206665
0.391027,19.459999,18.233332
0.391428,19.480000,18.213333
0.391829,19.506666,18.186666
0.392231,19.379999,18.240000
0.392632,19.500000,18.233332
0.393034,19.553333,18.219999
0.393435,19.533333,18.240000
0.393836,19.539999,18.266666
0.394238,19.546665,18.253332
0.394640,19.533333,18.253332
0.395041,19.546665,18.233332
0.395442,19.593332,18.273333
0.395843,19.539999,18.280001
0.396244,19.600000,18.273333
0.396645,19.606667,18.273333
0.397046,19.600000,18.293333
0.397447,19.639999,18.286667
0.397848,19.600000,18.286667
0.398249,19.653332,18.293333
0.398650,19.586666,18.440001
0.399051,19.606667,18.313334
0.399452,19.633333,18.346666
0.399853,19.620001,18.293333
0.400255,19.513332,18.353333
0.400656,19.580000,18.346666
0.401058,19.633333,18.346666
0.401460,19.633333,18.346666
0.401861,19.639999,18.320000
0.402263,19.646666,18.346666
0.402664,19.653332,18.333332
0.403065,19.626667,18.339998
0.403466,19.666666,18.366667
0.403868,19.653332,18.393333
0.404269,19.679998,18.366667
0.404671,19.699999,18.326666
0.405072,19.726667,18.333332
0.405474,19.673332,18.393333
0.405875,19.653332,18.393333
0.406277,19.679998,18.400000
0.406678,19.693333,18.400000
0.407080,19.733334,18.400000
0.407482,19.713333,18.400000
0.407883,19.693333,18.440001
0.408285,19.699999,18.420000
0.408686,19.699999,18.386665
0.409088,19.719999,18.400000
0.409489,19.666666,18.393333
0.409891,19.713333,18.406666
0.410293,19.733334,18.413334
0.410694,19.699999,18.413334
0.411095,19.753334,18.446667
0.411497,19.740000,18.446667
0.411899,19.733334,18.459999
0.412301,19.740000,18.440001
0.412702,19.746666,18.440001
0.413104,19.719999,18.473331
0.413505,19.786665,18.500000
0.413906,19.766666,18.459999
0.414307,19.779999,18.486666
0.414708,19.773333,18.493332
0.415110,19.746666,18.286667
0.415512,19.719999,18.453333
0.415913,19.806665,18.493332
0.416315,19.900000,18.526667
0.416716,19.779999,18.520000
0.417118,19.666666,18.486666
0.417520,19.726667,18.353333
0.417922,19.760000,18.453333
0.418324,19.779999,18.473331
0.418726,19.806665,18.506666
0.419127,19.799999,18.473331
0.419528,19.806665,18.459999
0.419930,19.820000,18.506666
0.420331,19.806665,18.493332
0.420733,19.799999,18.506666
0.421134,19.786665,18.706667
0.421536,19.820000,18.446667
0.421937,19.813332,18.580000
0.422339,19.840000,18.520000
0.422740,19.833332,18.786667
0.423141,19.833332,18.520000
0.423543,19.820000,18.566668
0.423945,19.840000,18.533333
0.424347,19.806665,18.506666
0.424748,19.826666,18.559999
0.425150,19.853333,18.513332
0.425552,19.813332,18.573334
0.425954,19.806665,18.639999
0.426355,19.820000,18.520000
0.426756,19.813332,18.506666
0.427158,19.840000,18.520000
0.427559,19.840000,18.520000
0.427960,19.853333,18.526667
0.428361,19.860001,18.526667
0.428763,19.846666,18.686666
0.429165,19.846666,18.526667
0.429566,19.833332,18.526667
0.429968,19.840000,18.553333
0.430369,19.840000,18.520000
0.430771,19.833332,18.526667
0.431172,19.820000,18.546667
0.431573,19.840000,18.520000
0.431974,19.806665,18.459999
0.432375,19.866667,18.546667
0.432777,19.833332,18.473331
0.433179,19.833332,18.426666
0.433580,19.773333,18.520000
0.433981,19.853333,18.526667
0.434383,19.820000,18.533333
0.434784,19.820000,18.493332
0.435186,19.820000,18.593332
0.435587,19.813332,18.566668
0.435988,19.820000,18.526667
0.436389,19.826666,18.539999
0.436791,19.820000,18.513332
0.437193,19.826666,18.466665
0.437594,19.933332,18.526667
0.437996,19.913332,18.539999
0.438398,19.826666,18.506666
0.438800,19.813332,18.526667
0.439201,19.826666,18.526667
0.439602,19.793333,18.526667
0.440003,19.820000,18.513332
0.440404,19.833332,18.486666
0.440805,19.853333,18.526667
0.441206,19.840000,18.506666
0.441607,19.820000,18.379999
0.442008,19.853333,18.506666
0.442409,19.820000,18.506666
0.442811,19.813332,18.613333
0.443212,19.813332,18.520000
0.443613,19.860001,18.500000
0.444015,19.799999,18.520000
0.444416,19.799999,18.493332
0.444818,19.799999,18.506666
0.445219,19.860001,18.473331
0.445621,19.813332,18.526667
0.446022,19.799999,18.500000
0.446424,19.799999,18.486666
0.446825,19.786665,18.513332
0.447226,19.799999,18.473331
0.447627,19.826666,18.459999
0.448029,19.799999,18.466665
0.448430,19.793333,18.473331
0.448832,19.806665,18.486666
0.449233,19.806665,18.379999
0.449634,19.786665,18.533333
0.450036,19.746666,18.500000
0.450438,19.760000,18.426666
0.450840,19.786665,18.473331
0.451242,19.753334,18.440001
0.451643,19.799999,18.480000
0.452044,19.779999,18.453333
0.452445,19.793333,18.473331
0.452846,19.766666,18.473331
0.453247,19.746666,18.480000
0.453649,19.760000,18.400000
0.454050,19.760000,18.500000
0.454452,19.766666,18.426666
0.454853,19.706667,18.426666
0.455254,19.726667,18.426666
0.455656,19.753334,18.440001
0.456058,19.713333,18.426666
0.456459,19.693333,18.400000
0.456860,19.719999,18.240000
0.457261,19.719999,18.486666
0.457662,19.740000,18.413334
0.458063,19.733334,18.400000
0.458464,19.693333,18.400000
0.458866,19.719999,18.513332
0.459268,19.699999,18.426666
0.459669,19.706667,18.400000
0.460070,19.699999,18.400000
0.460471,19.693333,18.393333
0.460872,19.686666,18.406666
0.461274,19.693333,18.400000
0.461675,19.706667,18.379999
0.462077,19.679998,18.400000
0.462478,19.693333,18.393333
0.462879,19.673332,18.400000
0.463280,19.706667,18.393333
0.463682,19.646666,18.346666
0.464083,19.673332,18.353333
0.464485,19.706667,18.400000
0.464886,19.666666,18.346666
0.465287,19.646666,18.346666
0.465689,19.706667,18.346666
0.466090,19.553333,18.333332
0.466491,19.673332,18.420000
0.466893,19.633333,18.400000
0.467294,19.593332,18.386665
0.467696,19.639999,18.339998
0.468097,19.626667,18.326666
0.468498,19.620001,18.306667
0.468900,19.600000,18.306667
0.469301,19.606667,18.320000
0.469703,19.593332,18.293333
0.470105,19.580000,18.273333
0.470506,19.593332,18.379999
0.470907,19.600000,18.286667
0.471308,19.580000,18.273333
0.471709,19.580000,18.273333
0.472111,19.580000,18.313334
0.472512,19.553333,18.273333
0.472913,19.566666,18.379999
0.473314,19.559999,18.233332
0.473715,19.553333,18.580000
0.474117,19.506666,18.246666
0.474519,19.593332,18.213333
0.474920,19.580000,18.260000
0.475321,19.506666,18.280001
0.475723,19.506666,18.193333
0.476125,19.519999,18.226665
0.476526,19.473333,18.213333
0.476928,19.480000,18.199999
0.477329,19.480000,18.206665
0.477731,19.433332,18.180000
0.478132,19.473333,18.180000
0.478533,19.446667,18.193333
0.478934,19.466667,18.186666
0.479335,19.453333,18.166666
0.479736,19.626667,18.186666
0.480138,19.433332,18.173334
0.480539,19.453333,18.066666
0.480940,19.459999,18.079998
0.481342,19.400000,18.146666
0.481743,19.426666,18.113333
0.482145,19.400000,18.146666
0.482546,19.413332,18.153334
0.482948,19.313334,18.119999
0.483349,19.433332,18.099998
0.483751,19.400000,18.033333
0.484152,19.446667,18.099998
0.484553,19.360001,18.226665
0.484954,19.360001,18.099998
0.485355,19.373333,18.093332
0.485756,19.340000,18.146666
0.486158,19.340000,18.079998
0.486559,19.320000,18.099998
0.486960,19.333334,18.093332
0.487361,19.306665,18.046667
0.487762,19.299999,18.066666
0.488164,19.213333,18.233332
0.488566,19.313334,18.066666
0.488968,19.279999,18.020000
0.489369,19.266666,18.040001
0.489770,19.313334,18.006666
0.490172,19.433332,18.026667
0.490573,19.259998,18.013332
0.490975,19.246666,17.926666
0.491376,19.266666,17.926666
0.491777,19.226667,17.953333
0.492179,19.240000,17.920000
0.492580,19.200001,17.886667
0.492981,19.166666,17.973333
0.493383,19.180000,17.926666
0.493784,19.200001,17.946665
0.494185,19.186666,17.893333
0.494586,19.166666,17.886667
0.494988,19.126665,17.966665
0.495389,19.186666,17.886667
0.495790,19.133331,18.106667
0.496192,19.160000,17.886667
0.496593,19.119999,17.820000
0.496995,19.206667,17.893333
0.497397,19.126665,17.939999
0.497799,19.093334,17.873333
0.498200,19.133331,17.886667
0.498601,19.113333,17.859999
0.499003,19.086666,17.859999
0.499405,19.059999,17.859999
0.499806,19.059999,17.813332
0.500208,19.059999,17.826666
0.500610,18.913332,17.826666
0.501012,18.940001,17.773333
0.501414,19.033333,17.813332
0.501815,19.033333,17.766666
0.502218,19.006666,17.753334
0.502619,19.019999,17.780001
0.503020,18.973333,17.746666
0.503421,19.013332,17.753334
0.503822,18.980000,17.760000
0.504224,18.966667,17.753334
0.504626,18.940001,17.686666
0.505027,18.973333,17.726665
0.505428,18.953333,17.726665
0.505829,18.906666,17.693333
0.506231,18.873333,17.699999
0.506632,18.853333,17.660000
0.507034,18.913332,17.673332
0.507435,18.913332,17.653334
0.507837,18.940001,17.699999
0.508239,18.893333,17.666666
0.508640,18.920000,17.619999
0.509041,18.853333,17.639999
0.509442,18.826666,17.639999
0.509843,18.820000,17.613333
0.510246,18.813334,17.606667
0.510647,18.820000,17.619999
0.511048,18.799999,17.606667
0.511449,18.779999,17.593332
0.511851,18.793333,17.606667
0.512253,18.746666,17.533333
0.512654,18.773333,17.520000
0.513056,18.753332,17.526667
0.513457,18.779999,17.480000
0.513858,18.733332,17.473333
0.514259,18.693333,17.500000
0.514660,18.599998,17.473333
0.515061,18.653334,17.506666
0.515462,18.666666,17.426666
0.515863,18.646666,17.446667
0.516264,18.646666,17.240000
0.516665,18.613333,17.360001
0.517068,18.633333,17.386667
0.517470,18.713333,17.406666
0.517871,18.580000,17.366667
0.518273,18.593332,17.386667
0.518675,18.580000,17.346666
0.519076,18.566668,17.360001
0.519477,18.580000,17.386667
0.519879,18.559999,17.340000
0.520280,18.539999,17.333332
0.520682,18.566668,17.346666
0.521084,18.513332,17.340000
0.521486,18.486666,17.333332
0.521888,18.500000,17.286665
0.522289,18.486666,17.173332
0.522690,18.453333,17.253334
0.523091,18.459999,17.306665
0.523492,18.393333,17.253334
0.523893,18.433334,17.253334
0.524294,18.446667,17.253334
0.524696,18.359999,17.186666
0.525097,18.440001,17.213333
0.525498,18.346666,17.199999
0.525899,18.586666,17.186666
0.526300,18.400000,17.146666
0.526701,18.366667,17.173332
0.527104,18.346666,17.126667
0.527505,18.339998,17.139999
0.527906,18.299999,17.126667
0.528308,18.286667,17.086666
0.528709,18.260000,17.106667
0.529111,18.260000,17.093332
0.529512,18.266666,17.039999
0.529913,18.246666,17.039999
0.530314,18.253332,17.126667
0.530716,18.219999,17.073334
0.531118,18.206665,17.093332
0.531519,18.180000,17.033333
0.531920,18.160000,16.993334
0.532321,18.160000,16.933332
0.532722,18.146666,16.959999
0.533124,18.093332,16.993334
0.533525,18.180000,16.959999
0.533926,18.099998,16.933332
0.534327,18.093332,16.933332
0.534728,18.053333,16.926666
0.535130,18.059999,16.920000
0.535531,18.059999,16.906666
0.535932,18.066666,16.900000
0.536334,18.000000,16.853334
0.536735,18.020000,16.866667
0.537137,17.993332,16.860001
0.537538,18.026667,16.853334
0.537940,18.006666,16.879999
0.538341,18.006666,16.826666
0.538742,17.959999,16.833334
0.539144,18.040001,16.799999
0.539545,17.920000,16.786665
0.539947,17.913334,16.786665
0.540348,17.906668,16.786665
0.540749,17.879999,16.719999
0.541151,17.793333,16.759998
0.541552,17.799999,16.719999
0.541954,17.846666,16.733334
0.542355,17.833332,16.713333
0.542756,17.786667,16.786665
0.543158,17.806665,16.686666
0.543559,17.806665,16.660000
0.543960,17.793333,16.639999
0.544362,17.753334,16.639999
0.544763,17.746666,16.619999
0.545165,17.699999,16.566666
0.545566,17.693333,16.600000
0.545967,17.693333,16.586666
0.546369,17.713333,16.573334
0.546770,17.660000,16.553333
0.547172,17.646667,16.639999
0.547574,17.639999,16.539999
0.547976,17.619999,16.446667
0.548377,17.626667,16.440001
0.548778,17.606667,16.379999
0.549179,17.593332,16.466667
0.549580,17.639999,16.440001
0.549982,17.453333,16.440001
0.550383,17.546665,16.413332
0.550784,17.526667,16.420000
0.551185,17.493334,16.393333
0.551586,17.493334,16.353333
0.551987,17.473333,16.346666
0.552388,17.466665,16.326666
0.552789,17.433332,16.126665
0.553191,17.439999,16.253332
0.553593,17.353333,16.253332
0.553994,17.366667,16.246666
0.554396,17.386667,16.213333
0.554797,17.360001,16.193333
0.555198,17.333332,16.186666
0.555599,17.326666,16.186666
0.556000,17.313332,16.153334
0.556401,17.320000,16.099998
0.556802,17.273333,16.173334
0.557204,17.226667,16.099998
0.557605,17.260000,16.099998
0.558006,17.253334,16.200001
0.558407,17.206667,16.006666
0.558808,17.260000,16.046667
0.559209,17.193333,16.059999
0.559611,17.213333,16.013332
0.560012,17.159998,15.993333
0.560414,17.133333,15.873333
0.560815,17.146666,15.886665
0.561217,17.100000,16.046667
0.561619,17.059999,15.940000
0.562020,17.080000,15.873333
0.562421,17.059999,15.913334
0.562822,17.046665,15.886665
0.563224,17.026665,15.826667
0.563625,17.019999,15.853333
0.564026,17.006666,15.839999
0.564428,17.000000,15.826667
0.564829,16.986668,15.799999
0.565230,16.939999,15.753332
0.565632,16.920000,15.746666
0.566033,16.926666,15.713334
0.566434,16.866667,15.713334
0.566835,16.879999,15.713334
0.567238,16.926666,15.700000
0.567639,16.886665,15.540000
0.568040,16.846666,15.653334
0.568441,16.840000,15.626667
0.568842,16.813334,15.633333
0.569244,16.846666,15.599999
0.569645,16.806665,15.579999
0.570046,16.786665,15.560000
0.570447,16.779999,15.573333
0.570848,16.719999,15.520000
0.571249,16.719999,15.460000
0.571650,16.766666,15.500000
0.572052,16.613333,15.366667
0.572453,16.666666,15.453334
0.572855,16.693333,15.466666
0.573256,16.700001,15.413333
0.573657,16.573334,15.393333
0.574058,16.606667,15.393333
0.574459,16.559999,15.373333
0.574861,16.600000,15.233334
0.575262,16.460001,15.286666
0.575663,16.633331,15.280000
0.576064,16.480000,15.213333
0.576465,16.480000,15.246666
0.576866,16.433332,15.233334
0.577267,16.440001,15.219999
0.577668,16.420000,15.206666
0.578069,16.400000,15.139999
0.578470,16.366665,15.280000
0.578871,16.353333,15.153333
0.579273,16.279999,15.159999
0.579674,16.320000,15.173333
0.580076,16.273333,15.166667
0.580477,16.286667,15.106667
0.580878,16.246666,14.953333
0.581279,16.219999,14.953333
0.581681,16.186666,14.953333
0.582082,16.240000,14.953333
0.582483,16.186666,14.953333
0.582884,16.153334,14.926667
0.583287,16.099998,14.906667
0.583688,16.053333,14.880000
0.584089,16.126665,14.886666
0.584491,16.066668,14.933333
0.584893,16.073334,14.846666
0.585294,16.020000,14.873333
0.585695,16.053333,14.813333
0.586097,16.006666,14.800000
0.586498,15.973332,14.813333
0.586899,15.906666,14.773334
0.587301,15.900000,14.733334
0.587702,15.900000,14.693333
0.588105,15.966666,14.693333
0.588506,15.866667,14.666667
0.588908,15.773333,14.953333
0.589310,15.806666,14.640000
0.589711,15.813333,14.626666
0.590112,15.793333,14.600000
0.590513,15.780001,14.526666
0.590915,15.740000,14.526666
0.591317,15.713334,14.426666
0.591720,15.700000,14.520000
0.592121,15.406667,14.406667
0.592524,15.746666,14.466667
0.592925,15.639999,14.473333
0.593327,15.593333,14.446667
0.593728,15.573333,14.420000
0.594130,15.560000,14.406667
0.594531,15.486666,14.353333
0.594932,15.453334,14.346666
0.595334,15.480000,14.273334
0.595736,15.466666,14.306665
0.596138,15.440000,14.540000
0.596539,15.400000,14.113334
0.596942,15.446666,14.246667
0.597343,15.379999,14.320000
0.597744,15.306666,14.206667
0.598145,15.280000,14.186666
0.598546,15.353333,14.226666
0.598947,15.300000,14.173332
0.599348,15.273333,14.146667
0.599750,15.260000,14.099999
0.600151,15.086666,14.093333
0.600552,15.219999,13.979999
0.600954,15.206666,14.093333
0.601355,15.186667,14.073334
0.601756,15.200000,13.999999
0.602158,15.133333,14.013333
0.602559,15.073333,13.993333
0.602960,15.026666,13.979999
0.603361,14.953333,13.960000
0.603764,14.953333,13.960000
0.604166,14.953333,13.846665
0.604568,14.953333,13.893333
0.604969,14.926667,13.926666
0.605371,15.093332,13.906666
0.605773,14.893332,13.820000
0.606175,14.873333,13.820000
0.606576,14.899999,13.746667
0.606977,14.813333,13.793333
0.607378,14.793334,13.726666
0.607780,14.780000,13.733333
0.608181,14.833332,13.686666
0.608583,14.753333,13.686666
0.608984,14.666667,13.639999
0.609386,14.699999,13.766666
0.609788,14.679999,13.639999
0.610189,14.666667,13.506666
0.610592,14.620000,13.533333
0.610994,14.633332,13.620000
0.611395,14.520000,13.539999
0.611796,14.573334,13.473332
0.612198,14.553333,13.500000
0.612600,14.526666,13.473332
0.613002,14.499999,13.446666
0.613403,14.486667,13.440000
0.613804,14.393332,13.346667
0.614206,14.439999,13.393333
0.614607,14.439999,13.406666
0.615008,14.373332,13.373333
0.615409,14.353333,13.426666
0.615810,14.346666,13.306666
0.616212,14.206667,13.286667
0.616613,14.239999,13.366667
0.617015,14.113334,13.293333
0.617416,14.239999,13.300000
0.617817,14.293333,13.226666
0.618219,14.173332,13.166667
0.618620,14.173332,13.146667
0.619022,14.166666,13.120000
0.619424,14.153333,13.133333
0.619825,14.013333,13.086667
0.620226,14.120000,13.066667
0.620629,14.020000,13.040000
0.621031,14.013333,13.006666
0.621433,14.026667,13.020000
0.621834,14.020000,13.006666
0.622236,13.986667,12.953333
0.622639,13.960000,12.946667
0.623040,13.926666,12.946667
0.623441,13.900000,12.860000
0.623843,13.866666,12.886666
0.624245,13.860000,12.873333
0.624646,13.853333,12.806666
0.625047,13.779999,12.860000
0.625449,13.806667,12.753333
0.625852,13.720000,12.773334
0.626254,13.713332,12.673333
0.626655,13.753333,12.719999
0.627056,13.673334,12.673333
0.627457,13.686666,12.700000
0.627858,13.660000,12.646667
0.628260,13.646666,12.719999
0.628661,13.633333,12.613333
0.629062,13.606666,12.593333
0.629464,13.566667,12.540000
0.629866,13.533333,12.546666
0.630268,13.500000,12.620000
0.630669,13.486667,12.520000
0.631071,13.466666,12.520000
0.631473,13.440000,12.506667
0.631874,13.400000,12.446667
0.632276,13.379999,12.406666
0.632678,13.366667,12.366667
0.633079,13.346667,12.400000
0.633481,13.406666,12.320000
0.633882,13.339999,12.313334
0.634284,13.240000,12.313334
0.634687,13.253333,12.300000
0.635089,13.220000,12.240000
0.635490,13.179999,12.093333
0.635891,13.206666,12.246667
0.636293,13.173333,12.240000
0.636694,13.133333,12.193333
0.637095,13.093333,12.106667
0.637496,13.086667,12.139999
0.637897,13.080000,12.080000
0.638298,13.040000,12.266666
0.638699,13.053332,12.073333
0.639105,13.006666,12.006666
0.639506,12.993333,11.893333
0.639907,12.946667,12.080000
0.640309,12.906667,11.960000
0.640711,12.919999,11.933332
0.641112,12.866666,11.973333
0.641515,12.953333,11.913333
0.641916,12.780000,11.866666
0.642317,12.760000,11.813333
0.642719,12.820000,11.846666
0.643120,12.706667,11.799999
0.643521,12.686666,11.773334
0.643922,12.733333,11.726666
0.644323,12.660000,11.720000
0.644724,12.673333,11.720000
0.645125,12.613333,11.666666
0.645526,12.633333,11.660000
0.645929,12.573334,11.660000
0.646331,12.540000,11.620000
0.646732,12.533333,11.606667
0.647133,12.506667,11.539999
0.647536,12.486667,11.559999
0.647937,12.339999,11.513333
0.648339,12.453333,11.480000
0.648740,12.413333,11.513333
0.649141,12.400000,11.453334
0.649542,12.406666,11.453334
0.649943,12.413333,11.440000
0.650344,12.306666,11.380000
0.650746,12.219999,11.366667
0.651147,12.266666,11.346666
0.651548,12.240000,11.306666
0.651949,12.253333,11.313334
0.652350,12.153333,11.300000
0.652751,12.126666,11.193334
0.653152,12.139999,10.966666
0.653553,12.086666,11.206666
0.653954,12.046667,11.186666
0.654355,12.059999,11.139999
0.654756,12.026667,11.126667
0.655158,11.999999,11.079999
0.655559,11.940000,11.520000
0.655960,11.920000,11.033333
0.656361,11.906667,11.066667
0.656763,11.913333,11.020000
0.657165,11.886666,11.040000
0.657566,11.733333,10.966666
0.657968,11.833333,10.940000
0.658369,11.826667,10.966666
0.658770,11.766666,10.873333
0.659171,11.713333,10.833333
0.659572,11.726666,10.853333
0.659974,11.726666,10.840000
0.660375,11.706667,10.840000
0.660776,11.660000,10.780000
0.661178,11.633333,10.759999
0.661580,11.613333,10.753333
0.661982,11.593333,10.720000
0.662384,11.573333,10.666667
0.662785,11.526667,10.686666
0.663186,11.520000,10.620000
0.663587,11.473332,10.593333
0.663989,11.466666,10.593333
0.664390,11.400000,10.553332
0.664791,11.400000,10.546666
0.665193,11.393333,10.573333
0.665594,11.333333,10.500000
0.665996,11.366667,10.480000
0.666397,11.339999,10.466667
0.666798,11.146667,10.440000
0.667200,11.273333,10.386666
0.667601,11.233333,10.400000
0.668003,11.206666,10.373333
0.668404,11.200000,10.366666
0.668805,11.160000,10.326667
0.669206,11.133333,10.320000
0.669609,11.113334,10.286666
0.670011,11.079999,10.213333
0.670413,11.053333,10.240000
0.670816,11.020000,10.413333
0.671218,11.013332,10.200000
0.671619,10.993334,10.166666
0.672021,10.960000,10.153333
0.672422,10.933333,10.206667
0.672823,10.913333,10.066667
0.673224,10.833333,10.073334
0.673625,10.866667,9.993333
0.674026,10.840000,10.006667
0.674427,10.826666,9.973333
0.674828,10.793333,9.966666
0.675230,10.786667,9.906666
0.675631,10.720000,10.000000
0.676032,10.693333,9.926666
0.676433,10.679999,9.873333
0.676835,10.666667,9.839999
0.677237,10.646667,9.793333
0.677638,10.606667,9.800000
0.678040,10.593333,9.766666
0.678442,10.639999,9.740000
0.678844,10.559999,9.800000
0.679245,10.493333,9.686666
0.679646,10.553332,9.706666
0.680048,10.473333,9.700000
0.680449,10.446667,9.633333
0.680851,10.393333,9.586666
0.681253,10.393333,9.613334
0.681654,10.353333,9.586666
0.682056,10.340000,9.546667
0.682458,10.306666,9.526667
0.682859,10.299999,9.526667
0.683260,10.099999,9.493333
0.683662,10.206667,9.346666
0.684063,10.219999,9.446667
0.684464,10.326667,9.280000
0.684865,10.166666,9.293333
0.685267,10.166666,9.340000
0.685669,10.133333,9.340000
0.686070,10.099999,9.299999
0.686471,10.099999,9.266666
0.686872,10.066667,9.246666
0.687274,10.046666,9.206667
0.687675,9.993333,9.240000
0.688077,9.993333,9.226666
0.688479,9.906666,9.179999
0.688880,9.946667,9.126666
0.689281,9.900000,9.126666
0.689682,9.880000,9.266666
0.690083,9.846666,9.039999
0.690484,9.813334,9.093333
0.690885,9.786667,9.046666
0.691287,9.839999,8.973332
0.691689,9.759999,8.940000
0.692090,9.726666,8.913333
0.692492,9.673333,8.913333
0.692895,9.566666,8.906666
0.693296,9.660000,8.860000
0.693699,9.613334,8.886666
0.694105,9.606667,8.820000
0.694506,9.573333,8.820000
0.694909,9.566666,8.793333
0.695311,9.533333,8.760000
0.695713,9.506666,8.740000
0.696114,9.400000,8.740000
0.696515,9.440000,8.693334
0.696917,9.393333,8.686666
0.697318,9.346666,8.646667
0.697719,9.346666,8.626667
0.698120,9.326667,8.666666
0.698522,9.246666,8.573333
0.698924,9.266666,8.560000
0.699326,9.246666,8.513332
0.699727,9.206667,8.653333
0.700128,9.200000,8.506666
0.700529,9.260000,8.526667
0.700931,9.133333,8.440000
0.701333,9.113333,8.393332
0.701736,9.093333,8.393332
0.702138,9.059999,8.446666
0.702539,9.039999,8.393332
0.702940,9.020000,8.313333
0.703341,8.973332,8.286667
0.703743,8.973332,8.160000
0.704145,8.933333,8.220000
0.704546,8.953334,8.220000
0.704947,8.906666,8.193333
0.705348,8.880000,8.186666
0.705749,8.839999,8.226666
0.706151,8.653333,8.113333
0.706553,8.760000,8.106667
0.706955,8.740000,8.073333
0.707357,8.740000,8.040000
0.707760,8.726666,8.033334
0.708163,8.680000,7.960000
0.708564,8.666666,7.973333
0.708965,8.660000,7.906666
0.709367,8.700000,7.926667
0.709768,8.780000,7.953333
0.710170,8.566667,7.886666
0.710571,8.560000,7.866666
0.710973,8.533333,7.846667
0.711374,8.500000,7.840000
0.711775,8.466666,7.793334
0.712177,8.413333,7.793334
0.712580,8.420000,7.720000
0.712982,8.426667,7.720000
0.713384,8.273334,7.693334
0.713785,8.353333,7.686666
0.714186,8.326666,7.626667
0.714587,8.293333,7.600000
0.714988,8.253333,7.573333
0.715389,8.240000,7.579999
0.715790,8.226666,7.166667
0.716192,8.213333,7.566667
0.716593,8.160000,7.540000
0.716995,8.146667,7.460000
0.717397,8.126666,7.513333
0.717800,8.093333,7.380000
0.718201,8.046666,7.413333
0.718602,8.040000,7.413333
0.719004,8.020000,7.340000
0.719405,7.993333,7.380000
0.719806,7.920000,7.340000
0.720207,7.906666,7.300000
0.720609,7.980000,7.313333
0.721010,7.920000,7.266667
0.721412,7.880000,7.320000
0.721813,7.893333,7.093333
0.722214,7.853333,7.193333
0.722615,7.793334,7.126667
0.723016,7.800000,7.306666
0.723417,7.746666,7.140000
0.723818,7.733333,7.093333
0.724220,7.693334,7.106667
0.724623,7.679999,7.066666
0.725025,7.613333,7.000000
0.725427,7.606667,7.020000
0.725828,7.593334,7.106667
0.726229,7.586667,7.006667
0.726631,7.526666,6.940000
0.727032,7.480000,6.893333
0.727434,7.500000,6.880000
0.727837,7.500000,6.900000
0.728239,7.460000,6.820000
0.728640,7.440000,6.853333
0.729042,7.386667,6.766666
0.729443,7.380000,6.806667
0.729844,7.400000,6.793334
0.730246,7.333333,6.746666
0.730647,7.326666,6.713333
0.731049,7.293333,6.680000
0.731450,7.233334,6.673334
0.731851,7.260000,6.640000
0.732253,7.213333,6.640000
0.732655,7.193333,6.613333
0.733057,7.226666,6.546667
0.733458,7.046667,6.546667
0.733861,7.226666,6.540000
0.734262,7.093333,6.520000
0.734663,7.060000,6.193333
0.735065,7.053333,6.433333
0.735466,7.020000,6.393333
0.735867,6.986666,6.406667
0.736268,6.953333,6.346667
0.736669,6.953333,6.360000
0.737070,6.913333,6.326666
0.737472,6.906667,6.286667
0.737873,6.880000,6.280000
0.738274,6.846666,6.226666
0.738675,6.820000,6.240000
0.739077,6.800000,6.220000
0.739478,6.766666,6.200000
0.739879,6.700000,6.146667
0.740280,6.746666,6.126667
0.740682,6.706667,6.173333
0.741083,6.673334,6.106667
0.741485,6.680000,6.100000
0.741886,6.680000,6.100000
0.742289,6.566667,6.040000
0.742690,6.480000,6.073333
0.743092,6.573333,6.053333
0.743494,6.493333,5.966666
0.743895,6.313334,5.953333
0.744296,6.426666,5.926667
0.744697,6.480000,5.940000
0.745099,6.420000,5.846666
0.745500,6.406667,5.853333
0.745901,6.366666,5.853333
0.746303,6.353333,5.846666
0.746705,6.293333,5.813333
0.747106,6.306666,5.793334
0.747507,6.246666,5.780000
0.747908,6.266666,5.753333
0.748309,6.226666,5.733333
0.748710,6.200000,5.693333
0.749112,6.260000,5.680000
0.749513,6.153333,5.640000
0.749914,6.233333,5.646667
0.750315,6.113333,5.666667
0.750716,6.073333,5.573333
0.751118,6.093333,5.646667
0.751519,6.046667,5.533333
0.751920,6.046667,5.533333
0.752322,6.006667,5.506666
0.752723,5.973333,5.473333
0.753125,5.946667,5.546667
0.753526,5.940000,5.446666
0.753929,5.886667,5.413333
0.754330,5.900000,5.380000
0.754732,5.860000,5.393333
0.755133,5.840000,5.413333
0.755535,5.833333,5.360000
0.755937,5.833333,5.373333
0.756338,5.820000,5.206666
0.756740,5.773333,5.293334
0.757141,5.760000,5.266667
0.757543,5.713333,5.240000
0.757944,5.646667,5.213333
0.758346,5.686666,4.993333
0.758747,5.620000,4.946666
0.759148,5.593333,5.120000
0.759551,5.553333,5.173333
0.759953,5.586667,5.093333
0.760355,5.566667,5.013333
0.760756,5.513333,5.053333
0.761158,5.500000,5.060000
0.761559,5.520000,5.033333
0.761960,5.453333,4.973333
0.762361,5.446666,4.973333
0.762762,5.413333,4.906667
0.763164,5.413333,5.000000
0.763566,5.366667,4.993333
0.763968,5.326667,4.893333
0.764370,5.333333,4.853333
0.764771,5.380000,4.853333
0.765172,5.266667,4.833333
0.765573,5.206666,4.793333
0.765974,5.240000,4.720000
0.766376,5.226666,4.840000
0.766777,5.260000,4.720000
0.767179,5.186666,4.726666
0.767580,5.246666,4.706666
0.767982,5.153333,4.740000
0.768383,5.166667,4.673333
0.768785,5.080000,4.653333
0.769186,5.073333,4.620000
0.769587,5.060000,4.606667
0.769989,5.020000,4.633333
0.770391,5.033333,4.573333
0.770792,4.993333,4.600000
0.771193,4.993333,4.533333
0.771595,4.993333,4.520000
0.771997,4.906667,4.493333
0.772399,4.846666,4.500000
0.772800,4.886666,4.393333
0.773201,4.880000,4.420000
0.773603,4.873333,4.426666
0.774004,4.893333,4.380000
0.774405,4.806667,4.380000
0.774806,4.773334,4.353333
0.775207,4.753333,4.360000
0.775608,4.726666,4.393333
0.776010,4.713333,4.266666
0.776412,4.706666,4.280000
0.776813,4.686666,4.246667
0.777214,4.660000,4.266666
0.777617,4.680000,4.180000
0.778018,4.693333,4.200000
0.778419,4.606667,4.186666
0.778822,4.553333,4.173333
0.779224,4.540000,4.160000
0.779625,4.553333,4.113333
0.780027,4.500000,4.100000
0.780429,4.493333,4.013333
0.780830,4.480000,4.086667
0.781232,4.426666,4.100000
0.781633,4.360000,4.060000
0.782035,4.386666,4.013333
0.782437,4.393333,3.993333
0.782838,4.366666,3.953333
0.783239,4.400000,3.946667
0.783641,4.353333,3.933333
0.784043,4.326666,3.913333
0.784445,4.400000,3.940000
0.784846,4.246667,3.840000
0.785247,4.253333,3.886667
0.785648,4.226666,3.853333
0.786050,4.186666,3.833333
0.786452,4.193333,3.820000
0.786853,4.186666,3.746666
0.787254,4.146667,3.813334
0.787655,4.113333,3.720000
0.788056,4.133333,3.713333
0.788457,4.073333,3.660000
0.788858,4.073333,3.680000
0.789260,4.040000,3.573333
0.789661,4.020000,3.633333
0.790062,4.060000,3.733333
0.790464,4.013333,3.646667
0.790867,3.953333,3.500000
0.791268,3.973333,3.526666
0.791670,3.920000,3.606667
0.792072,3.793333,3.546667
0.792473,3.873333,3.593333
0.792874,3.926666,3.500000
0.793275,3.840000,3.480000
0.793677,3.840000,3.460000
0.794078,3.786667,3.453333
0.794479,3.786667,3.440000
0.794880,3.780000,3.380000
0.795282,3.753333,3.380000
0.795683,3.740000,3.373333
0.796084,3.700000,3.326667
0.796486,3.680000,3.326667
0.796887,3.700000,3.320000
0.797288,3.660000,3.313333
0.797691,3.606667,2.960000
0.798092,3.560000,3.326667
0.798494,3.620000,3.306667
0.798895,3.586667,3.233333
0.799298,3.806666,3.226667
0.799701,3.506667,3.226667
0.800105,3.506667,3.193333
0.800506,3.606667,3.160000
0.800907,3.506667,3.173333
0.801308,3.573333,3.133333
0.801710,3.453333,3.133333
0.802112,3.406667,3.100000
0.802515,3.386667,3.066667
0.802916,3.386667,3.053333
0.803317,3.360000,3.166667
0.803718,3.346666,3.020000
0.804120,3.333333,3.006667
0.804521,3.420000,2.966666
0.804922,3.293333,2.966666
0.805323,3.300000,2.960000
0.805725,3.326667,2.933333
0.806126,3.206667,2.893333
0.806527,3.220000,2.873333
0.806928,3.206667,2.906667
0.807330,3.186666,2.860000
0.807733,3.173333,2.846667
0.808134,3.253333,2.846667
0.808536,3.133333,2.873333
0.808937,3.120000,2.813333
0.809338,3.100000,2.700000
0.809740,3.080000,2.833333
0.810141,3.046667,2.786667
0.810542,3.040000,2.733333
0.810945,3.046667,2.713333
0.811347,2.940000,2.706666
0.811748,3.006667,2.706666
0.812150,3.006667,2.673333
0.812551,2.960000,2.673333
0.812952,2.960000,2.653333
0.813353,2.946667,2.613333
0.813754,2.906667,2.613333
0.814155,2.906667,2.586667
0.814558,2.906667,2.613333
0.814960,2.873333,2.580000
0.815361,2.826667,2.553333
0.815762,2.826667,2.540000
0.816164,2.860000,2.553333
0.816565,2.780000,2.526667
0.816967,2.780000,2.473333
0.817373,2.793333,2.466667
0.817775,2.780000,2.460000
0.818177,2.746667,2.440000
0.818578,2.726667,2.433333
0.818979,2.713333,2.426666
0.819381,2.753333,2.400000
0.819783,2.753333,2.360000
0.820185,2.673333,2.400000
0.820586,2.626667,2.413333
0.820988,2.626667,2.340000
0.821389,2.613333,2.346667
0.821790,2.593333,2.306667
0.822193,2.586667,2.246667
0.822594,2.526667,2.253333
0.822995,2.613333,2.260000
0.823396,2.486667,2.260000
0.823798,2.533333,2.246667
0.824199,2.473333,2.213333
0.824600,2.560000,2.193333
0.825001,2.386667,2.186667
0.825403,2.513333,2.173333
0.825804,2.440000,2.160000
0.826206,2.480000,2.146667
0.826607,2.386667,2.133333
0.827009,2.373333,2.086667
0.827411,2.346667,2.093333
0.827812,2.353333,2.093333
0.828213,2.326667,2.073333
0.828614,2.326667,2.106667
0.829016,2.300000,1.946667
0.829418,2.286667,2.020000
0.829819,2.233333,2.033333
0.830221,2.266667,2.026667
0.830623,2.366667,2.046667
0.831024,2.233333,1.986667
0.831425,2.226666,2.000000
0.831826,2.166667,1.966667
0.832227,2.200000,1.960000
0.832628,2.166667,1.906667
0.833030,2.240000,1.906667
0.833431,2.140000,1.786667
0.833834,2.160000,1.820000
0.834235,2.106667,1.860000
0.834636,2.066667,1.680000
0.835038,2.080000,1.840000
0.835440,2.073333,1.806667
0.835841,2.033333,1.780000
0.836244,2.053333,1.826667
0.836646,2.026667,1.793333
0.837047,2.026667,1.786667
0.837449,1.973333,1.733333
0.837850,1.980000,1.633333
0.838253,1.966667,1.733333
0.838654,1.926667,1.726667
0.839056,1.940000,1.660000
0.839458,1.906667,1.693333
0.839859,1.920000,1.640000
0.840260,1.900000,1.653333
0.840663,1.893333,1.660000
0.841065,1.880000,1.646667
0.841467,1.786667,1.573333
0.841869,1.900000,1.620000
0.842271,1.800000,1.633333
0.842673,1.786667,1.566667
0.843075,1.806667,1.566667
0.843476,1.800000,1.560000
0.843877,1.766667,1.553333
0.844279,1.760000,1.560000
0.844680,1.746667,1.500000
0.845081,1.740000,1.513333
0.845483,1.726667,1.506667
0.845884,1.746667,1.500000
0.846285,1.726667,1.493333
0.846686,1.646667,1.453333
0.847088,1.700000,1.393333
0.847489,1.660000,1.460000
0.847890,1.660000,1.433333
0.848292,1.606667,1.393333
0.848693,1.633333,1.393333
0.849094,1.620000,1.406667
0.849496,1.613333,1.386667
0.849897,1.573333,1.313333
0.850299,1.566667,1.353333
0.850700,1.560000,1.353333
0.851104,1.593333,1.300000
0.851506,1.553333,1.306667
0.851907,1.460000,1.293333
0.852309,1.466667,1.300000
0.852711,1.493333,1.300000
0.853112,1.480000,1.300000
0.853513,1.426667,1.286667
0.853914,1.426667,1.266667
0.854315,1.460000,1.293333
0.854718,1.426667,1.240000
0.855119,1.406667,1.246667
0.855520,1.433333,1.206667
0.855922,1.393333,1.206667
0.856324,1.393333,1.213333
0.856726,1.386667,1.180000
0.857127,1.366667,1.173333
0.857529,1.386667,1.180000
0.857931,1.300000,1.173333
0.858332,1.346667,1.153333
0.858735,1.280000,1.126667
0.859137,1.326667,1.106667
0.859539,1.313333,1.120000
0.859940,1.286667,1.106667
0.860342,1.293333,1.066667
0.860743,1.266667,1.066667
0.861145,1.246667,1.066667
0.861546,1.213333,1.060000
0.861947,1.280000,1.053333
0.862348,1.226667,1.040000
0.862749,1.173333,1.020000
0.863151,1.200000,1.026667
0.863552,1.200000,1.046667
0.863954,1.160000,0.973333
0.864356,1.166667,1.013333
0.864757,1.033333,0.966667
0.865158,1.146667,1.006667
0.865559,1.133333,0.960000
0.865960,1.133333,0.960000
0.866362,1.120000,0.946667
0.866764,1.120000,0.973333
0.867165,1.060000,0.946667
0.867568,1.060000,0.946667
0.867969,1.146667,0.946667
0.868371,1.046667,0.953333
0.868772,0.986667,0.946667
0.869173,1.040000,0.946667
0.869576,1.033333,0.946667
0.869977,1.066667,0.946667
0.870379,1.013333,0.946667
0.870781,1.006667,0.946667
0.871183,0.973333,0.946667
0.871584,0.973333,0.946667
0.871985,0.973333,0.946667
0.872386,0.960000,0.946667
0.872787,0.953333,0.946667
0.873188,0.953333,0.946667
0.873590,0.953333,0.946667
0.873992,0.946667,0.946667
0.874393,0.946667,0.946667
0.874795,1.013333,0.946667
0.875196,0.946667,0.946667
0.875598,0.960000,0.946667
0.876000,1.000000,0.946667
0.876401,0.946667,0.946667
0.876802,0.946667,0.946667
0.877204,0.946667,0.946667
0.877606,0.946667,0.946667
0.878007,0.946667,0.946667
0.878408,0.946667,0.946667
0.878810,0.946667,0.946667
0.879212,0.946667,0.946667
0.879613,0.946667,0.946667
0.880015,0.946667,0.946667
0.880416,0.946667,0.946667
0.880817,0.946667,0.946667
0.881219,0.946667,0.946667
0.881621,0.946667,0.946667
0.882023,0.946667,0.946667
0.882425,0.946667,0.946667
0.882826,0.946667,0.946667
0.883227,0.946667,0.946667
0.883628,0.946667,0.946667
0.884030,0.946667,0.946667
0.884431,0.946667,0.946667
0.884833,0.946667,0.946667
0.885235,0.946667,0.946667
0.885637,0.946667,0.946667
0.886038,0.946667,0.946667
0.886439,0.946667,0.946667
0.886840,0.946667,0.946667
0.887242,0.946667,0.946667
0.887643,0.946667,0.946667
0.888045,0.946667,0.946667
0.888446,0.946667,0.946667
0.888847,0.946667,0.946667
0.889248,0.946667,0.946667
0.889651,0.946667,0.946667
0.890052,0.946667,0.946667
0.890454,0.946667,0.946667
0.890855,0.946667,0.946667
0.891257,0.946667,0.946667
0.891659,0.946667,0.946667
0.892060,0.946667,0.946667
0.892462,0.946667,0.946667
0.892863,0.946667,0.946667
0.893265,0.946667,0.946667
0.893666,0.946667,0.946667
0.894068,0.946667,0.946667
0.894469,0.946667,0.946667
0.894872,0.946667,0.946667
0.895273,0.946667,0.946667
0.895675,0.946667,0.946667
0.896076,0.946667,0.946667
0.896477,0.946667,0.946667
0.896878,0.946667,0.946667
0.897280,0.946667,0.946667
0.897682,0.946667,0.946667
0.898083,0.946667,0.946667
0.898485,0.946667,0.946667
0.898886,0.946667,0.946667
0.899288,0.946667,0.946667
0.899689,0.946667,0.946667
0.900091,0.946667,0.946667
0.900492,0.946667,0.946667
0.900894,0.946667,0.946667
0.901295,0.946667,0.946667
0.901696,0.946667,0.946667
0.902097,0.946667,0.946667
0.902498,0.946667,0.946667
0.902899,0.946667,0.946667
0.903301,0.946667,0.946667
0.903702,0.946667,0.946667
0.904105,0.946667,0.946667
0.904506,0.946667,0.946667
0.904907,0.946667,0.946667
0.905308,0.946667,0.946667
0.905710,0.946667,0.946667
0.906111,0.946667,0.946667
0.906512,0.946667,0.946667
0.906913,0.946667,0.946667
0.907315,0.946667,0.946667
0.907716,0.946667,0.946667
0.908118,0.946667,0.946667
0.908519,0.946667,0.946667
0.908920,0.946667,0.946667
0.909321,0.946667,0.946667
0.909722,0.946667,0.946667
0.910124,0.946667,0.946667
0.910526,0.946667,0.946667
0.910927,0.946667,0.946667
0.911330,0.946667,0.946667
0.911733,0.946667,0.946667
0.912134,0.946667,0.946667
0.912535,0.946667,0.946667
0.912937,0.946667,0.946667
0.913339,0.946667,0.946667
0.913740,0.946667,0.946667
0.914141,0.946667,0.946667
0.914542,0.946667,0.946667
0.914943,0.946667,0.946667
0.915344,0.946667,0.946667
0.915745,0.946667,0.946667
0.916146,0.946667,0.946667
0.916548,0.946667,0.946667
0.916949,0.946667,0.946667
0.917351,0.946667,0.946667
0.917752,0.946667,0.946667
0.918153,0.946667,0.946667
0.918554,0.946667,0.946667
0.918955,0.946667,0.946667
0.919356,0.946667,0.946667
0.919757,0.946667,0.946667
0.920159,0.946667,0.946667
0.920560,0.946667,0.946667
0.920962,0.946667,0.946667
0.921364,0.946667,0.946667
0.921765,0.946667,0.946667
0.922166,0.946667,0.946667
0.922567,0.946667,0.946667
0.922969,0.946667,0.946667
0.923370,0.946667,0.946667
0.923771,0.946667,0.946667
0.924172,0.946667,0.946667
0.924573,0.946667,0.946667
0.924974,0.946667,0.946667
0.925375,0.946667,0.946667
0.925776,0.946667,0.946667
0.926178,0.946667,0.946667
0.926579,0.946667,0.946667
0.926981,0.946667,0.946667
0.927382,0.946667,0.946667
0.927783,0.946667,0.946667
0.928185,0.946667,0.946667
0.928586,0.946667,0.946667
0.928988,0.946667,0.946667
0.929390,0.946667,0.946667
0.929791,0.946667,0.946667
0.930192,0.946667,0.946667
0.930593,0.946667,0.946667
0.930995,0.946667,0.946667
0.931397,0.946667,0.946667
0.931799,0.946667,0.946667
0.932200,0.946667,0.946667
0.932602,0.946667,0.946667
0.933003,0.946667,0.946667
0.933405,0.946667,0.946667
0.933806,0.946667,0.946667
0.934207,0.946667,0.946667
0.934609,0.946667,0.946667
0.935011,0.946667,0.946667
0.935412,0.946667,0.946667
0.935815,0.946667,0.946667
0.936217,0.946667,0.946667
0.936618,0.946667,0.946667
0.937019,0.946667,0.946667
0.937420,0.946667,0.946667
0.937821,0.946667,0.946667
0.938224,0.946667,0.946667
0.938625,0.946667,0.946667
0.939027,0.946667,0.946667
0.939428,0.946667,0.946667
0.939829,0.946667,0.946667
0.940231,0.946667,0.946667
0.940632,0.946667,0.946667
0.941033,0.946667,0.946667
0.941434,0.946667,0.946667
0.941835,0.946667,0.946667
0.942236,0.946667,0.946667
0.942639,0.946667,0.946667
0.943040,0.946667,0.946667
0.943441,0.946667,0.946667
0.943842,0.946667,0.946667
0.944244,0.946667,0.946667
0.944645,0.946667,0.946667
0.945046,0.946667,0.946667
0.945448,0.946667,0.946667
0.945851,0.946667,0.946667
0.946252,0.946667,0.946667
0.946653,0.946667,0.946667
0.947055,0.946667,0.946667
0.947456,0.946667,0.946667
0.947858,0.946667,0.946667
0.948260,0.946667,0.946667
0.948661,0.946667,0.946667
0.949063,0.946667,0.946667
0.949464,0.946667,0.946667
0.949867,0.946667,0.946667
0.950269,0.946667,0.946667
0.950670,0.946667,0.946667
0.951072,0.946667,0.946667
0.951473,0.946667,0.946667
0.951875,0.946667,0.946667
0.952277,0.946667,0.946667
0.952678,0.946667,0.946667
0.953079,0.946667,0.946667
0.953480,0.946667,0.946667
0.953881,0.946667,0.946667
0.954282,0.946667,0.946667
0.954685,0.946667,0.946667
0.955086,0.946667,0.946667
0.955488,0.946667,0.946667
0.955889,0.946667,0.946667
0.956290,0.946667,0.946667
0.956692,0.946667,0.946667
0.957095,0.946667,0.946667
0.957497,0.946667,0.946667
0.957899,0.946667,0.946667
0.958300,0.946667,0.946667
0.958701,0.946667,0.946667
0.959105,0.946667,0.946667
0.959506,0.946667,0.946667
0.959907,0.946667,0.946667
0.960308,0.946667,0.946667
0.960709,0.946667,0.946667
0.961111,0.946667,0.946667
0.961513,0.946667,0.946667
0.961915,0.946667,0.946667
0.962316,0.946667,0.946667
0.962717,0.946667,0.946667
0.963119,0.946667,0.946667
0.963520,0.946667,0.946667
0.963921,0.946667,0.946667
0.964322,0.946667,0.946667
0.964723,0.946667,0.946667
0.965125,0.946667,0.946667
0.965526,0.946667,0.946667
0.965927,0.946667,0.946667
0.966329,0.946667,0.946667
0.966730,0.946667,0.946667
0.967132,0.946667,0.946667
0.967533,0.946667,0.946667
0.967934,0.946667,0.946667
0.968336,0.946667,0.946667
0.968739,0.946667,0.946667
0.969140,0.946667,0.946667
0.969542,0.946667,0.946667
0.969943,0.946667,0.946667
0.970345,0.946667,0.946667
0.970746,0.946667,0.946667
0.971147,0.946667,0.946667
0.971548,0.946667,0.946667
0.971951,0.946667,0.946667
0.972353,0.946667,0.946667
0.972754,0.946667,0.946667
0.973155,0.946667,0.946667
0.973557,0.946667,0.946667
0.973959,0.946667,0.946667
0.974361,0.946667,0.946667
0.974762,0.946667,0.946667
0.975164,0.946667,0.946667
0.975565,0.946667,0.946667
0.975968,0.946667,0.946667
0.976369,0.946667,0.946667
0.976770,0.946667,0.946667
0.977172,0.946667,0.946667
0.977574,0.946667,0.946667
0.977975,0.946667,0.946667
0.978376,0.946667,0.946667
0.978779,0.946667,0.946667
0.979180,0.946667,0.946667
0.979581,0.946667,0.946667
0.979983,0.946667,0.946667
0.980384,0.946667,0.946667
0.980786,0.946667,0.946667
0.981188,0.946667,0.946667
0.981589,0.946667,0.946667
0.981991,0.946667,0.946667
0.982392,0.946667,0.946667
0.982795,0.946667,0.946667
0.983197,0.946667,0.946667
0.983599,0.946667,0.946667
0.984000,0.946667,0.946667
0.984402,0.946667,0.946667
0.984803,0.946667,0.946667
0.985205,0.946667,0.946667
0.985606,0.946667,0.946667
0.986007,0.946667,0.946667
0.986409,0.946667,0.946667
0.986811,0.946667,0.946667
0.987213,0.946667,0.946667
0.987614,0.946667,0.946667
0.988016,0.946667,0.946667
0.988418,0.946667,0.946667
0.988819,0.946667,0.946667
0.989220,0.946667,0.946667
0.989621,0.946667,0.946667
0.990023,0.946667,0.946667
0.990425,0.946667,0.946667
0.990826,0.946667,0.946667
0.991227,0.946667,0.946667
0.991630,0.946667,0.946667
0.992031,0.946667,0.946667
0.992433,0.946667,0.946667
0.992834,0.946667,0.946667
0.993235,0.946667,0.946667
0.993637,0.946667,0.946667
0.994038,0.946667,0.946667
0.994439,0.946667,0.946667
0.994840,0.946667,0.946667
0.995241,0.953333,0.946667
0.995643,0.946667,0.946667
0.996044,0.953333,0.946667
0.996446,0.986667,0.946667
0.996847,1.000000,0.946667
0.997249,0.946667,0.946667
0.997650,0.986667,0.946667
0.998052,0.980000,0.946667
0.998453,0.986667,0.946667
0.998856,1.053333,0.946667
0.999258,1.033333,0.946667
0.999660,0.980000,0.946667
1.000062,1.100000,0.946667
1.000463,1.046667,0.946667
1.000864,1.033333,0.946667
1.001266,1.153333,0.946667
1.001669,1.086667,0.946667
1.002071,1.146667,0.946667
1.002472,1.180000,0.946667
1.002873,1.120000,0.946667
1.003274,1.120000,0.946667
1.003677,1.126667,0.980000
1.004078,1.140000,0.980000
1.004479,1.153333,0.993333
1.004880,1.160000,1.006667
1.005281,1.200000,0.946667
1.005682,1.173333,1.020000
1.006083,1.140000,1.046667
1.006485,1.206667,1.046667
1.006886,1.226667,1.020000
1.007287,1.226667,1.033333
1.007690,1.246667,1.046667
1.008091,1.273333,1.060000
1.008493,1.306667,1.166667
1.008894,1.300000,1.066667
1.009295,1.133333,1.120000
1.009696,1.353333,1.060000
1.010097,1.300000,1.100000
1.010498,1.146667,1.153333
1.010899,1.340000,1.133333
1.011300,1.326667,1.160000
1.011701,1.320000,1.180000
1.012105,1.373333,1.153333
1.012507,1.386667,1.193333
1.012908,1.393333,1.206667
1.013309,1.386667,1.213333
1.013711,1.413333,1.240000
1.014112,1.440000,1.220000
1.014513,1.433333,1.220000
1.014914,1.473333,1.246667
1.015316,1.460000,1.300000
1.015718,1.460000,1.260000
1.016119,1.473333,1.313333
1.016520,1.513333,1.313333
1.016921,1.493333,1.333333
1.017323,1.506667,1.326667
1.017724,1.533333,1.373333
1.018126,1.526667,1.326667
1.018527,1.560000,1.353333
1.018928,1.560000,1.346667
1.019329,1.580000,1.380000
1.019732,1.593333,1.406667
1.020134,1.593333,1.386667
1.020535,1.600000,1.400000
1.020936,1.646667,1.406667
1.021337,1.640000,1.420000
1.021738,1.653333,1.460000
1.022140,1.666667,1.560000
1.022541,1.693333,1.473333
1.022944,1.720000,1.486667
1.023346,1.720000,1.486667
1.023747,1.726667,1.313333
1.024149,1.733333,1.546667
1.024551,1.740000,1.546667
1.024953,1.953333,1.560000
1.025355,1.793333,1.653333
1.025756,1.860000,1.613333
1.026158,1.813333,1.573333
1.026559,1.846667,1.586667
1.026961,1.853333,1.633333
1.027362,1.846667,1.620000
1.027763,1.853333,1.646667
1.028165,1.886667,1.520000
1.028566,1.893333,1.666667
1.028968,1.900000,1.606667
1.029369,1.900000,1.693333
1.029770,1.940000,1.706667
1.030172,1.913333,1.926667
1.030574,1.980000,1.733333
1.030975,1.960000,1.733333
1.031376,1.986667,1.740000
1.031777,1.993333,1.733333
1.032179,2.000000,1.773333
1.032580,2.046667,1.800000
1.032982,2.046667,1.826667
1.033384,2.046667,1.840000
1.033786,2.046667,1.860000
1.034187,2.000000,1.840000
1.034588,2.106667,1.833333
1.034990,2.093333,1.840000
1.035392,2.126667,1.880000
1.035793,2.140000,1.913333
1.036194,2.166667,1.926667
1.036596,2.160000,1.940000
1.036997,2.200000,1.920000
1.037398,2.200000,1.926667
1.037801,2.240000,1.913333
1.038202,2.226666,1.960000
1.038603,2.213333,1.986667
1.039004,2.260000,1.993333
1.039405,2.293333,2.020000
1.039806,2.306667,2.000000
1.040207,2.300000,1.986667
1.040608,2.300000,2.013333
1.041009,2.293333,2.086667
1.041410,2.280000,2.100000
1.041813,2.380000,2.080000
1.042215,2.340000,2.093333
1.042618,2.420000,2.086667
1.043019,2.526667,2.113333
1.043420,2.440000,2.153333
1.043821,2.460000,2.180000
1.044222,2.466667,2.213333
1.044623,2.506666,2.233333
1.045025,2.473333,2.246667
1.045426,2.513333,2.200000
1.045827,2.526667,2.260000
1.046228,2.553333,2.260000
1.046631,2.566667,2.280000
1.047032,2.580000,2.293333
1.047433,2.600000,2.320000
1.047834,2.660000,2.366667
1.048236,2.613333,2.340000
1.048637,2.633333,2.353333
1.049039,2.653333,2.373333
1.049440,2.646667,2.400000
1.049842,2.700000,2.466667
1.050243,2.706666,2.420000
1.050644,2.673333,2.426666
1.051046,2.753333,2.440000
1.051447,2.700000,2.460000
1.051850,2.760000,2.493333
1.052252,2.786667,2.486667
1.052653,2.813333,2.493333
1.053054,2.820000,2.513333
1.053455,2.826667,2.520000
1.053856,2.826667,2.540000
1.054258,2.873333,2.580000
1.054660,2.906667,2.600000
1.055062,2.920000,2.666667
1.055463,2.940000,2.613333
1.055864,2.900000,2.620000
1.056265,2.953333,2.626667
1.056666,3.006667,2.640000
1.057067,2.920000,2.686666
1.057468,3.073333,2.713333
1.057870,3.020000,2.766667
1.058271,2.866667,2.726667
1.058672,3.040000,2.740000
1.059073,3.133333,2.780000
1.059475,3.113333,2.786667
1.059876,3.106667,2.786667
1.060278,3.126667,2.806667
1.060680,3.133333,2.826667
1.061081,3.106667,2.820000
1.061483,3.160000,2.866667
1.061884,3.253333,2.886667
1.062287,3.220000,2.913333
1.062688,3.226667,2.906667
1.063089,3.266667,3.146667
1.063491,3.286667,3.046667
1.063892,3.286667,2.946667
1.064294,3.306667,2.986667
1.064695,3.313333,2.993333
1.065096,3.326667,2.980000
1.065497,3.346666,3.013333
1.065899,3.366667,3.093333
1.066301,3.400000,3.053333
1.066702,3.513333,3.100000
1.067104,3.420000,3.140000
1.067505,3.406667,3.086667
1.067908,3.486667,3.140000
1.068310,3.426666,3.140000
1.068711,3.493333,3.140000
1.069112,3.546667,3.160000
1.069514,3.540000,3.200000
1.069915,3.540000,3.193333
1.070316,3.560000,3.313333
1.070717,3.600000,3.253333
1.071118,3.613333,3.313333
1.071519,3.640000,3.193333
1.071920,3.700000,3.313333
1.072321,3.653333,3.293333
1.072723,3.653333,3.340000
1.073125,3.686666,3.380000
1.073526,3.760000,3.420000
1.073927,3.586667,3.400000
1.074328,3.740000,3.400000
1.074729,3.833333,3.326667
1.075131,3.700000,3.466666
1.075533,3.773333,3.460000
1.075934,3.973333,3.486667
1.076335,3.833333,3.593333
1.076736,3.920000,3.513333
1.077138,3.940000,3.526666
1.077539,3.946667,3.580000
1.077940,3.993333,3.553333
1.078342,4.020000,3.553333
1.078745,4.000000,3.593333
1.079146,4.026666,3.546667
1.079547,4.053333,3.653333
1.079948,4.053333,3.660000
1.080349,4.100000,3.713333
1.080750,4.106667,3.693333
1.081152,4.066667,3.700000
1.081553,4.133333,3.546667
1.081954,4.166667,3.680000
1.082355,4.180000,3.666667
1.082756,4.186666,3.746666
1.083158,4.193333,3.746666
1.083559,4.220000,3.673333
1.083960,4.260000,3.873333
1.084361,4.306667,3.873333
1.084762,4.286666,3.926666
1.085164,4.326666,3.940000
1.085566,4.320000,3.933333
1.085968,4.340000,3.953333
1.086369,4.373333,4.086667
1.086771,4.400000,4.020000
1.087172,4.440000,4.026666
1.087573,4.453333,4.020000
1.087975,4.466667,4.046667
1.088376,4.446667,4.093333
1.088777,4.500000,4.113333
1.089178,4.520000,4.113333
1.089579,4.540000,4.140000
1.089981,4.553333,4.146667
1.090383,4.566667,4.180000
1.090784,4.633333,4.080000
1.091185,4.633333,4.213334
1.091586,4.640000,4.186666
1.091988,4.653333,4.253333
1.092389,4.640000,4.260000
1.092791,4.680000,4.266666
1.093192,4.720000,4.306667
1.093593,4.740000,4.313334
1.093994,4.786666,4.366666
1.094395,4.793333,4.360000
1.094796,4.793333,4.380000
1.095198,4.786666,4.400000
1.095599,4.853333,4.426666
1.096001,4.840000,4.446667
1.096402,4.913333,4.500000
1.096804,4.893333,4.480000
1.097206,4.913333,4.506667
1.097607,4.946666,4.540000
1.098009,5.073333,4.540000
1.098410,5.020000,4.553333
1.098811,5.020000,4.573333
1.099212,5.053333,4.593333
1.099613,5.140000,4.566667
1.100014,5.093333,4.606667
1.100416,5.113333,4.720000
1.100817,5.133333,4.633333
1.101219,5.106667,4.700000
1.101621,5.153333,4.720000
1.102023,5.200000,4.720000
1.102425,5.226666,4.766666
1.102826,5.233334,4.766666
1.103227,5.213333,4.793333
1.103628,5.266667,4.806667
1.104029,5.306666,4.840000
1.104431,5.326667,4.873333
1.104833,5.340000,4.873333
1.105234,5.373333,4.893333
1.105637,5.400000,4.900000
1.106039,5.433333,4.940000
1.106440,5.413333,4.926667
1.106841,5.426667,4.966667
1.107243,5.446666,5.000000
1.107644,5.506666,5.040000
1.108045,5.539999,5.033333
1.108446,5.520000,5.060000
1.108847,5.553333,5.086667
1.109249,5.573333,5.120000
1.109650,5.580000,5.113333
1.110052,5.633333,5.160000
1.110454,5.680000,5.160000
1.110856,5.666667,5.200000
1.111258,5.653333,5.206666
1.111659,5.693333,5.240000
1.112061,5.726667,5.186666
1.112462,5.753333,5.260000
1.112863,5.793334,5.300000
1.113264,5.833333,5.320000
1.113666,5.846666,5.206666
1.114067,5.853333,5.366667
1.114468,5.893333,5.340000
1.114871,5.886667,5.406666
1.115272,5.926667,5.426667
1.115673,5.793334,5.426667
1.116074,5.960000,5.453333
1.116476,6.000000,5.473333
1.116877,5.973333,5.553333
1.117278,6.040000,5.613333
1.117679,6.086667,5.486667
1.118080,6.066667,5.580000
1.118481,6.120000,5.586667
1.118882,6.133333,5.626667
1.119283,6.153333,5.613333
1.119686,6.233333,5.673333
1.120087,6.206666,5.653333
1.120488,6.253334,5.693333
1.120889,6.233333,5.733333
1.121291,6.253334,5.760000
1.121692,6.253334,5.780000
1.122094,6.320000,6.013333
1.122495,6.346667,5.853333
1.122896,6.333333,5.820000
1.123298,6.393333,5.833333
1.123699,6.386667,5.880000
1.124105,6.440000,5.873333
1.124506,6.446667,5.866666
1.124907,6.473333,5.933333
1.125309,6.500000,5.940000
1.125710,6.513333,5.993333
1.126111,6.573333,5.986667
1.126512,6.580000,6.040000
1.126914,6.626667,6.013333
1.127315,6.646667,6.100000
1.127716,6.700000,6.113333
1.128118,6.700000,6.166667
1.128519,6.653333,6.113333
1.128920,6.773334,6.173333
1.129321,6.766666,6.146667
1.129723,6.766666,6.186666
1.130125,6.833333,6.240000
1.130526,6.893333,6.226666
1.130929,6.873333,6.280000
1.131331,6.953333,6.320000
1.131732,7.020000,6.293333
1.132133,6.913333,6.313334
1.132536,6.960000,6.360000
1.132938,6.973333,6.366666
1.133339,6.986666,6.406667
1.133740,7.006667,6.480000
1.134143,7.040000,6.460000
1.134544,7.060000,6.480000
1.134945,7.180000,6.520000
1.135346,7.133334,6.533333
1.135747,7.126667,6.546667
1.136148,7.313333,6.600000
1.136549,7.240000,6.586667
1.136951,7.233334,6.646667
1.137353,7.253334,6.646667
1.137755,7.219999,6.660000
1.138157,7.306666,6.686666
1.138558,7.306666,6.713333
1.138959,7.346666,6.746666
1.139360,7.293333,6.780000
1.139762,7.380000,6.773334
1.140164,7.433333,6.833333
1.140565,7.440000,6.873333
1.140967,7.446666,6.893333
1.141374,7.466667,6.893333
1.141775,7.513333,6.953333
1.142176,7.513333,6.953333
1.142578,7.513333,6.960000
1.142980,7.586667,6.920000
1.143381,7.600000,6.986666
1.143782,7.626667,7.053333
1.144184,7.646666,7.046667
1.144585,7.660000,7.080000
1.144986,7.733333,7.106667
1.145388,7.706666,7.266667
1.145790,7.773333,7.180000
1.146192,7.806666,7.166667
1.146593,7.793334,7.166667
1.146994,7.813334,7.166667
1.147395,7.866666,7.233334
1.147796,7.873333,7.253334
1.148198,7.926667,7.266667
1.148599,7.933333,7.300000
1.149000,7.953333,7.326666
1.149401,7.986666,7.346666
1.149802,8.006666,7.373333
1.150204,8.053332,7.486667
1.150605,8.033334,7.340000
1.151007,8.059999,7.406666
1.151409,8.266666,7.446666
1.151810,8.080000,7.513333
1.152212,8.173333,7.506667
1.152613,8.160000,7.513333
1.153015,8.193333,7.546666
1.153417,8.220000,7.526666
1.153818,8.259999,7.893333
1.154219,8.280000,7.653333
1.154620,8.300000,7.606667
1.155022,8.326666,7.679999
1.155424,8.273334,7.720000
1.155825,8.353333,7.706666
1.156226,8.326666,7.753333
1.156627,8.453333,7.780000
1.157028,8.433333,7.780000
1.157429,8.466666,7.786666
1.157830,8.540000,7.840000
1.158232,8.540000,7.813334
1.158634,8.446666,7.880000
1.159035,8.560000,7.893333
1.159437,8.673333,7.880000
1.159839,8.613334,8.020000
1.160240,8.633333,7.973333
1.160643,8.680000,8.040000
1.161045,8.686666,8.026667
1.161446,8.733333,8.040000
1.161848,8.766666,8.066667
1.162249,8.800000,8.053332
1.162651,8.793333,8.093333
1.163053,8.839999,8.133333
1.163455,8.833333,8.213333
1.163856,8.900000,8.179999
1.164259,8.873333,8.179999
1.164660,8.913333,8.240000
1.165061,8.960000,8.266666
1.165462,8.966666,8.286667
1.165865,9.000000,8.293333
1.166267,9.026667,8.313333
1.166668,9.046666,8.320000
1.167069,9.046666,8.353333
1.167470,9.160000,8.393332
1.167871,9.106667,8.386666
1.168273,9.146667,8.533333
1.168674,9.186666,8.486667
1.169076,9.186666,8.486667
1.169477,9.220000,8.506666
1.169878,9.193333,8.486667
1.170280,9.266666,8.513332
1.170681,9.286667,8.606667
1.171083,9.313333,8.626667
1.171485,9.340000,8.620000
1.171886,9.280000,8.680000
1.172289,9.400000,8.666666
1.172692,9.493333,8.706666
1.173093,9.506666,8.700000
1.173494,9.480000,8.766666
1.173895,9.533333,8.753333
1.174296,9.559999,8.766666
1.174697,9.546667,8.839999
1.175099,9.673333,8.833333
1.175500,9.626666,8.853333
1.175902,9.573333,8.866667
1.176303,9.653333,8.913333
1.176705,9.693333,8.926666
1.177106,9.726666,8.953334
1.177507,9.746667,9.000000
1.177908,9.793333,8.980000
1.178310,9.820000,9.020000
1.178711,9.793333,9.166666
1.179112,9.866667,9.093333
1.179515,9.880000,9.086667
1.179917,9.900000,9.120000
1.180319,9.946667,9.093333
1.180720,9.959999,9.160000
1.181121,9.986667,9.186666
1.181524,10.000000,9.213333
1.181926,10.020000,9.173333
1.182327,10.046666,9.266666
1.182728,10.059999,9.280000
1.183130,10.066667,9.280000
1.183532,10.146667,9.320000
1.183933,10.120000,9.346666
1.184334,10.173333,9.313333
1.184735,10.219999,9.460000
1.185137,10.213333,9.440000
1.185539,10.253333,9.486667
1.185941,10.280000,9.480000
1.186342,10.293333,9.540000
1.186743,10.326667,9.346666
1.187145,10.380000,9.586666
1.187546,10.380000,9.613334
1.187948,10.360000,9.620000
1.188350,10.419999,9.646667
1.188751,10.473333,9.673333
1.189152,10.486666,9.673333
1.189553,10.486666,9.706666
1.189954,10.566667,9.759999
1.190355,10.600000,9.706666
1.190756,10.553332,9.786667
1.191158,10.646667,9.833333
1.191559,10.646667,9.806666
1.191960,10.573333,9.833333
1.192362,10.673333,9.846666
1.192763,10.720000,9.913333
1.193165,10.726666,9.926666
1.193566,10.753333,9.959999
1.193967,10.906667,9.966666
1.194369,10.833333,10.000000
1.194771,10.793333,10.040000
1.195172,10.866667,10.113333
1.195573,10.993334,10.080000
1.195975,10.900000,10.059999
1.196377,10.946666,10.113333
1.196779,10.980000,10.140000
1.197180,11.006666,10.126667
1.197582,11.006666,10.040000
1.197984,11.000000,10.146667
1.198386,11.053333,10.226666
1.198789,11.099999,10.260000
1.199191,11.099999,10.320000
1.199592,11.106667,10.320000
1.199993,11.166666,10.260000
1.200394,11.180000,10.340000
1.200795,11.113334,10.353333
1.201197,11.219999,10.406667
1.201598,11.226666,10.366666
1.201999,11.273333,10.440000
1.202401,11.306666,10.466667
1.202802,11.333333,10.493333
1.203203,11.339999,10.493333
1.203605,11.360000,10.473333
1.204006,11.380000,10.493333
1.204408,11.426666,10.593333
1.204811,11.460000,10.600000
1.205212,11.453334,10.633333
1.205614,11.486667,10.746666
1.206015,11.526667,10.673333
1.206416,11.539999,10.546666
1.206819,11.586667,10.766666
1.207220,11.593333,10.780000
1.207621,11.653334,10.773334
1.208022,11.660000,10.960000
1.208423,11.606667,10.813333
1.208826,11.720000,10.840000
1.209228,11.733333,10.840000
1.209629,11.799999,10.879999
1.210030,11.786667,10.860000
1.210431,11.806666,10.900000
1.210832,11.833333,10.946666
1.211233,11.860000,11.020000
1.211634,11.833333,11.006666
1.212037,11.893333,10.926667
1.212438,11.920000,11.073333
1.212841,11.926666,11.093333
1.213243,11.999999,11.073333
1.213645,11.980000,11.053333
1.214046,12.013333,11.153333
1.214447,12.033333,11.120000
1.214848,12.080000,11.180000
1.215249,12.059999,11.200000
1.215651,12.100000,11.233333
1.216053,12.133333,11.206666
1.216455,12.226666,11.253333
1.216858,12.213333,11.293333
1.217260,12.126666,11.313334
1.217661,12.259999,11.253333
1.218064,12.293333,11.420000
1.218466,12.333333,11.426666
1.218867,12.339999,11.386666
1.219269,12.380000,11.460000
1.219671,12.393332,11.453334
1.220072,12.400000,11.486667
1.220473,12.453333,11.506666
1.220875,12.459999,11.513333
1.221278,12.473333,11.553333
1.221679,12.506667,11.559999
1.222080,12.559999,11.566667
1.222481,12.566667,11.646667
1.222884,12.540000,11.573333
1.223286,12.626667,11.539999
1.223687,12.693334,11.700000
1.224089,12.613333,11.720000
1.224491,12.673333,11.740000
1.224893,12.733333,11.700000
1.225294,12.679999,11.820000
1.225695,12.746666,11.820000
1.226096,12.853333,11.860000
1.226497,12.793333,11.840000
1.226898,12.833333,11.833333
1.227301,12.860000,11.893333
1.227702,12.853333,11.900000
1.228104,12.900000,11.953333
1.228505,12.906667,11.913333
1.228906,12.946667,11.999999
1.229308,12.966667,11.986667
1.229709,12.953333,12.040000
1.230111,12.980000,12.006666
1.230512,13.100000,12.053333
1.230915,13.059999,12.093333
1.231316,13.120000,12.106667
1.231719,13.160000,12.246667
1.232120,13.120000,12.146667
1.232521,13.206666,12.246667
1.232922,13.200000,12.246667
1.233323,13.226666,12.246667
1.233724,13.213333,12.240000
1.234126,13.126666,12.273333
1.234528,13.240000,12.320000
1.234929,13.293333,12.313334
1.235331,13.320000,12.400000
1.235733,13.346667,12.413333
1.236134,13.366667,12.393332
1.236537,13.426666,12.413333
1.236938,13.446666,12.440001
1.237340,13.440000,12.540000
1.237741,13.460000,12.393332
1.238143,13.473332,12.599999
1.238546,13.473332,12.493333
1.238947,13.546667,12.546666
1.239348,13.539999,12.559999
1.239750,13.660000,12.240000
1.240152,13.599999,12.613333
1.240553,13.613334,12.599999
1.240954,13.673334,12.686666
1.241355,13.546667,12.673333
1.241756,13.786667,12.593333
1.242158,13.773333,12.733333
1.242559,13.746667,12.740000
1.242960,13.746667,12.773334
1.243362,13.773333,12.793333
1.243763,13.820000,12.806666
1.244165,13.833333,12.820000
1.244566,13.846665,12.733333
1.244968,13.886666,12.913333
1.245371,13.920000,12.953333
1.245772,13.926666,12.946667
1.246173,13.960000,12.926666
1.246575,13.993333,12.953333
1.246976,13.986667,12.953333
1.247378,14.013333,13.033334
1.247780,14.026667,13.053332
1.248181,14.080000,13.100000
1.248582,14.080000,13.073333
1.248984,14.113334,13.106667
1.249385,14.146667,13.106667
1.249787,14.099999,13.133333
1.250188,14.173332,13.133333
1.250589,14.226666,13.160000
1.250990,14.219999,13.206666
1.251391,14.219999,13.206666
1.251794,14.280000,13.253333
1.252195,14.219999,13.293333
1.252596,14.326666,13.313333
1.252998,14.340000,13.300000
1.253399,14.306665,13.313333
1.253800,14.373332,13.293333
1.254201,14.406667,13.393333
1.254604,14.426666,13.413334
1.255007,14.426666,13.413334
1.255408,14.459999,13.406666
1.255810,14.473333,13.373333
1.256211,14.513333,13.440000
1.256614,14.566666,13.480000
1.257016,14.540000,13.520000
1.257418,14.559999,13.539999
1.257820,14.593332,13.533333
1.258221,14.626666,13.593333
1.258622,14.520000,13.586667
1.259024,14.586666,13.506666
1.259425,14.693333,13.633333
1.259828,14.740000,13.633333
1.260230,14.740000,13.660000
1.260631,14.746666,13.680000
1.261032,14.780000,13.713332
1.261434,14.806666,13.746667
1.261835,14.886666,13.773333
1.262237,14.860001,13.826666
1.262639,14.880000,13.820000
1.263040,14.886666,13.806667
1.263441,14.853333,13.820000
1.263843,14.940000,13.853333
1.264244,14.913333,13.893333
1.264645,14.953333,14.013333
1.265046,14.953333,14.099999
1.265448,15.006666,13.933332
1.265849,15.173333,13.960000
1.266251,15.093332,13.979999
1.266652,15.126667,13.986667
1.267053,15.200000,13.999999
1.267454,15.260000,14.026667
1.267855,15.246666,14.080000
1.268256,15.233334,14.099999
1.268657,15.266666,14.120000
1.269058,15.260000,14.133332
1.269460,15.333333,14.160000
1.269861,15.286666,14.173332
1.270262,15.320001,14.080000
1.270663,15.346666,14.173332
1.271065,15.340000,14.200001
1.271467,15.359999,14.286666
1.271868,15.413333,14.253333
1.272270,15.426665,14.293333
1.272671,15.460000,14.273334
1.273072,15.460000,14.299999
1.273474,15.433333,14.346666
1.273876,15.480000,14.360000
1.274278,15.526667,14.373332
1.274679,15.573333,14.406667
1.275081,15.513332,14.439999
1.275482,15.579999,14.286666
1.275883,15.639999,14.346666
1.276284,15.599999,14.453333
1.276685,15.666666,14.533334
1.277086,15.720000,14.526666
1.277488,15.733333,14.580000
1.277889,15.733333,14.546666
1.278291,15.746666,14.559999
1.278694,15.760000,14.613333
1.279095,15.666666,14.606667
1.279496,15.806666,14.666667
1.279897,15.806666,14.659999
1.280299,15.893333,14.686666
1.280701,15.886665,14.699999
1.281104,15.953332,14.693333
1.281506,15.933333,14.706667
1.281907,15.920000,14.766665
1.282308,15.953332,14.780000
1.282709,15.993333,14.820000
1.283111,15.946666,14.786666
1.283512,16.020000,14.840000
1.283913,16.000000,14.860001
1.284315,16.080000,14.800000
1.284716,16.099998,14.886666
1.285118,16.099998,14.946667
1.285519,16.106665,14.873333
1.285920,16.166666,14.919999
1.286321,16.173334,14.940000
1.286724,16.126665,14.953333
1.287126,16.233332,14.953333
1.287527,16.253332,14.953333
1.287928,16.253332,14.953333
1.288330,16.273333,15.073333
1.288733,16.293333,15.119999
1.289134,16.299999,15.126667
1.289536,16.286667,15.240000
1.289938,16.379999,14.953333
1.290340,16.340000,15.179999
1.290741,16.279999,15.126667
1.291143,16.406666,15.233334
1.291544,16.440001,15.306666
1.291947,16.346666,15.313333
1.292349,16.473333,15.233334
1.292750,16.566666,15.313333
1.293152,16.506666,15.333333
1.293553,16.519999,15.320001
1.293954,16.546667,15.366667
1.294355,16.580000,15.326667
1.294756,16.593334,15.326667
1.295158,16.593334,15.393333
1.295560,16.633331,15.393333
1.295961,16.633331,15.400000
1.296363,16.706667,15.473333
1.296764,16.673332,15.426665
1.297165,16.706667,15.460000
1.297566,16.779999,15.520000
1.297967,16.733334,15.513332
1.298369,16.753332,15.606667
1.298771,16.786665,15.573333
1.299172,16.793333,15.573333
1.299573,16.793333,15.586667
1.299975,16.793333,15.740000
1.300376,16.853334,15.633333
1.300778,16.813334,15.646666
1.301179,16.826666,15.653334
1.301581,16.873333,15.693334
1.301983,16.873333,15.673333
1.302385,16.893332,15.706666
1.302786,16.946667,15.733333
1.303187,16.933332,15.746666
1.303589,16.933332,15.760000
1.303991,16.953333,15.746666
1.304392,16.959999,15.799999
1.304794,16.966667,15.560000
1.305195,17.033333,15.839999
1.305596,17.013332,15.846667
1.305997,17.046665,15.886665
1.306399,17.039999,15.913334
1.306800,17.073334,15.900000
1.307201,17.086666,15.926666
1.307602,17.106667,15.940000
1.308003,17.126667,15.913334
1.308404,17.106667,15.913334
1.308805,17.139999,15.946666
1.309207,17.159998,15.839999
1.309609,17.146666,16.026667
1.310010,17.199999,16.066668
1.310411,17.199999,16.066668
1.310812,17.206667,16.059999
1.311213,17.246666,16.086666
1.311615,17.273333,16.099998
1.312016,17.340000,16.139999
1.312417,17.286665,16.160000
1.312818,17.313332,16.133333
1.313219,17.219999,16.213333
1.313620,17.360001,16.180000
1.314022,17.366667,16.246666
1.314423,17.360001,16.193333
1.314824,17.380001,16.273333
1.315226,17.413332,16.253332
1.315627,17.413332,16.279999
1.316028,17.446667,16.279999
1.316430,17.439999,16.326666
1.316832,17.459999,16.299999
1.317233,17.453333,16.420000
1.317634,17.506666,16.333334
1.318036,17.573332,16.353333
1.318437,17.493334,16.386665
1.318838,17.533333,16.420000
1.319239,17.539999,16.440001
1.319640,17.606667,16.446667
1.320042,17.613333,16.466667
1.320443,17.606667,16.440001
1.320844,17.606667,16.539999
1.321246,17.639999,16.486666
1.321648,17.699999,16.486666
1.322049,17.653334,16.553333
1.322450,17.646667,16.413332
1.322851,17.693333,16.526667
1.323253,17.719999,16.546667
1.323654,17.733334,16.486666
1.324056,17.740000,16.633331
1.324457,17.753334,16.633331
1.324858,17.760000,16.646666
1.325259,17.766666,16.606667
1.325660,17.806665,16.713333
1.326062,17.886667,16.653332
1.326463,17.806665,16.680000
1.326864,17.846666,16.733334
1.327266,17.853333,16.733334
1.327667,17.873333,16.740000
1.328069,17.886667,16.766666
1.328471,17.900000,16.786665
1.328872,17.900000,16.799999
1.329273,17.866667,16.806665
1.329674,17.939999,16.799999
1.330076,17.939999,16.806665
1.330478,17.946665,16.826666
1.330879,17.993332,16.846666
1.331280,17.993332,16.846666
1.331682,18.079998,16.879999
1.332083,17.993332,16.886665
1.332484,18.006666,16.906666
1.332885,18.020000,16.873333
1.333287,18.020000,16.820000
1.333688,18.180000,16.906666
1.334090,18.086666,16.906666
1.334492,18.106667,16.926666
1.334893,18.099998,16.799999
1.335294,18.106667,16.913332
1.335695,18.126667,17.066666
1.336097,18.233332,16.953333
1.336498,18.160000,16.980000
1.336899,18.153334,16.980000
1.337300,18.206665,17.013332
1.337701,18.180000,17.033333
1.338104,18.206665,17.039999
1.338505,18.199999,17.033333
1.338907,18.199999,17.053333
1.339308,18.293333,17.073334
1.339710,18.260000,17.039999
1.340111,18.273333,17.100000
1.340513,18.266666,17.100000
1.340914,18.280001,17.186666
1.341315,18.293333,17.106667
1.341716,18.299999,17.139999
1.342118,18.413334,17.106667
1.342519,18.313334,17.073334
1.342920,18.353333,17.186666
1.343321,18.359999,17.173332
1.343723,18.379999,17.186666
1.344125,18.400000,17.186666
1.344526,18.400000,17.333332
1.344927,18.400000,17.240000
1.345328,18.426666,17.213333
1.345729,18.446667,17.266666
1.346131,18.486666,17.266666
1.346532,18.459999,17.266666
1.346933,18.500000,17.266666
1.347334,18.493332,17.320000
1.347735,18.506666,17.313332
1.348137,18.533333,17.293333
1.348538,18.533333,17.326666
1.348939,18.533333,17.320000
1.349341,18.539999,17.313332
1.349742,18.546667,17.333332
1.350144,18.559999,17.406666
1.350546,18.526667,17.380001
1.350947,18.553333,17.406666
1.351348,18.526667,17.386667
1.351749,18.593332,17.400000
1.352151,18.626665,17.419998
1.352552,18.639999,17.393333
1.352954,18.633333,17.419998
1.353355,18.660000,17.466665
1.353756,18.646666,17.446667
1.354158,18.680000,17.453333
1.354560,18.706667,17.459999
1.354962,18.700001,17.480000
1.355363,18.713333,17.520000
1.355765,18.733332,17.513334
1.356166,18.746666,17.500000
1.356568,18.753332,17.533333
1.356969,18.773333,17.506666
1.357370,18.759998,17.573332
1.357772,18.726665,17.593332
1.358173,18.859999,17.306665
1.358574,18.766666,17.593332
1.358975,18.840000,17.619999
1.359377,18.813334,17.593332
1.359778,18.833334,17.606667
1.360180,18.840000,17.626667
1.360581,18.866665,17.619999
1.360982,18.853333,17.613333
1.361384,18.879999,17.666666
1.361787,18.873333,17.639999
1.362188,18.879999,17.673332
1.362589,18.886665,17.686666
1.362991,18.906666,17.679998
1.363392,18.933332,17.726665
1.363793,18.920000,17.713333
1.364194,18.946667,17.693333
1.364596,18.986666,18.086666
1.364997,18.993332,17.766666
1.365399,19.006666,17.760000
1.365800,18.960001,17.746666
1.366201,18.973333,17.780001
1.366603,18.999998,17.826666
1.367004,18.986666,17.793333
1.367406,19.006666,17.753334
1.367808,18.999998,17.773333
1.368210,19.059999,17.793333
1.368611,19.019999,17.846666
1.369012,18.993332,17.840000
1.369413,19.053333,17.799999
1.369814,19.086666,17.840000
1.370215,19.073334,17.699999
1.370616,19.086666,17.939999
1.371017,19.106667,17.879999
1.371418,19.106667,17.773333
1.371819,19.146666,17.813332
1.372220,19.113333,17.859999
1.372621,19.119999,17.886667
1.373023,19.139999,17.886667
1.373425,19.113333,17.866667
1.373826,19.139999,17.886667
1.374227,19.133331,17.959999
1.374628,19.186666,17.926666
1.375030,19.173332,17.953333
1.375431,19.100000,17.973333
1.375832,19.286665,17.966665
1.376234,19.279999,17.993332
1.376635,19.240000,18.000000
1.377036,19.226667,17.993332
1.377438,19.266666,18.020000
1.377839,19.246666,18.000000
1.378240,19.266666,17.973333
1.378642,19.266666,18.000000
1.379043,19.266666,18.053333
1.379444,19.279999,17.953333
1.379845,19.273333,18.146666
1.380246,19.253332,17.980000
1.380647,19.353334,18.046667
1.381049,19.306665,17.886667
1.381450,19.313334,18.026667
1.381851,19.320000,18.093332
1.382252,19.320000,18.086666
1.382653,19.320000,18.086666
1.383055,19.340000,18.099998
1.383456,19.326666,18.086666
1.383857,19.420000,18.099998
1.384259,19.400000,18.020000
1.384660,19.360001,18.099998
1.385061,19.353334,18.086666
1.385463,19.366667,18.126667
1.385864,19.379999,18.126667
1.386266,19.426666,18.160000
1.386667,19.406666,18.146666
1.387068,19.400000,18.160000
1.387470,19.426666,18.186666
1.387872,19.420000,18.146666
1.388273,19.433332,18.153334
1.388674,19.393332,18.180000
1.389076,19.406666,18.160000
1.389477,19.486668,18.186666
1.389878,19.446667,18.160000
1.390279,19.453333,18.180000
1.390680,19.459999,18.206665
1.391082,19.533333,18.206665
1.391484,19.446667,18.266666
1.391885,19.606667,18.180000
1.392287,19.466667,18.280001
1.392688,19.480000,18.233332
1.393089,19.526665,18.226665
1.393490,19.480000,18.233332
1.393891,19.480000,18.233332
1.394293,19.539999,18.253332
1.394694,19.473333,18.219999
1.395096,19.626667,18.219999
1.395498,19.546665,18.273333
1.395900,19.546665,18.266666
1.396301,19.546665,18.253332
1.396702,19.580000,18.293333
1.397105,19.580000,18.273333
1.397506,19.573334,18.273333
1.397907,19.580000,18.326666
1.398309,19.580000,18.313334
1.398711,19.726667,18.333332
1.399112,19.626667,18.280001
1.399513,19.620001,18.333332
1.399914,19.620001,18.326666
1.400316,19.606667,18.333332
1.400718,19.639999,18.333332
1.401119,19.620001,18.333332
1.401520,19.626667,18.313334
1.401921,19.633333,18.326666
1.402323,19.686666,18.353333
1.402724,19.666666,18.339998
1.403126,19.653332,18.346666
1.403527,19.639999,18.400000
1.403928,19.686666,18.346666
1.404329,19.659998,18.353333
1.404731,19.639999,18.346666
1.405132,19.666666,18.353333
1.405534,19.693333,18.393333
1.405936,19.726667,18.366667
1.406338,19.706667,18.373333
1.406739,19.766666,18.346666
1.407140,19.673332,18.400000
1.407541,19.686666,18.366667
1.407942,19.693333,18.393333
1.408343,19.733334,18.426666
1.408744,19.693333,18.400000
1.409145,19.706667,18.420000
1.409547,19.713333,18.379999
1.409948,19.719999,18.400000
1.410350,19.733334,18.406666
1.410751,19.726667,18.426666
1.411152,19.719999,18.406666
1.411553,19.753334,18.426666
1.411954,19.746666,18.413334
1.412355,19.740000,18.420000
1.412756,19.733334,18.400000
1.413158,19.740000,18.426666
1.413559,19.760000,18.459999
1.413960,19.760000,18.426666
1.414361,19.779999,18.426666
1.414762,19.773333,18.426666
1.415164,19.779999,18.440001
1.415565,19.726667,18.420000
1.415966,19.773333,18.420000
1.416371,19.740000,18.446667
1.416772,19.760000,18.480000
1.417173,19.813332,18.466665
1.417575,19.733334,18.459999
1.417977,19.779999,18.493332
1.418378,19.766666,18.459999
1.418780,19.779999,18.486666
1.419182,19.806665,18.486666
1.419583,19.806665,18.453333
1.419984,19.786665,18.513332
1.420386,19.833332,18.506666
1.420788,19.733334,18.486666
1.421189,19.793333,18.466665
1.421591,19.806665,18.506666
1.421992,19.779999,18.466665
1.422394,19.826666,18.480000
1.422795,19.779999,18.486666
1.423196,19.826666,18.513332
1.423597,19.593332,18.520000
1.423998,19.760000,18.520000
1.424400,19.833332,18.500000
1.424801,19.773333,18.459999
1.425202,19.793333,18.366667
1.425603,19.813332,18.473331
1.426004,19.659998,18.513332
1.426405,19.706667,18.520000
1.426806,19.793333,18.506666
1.427207,19.820000,18.513332
1.427609,19.813332,18.520000
1.428010,19.813332,18.520000
1.428412,19.820000,18.506666
1.428813,19.820000,18.526667
1.429214,19.840000,18.520000
1.429615,19.820000,18.539999
1.430016,19.813332,18.473331
1.430417,19.900000,18.506666
1.430818,19.826666,18.506666
1.431219,19.833332,18.526667
1.431620,19.833332,18.420000
1.432022,19.786665,18.520000
1.432424,19.820000,18.500000
1.432825,19.799999,18.513332
1.433227,19.846666,18.520000
1.433628,19.806665,18.506666
1.434030,19.820000,18.513332
1.434431,19.813332,18.413334
1.434833,19.779999,18.493332
1.435234,19.840000,18.526667
1.435635,19.846666,18.493332
1.436037,19.833332,18.526667
1.436439,19.840000,18.513332
1.436842,19.833332,18.466665
1.437244,19.813332,18.526667
1.437645,19.846666,18.526667
1.438046,19.853333,18.520000
1.438448,19.840000,18.513332
1.438849,19.846666,18.520000
1.439250,19.913332,18.526667
1.439652,19.806665,18.520000
1.440053,19.826666,18.553333
1.440455,19.846666,18.526667
1.440856,19.846666,18.520000
1.441259,19.846666,18.533333
1.441660,19.826666,18.633333
1.442062,19.779999,18.626665
1.442463,19.813332,18.566668
1.442864,19.826666,18.493332
1.443265,19.820000,18.506666
1.443667,19.820000,18.520000
1.444069,19.820000,18.513332
1.444471,19.806665,18.520000
1.444872,19.826666,18.493332
1.445273,19.779999,18.493332
1.445675,19.753334,18.473331
1.446076,19.826666,18.520000
1.446478,19.813332,18.486666
1.446879,19.799999,18.466665
1.447281,19.793333,18.353333
1.447682,19.786665,18.520000
1.448083,19.806665,18.486666
1.448484,19.786665,18.486666
1.448886,19.719999,18.426666
1.449287,19.793333,18.473331
1.449689,19.799999,18.473331
1.450090,19.860001,18.446667
1.450491,19.766666,18.413334
1.450892,19.779999,18.526667
1.451293,19.726667,18.520000
1.451694,19.813332,18.486666
1.452096,19.779999,18.473331
1.452497,19.766666,18.413334
1.452898,19.753334,18.486666
1.453299,19.740000,18.453333
1.453700,19.779999,18.440001
1.454105,19.740000,18.426666
1.454506,19.766666,18.426666
1.454907,19.766666,18.373333
1.455308,19.753334,18.440001
1.455710,19.733334,18.446667
1.456111,19.760000,18.440001
1.456512,19.733334,18.440001
1.456913,19.733334,18.440001
1.457315,19.659998,18.420000
1.457716,19.713333,18.420000
1.458117,19.719999,18.339998
1.458518,19.779999,18.413334
1.458919,19.686666,18.346666
1.459321,19.699999,18.400000
1.459722,19.733334,18.379999
1.460124,19.666666,18.440001
1.460525,19.686666,18.400000
1.460927,19.693333,18.400000
1.461328,19.686666,18.393333
1.461729,19.686666,18.400000
1.462131,19.686666,18.393333
1.462532,19.686666,18.393333
1.462933,19.706667,18.346666
1.463334,19.686666,18.426666
1.463737,19.653332,18.400000
1.464138,19.600000,18.359999
1.464539,19.673332,18.366667
1.464940,19.653332,18.406666
1.465342,19.639999,18.359999
1.465744,19.653332,18.393333
1.466145,19.633333,18.339998
1.466546,19.639999,18.333332
1.466947,19.626667,18.359999
1.467348,19.633333,18.333332
1.467749,19.613333,18.339998
1.468151,19.633333,18.240000
1.468553,19.613333,18.313334
1.468955,19.613333,18.320000
1.469357,19.626667,18.313334
1.469760,19.600000,18.320000
1.470161,19.519999,18.273333
1.470563,19.719999,18.320000
1.470964,19.573334,18.286667
1.471365,19.566666,18.280001
1.471766,19.580000,18.253332
1.472167,19.566666,18.240000
1.472568,19.566666,18.333332
1.472969,19.553333,18.246666
1.473370,19.580000,18.273333
1.473771,19.559999,18.273333
1.474173,19.533333,18.246666
1.474574,19.500000,18.186666
1.474976,19.533333,18.320000
1.475377,19.480000,18.286667
1.475778,19.553333,18.233332
1.476179,19.480000,18.273333
1.476580,19.533333,18.199999
1.476981,19.480000,18.213333
1.477383,19.480000,18.206665
1.477784,19.466667,18.160000
1.478186,19.420000,18.206665
1.478587,19.433332,18.193333
1.478989,19.439999,18.180000
1.479391,19.493334,18.206665
1.479792,19.433332,18.146666
1.480193,19.439999,18.186666
1.480595,19.420000,18.299999
1.480997,19.439999,18.146666
1.481398,19.446667,18.146666
1.481800,19.426666,18.119999
1.482201,19.379999,18.139999
1.482602,19.439999,18.146666
1.483003,19.386665,18.139999
1.483405,19.366667,18.146666
1.483806,19.393332,18.086666
1.484207,19.219999,18.193333
1.484608,19.379999,18.099998
1.485009,19.353334,18.099998
1.485411,19.353334,18.126667
1.485812,19.353334,18.099998
1.486213,19.346666,18.079998
1.486614,19.273333,18.093332
1.487016,19.320000,18.073332
1.487417,19.306665,18.046667
1.487818,19.299999,18.093332
1.488219,19.293333,18.040001
1.488620,19.299999,18.020000
1.489022,19.293333,17.913334
1.489424,19.286665,18.026667
1.489825,19.226667,18.033333
1.490227,19.200001,18.020000
1.490628,19.253332,18.040001
1.491029,19.259998,18.000000
1.491430,19.226667,18.040001
1.491831,19.273333,17.980000
1.492233,19.320000,17.953333
1.492634,19.326666,17.939999
1.493035,19.246666,17.973333
1.493436,19.173332,17.939999
1.493837,19.193333,17.953333
1.494239,19.166666,17.939999
1.494640,19.139999,17.913334
1.495041,19.146666,17.913334
1.495442,19.146666,17.986666
1.495844,19.126665,17.973333
1.496246,19.139999,17.859999
1.496647,19.119999,17.879999
1.497049,19.106667,17.840000
1.497450,19.093334,17.886667
1.497852,19.113333,17.859999
1.498253,19.106667,17.879999
1.498654,19.093334,17.826666
1.499055,19.086666,17.846666
1.499456,19.119999,17.840000
1.499857,19.046667,17.826666
1.500259,18.933332,17.766666
1.500660,19.039999,17.859999
1.501061,19.086666,17.799999
1.501463,18.993332,17.766666
1.501865,19.013332,17.766666
1.502267,18.986666,17.793333
1.502668,18.986666,17.773333
1.503069,18.953333,17.746666
1.503470,18.986666,17.886667
1.503871,18.973333,17.260000
1.504273,18.940001,17.693333
1.504675,18.940001,17.726665
1.505077,18.953333,17.706665
1.505478,18.953333,17.719999
1.505879,18.913332,17.686666
1.506280,18.920000,17.699999
1.506681,18.879999,17.666666
1.507083,18.893333,17.666666
1.507484,18.873333,17.679998
1.507885,18.840000,17.619999
1.508287,18.846666,17.626667
1.508688,18.859999,17.633333
1.509089,18.833334,17.619999
1.509491,18.806667,17.539999
1.509892,18.826666,17.606667
1.510293,18.793333,17.600000
1.510694,18.773333,17.593332
1.511095,18.746666,17.586666
1.511497,18.766666,17.539999
1.511899,18.759998,17.533333
1.512301,18.753332,17.526667
1.512703,18.719999,17.486666
1.513105,18.753332,17.513334
1.513506,18.719999,17.480000
1.513907,18.673334,17.466665
1.514308,18.686666,17.433332
1.514709,18.639999,17.453333
1.515111,18.653334,17.360001
1.515512,18.660000,17.433332
1.515913,18.639999,17.333332
1.516314,18.639999,17.433332
1.516715,18.693333,17.366667
1.517117,18.619999,17.366667
1.517518,18.613333,17.266666
1.517919,18.573334,17.386667
1.518320,18.580000,17.333332
1.518721,18.566668,17.360001
1.519122,18.566668,17.340000
1.519524,18.533333,17.373333
1.519925,18.526667,17.320000
1.520327,18.520000,17.266666
1.520728,18.520000,17.360001
1.521131,18.506666,17.293333
1.521533,18.493332,17.306665
1.521935,18.506666,17.279999
1.522336,18.473331,17.279999
1.522737,18.406666,17.253334
1.523139,18.440001,17.279999
1.523540,18.453333,17.186666
1.523941,18.406666,17.186666
1.524342,18.506666,17.253334
1.524743,18.346666,17.213333
1.525145,18.339998,17.173332
1.525546,18.346666,17.266666
1.525948,18.326666,17.173332
1.526349,18.313334,17.173332
1.526750,18.306667,17.159998
1.527152,18.320000,17.126667
1.527553,18.293333,17.100000
1.527954,18.286667,17.106667
1.528355,18.280001,17.106667
1.528756,18.280001,17.093332
1.529158,18.246666,17.039999
1.529559,18.226665,17.039999
1.529960,18.233332,17.053333
1.530361,18.240000,17.019999
1.530762,18.299999,17.039999
1.531164,18.173334,17.026665
1.531565,18.199999,17.013332
1.531966,18.160000,17.006666
1.532371,18.206665,16.980000
1.532772,18.139999,16.953333
1.533173,18.113333,16.959999
1.533575,18.153334,16.959999
1.533976,18.079998,16.939999
1.534378,18.079998,16.920000
1.534779,18.059999,16.906666
1.535180,18.053333,16.900000
1.535581,18.046667,16.886665
1.535982,18.033333,16.873333
1.536384,18.033333,16.906666
1.536785,18.000000,16.826666
1.537186,18.013332,16.853334
1.537587,17.966665,16.833334
1.537989,17.980000,16.826666
1.538391,17.946665,16.799999
1.538792,17.933332,16.793333
1.539193,17.913334,16.786665
1.539594,17.900000,16.433332
1.539996,17.920000,16.846666
1.540398,17.879999,16.786665
1.540799,17.840000,16.753332
1.541200,17.833332,16.733334
1.541601,17.726665,16.740000
1.542003,17.853333,16.713333
1.542404,17.793333,16.653332
1.542805,17.799999,16.719999
1.543207,17.753334,16.626665
1.543609,17.786667,16.706667
1.544010,17.753334,16.626665
1.544412,17.786667,16.719999
1.544815,17.746666,16.626665
1.545216,17.733334,16.586666
1.545617,17.713333,16.600000
1.546018,17.719999,16.593334
1.546419,17.666666,16.506666
1.546820,17.666666,16.386665
1.547222,17.653334,16.446667
1.547623,17.619999,16.486666
1.548024,17.619999,16.446667
1.548425,17.613333,16.353333
1.548826,17.600000,16.446667
1.549227,17.566666,16.446667
1.549628,17.513334,16.420000
1.550029,17.539999,16.420000
1.550431,17.553331,16.386665
1.550833,17.486666,16.259998
1.551235,17.473333,16.306667
1.551636,17.393333,16.326666
1.552038,17.459999,16.333334
1.552439,17.446667,16.279999
1.552840,17.413332,16.273333
1.553241,17.406666,16.273333
1.553642,17.386667,16.246666
1.554043,17.373333,16.213333
1.554445,17.346666,16.306667
1.554847,17.373333,16.240000
1.555248,17.273333,16.193333
1.555649,17.313332,16.193333
1.556050,17.279999,16.133333
1.556451,17.306665,16.133333
1.556852,17.260000,16.133333
1.557253,17.240000,16.126665
1.557654,17.253334,16.099998
1.558055,17.219999,16.066668
1.558457,17.206667,16.026667
1.558859,17.186666,16.099998
1.559260,17.153332,16.013332
1.559661,17.173332,15.933333
1.560063,17.146666,15.980000
1.560464,17.126667,15.926666
1.560865,17.113333,15.960000
1.561267,17.093332,15.920000
1.561669,17.053333,15.893333
1.562070,17.086666,15.826667
1.562472,17.026665,15.893333
1.562873,17.053333,15.853333
1.563274,17.000000,15.886665
1.563675,17.059999,15.780001
1.564077,16.966667,15.786667
1.564478,17.013332,15.819999
1.564879,16.933332,15.760000
1.565281,16.959999,15.760000
1.565682,16.913332,15.780001
1.566083,16.920000,15.746666
1.566484,16.906666,15.746666
1.566885,16.893332,15.760000
1.567286,16.826666,15.713334
1.567687,16.853334,15.726666
1.568088,16.853334,15.740000
1.568489,16.820000,15.619999
1.568890,16.820000,15.599999
1.569291,16.799999,15.573333
1.569692,16.779999,15.566667
1.570093,16.826666,15.520000
1.570494,16.766666,15.573333
1.570895,16.733334,15.433333
1.571297,16.746666,15.393333
1.571698,16.693333,15.466666
1.572099,16.573334,15.460000
1.572501,16.646666,15.406667
1.572902,16.633331,15.453334
1.573303,16.666666,15.413333
1.573704,16.606667,15.346666
1.574105,16.586666,15.379999
1.574507,16.546667,15.333333
1.574909,16.546667,15.333333
1.575310,16.553333,15.293332
1.575711,16.473333,15.260000
1.576112,16.453333,15.280000
1.576513,16.293333,15.260000
1.576914,16.426666,15.219999
1.577315,16.400000,15.219999
1.577718,16.406666,15.213333
1.578119,16.359999,15.166667
1.578520,16.373333,14.953333
1.578921,16.293333,15.073333
1.579322,16.313334,15.119999
1.579725,16.320000,15.119999
1.580126,16.273333,15.086666
1.580527,16.273333,15.086666
1.580930,16.253332,14.953333
1.581332,16.186666,14.953333
1.581733,16.213333,14.953333
1.582134,16.186666,14.953333
1.582535,16.153334,14.953333
1.582936,16.126665,14.946667
1.583338,16.119999,14.899999
1.583740,16.200001,14.906667
1.584142,16.093332,14.953333
1.584543,16.073334,14.866667
1.584945,16.039999,14.873333
1.585347,15.986667,14.813333
1.585748,15.986667,14.793334
1.586150,15.986667,14.793334
1.586552,15.986667,14.780000
1.586954,15.879999,14.746666
1.587355,15.900000,14.773334
1.587756,15.900000,14.706667
1.588159,15.853333,14.686666
1.588560,15.866667,14.679999
1.588962,15.846667,14.686666
1.589363,15.633333,14.640000
1.589764,15.760000,14.633332
1.590165,15.740000,14.580000
1.590566,15.706666,14.573334
1.590968,15.726666,14.533334
1.591369,15.686666,14.520000
1.591770,15.646666,14.326666
1.592172,15.586667,14.520000
1.592573,15.606667,14.506667
1.592975,15.540000,14.446667
1.593376,15.613333,14.446667
1.593777,15.573333,14.413333
1.594179,15.546666,14.386666
1.594580,15.500000,14.346666
1.594982,15.466666,14.346666
1.595383,15.466666,14.333334
1.595786,15.440000,14.293333
1.596188,15.520000,14.313334
1.596590,15.466666,14.266667
1.596991,15.393333,14.266667
1.597392,15.346666,14.246667
1.597794,15.419999,14.226666
1.598195,15.286666,14.173332
1.598596,15.320001,14.173332
1.598997,15.286666,14.346666
1.599399,15.246666,14.133332
1.599801,15.266666,14.099999
1.600202,15.300000,14.093333
1.600605,15.333333,14.053333
1.601006,15.280000,14.080000
1.601407,15.173333,14.086666
1.601808,15.139999,13.993333
1.602209,15.126667,14.026667
1.602611,15.086666,13.986667
1.603012,15.026666,13.986667
1.603413,15.040000,13.906666
1.603815,15.020000,13.913332
1.604216,14.953333,13.880000
1.604618,15.086666,13.873334
1.605019,14.886666,13.846665
1.605420,14.906667,13.700000
1.605821,14.873333,13.786667
1.606222,14.853333,13.806667
1.606623,14.860001,13.746667
1.607024,14.846666,13.740001
1.607426,14.786666,13.726666
1.607827,14.746666,13.713332
1.608228,14.740000,13.646666
1.608629,14.780000,13.680000
1.609031,14.759999,13.639999
1.609432,14.686666,13.613334
1.609833,14.699999,13.646666
1.610234,14.633332,13.593333
1.610635,14.606667,13.566667
1.611037,14.586666,13.533333
1.611438,14.559999,13.506666
1.611839,14.546666,13.480000
1.612240,14.486667,13.500000
1.612642,14.513333,13.486667
1.613043,14.439999,13.420000
1.613444,14.466667,13.420000
1.613845,14.459999,13.213333
1.614246,14.439999,13.466666
1.614647,14.386666,13.406666
1.615049,14.380000,13.346667
1.615451,14.326666,13.313333
1.615853,14.340000,13.326666
1.616254,14.326666,13.280000
1.616655,14.346666,13.233334
1.617057,14.173332,13.280000
1.617458,14.273334,13.206666
1.617859,14.293333,13.166667
1.618260,14.186666,13.220000
1.618661,14.173332,13.146667
1.619062,14.126666,13.100000
1.619463,14.126666,13.120000
1.619866,14.066666,13.086667
1.620267,14.073334,13.073333
1.620668,14.066666,13.026667
1.621070,14.053333,12.980000
1.621471,14.006667,12.980000
1.621872,13.986667,12.953333
1.622273,13.979999,12.946667
1.622674,13.920000,12.940000
1.623076,13.866666,12.926666
1.623478,13.860000,12.886666
1.623879,13.873334,12.860000
1.624280,13.846665,12.820000
1.624682,13.813334,12.826667
1.625084,13.820000,12.799999
1.625486,13.813334,12.919999
1.625888,13.813334,12.646667
1.626289,13.620000,12.693334
1.626691,13.706666,12.733333
1.627092,13.673334,12.706667
1.627493,13.666666,12.686666
1.627895,13.559999,12.673333
1.628296,13.633333,12.520000
1.628697,13.599999,12.506667
1.629099,13.579999,12.593333
1.629500,13.546667,12.580000
1.629901,13.566667,12.520000
1.630302,13.513332,12.520000
1.630704,13.466666,12.493333
1.631105,13.466666,12.453333
1.631507,13.460000,12.459999
1.631909,13.413334,12.453333
1.632310,13.386665,12.420000
1.632711,13.379999,12.420000
1.633112,13.360000,12.366667
1.633514,13.326666,12.339999
1.633915,13.266666,12.339999
1.634316,13.226666,12.293333
1.634718,13.246666,12.280000
1.635119,13.206666,12.266666
1.635520,13.193333,12.253333
1.635921,13.179999,12.240000
1.636323,13.126666,12.186666
1.636725,13.120000,12.186666
1.637126,13.200000,12.146667
1.637527,13.059999,12.073333
1.637928,13.073333,12.086666
1.638329,13.040000,12.073333
1.638732,13.000000,12.053333
1.639133,13.013333,12.033333
1.639534,12.980000,12.093333
1.639935,12.946667,12.080000
1.640337,12.933333,11.900000
1.640738,12.906667,11.900000
1.641139,12.846666,11.879999
1.641540,12.813334,11.866666
1.641941,12.826667,11.866666
1.642343,12.840000,11.799999
1.642744,12.786666,11.813333
1.643145,12.880000,11.860000
1.643546,12.733333,11.740000
1.643949,12.679999,11.773334
1.644350,12.653333,11.720000
1.644751,12.620000,11.679999
1.645152,12.620000,11.813333
1.645554,12.586666,11.640000
1.645956,12.593333,11.599999
1.646358,12.573334,11.666666
1.646759,12.546666,11.599999
1.647160,12.520000,11.513333
1.647563,12.420000,11.539999
1.647965,12.466666,11.539999
1.648368,12.420000,11.400000
1.648769,12.420000,11.493333
1.649171,12.400000,11.513333
1.649572,12.346666,11.446667
1.649973,12.339999,11.386666
1.650375,12.219999,11.380000
1.650776,12.313334,11.273333
1.651178,12.273333,11.320000
1.651580,12.273333,11.353333
1.651981,12.246667,11.300000
1.652383,12.233334,11.246667
1.652785,12.133333,11.200000
1.653186,12.160000,11.240000
1.653587,12.086666,11.206666
1.653989,12.080000,11.173333
1.654390,12.059999,11.146667
1.654791,11.993333,11.146667
1.655192,11.999999,11.120000
1.655593,11.933332,11.086666
1.655995,11.926666,11.020000
1.656396,11.900000,11.020000
1.656798,11.893333,11.026667
1.657199,11.913333,10.993334
1.657600,11.846666,10.960000
1.658002,11.799999,10.960000
1.658404,11.793333,10.793333
1.658805,11.679999,10.813333
1.659206,11.746666,10.866667
1.659607,11.806666,10.840000
1.660009,11.706667,10.840000
1.660411,11.700000,10.806666
1.660813,11.566667,10.786667
1.661215,11.633333,10.773334
1.661616,11.620000,10.746666
1.662017,11.586667,10.740000
1.662418,11.539999,10.693333
1.662819,11.539999,10.686666
1.663220,11.526667,10.626666
1.663623,11.506666,10.660000
1.664024,11.466666,10.613333
1.664426,11.426666,10.606667
1.664827,11.440000,10.593333
1.665229,11.393333,10.606667
1.665632,11.326667,10.533334
1.666033,11.326667,10.473333
1.666435,11.326667,10.480000
1.666836,11.240000,10.413333
1.667238,11.293333,10.440000
1.667639,11.219999,10.440000
1.668041,11.180000,10.320000
1.668442,11.166666,10.346666
1.668845,11.160000,10.320000
1.669246,11.146667,10.286666
1.669647,11.106667,10.179999
1.670049,11.099999,10.179999
1.670450,11.040000,10.260000
1.670851,11.026667,10.140000
1.671252,10.953333,10.213333
1.671653,10.973333,10.160000
1.672055,10.926667,10.173333
1.672456,10.926667,10.066667
1.672857,10.906667,10.086666
1.673259,10.893332,10.113333
1.673661,10.840000,10.040000
1.674062,10.820000,10.040000
1.674464,10.746666,10.020000
1.674866,10.780000,9.966666
1.675267,10.940000,9.959999
1.675669,10.653334,9.966666
1.676071,10.813333,9.833333
1.676473,10.686666,9.886666
1.676874,10.660000,9.860000
1.677275,10.653334,9.806666
1.677677,10.580000,9.773333
1.678078,10.586667,9.800000
1.678479,10.573333,9.766666
1.678880,10.513333,9.740000
1.679281,10.506666,9.700000
1.679682,10.486666,9.693333
1.680084,10.460000,9.686666
1.680485,10.440000,9.626666
1.680886,10.406667,9.613334
1.681287,10.360000,9.613334
1.681688,10.366666,9.613334
1.682091,10.320000,9.553333
1.682492,10.326667,9.553333
1.682893,10.293333,9.613334
1.683294,10.320000,9.493333
1.683695,10.099999,9.493333
1.684097,10.173333,9.346666
1.684498,10.153333,9.513333
1.684899,10.146667,9.340000
1.685300,10.140000,9.346666
1.685701,10.120000,9.326667
1.686105,10.113333,9.313333
1.686507,10.073334,9.280000
1.686909,10.026666,9.220000
1.687310,9.986667,9.226666
1.687713,9.980000,9.193333
1.688114,9.959999,9.200000
1.688516,9.933333,9.193333
1.688918,9.933333,9.133333
1.689320,9.866667,9.113333
1.689722,9.886666,9.080000
1.690124,9.826666,9.093333
1.690525,9.820000,9.039999
1.690926,9.780000,9.066667
1.691327,9.773333,9.006666
1.691729,9.706666,8.980000
1.692131,9.680000,8.926666
1.692533,9.620000,8.920000
1.692935,9.620000,8.906666
1.693336,9.613334,8.900000
1.693737,9.613334,8.860000
1.694139,9.606667,8.839999
1.694540,9.586666,8.800000
1.694942,9.533333,8.773333
1.695343,9.513333,8.780000
1.695745,9.526667,8.740000
1.696146,9.413333,8.933333
1.696548,9.400000,8.733333
1.696949,9.333333,8.680000
1.697351,9.346666,8.639999
1.697752,9.293333,8.639999
1.698153,9.313333,8.579999
1.698555,9.213333,8.573333
1.698957,9.253333,8.540000
1.699358,9.260000,8.506666
1.699759,9.206667,8.493334
1.700160,9.226666,8.493334
1.700561,9.120000,8.453333
1.700962,9.153334,8.466666
1.701363,9.306666,8.400000
1.701766,9.086667,8.393332
1.702167,9.053333,8.379999
1.702568,9.026667,8.360000
1.702970,9.080000,8.300000
1.703372,9.093333,8.300000
1.703773,8.980000,8.286667
1.704174,8.933333,8.240000
1.704577,8.933333,8.233334
1.704978,8.886666,8.206666
1.705379,8.846666,8.186666
1.705780,8.806666,8.153334
1.706181,8.813334,8.139999
1.706584,8.800000,8.120000
1.706985,8.773333,8.073333
1.707387,8.733333,8.040000
1.707788,8.726666,8.026667
1.708189,8.693334,8.026667
1.708592,8.666666,8.026667
1.708993,8.706666,7.953333
1.709394,8.506666,7.940000
1.709795,8.446666,7.900000
1.710196,8.566667,7.866666
1.710597,8.533333,7.873333
1.710999,8.526667,7.860000
1.711400,8.553333,7.806666
1.711801,8.460000,7.780000
1.712203,8.406667,7.760000
1.712605,8.393332,7.726667
1.713006,8.393332,7.686666
1.713407,8.426667,7.693334
1.713809,8.346666,7.686666
1.714211,8.293333,7.679999
1.714612,8.313333,7.586667
1.715014,8.259999,7.600000
1.715416,8.253333,7.660000
1.715817,8.213333,7.533333
1.716218,8.200000,7.540000
1.716620,8.173333,7.513333
1.717021,8.139999,7.506667
1.717423,8.059999,7.453333
1.717824,8.113333,7.433333
1.718226,8.026667,7.426666
1.718627,7.900000,7.420000
1.719028,8.026667,7.573333
1.719429,7.993333,7.340000
1.719832,7.966667,7.333333
1.720234,7.926667,7.280000
1.720635,7.906666,7.293333
1.721036,7.906666,7.253334
1.721438,7.866666,7.246666
1.721840,7.840000,7.219999
1.722242,7.813334,7.166667
1.722643,7.746666,6.986666
1.723045,7.753333,7.166667
1.723446,7.753333,7.106667
1.723847,7.760000,6.993333
1.724249,7.733333,7.086666
1.724651,7.679999,7.046667
1.725053,7.640000,7.006667
1.725455,7.546666,6.986666
1.725856,7.593334,6.826667
1.726258,7.620000,6.973333
1.726659,7.460000,6.953333
1.727060,7.513333,6.873333
1.727461,7.513333,6.900000
1.727862,7.506667,6.886666
1.728263,7.480000,6.873333
1.728665,7.506667,6.853333
1.729066,7.406666,6.800000
1.729467,7.380000,6.793334
1.729868,7.346666,6.786666
1.730270,7.340000,6.726666
1.730671,7.320000,6.713333
1.731072,7.286667,6.693333
1.731474,7.286667,6.653333
1.731875,7.219999,6.653333
1.732277,7.206666,6.626667
1.732678,7.186666,6.613333
1.733080,7.166667,6.466667
1.733482,7.146667,6.640000
1.733883,7.166667,6.486667
1.734285,7.053333,6.466667
1.734686,7.073333,6.466667
1.735088,7.040000,6.453333
1.735489,7.006667,6.413333
1.735890,6.980000,6.386667
1.736292,6.980000,6.346667
1.736693,6.946667,6.313334
1.737095,6.893333,6.286667
1.737496,6.900000,6.306666
1.737898,6.900000,6.273333
1.738299,6.866666,6.293333
1.738700,6.826667,6.253334
1.739105,6.813333,6.640000
1.739506,6.766666,6.180000
1.739909,6.786666,6.160000
1.740311,6.746666,6.140000
1.740712,6.680000,6.033333
1.741113,6.686666,6.113333
1.741514,6.660000,6.100000
1.741915,6.753333,6.066667
1.742316,6.626667,6.046667
1.742717,6.733333,6.060000
1.743118,6.573333,6.020000
1.743519,6.533333,5.946667
1.743920,6.493333,5.940000
1.744321,6.466667,5.940000
1.744724,6.480000,5.926667
1.745125,6.406667,5.846666
1.745526,6.380000,5.833333
1.745927,6.386667,5.820000
1.746328,6.340000,5.806666
1.746729,6.306666,5.813333
1.747131,6.306666,5.766666
1.747533,6.266666,5.760000
1.747934,6.273333,5.733333
1.748335,6.246666,5.746666
1.748736,6.193333,5.673333
1.749138,6.226666,5.680000
1.749539,6.146667,5.640000
1.749940,6.300000,5.660000
1.750341,6.200000,5.593333
1.750742,6.113333,5.560000
1.751144,6.180000,5.453333
1.751545,6.153333,5.473333
1.751946,6.026667,5.633333
1.752347,6.013333,5.506666
1.752750,6.013333,5.466667
1.753152,5.913333,5.406666
1.753554,5.966666,5.506666
1.753956,5.953333,5.413333
1.754358,5.920000,5.533333
1.754759,5.866666,5.360000
1.755161,5.840000,5.353333
1.755562,5.820000,5.326667
1.755964,5.820000,5.253333
1.756366,5.760000,5.260000
1.756767,5.746666,5.366667
1.757168,5.733333,5.313333
1.757569,5.740000,5.246666
1.757971,5.673333,5.326667
1.758372,5.633333,5.186666
1.758773,5.640000,5.066667
1.759174,5.573333,5.220000
1.759575,5.606667,5.173333
1.759977,5.566667,5.100000
1.760378,5.573333,5.066667
1.760781,5.546667,5.013333
1.761182,5.493333,5.033333
1.761583,5.506666,5.060000
1.761985,5.460000,4.980000
1.762386,5.426667,4.933333
1.762787,5.426667,4.940000
1.763189,5.406666,4.906667
1.763592,5.300000,4.906667
1.763993,5.380000,4.960000
1.764394,5.373333,4.873333
1.764796,5.260000,4.873333
1.765198,5.280000,4.846666
1.765599,5.260000,4.793333
1.766000,5.246666,4.820000
1.766402,5.306666,4.766666
1.766803,5.346666,4.720000
1.767205,5.206666,4.706666
1.767606,5.153333,4.706666
1.768008,5.120000,4.693333
1.768409,5.113333,4.686666
1.768810,5.073333,4.633333
1.769213,5.073333,4.653333
1.769614,5.053333,4.613333
1.770016,5.060000,4.573333
1.770418,5.013333,4.573333
1.770819,4.986667,4.566667
1.771220,4.973333,4.526667
1.771621,4.960000,4.546667
1.772023,4.940000,4.526667
1.772424,4.913333,4.420000
1.772825,4.906667,4.446667
1.773226,4.846666,4.420000
1.773628,4.826666,4.413333
1.774029,4.833333,4.400000
1.774430,4.793333,4.266666
1.774831,4.780000,4.360000
1.775233,4.846666,4.386666
1.775634,4.660000,4.326666
1.776036,4.706666,4.293333
1.776437,4.693333,4.253333
1.776838,4.680000,4.266666
1.777240,4.653333,4.206666
1.777641,4.633333,4.206666
1.778043,4.600000,4.186666
1.778445,4.626667,4.186666
1.778846,4.573333,4.080000
1.779247,4.546667,4.126667
1.779648,4.553333,4.080000
1.780050,4.500000,4.100000
1.780452,4.466667,4.106667
1.780853,4.506667,4.073333
1.781254,4.506667,4.026666
1.781655,4.426666,4.053333
1.782056,4.386666,3.980000
1.782457,4.333333,3.980000
1.782858,4.366666,3.960000
1.783260,4.400000,3.960000
1.783661,4.273333,3.920000
1.784062,4.220000,3.906667
1.784463,4.326666,3.926666
1.784864,4.306667,3.873333
1.785266,4.246667,3.873333
1.785669,4.213334,3.846667
1.786070,4.206666,3.840000
1.786471,4.186666,3.813334
1.786872,4.186666,3.820000
1.787273,4.126667,3.820000
1.787674,4.166667,3.733333
1.788075,4.080000,3.700000
1.788476,4.093333,3.700000
1.788877,4.040000,3.680000
1.789279,4.066667,3.653333
1.789680,4.040000,3.666667
1.790081,4.020000,3.613333
1.790482,4.000000,3.606667
1.790883,4.000000,3.586667
1.791285,3.933333,3.533333
1.791688,4.060000,3.606667
1.792090,3.893333,3.593333
1.792491,3.940000,3.500000
1.792892,3.866667,3.626667
1.793294,3.860000,3.566667
1.793695,3.746666,3.433333
1.794096,3.820000,3.440000
1.794498,3.786667,3.346666
1.794899,3.786667,3.386667
1.795300,3.746666,3.373333
1.795701,3.660000,3.400000
1.796105,3.693333,3.346666
1.796507,3.666667,3.346666
1.796908,3.673333,3.320000
1.797309,3.646667,3.280000
1.797710,3.633333,3.300000
1.798111,3.613333,3.280000
1.798513,3.586667,3.206667
1.798914,3.560000,3.253333
1.799315,3.553333,3.226667
1.799718,3.506667,3.173333
1.800120,3.526666,3.193333
1.800521,3.460000,3.440000
1.800922,3.433333,3.133333
1.801323,3.426666,3.133333
1.801725,3.440000,3.093333
1.802126,3.573333,3.080000
1.802529,3.393333,3.040000
1.802931,3.360000,3.073333
1.803332,3.366667,3.013333
1.803733,3.313333,2.986667
1.804135,3.320000,3.013333
1.804536,3.300000,2.980000
1.804938,3.286667,2.973333
1.805339,3.213333,2.946667
1.805740,3.260000,2.946667
1.806141,3.226667,2.900000
1.806542,3.226667,2.966666
1.806944,3.260000,2.786667
1.807346,3.160000,2.926667
1.807747,3.166667,2.886667
1.808148,3.146667,2.726667
1.808549,3.160000,2.813333
1.808950,3.126667,2.840000
1.809353,3.120000,2.786667
1.809754,3.266667,2.773333
1.810156,3.046667,2.760000
1.810557,3.033333,2.753333
1.810958,3.040000,2.733333
1.811360,3.013333,2.706666
1.811761,3.006667,2.726667
1.812163,3.006667,2.666667
1.812564,2.960000,2.686666
1.812965,2.953333,2.640000
1.813366,2.946667,2.620000
1.813767,2.933333,2.613333
1.814170,2.833333,2.613333
1.814572,2.906667,2.446667
1.814974,2.860000,2.553333
1.815376,2.820000,2.540000
1.815777,2.800000,2.540000
1.816179,2.813333,2.513333
1.816580,2.793333,2.486667
1.816982,2.766667,2.493333
1.817383,2.733333,2.460000
1.817785,2.746667,2.460000
1.818186,2.733333,2.400000
1.818587,2.726667,2.433333
1.818989,2.640000,2.406667
1.819390,2.680000,2.426666
1.819791,2.700000,2.373333
1.820192,2.640000,2.360000
1.820593,2.646667,2.353333
1.820995,2.620000,2.373333
1.821396,2.613333,2.313333
1.821797,2.600000,2.260000
1.822199,2.566667,2.260000
1.822600,2.520000,2.260000
1.823002,2.566667,2.260000
1.823404,2.473333,2.246667
1.823807,2.466667,2.246667
1.824209,2.500000,2.213333
1.824611,2.493333,2.180000
1.825012,2.433333,2.193333
1.825413,2.446667,2.200000
1.825814,2.540000,2.180000
1.826216,2.400000,2.106667
1.826617,2.393333,2.113333
1.827018,2.366667,2.113333
1.827419,2.346667,2.086667
1.827820,2.360000,2.093333
1.828221,2.333333,2.066667
1.828622,2.320000,2.033333
1.829023,2.320000,2.066667
1.829425,2.353333,2.026667
1.829826,2.273333,2.006667
1.830227,2.260000,2.000000
1.830628,2.426666,1.980000
1.831029,2.266667,1.986667
1.831431,2.220000,1.960000
1.831834,2.146667,1.986667
1.832235,2.200000,1.913333
1.832636,2.166667,1.913333
1.833037,2.166667,1.900000
1.833438,2.186667,1.906667
1.833839,2.020000,1.873333
1.834240,2.126667,1.806667
1.834641,2.146667,1.860000
1.835042,2.100000,1.853333
1.835444,2.066667,1.846667
1.835846,2.053333,1.820000
1.836247,2.053333,1.773333
1.836648,2.033333,2.000000
1.837049,2.053333,1.633333
1.837451,1.986667,1.766667
1.837852,1.980000,1.706667
1.838253,1.973333,1.753333
1.838656,1.926667,1.720000
1.839057,1.940000,1.713333
1.839458,1.913333,1.700000
1.839861,1.900000,1.666667
1.840262,1.900000,1.653333
1.840665,1.866667,1.646667
1.841067,1.873333,1.373333
1.841469,1.833333,1.553333
1.841870,1.880000,1.606667
1.842272,1.826667,1.573333
1.842673,1.866667,1.566667
1.843075,1.813333,1.600000
1.843476,1.780000,1.560000
1.843879,1.760000,1.553333
1.844280,1.753333,1.546667
1.844681,1.733333,1.653333
1.845083,1.753333,1.480000
1.845484,1.713333,1.486667
1.845885,1.713333,1.493333
1.846287,1.713333,1.300000
1.846688,1.680000,1.513333
1.847090,1.660000,1.453333
1.847491,1.653333,1.513333
1.847892,1.640000,1.420000
1.848294,1.633333,1.393333
1.848695,1.613333,1.446667
1.849097,1.586667,1.386667
1.849499,1.580000,1.293333
1.849900,1.606667,1.380000
1.850301,1.566667,1.360000
1.850703,1.433333,1.326667
1.851105,1.553333,1.280000
1.851506,1.520000,1.360000
1.851907,1.513333,1.353333
1.852308,1.486667,1.320000
1.852709,1.500000,1.300000
1.853111,1.513333,1.386667
1.853514,1.513333,1.213333
1.853916,1.453333,1.273333
1.854319,1.453333,1.280000
1.854720,1.460000,1.220000
1.855121,1.433333,1.226667
1.855524,1.386667,1.046667
1.855926,1.393333,1.200000
1.856328,1.393333,1.206667
1.856729,1.373333,1.193333
1.857131,1.440000,0.993333
1.857533,1.353333,1.140000
1.857936,1.326667,1.153333
1.858337,1.300000,1.246667
1.858738,1.433333,1.140000
1.859139,1.240000,1.046667
1.859540,1.326667,1.320000
1.859941,1.273333,1.093333
1.860342,1.293333,1.100000
1.860743,1.266667,1.080000
1.861146,1.240000,1.013333
1.861547,1.253333,1.093333
1.861949,1.220000,1.053333
1.862350,1.273333,1.033333
1.862751,1.226667,1.020000
1.863152,1.286667,1.020000
1.863553,1.146667,1.020000
1.863955,1.213333,1.033333
1.864357,1.166667,0.986667
1.864758,1.146667,0.973333
1.865159,1.153333,0.946667
1.865560,1.133333,0.946667
1.865962,1.146667,0.960000
1.866364,1.100000,0.946667
1.866765,1.066667,0.946667
1.867166,1.093333,0.946667
1.867567,1.073333,0.946667
1.867968,1.153333,0.946667
1.868369,1.046667,0.946667
1.868770,1.060000,0.946667
1.869171,1.046667,0.946667
1.869572,1.040000,0.946667
1.869973,0.986667,0.946667
1.870375,1.006667,0.946667
1.870776,1.026667,0.946667
1.871178,0.973333,0.946667
1.871579,0.993333,0.946667
1.871981,0.966667,0.946667
1.872382,0.960000,0.946667
1.872785,0.960000,0.946667
1.873187,0.966667,0.946667
1.873589,0.953333,0.946667
1.873991,0.953333,0.946667
1.874393,0.960000,0.946667
1.874794,0.946667,0.946667
1.875195,0.946667,0.946667
1.875598,1.000000,0.946667
1.875999,0.946667,0.946667
1.876400,0.946667,0.946667
1.876801,0.946667,0.946667
1.877202,0.946667,0.946667
1.877603,0.946667,0.946667
1.878005,0.946667,0.946667
1.878406,0.946667,0.946667
1.878807,0.946667,0.946667
1.879209,0.946667,0.946667
1.879612,0.946667,0.946667
1.880015,0.946667,0.946667
1.880416,0.946667,0.946667
1.880817,0.946667,0.946667
1.881219,0.946667,0.946667
1.881622,0.946667,0.946667
1.882023,0.960000,0.946667
1.882424,0.946667,0.946667
1.882827,0.946667,0.946667
1.883228,0.946667,0.946667
1.883629,0.946667,0.946667
1.884030,0.946667,0.946667
1.884432,0.946667,0.946667
1.884833,0.946667,0.946667
1.885234,0.946667,0.946667
1.885637,0.946667,0.946667
1.886038,0.946667,0.946667
1.886439,0.946667,0.946667
1.886841,0.946667,0.946667
1.887242,0.946667,0.946667
1.887643,0.946667,0.946667
1.888045,0.946667,0.946667
1.888446,0.946667,0.946667
1.888849,0.946667,0.946667
1.889250,0.946667,0.946667
1.889651,0.946667,0.946667
1.890052,0.946667,0.946667
1.890453,0.946667,0.946667
1.890854,0.946667,0.946667
1.891255,0.946667,0.946667
1.891656,0.946667,0.946667
1.892057,0.946667,0.946667
1.892458,0.946667,0.946667
1.892859,0.946667,0.946667
1.893260,0.946667,0.946667
1.893661,0.946667,0.946667
1.894062,0.946667,0.946667
1.894463,0.946667,0.946667
1.894864,0.946667,0.946667
1.895266,0.946667,0.946667
1.895667,0.946667,0.946667
1.896069,0.946667,0.946667
1.896470,0.946667,0.946667
1.896873,0.946667,0.946667
1.897275,0.946667,0.946667
1.897676,0.946667,0.946667
1.898077,0.946667,0.946667
1.898479,0.946667,0.946667
1.898880,0.946667,0.946667
1.899281,0.946667,0.946667
1.899682,0.946667,0.946667
1.900083,0.946667,0.946667
1.900484,0.946667,0.946667
1.900885,0.946667,0.946667
1.901287,0.946667,0.946667
1.901689,0.946667,0.946667
1.902091,0.946667,0.946667
1.902493,0.946667,0.946667
1.902894,0.946667,0.946667
1.903296,0.946667,0.946667
1.903698,0.946667,0.946667
1.904099,0.946667,0.946667
1.904500,0.946667,0.946667
1.904902,0.946667,0.946667
1.905303,0.946667,0.946667
1.905704,0.946667,0.946667
1.906105,0.946667,0.946667
1.906506,0.946667,0.946667
1.906907,0.946667,0.946667
1.907308,0.946667,0.946667
1.907709,0.946667,0.946667
1.908111,0.946667,0.946667
1.908513,0.946667,0.946667
1.908914,0.946667,0.946667
1.909316,0.946667,0.946667
1.909719,0.946667,0.946667
1.910121,0.946667,0.946667
1.910524,0.946667,0.946667
1.910925,0.946667,0.946667
1.911327,0.946667,0.946667
1.911729,0.946667,0.946667
1.912131,0.946667,0.946667
1.912533,0.946667,0.946667
1.912934,0.946667,0.946667
1.913336,0.946667,0.946667
1.913737,0.946667,0.946667
1.914138,0.946667,0.946667
1.914541,0.946667,0.946667
1.914942,0.946667,0.946667
1.915343,0.946667,0.946667
1.915744,0.946667,0.946667
1.916145,0.946667,0.946667
1.916546,0.946667,0.946667
1.916948,0.946667,0.946667
1.917351,0.946667,0.946667
1.917752,0.946667,0.946667
1.918153,0.946667,0.946667
1.918554,0.946667,0.946667
1.918955,0.946667,0.946667
1.919357,0.946667,0.946667
1.919758,0.946667,0.946667
1.920159,0.946667,0.946667
1.920560,0.946667,0.946667
1.920962,0.946667,0.946667
1.921363,0.946667,0.946667
1.921764,0.946667,0.946667
1.922166,0.946667,0.946667
1.922567,0.946667,0.946667
1.922969,0.946667,0.946667
1.923370,0.946667,0.946667
1.923771,0.946667,0.946667
1.924173,0.946667,0.946667
1.924574,0.946667,0.946667
1.924975,0.946667,0.946667
1.925377,0.946667,0.946667
1.925779,0.946667,0.946667
1.926180,0.946667,0.946667
1.926581,0.946667,0.946667
1.926982,0.946667,0.946667
1.927384,0.946667,0.946667
1.927785,0.946667,0.946667
1.928186,0.946667,0.946667
1.928587,0.946667,0.946667
1.928989,0.946667,0.946667
1.929391,0.946667,0.946667
1.929792,0.946667,0.946667
1.930193,0.946667,0.946667
1.930595,0.946667,0.946667
1.930996,0.946667,0.946667
1.931397,0.946667,0.946667
1.931798,0.946667,0.946667
1.932200,0.946667,0.946667
1.932603,0.946667,0.946667
1.933004,0.946667,0.946667
1.933405,0.946667,0.946667
1.933806,0.946667,0.946667
1.934208,0.946667,0.946667
1.934609,0.946667,0.946667
1.935010,0.946667,0.946667
1.935411,0.946667,0.946667
1.935814,0.946667,0.946667
1.936215,0.946667,0.946667
1.936617,0.946667,0.946667
1.937019,0.946667,0.946667
1.937420,0.946667,0.946667
1.937823,0.946667,0.946667
1.938224,0.946667,0.946667
1.938625,0.946667,0.946667
1.939026,0.946667,0.946667
1.939427,0.946667,0.946667
1.939828,0.946667,0.946667
1.940229,0.946667,0.946667
1.940630,0.946667,0.946667
1.941032,0.946667,0.946667
1.941433,0.946667,0.946667
1.941834,0.946667,0.946667
1.942236,0.946667,0.946667
1.942637,0.946667,0.946667
1.943038,0.946667,0.946667
1.943440,0.946667,0.946667
1.943842,0.946667,0.946667
1.944244,0.946667,0.946667
1.944645,0.946667,0.946667
1.945046,0.946667,0.946667
1.945447,0.946667,0.946667
1.945848,0.946667,0.946667
1.946250,0.946667,0.946667
1.946651,0.946667,0.946667
1.947052,0.946667,0.946667
1.947454,0.946667,0.946667
1.947855,0.946667,0.946667
1.948257,0.946667,0.946667
1.948658,0.946667,0.946667
1.949059,0.946667,0.946667
1.949461,0.946667,0.946667
1.949862,0.946667,0.946667
1.950264,0.946667,0.946667
1.950665,0.946667,0.946667
1.951067,0.946667,0.946667
1.951468,0.946667,0.946667
1.951871,0.946667,0.946667
1.952272,0.946667,0.946667
1.952674,0.946667,0.946667
1.953075,0.946667,0.946667
1.953476,0.946667,0.946667
1.953877,0.946667,0.946667
1.954279,0.946667,0.946667
1.954680,0.946667,0.946667
1.955082,0.946667,0.946667
1.955484,0.946667,0.946667
1.955885,0.946667,0.946667
1.956286,0.946667,0.946667
1.956687,0.946667,0.946667
1.957088,0.946667,0.946667
1.957489,0.946667,0.946667
1.957890,0.946667,0.946667
1.958292,0.946667,0.946667
1.958695,0.946667,0.946667
1.959096,0.946667,0.946667
1.959497,0.946667,0.946667
1.959898,0.946667,0.946667
1.960299,0.946667,0.946667
1.960700,0.946667,0.946667
1.961105,0.946667,0.946667
1.961506,0.946667,0.946667
1.961907,0.946667,0.946667
1.962309,0.946667,0.946667
1.962711,0.946667,0.946667
1.963113,0.946667,0.946667
1.963514,0.946667,0.946667
1.963915,0.946667,0.946667
1.964316,0.946667,0.946667
1.964717,0.946667,0.946667
1.965118,0.946667,0.946667
1.965519,0.946667,0.946667
1.965920,0.946667,0.946667
1.966321,0.946667,0.946667
1.966722,0.946667,0.946667
1.967125,0.946667,0.946667
1.967526,0.946667,0.946667
1.967928,0.946667,0.946667
1.968330,0.946667,0.946667
1.968732,0.946667,0.946667
1.969133,0.946667,0.946667
1.969536,0.946667,0.946667
1.969939,0.946667,0.946667
1.970341,0.946667,0.946667
1.970742,0.946667,0.946667
1.971144,0.946667,0.946667
1.971545,0.946667,0.946667
1.971948,0.946667,0.946667
1.972349,0.946667,0.946667
1.972751,0.946667,0.946667
1.973152,0.946667,0.946667
1.973553,0.946667,0.946667
1.973955,0.946667,0.946667
1.974357,0.946667,0.946667
1.974758,0.946667,0.946667
1.975160,0.946667,0.946667
1.975561,0.946667,0.946667
1.975963,0.946667,0.946667
1.976364,0.946667,0.946667
1.976767,0.946667,0.946667
1.977168,0.946667,0.946667
1.977570,0.946667,0.946667
1.977971,0.946667,0.946667
1.978372,0.946667,0.946667
1.978775,0.946667,0.946667
1.979177,0.946667,0.946667
1.979579,0.946667,0.946667
1.979980,0.946667,0.946667
1.980381,0.946667,0.946667
1.980782,0.946667,0.946667
1.981184,0.946667,0.946667
1.981586,0.946667,0.946667
1.981988,0.946667,0.946667
1.982390,0.946667,0.946667
1.982791,0.946667,0.946667
1.983192,0.946667,0.946667
1.983593,0.946667,0.946667
1.983995,0.946667,0.946667
1.984397,0.946667,0.946667
1.984799,0.946667,0.946667
1.985201,0.946667,0.946667
1.985603,0.946667,0.946667
1.986005,0.946667,0.946667
1.986407,0.946667,0.946667
1.986808,0.946667,0.946667
1.987209,0.946667,0.946667
1.987612,0.946667,0.946667
1.988013,0.946667,0.946667
1.988415,0.946667,0.946667
1.988816,0.946667,0.946667
1.989218,0.946667,0.946667
1.989620,0.946667,0.946667
1.990021,0.946667,0.946667
1.990422,0.946667,0.946667
1.990823,0.946667,0.946667
1.991225,0.946667,0.946667
1.991626,0.946667,0.946667
1.992027,0.960000,0.946667
1.992428,0.966667,0.946667
1.992829,0.966667,0.946667
1.993230,0.946667,0.946667
1.993631,0.946667,0.946667
1.994033,0.946667,0.946667
1.994434,0.946667,0.946667
1.994835,0.946667,0.946667
1.995236,0.966667,0.946667
1.995637,0.946667,0.946667
1.996038,0.953333,0.946667
1.996439,0.953333,0.946667
1.996840,0.993333,0.946667
1.997241,0.973333,0.946667
1.997642,0.980000,0.946667
1.998043,0.973333,0.946667
1.998445,1.000000,0.946667
1.998846,1.020000,0.946667
1.999247,1.053333,0.946667
1.999648,1.033333,0.946667
2.000050,0.986667,0.946667
2.000452,1.046667,0.946667
2.000853,1.080000,0.946667
2.001255,1.100000,0.946667
2.001656,1.140000,0.946667
2.002058,1.086667,0.946667
2.002460,1.086667,0.946667
2.002861,1.106667,0.946667
2.003262,1.100000,0.966667
2.003665,1.200000,0.966667
2.004066,1.153333,0.986667
2.004468,1.160000,0.960000
2.004870,1.166667,1.000000
2.005272,1.200000,1.000000
2.005673,1.193333,0.960000
2.006074,1.233333,1.046667
2.006475,1.206667,1.033333
2.006877,1.186667,1.046667
