0.000000,19.840000,18.653334
0.000402,19.833332,18.639999
0.000803,19.820000,18.626665
0.001204,19.826666,18.639999
0.001606,19.880001,18.619999
0.002007,19.840000,18.566668
0.002409,19.840000,18.660000
0.002810,19.860001,18.639999
0.003211,19.813332,18.646666
0.003613,19.833332,18.646666
0.004015,19.820000,18.633333
0.004416,19.833332,18.646666
0.004817,19.840000,18.653334
0.005218,19.860001,18.660000
0.005620,19.806665,18.673334
0.006021,19.853333,18.646666
0.006422,19.840000,18.660000
0.006823,19.826666,18.673334
0.007224,19.840000,18.686666
0.007626,19.833332,18.646666
0.008028,19.853333,18.660000
0.008429,19.786665,18.686666
0.008830,19.866667,18.653334
0.009232,19.840000,18.673334
0.009634,19.779999,18.626665
0.010036,19.833332,18.613333
0.010437,19.760000,18.646666
0.010838,19.846666,18.773333
0.011239,19.860001,18.639999
0.011641,19.833332,18.646666
0.012042,19.846666,18.653334
0.012444,19.846666,18.646666
0.012846,19.813332,18.646666
0.013247,19.840000,18.619999
0.013648,19.860001,18.660000
0.014049,19.793333,18.646666
0.014451,19.853333,18.646666
0.014853,19.833332,18.626665
0.015254,19.826666,18.599998
0.015655,19.840000,18.639999
0.016056,19.826666,18.693333
0.016457,19.820000,18.613333
0.016859,19.820000,18.586666
0.017261,19.786665,18.613333
0.017663,19.886667,18.660000
0.018064,19.860001,18.633333
0.018465,19.833332,18.586666
0.018866,19.793333,18.586666
0.019267,19.820000,18.639999
0.019668,19.833332,18.599998
0.020069,19.833332,18.706667
0.020471,19.826666,18.626665
0.020872,19.813332,18.646666
0.021273,19.813332,18.593332
0.021674,19.779999,18.646666
0.022075,19.799999,18.619999
0.022476,19.833332,18.626665
0.022877,19.820000,18.619999
0.023279,19.833332,18.626665
0.023680,19.813332,18.639999
0.024081,19.773333,18.599998
0.024482,19.793333,18.599998
0.024884,19.786665,18.599998
0.025286,19.773333,18.613333
0.025687,19.786665,18.586666
0.026088,19.840000,18.613333
0.026490,19.833332,18.639999
0.026892,19.779999,18.646666
0.027293,19.826666,18.639999
0.027695,19.773333,18.599998
0.028096,19.786665,18.593332
0.028498,19.799999,18.599998
0.028899,19.733334,18.606665
0.029300,19.766666,18.580000
0.029702,19.760000,18.580000
0.030104,19.820000,18.646666
0.030505,19.746666,18.593332
0.030906,19.753334,18.553333
0.031307,19.740000,18.466665
0.031709,19.706667,18.580000
0.032110,19.713333,18.573334
0.032511,19.753334,18.533333
0.032912,19.699999,18.566668
0.033313,19.753334,18.559999
0.033715,19.713333,18.546667
0.034116,19.740000,18.553333
0.034518,19.706667,18.539999
0.034919,19.753334,18.526667
0.035320,19.713333,18.586666
0.035721,19.719999,18.520000
0.036123,19.706667,18.646666
0.036525,19.799999,18.526667
0.036926,19.706667,18.539999
0.037328,19.559999,18.546667
0.037729,19.699999,18.526667
0.038130,19.713333,18.513332
0.038532,19.679998,18.526667
0.038933,19.699999,18.606665
0.039335,19.686666,18.506666
0.039736,19.686666,18.500000
0.040137,19.633333,18.526667
0.040539,19.906666,18.493332
0.040942,19.666666,18.473331
0.041343,19.620001,18.466665
0.041745,19.659998,18.526667
0.042146,19.653332,18.446667
0.042547,19.659998,18.459999
0.042948,19.653332,18.453333
0.043350,19.586666,18.493332
0.043752,19.600000,18.459999
0.044153,19.606667,18.473331
0.044556,19.580000,18.446667
0.044958,19.600000,18.446667
0.045360,19.653332,18.426666
0.045761,19.593332,18.426666
0.046163,19.580000,18.413334
0.046565,19.586666,18.406666
0.046966,19.573334,18.400000
0.047368,19.580000,18.400000
0.047769,19.566666,18.400000
0.048170,19.573334,18.373333
0.048572,19.566666,18.400000
0.048973,19.553333,18.400000
0.049374,19.546665,18.379999
0.049776,19.539999,18.379999
0.050178,19.506666,18.400000
0.050579,19.539999,18.353333
0.050980,19.506666,18.420000
0.051382,19.620001,18.446667
0.051783,19.526665,18.373333
0.052185,19.480000,18.313334
0.052588,19.439999,18.353333
0.052989,19.473333,18.313334
0.053391,19.459999,18.339998
0.053792,19.473333,18.293333
0.054193,19.439999,18.326666
0.054594,19.466667,18.286667
0.054995,19.413332,18.293333
0.055396,19.433332,18.286667
0.055798,19.453333,18.359999
0.056201,19.426666,18.199999
0.056603,19.413332,18.273333
0.057004,19.426666,18.286667
0.057405,19.420000,18.233332
0.057807,19.426666,18.280001
0.058209,19.393332,18.213333
0.058610,19.379999,18.219999
0.059011,19.373333,18.246666
0.059412,19.360001,18.213333
0.059815,19.306665,18.219999
0.060216,19.320000,18.240000
0.060619,19.286665,18.199999
0.061020,19.326666,18.193333
0.061422,19.333334,18.206665
0.061824,19.333334,18.206665
0.062225,19.393332,18.193333
0.062627,19.306665,18.160000
0.063029,19.313334,18.166666
0.063430,19.286665,18.166666
0.063831,19.313334,18.126667
0.064232,19.279999,18.146666
0.064633,19.273333,18.119999
0.065034,19.266666,18.226665
0.065436,19.259998,18.146666
0.065837,19.233334,18.139999
0.066238,19.193333,18.119999
0.066640,19.233334,18.113333
0.067041,19.219999,18.099998
0.067443,19.226667,18.079998
0.067845,19.200001,18.079998
0.068246,19.219999,18.106667
0.068647,19.233334,18.093332
0.069048,19.186666,17.973333
0.069450,19.133331,18.079998
0.069851,19.166666,18.046667
0.070252,19.153332,17.886667
0.070653,19.139999,18.020000
0.071054,19.113333,18.020000
0.071456,19.113333,18.020000
0.071857,19.106667,18.020000
0.072258,19.113333,18.020000
0.072659,19.113333,17.600000
0.073060,19.106667,17.953333
0.073464,19.146666,17.959999
0.073865,19.160000,17.973333
0.074266,19.046667,17.939999
0.074667,19.053333,17.973333
0.075068,19.053333,17.939999
0.075470,19.053333,17.926666
0.075872,19.013332,17.986666
0.076274,18.986666,17.939999
0.076675,19.033333,17.986666
0.077077,19.066666,17.879999
0.077478,19.013332,17.906668
0.077880,18.986666,17.840000
0.078281,18.973333,17.859999
0.078682,18.953333,17.873333
0.079083,18.966667,17.973333
0.079485,18.953333,17.846666
0.079886,18.999998,17.840000
0.080287,18.913332,17.840000
0.080688,18.859999,17.846666
0.081089,19.033333,17.820000
0.081491,18.913332,17.806665
0.081893,18.940001,17.793333
0.082296,18.873333,17.773333
0.082698,18.900000,17.780001
0.083100,18.859999,17.760000
0.083502,18.846666,17.746666
0.083904,18.840000,17.713333
0.084305,18.853333,17.746666
0.084707,18.759998,17.613333
0.085108,18.866665,17.719999
0.085509,18.673334,17.719999
0.085911,18.700001,17.719999
0.086313,18.733332,17.679998
0.086714,18.740000,17.686666
0.087116,18.753332,17.673332
0.087518,18.740000,17.673332
0.087919,18.719999,17.626667
0.088320,18.713333,17.626667
0.088721,18.733332,17.639999
0.089122,18.693333,17.619999
0.089525,18.726665,17.626667
0.089926,18.666666,17.593332
0.090327,18.646666,17.593332
0.090729,18.686666,17.586666
0.091130,18.680000,17.539999
0.091532,18.639999,17.513334
0.091933,18.573334,17.506666
0.092335,18.606665,17.533333
0.092737,18.746666,17.506666
0.093139,18.593332,17.500000
0.093540,18.586666,17.453333
0.093941,18.719999,17.493334
0.094342,18.586666,17.500000
0.094743,18.526667,17.426666
0.095145,18.533333,17.446667
0.095546,18.526667,17.446667
0.095947,18.500000,17.459999
0.096348,18.520000,17.406666
0.096749,18.493332,17.413332
0.097150,18.513332,17.433332
0.097552,18.453333,17.380001
0.097954,18.440001,17.386667
0.098355,18.420000,17.386667
0.098756,18.420000,17.333332
0.099157,18.393333,17.313332
0.099559,18.379999,17.333332
0.099960,18.359999,17.306665
0.100362,18.393333,17.286665
0.100764,18.359999,17.320000
0.101165,18.339998,17.266666
0.101566,18.353333,17.199999
0.101967,18.333332,17.293333
0.102368,18.326666,17.219999
0.102770,18.313334,17.246666
0.103172,18.286667,17.193333
0.103573,18.253332,17.213333
0.103974,18.273333,17.186666
0.104375,18.226665,17.186666
0.104776,18.246666,17.219999
0.105177,18.213333,17.186666
0.105579,18.199999,17.186666
0.105981,18.199999,17.159998
0.106382,18.180000,17.286665
0.106783,18.153334,17.039999
0.107184,18.180000,17.240000
0.107585,18.133333,17.126667
0.107987,18.079998,17.073334
0.108388,18.126667,17.073334
0.108789,17.973333,17.039999
0.109190,18.093332,17.039999
0.109592,18.073332,16.920000
0.109993,18.013332,17.019999
0.110395,18.033333,16.980000
0.110796,18.046667,16.959999
0.111198,17.973333,16.973333
0.111599,17.993332,16.939999
0.112000,17.993332,16.933332
0.112401,18.066666,16.953333
0.112802,17.973333,16.926666
0.113203,17.946665,16.920000
0.113605,17.866667,16.906666
0.114006,17.913334,16.900000
0.114407,17.893333,16.893332
0.114808,17.900000,16.713333
0.115210,17.859999,16.853334
0.115612,17.873333,16.886665
0.116013,17.833332,16.846666
0.116414,17.873333,16.913332
0.116815,17.859999,16.820000
0.117216,17.833332,16.900000
0.117617,17.733334,16.793333
0.118018,17.733334,16.740000
0.118419,17.799999,16.786665
0.118821,17.780001,16.786665
0.119222,17.733334,16.779999
0.119623,17.580000,16.726667
0.120025,17.706665,16.733334
0.120426,17.706665,16.700001
0.120827,17.679998,16.713333
0.121228,17.673332,16.693333
0.121629,17.666666,16.673332
0.122030,17.613333,16.706667
0.122432,17.626667,16.619999
0.122833,17.679998,16.473333
0.123234,17.706665,16.726667
0.123635,17.559999,16.586666
0.124036,17.559999,16.559999
0.124437,17.506666,16.593334
0.124838,17.566666,16.573334
0.125239,17.413332,16.533333
0.125641,17.506666,16.506666
0.126042,17.439999,16.533333
0.126443,17.466665,16.440001
0.126844,17.533333,16.526667
0.127245,17.459999,16.440001
0.127647,17.320000,16.453333
0.128048,17.426666,16.446667
0.128450,17.393333,16.373333
0.128852,17.366667,16.386665
0.129253,17.360001,16.326666
0.129654,17.360001,16.333334
0.130055,17.333332,16.386665
0.130457,17.333332,16.460001
0.130858,17.299999,16.279999
0.131259,17.346666,16.740000
0.131661,17.260000,16.279999
0.132062,17.273333,16.173334
0.132464,17.193333,16.219999
0.132866,17.206667,16.180000
0.133267,17.159998,16.193333
0.133668,17.173332,16.173334
0.134069,17.173332,16.126665
0.134471,17.173332,16.113333
0.134874,17.120001,16.099998
0.135276,17.059999,16.080000
0.135678,17.113333,16.093332
0.136079,17.039999,16.113333
0.136480,17.066666,16.066668
0.136881,17.053333,16.046667
0.137282,17.039999,16.020000
0.137684,17.039999,15.980000
0.138085,16.993334,15.973332
0.138487,16.980000,15.933333
0.138889,16.946667,15.920000
0.139290,16.946667,15.920000
0.139691,16.926666,15.900000
0.140093,16.953333,15.893333
0.140494,16.939999,15.853333
0.140895,16.893332,15.826667
0.141296,16.906666,15.860000
0.141697,16.886665,15.826667
0.142099,16.879999,15.766666
0.142500,16.886665,15.760000
0.142901,16.873333,15.760000
0.143303,16.813334,15.746666
0.143704,16.786665,15.746666
0.144105,16.786665,15.799999
0.144506,16.793333,15.686666
0.144908,16.759998,15.726666
0.145309,16.746666,15.666666
0.145711,16.733334,15.639999
0.146112,16.766666,15.606667
0.146513,16.740000,15.606667
0.146914,16.653332,15.573333
0.147315,16.653332,15.566667
0.147716,16.666666,15.513332
0.148117,16.619999,15.533333
0.148518,16.593334,15.513332
0.148919,16.506666,15.446666
0.149320,16.526667,15.446666
0.149721,16.539999,15.426665
0.150122,16.473333,15.453334
0.150524,16.499998,15.413333
0.150925,16.460001,15.393333
0.151327,16.513332,15.606667
0.151732,16.366665,15.400000
0.152133,16.433332,15.366667
0.152534,16.420000,15.386667
0.152936,16.313334,15.320001
0.153337,16.573334,15.286666
0.153738,16.286667,15.273333
0.154141,16.293333,15.226665
0.154542,16.299999,15.226665
0.154943,16.273333,15.219999
0.155345,16.246666,15.213333
0.155746,16.240000,15.193334
0.156147,16.193333,15.193334
0.156549,16.240000,15.113333
0.156951,16.153334,15.146667
0.157352,16.160000,15.106667
0.157753,16.119999,14.953333
0.158154,16.099998,14.953333
0.158555,16.086666,14.953333
0.158956,16.080000,14.953333
0.159357,16.066668,15.066667
0.159758,16.186666,14.940000
0.160159,15.980000,14.906667
0.160560,15.913334,14.886666
0.160963,15.980000,14.880000
0.161364,15.966666,14.886666
0.161766,15.920000,14.873333
0.162168,15.879999,14.840000
0.162570,15.879999,14.820000
0.162972,15.853333,14.820000
0.163373,15.826667,14.780000
0.163775,15.819999,14.746666
0.164176,15.826667,14.759999
0.164577,15.753332,14.726667
0.164978,15.746666,14.693333
0.165380,15.740000,14.793334
0.165781,15.720000,14.659999
0.166183,15.686666,14.646667
0.166585,15.693334,14.626666
0.166987,15.653334,14.566666
0.167388,15.619999,14.580000
0.167790,15.533333,14.553333
0.168191,15.513332,14.606667
0.168593,15.520000,14.553333
0.168994,15.546666,14.480000
0.169395,15.513332,14.480000
0.169797,15.480000,14.480000
0.170198,15.553332,14.459999
0.170600,15.400000,14.426666
0.171003,15.393333,14.353333
0.171405,15.400000,14.219999
0.171807,15.366667,14.346666
0.172208,15.359999,14.340000
0.172610,15.346666,14.346666
0.173011,15.313333,14.293333
0.173412,15.306666,14.306665
0.173813,15.273333,14.273334
0.174214,15.240000,14.266667
0.174615,15.200000,14.226666
0.175016,15.206666,14.226666
0.175417,15.193334,14.259999
0.175818,15.173333,14.180000
0.176219,15.133333,14.173332
0.176620,15.126667,13.993333
0.177021,15.106667,14.153333
0.177423,15.080000,14.120000
0.177824,15.020000,14.073334
0.178227,15.053332,14.020000
0.178630,14.953333,14.013333
0.179031,14.953333,14.006667
0.179432,14.940000,13.979999
0.179833,14.919999,13.993333
0.180236,14.899999,13.940001
0.180638,14.880000,13.933332
0.181039,14.873333,13.906666
0.181440,14.826666,13.906666
0.181841,14.813333,13.860000
0.182242,14.800000,13.806667
0.182644,14.793334,13.833333
0.183045,14.719999,13.820000
0.183446,14.719999,13.799999
0.183847,14.666667,13.746667
0.184248,14.699999,13.773333
0.184649,14.646667,13.713332
0.185051,14.606667,13.686666
0.185452,14.606667,13.653334
0.185853,14.600000,13.673334
0.186255,14.493333,13.373333
0.186656,14.526666,13.613334
0.187057,14.520000,13.579999
0.187459,14.466667,13.566667
0.187860,14.473333,13.633333
0.188261,14.446667,13.546667
0.188662,14.439999,13.526667
0.189063,14.420000,13.466666
0.189465,14.353333,13.473332
0.189866,14.340000,13.466666
0.190267,14.340000,13.440000
0.190668,14.320000,13.486667
0.191069,14.280000,13.400000
0.191471,14.273334,13.346667
0.191872,14.213333,13.333333
0.192273,14.233333,13.346667
0.192675,14.226666,13.313333
0.193076,14.160000,13.293333
0.193478,14.153333,13.240000
0.193879,14.140000,13.206666
0.194281,14.073334,13.220000
0.194682,14.086666,13.233334
0.195083,14.053333,13.146667
0.195484,14.053333,13.126666
0.195885,13.999999,13.080000
0.196286,13.986667,13.120000
0.196687,13.973332,13.053332
0.197088,13.966666,13.073333
0.197490,13.913332,13.046666
0.197891,13.886666,12.980000
0.198292,13.873334,12.980000
0.198694,13.826666,12.953333
0.199096,13.839999,12.960000
0.199498,13.806667,12.926666
0.199899,13.793333,12.893333
0.200301,13.806667,12.919999
0.200702,13.773333,12.766666
0.201104,13.733333,12.860000
0.201505,13.666666,12.840000
0.201906,13.646666,12.766666
0.202307,13.599999,12.760000
0.202709,13.633333,12.753333
0.203110,13.593333,12.673333
0.203512,13.593333,12.733333
0.203913,13.533333,12.666666
0.204314,13.520000,12.646667
0.204715,13.426666,12.633333
0.205116,13.440000,12.606667
0.205518,13.506666,12.599999
0.205919,13.433333,12.553333
0.206320,13.440000,12.540000
0.206721,13.373333,12.553333
0.207122,13.426666,12.553333
0.207524,13.360000,12.506667
0.207926,13.266666,12.386666
0.208328,13.300000,12.453333
0.208729,13.200000,12.413333
0.209131,13.259999,12.413333
0.209532,13.160000,12.373333
0.209933,13.253333,12.413333
0.210334,13.166667,12.339999
0.210735,13.120000,12.320000
0.211137,13.139999,12.253333
0.211539,13.153334,12.259999
0.211940,13.106667,12.246667
0.212341,13.073333,12.233334
0.212743,12.993333,12.213333
0.213144,13.026667,12.153333
0.213545,12.993333,12.126666
0.213946,12.946667,12.126666
0.214348,12.933333,12.066666
0.214749,12.913333,12.033333
0.215152,12.893333,12.053333
0.215553,12.886666,12.033333
0.215954,12.866666,12.053333
0.216355,12.793333,11.973333
0.216757,12.793333,11.879999
0.217158,12.786666,12.059999
0.217560,12.766666,11.733333
0.217961,12.686666,11.900000
0.218362,12.706667,11.799999
0.218763,12.846666,11.780000
0.219164,12.613333,11.820000
0.219565,12.860000,11.780000
0.219968,12.593333,11.700000
0.220370,12.606667,11.733333
0.220771,12.540000,11.760000
0.221172,12.540000,11.726666
0.221573,12.513333,11.693333
0.221976,12.446667,11.686666
0.222377,12.426666,11.646667
0.222779,12.433333,11.606667
0.223180,12.406666,11.566667
0.223582,12.393332,11.566667
0.223985,12.386666,11.539999
0.224386,12.333333,11.526667
0.224788,12.286667,11.493333
0.225189,12.240000,11.493333
0.225591,12.246667,11.539999
0.225992,12.259999,11.406666
0.226394,12.233334,11.406666
0.226795,12.113334,11.386666
0.227196,12.146667,11.326667
0.227597,12.133333,11.366667
0.227998,12.113334,11.306666
0.228399,12.093333,11.286666
0.228800,12.059999,11.233333
0.229201,11.986667,11.266666
0.229602,11.980000,11.246667
0.230004,11.973333,11.200000
0.230405,11.933332,11.180000
0.230807,11.900000,11.166666
0.231208,11.840000,11.153333
0.231609,11.886666,11.086666
0.232010,11.826667,11.079999
0.232411,11.820000,11.093333
0.232812,11.799999,11.020000
0.233213,11.820000,11.026667
0.233614,11.679999,10.993334
0.234015,11.553333,10.986667
0.234417,11.686666,10.940000
0.234819,11.693333,10.879999
0.235220,11.653334,10.893332
0.235622,11.653334,10.773334
0.236025,11.640000,10.853333
0.236426,11.573333,10.806666
0.236827,11.539999,10.806666
0.237229,11.539999,10.793333
0.237631,11.480000,10.746666
0.238032,11.473332,10.726666
0.238434,11.453334,10.686666
0.238836,11.433333,10.700000
0.239237,11.413333,10.666667
0.239639,11.413333,10.673333
0.240040,11.366667,10.540000
0.240441,11.266666,10.606667
0.240843,11.273333,10.540000
0.241244,11.300000,10.546666
0.241646,11.273333,10.533334
0.242047,11.186666,10.526667
0.242448,11.200000,10.493333
0.242849,11.213333,10.320000
0.243250,11.153333,10.419999
0.243651,11.153333,10.500000
0.244052,11.093333,10.393333
0.244453,11.066667,10.140000
0.244854,11.073333,10.346666
0.245256,11.020000,10.299999
0.245658,11.006666,10.320000
0.246059,10.986667,10.313334
0.246465,10.946666,10.246666
0.246866,10.946666,10.219999
0.247268,10.886666,10.213333
0.247670,10.866667,10.153333
0.248072,10.860000,10.140000
0.248473,10.840000,10.140000
0.248874,10.826666,10.033333
0.249275,10.773334,10.006667
0.249676,10.759999,10.013333
0.250077,10.726666,10.086666
0.250479,10.706666,10.013333
0.250880,10.639999,9.973333
0.251281,10.660000,9.966666
0.251682,10.580000,9.966666
0.252085,10.553332,9.913333
0.252486,10.520000,9.893332
0.252888,10.480000,9.820000
0.253291,10.573333,9.833333
0.253693,10.526667,9.793333
0.254094,10.493333,9.826666
0.254497,10.446667,9.753333
0.254899,10.486666,9.740000
0.255301,10.353333,9.733334
0.255702,10.366666,9.693333
0.256103,10.380000,9.700000
0.256505,10.340000,9.693333
0.256907,10.286666,9.613334
0.257309,10.273334,9.606667
0.257710,10.273334,9.566666
0.258111,10.280000,9.586666
0.258512,10.173333,9.346666
0.258915,10.213333,9.553333
0.259317,10.160000,9.466666
0.259718,10.140000,9.346666
0.260119,10.120000,9.499999
0.260520,9.953333,9.346666
0.260921,10.086666,9.346666
0.261323,10.033333,9.306666
0.261724,9.986667,9.326667
0.262126,10.020000,9.320000
0.262527,9.993333,9.266666
0.262930,9.953333,9.266666
0.263331,9.920000,9.246666
0.263732,9.873333,9.186666
0.264133,9.853333,9.220000
0.264534,9.833333,9.160000
0.264937,9.793333,9.160000
0.265338,9.800000,9.126666
0.265739,9.866667,9.093333
0.266140,9.713333,9.059999
0.266541,9.726666,9.059999
0.266942,9.700000,9.006666
0.267343,9.666667,9.020000
0.267744,9.626666,8.900000
0.268145,9.606667,8.886666
0.268547,9.673333,8.913333
0.268950,9.573333,8.800000
0.269351,9.660000,8.820000
0.269752,9.533333,8.880000
0.270155,9.499999,8.853333
0.270557,9.406667,8.793333
0.270958,9.400000,8.786666
0.271359,9.346666,8.806666
0.271760,9.333333,8.726666
0.272161,9.340000,8.740000
0.272563,9.326667,8.713333
0.272965,9.466666,8.740000
0.273366,9.260000,8.653333
0.273767,9.220000,8.653333
0.274168,9.226666,8.599999
0.274569,9.186666,8.566667
0.274971,9.126666,8.526667
0.275372,9.140000,8.560000
0.275773,9.113333,8.533333
0.276176,9.080000,8.453333
0.276578,8.980000,8.460000
0.276979,9.033333,8.560000
0.277380,9.026667,8.440000
0.277781,8.980000,8.440000
0.278182,8.966666,8.360000
0.278584,8.933333,8.333333
0.278985,8.913333,8.393332
0.279386,8.839999,8.300000
0.279787,8.880000,8.213333
0.280188,8.839999,8.226666
0.280589,8.800000,8.179999
0.280990,8.866667,8.213333
0.281392,8.706666,8.179999
0.281793,8.786666,8.213333
0.282195,8.719999,8.139999
0.282597,8.666666,8.066667
0.282998,8.666666,8.073333
0.283399,8.626667,8.040000
0.283800,8.586666,8.026667
0.284201,8.566667,8.026667
0.284602,8.586666,8.013333
0.285004,8.400000,8.033334
0.285405,8.520000,7.866666
0.285807,8.486667,8.040000
0.286208,8.486667,7.906666
0.286609,8.446666,7.873333
0.287010,8.406667,7.906666
0.287412,8.466666,7.840000
0.287813,8.366667,7.793334
0.288214,8.360000,7.753333
0.288615,8.313333,7.760000
0.289016,8.286667,7.706666
0.289417,8.280000,7.686666
0.289818,8.233334,7.613333
0.290219,8.233334,7.686666
0.290620,8.206666,7.600000
0.291022,8.179999,7.606667
0.291423,8.133333,7.566667
0.291825,8.146667,7.553333
0.292227,8.073333,7.573333
0.292628,8.080000,7.546666
0.293030,8.033334,7.586667
0.293432,7.993333,7.486667
0.293833,8.066667,7.620000
0.294234,7.986666,7.500000
0.294635,7.920000,7.466667
0.295036,7.893333,7.380000
0.295437,7.893333,7.293333
0.295838,7.886666,7.260000
0.296241,7.846667,7.320000
0.296642,7.813334,7.313333
0.297043,7.806666,7.293333
0.297445,7.780000,7.233334
0.297847,7.740000,7.260000
0.298248,7.733333,7.166667
0.298649,7.686666,7.166667
0.299050,7.646666,7.166667
0.299452,7.646666,7.126667
0.299853,7.626667,7.106667
0.300254,7.600000,6.986666
0.300655,7.546666,7.066666
0.301056,7.540000,7.040000
0.301457,7.593334,7.020000
0.301859,7.480000,7.006667
0.302260,7.353333,6.940000
0.302661,7.440000,6.940000
0.303063,7.433333,6.913333
0.303465,7.306666,6.906667
0.303866,7.420000,6.893333
0.304267,7.353333,6.866666
0.304668,7.340000,6.833333
0.305069,7.326666,6.813333
0.305471,7.273333,6.793334
0.305872,7.206666,6.806667
0.306273,7.226666,6.780000
0.306674,7.213333,6.740000
0.307075,7.186666,6.720000
0.307477,7.166667,6.653333
0.307880,7.166667,6.653333
0.308281,7.119999,6.626667
0.308682,7.080000,6.626667
0.309083,7.080000,6.546667
0.309485,7.013333,6.480000
0.309886,7.066666,6.473333
0.310287,6.986666,6.480000
0.310689,7.066666,6.466667
0.311092,6.933333,6.433333
0.311493,6.906667,6.453333
0.311894,6.893333,6.406667
0.312295,6.893333,6.366666
0.312696,6.833333,6.373333
0.313097,6.813333,6.320000
0.313498,6.820000,6.346667
0.313900,6.780000,6.280000
0.314301,6.820000,6.306666
0.314702,6.773334,6.220000
0.315103,6.700000,6.213333
0.315505,6.700000,6.240000
0.315906,6.773334,5.980000
0.316307,6.653333,6.193333
0.316708,6.653333,6.113333
0.317109,6.613333,6.113333
0.317511,6.526666,6.106667
0.317912,6.540000,6.073333
0.318313,6.406667,6.013333
0.318714,6.480000,6.026667
0.319115,6.466667,6.120000
0.319517,6.433333,5.953333
0.319918,6.413333,5.980000
0.320319,6.380000,5.926667
0.320720,6.373333,5.933333
0.321123,6.333333,5.880000
0.321525,6.293333,5.900000
0.321927,6.286667,5.846666
0.322329,6.266666,5.833333
0.322731,6.253334,5.793334
0.323134,6.200000,5.773333
0.323535,6.180000,6.346667
0.323937,6.173333,5.753333
0.324338,6.160000,5.693333
0.324739,6.100000,5.693333
0.325141,6.100000,5.700000
0.325542,6.100000,5.686666
0.325943,6.066667,5.666667
0.326344,6.080000,5.613333
0.326746,6.013333,5.526667
0.327147,5.966666,5.593333
0.327548,5.986667,5.553333
0.327949,5.940000,5.420000
0.328351,5.973333,5.506666
0.328753,5.893333,5.473333
0.329155,5.866666,5.453333
0.329557,5.866666,5.506666
0.329958,5.826667,5.413333
0.330360,5.806666,5.613333
0.330762,5.773333,5.360000
0.331163,5.753333,5.353333
0.331565,5.766666,5.333333
0.331966,5.880000,5.333333
0.332367,5.706666,5.306666
0.332769,5.673333,5.260000
0.333170,5.646667,5.200000
0.333572,5.606667,5.240000
0.333973,5.613333,5.180000
0.334375,5.593333,5.240000
0.334777,5.686666,5.153333
0.335178,5.640000,5.166667
0.335579,5.486667,5.133333
0.335981,5.500000,5.080000
0.336383,5.466667,5.080000
0.336784,5.433333,5.046667
0.337187,5.420000,5.046667
0.337588,5.400000,5.033333
0.337990,5.380000,4.993333
0.338392,5.380000,5.000000
0.338794,5.333333,4.953333
0.339195,5.306666,4.940000
0.339597,5.273333,4.933333
0.339998,5.240000,4.886666
0.340399,5.266667,4.853333
0.340800,5.233334,4.873333
0.341201,5.133333,4.873333
0.341604,5.173333,4.813333
0.342007,5.166667,4.786666
0.342409,5.140000,4.826666
0.342810,5.113333,4.686666
0.343212,5.080000,4.760000
0.343614,5.080000,4.613333
0.344015,5.273333,4.700000
0.344416,5.026667,4.720000
0.344817,5.040000,4.606667
0.345218,4.993333,4.633333
0.345619,4.973333,4.613333
0.346020,4.953333,4.600000
0.346422,4.906667,4.573333
0.346824,4.906667,4.546667
0.347225,4.893333,4.526667
0.347627,4.886666,4.526667
0.348028,4.840000,4.586667
0.348429,4.766666,4.446667
0.348830,4.780000,4.466667
0.349233,4.766666,4.413333
0.349634,4.773334,4.413333
0.350035,4.713333,4.400000
0.350437,4.660000,4.386666
0.350839,4.706666,4.360000
0.351241,4.660000,4.333333
0.351642,4.680000,4.313334
0.352043,4.626667,4.293333
0.352444,4.686666,4.306667
0.352846,4.573333,4.226666
0.353249,4.573333,4.273333
0.353650,4.546667,4.226666
0.354051,4.580000,4.186666
0.354452,4.526667,4.186666
0.354854,4.506667,4.180000
0.355255,4.473333,4.166667
0.355656,4.453333,4.160000
0.356058,4.406667,4.146667
0.356459,4.426666,4.100000
0.356860,4.260000,3.866667
0.357262,4.433333,4.060000
0.357664,4.386666,4.013333
0.358065,4.393333,4.033333
0.358466,4.306667,4.013333
0.358867,4.293333,3.986666
0.359270,4.300000,3.986666
0.359671,4.280000,3.953333
0.360072,4.233333,4.006667
0.360473,4.226666,3.926666
0.360876,4.213334,3.873333
0.361277,4.186666,3.913333
0.361679,4.153333,3.840000
0.362080,4.133333,3.833333
0.362481,4.106667,3.820000
0.362882,4.093333,3.746666
0.363284,4.073333,3.720000
0.363686,4.073333,3.673333
0.364089,4.066667,3.746666
0.364491,4.026666,3.720000
0.364892,4.000000,3.713333
0.365295,3.980000,3.660000
0.365696,3.973333,3.653333
0.366097,3.940000,3.633333
0.366498,3.933333,3.606667
0.366899,3.900000,3.566667
0.367300,3.913333,3.553333
0.367701,3.893333,3.533333
0.368102,3.740000,3.486667
0.368504,3.660000,3.513333
0.368905,3.833333,3.533333
0.369306,3.746666,3.313333
0.369707,3.773333,3.406667
0.370108,3.726667,3.353333
0.370510,3.686666,3.453333
0.370911,3.686666,3.360000
0.371313,3.646667,3.440000
0.371714,3.633333,3.373333
0.372117,3.620000,3.326667
0.372519,3.613333,3.373333
0.372920,3.600000,3.306667
0.373321,3.566667,3.313333
0.373722,3.533333,3.293333
0.374123,3.520000,3.173333
0.374526,3.506667,3.233333
0.374927,3.500000,3.280000
0.375329,3.533333,3.233333
0.375730,3.453333,3.193333
0.376131,3.460000,3.206667
0.376533,3.420000,3.106667
0.376934,3.393333,3.273333
0.377335,3.393333,3.160000
0.377736,3.366667,3.133333
0.378139,3.333333,3.086667
0.378540,3.320000,3.106667
0.378941,3.086667,3.053333
0.379342,3.306667,3.033333
0.379744,3.280000,3.026667
0.380145,3.280000,3.013333
0.380546,3.260000,2.973333
0.380947,3.220000,2.973333
0.381348,3.166667,2.960000
0.381749,3.206667,2.946667
0.382152,3.126667,2.826667
0.382553,3.126667,2.920000
0.382954,3.126667,2.860000
0.383356,3.126667,2.793333
0.383757,3.126667,2.806667
0.384160,3.080000,2.940000
0.384561,3.066667,2.960000
0.384962,3.060000,2.833333
0.385364,2.940000,2.786667
0.385766,3.013333,2.706666
0.386168,2.980000,2.800000
0.386569,3.026667,2.786667
0.386971,2.966666,2.733333
0.387372,2.960000,2.726667
0.387773,2.953333,2.706666
0.388176,2.873333,2.706666
0.388577,2.893333,2.680000
0.388978,2.893333,2.640000
0.389379,2.846667,2.640000
0.389781,2.873333,2.646667
0.390183,2.826667,2.613333
0.390584,2.806667,2.706666
0.390985,2.806667,2.613333
0.391387,2.800000,2.580000
0.391789,2.780000,2.600000
0.392190,2.753333,2.520000
0.392593,2.713333,2.506666
0.392994,2.733333,2.533333
0.393396,2.706666,2.433333
0.393797,2.740000,2.473333
0.394198,2.646667,2.446667
0.394600,2.566667,2.433333
0.395002,2.713333,2.433333
0.395404,2.633333,2.433333
0.395806,2.613333,2.380000
0.396207,2.606667,2.406667
0.396609,2.573333,2.406667
0.397011,2.546667,2.473333
0.397413,2.546667,2.333333
0.397814,2.473333,2.293333
0.398215,2.586667,2.280000
0.398617,2.486667,2.306667
0.399020,2.460000,2.280000
0.399422,2.466667,2.220000
0.399823,2.386667,2.186667
0.400224,2.413333,2.246667
0.400626,2.493333,2.246667
0.401027,2.380000,2.226666
0.401428,2.373333,2.120000
0.401830,2.433333,2.166667
0.402231,2.366667,2.186667
0.402632,2.380000,2.133333
0.403034,2.400000,2.126667
0.403435,2.226666,2.106667
0.403836,2.306667,2.100000
0.404238,2.293333,2.126667
0.404640,2.260000,2.080000
0.405041,2.246667,2.073333
0.405443,2.240000,2.066667
0.405845,2.240000,2.033333
0.406246,2.200000,2.033333
0.406647,2.186667,2.026667
0.407049,2.173333,2.000000
0.407450,2.173333,2.013333
0.407852,2.193333,1.966667
0.408253,2.126667,1.960000
0.408654,2.093333,1.906667
0.409055,2.080000,1.920000
0.409457,2.086667,1.906667
0.409858,2.100000,1.906667
0.410259,2.080000,1.880000
0.410660,2.080000,2.033333
0.411061,2.040000,1.833333
0.411464,2.013333,1.846667
0.411866,1.993333,1.846667
0.412269,1.973333,1.820000
0.412671,1.973333,1.820000
0.413072,1.953333,1.786667
0.413473,1.920000,1.766667
0.413874,1.920000,1.733333
0.414275,1.913333,1.760000
0.414676,1.906667,1.733333
0.415077,1.793333,1.733333
0.415478,1.840000,1.980000
0.415879,1.853333,1.706667
0.416282,1.866667,1.720000
0.416683,1.820000,1.673333
0.417085,1.846667,1.700000
0.417486,1.800000,1.660000
0.417887,1.773333,1.686667
0.418290,1.773333,1.600000
0.418691,1.720000,1.633333
0.419093,1.740000,1.546667
0.419494,1.733333,1.573333
0.419896,1.753333,1.640000
0.420297,1.686667,1.540000
0.420698,1.680000,1.560000
0.421099,1.700000,1.560000
0.421500,1.653333,1.546667
0.421903,1.686667,1.473333
0.422304,1.660000,1.506667
0.422707,1.640000,1.433333
0.423108,1.706667,1.473333
0.423509,1.606667,1.460000
0.423911,1.593333,1.486667
0.424312,1.573333,1.513333
0.424714,1.600000,1.420000
0.425116,1.480000,1.433333
0.425518,1.540000,1.400000
0.425919,1.493333,1.420000
0.426320,1.540000,1.386667
0.426721,1.493333,1.380000
0.427122,1.546667,1.346667
0.427524,1.466667,1.373333
0.427925,1.466667,1.333333
0.428326,1.433333,1.360000
0.428731,1.440000,1.326667
0.429132,1.460000,1.320000
0.429533,1.400000,1.300000
0.429935,1.393333,1.346667
0.430336,1.400000,1.266667
0.430738,1.353333,1.246667
0.431139,1.386667,1.300000
0.431540,1.360000,1.240000
0.431941,1.346667,1.220000
0.432343,1.313333,1.360000
0.432744,1.333333,1.220000
0.433147,1.326667,1.213333
0.433548,1.266667,0.946667
0.433950,1.306667,1.206667
0.434351,1.306667,1.180000
0.434752,1.253333,1.206667
0.435153,1.366667,1.140000
0.435554,1.260000,1.146667
0.435956,1.213333,1.133333
0.436357,1.246667,1.106667
0.436758,1.180000,1.120000
0.437161,1.206667,1.140000
0.437564,1.206667,1.073333
0.437965,1.206667,1.060000
0.438366,1.193333,1.060000
0.438767,1.193333,1.033333
0.439168,1.173333,1.046667
0.439570,1.146667,1.033333
0.439971,1.146667,1.033333
0.440372,1.186667,1.020000
0.440773,1.113333,0.993333
0.441174,1.073333,0.960000
0.441575,1.093333,1.020000
0.441976,1.053333,0.973333
0.442377,1.080000,0.946667
0.442778,1.040000,0.960000
0.443179,1.013333,0.946667
0.443581,1.040000,0.946667
0.443983,1.053333,0.946667
0.444385,1.033333,0.946667
0.444787,0.993333,0.960000
0.445188,1.006667,0.946667
0.445590,0.986667,0.946667
0.445991,0.973333,0.946667
0.446392,0.993333,0.946667
0.446793,0.966667,0.946667
0.447194,0.946667,0.946667
0.447596,0.946667,0.946667
0.447998,0.986667,0.946667
0.448399,0.946667,0.946667
0.448800,0.946667,0.946667
0.449201,0.946667,0.946667
0.449602,0.946667,0.946667
0.450004,0.946667,0.946667
0.450406,0.946667,0.946667
0.450807,0.946667,0.946667
0.451208,0.946667,0.946667
0.451610,0.946667,0.946667
0.452011,0.986667,0.946667
0.452413,0.946667,0.946667
0.452814,0.946667,0.946667
0.453215,0.946667,0.946667
0.453617,0.946667,0.946667
0.454018,0.946667,0.946667
0.454419,0.946667,0.946667
0.454820,0.946667,0.946667
0.455222,0.946667,0.946667
0.455624,0.946667,0.946667
0.456025,0.946667,0.946667
0.456426,0.946667,0.946667
0.456828,0.946667,0.946667
0.457229,0.946667,0.946667
0.457631,0.946667,0.946667
0.458033,0.946667,0.946667
0.458434,0.946667,0.946667
0.458836,0.946667,0.946667
0.459237,0.946667,0.946667
0.459638,0.946667,0.946667
0.460039,0.946667,0.946667
0.460441,0.946667,0.946667
0.460843,0.946667,0.946667
0.461244,0.946667,0.946667
0.461646,0.946667,0.946667
0.462048,0.946667,0.946667
0.462449,0.946667,0.946667
0.462850,0.946667,0.946667
0.463252,0.946667,0.946667
0.463654,0.946667,0.946667
0.464055,0.946667,0.946667
0.464456,0.946667,0.946667
0.464857,0.946667,0.946667
0.465258,0.946667,0.946667
0.465660,0.946667,0.946667
0.466063,0.946667,0.946667
0.466465,0.946667,0.946667
0.466866,0.946667,0.946667
0.467269,0.946667,0.946667
0.467670,0.946667,0.946667
0.468071,0.946667,0.946667
0.468472,0.946667,0.946667
0.468873,0.946667,0.946667
0.469276,0.946667,0.946667
0.469678,0.946667,0.946667
0.470080,0.946667,0.946667
0.470481,0.946667,0.946667
0.470882,0.946667,0.946667
0.471284,0.946667,0.946667
0.471686,0.946667,0.946667
0.472087,0.946667,0.946667
0.472488,0.946667,0.946667
0.472890,0.946667,0.946667
0.473292,0.946667,0.946667
0.473694,0.946667,0.946667
0.474095,0.946667,0.946667
0.474497,0.946667,0.946667
0.474898,0.946667,0.946667
0.475301,0.946667,0.946667
0.475703,0.946667,0.946667
0.476104,0.946667,0.946667
0.476505,0.946667,0.946667
0.476906,0.946667,0.946667
0.477307,0.946667,0.946667
0.477708,0.946667,0.946667
0.478109,0.946667,0.946667
0.478511,0.946667,0.946667
0.478912,0.946667,0.946667
0.479313,0.946667,0.946667
0.479714,0.946667,0.946667
0.480115,0.946667,0.946667
0.480517,0.946667,0.946667
0.480918,0.946667,0.946667
0.481319,0.946667,0.946667
0.481720,0.946667,0.946667
0.482121,0.946667,0.946667
0.482524,0.946667,0.946667
0.482925,0.946667,0.946667
0.483327,0.946667,0.946667
0.483733,0.946667,0.946667
0.484134,0.946667,0.946667
0.484536,0.946667,0.946667
0.484937,0.946667,0.946667
0.485339,0.946667,0.946667
0.485740,0.946667,0.946667
0.486142,0.946667,0.946667
0.486544,0.946667,0.946667
0.486945,0.946667,0.946667
0.487346,0.946667,0.946667
0.487748,0.946667,0.946667
0.488149,0.946667,0.946667
0.488551,0.946667,0.946667
0.488952,0.946667,0.946667
0.489354,0.946667,0.946667
0.489755,0.946667,0.946667
0.490158,0.946667,0.946667
0.490560,0.946667,0.946667
0.490961,0.946667,0.946667
0.491363,0.946667,0.946667
0.491764,0.946667,0.946667
0.492165,0.946667,0.946667
0.492566,0.946667,0.946667
0.492967,0.946667,0.946667
0.493368,0.946667,0.946667
0.493769,0.946667,0.946667
0.494171,0.946667,0.946667
0.494573,0.946667,0.946667
0.494974,0.946667,0.946667
0.495376,0.946667,0.946667
0.495777,0.946667,0.946667
0.496178,0.946667,0.946667
0.496579,0.946667,0.946667
0.496980,0.946667,0.946667
0.497382,0.946667,0.946667
0.497783,0.946667,0.946667
0.498184,0.946667,0.946667
0.498586,0.946667,0.946667
0.498987,0.946667,0.946667
0.499389,0.946667,0.946667
0.499791,0.946667,0.946667
0.500192,0.946667,0.946667
0.500593,0.946667,0.946667
0.500994,0.946667,0.946667
0.501395,0.946667,0.946667
0.501797,0.946667,0.946667
0.502198,0.946667,0.946667
0.502600,0.946667,0.946667
0.503003,0.946667,0.946667
0.503404,0.946667,0.946667
0.503805,0.946667,0.946667
0.504206,0.946667,0.946667
0.504607,0.946667,0.946667
0.505009,0.946667,0.946667
0.505410,0.946667,0.946667
0.505812,0.946667,0.946667
0.506214,0.946667,0.946667
0.506616,0.946667,0.946667
0.507017,0.946667,0.946667
0.507418,0.946667,0.946667
0.507819,0.946667,0.946667
0.508220,0.946667,0.946667
0.508622,0.946667,0.946667
0.509025,0.946667,0.946667
0.509426,0.946667,0.946667
0.509828,0.946667,0.946667
0.510229,0.946667,0.946667
0.510631,0.946667,0.946667
0.511032,0.946667,0.946667
0.511433,0.946667,0.946667
0.511835,0.946667,0.946667
0.512237,0.946667,0.946667
0.512639,0.946667,0.946667
0.513042,0.946667,0.946667
0.513443,0.946667,0.946667
0.513844,0.946667,0.946667
0.514245,0.946667,0.946667
0.514647,0.946667,0.946667
0.515048,0.946667,0.946667
0.515449,0.946667,0.946667
0.515851,0.946667,0.946667
0.516254,0.946667,0.946667
0.516655,0.946667,0.946667
0.517057,0.946667,0.946667
0.517458,0.946667,0.946667
0.517859,0.946667,0.946667
0.518260,0.946667,0.946667
0.518661,0.946667,0.946667
0.519062,0.946667,0.946667
0.519464,0.946667,0.946667
0.519866,0.946667,0.946667
0.520267,0.946667,0.946667
0.520668,0.946667,0.946667
0.521069,0.946667,0.946667
0.521472,0.946667,0.946667
0.521873,0.946667,0.946667
0.522274,0.946667,0.946667
0.522675,0.946667,0.946667
0.523076,0.946667,0.946667
0.523478,0.946667,0.946667
0.523879,0.946667,0.946667
0.524280,0.946667,0.946667
0.524681,0.946667,0.946667
0.525082,0.946667,0.946667
0.525484,0.946667,0.946667
0.525885,0.946667,0.946667
0.526286,0.946667,0.946667
0.526687,0.946667,0.946667
0.527088,0.946667,0.946667
0.527490,0.946667,0.946667
0.527891,0.946667,0.946667
0.528292,0.946667,0.946667
0.528693,0.946667,0.946667
0.529094,0.946667,0.946667
0.529495,0.946667,0.946667
0.529897,0.946667,0.946667
0.530299,0.946667,0.946667
0.530700,0.946667,0.946667
0.531101,0.946667,0.946667
0.531503,0.946667,0.946667
0.531904,0.946667,0.946667
0.532307,0.946667,0.946667
0.532709,0.946667,0.946667
0.533110,0.946667,0.946667
0.533511,0.946667,0.946667
0.533912,0.946667,0.946667
0.534313,0.946667,0.946667
0.534714,0.946667,0.946667
0.535115,0.946667,0.946667
0.535517,0.946667,0.946667
0.535919,0.946667,0.946667
0.536320,0.946667,0.946667
0.536722,0.946667,0.946667
0.537125,0.946667,0.946667
0.537527,0.946667,0.946667
0.537928,0.946667,0.946667
0.538329,0.946667,0.946667
0.538731,0.946667,0.946667
0.539134,0.946667,0.946667
0.539535,0.946667,0.946667
0.539936,0.946667,0.946667
0.540338,0.946667,0.946667
0.540739,0.946667,0.946667
0.541140,0.946667,0.946667
0.541542,0.946667,0.946667
0.541945,0.946667,0.946667
0.542346,0.946667,0.946667
0.542747,0.946667,0.946667
0.543148,0.946667,0.946667
0.543550,0.946667,0.946667
0.543952,0.946667,0.946667
0.544353,0.946667,0.946667
0.544754,0.946667,0.946667
0.545155,0.946667,0.946667
0.545557,0.946667,0.946667
0.545958,0.946667,0.946667
0.546359,0.946667,0.946667
0.546760,0.946667,0.946667
0.547161,0.946667,0.946667
0.547564,0.946667,0.946667
0.547966,0.946667,0.946667
0.548367,0.946667,0.946667
0.548769,0.946667,0.946667
0.549170,0.946667,0.946667
0.549572,0.946667,0.946667
0.549974,0.946667,0.946667
0.550375,0.946667,0.946667
0.550777,0.946667,0.946667
0.551178,0.946667,0.946667
0.551580,0.946667,0.946667
0.551981,0.946667,0.946667
0.552383,0.946667,0.946667
0.552784,0.946667,0.946667
0.553185,0.946667,0.946667
0.553586,0.946667,0.946667
0.553988,0.946667,0.946667
0.554389,0.946667,0.946667
0.554790,0.946667,0.946667
0.555191,0.946667,0.946667
0.555592,0.946667,0.946667
0.555993,0.946667,0.946667
0.556394,0.946667,0.946667
0.556795,0.946667,0.946667
0.557196,0.946667,0.946667
0.557598,0.946667,0.946667
0.557999,0.946667,0.946667
0.558401,0.946667,0.946667
0.558802,0.946667,0.946667
0.559204,0.946667,0.946667
0.559606,0.946667,0.946667
0.560007,0.946667,0.946667
0.560409,0.946667,0.946667
0.560811,0.946667,0.946667
0.561212,0.946667,0.946667
0.561614,0.946667,0.946667
0.562017,0.946667,0.946667
0.562418,0.946667,0.946667
0.562819,0.946667,0.946667
0.563221,0.946667,0.946667
0.563623,0.946667,0.946667
0.564024,0.946667,0.946667
0.564425,0.946667,0.946667
0.564826,0.946667,0.946667
0.565227,0.946667,0.946667
0.565629,0.946667,0.946667
0.566030,0.946667,0.946667
0.566431,0.946667,0.946667
0.566833,0.946667,0.946667
0.567234,0.946667,0.946667
0.567635,0.946667,0.946667
0.568036,0.946667,0.946667
0.568438,0.980000,0.946667
0.568840,0.960000,0.946667
0.569241,1.020000,0.946667
0.569642,0.946667,0.946667
0.570044,0.953333,0.946667
0.570445,0.973333,0.946667
0.570847,0.973333,0.946667
0.571250,0.966667,0.946667
0.571653,1.006667,0.946667
0.572055,1.020000,0.946667
0.572457,1.026667,0.973333
0.572859,1.020000,0.946667
0.573262,1.040000,0.946667
0.573664,1.046667,0.946667
0.574065,1.040000,0.946667
0.574466,1.073333,0.960000
0.574867,1.000000,0.960000
0.575268,1.113333,0.986667
0.575669,1.080000,0.946667
0.576070,1.100000,1.006667
0.576472,1.126667,1.153333
0.576873,1.166667,1.013333
0.577274,1.140000,1.026667
0.577676,1.146667,1.053333
0.578077,1.193333,1.046667
0.578479,1.153333,1.033333
0.578880,1.186667,1.053333
0.579281,1.186667,1.053333
0.579683,1.206667,1.086667
0.580084,1.206667,1.100000
0.580485,1.200000,1.013333
0.580886,1.233333,1.153333
0.581287,1.273333,0.946667
0.581688,1.260000,1.126667
0.582089,1.240000,1.133333
0.582491,1.260000,1.153333
0.582892,1.306667,1.146667
0.583293,1.253333,1.180000
0.583695,1.326667,1.180000
0.584096,1.300000,1.206667
0.584498,1.313333,1.206667
0.584899,1.306667,1.266667
0.585300,1.386667,1.226667
0.585701,1.400000,1.240000
0.586102,1.293333,1.213333
0.586504,1.366667,1.300000
0.586905,1.386667,1.220000
0.587306,1.393333,1.240000
0.587707,1.420000,1.300000
0.588108,1.420000,1.313333
0.588509,1.440000,1.360000
0.588911,1.446667,1.360000
0.589313,1.466667,1.346667
0.589714,1.453333,1.346667
0.590115,1.473333,1.360000
0.590517,1.580000,1.326667
0.590918,1.513333,1.386667
0.591319,1.526667,1.386667
0.591720,1.553333,1.386667
0.592121,1.560000,1.393333
0.592523,1.560000,1.300000
0.592925,1.580000,1.420000
0.593326,1.653333,1.460000
0.593731,1.606667,1.420000
0.594132,1.613333,1.473333
0.594533,1.713333,1.460000
0.594934,1.640000,1.520000
0.595335,1.666667,1.893333
0.595736,1.660000,1.480000
0.596138,1.646667,1.540000
0.596539,1.640000,1.446667
0.596940,1.726667,1.560000
0.597342,1.726667,1.560000
0.597744,1.733333,1.573333
0.598145,1.746667,1.566667
0.598546,1.766667,1.593333
0.598947,1.753333,1.620000
0.599349,1.780000,1.620000
0.599750,1.713333,1.626667
0.600151,1.780000,1.653333
0.600553,1.793333,1.653333
0.600954,1.826667,1.666667
0.601355,1.860000,1.673333
0.601756,1.833333,1.720000
0.602157,1.933333,1.706667
0.602560,1.900000,1.673333
0.602961,1.833333,1.686667
0.603363,1.913333,1.793333
0.603764,1.920000,1.733333
0.604165,1.933333,1.760000
0.604566,1.940000,1.813333
0.604968,2.046667,1.813333
0.605370,1.993333,1.806667
0.605771,2.000000,1.820000
0.606172,1.986667,1.853333
0.606573,2.000000,1.860000
0.606974,2.046667,1.886667
0.607376,2.086667,1.946667
0.607777,2.086667,1.906667
0.608178,2.093333,1.960000
0.608579,2.100000,1.920000
0.608982,2.080000,1.960000
0.609383,2.126667,2.000000
0.609784,2.200000,1.980000
0.610185,2.113333,2.260000
0.610587,2.193333,2.060000
0.610988,2.213333,2.013333
0.611389,2.226666,2.080000
0.611790,2.226666,2.033333
0.612191,2.240000,2.046667
0.612593,2.140000,2.086667
0.612995,2.240000,2.080000
0.613396,2.266667,1.860000
0.613797,2.313333,2.113333
0.614198,2.260000,2.120000
0.614599,2.340000,2.126667
0.615000,2.333333,2.200000
0.615402,2.373333,2.153333
0.615803,2.386667,2.126667
0.616204,2.513333,2.173333
0.616605,2.360000,2.233333
0.617007,2.446667,2.253333
0.617408,2.453333,2.280000
0.617810,2.433333,2.253333
0.618211,2.446667,2.166667
0.618613,2.326667,2.260000
0.619014,2.540000,2.260000
0.619416,2.566667,2.333333
0.619817,2.526667,2.340000
0.620218,2.526667,2.320000
0.620620,2.546667,2.346667
0.621022,2.586667,2.386667
0.621423,2.600000,2.400000
0.621824,2.600000,2.406667
0.622225,2.606667,2.406667
0.622627,2.633333,2.433333
0.623029,2.626667,2.433333
0.623430,2.686666,2.433333
0.623832,2.693333,2.473333
0.624233,2.726667,2.453333
0.624634,2.700000,2.526667
0.625037,2.740000,2.500000
0.625438,2.720000,2.520000
0.625840,2.773333,2.486667
0.626241,2.766667,2.573333
0.626642,2.873333,2.613333
0.627044,2.833333,2.560000
0.627445,2.840000,2.613333
0.627846,2.840000,2.646667
0.628249,2.860000,2.640000
0.628650,2.886667,2.660000
0.629053,2.900000,2.680000
0.629454,2.946667,2.646667
0.629855,2.946667,2.726667
0.630258,2.960000,2.726667
0.630659,2.980000,2.733333
0.631060,2.966666,2.766667
0.631465,3.006667,2.773333
0.631866,3.073333,2.780000
0.632267,3.040000,2.813333
0.632668,3.033333,2.813333
0.633071,3.133333,2.786667
0.633472,3.093333,2.793333
0.633873,3.133333,2.866667
0.634275,3.120000,2.866667
0.634676,3.133333,2.960000
0.635077,3.166667,2.933333
0.635478,3.153333,3.026667
0.635879,3.200000,2.933333
0.636280,3.206667,2.960000
0.636681,3.240000,2.973333
0.637082,3.246666,3.013333
0.637483,3.260000,3.020000
0.637886,3.286667,3.033333
0.638289,3.280000,3.046667
0.638690,3.313333,3.053333
0.639091,3.466666,3.066667
0.639493,3.360000,3.113333
0.639894,3.386667,3.133333
0.640295,3.400000,3.146667
0.640697,3.413333,3.166667
0.641100,3.526666,3.126667
0.641501,3.500000,3.166667
0.641902,3.493333,3.193333
0.642305,3.400000,3.306667
0.642707,3.500000,3.260000
0.643108,3.513333,3.313333
0.643510,3.520000,3.253333
0.643913,3.546667,3.140000
0.644315,3.566667,3.306667
0.644717,3.586667,3.313333
0.645119,3.606667,3.313333
0.645520,3.653333,3.346666
0.645921,3.646667,3.360000
0.646323,3.680000,3.380000
0.646725,3.693333,3.420000
0.647126,3.726667,3.420000
0.647528,3.706666,3.446667
0.647930,3.746666,3.460000
0.648332,3.740000,3.486667
0.648734,3.780000,3.460000
0.649136,3.780000,3.560000
0.649538,3.853333,3.486667
0.649939,3.880000,3.546667
0.650341,3.866667,3.566667
0.650742,3.873333,3.593333
0.651143,3.933333,3.606667
0.651545,3.953333,3.653333
0.651946,3.973333,3.600000
0.652347,3.986666,3.740000
0.652749,3.960000,3.680000
0.653150,4.026666,3.653333
0.653552,4.013333,3.686666
0.653953,4.113333,3.746666
0.654354,4.040000,3.746666
0.654755,4.093333,3.686666
0.655156,4.093333,3.866667
0.655558,4.126667,3.833333
0.655959,4.180000,3.820000
0.656360,4.173333,3.853333
0.656762,4.193333,3.980000
0.657164,4.213334,3.940000
0.657566,4.226666,3.906667
0.657967,4.246667,3.953333
0.658369,4.213334,3.973333
0.658770,4.293333,3.986666
0.659172,4.286666,4.013333
0.659573,4.293333,3.980000
0.659975,4.360000,4.033333
0.660376,4.366666,4.013333
0.660777,4.413333,4.073333
0.661178,4.380000,4.100000
0.661580,4.420000,4.153333
0.661981,4.446667,4.173333
0.662383,4.486666,4.186666
0.662785,4.480000,4.186666
0.663186,4.500000,4.186666
0.663587,4.540000,4.193333
0.663989,4.506667,4.226666
0.664391,4.533333,4.266666
0.664792,4.620000,4.246667
0.665195,4.613333,4.300000
0.665596,4.640000,4.280000
0.665998,4.653333,4.300000
0.666399,4.720000,4.366666
0.666801,4.706666,4.353333
0.667202,4.733333,4.373333
0.667604,4.846666,4.393333
0.668005,4.740000,4.440000
0.668406,4.780000,4.440000
0.668807,4.840000,4.466667
0.669208,4.760000,4.486666
0.669610,5.000000,4.480000
0.670012,4.900000,4.573333
0.670413,4.886666,4.540000
0.670814,4.886666,4.573333
0.671215,4.920000,4.593333
0.671617,4.986667,4.600000
0.672018,4.966667,4.620000
0.672419,4.993333,4.653333
0.672820,5.026667,4.660000
0.673221,5.040000,4.706666
0.673622,5.073333,4.720000
0.674025,5.066667,4.726666
0.674426,5.080000,4.733333
0.674828,5.140000,4.786666
0.675229,5.266667,4.753333
0.675631,5.153333,4.800000
0.676032,5.206666,4.826666
0.676433,5.213333,4.840000
0.676834,5.160000,4.853333
0.677235,5.400000,4.880000
0.677638,5.273333,4.886666
0.678039,5.293334,4.920000
0.678440,5.333333,4.960000
0.678841,5.413333,4.993333
0.679242,5.353333,4.973333
0.679643,5.400000,5.000000
0.680044,5.413333,5.033333
0.680446,5.433333,5.060000
0.680847,5.446666,5.060000
0.681248,5.466667,5.100000
0.681650,5.526667,5.113333
0.682051,5.520000,5.140000
0.682453,5.580000,5.140000
0.682855,5.506666,5.240000
0.683257,5.580000,5.146667
0.683658,5.626667,5.240000
0.684059,5.613333,5.226666
0.684465,5.633333,5.253333
0.684866,5.620000,5.240000
0.685268,5.713333,5.333333
0.685671,5.806666,5.320000
0.686072,5.753333,5.220000
0.686473,5.766666,5.333333
0.686876,5.780000,5.393333
0.687277,5.793334,5.413333
0.687679,5.806666,5.420000
0.688080,5.893333,5.446666
0.688481,5.913333,5.440000
0.688882,5.906666,5.460000
0.689283,5.933333,5.500000
0.689684,6.100000,5.533333
0.690087,5.953333,5.586667
0.690488,6.013333,5.560000
0.690889,6.006667,5.586667
0.691290,6.033333,5.600000
0.691693,5.980000,5.633333
0.692095,6.080000,5.626667
0.692497,6.186666,5.546667
0.692898,6.133333,5.680000
0.693299,6.146667,5.726667
0.693701,6.173333,5.793334
0.694102,6.213333,5.760000
0.694504,6.246666,5.833333
0.694905,6.246666,5.793334
0.695306,6.273333,5.833333
0.695708,6.286667,5.866666
0.696109,6.306666,5.880000
0.696512,6.346667,5.900000
0.696913,6.333333,5.753333
0.697315,6.406667,5.940000
0.697716,6.393333,5.953333
0.698117,6.386667,5.973333
0.698518,6.413333,6.026667
0.698920,6.466667,6.026667
0.699321,6.473333,6.093333
0.699722,6.526666,6.100000
0.700123,6.533333,6.120000
0.700525,6.506667,6.113333
0.700928,6.626667,6.146667
0.701329,6.646667,6.100000
0.701731,6.733333,6.200000
0.702132,6.666667,6.233333
0.702533,6.680000,6.253334
0.702934,6.693333,6.253334
0.703336,6.753333,6.286667
0.703738,6.786666,6.233333
0.704139,6.766666,6.313334
0.704540,6.826667,6.326666
0.704942,6.853333,6.340000
0.705343,6.900000,6.406667
0.705744,6.900000,6.400000
0.706145,6.913333,6.413333
0.706546,6.920000,6.453333
0.706947,6.980000,6.526666
0.707349,7.000000,6.493333
0.707751,6.973333,6.546667
0.708152,7.033333,6.546667
0.708553,7.080000,6.480000
0.708956,7.080000,6.600000
0.709357,7.180000,6.633333
0.709759,7.066666,6.646667
0.710162,7.140000,6.646667
0.710564,7.260000,6.726666
0.710965,7.219999,6.766666
0.711367,7.306666,6.746666
0.711768,7.380000,6.800000
0.712169,7.280000,6.800000
0.712572,7.313333,6.840000
0.712973,7.320000,6.820000
0.713375,7.360000,6.740000
0.713776,7.386667,6.866666
0.714177,7.406666,6.953333
0.714579,7.353333,6.960000
0.714980,7.446666,6.973333
0.715382,7.526666,6.973333
0.715783,7.433333,6.980000
0.716186,7.540000,6.986666
0.716587,7.666667,7.046667
0.716988,7.626667,7.020000
0.717390,7.606667,7.080000
0.717791,7.640000,6.980000
0.718192,7.653333,7.093333
0.718594,7.666667,7.106667
0.718995,7.673333,7.166667
0.719397,7.846667,7.219999
0.719798,7.733333,7.246666
0.720199,7.780000,7.233334
0.720600,7.793334,7.246666
0.721001,7.833333,7.293333
0.721402,7.853333,7.333333
0.721803,7.893333,7.340000
0.722204,7.893333,7.380000
0.722605,7.913333,7.373333
0.723006,7.980000,7.413333
0.723408,7.973333,7.426666
0.723809,8.020000,7.420000
0.724212,7.980000,7.486667
0.724613,8.000000,7.446666
0.725014,8.013333,7.513333
0.725416,8.026667,7.513333
0.725817,8.046666,7.553333
0.726218,8.173333,7.600000
0.726620,8.193333,7.600000
0.727021,8.206666,7.626667
0.727422,8.206666,7.600000
0.727823,8.226666,7.686666
0.728224,8.246666,7.700000
0.728626,8.293333,7.726667
0.729027,8.306666,7.753333
0.729429,8.320000,7.760000
0.729830,8.393332,7.800000
0.730231,8.400000,7.853333
0.730633,8.406667,7.866666
0.731034,8.446666,7.886666
0.731436,8.446666,7.866666
0.731838,8.506666,7.866666
0.732240,8.526667,7.933333
0.732641,8.520000,7.960000
0.733042,8.553333,7.993333
0.733444,8.593333,8.033334
0.733845,8.620000,8.026667
0.734246,8.620000,8.080000
0.734647,8.653333,8.080000
0.735048,8.680000,8.106667
0.735451,8.700000,8.213333
0.735852,8.693334,8.166667
0.736254,8.753333,8.213333
0.736656,8.773333,8.200000
0.737057,8.806666,8.213333
0.737458,8.839999,8.233334
0.737859,8.860000,8.246666
0.738260,8.900000,8.226666
0.738661,8.920000,8.246666
0.739062,8.946667,8.466666
0.739464,8.966666,8.366667
0.739865,8.986667,8.353333
0.740266,9.020000,8.413333
0.740667,9.026667,8.433333
0.741068,9.106667,8.453333
0.741470,9.099999,8.500000
0.741871,9.113333,8.506666
0.742272,9.166666,8.540000
0.742674,9.186666,8.566667
0.743075,9.140000,8.573333
0.743477,9.206667,8.579999
0.743878,9.253333,8.626667
0.744280,9.393333,8.626667
0.744681,9.226666,8.686666
0.745082,9.299999,8.693334
0.745484,9.340000,8.700000
0.745885,9.346666,8.740000
0.746286,9.346666,8.753333
0.746688,9.393333,8.639999
0.747089,9.400000,8.833333
0.747491,9.513333,8.860000
0.747892,9.520000,8.860000
0.748295,9.546667,8.880000
0.748696,9.593333,8.873333
0.749097,9.600000,8.953334
0.749499,9.639999,8.933333
0.749900,9.620000,8.960000
0.750301,9.666667,9.000000
0.750703,9.719999,9.013333
0.751104,9.666667,9.039999
0.751505,9.740000,9.126666
0.751906,9.773333,9.193333
0.752307,9.800000,9.093333
0.752708,9.959999,9.146667
0.753109,9.853333,9.186666
0.753512,9.860000,9.160000
0.753913,9.913333,9.220000
0.754315,9.900000,9.260000
0.754716,9.940001,9.246666
0.755117,10.013333,9.299999
0.755518,9.966666,9.306666
0.755919,10.006667,9.346666
0.756320,10.040000,9.346666
0.756721,10.053333,9.346666
0.757122,10.086666,9.346666
0.757524,10.126667,9.346666
0.757926,10.093333,9.460000
0.758328,10.173333,9.506666
0.758730,10.200000,9.546667
0.759131,10.226666,9.533333
0.759532,10.266666,9.613334
0.759933,10.273334,9.686666
0.760335,10.293333,9.693333
0.760737,10.333333,9.686666
0.761140,10.340000,9.706666
0.761541,10.326667,9.706666
0.761942,10.433333,9.706666
0.762344,10.406667,9.733334
0.762746,10.433333,9.759999
0.763148,10.453333,9.793333
0.763550,10.400000,9.806666
0.763951,10.506666,9.846666
0.764352,10.526667,9.853333
0.764753,10.573333,9.866667
0.765154,10.580000,9.940001
0.765556,10.633333,9.906666
0.765957,10.686666,9.913333
0.766358,10.679999,9.966666
0.766759,10.679999,10.013333
0.767161,10.720000,10.040000
0.767563,10.733334,10.073334
0.767964,10.773334,10.059999
0.768365,10.833333,10.093333
0.768766,10.766666,10.106667
0.769167,10.980000,10.166666
0.769568,10.813333,10.219999
0.769970,10.886666,10.200000
0.770372,10.913333,10.193334
0.770773,10.953333,10.226666
0.771176,10.993334,10.273334
0.771578,10.980000,10.299999
0.771979,11.026667,10.320000
0.772380,11.053333,10.320000
0.772781,11.079999,10.400000
0.773182,11.106667,10.413333
0.773584,11.126667,10.386666
0.773986,11.120000,10.580000
0.774388,11.180000,10.320000
0.774790,11.160000,10.473333
0.775191,11.206666,10.500000
0.775593,11.246667,10.513333
0.775994,11.240000,10.506666
0.776395,11.293333,10.573333
0.776796,11.326667,10.493333
0.777197,11.333333,10.673333
0.777599,11.400000,10.653334
0.778000,11.413333,10.653334
0.778402,11.453334,10.673333
0.778804,11.480000,10.693333
0.779205,11.473332,10.720000
0.779607,11.500000,10.759999
0.780008,11.520000,10.793333
0.780410,11.460000,10.813333
0.780812,11.546666,10.900000
0.781213,11.580000,10.840000
0.781614,11.580000,10.846666
0.782015,11.620000,10.913333
0.782416,11.653334,10.893332
0.782818,11.713333,10.966666
0.783221,11.726666,10.966666
0.783622,11.766666,10.980000
0.784024,11.786667,11.020000
0.784426,11.786667,11.053333
0.784828,11.786667,11.026667
0.785229,11.833333,11.066667
0.785631,11.793333,11.093333
0.786032,11.913333,11.113334
0.786434,11.926666,11.193334
0.786836,11.933332,11.153333
0.787237,11.973333,11.193334
0.787639,11.980000,11.233333
0.788040,11.999999,11.219999
0.788442,12.053333,11.273333
0.788843,12.053333,11.306666
0.789245,12.086666,11.286666
0.789646,12.139999,11.366667
0.790048,12.133333,11.333333
0.790449,12.219999,11.386666
0.790850,12.233334,11.400000
0.791253,12.286667,11.420000
0.791654,12.266666,11.460000
0.792055,12.280000,11.453334
0.792457,12.313334,11.506666
0.792859,12.139999,11.513333
0.793260,12.326666,11.526667
0.793661,12.353333,11.539999
0.794063,12.406666,11.513333
0.794465,12.520000,11.620000
0.794866,12.346666,11.660000
0.795267,12.520000,11.700000
0.795668,12.513333,11.693333
0.796071,12.520000,11.706667
0.796472,12.553333,11.840000
0.796873,12.540000,11.733333
0.797274,12.599999,11.726666
0.797675,12.599999,11.893333
0.798077,12.646667,11.786667
0.798478,12.706667,11.813333
0.798879,12.679999,11.900000
0.799280,12.733333,11.866666
0.799681,12.740000,11.893333
0.800084,12.766666,11.906667
0.800485,12.773334,11.933332
0.800886,12.813334,11.973333
0.801287,12.866666,11.953333
0.801688,12.853333,11.946667
0.802090,12.886666,12.053333
0.802492,12.846666,12.059999
0.802893,12.940000,12.100000
0.803295,12.946667,11.980000
0.803697,12.966667,12.093333
0.804099,13.020000,12.139999
0.804500,13.093333,12.206666
0.804903,13.066667,12.206666
0.805306,13.053332,12.259999
0.805707,13.113333,12.273333
0.806108,13.146667,12.320000
0.806509,13.160000,12.320000
0.806912,13.173333,12.346666
0.807313,13.193333,12.320000
0.807715,13.233334,12.413333
0.808116,13.246666,12.280000
0.808518,13.253333,12.426666
0.808920,13.293333,12.433333
0.809321,13.320000,12.466666
0.809722,13.320000,12.506667
0.810123,13.366667,12.506667
0.810525,13.420000,12.559999
0.810926,13.406666,12.493333
0.811328,13.440000,12.586666
0.811731,13.453332,12.606667
0.812134,13.473332,12.620000
0.812537,13.493333,12.640000
0.812938,13.526667,12.766666
0.813339,13.513332,12.700000
0.813740,13.726666,12.706667
0.814141,13.579999,12.806666
0.814542,13.680000,12.766666
0.814944,13.646666,12.766666
0.815345,13.660000,12.799999
0.815747,13.673334,12.840000
0.816150,13.700000,12.780000
0.816552,13.733333,12.926666
0.816954,13.786667,12.946667
0.817355,13.799999,12.860000
0.817757,13.779999,12.913333
0.818158,13.826666,12.946667
0.818560,13.833333,12.960000
0.818962,13.846665,12.993333
0.819364,13.953333,13.093333
0.819766,13.826666,13.040000
0.820169,13.933332,13.040000
0.820571,13.973332,13.106667
0.820973,14.006667,13.126666
0.821374,13.999999,13.126666
0.821775,14.059999,13.153334
0.822178,14.039999,13.120000
0.822579,14.026667,13.160000
0.822982,14.080000,13.206666
0.823383,14.133332,13.226666
0.823784,14.153333,13.293333
0.824186,14.173332,13.306666
0.824587,14.173332,13.253333
0.824988,14.233333,13.253333
0.825390,14.286666,13.360000
0.825791,14.186666,13.373333
0.826192,14.286666,13.366667
0.826594,14.246667,13.286667
0.826995,14.306665,13.406666
0.827397,14.313334,13.440000
0.827798,14.373332,13.486667
0.828201,14.446667,13.466666
0.828603,14.420000,13.520000
0.829004,14.506667,13.546667
0.829405,14.420000,13.546667
0.829807,14.526666,13.566667
0.830208,14.466667,13.593333
0.830610,14.520000,13.620000
0.831011,14.540000,13.726666
0.831413,14.586666,13.633333
0.831815,14.606667,13.673334
0.832216,14.600000,13.646666
0.832617,14.640000,13.726666
0.833018,14.646667,13.666666
0.833420,14.706667,13.746667
0.833821,14.726667,13.793333
0.834224,14.719999,13.820000
0.834626,14.693333,13.820000
0.835027,14.753333,13.913332
0.835428,14.780000,13.806667
0.835830,15.020000,13.900000
0.836231,14.853333,13.913332
0.836632,14.873333,13.933332
0.837034,14.893332,13.960000
0.837435,14.926667,13.960000
0.837837,14.926667,13.946667
0.838238,14.940000,13.986667
0.838640,14.946667,13.993333
0.839041,14.953333,14.106666
0.839442,14.953333,14.073334
0.839843,15.080000,14.093333
0.840244,15.173333,14.099999
0.840646,15.126667,14.140000
0.841047,15.139999,14.160000
0.841449,15.080000,14.173332
0.841851,15.186667,14.173332
0.842252,15.193334,14.219999
0.842654,15.219999,14.233333
0.843055,15.053332,14.239999
0.843456,15.293332,14.346666
0.843857,15.340000,14.293333
0.844258,15.353333,14.526666
0.844659,15.320001,14.266667
0.845060,15.359999,14.346666
0.845465,15.379999,14.326666
0.845866,15.333333,14.400001
0.846267,15.393333,14.406667
0.846668,15.446666,14.439999
0.847070,15.453334,14.426666
0.847471,15.480000,14.473333
0.847872,15.500000,14.466667
0.848273,15.526667,14.520000
0.848675,15.513332,14.513333
0.849076,15.566667,14.520000
0.849478,15.586667,14.679999
0.849879,15.553332,14.600000
0.850280,15.619999,14.600000
0.850681,15.666666,14.573334
0.851082,15.713334,14.613333
0.851484,15.786667,14.659999
0.851885,15.913334,14.666667
0.852286,15.786667,14.626666
0.852688,15.826667,14.860001
0.853089,15.766666,14.746666
0.853491,15.799999,14.713333
0.853893,15.833333,14.800000
0.854294,15.853333,14.753333
0.854695,15.806666,14.800000
0.855096,15.920000,14.866667
0.855498,15.926666,14.846666
0.855900,15.926666,14.880000
0.856301,15.933333,14.873333
0.856703,15.920000,14.953333
0.857105,16.086666,14.893332
0.857506,16.020000,14.953333
0.857907,16.033333,14.953333
0.858308,16.086666,14.953333
0.858709,16.093332,14.953333
0.859111,16.119999,15.093332
0.859512,16.273333,15.073333
0.859915,16.146666,15.080000
0.860316,16.180000,15.139999
0.860719,16.153334,15.060000
0.861120,16.213333,15.153333
0.861522,16.213333,15.260000
0.861923,16.273333,15.186667
0.862324,16.246666,15.213333
0.862726,16.266666,15.313333
0.863127,16.346666,15.240000
0.863528,16.353333,15.219999
0.863930,16.353333,15.306666
0.864331,16.359999,15.306666
0.864732,16.366665,15.246666
0.865134,16.440001,15.333333
0.865535,16.446667,15.333333
0.865937,16.413332,15.359999
0.866338,16.466667,15.333333
0.866740,16.453333,15.426665
0.867141,16.519999,15.433333
0.867543,16.433332,15.586667
0.867944,16.306667,15.486666
0.868345,16.566666,15.413333
0.868746,16.613333,15.706666
0.869147,16.473333,15.480000
0.869550,16.680000,15.546666
0.869951,16.673332,15.566667
0.870352,16.646666,15.546666
0.870753,16.706667,15.606667
0.871154,16.693333,15.606667
0.871555,16.886665,15.606667
0.871957,16.733334,15.666666
0.872358,16.766666,15.960000
0.872759,16.746666,15.660000
0.873160,16.786665,15.700000
0.873561,16.806665,15.753332
0.873962,16.759998,15.633333
0.874363,16.846666,15.733333
0.874764,16.846666,15.786667
0.875166,16.866667,15.780001
0.875567,16.866667,15.733333
0.875968,16.906666,15.826667
0.876369,17.046665,15.826667
0.876771,16.866667,15.926666
0.877172,16.900000,15.886665
0.877573,16.926666,15.906666
0.877974,16.926666,15.860000
0.878376,16.959999,15.813333
0.878777,16.973333,15.940000
0.879178,16.986668,15.960000
0.879579,17.000000,15.980000
0.879980,17.033333,16.006666
0.880382,17.039999,16.026667
0.880783,17.053333,16.006666
0.881184,17.100000,16.126665
0.881586,17.106667,16.046667
0.881988,17.080000,16.006666
0.882389,17.106667,16.099998
0.882791,17.159998,16.106665
0.883192,17.159998,16.133333
0.883593,17.093332,16.126665
0.883994,17.219999,16.166666
0.884395,17.226667,16.200001
0.884796,17.213333,16.193333
0.885197,17.213333,16.266666
0.885599,17.413332,16.259998
0.886001,17.240000,16.279999
0.886402,17.299999,16.233332
0.886804,17.306665,16.299999
0.887205,17.340000,16.299999
0.887606,17.333332,16.313334
0.888007,17.366667,16.373333
0.888408,17.373333,16.373333
0.888809,17.400000,16.379999
0.889211,17.413332,16.446667
0.889613,17.413332,16.393333
0.890014,17.386667,16.440001
0.890415,17.406666,16.440001
0.890816,17.466665,16.473333
0.891217,17.466665,16.473333
0.891619,17.493334,16.486666
0.892020,17.506666,16.440001
0.892422,17.533333,16.539999
0.892824,17.506666,16.546667
0.893226,17.539999,16.499998
0.893627,17.626667,16.606667
0.894028,17.566666,16.559999
0.894429,17.486666,16.619999
0.894830,17.586666,16.619999
0.895231,17.633333,16.619999
0.895633,17.626667,16.660000
0.896034,17.673332,16.639999
0.896436,17.666666,16.706667
0.896837,17.706665,16.700001
0.897239,17.706665,16.706667
0.897641,17.726665,16.713333
0.898042,17.893333,16.726667
0.898443,17.746666,16.759998
0.898844,17.773333,16.773333
0.899245,17.813332,16.786665
0.899647,17.773333,16.786665
0.900048,17.733334,16.793333
0.900449,17.799999,16.806665
0.900852,17.820000,16.820000
0.901254,17.846666,16.833334
0.901656,17.893333,16.906666
0.902057,17.879999,16.786665
0.902458,17.866667,16.820000
0.902860,17.900000,16.906666
0.903262,17.953333,16.913332
0.903664,17.939999,16.946667
0.904065,17.946665,16.906666
0.904466,17.946665,16.920000
0.904868,18.033333,16.933332
0.905269,18.000000,16.966667
0.905670,17.993332,16.959999
0.906071,18.013332,16.953333
0.906472,18.026667,16.946667
0.906873,18.059999,17.013332
0.907274,18.026667,17.013332
0.907675,18.066666,17.013332
0.908076,18.093332,17.026665
0.908478,18.166666,17.013332
0.908879,18.146666,17.053333
0.909280,18.040001,17.039999
0.909681,18.146666,17.086666
0.910082,18.153334,17.113333
0.910484,18.273333,17.080000
0.910885,18.213333,17.073334
0.911286,18.213333,17.126667
0.911687,18.180000,17.126667
0.912088,18.193333,17.186666
0.912489,18.213333,17.139999
0.912890,18.226665,17.173332
0.913292,18.199999,17.179998
0.913693,18.260000,17.193333
0.914094,18.260000,17.159998
0.914497,18.280001,17.219999
0.914899,18.286667,17.266666
0.915300,18.346666,17.293333
0.915701,18.339998,17.260000
0.916102,18.326666,17.260000
0.916504,18.346666,17.279999
0.916906,18.413334,17.326666
0.917307,18.393333,17.360001
0.917709,18.353333,17.380001
0.918110,18.379999,17.333332
0.918512,18.453333,17.333332
0.918913,18.400000,17.366667
0.919314,18.313334,17.400000
0.919715,18.446667,17.413332
0.920117,18.459999,17.373333
0.920519,18.459999,17.393333
0.920920,18.506666,17.393333
0.921322,18.493332,17.426666
0.921724,18.526667,17.453333
0.922125,18.526667,17.446667
0.922526,18.526667,17.459999
0.922927,18.539999,17.459999
0.923328,18.553333,17.526667
0.923730,18.486666,17.486666
0.924132,18.599998,17.513334
0.924533,18.599998,17.500000
0.924934,18.539999,17.506666
0.925335,18.613333,17.533333
0.925737,18.606665,17.539999
0.926139,18.639999,17.539999
0.926540,18.680000,17.539999
0.926941,18.660000,17.539999
0.927343,18.719999,17.606667
0.927745,18.633333,17.600000
0.928146,18.599998,17.639999
0.928547,18.719999,17.639999
0.928948,18.713333,17.619999
0.929349,18.726665,17.639999
0.929750,18.740000,17.619999
0.930151,18.759998,17.660000
0.930553,18.773333,17.673332
0.930954,18.759998,17.706665
0.931355,18.773333,17.660000
0.931756,18.779999,17.619999
0.932157,18.793333,17.726665
0.932559,18.779999,17.740000
0.932960,18.786667,17.766666
0.933362,18.840000,17.713333
0.933763,18.840000,17.913334
0.934164,19.033333,17.473333
0.934566,18.866665,17.773333
0.934967,18.960001,17.760000
0.935369,18.879999,17.799999
0.935770,18.886665,17.746666
0.936172,18.893333,17.840000
0.936573,18.900000,17.826666
0.936974,18.920000,17.813332
0.937376,18.933332,17.826666
0.937777,18.946667,17.859999
0.938178,18.946667,17.813332
0.938580,18.960001,17.873333
0.938981,18.980000,17.873333
0.939383,18.986666,17.873333
0.939784,18.973333,17.886667
0.940186,18.993332,17.886667
0.940587,19.019999,17.953333
0.940988,19.019999,17.953333
0.941390,18.966667,17.939999
0.941791,19.026667,18.040001
0.942192,19.059999,17.939999
0.942594,18.986666,17.893333
0.942995,19.066666,17.926666
0.943396,19.119999,18.020000
0.943798,19.073334,17.939999
0.944200,19.100000,17.986666
0.944601,19.113333,17.973333
0.945002,19.093334,17.986666
0.945404,19.113333,18.013332
0.945806,19.133331,17.986666
0.946207,19.119999,18.013332
0.946608,19.160000,18.040001
0.947009,19.206667,18.040001
0.947410,19.186666,18.020000
0.947811,19.160000,18.093332
0.948213,19.193333,18.046667
0.948615,19.200001,18.079998
0.949016,19.253332,18.099998
0.949417,19.200001,18.079998
0.949818,19.193333,18.073332
0.950220,19.206667,18.173334
0.950622,19.253332,18.113333
0.951023,19.273333,18.093332
0.951424,19.246666,18.099998
0.951825,19.160000,18.166666
0.952226,19.186666,18.139999
0.952627,19.266666,18.126667
0.953028,19.273333,18.199999
0.953430,19.313334,18.160000
0.953831,19.320000,18.173334
0.954232,19.306665,18.193333
0.954633,19.320000,18.146666
0.955034,19.313334,18.166666
0.955437,19.333334,18.226665
0.955838,19.333334,18.206665
0.956239,19.353334,18.213333
0.956640,19.340000,18.199999
0.957041,19.360001,18.219999
0.957442,19.420000,18.219999
0.957844,19.373333,18.206665
0.958246,19.360001,18.253332
0.958647,19.379999,18.266666
0.959048,19.379999,18.240000
0.959450,19.400000,18.273333
0.959851,19.373333,18.266666
0.960252,19.420000,18.199999
0.960654,19.533333,18.286667
0.961055,19.426666,18.286667
0.961457,19.433332,18.199999
0.961859,19.433332,18.280001
0.962260,19.420000,18.333332
0.962662,19.439999,18.326666
0.963063,19.446667,18.313334
0.963465,19.466667,18.346666
0.963866,19.466667,18.313334
0.964267,19.480000,18.333332
0.964669,19.480000,18.339998
0.965071,19.480000,18.366667
0.965472,19.480000,18.353333
0.965873,19.506666,18.346666
0.966274,19.533333,18.366667
0.966675,19.613333,18.326666
0.967076,19.473333,18.366667
0.967477,19.546665,18.213333
0.967878,19.533333,18.493332
0.968280,19.539999,18.473331
0.968681,19.586666,18.373333
0.969082,19.539999,18.486666
0.969484,19.626667,18.393333
0.969885,19.693333,18.400000
0.970286,19.553333,18.400000
0.970687,19.586666,18.793333
0.971089,19.586666,18.446667
0.971490,19.586666,18.406666
0.971891,19.580000,18.420000
0.972293,19.653332,18.459999
0.972694,19.466667,18.413334
0.973095,19.600000,18.440001
0.973497,19.659998,18.459999
0.973898,19.620001,18.406666
0.974299,19.713333,18.466665
0.974701,19.639999,18.446667
0.975102,19.633333,18.486666
0.975504,19.633333,18.473331
0.975905,19.613333,18.539999
0.976306,19.653332,18.486666
0.976708,19.740000,18.493332
0.977109,19.679998,18.506666
0.977511,19.626667,18.506666
0.977913,19.653332,18.146666
0.978315,19.679998,18.513332
0.978717,19.693333,18.520000
0.979118,19.639999,18.506666
0.979519,19.679998,18.506666
0.979920,19.699999,18.539999
0.980321,19.699999,18.513332
0.980722,19.726667,18.533333
0.981124,19.706667,18.466665
0.981525,19.733334,18.533333
0.981926,19.753334,18.506666
0.982328,19.740000,18.546667
0.982729,19.726667,18.520000
0.983131,19.713333,18.539999
0.983532,19.753334,18.586666
0.983933,19.746666,18.546667
0.984334,19.740000,18.533333
0.984735,19.733334,18.580000
0.985136,19.799999,18.553333
0.985539,19.786665,18.580000
0.985940,19.760000,18.553333
0.986342,19.746666,18.646666
0.986743,19.726667,18.566668
0.987145,19.746666,18.553333
0.987546,19.753334,18.553333
0.987947,19.779999,18.593332
0.988349,19.773333,18.586666
0.988750,19.773333,18.599998
0.989151,19.766666,18.580000
0.989552,19.740000,18.606665
0.989953,19.773333,18.593332
0.990355,19.746666,18.586666
0.990757,19.860001,18.599998
0.991158,19.799999,18.653334
0.991559,19.786665,18.613333
0.991960,19.820000,18.613333
0.992361,19.799999,18.599998
0.992762,19.793333,18.599998
0.993163,19.813332,18.586666
0.993565,19.799999,18.766666
0.993966,19.760000,18.493332
0.994368,19.793333,18.619999
0.994770,19.926666,18.626665
0.995171,19.793333,18.613333
0.995572,19.766666,18.626665
0.995973,19.799999,18.626665
0.996375,19.820000,18.639999
0.996776,19.813332,18.613333
0.997178,19.833332,18.646666
0.997579,19.806665,18.646666
0.997981,19.840000,18.646666
0.998382,19.820000,18.639999
0.998784,19.799999,18.626665
0.999185,19.820000,18.653334
0.999587,19.833332,18.646666
0.999988,19.840000,18.680000
1.000389,19.753334,18.673334
1.000791,19.813332,18.646666
1.001192,19.826666,18.646666
1.001593,19.733334,18.639999
1.001994,19.606667,18.593332
1.002395,19.900000,18.673334
1.002797,19.846666,18.646666
1.003199,19.893333,18.646666
1.003601,19.840000,18.646666
1.004002,19.853333,18.660000
1.004403,19.820000,18.646666
1.004805,19.873333,18.660000
1.005206,20.020000,18.646666
1.005607,19.840000,18.646666
1.006008,19.846666,18.793333
1.006409,19.906666,18.646666
1.006811,19.833332,18.646666
1.007213,19.860001,18.646666
1.007614,19.900000,18.653334
1.008015,19.860001,18.626665
1.008416,19.826666,18.613333
1.008818,19.893333,18.646666
1.009220,19.846666,18.639999
1.009621,19.833332,18.646666
1.010022,19.826666,18.686666
1.010423,19.653332,18.646666
1.010825,19.786665,18.646666
1.011226,19.806665,18.646666
1.011628,19.886667,18.639999
1.012031,19.833332,18.639999
1.012432,19.840000,18.626665
1.012833,19.840000,18.646666
1.013234,19.840000,18.646666
1.013635,19.806665,18.646666
1.014036,19.826666,18.660000
1.014437,19.813332,18.626665
1.014838,19.833332,18.713333
1.015239,19.833332,18.686666
1.015640,19.866667,18.660000
1.016041,19.806665,18.626665
1.016443,19.806665,18.646666
1.016844,19.820000,18.566668
1.017245,19.820000,18.706667
1.017647,19.826666,18.646666
1.018048,19.946667,18.646666
1.018450,19.840000,18.533333
1.018852,19.833332,18.533333
1.019253,19.833332,18.686666
1.019654,19.873333,18.526667
1.020055,19.826666,18.646666
1.020456,19.793333,18.533333
1.020857,19.806665,18.646666
1.021258,19.820000,18.639999
1.021660,19.820000,18.613333
1.022061,19.860001,18.653334
1.022465,19.779999,18.706667
1.022866,19.826666,18.646666
1.023267,19.779999,18.646666
1.023669,19.760000,18.626665
1.024071,19.813332,18.646666
1.024472,19.820000,18.593332
1.024873,19.793333,18.586666
1.025275,19.773333,18.613333
1.025677,19.779999,18.646666
1.026079,19.773333,18.593332
1.026480,19.799999,18.526667
1.026881,19.686666,18.606665
1.027282,19.793333,18.580000
1.027683,19.753334,18.546667
1.028084,19.773333,18.639999
1.028485,19.746666,18.626665
1.028887,19.753334,18.599998
1.029289,19.766666,18.526667
1.029691,19.793333,18.639999
1.030092,19.773333,18.580000
1.030494,19.706667,18.533333
1.030895,19.719999,18.566668
1.031296,19.740000,18.586666
1.031697,19.746666,18.586666
1.032098,19.766666,18.566668
1.032499,19.733334,18.553333
1.032900,19.659998,18.533333
1.033301,19.719999,18.533333
1.033702,19.719999,18.653334
1.034103,19.726667,18.553333
1.034505,19.693333,18.553333
1.034908,19.740000,18.500000
1.035310,19.840000,18.539999
1.035713,19.773333,18.606665
1.036114,19.600000,18.539999
1.036515,19.733334,18.520000
1.036916,19.693333,18.619999
1.037318,19.719999,18.520000
1.037720,19.573334,18.506666
1.038121,19.719999,18.513332
1.038522,19.673332,18.506666
1.038923,19.679998,18.486666
1.039325,19.686666,18.500000
1.039727,19.646666,18.473331
1.040129,19.659998,18.473331
1.040531,19.600000,18.473331
1.040933,19.659998,18.466665
1.041335,19.639999,18.473331
1.041737,19.653332,18.526667
1.042139,19.633333,18.379999
1.042541,19.719999,18.446667
1.042943,19.686666,18.459999
1.043345,19.580000,18.426666
1.043746,19.639999,18.473331
1.044148,19.666666,18.413334
1.044550,19.693333,18.459999
1.044952,19.600000,18.400000
1.045353,19.600000,18.446667
1.045755,19.586666,18.400000
1.046156,19.600000,18.406666
1.046558,19.586666,18.413334
1.046959,19.553333,18.286667
1.047361,19.573334,18.400000
1.047762,19.566666,18.400000
1.048164,19.553333,18.366667
1.048566,19.546665,18.406666
1.048967,19.546665,18.400000
1.049369,19.533333,18.366667
1.049771,19.533333,18.373333
1.050173,19.519999,18.379999
1.050574,19.539999,18.353333
1.050975,19.480000,18.393333
1.051377,19.506666,18.366667
1.051778,19.466667,18.320000
1.052179,19.386665,18.339998
1.052580,19.506666,18.333332
1.052981,19.539999,18.333332
1.053383,19.459999,18.306667
1.053785,19.459999,18.346666
1.054187,19.433332,18.299999
1.054588,19.433332,18.306667
1.054989,19.420000,18.260000
1.055391,19.433332,18.280001
1.055792,19.426666,18.293333
1.056193,19.379999,18.280001
1.056594,19.413332,18.253332
1.056996,19.386665,18.273333
1.057398,19.420000,18.286667
1.057800,19.439999,18.273333
1.058201,19.439999,18.246666
1.058602,19.420000,18.240000
1.059003,19.379999,18.320000
1.059404,19.346666,18.246666
1.059805,19.346666,18.233332
1.060206,19.379999,18.213333
1.060608,19.406666,18.213333
1.061009,19.366667,18.219999
1.061410,19.346666,18.160000
1.061811,19.326666,18.199999
1.062212,19.279999,18.166666
1.062614,19.313334,18.253332
1.063015,19.326666,18.153334
1.063416,19.306665,18.146666
1.063817,19.259998,18.146666
1.064218,19.286665,18.166666
1.064620,19.313334,18.146666
1.065022,19.246666,18.139999
1.065423,19.186666,18.106667
1.065824,19.219999,18.119999
1.066225,19.253332,18.040001
1.066627,19.219999,18.066666
1.067029,19.253332,18.106667
1.067430,19.233334,18.086666
1.067832,19.080000,18.046667
1.068233,19.226667,18.086666
1.068634,19.193333,18.146666
1.069036,19.193333,18.073332
1.069437,19.186666,18.073332
1.069838,19.173332,18.046667
1.070239,19.153332,18.046667
1.070641,19.153332,18.020000
1.071042,19.119999,18.020000
1.071444,19.126665,18.020000
1.071845,19.126665,18.026667
1.072247,19.113333,18.006666
1.072648,19.119999,18.013332
1.073049,19.106667,18.000000
1.073450,19.053333,17.966665
1.073851,19.086666,17.946665
1.074252,19.053333,18.000000
1.074653,19.073334,17.900000
1.075054,19.080000,17.953333
1.075456,19.066666,17.846666
1.075857,18.986666,17.893333
1.076258,19.039999,17.920000
1.076659,19.053333,17.913334
1.077060,18.999998,17.953333
1.077464,18.999998,17.846666
1.077866,19.173332,17.926666
1.078267,18.993332,17.859999
1.078668,18.913332,17.873333
1.079069,18.966667,17.873333
1.079471,18.926666,17.840000
1.079872,18.960001,17.853333
1.080274,18.900000,17.826666
1.080675,18.920000,17.813332
1.081076,18.906666,17.793333
1.081478,18.900000,17.826666
1.081879,18.879999,17.773333
1.082280,18.886665,17.793333
1.082681,18.980000,17.446667
1.083082,18.840000,17.746666
1.083484,18.840000,17.746666
1.083885,18.820000,17.746666
1.084286,18.813334,17.760000
1.084687,18.786667,17.653334
1.085088,18.746666,17.673332
1.085490,18.786667,17.713333
1.085891,18.766666,17.639999
1.086292,18.759998,17.666666
1.086693,18.753332,17.673332
1.087094,18.740000,17.666666
1.087495,18.706667,17.626667
1.087896,18.713333,17.639999
1.088298,18.673334,17.613333
1.088701,18.693333,17.619999
1.089102,18.680000,17.613333
1.089503,18.680000,17.686666
1.089904,18.653334,17.600000
1.090305,18.599998,17.539999
1.090707,18.633333,17.539999
1.091108,18.646666,17.539999
1.091509,18.626665,17.573332
1.091910,18.606665,17.526667
1.092311,18.593332,17.500000
1.092713,18.599998,17.453333
1.093114,18.599998,17.526667
1.093515,18.580000,17.459999
1.093917,18.686666,17.486666
1.094318,18.526667,17.473333
1.094720,18.586666,17.453333
1.095122,18.520000,17.453333
1.095524,18.520000,17.433332
1.095925,18.500000,17.433332
1.096328,18.500000,17.400000
1.096729,18.466665,17.433332
1.097130,18.493332,17.380001
1.097532,18.533333,17.393333
1.097933,18.440001,17.400000
1.098334,18.406666,17.366667
1.098735,18.400000,17.346666
1.099136,18.413334,17.333332
1.099539,18.400000,17.346666
1.099940,18.379999,17.313332
1.100342,18.400000,17.333332
1.100743,18.306667,17.306665
1.101144,18.346666,17.266666
1.101546,18.326666,17.260000
1.101947,18.333332,17.306665
1.102349,18.313334,17.240000
1.102751,18.126667,17.260000
1.103152,18.280001,17.240000
1.103553,18.273333,17.186666
1.103954,18.246666,17.186666
1.104355,18.199999,17.173332
1.104756,18.260000,17.186666
1.105157,18.213333,17.146666
1.105560,18.193333,17.126667
1.105961,18.226665,17.139999
1.106363,18.173334,17.139999
1.106765,18.160000,17.120001
1.107166,18.146666,17.080000
1.107567,18.086666,17.113333
1.107968,18.160000,17.046665
1.108369,18.113333,17.100000
1.108771,18.099998,17.039999
1.109172,18.099998,17.013332
1.109573,18.073332,17.033333
1.109975,18.166666,16.980000
1.110377,18.020000,17.039999
1.110778,18.033333,17.039999
1.111179,18.040001,17.039999
1.111581,18.020000,16.966667
1.111982,17.993332,16.906666
1.112383,17.980000,16.933332
1.112784,17.980000,16.920000
1.113185,17.973333,16.920000
1.113586,17.993332,16.900000
1.113987,17.906668,16.886665
1.114388,17.926666,16.886665
1.114789,17.886667,16.833334
1.115190,17.900000,16.900000
1.115591,17.840000,16.826666
1.115993,17.873333,16.840000
1.116395,17.866667,16.853334
1.116797,17.820000,16.840000
1.117198,17.799999,16.799999
1.117600,17.799999,16.786665
1.118001,17.773333,16.713333
1.118402,17.673332,16.846666
1.118804,17.766666,16.786665
1.119205,17.746666,16.759998
1.119606,17.713333,16.733334
1.120008,17.740000,16.713333
1.120409,17.719999,16.706667
1.120811,17.699999,16.713333
1.121213,17.679998,16.673332
1.121614,17.639999,16.539999
1.122015,17.639999,16.779999
1.122416,17.626667,16.619999
1.122817,17.586666,16.593334
1.123218,17.606667,16.606667
1.123620,17.606667,16.546667
1.124022,17.539999,16.619999
1.124423,17.559999,16.606667
1.124825,17.533333,16.526667
1.125227,17.506666,16.486666
1.125628,17.459999,16.480000
1.126029,17.466665,16.233332
1.126431,17.439999,16.466667
1.126832,17.453333,16.466667
1.127234,17.433332,16.433332
1.127635,17.500000,16.440001
1.128037,17.360001,16.433332
1.128439,17.400000,16.406666
1.128840,17.353333,16.373333
1.129241,17.346666,16.320000
1.129643,17.333332,16.353333
1.130044,17.346666,16.326666
1.130446,17.326666,16.306667
1.130847,17.306665,16.286667
1.131248,17.293333,16.266666
1.131649,17.273333,16.219999
1.132051,17.260000,16.213333
1.132452,17.219999,16.246666
1.132853,17.233334,16.146666
1.133254,17.213333,16.166666
1.133655,17.166666,16.166666
1.134057,17.013332,16.119999
1.134458,17.046665,16.099998
1.134859,17.120001,16.099998
1.135260,17.106667,16.000000
1.135661,17.100000,16.099998
1.136063,17.100000,16.066668
1.136465,17.113333,16.046667
1.136866,17.066666,16.039999
1.137268,17.039999,16.026667
1.137669,17.026665,15.946666
1.138070,16.846666,15.940000
1.138471,16.993334,15.946666
1.138873,16.993334,15.940000
1.139274,16.920000,15.920000
1.139675,16.933332,15.886665
1.140076,16.920000,15.913334
1.140477,16.953333,15.866667
1.140878,16.906666,15.833333
1.141280,16.860001,15.826667
1.141681,16.886665,15.819999
1.142082,16.846666,15.780001
1.142484,16.860001,15.780001
1.142887,16.793333,15.746666
1.143288,16.820000,16.099998
1.143689,16.826666,15.679999
1.144091,16.873333,15.733333
1.144492,16.813334,15.733333
1.144893,16.879999,15.746666
1.145294,16.773333,15.666666
1.145695,16.806665,15.626667
1.146096,16.700001,15.599999
1.146498,16.693333,15.606667
1.146899,16.660000,15.540000
1.147300,16.626665,15.573333
1.147702,16.606667,15.566667
1.148104,16.633331,15.493332
1.148505,16.546667,15.480000
1.148906,16.680000,15.480000
1.149308,16.546667,15.386667
1.149710,16.493332,15.453334
1.150111,16.499998,15.426665
1.150512,16.506666,15.419999
1.150913,16.499998,15.393333
1.151314,16.466667,15.326667
1.151716,16.420000,15.379999
1.152118,16.433332,15.346666
1.152519,16.379999,15.379999
1.152920,16.266666,15.280000
1.153322,16.346666,15.260000
1.153724,16.333334,15.260000
1.154125,16.313334,15.233334
1.154526,16.273333,15.219999
1.154927,16.273333,15.200000
1.155329,16.200001,15.173333
1.155731,16.180000,15.213333
1.156132,16.180000,15.133333
1.156534,16.193333,15.139999
1.156935,16.160000,15.126667
1.157337,16.139999,15.126667
1.157739,16.106665,15.060000
1.158140,16.106665,15.080000
1.158541,16.093332,14.953333
1.158942,16.020000,14.953333
1.159343,16.039999,15.219999
1.159745,16.053333,14.953333
1.160147,15.986667,14.933333
1.160548,16.013332,14.940000
1.160950,15.986667,14.886666
1.161351,15.966666,14.953333
1.161753,15.933333,14.873333
1.162154,15.886665,14.840000
1.162557,15.860000,14.820000
1.162958,15.860000,14.813333
1.163361,15.839999,14.786666
1.163763,15.786667,14.753333
1.164166,15.780001,14.773334
1.164567,15.760000,14.693333
1.164969,15.740000,14.693333
1.165371,15.746666,14.699999
1.165773,15.726666,14.686666
1.166175,15.686666,14.666667
1.166577,15.660000,14.506667
1.166978,15.613333,14.600000
1.167379,15.553332,14.580000
1.167780,15.599999,14.533334
1.168182,15.566667,14.540000
1.168584,15.579999,14.526666
1.168987,15.560000,14.493333
1.169388,15.586667,14.513333
1.169790,15.493332,14.459999
1.170191,15.473333,14.433332
1.170593,15.453334,14.426666
1.170994,15.366667,14.400001
1.171395,15.406667,14.420000
1.171796,15.359999,14.360000
1.172197,15.353333,14.366666
1.172598,15.320001,14.346666
1.172999,15.273333,14.320000
1.173400,15.300000,14.273334
1.173801,15.240000,14.286666
1.174203,15.266666,14.259999
1.174605,15.253334,14.180000
1.175008,15.226665,14.226666
1.175409,15.186667,14.173332
1.175810,15.173333,14.173332
1.176211,15.146667,14.153333
1.176613,15.126667,14.140000
1.177014,15.206666,14.006667
1.177416,15.119999,14.080000
1.177817,15.033334,14.080000
1.178218,14.880000,13.993333
1.178620,14.986666,14.006667
1.179021,14.953333,13.986667
1.179422,14.953333,13.986667
1.179824,14.899999,14.006667
1.180225,14.880000,13.960000
1.180627,14.873333,13.926666
1.181028,14.873333,13.913332
1.181430,14.833332,13.873334
1.181831,14.746666,13.860000
1.182233,14.773334,13.853333
1.182634,14.746666,13.873334
1.183035,14.733334,13.820000
1.183437,14.646667,13.806667
1.183839,14.706667,13.746667
1.184240,14.693333,13.759999
1.184641,14.640000,13.713332
1.185043,14.626666,13.693333
1.185444,14.646667,13.820000
1.185845,14.566666,13.653334
1.186247,14.586666,13.646666
1.186648,14.593332,13.613334
1.187049,14.526666,13.606666
1.187450,14.506667,13.566667
1.187852,14.486667,13.506666
1.188253,14.446667,13.506666
1.188654,14.446667,13.493333
1.189057,14.393332,13.480000
1.189458,14.353333,13.526667
1.189859,14.353333,13.453332
1.190260,14.340000,13.406666
1.190661,14.326666,13.353333
1.191063,14.313334,13.413334
1.191465,14.306665,13.320000
1.191866,14.246667,13.320000
1.192268,14.193333,13.300000
1.192669,14.200001,13.300000
1.193072,14.160000,13.286667
1.193473,14.193333,13.259999
1.193874,14.233333,13.213333
1.194275,14.086666,13.193333
1.194676,14.106666,13.226666
1.195079,14.046667,13.179999
1.195480,13.973332,13.186666
1.195881,13.999999,13.120000
1.196283,13.999999,13.113333
1.196685,13.986667,13.093333
1.197087,13.946667,13.053332
1.197490,13.913332,13.046666
1.197891,13.933332,13.013333
1.198292,13.880000,12.960000
1.198694,13.846665,12.940000
1.199096,13.820000,12.993333
1.199498,13.786667,12.980000
1.199899,13.806667,12.919999
1.200300,13.773333,12.873333
1.200701,13.753333,12.886666
1.201102,13.720000,12.833333
1.201504,13.700000,12.826667
1.201907,13.706666,12.826667
1.202308,13.639999,12.846666
1.202709,13.673334,12.740000
1.203110,13.546667,12.713333
1.203512,13.599999,12.760000
1.203913,13.546667,12.679999
1.204314,13.500000,12.846666
1.204715,13.493333,12.633333
1.205117,13.473332,12.599999
1.205518,13.480000,12.586666
1.205920,13.413334,12.580000
1.206321,13.420000,12.546666
1.206722,13.406666,12.559999
1.207123,13.346667,12.506667
1.207526,13.320000,12.520000
1.207927,13.300000,12.506667
1.208328,13.240000,12.446667
1.208729,13.179999,12.420000
1.209130,13.253333,12.420000
1.209531,13.246666,12.420000
1.209932,13.253333,12.339999
1.210333,13.179999,12.246667
1.210735,13.186666,12.313334
1.211136,13.046666,12.300000
1.211538,13.100000,12.233334
1.211940,13.100000,12.246667
1.212342,13.059999,12.240000
1.212743,13.026667,12.193333
1.213144,13.013333,12.186666
1.213546,13.006666,12.126666
1.213947,12.953333,12.106667
1.214349,12.933333,12.086666
1.214750,12.893333,12.066666
1.215151,12.926666,12.033333
1.215553,12.860000,12.106667
1.215954,12.846666,12.020000
1.216355,12.853333,11.953333
1.216756,12.906667,11.993333
1.217157,12.900000,11.933332
1.217559,12.753333,11.893333
1.217960,12.753333,11.893333
1.218362,12.840000,11.720000
1.218764,12.666666,11.793333
1.219167,12.566667,11.799999
1.219569,12.633333,11.793333
1.219970,12.673333,11.766666
1.220371,12.586666,11.746666
1.220772,12.533333,11.706667
1.221173,12.520000,11.720000
1.221575,12.500000,11.686666
1.221978,12.493333,11.640000
1.222379,12.480000,11.633333
1.222780,12.446667,11.593333
1.223181,12.500000,11.700000
1.223583,12.440001,11.573333
1.223984,12.380000,11.526667
1.224385,12.360000,11.513333
1.224786,12.293333,11.466666
1.225187,12.320000,11.486667
1.225588,12.286667,11.513333
1.225989,12.226666,11.053333
1.226391,12.186666,11.233333
1.226792,12.186666,11.493333
1.227194,12.166667,11.360000
1.227595,12.106667,11.380000
1.227996,12.180000,11.326667
1.228398,12.073333,11.293333
1.228799,12.059999,11.266666
1.229200,12.040000,11.226666
1.229601,11.986667,11.206666
1.230004,11.926666,11.180000
1.230405,11.946667,11.146667
1.230806,12.059999,11.173333
1.231207,11.799999,11.133333
1.231608,11.879999,11.099999
1.232009,11.866666,10.940000
1.232410,11.806666,11.040000
1.232811,11.793333,11.020000
1.233212,11.826667,11.053333
1.233613,11.746666,11.013332
1.234014,11.713333,10.940000
1.234415,11.646667,10.913333
1.234817,11.726666,10.913333
1.235220,11.700000,10.893332
1.235622,11.626666,10.853333
1.236024,11.640000,10.866667
1.236425,11.559999,10.840000
1.236827,11.546666,10.813333
1.237228,11.526667,10.800000
1.237629,11.480000,10.726666
1.238030,11.493333,10.726666
1.238431,11.380000,10.720000
1.238833,11.380000,10.679999
1.239235,11.346666,10.660000
1.239636,11.353333,10.653334
1.240037,11.360000,10.573333
1.240439,11.273333,10.586667
1.240841,11.260000,10.586667
1.241242,11.306666,10.540000
1.241644,11.253333,10.506666
1.242045,11.206666,10.506666
1.242446,11.186666,10.473333
1.242847,11.186666,10.453333
1.243248,11.133333,10.413333
1.243650,11.153333,10.406667
1.244051,11.060000,10.413333
1.244452,11.060000,10.260000
1.244853,11.099999,10.346666
1.245256,11.020000,10.326667
1.245658,11.006666,10.293333
1.246059,11.013332,10.280000
1.246465,10.960000,10.213333
1.246866,10.940000,10.166666
1.247267,10.906667,10.206667
1.247669,10.866667,10.133333
1.248072,10.840000,10.093333
1.248473,10.840000,10.133333
1.248876,10.806666,10.113333
1.249277,10.786667,10.006667
1.249679,10.740000,10.053333
1.250080,10.700000,9.953333
1.250481,10.666667,10.006667
1.250882,10.639999,10.000000
1.251283,10.620000,9.966666
1.251685,10.540000,9.980000
1.252086,10.593333,9.893332
1.252487,10.586667,9.766666
1.252889,10.606667,9.880000
1.253290,10.466667,9.833333
1.253691,10.493333,9.800000
1.254092,10.493333,9.820000
1.254494,10.473333,9.793333
1.254897,10.400000,9.726666
1.255299,10.406667,9.719999
1.255700,10.373333,9.693333
1.256103,10.346666,9.693333
1.256505,10.326667,9.653333
1.256906,10.233333,9.600000
1.257308,10.320000,9.613334
1.257709,10.260000,9.613334
1.258111,10.179999,9.580000
1.258512,10.226666,9.586666
1.258913,10.186666,9.533333
1.259314,10.166666,9.513333
1.259715,10.133333,9.706666
1.260118,10.106667,9.466666
1.260519,10.093333,9.346666
1.260920,9.986667,9.346666
1.261322,10.046666,9.466666
1.261724,9.946667,9.293333
1.262126,9.973333,9.320000
1.262527,9.959999,9.299999
1.262928,9.966666,9.260000
1.263330,9.920000,9.260000
1.263731,9.966666,9.220000
1.264132,9.839999,9.193333
1.264533,9.826666,9.193333
1.264936,9.806666,9.140000
1.265337,9.766666,9.179999
1.265739,9.766666,9.073333
1.266141,9.820000,9.059999
1.266542,9.726666,9.473333
1.266945,9.673333,9.059999
1.267347,9.660000,8.973332
1.267748,9.639999,8.966666
1.268150,9.613334,8.926666
1.268552,9.586666,8.973332
1.268953,9.553333,8.900000
1.269354,9.526667,8.726666
1.269756,9.580000,8.746667
1.270157,9.373333,8.813334
1.270559,9.466666,8.820000
1.270960,9.393333,8.820000
1.271362,9.346666,8.740000
1.271763,9.346666,8.740000
1.272166,9.346666,8.733333
1.272568,9.280000,8.673333
1.272969,9.393333,8.666666
1.273371,9.260000,8.639999
1.273773,9.246666,8.639999
1.274174,9.220000,8.579999
1.274576,9.173333,8.613334
1.274978,9.120000,8.540000
1.275379,9.166666,8.560000
1.275781,9.093333,8.753333
1.276184,9.093333,8.473333
1.276588,9.046666,8.460000
1.276989,9.020000,8.400000
1.277391,9.066667,8.393332
1.277792,9.013333,8.360000
1.278193,8.960000,8.393332
1.278594,8.906666,8.346666
1.278997,8.940000,8.333333
1.279399,8.900000,8.266666
1.279800,8.873333,8.253333
1.280202,8.833333,8.226666
1.280604,8.800000,8.213333
1.281005,8.780000,8.206666
1.281407,8.740000,8.166667
1.281808,8.740000,8.153334
1.282209,8.719999,8.126666
1.282611,8.680000,8.126666
1.283013,8.626667,8.053332
1.283415,8.633333,8.046666
1.283817,8.599999,8.066667
1.284219,8.593333,8.040000
1.284621,8.573333,8.186666
1.285022,8.540000,7.933333
1.285423,8.506666,7.966667
1.285824,8.533333,7.926667
1.286225,8.360000,7.893333
1.286627,8.440000,7.873333
1.287028,8.460000,7.866666
1.287429,8.393332,7.813334
1.287831,8.366667,7.813334
1.288232,8.320000,7.760000
1.288634,8.326666,7.726667
1.289035,8.286667,7.753333
1.289437,8.246666,7.720000
1.289839,8.213333,7.720000
1.290240,8.206666,7.673333
1.290641,8.200000,7.900000
1.291042,8.153334,7.553333
1.291443,8.139999,7.573333
1.291845,8.120000,7.500000
1.292246,8.186666,7.533333
1.292647,8.000000,7.533333
1.293050,8.040000,7.486667
1.293451,8.000000,7.466667
1.293853,8.020000,7.453333
1.294256,7.926667,7.426666
1.294658,7.893333,7.413333
1.295060,7.920000,7.246666
1.295464,7.880000,7.346666
1.295865,7.866666,7.320000
1.296267,7.846667,7.313333
1.296669,7.820000,7.293333
1.297070,7.733333,7.253334
1.297471,7.746666,7.246666
1.297874,7.760000,7.233334
1.298276,7.720000,7.173333
1.298678,7.693334,7.173333
1.299080,7.679999,7.166667
1.299481,7.660000,7.060000
1.299884,7.620000,7.280000
1.300285,7.559999,7.106667
1.300687,7.600000,7.020000
1.301089,7.533333,7.026667
1.301491,7.513333,7.020000
1.301894,7.500000,6.993333
1.302295,7.400000,6.953333
1.302696,7.340000,6.926667
1.303098,7.420000,6.960000
1.303500,7.380000,6.900000
1.303901,7.386667,6.893333
1.304302,7.353333,6.866666
1.304703,7.333333,6.873333
1.305104,7.320000,6.813333
1.305505,7.273333,6.813333
1.305907,7.186666,6.773334
1.306308,7.240000,6.713333
1.306709,7.266667,6.733333
1.307111,7.173333,6.713333
1.307512,7.153333,6.640000
1.307913,7.153333,6.900000
1.308314,7.119999,6.626667
1.308716,7.080000,6.900000
1.309117,7.060000,6.546667
1.309519,7.119999,6.546667
1.309920,7.046667,6.473333
1.310321,7.080000,6.360000
1.310722,7.060000,6.466667
1.311123,6.913333,6.306666
1.311525,6.840000,6.400000
1.311926,6.906667,6.406667
1.312328,6.886666,6.393333
1.312730,6.880000,6.373333
1.313131,6.746666,6.406667
1.313532,6.806667,6.286667
1.313933,6.780000,6.286667
1.314336,6.793334,6.273333
1.314737,6.740000,6.273333
1.315140,6.686666,6.240000
1.315541,6.693333,6.160000
1.315942,6.686666,6.160000
1.316343,6.640000,6.173333
1.316744,6.586667,6.126667
1.317147,6.700000,6.126667
1.317548,6.540000,6.100000
1.317949,6.520000,6.073333
1.318350,6.486667,6.046667
1.318752,6.446667,6.053333
1.319153,6.460000,5.933333
1.319554,6.540000,6.000000
1.319955,6.613333,5.973333
1.320356,6.413333,5.913333
1.320757,6.360000,5.933333
1.321158,6.313334,5.886667
1.321559,6.306666,5.880000
1.321960,6.280000,5.853333
1.322362,6.286667,5.800000
1.322763,6.206666,5.820000
1.323165,6.180000,5.760000
1.323567,6.200000,5.760000
1.323968,6.153333,5.760000
1.324369,6.220000,5.713333
1.324770,6.106667,5.666667
1.325172,6.086667,5.693333
1.325573,6.066667,5.673333
1.325974,6.046667,5.633333
1.326376,6.033333,5.600000
1.326778,5.986667,5.586667
1.327179,5.993333,5.426667
1.327582,6.040000,5.526667
1.327983,5.946667,5.533333
1.328384,5.906666,5.513333
1.328786,5.920000,5.466667
1.329189,5.853333,5.426667
1.329590,5.860000,5.386667
1.329993,5.800000,5.413333
1.330394,5.806666,5.413333
1.330796,5.733333,5.386667
1.331197,5.760000,5.360000
1.331599,5.753333,5.300000
1.332000,5.720000,5.240000
1.332401,5.660000,5.233334
1.332803,5.700000,5.333333
1.333204,5.633333,5.260000
1.333605,5.626667,5.233334
1.334006,5.613333,5.206666
1.334407,5.593333,5.213333
1.334809,5.486667,5.180000
1.335210,5.506666,5.180000
1.335612,5.493333,5.126667
1.336013,5.486667,5.060000
1.336414,5.520000,5.093333
1.336815,5.433333,5.066667
1.337217,5.413333,5.060000
1.337619,5.426667,5.053333
1.338020,5.360000,4.993333
1.338421,5.373333,4.906667
1.338823,5.333333,4.920000
1.339224,5.313333,4.946666
1.339625,5.286666,4.886666
1.340028,5.273333,4.886666
1.340429,5.260000,4.886666
1.340831,5.253333,4.853333
1.341232,5.193333,4.800000
1.341634,5.200000,4.820000
1.342035,5.140000,4.793333
1.342437,5.133333,4.753333
1.342838,5.093333,4.786666
1.343240,5.086667,4.713333
1.343642,5.106667,4.733333
1.344044,5.060000,4.593333
1.344445,5.060000,4.753333
1.344846,4.980000,4.733333
1.345247,5.006667,4.606667
1.345649,4.973333,4.600000
1.346050,4.933333,4.566667
1.346451,4.893333,4.573333
1.346853,4.893333,4.546667
1.347254,4.886666,4.533333
1.347655,4.853333,4.446667
1.348056,4.880000,4.613333
1.348457,4.800000,4.480000
1.348859,4.780000,4.453333
1.349260,4.740000,4.446667
1.349661,4.773334,4.446667
1.350062,4.666667,4.380000
1.350465,4.740000,4.400000
1.350866,4.686666,4.306667
1.351267,4.333333,4.353333
1.351669,4.680000,4.413333
1.352070,4.706666,4.286666
1.352471,4.626667,4.266666
1.352872,4.600000,4.166667
1.353275,4.560000,4.220000
1.353676,4.540000,4.213334
1.354078,4.533333,4.206666
1.354479,4.500000,4.193333
1.354880,4.473333,4.160000
1.355281,4.493333,4.160000
1.355682,4.420000,4.126667
1.356083,4.393333,4.100000
1.356485,4.420000,4.080000
1.356886,4.393333,4.033333
1.357287,4.406667,4.026666
1.357689,4.386666,4.026666
1.358091,4.340000,4.046667
1.358492,4.300000,3.973333
1.358895,4.273333,4.006667
1.359296,4.300000,3.960000
1.359697,4.206666,3.946667
1.360098,4.133333,3.920000
1.360499,4.240000,3.840000
1.360900,4.106667,3.893333
1.361301,4.120000,3.893333
1.361702,3.986666,3.833333
1.362103,4.146667,3.840000
1.362504,4.160000,3.833333
1.362905,4.093333,3.820000
1.363306,4.073333,3.733333
1.363707,4.053333,3.746666
1.364108,4.120000,3.713333
1.364510,4.013333,3.673333
1.364912,3.986666,3.720000
1.365313,4.020000,3.633333
1.365715,4.040000,3.653333
1.366117,3.946667,3.466666
1.366519,3.926666,3.593333
1.366920,3.886667,3.566667
1.367321,3.633333,3.520000
1.367723,3.860000,3.573333
1.368126,3.880000,3.513333
1.368527,3.760000,3.520000
1.368930,3.773333,3.486667
1.369331,3.620000,3.480000
1.369732,3.700000,3.493333
1.370133,3.686666,3.440000
1.370534,3.680000,3.420000
1.370936,3.660000,3.426666
1.371338,3.660000,3.400000
1.371739,3.653333,3.253333
1.372141,3.620000,3.326667
1.372542,3.640000,3.380000
1.372945,3.620000,3.293333
1.373346,3.586667,3.300000
1.373747,3.560000,3.300000
1.374148,3.526666,3.286667
1.374549,3.500000,3.260000
1.374952,3.473333,3.253333
1.375354,3.486667,3.206667
1.375756,3.413333,3.153333
1.376157,3.380000,3.166667
1.376559,3.426666,3.140000
1.376960,3.446667,3.100000
1.377361,3.380000,3.133333
1.377763,3.386667,3.120000
1.378164,3.346666,3.046667
1.378566,3.340000,3.060000
1.378967,3.300000,3.053333
1.379369,3.293333,3.046667
1.379770,3.280000,3.053333
1.380171,3.266667,3.020000
1.380573,3.226667,2.973333
1.380974,3.206667,2.960000
1.381376,3.186666,2.953333
1.381777,3.180000,2.960000
1.382180,3.173333,2.913333
1.382581,3.140000,2.913333
1.382982,3.120000,2.900000
1.383384,3.246666,2.860000
1.383785,3.126667,2.913333
1.384187,3.066667,2.860000
1.384589,3.080000,2.846667
1.384990,3.146667,2.493333
1.385391,3.033333,2.826667
1.385793,2.840000,2.786667
1.386194,3.013333,2.773333
1.386595,3.013333,2.753333
1.386996,3.006667,2.733333
1.387397,2.960000,2.733333
1.387798,2.940000,2.673333
1.388199,2.926667,2.613333
1.388600,2.900000,2.706666
1.389003,2.840000,2.640000
1.389404,2.880000,2.620000
1.389806,2.820000,2.613333
1.390208,2.853333,2.606667
1.390609,2.806667,2.593333
1.391012,2.900000,2.560000
1.391413,2.766667,2.580000
1.391815,2.766667,2.700000
1.392216,2.760000,2.526667
1.392617,2.753333,2.520000
1.393018,2.720000,2.520000
1.393419,2.680000,2.493333
1.393820,2.873333,2.466667
1.394221,2.653333,2.446667
1.394622,2.673333,2.460000
1.395024,2.633333,2.433333
1.395425,2.626667,2.400000
1.395826,2.606667,2.366667
1.396228,2.566667,2.366667
1.396629,2.573333,2.386667
1.397030,2.546667,2.360000
1.397432,2.540000,2.346667
1.397833,2.526667,2.320000
1.398234,2.520000,2.286667
1.398636,2.513333,2.266667
1.399039,2.493333,2.286667
1.399440,2.426666,2.260000
1.399842,2.446667,2.253333
1.400243,2.426666,2.213333
1.400645,2.426666,2.220000
1.401046,2.333333,2.213333
1.401447,2.380000,2.160000
1.401849,2.360000,2.226666
1.402250,2.446667,2.126667
1.402653,2.500000,2.133333
1.403054,2.333333,2.146667
1.403456,2.280000,2.106667
1.403857,2.233333,2.086667
1.404260,2.286667,2.113333
1.404661,2.260000,2.086667
1.405062,2.253333,2.086667
1.405465,2.233333,2.033333
1.405866,2.213333,2.013333
1.406269,2.240000,2.000000
1.406671,2.193333,2.000000
1.407073,2.186667,2.000000
1.407476,2.160000,1.873333
1.407877,2.166667,1.973333
1.408279,2.173333,1.940000
1.408680,2.053333,1.920000
1.409082,2.073333,1.940000
1.409484,2.073333,1.906667
1.409885,2.126667,1.900000
1.410286,2.060000,1.846667
1.410688,2.166667,1.906667
1.411089,2.020000,1.886667
1.411491,2.073333,1.860000
1.411892,1.986667,1.786667
1.412293,2.000000,1.806667
1.412695,1.953333,1.820000
1.413096,1.940000,1.786667
1.413498,1.926667,1.786667
1.413899,1.913333,1.740000
1.414300,1.906667,1.740000
1.414701,1.906667,1.733333
1.415102,1.893333,1.733333
1.415504,1.880000,1.666667
1.415905,1.840000,1.680000
1.416307,1.900000,1.686667
1.416708,1.853333,1.580000
1.417109,1.820000,1.666667
1.417511,1.806667,1.666667
1.417912,1.780000,1.586667
1.418313,1.740000,1.633333
1.418715,1.686667,1.546667
1.419116,1.693333,1.506667
1.419518,1.726667,1.560000
1.419919,1.633333,1.573333
1.420320,1.720000,1.560000
1.420722,1.633333,1.560000
1.421123,1.706667,1.613333
1.421525,1.673333,1.526667
1.421926,1.606667,1.526667
1.422328,1.646667,1.500000
1.422729,1.646667,1.486667
1.423130,1.620000,1.453333
1.423532,1.600000,1.500000
1.423935,1.593333,1.480000
1.424336,1.633333,1.426667
1.424738,1.606667,1.346667
1.425139,1.546667,1.446667
1.425540,1.553333,1.553333
1.425941,1.533333,1.440000
1.426343,1.506667,1.386667
1.426745,1.500000,1.266667
1.427146,1.493333,1.373333
1.427548,1.533333,1.240000
1.427951,1.586667,1.326667
1.428352,1.446667,1.300000
1.428754,1.420000,1.306667
1.429156,1.406667,1.320000
1.429558,1.420000,1.266667
1.429959,1.393333,1.266667
1.430360,1.393333,1.300000
1.430762,1.380000,1.266667
1.431163,1.380000,1.306667
1.431565,1.373333,1.266667
1.431966,1.360000,1.473333
1.432367,1.366667,1.220000
1.432769,1.326667,1.173333
1.433170,1.346667,1.206667
1.433572,1.313333,1.200000
1.433973,1.306667,1.213333
1.434374,1.333333,1.200000
1.434775,1.273333,1.180000
1.435176,1.293333,1.146667
1.435577,1.240000,1.133333
1.435978,1.260000,1.066667
1.436379,1.220000,1.106667
1.436780,1.206667,1.140000
1.437182,1.186667,1.106667
1.437583,1.193333,1.073333
1.437985,1.206667,1.086667
1.438386,1.213333,1.033333
1.438787,1.200000,1.080000
1.439188,1.146667,1.033333
1.439589,1.140000,1.240000
1.439991,1.146667,1.240000
1.440392,1.140000,1.033333
1.440793,1.166667,1.026667
1.441196,1.093333,1.000000
1.441598,1.106667,1.006667
1.442001,1.060000,0.953333
1.442403,1.006667,0.993333
1.442805,1.046667,0.946667
1.443206,1.113333,0.953333
1.443607,1.106667,0.946667
1.444009,1.033333,0.946667
1.444410,1.026667,0.946667
1.444811,1.033333,1.033333
1.445212,1.013333,0.946667
1.445613,1.006667,0.946667
1.446016,0.973333,0.946667
1.446417,0.980000,0.946667
1.446818,0.966667,0.946667
1.447220,0.966667,0.946667
1.447622,0.953333,0.946667
1.448023,0.946667,0.946667
1.448425,0.946667,0.946667
1.448827,0.946667,0.946667
1.449228,0.946667,0.946667
1.449629,0.946667,0.946667
1.450031,0.946667,0.946667
1.450432,0.946667,0.946667
1.450833,0.946667,0.946667
1.451235,0.946667,0.960000
1.451636,0.946667,0.946667
1.452038,0.946667,0.946667
1.452439,0.946667,0.946667
1.452841,0.946667,0.946667
1.453242,0.946667,0.946667
1.453644,0.946667,0.946667
1.454045,0.946667,0.946667
1.454447,0.946667,0.946667
1.454848,0.946667,0.946667
1.455250,0.946667,0.946667
1.455653,0.946667,0.946667
1.456054,0.946667,0.946667
1.456455,0.946667,0.946667
1.456856,0.946667,0.946667
1.457259,0.946667,0.946667
1.457661,0.946667,0.946667
1.458062,0.946667,0.946667
1.458465,0.946667,0.946667
1.458866,0.946667,0.946667
1.459267,0.946667,0.946667
1.459669,0.946667,0.946667
1.460070,0.946667,0.946667
1.460471,0.946667,0.946667
1.460873,0.946667,0.946667
1.461274,0.946667,0.946667
1.461676,0.946667,0.946667
1.462077,0.946667,0.946667
1.462478,0.946667,0.946667
1.462879,0.946667,0.946667
1.463282,0.946667,0.946667
1.463684,0.946667,0.946667
1.464086,0.946667,0.946667
1.464487,0.946667,0.946667
1.464888,0.946667,0.946667
1.465290,0.946667,0.946667
1.465692,0.946667,0.946667
1.466093,0.946667,0.946667
1.466494,0.946667,0.946667
1.466897,0.946667,0.946667
1.467299,0.946667,0.946667
1.467701,0.946667,0.946667
1.468102,0.946667,0.946667
1.468504,0.946667,0.946667
1.468905,0.946667,0.946667
1.469307,0.946667,0.946667
1.469708,0.946667,0.946667
1.470109,0.946667,0.946667
1.470511,0.946667,0.946667
1.470912,0.946667,0.946667
1.471314,0.946667,0.946667
1.471715,0.946667,0.946667
1.472116,0.946667,0.946667
1.472519,0.946667,0.946667
1.472920,0.946667,0.946667
1.473322,0.946667,0.946667
1.473723,0.946667,0.946667
1.474125,0.946667,0.946667
1.474526,0.946667,0.946667
1.474927,0.946667,0.946667
1.475329,0.946667,0.946667
1.475730,0.946667,0.946667
1.476131,0.946667,0.946667
1.476532,0.946667,0.946667
1.476933,0.946667,0.946667
1.477334,0.946667,0.946667
1.477735,0.946667,0.946667
1.478138,0.946667,0.946667
1.478539,0.946667,0.946667
1.478940,0.946667,0.946667
1.479342,0.946667,0.946667
1.479744,0.946667,0.946667
1.480145,0.946667,0.946667
1.480546,0.946667,0.946667
1.480947,0.946667,0.946667
1.481349,0.946667,0.946667
1.481750,0.946667,0.946667
1.482152,0.946667,0.946667
1.482553,0.946667,0.946667
1.482954,0.946667,0.946667
1.483355,0.946667,0.946667
1.483757,0.946667,0.946667
1.484158,0.946667,0.946667
1.484559,0.946667,0.946667
1.484960,0.946667,0.946667
1.485362,0.946667,0.946667
1.485764,0.946667,0.946667
1.486165,0.946667,0.946667
1.486566,0.946667,0.946667
1.486967,0.946667,0.946667
1.487369,0.946667,0.946667
1.487771,0.946667,0.946667
1.488172,0.946667,0.946667
1.488573,0.946667,0.946667
1.488975,0.946667,0.946667
1.489376,0.946667,0.946667
1.489778,0.946667,0.946667
1.490180,0.946667,0.946667
1.490582,0.946667,0.946667
1.490985,0.946667,0.946667
1.491387,0.946667,0.946667
1.491789,0.946667,0.946667
1.492190,0.946667,0.946667
1.492592,0.946667,0.946667
1.492993,0.946667,0.946667
1.493394,0.946667,0.946667
1.493796,0.946667,0.946667
1.494197,0.946667,0.946667
1.494599,0.946667,0.946667
1.495001,0.946667,0.946667
1.495402,0.946667,0.946667
1.495803,0.946667,0.946667
1.496204,0.946667,0.946667
1.496606,0.946667,0.946667
1.497007,0.946667,0.946667
1.497409,0.946667,0.946667
1.497811,0.946667,0.946667
1.498212,0.946667,0.946667
1.498613,0.946667,0.946667
1.499014,0.946667,0.946667
1.499416,0.946667,0.946667
1.499817,0.946667,0.946667
1.500218,0.946667,0.946667
1.500620,0.946667,0.946667
1.501021,0.946667,0.946667
1.501423,0.946667,0.946667
1.501825,0.946667,0.946667
1.502226,0.946667,0.946667
1.502627,0.946667,0.946667
1.503028,0.946667,0.946667
1.503429,0.946667,0.946667
1.503830,0.946667,0.946667
1.504232,0.946667,0.946667
1.504633,0.946667,0.946667
1.505034,0.946667,0.946667
1.505436,0.946667,0.946667
1.505838,0.946667,0.946667
1.506239,0.946667,0.946667
1.506641,0.946667,0.946667
1.507042,0.946667,0.946667
1.507444,0.946667,0.946667
1.507846,0.946667,0.946667
1.508247,0.946667,0.946667
1.508649,0.946667,0.946667
1.509050,0.946667,0.946667
1.509451,0.946667,0.946667
1.509853,0.946667,0.946667
1.510255,0.946667,0.946667
1.510656,0.946667,0.946667
1.511057,0.946667,0.946667
1.511459,0.946667,0.946667
1.511861,0.946667,0.946667
1.512263,0.946667,0.946667
1.512665,0.946667,0.946667
1.513066,0.946667,0.946667
1.513469,0.946667,0.946667
1.513870,0.946667,0.946667
1.514271,0.946667,0.946667
1.514672,0.946667,0.946667
1.515074,0.946667,0.946667
1.515475,0.946667,0.946667
1.515877,0.946667,0.946667
1.516278,0.946667,0.946667
1.516680,0.946667,0.946667
1.517081,0.946667,0.946667
1.517482,0.946667,0.946667
1.517883,0.946667,0.946667
1.518284,0.946667,0.946667
1.518686,0.946667,0.946667
1.519087,0.946667,0.946667
1.519489,0.946667,0.946667
1.519890,0.946667,0.946667
1.520291,0.946667,0.946667
1.520693,0.946667,0.946667
1.521094,0.946667,0.946667
1.521495,0.946667,0.946667
1.521898,0.946667,0.946667
1.522299,0.946667,0.946667
1.522701,0.946667,0.946667
1.523102,0.946667,0.946667
1.523504,0.946667,0.946667
1.523906,0.946667,0.946667
1.524308,0.946667,0.946667
1.524709,0.946667,0.946667
1.525110,0.946667,0.946667
1.525512,0.946667,0.946667
1.525913,0.946667,0.946667
1.526315,0.946667,0.946667
1.526716,0.946667,0.946667
1.527117,0.946667,0.946667
1.527518,0.946667,0.946667
1.527919,0.946667,0.946667
1.528320,0.946667,0.946667
1.528722,0.946667,0.946667
1.529124,0.946667,0.946667
1.529525,0.946667,0.946667
1.529928,0.946667,0.946667
1.530329,0.946667,0.946667
1.530731,0.946667,0.946667
1.531132,0.946667,0.946667
1.531533,0.946667,0.946667
1.531934,0.946667,0.946667
1.532335,0.946667,0.946667
1.532737,0.946667,0.946667
1.533138,0.946667,0.946667
1.533539,0.946667,0.946667
1.533940,0.946667,0.946667
1.534341,0.946667,0.946667
1.534742,0.946667,0.946667
1.535143,0.946667,0.946667
1.535545,0.946667,0.946667
1.535946,0.946667,0.946667
1.536347,0.946667,0.946667
1.536748,0.946667,0.946667
1.537149,0.946667,0.946667
1.537551,0.946667,0.946667
1.537954,0.946667,0.946667
1.538355,0.946667,0.946667
1.538757,0.946667,0.946667
1.539158,0.946667,0.946667
1.539559,0.946667,0.946667
1.539960,0.946667,0.946667
1.540362,0.946667,0.946667
1.540764,0.946667,0.946667
1.541166,0.946667,0.946667
1.541567,0.946667,0.946667
1.541968,0.946667,0.946667
1.542370,0.946667,0.946667
1.542771,0.946667,0.946667
1.543172,0.946667,0.946667
1.543573,0.946667,0.946667
1.543974,0.946667,0.946667
1.544375,0.946667,0.946667
1.544776,0.946667,0.946667
1.545177,0.946667,0.946667
1.545580,0.946667,0.946667
1.545981,0.946667,0.946667
1.546382,0.946667,0.946667
1.546783,0.946667,0.946667
1.547184,0.946667,0.946667
1.547586,0.946667,0.946667
1.547987,0.946667,0.946667
1.548389,0.946667,0.946667
1.548791,0.946667,0.946667
1.549192,0.946667,0.946667
1.549593,0.946667,0.946667
1.549994,0.946667,0.946667
1.550396,0.946667,0.946667
1.550798,0.946667,0.946667
1.551199,0.946667,0.946667
1.551600,0.946667,0.946667
1.552001,0.946667,0.946667
1.552402,0.946667,0.946667
1.552803,0.946667,0.946667
1.553204,0.946667,0.946667
1.553605,0.946667,0.946667
1.554008,0.946667,0.946667
1.554409,0.946667,0.946667
1.554811,0.946667,0.946667
1.555212,0.946667,0.946667
1.555613,0.946667,0.946667
1.556015,0.946667,0.946667
1.556416,0.946667,0.946667
1.556818,0.946667,0.946667
1.557219,0.946667,0.946667
1.557620,0.946667,0.946667
1.558021,0.946667,0.946667
1.558423,0.946667,0.946667
1.558825,0.946667,0.946667
1.559226,0.946667,0.946667
1.559628,0.946667,0.946667
1.560029,0.946667,0.946667
1.560430,0.946667,0.946667
1.560832,0.946667,0.946667
1.561233,0.946667,0.946667
1.561634,0.946667,0.946667
1.562035,0.946667,0.946667
1.562436,0.946667,0.946667
1.562838,0.946667,0.946667
1.563239,0.946667,0.946667
1.563640,0.946667,0.946667
1.564041,0.946667,0.946667
1.564443,0.946667,0.946667
1.564845,0.946667,0.946667
1.565246,0.946667,0.946667
1.565649,0.946667,0.946667
1.566051,0.946667,0.946667
1.566452,0.960000,0.946667
1.566853,0.946667,0.946667
1.567254,0.946667,0.946667
1.567656,0.946667,0.946667
1.568058,1.060000,0.946667
1.568459,0.946667,0.946667
1.568860,0.960000,0.946667
1.569261,0.953333,0.946667
1.569663,0.946667,0.946667
1.570065,0.960000,0.946667
1.570466,0.953333,0.946667
1.570869,0.986667,0.946667
1.571270,0.973333,0.946667
1.571673,0.980000,0.946667
1.572074,1.020000,0.946667
1.572477,0.993333,0.946667
1.572880,1.026667,0.946667
1.573281,1.146667,0.980000
1.573682,1.006667,0.966667
1.574084,0.986667,0.993333
1.574485,1.033333,0.993333
1.574886,1.040000,0.960000
1.575287,1.093333,0.973333
1.575688,1.060000,1.006667
1.576089,1.093333,1.006667
1.576492,1.140000,1.033333
1.576893,1.093333,0.946667
1.577294,1.093333,1.033333
1.577695,1.146667,1.020000
1.578097,1.213333,1.020000
1.578498,1.053333,1.040000
1.578899,1.180000,1.053333
1.579302,1.180000,1.046667
1.579704,1.200000,1.086667
1.580106,1.193333,1.006667
1.580507,1.206667,1.093333
1.580910,1.200000,1.113333
1.581311,1.213333,1.140000
1.581713,1.266667,1.126667
1.582114,1.260000,1.133333
1.582515,1.253333,1.160000
1.582916,1.240000,1.300000
1.583317,1.306667,1.153333
1.583718,1.333333,1.120000
1.584119,1.300000,1.206667
1.584520,1.366667,1.206667
1.584922,1.326667,1.206667
1.585323,1.340000,1.206667
1.585724,1.306667,1.266667
1.586125,1.406667,1.266667
1.586527,1.373333,1.233333
1.586928,1.393333,1.240000
1.587329,1.400000,1.273333
1.587731,1.406667,1.300000
1.588132,1.420000,1.286667
1.588534,1.453333,1.386667
1.588937,1.426667,1.373333
1.589338,1.460000,1.326667
1.589740,1.486667,1.333333
1.590141,1.486667,1.720000
1.590542,1.520000,1.453333
1.590943,1.566667,1.386667
1.591345,1.486667,1.306667
1.591746,1.546667,1.393333
1.592148,1.460000,1.386667
1.592549,1.560000,1.420000
1.592950,1.440000,1.460000
1.593351,1.666667,1.420000
1.593752,1.566667,1.433333
1.594153,1.453333,1.560000
1.594554,1.733333,1.480000
1.594955,1.586667,1.453333
1.595356,1.653333,1.500000
1.595758,1.693333,1.500000
1.596159,1.653333,1.526667
1.596561,1.680000,1.560000
1.596962,1.720000,1.560000
1.597363,1.700000,1.560000
1.597765,1.740000,1.560000
1.598166,1.733333,1.653333
1.598567,1.740000,1.626667
1.598969,1.813333,1.860000
1.599370,1.760000,1.620000
1.599771,1.780000,1.613333
1.600172,1.806667,1.633333
1.600573,1.813333,1.666667
1.600974,1.833333,1.646667
1.601376,1.760000,1.640000
1.601777,1.880000,1.700000
1.602178,1.866667,1.666667
1.602580,1.753333,1.733333
1.602981,1.906667,1.726667
1.603382,1.980000,1.766667
1.603784,1.946667,1.733333
1.604185,1.933333,1.760000
1.604586,1.946667,1.813333
1.604987,1.960000,1.793333
1.605389,1.986667,1.826667
1.605790,1.980000,1.840000
1.606191,2.006667,1.860000
1.606593,2.026667,1.866667
1.606994,1.986667,1.853333
1.607396,2.073333,1.886667
1.607797,2.026667,1.906667
1.608200,2.073333,1.846667
1.608602,2.093333,1.853333
1.609003,2.106667,1.940000
1.609404,2.133333,1.980000
1.609806,2.113333,2.013333
1.610207,2.040000,1.926667
1.610608,2.106667,1.980000
1.611009,2.173333,2.013333
1.611411,2.233333,2.086667
1.611812,2.246667,1.993333
1.612213,2.240000,2.060000
1.612614,2.260000,2.093333
1.613016,2.253333,2.080000
1.613417,2.266667,2.086667
1.613818,2.280000,2.093333
1.614220,2.266667,2.120000
1.614621,2.366667,2.133333
1.615022,2.333333,2.220000
1.615423,2.353333,2.146667
1.615824,2.353333,2.160000
1.616225,2.373333,2.180000
1.616627,2.413333,2.206667
1.617028,2.420000,2.233333
1.617429,2.433333,2.226666
1.617830,2.440000,2.253333
1.618231,2.460000,2.186667
1.618632,2.333333,2.260000
1.619034,2.500000,2.280000
1.619435,2.573333,2.333333
1.619836,2.560000,2.313333
1.620238,2.553333,2.313333
1.620639,2.553333,2.346667
1.621040,2.573333,2.360000
1.621441,2.566667,2.380000
1.621842,2.620000,2.426666
1.622243,2.613333,2.426666
1.622645,2.633333,2.426666
1.623047,2.660000,2.460000
1.623448,2.660000,2.440000
1.623850,2.686666,2.493333
1.624251,2.680000,2.493333
1.624653,2.720000,2.486667
1.625054,2.786667,2.520000
1.625456,2.753333,2.520000
1.625857,2.786667,2.586667
1.626260,2.760000,2.573333
1.626661,2.826667,2.593333
1.627062,2.866667,2.613333
1.627464,2.846667,2.706666
1.627865,2.966666,2.580000
1.628266,2.873333,2.613333
1.628668,2.866667,2.926667
1.629069,2.906667,2.646667
1.629471,2.926667,2.693333
1.629872,3.060000,2.746667
1.630273,2.960000,2.726667
1.630675,2.960000,2.753333
1.631076,2.986667,2.746667
1.631478,3.060000,2.766667
1.631879,3.026667,2.786667
1.632280,3.033333,2.786667
1.632681,3.080000,2.800000
1.633082,2.993333,2.800000
1.633484,3.040000,2.860000
1.633886,3.126667,2.726667
1.634287,3.113333,2.920000
1.634688,3.133333,2.913333
1.635089,3.226667,2.900000
1.635491,3.153333,2.886667
1.635892,3.193333,2.886667
1.636293,3.120000,2.926667
1.636694,3.233333,3.033333
1.637096,3.240000,3.013333
1.637498,3.193333,3.006667
1.637900,3.286667,3.033333
1.638301,3.306667,3.040000
1.638702,3.306667,3.073333
1.639105,3.353333,3.066667
1.639507,3.340000,3.120000
1.639908,3.360000,3.133333
1.640311,3.393333,3.133333
1.640713,3.373333,3.146667
1.641114,3.413333,3.186666
1.641517,3.420000,2.840000
1.641918,3.486667,3.046667
1.642320,3.473333,3.200000
1.642722,3.513333,3.220000
1.643123,3.346666,3.220000
1.643525,3.506667,3.293333
1.643926,3.553333,3.313333
1.644327,3.573333,3.406667
1.644729,3.593333,3.313333
1.645131,3.633333,3.346666
1.645532,3.626667,3.373333
1.645935,3.653333,3.373333
1.646336,3.660000,3.406667
1.646737,3.686666,3.406667
1.647138,3.686666,3.420000
1.647539,3.746666,3.473333
1.647940,3.733333,3.473333
1.648342,3.813334,3.406667
1.648744,3.746666,3.500000
1.649146,3.866667,3.500000
1.649547,3.866667,3.486667
1.649948,3.873333,3.533333
1.650350,3.966667,3.566667
1.650752,3.873333,3.573333
1.651153,3.913333,3.660000
1.651554,3.920000,3.646667
1.651956,3.940000,3.660000
1.652358,3.966667,3.646667
1.652759,3.993333,3.660000
1.653160,4.100000,3.746666
1.653561,4.020000,3.693333
1.653963,4.040000,3.720000
1.654364,4.080000,3.746666
1.654765,4.126667,3.813334
1.655166,4.100000,3.833333
1.655567,4.120000,3.873333
1.655969,4.126667,3.680000
1.656370,4.186666,3.866667
1.656772,3.933333,3.893333
1.657173,4.026666,3.853333
1.657574,4.153333,3.920000
1.657975,4.253333,3.960000
1.658377,4.253333,3.993333
1.658779,4.293333,4.013333
1.659180,4.326666,4.013333
1.659581,4.346667,4.013333
1.659983,4.353333,4.073333
1.660384,4.360000,4.073333
1.660785,4.380000,4.053333
1.661186,4.526667,4.086667
1.661587,4.386666,4.126667
1.661988,4.433333,4.120000
1.662390,4.453333,4.133333
1.662792,4.493333,4.166667
1.663194,4.526667,4.726666
1.663595,4.540000,4.093333
1.663996,4.546667,4.186666
1.664398,4.560000,4.246667
1.664799,4.606667,4.273333
1.665200,4.586667,4.280000
1.665602,4.626667,4.306667
1.666005,4.686666,4.306667
1.666406,4.706666,4.353333
1.666808,4.600000,4.373333
1.667209,4.606667,4.373333
1.667611,4.686666,4.386666
1.668012,4.753333,4.446667
1.668413,4.780000,4.466667
1.668814,4.760000,4.446667
1.669215,4.826666,4.506667
1.669616,4.873333,4.560000
1.670018,4.840000,4.373333
1.670419,4.880000,4.533333
1.670820,4.880000,4.600000
1.671221,4.920000,4.613333
1.671622,4.933333,4.633333
1.672024,4.953333,4.573333
1.672426,4.986667,4.653333
1.672827,5.040000,4.660000
1.673228,5.026667,4.713333
1.673629,5.060000,4.693333
1.674031,5.040000,4.633333
1.674433,5.080000,4.693333
1.674834,5.140000,4.746666
1.675236,5.133333,4.753333
1.675638,5.166667,4.786666
1.676039,5.186666,4.793333
1.676440,5.213333,4.866667
1.676842,5.333333,4.860000
1.677243,5.226666,4.793333
1.677644,5.306666,4.873333
1.678045,5.366667,4.920000
1.678446,5.280000,4.966667
1.678847,5.340000,4.926667
1.679248,5.333333,4.966667
1.679649,5.373333,5.026667
1.680051,5.360000,5.026667
1.680452,5.453333,5.093333
1.680853,5.406666,5.060000
1.681256,5.526667,5.120000
1.681657,5.473333,5.073333
1.682059,5.460000,5.146667
1.682465,5.546667,5.153333
1.682866,5.573333,5.160000
1.683269,5.566667,5.153333
1.683670,5.593333,5.220000
1.684072,5.633333,5.200000
1.684473,5.613333,5.240000
1.684874,5.706666,5.273333
1.685277,5.720000,5.240000
1.685679,5.693333,5.333333
1.686081,5.746666,5.373333
1.686482,5.686666,5.413333
1.686883,5.833333,5.380000
1.687284,5.793334,5.393333
1.687685,5.820000,5.426667
1.688086,5.840000,5.426667
1.688487,5.880000,5.460000
1.688890,5.880000,5.539999
1.689291,5.933333,5.520000
1.689692,5.980000,5.533333
1.690093,5.966666,5.539999
1.690494,6.006667,5.586667
1.690897,6.026667,5.586667
1.691298,6.013333,5.606667
1.691699,6.046667,5.613333
1.692100,6.073333,5.620000
1.692501,6.066667,5.666667
1.692902,6.060000,5.686666
1.693303,6.213333,5.660000
1.693704,6.180000,5.760000
1.694106,6.213333,5.766666
1.694508,6.200000,5.773333
1.694909,6.113333,5.813333
1.695310,6.266666,5.813333
1.695712,6.293333,5.846666
1.696114,6.313334,5.813333
1.696515,6.346667,5.886667
1.696917,6.360000,5.886667
1.697318,6.386667,5.946667
1.697720,6.380000,5.940000
1.698121,6.473333,5.966666
1.698523,6.466667,5.980000
1.698926,6.466667,6.040000
1.699327,6.513333,6.040000
1.699729,6.660000,6.086667
1.700130,6.580000,6.066667
1.700532,6.546667,6.106667
1.700933,6.640000,6.106667
1.701335,6.693333,6.113333
1.701736,6.686666,6.193333
1.702137,6.686666,6.173333
1.702540,6.720000,6.260000
1.702941,6.726666,6.146667
1.703342,6.766666,6.253334
1.703744,6.773334,6.286667
1.704145,6.826667,6.326666
1.704546,6.826667,6.313334
1.704947,6.826667,6.313334
1.705348,6.833333,6.373333
1.705750,6.913333,6.426666
1.706152,6.926667,6.380000
1.706553,6.933333,6.380000
1.706955,6.973333,6.466667
1.707357,6.986666,6.493333
1.707758,7.006667,6.520000
1.708161,7.020000,6.546667
1.708563,7.053333,6.466667
1.708964,7.066666,6.620000
1.709365,7.126667,6.646667
1.709767,7.166667,6.646667
1.710168,7.160000,6.740000
1.710569,7.253334,6.766666
1.710971,7.346666,6.726666
1.711372,7.219999,6.753333
1.711773,7.293333,6.766666
1.712174,7.280000,6.786666
1.712576,7.326666,6.813333
1.712977,7.340000,6.853333
1.713378,7.360000,6.840000
1.713780,7.353333,6.873333
1.714181,7.406666,6.906667
1.714583,7.393333,6.953333
1.714984,7.493333,6.940000
1.715386,7.480000,6.986666
1.715788,7.480000,6.973333
1.716190,7.513333,7.046667
1.716591,7.533333,7.020000
1.716993,7.579999,6.986666
1.717394,7.593334,7.246666
1.717796,7.600000,7.106667
1.718197,7.626667,7.126667
1.718599,7.673333,7.126667
1.719000,7.686666,7.200000
1.719401,7.706666,7.193333
1.719803,7.760000,7.166667
1.720206,7.773333,7.233334
1.720607,7.780000,7.313333
1.721008,7.820000,7.300000
1.721409,7.853333,7.326666
1.721810,7.786666,7.340000
1.722211,7.880000,7.360000
1.722613,7.940000,7.373333
1.723014,7.946667,7.380000
1.723416,7.966667,7.446666
1.723817,8.013333,7.446666
1.724220,8.013333,7.426666
1.724621,7.986666,7.506667
1.725024,8.020000,7.586667
1.725426,8.106667,7.546666
1.725828,8.093333,7.533333
1.726229,8.093333,7.540000
1.726631,8.179999,7.593334
1.727032,8.179999,7.626667
1.727434,8.213333,7.686666
1.727835,8.133333,7.660000
1.728236,8.333333,7.640000
1.728637,8.280000,7.720000
1.729039,8.313333,7.726667
1.729440,8.360000,7.786666
1.729841,8.379999,7.813334
1.730242,8.400000,7.833333
1.730643,8.400000,8.006666
1.731044,8.406667,7.926667
1.731446,8.453333,7.873333
1.731847,8.480000,7.900000
1.732248,8.500000,7.993333
1.732649,8.526667,7.946667
1.733050,8.520000,7.993333
1.733451,8.599999,8.006666
1.733853,8.613334,8.033334
1.734254,8.719999,8.053332
1.734655,8.653333,8.080000
1.735056,8.680000,8.100000
1.735458,8.693334,8.226666
1.735859,8.760000,8.133333
1.736260,8.786666,8.200000
1.736661,8.760000,8.206666
1.737062,8.806666,8.213333
1.737465,8.860000,8.226666
1.737868,8.846666,8.233334
1.738269,8.893333,8.300000
1.738671,8.933333,8.306666
1.739072,8.913333,8.460000
1.739473,8.933333,8.393332
1.739876,8.986667,8.386666
1.740279,9.006666,8.360000
1.740681,8.986667,8.426667
1.741084,8.986667,8.493334
1.741485,9.086667,8.493334
1.741886,9.126666,8.533333
1.742287,9.080000,8.533333
1.742688,9.166666,8.566667
1.743089,9.179999,8.633333
1.743491,9.220000,8.599999
1.743892,9.246666,8.639999
1.744293,9.293333,8.573333
1.744694,9.186666,8.179999
1.745095,9.413333,8.713333
1.745498,9.280000,8.726666
1.745899,9.340000,8.706666
1.746301,9.346666,8.820000
1.746703,9.466666,8.820000
1.747105,9.466666,8.820000
1.747506,9.520000,8.853333
1.747907,9.566666,8.826667
1.748310,9.466666,8.880000
1.748712,9.559999,8.946667
1.749113,9.613334,8.913333
1.749514,9.626666,8.940000
1.749916,9.566666,8.973332
1.750318,9.673333,9.086667
1.750720,9.740000,9.039999
1.751122,9.733334,9.006666
1.751524,9.759999,9.086667
1.751926,9.886666,9.126666
1.752328,9.793333,9.126666
1.752729,9.733334,9.126666
1.753130,9.953333,9.179999
1.753533,9.906666,9.186666
1.753934,9.913333,9.253333
1.754335,9.906666,9.220000
1.754737,9.953333,9.266666
1.755138,9.993333,9.306666
1.755539,9.993333,9.320000
1.755941,10.013333,9.340000
1.756342,10.053333,9.346666
1.756744,10.059999,9.346666
1.757145,10.046666,9.466666
1.757546,10.066667,9.453333
1.757947,10.179999,9.480000
1.758348,10.140000,9.533333
1.758750,10.173333,9.553333
1.759153,10.219999,9.513333
1.759554,10.226666,9.593333
1.759956,10.286666,9.613334
1.760357,10.286666,9.480000
1.760758,10.326667,9.646667
1.761161,10.313334,9.673333
1.761562,10.406667,9.693333
1.761964,10.413333,9.700000
1.762365,10.413333,9.719999
1.762767,10.480000,9.740000
1.763168,10.500000,9.759999
1.763570,10.580000,9.793333
1.763971,10.493333,9.820000
1.764372,10.533334,9.846666
1.764773,10.580000,9.860000
1.765176,10.573333,9.906666
1.765578,10.639999,9.906666
1.765980,10.613333,9.993333
1.766381,10.740000,9.980000
1.766782,10.713333,9.973333
1.767183,10.646667,10.013333
1.767585,10.759999,10.033333
1.767986,10.746666,10.040000
1.768388,10.786667,10.086666
1.768789,10.726666,10.093333
1.769191,10.840000,10.140000
1.769593,10.860000,10.133333
1.769994,10.853333,9.993333
1.770395,11.020000,10.286666
1.770797,10.946666,10.226666
1.771198,10.966666,10.266666
1.771600,10.993334,10.266666
1.772001,11.020000,10.320000
1.772403,11.020000,10.333333
1.772805,11.106667,10.306666
1.773207,11.099999,10.366666
1.773608,11.113334,10.413333
1.774009,11.180000,10.433333
1.774411,11.099999,10.493333
1.774812,11.200000,10.493333
1.775214,11.226666,10.593333
1.775615,11.213333,10.506666
1.776016,11.260000,10.520000
1.776418,11.300000,10.553332
1.776819,11.333333,10.466667
1.777221,11.293333,10.673333
1.777623,11.406666,10.633333
1.778024,11.366667,10.626666
1.778425,11.353333,10.666667
1.778826,11.446667,10.666667
1.779227,11.453334,10.686666
1.779628,11.486667,10.753333
1.780029,11.513333,10.773334
1.780431,11.539999,10.773334
1.780832,11.559999,10.840000
1.781234,11.599999,10.806666
1.781635,11.599999,10.879999
1.782038,11.653334,10.913333
1.782439,11.653334,10.900000
1.782840,11.713333,10.926667
1.783241,11.673333,10.960000
1.783642,11.733333,10.940000
1.784044,11.773334,11.233333
1.784445,11.799999,11.026667
1.784846,11.826667,11.053333
1.785247,11.866666,11.086666
1.785648,11.893333,11.066667
1.786049,11.946667,11.120000
1.786451,11.900000,11.146667
1.786852,11.926666,11.020000
1.787253,11.946667,11.193334
1.787654,11.980000,11.193334
1.788057,11.999999,11.219999
1.788458,12.040000,11.253333
1.788859,11.993333,11.253333
1.789260,12.066666,11.273333
1.789661,12.106667,11.339999
1.790062,12.120000,11.353333
1.790465,12.146667,11.339999
1.790866,12.226666,11.339999
1.791267,12.259999,11.406666
1.791668,12.253333,11.393333
1.792069,12.313334,11.366667
1.792471,12.320000,11.460000
1.792873,12.406666,11.206666
1.793276,12.339999,11.513333
1.793677,12.373333,11.513333
1.794078,12.400000,11.599999
1.794479,12.426666,11.573333
1.794880,12.440001,11.720000
1.795281,12.459999,11.620000
1.795682,12.500000,11.720000
1.796083,12.506667,11.700000
1.796485,12.493333,11.740000
1.796886,12.580000,11.720000
1.797289,12.606667,11.726666
1.797690,12.599999,11.813333
1.798092,12.586666,11.799999
1.798493,12.626667,11.786667
1.798894,12.713333,11.900000
1.799296,12.706667,11.833333
1.799697,12.760000,11.893333
1.800100,12.726666,11.820000
1.800503,12.786666,11.900000
1.800904,12.786666,11.946667
1.801305,12.813334,11.986667
1.801706,12.860000,11.999999
1.802107,12.866666,11.953333
1.802509,13.006666,12.059999
1.802911,12.846666,12.093333
1.803313,12.946667,12.093333
1.803715,12.966667,12.200000
1.804118,13.000000,12.059999
1.804519,13.040000,12.146667
1.804920,13.086667,12.226666
1.805322,13.080000,12.246667
1.805723,13.160000,12.273333
1.806124,13.113333,12.246667
1.806525,13.173333,12.339999
1.806926,13.146667,12.326666
1.807327,13.186666,12.339999
1.807729,13.213333,12.386666
1.808131,13.246666,12.500000
1.808533,13.246666,12.386666
1.808935,13.186666,12.446667
1.809336,13.300000,12.420000
1.809737,13.353333,12.473333
1.810138,13.360000,12.426666
1.810539,13.400000,12.620000
1.810940,13.406666,12.459999
1.811342,13.486667,12.580000
1.811743,13.546667,12.513333
1.812145,13.453332,12.520000
1.812546,13.506666,12.666666
1.812947,13.513332,12.653333
1.813348,13.539999,12.686666
1.813749,13.566667,12.713333
1.814150,13.553333,12.766666
1.814552,13.639999,12.766666
1.814954,13.666666,12.706667
1.815356,13.680000,12.793333
1.815758,13.673334,12.766666
1.816160,13.693333,12.806666
1.816561,13.813334,12.860000
1.816962,13.746667,12.860000
1.817363,13.766666,12.860000
1.817765,13.806667,12.926666
1.818166,13.880000,13.066667
1.818567,13.846665,12.940000
1.818969,13.886666,13.013333
1.819370,13.860000,12.960000
1.819771,13.960000,13.033334
1.820172,13.940001,13.093333
1.820573,13.920000,13.046666
1.820974,13.966666,13.100000
1.821376,13.999999,13.106667
1.821777,14.026667,13.120000
1.822178,14.066666,13.153334
1.822580,14.026667,13.186666
1.822981,14.140000,13.179999
1.823383,14.126666,13.226666
1.823785,14.146667,13.266666
1.824186,14.180000,13.293333
1.824587,14.140000,13.300000
1.824990,14.193333,13.313333
1.825391,14.186666,13.353333
1.825792,14.266667,13.360000
1.826193,14.266667,13.240000
1.826594,14.320000,13.586667
1.826995,14.273334,13.440000
1.827396,14.380000,13.440000
1.827798,14.459999,13.333333
1.828200,14.360000,13.466666
1.828601,14.386666,13.506666
1.829002,14.433332,13.500000
1.829403,14.453333,13.566667
1.829804,14.493333,13.566667
1.830206,14.520000,13.586667
1.830607,14.526666,13.613334
1.831008,14.546666,13.646666
1.831410,14.620000,13.646666
1.831811,14.600000,13.686666
1.832212,14.586666,13.660000
1.832614,14.646667,13.713332
1.833015,14.673333,13.700000
1.833417,14.699999,13.773333
1.833818,14.706667,13.646666
1.834220,14.740000,13.793333
1.834622,14.759999,13.833333
1.835023,14.780000,13.886666
1.835425,14.820000,13.826666
1.835826,14.840000,13.880000
1.836227,14.833332,13.900000
1.836628,14.873333,13.833333
1.837031,14.880000,13.946667
1.837432,14.913333,13.986667
1.837834,14.899999,13.960000
1.838235,14.940000,14.013333
1.838636,14.953333,13.946667
1.839038,14.953333,14.046667
1.839440,14.953333,14.033333
1.839841,15.013333,14.046667
1.840244,15.026666,14.080000
1.840646,15.119999,14.120000
1.841049,15.119999,14.133332
1.841451,15.153333,13.913332
1.841852,15.206666,14.133332
1.842254,15.226665,14.173332
1.842657,15.246666,14.233333
1.843058,15.260000,14.259999
1.843463,15.300000,14.246667
1.843864,15.346666,14.293333
1.844265,15.306666,14.333334
1.844666,15.313333,14.326666
1.845067,15.373333,14.386666
1.845468,15.366667,14.326666
1.845870,15.386667,14.366666
1.846271,15.433333,14.400001
1.846673,15.426665,14.426666
1.847075,15.540000,14.439999
1.847477,15.473333,14.486667
1.847879,15.506666,14.446667
1.848280,15.540000,14.506667
1.848681,15.500000,14.513333
1.849083,15.546666,14.520000
1.849485,15.613333,14.513333
1.849887,15.613333,14.580000
1.850289,15.626667,14.620000
1.850691,15.646666,14.646667
1.851092,15.653334,14.360000
1.851493,15.679999,14.666667
1.851894,15.713334,14.666667
1.852295,15.766666,14.693333
1.852696,15.653334,14.693333
1.853097,15.826667,14.780000
1.853498,15.760000,14.833332
1.853899,15.846667,14.786666
1.854300,15.839999,14.813333
1.854701,15.879999,14.813333
1.855102,15.900000,14.866667
1.855504,15.906666,14.846666
1.855905,15.920000,14.873333
1.856306,15.953332,14.873333
1.856708,15.953332,14.933333
1.857109,16.013332,14.866667
1.857511,16.093332,14.940000
1.857912,16.039999,14.953333
1.858313,16.046667,14.953333
1.858714,16.080000,14.953333
1.859116,16.099998,14.953333
1.859518,16.119999,15.073333
1.859921,16.113333,15.139999
1.860323,16.219999,15.133333
1.860724,16.313334,15.146667
1.861125,16.200001,15.146667
1.861526,16.206667,15.173333
1.861927,16.259998,15.219999
1.862329,16.266666,15.253334
1.862731,16.273333,15.206666
1.863132,16.286667,15.253334
1.863533,16.333334,15.260000
1.863934,16.580000,15.313333
1.864335,16.340000,15.366667
1.864737,16.393333,15.393333
1.865139,16.440001,15.359999
1.865540,16.460001,15.366667
1.865941,16.446667,15.386667
1.866343,16.480000,15.366667
1.866745,16.446667,15.426665
1.867146,16.466667,15.400000
1.867547,16.513332,15.460000
1.867950,16.546667,15.480000
1.868351,16.580000,15.486666
1.868752,16.600000,15.500000
1.869153,16.646666,15.520000
1.869554,16.593334,15.573333
1.869955,16.706667,15.560000
1.870357,16.673332,15.633333
1.870758,16.733334,15.579999
1.871159,16.706667,15.626667
1.871560,16.813334,15.633333
1.871962,16.766666,15.673333
1.872363,16.746666,15.666666
1.872764,16.806665,15.660000
1.873165,16.820000,15.700000
1.873567,16.793333,15.746666
1.873969,16.853334,15.733333
1.874370,16.799999,15.686666
1.874771,16.833334,15.740000
1.875172,16.820000,15.806666
1.875573,16.886665,15.853333
1.875975,17.059999,15.826667
1.876376,16.893332,15.853333
1.876777,16.900000,15.846667
1.877178,16.939999,15.886665
1.877580,16.939999,15.879999
1.877982,16.973333,15.906666
1.878383,16.946667,15.926666
1.878784,16.966667,15.953332
1.879185,16.939999,15.960000
1.879586,17.033333,15.973332
1.879987,17.033333,15.980000
1.880389,17.000000,16.020000
1.880790,17.033333,16.113333
1.881191,17.066666,15.993333
1.881593,17.086666,16.099998
1.881994,17.106667,16.099998
1.882395,17.100000,16.099998
1.882797,17.199999,16.126665
1.883198,17.173332,16.133333
1.883600,17.173332,16.173334
1.884001,17.186666,16.173334
1.884402,17.193333,16.180000
1.884804,17.193333,16.193333
1.885205,17.206667,16.273333
1.885607,17.266666,16.259998
1.886008,17.273333,16.273333
1.886409,17.326666,16.333334
1.886810,17.299999,16.279999
1.887211,17.173332,16.333334
1.887612,17.340000,16.333334
1.888013,17.353333,16.333334
1.888414,17.360001,16.313334
1.888816,17.393333,16.386665
1.889217,17.393333,16.440001
1.889619,17.386667,16.373333
1.890020,17.419998,16.433332
1.890421,17.439999,16.446667
1.890822,17.433332,16.446667
1.891224,17.480000,16.466667
1.891626,17.473333,16.506666
1.892028,17.453333,16.506666
1.892429,17.573332,16.559999
1.892831,17.566666,16.499998
1.893232,17.539999,16.613333
1.893633,17.593332,16.586666
1.894034,17.740000,16.639999
1.894436,17.613333,16.553333
1.894837,17.626667,16.693333
1.895238,17.653334,16.639999
1.895640,17.646667,16.626665
1.896042,17.666666,16.653332
1.896443,17.679998,16.706667
1.896844,17.719999,16.713333
1.897245,17.719999,16.719999
1.897647,17.726665,16.680000
1.898049,17.706665,16.759998
1.898450,17.753334,16.773333
1.898852,17.773333,16.786665
1.899253,17.780001,16.786665
1.899655,17.806665,16.786665
1.900056,17.813332,16.799999
1.900457,17.799999,16.806665
1.900859,17.813332,16.786665
1.901260,17.866667,16.853334
1.901661,17.873333,16.879999
1.902063,17.893333,16.879999
1.902465,17.859999,16.853334
1.902866,17.920000,16.866667
1.903267,17.933332,16.886665
1.903669,17.946665,16.906666
1.904070,17.933332,16.893332
1.904471,17.953333,16.913332
1.904872,17.966665,16.906666
1.905273,17.986666,16.946667
1.905675,17.980000,16.933332
1.906076,18.020000,16.973333
1.906478,18.006666,16.980000
1.906879,18.046667,16.993334
1.907281,18.033333,16.959999
1.907682,18.059999,17.026665
1.908083,18.086666,17.026665
1.908485,17.920000,17.013332
1.908886,18.126667,17.106667
1.909287,18.093332,17.026665
1.909688,18.146666,17.059999
1.910090,18.153334,17.139999
1.910491,18.160000,17.026665
1.910892,18.079998,17.093332
1.911293,18.240000,17.159998
1.911694,18.213333,17.213333
1.912095,18.186666,17.186666
1.912497,18.226665,17.126667
1.912899,18.313334,17.193333
1.913300,18.260000,17.173332
1.913701,18.266666,17.206667
1.914102,18.280001,17.206667
1.914504,18.299999,17.253334
1.914906,18.313334,17.266666
1.915307,18.313334,17.260000
1.915709,18.280001,17.253334
1.916110,18.386665,17.279999
1.916512,18.406666,17.186666
1.916913,18.373333,17.193333
1.917314,18.313334,17.306665
1.917716,18.346666,17.279999
1.918118,18.393333,17.326666
1.918519,18.366667,17.340000
1.918920,18.440001,17.426666
1.919322,18.413334,17.333332
1.919723,18.606665,17.380001
1.920125,18.459999,17.360001
1.920526,18.480000,17.400000
1.920927,18.473331,17.419998
1.921328,18.580000,17.419998
1.921729,18.513332,17.419998
1.922130,18.526667,17.426666
1.922532,18.539999,17.480000
1.922934,18.553333,17.473333
1.923335,18.539999,17.473333
1.923737,18.546667,17.513334
1.924139,18.586666,17.486666
1.924540,18.593332,17.520000
1.924941,18.539999,17.539999
1.925342,18.613333,17.506666
1.925744,18.619999,17.533333
1.926146,18.639999,17.539999
1.926547,18.626665,17.539999
1.926948,18.726665,17.539999
1.927349,18.626665,17.600000
1.927750,18.740000,17.593332
1.928151,18.686666,17.539999
1.928552,18.773333,17.639999
1.928953,18.713333,17.626667
1.929354,18.700001,17.653334
1.929755,18.726665,17.653334
1.930156,18.733332,17.666666
1.930558,18.719999,17.660000
1.930960,18.773333,17.673332
1.931361,18.773333,17.699999
1.931762,18.713333,17.693333
1.932164,18.779999,17.726665
1.932566,18.846666,17.686666
1.932967,18.833334,17.740000
1.933368,18.833334,17.886667
1.933769,18.833334,17.760000
1.934170,18.926666,17.773333
1.934572,18.853333,17.719999
1.934974,18.853333,17.746666
1.935375,18.873333,17.713333
1.935776,18.873333,17.873333
1.936177,18.893333,17.706665
1.936578,18.933332,17.766666
1.936979,18.913332,17.853333
1.937380,18.893333,17.820000
1.937781,18.920000,17.840000
1.938182,18.893333,17.840000
1.938584,18.926666,17.840000
1.938985,19.026667,17.853333
1.939386,19.013332,17.859999
1.939788,18.993332,17.879999
1.940190,18.993332,17.879999
1.940591,18.993332,17.893333
1.940992,18.999998,17.846666
1.941394,19.033333,17.886667
1.941795,19.013332,17.920000
1.942196,19.006666,17.939999
1.942597,18.940001,17.906668
1.942998,19.059999,17.953333
1.943399,19.066666,17.953333
1.943801,18.859999,17.980000
1.944203,19.100000,17.980000
1.944605,19.166666,17.973333
1.945006,19.100000,17.959999
1.945408,19.113333,18.000000
1.945810,19.146666,18.020000
1.946212,19.173332,18.006666
1.946614,19.146666,18.020000
1.947016,19.160000,17.939999
1.947417,19.126665,18.020000
1.947818,19.180000,18.059999
1.948219,19.193333,18.033333
1.948621,19.133331,17.986666
1.949024,19.259998,18.079998
1.949425,19.186666,18.066666
1.949826,19.240000,18.073332
1.950227,19.226667,18.033333
1.950629,19.219999,18.086666
1.951031,19.240000,18.086666
1.951432,19.279999,18.126667
1.951834,19.233334,18.113333
1.952235,19.259998,18.146666
1.952636,19.420000,18.119999
1.953038,19.039999,18.146666
1.953439,19.266666,18.166666
1.953840,19.299999,18.180000
1.954241,19.320000,18.160000
1.954642,19.306665,18.180000
1.955043,19.306665,18.146666
1.955444,19.326666,18.219999
1.955846,19.320000,18.213333
1.956247,19.340000,18.193333
1.956648,19.340000,18.213333
1.957049,19.340000,18.219999
1.957450,19.353334,18.233332
1.957852,19.360001,18.240000
1.958253,19.379999,18.233332
1.958654,19.353334,18.246666
1.959056,19.406666,18.273333
1.959457,19.433332,18.273333
1.959858,19.420000,18.280001
1.960259,19.393332,18.286667
1.960660,19.426666,18.180000
1.961062,19.406666,18.299999
1.961465,19.433332,18.346666
1.961866,19.413332,18.326666
1.962267,19.439999,18.273333
1.962669,19.459999,18.346666
1.963070,19.439999,18.333332
1.963471,19.453333,18.313334
1.963872,19.459999,18.333332
1.964273,19.466667,18.333332
1.964675,19.466667,18.326666
1.965076,19.500000,18.353333
1.965478,19.480000,18.393333
1.965879,19.506666,18.359999
1.966280,19.519999,18.346666
1.966681,19.500000,18.353333
1.967082,19.506666,18.339998
1.967484,19.539999,18.459999
1.967885,19.539999,18.353333
1.968286,19.500000,18.106667
1.968687,19.559999,18.493332
1.969088,19.539999,18.393333
1.969490,19.393332,18.400000
1.969892,19.573334,18.459999
1.970293,19.580000,18.446667
1.970694,19.586666,18.373333
1.971096,19.580000,18.420000
1.971498,19.580000,18.413334
1.971900,19.580000,18.420000
1.972301,19.593332,18.459999
1.972702,19.646666,18.453333
1.973104,19.613333,18.420000
1.973505,19.653332,18.459999
1.973906,19.653332,18.446667
1.974307,19.639999,18.426666
1.974708,19.586666,18.486666
1.975109,19.706667,18.539999
1.975512,19.633333,18.486666
1.975913,19.666666,18.459999
1.976314,19.653332,18.459999
1.976716,19.666666,18.473331
1.977117,19.659998,18.466665
1.977518,19.626667,18.566668
1.977919,19.679998,18.486666
1.978320,19.666666,18.520000
1.978721,19.693333,18.526667
1.979122,19.666666,18.506666
1.979524,19.673332,18.513332
1.979925,19.699999,18.520000
1.980327,19.679998,18.513332
1.980734,19.686666,18.526667
1.981135,19.506666,18.520000
1.981537,19.673332,18.553333
1.981938,19.719999,18.586666
1.982340,19.726667,18.586666
1.982742,19.706667,18.533333
1.983143,19.699999,18.580000
1.983545,19.740000,18.520000
1.983947,19.733334,18.553333
1.984348,19.773333,18.580000
1.984749,19.733334,18.586666
1.985150,19.746666,18.533333
1.985553,19.746666,18.513332
1.985954,19.766666,18.580000
1.986355,19.740000,18.553333
1.986756,19.673332,18.526667
1.987158,19.760000,18.586666
1.987560,19.746666,18.573334
1.987963,19.753334,18.580000
1.988364,19.773333,18.586666
1.988766,19.773333,18.473331
1.989167,19.746666,18.526667
1.989569,19.773333,18.486666
1.989970,19.760000,18.353333
1.990372,19.799999,18.593332
1.990774,19.760000,18.606665
1.991176,19.786665,18.593332
1.991578,19.779999,18.646666
1.991979,19.766666,18.580000
1.992381,19.799999,18.646666
1.992783,19.840000,18.526667
1.993184,19.799999,18.633333
1.993586,19.840000,18.626665
1.993987,19.653332,18.593332
1.994389,19.846666,18.619999
1.994790,19.813332,18.613333
1.995191,19.840000,18.613333
1.995593,19.793333,18.646666
1.995994,19.820000,18.799999
1.996396,19.793333,18.626665
1.996798,19.779999,18.639999
1.997200,19.833332,18.626665
1.997601,19.806665,18.646666
1.998002,19.826666,18.646666
1.998403,19.779999,18.633333
1.998804,19.833332,18.626665
1.999205,19.793333,18.606665
1.999606,19.766666,18.580000
2.000007,19.773333,18.599998
2.000409,19.813332,18.626665
2.000811,19.840000,18.626665
2.001213,19.826666,18.613333
2.001614,19.840000,18.626665
2.002015,19.659998,18.626665
2.002417,19.799999,18.646666
2.002818,19.820000,18.646666
2.003220,19.886667,18.646666
2.003622,19.866667,18.653334
2.004024,19.840000,18.639999
2.004425,19.846666,18.646666
2.004827,19.853333,18.646666
2.005228,19.833332,18.653334
2.005629,19.833332,18.646666
2.006030,19.840000,18.626665
2.006432,19.840000,18.646666
2.006833,19.826666,18.660000
