0.000000,0.946667,0.946667
0.000402,0.946667,0.946667
0.000803,0.946667,0.946667
0.001204,0.946667,0.946667
0.001607,0.946667,0.946667
0.002009,0.946667,0.946667
0.002410,0.946667,0.946667
0.002811,0.946667,0.946667
0.003212,0.946667,0.946667
0.003613,0.946667,0.946667
0.004014,0.946667,0.946667
0.004417,0.946667,0.946667
0.004818,0.946667,0.946667
0.005219,0.946667,0.946667
0.005620,0.946667,0.946667
0.006021,0.946667,0.946667
0.006423,0.946667,0.946667
0.006824,0.946667,0.946667
0.007225,0.946667,0.946667
0.007626,0.946667,0.946667
0.008027,0.946667,0.946667
0.008429,0.946667,0.946667
0.008831,0.946667,0.946667
0.009234,0.946667,0.946667
0.009636,0.946667,0.946667
0.010037,0.946667,0.946667
0.010438,0.946667,0.946667
0.010839,0.946667,0.946667
0.011240,0.946667,0.946667
0.011642,0.946667,0.946667
0.012043,0.946667,0.946667
0.012444,0.946667,0.946667
0.012846,0.946667,0.946667
0.013247,0.946667,0.946667
0.013649,0.946667,0.946667
0.014050,0.946667,0.946667
0.014451,0.946667,0.946667
0.014852,0.946667,0.946667
0.015253,0.946667,0.946667
0.015654,0.946667,0.946667
0.016055,0.946667,0.946667
0.016457,0.946667,0.946667
0.016858,0.946667,0.946667
0.017260,0.946667,0.946667
0.017662,0.946667,0.946667
0.018064,0.946667,0.946667
0.018465,0.946667,0.946667
0.018866,0.946667,0.946667
0.019267,0.946667,0.946667
0.019668,0.946667,0.946667
0.020069,0.946667,0.946667
0.020471,0.946667,0.946667
0.020872,0.946667,0.946667
0.021274,0.946667,0.946667
0.021675,0.946667,0.946667
0.022076,0.946667,0.946667
0.022478,0.946667,0.946667
0.022879,0.946667,0.946667
0.023280,0.946667,0.946667
0.023681,0.946667,0.946667
0.024083,0.946667,0.946667
0.024485,0.946667,0.946667
0.024886,0.946667,0.946667
0.025287,0.946667,0.946667
0.025688,0.946667,0.946667
0.026089,0.946667,0.946667
0.026490,0.946667,0.946667
0.026891,0.946667,0.946667
0.027293,0.946667,0.946667
0.027695,0.946667,0.946667
0.028096,0.946667,0.946667
0.028497,0.946667,0.946667
0.028898,0.946667,0.946667
0.029299,0.946667,0.946667
0.029700,0.946667,0.946667
0.030101,0.946667,0.946667
0.030502,0.946667,0.946667
0.030903,0.946667,0.946667
0.031305,0.946667,0.946667
0.031706,0.946667,0.946667
0.032108,0.946667,0.946667
0.032510,0.946667,0.946667
0.032913,0.946667,0.946667
0.033314,0.946667,0.946667
0.033716,0.946667,0.946667
0.034117,0.946667,0.946667
0.034518,0.946667,0.946667
0.034919,0.946667,0.946667
0.035320,0.946667,0.946667
0.035721,0.946667,0.946667
0.036124,0.946667,0.946667
0.036525,0.946667,0.946667
0.036926,0.946667,0.946667
0.037327,0.946667,0.946667
0.037728,0.946667,0.946667
0.038129,0.946667,0.946667
0.038530,0.946667,0.946667
0.038931,0.946667,0.946667
0.039333,0.946667,0.946667
0.039735,0.946667,0.946667
0.040137,0.946667,0.946667
0.040538,0.946667,0.946667
0.040941,0.946667,0.946667
0.041342,0.946667,0.946667
0.041743,0.946667,0.946667
0.042144,0.946667,0.946667
0.042545,0.946667,0.946667
0.042946,0.946667,0.946667
0.043347,0.946667,0.946667
0.043749,0.946667,0.946667
0.044151,0.946667,0.946667
0.044552,0.946667,0.946667
0.044953,0.946667,0.946667
0.045354,0.946667,0.946667
0.045756,0.946667,0.946667
0.046157,0.946667,0.946667
0.046560,0.946667,0.946667
0.046961,0.946667,0.946667
0.047362,0.946667,0.946667
0.047763,0.946667,0.946667
0.048164,0.946667,0.946667
0.048565,0.946667,0.946667
0.048966,0.946667,0.946667
0.049368,0.946667,0.946667
0.049769,0.946667,0.946667
0.050171,0.946667,0.946667
0.050572,0.946667,0.946667
0.050973,0.946667,0.946667
0.051376,0.946667,0.946667
0.051777,0.946667,0.946667
0.052178,0.946667,0.946667
0.052579,0.946667,0.946667
0.052980,0.946667,0.946667
0.053382,0.946667,0.946667
0.053783,0.946667,0.946667
0.054184,0.946667,0.946667
0.054586,0.946667,0.946667
0.054987,0.946667,0.946667
0.055389,0.946667,0.946667
0.055791,0.946667,0.946667
0.056194,0.946667,0.946667
0.056596,0.946667,0.946667
0.056997,0.946667,0.946667
0.057398,0.946667,0.946667
0.057799,0.946667,0.946667
0.058200,0.946667,0.946667
0.058601,0.946667,0.946667
0.059002,0.946667,0.946667
0.059403,0.946667,0.946667
0.059804,0.946667,0.946667
0.060205,0.946667,0.946667
0.060607,0.946667,0.946667
0.061008,0.946667,0.946667
0.061410,0.946667,0.946667
0.061811,0.946667,0.946667
0.062214,0.946667,0.946667
0.062616,0.946667,0.946667
0.063017,0.946667,0.946667
0.063418,0.946667,0.946667
0.063819,0.946667,0.946667
0.064222,0.946667,0.946667
0.064624,0.946667,0.946667
0.065025,0.946667,0.946667
0.065427,0.946667,0.946667
0.065828,0.946667,0.946667
0.066229,0.946667,0.946667
0.066631,0.946667,0.946667
0.067032,0.946667,0.946667
0.067433,0.946667,0.946667
0.067835,0.946667,0.946667
0.068236,0.946667,0.946667
0.068637,0.946667,0.946667
0.069040,0.946667,0.946667
0.069442,0.946667,0.946667
0.069844,0.946667,0.946667
0.070245,0.946667,0.946667
0.070647,0.946667,0.946667
0.071050,0.946667,0.946667
0.071452,0.946667,0.946667
0.071855,0.946667,0.946667
0.072256,0.946667,0.946667
0.072657,0.946667,0.946667
0.073058,0.946667,0.946667
0.073459,0.946667,0.946667
0.073861,0.946667,0.946667
0.074262,0.946667,0.946667
0.074664,0.946667,0.946667
0.075065,0.946667,0.946667
0.075466,0.946667,0.946667
0.075869,0.946667,0.946667
0.076271,0.946667,0.946667
0.076673,0.946667,0.946667
0.077074,0.946667,0.946667
0.077476,0.946667,0.946667
0.077877,0.946667,0.946667
0.078278,0.946667,0.946667
0.078680,0.946667,0.946667
0.079081,0.946667,0.946667
0.079483,0.946667,0.946667
0.079884,0.946667,0.946667
0.080286,0.946667,0.946667
0.080688,0.946667,0.946667
0.081089,0.946667,0.946667
0.081490,0.946667,0.946667
0.081891,0.946667,0.946667
0.082293,0.946667,0.946667
0.082694,0.946667,0.946667
0.083095,0.946667,0.946667
0.083496,0.946667,0.946667
0.083898,0.946667,0.946667
0.084299,0.946667,0.946667
0.084701,0.946667,0.946667
0.085102,0.946667,0.946667
0.085505,0.946667,0.946667
0.085906,0.946667,0.946667
0.086307,0.946667,0.946667
0.086708,0.946667,0.946667
0.087110,0.946667,0.946667
0.087512,0.946667,0.946667
0.087913,0.946667,0.946667
0.088314,0.946667,0.946667
0.088716,0.946667,0.946667
0.089117,0.946667,0.946667
0.089518,0.946667,0.946667
0.089920,0.946667,0.946667
0.090321,0.946667,0.946667
0.090722,0.946667,0.946667
0.091124,0.946667,0.946667
0.091527,0.946667,0.946667
0.091928,0.946667,0.946667
0.092329,0.946667,0.946667
0.092730,0.946667,0.946667
0.093132,0.946667,0.946667
0.093533,0.946667,0.946667
0.093935,0.946667,0.946667
0.094336,0.946667,0.946667
0.094738,0.946667,0.946667
0.095140,0.946667,0.946667
0.095542,0.946667,0.946667
0.095945,0.946667,0.946667
0.096346,0.946667,0.946667
0.096747,0.946667,0.946667
0.097148,0.946667,0.946667
0.097550,0.946667,0.946667
0.097951,0.946667,0.946667
0.098352,0.946667,0.946667
0.098754,0.946667,0.946667
0.099155,0.946667,0.946667
0.099558,0.946667,0.946667
0.099959,0.946667,0.946667
0.100360,0.946667,0.946667
0.100761,0.946667,0.946667
0.101163,0.946667,0.946667
0.101565,0.946667,0.946667
0.101966,0.946667,0.946667
0.102367,0.946667,0.946667
0.102768,0.946667,0.946667
0.103170,0.946667,0.946667
0.103572,0.946667,0.946667
0.103973,0.946667,0.946667
0.104376,0.946667,0.946667
0.104777,0.946667,0.946667
0.105178,0.946667,0.946667
0.105579,0.946667,0.946667
0.105982,0.946667,0.946667
0.106383,0.946667,0.946667
0.106784,0.946667,0.946667
0.107185,0.946667,0.946667
0.107586,0.946667,0.946667
0.107987,0.946667,0.946667
0.108389,0.946667,0.946667
0.108791,0.946667,0.946667
0.109192,0.966667,0.946667
0.109594,0.953333,0.946667
0.109995,0.946667,0.946667
0.110396,1.000000,0.946667
0.110798,0.960000,0.946667
0.111199,0.980000,0.946667
0.111601,1.006667,0.946667
0.112002,0.973333,0.946667
0.112403,1.020000,0.946667
0.112804,1.026667,0.946667
0.113206,1.046667,0.946667
0.113607,1.013333,0.946667
0.114009,1.040000,0.946667
0.114411,1.053333,0.946667
0.114813,1.026667,0.946667
0.115215,1.046667,0.960000
0.115616,1.073333,0.946667
0.116017,1.086667,0.946667
0.116418,1.093333,0.946667
0.116821,1.126667,0.953333
0.117222,1.126667,0.960000
0.117624,1.120000,0.980000
0.118025,1.153333,1.033333
0.118426,1.173333,1.000000
0.118828,1.140000,0.993333
0.119229,1.193333,1.000000
0.119631,1.206667,1.033333
0.120033,1.220000,1.033333
0.120435,1.213333,1.046667
0.120836,1.213333,1.033333
0.121238,1.206667,1.113333
0.121644,1.213333,1.066667
0.122047,1.240000,1.060000
0.122449,1.253333,1.153333
0.122850,1.306667,1.086667
0.123251,1.293333,1.120000
0.123652,1.293333,1.100000
0.124054,1.273333,1.153333
0.124456,1.353333,1.120000
0.124857,1.226667,1.153333
0.125258,1.346667,1.180000
0.125660,1.340000,1.160000
0.126062,1.366667,1.206667
0.126463,1.366667,1.200000
0.126864,1.373333,1.213333
0.127266,1.386667,1.146667
0.127667,1.400000,1.220000
0.128070,1.386667,1.173333
0.128471,1.406667,1.300000
0.128874,1.453333,1.220000
0.129275,1.480000,1.280000
0.129676,1.426667,1.246667
0.130077,1.500000,1.326667
0.130478,1.493333,1.313333
0.130880,1.480000,1.300000
0.131282,1.506667,1.333333
0.131683,1.466667,1.453333
0.132084,1.520000,1.326667
0.132485,1.560000,1.380000
0.132887,1.560000,1.386667
0.133289,1.586667,1.373333
0.133691,1.580000,1.480000
0.134092,1.593333,1.420000
0.134493,1.600000,1.400000
0.134894,1.626667,1.453333
0.135296,1.613333,1.413333
0.135697,1.640000,1.446667
0.136098,1.660000,1.460000
0.136499,1.673333,1.486667
0.136900,1.706667,1.473333
0.137302,1.706667,1.533333
0.137703,1.686667,1.420000
0.138105,1.740000,1.513333
0.138507,1.733333,1.533333
0.138908,1.740000,1.586667
0.139309,1.746667,1.560000
0.139710,1.806667,1.586667
0.140112,1.773333,1.586667
0.140513,1.800000,1.613333
0.140915,1.820000,1.560000
0.141317,1.813333,1.633333
0.141718,1.893333,1.640000
0.142120,1.853333,1.626667
0.142522,1.900000,1.646667
0.142923,1.900000,1.706667
0.143324,1.906667,1.680000
0.143726,1.880000,1.740000
0.144127,1.933333,1.693333
0.144528,1.920000,1.726667
0.144931,1.946667,1.733333
0.145333,1.940000,1.740000
0.145735,2.033333,1.733333
0.146136,1.986667,1.786667
0.146538,2.000000,1.840000
0.146939,2.026667,1.880000
0.147341,2.126667,1.853333
0.147743,2.046667,1.786667
0.148144,2.066667,1.820000
0.148545,2.060000,1.846667
0.148946,2.273333,1.826667
0.149347,2.100000,1.893333
0.149748,2.120000,1.906667
0.150149,2.160000,1.906667
0.150551,2.166667,1.906667
0.150953,2.186667,1.906667
0.151354,2.186667,1.960000
0.151755,2.206667,1.946667
0.152156,2.246667,2.000000
0.152558,2.206667,2.053333
0.152960,2.240000,2.006667
0.153361,2.226666,2.000000
0.153763,2.280000,2.053333
0.154164,2.326667,2.273333
0.154565,2.326667,2.086667
0.154966,2.333333,2.213333
0.155367,2.373333,2.073333
0.155768,2.366667,2.086667
0.156169,2.393333,2.140000
0.156571,2.353333,2.173333
0.156973,2.420000,2.173333
0.157375,2.346667,2.173333
0.157776,2.406667,2.166667
0.158177,2.453333,2.213333
0.158579,2.460000,2.173333
0.158982,2.506666,2.213333
0.159383,2.566667,2.226666
0.159785,2.513333,2.246667
0.160186,2.533333,2.260000
0.160587,2.526667,2.266667
0.160988,2.580000,2.300000
0.161389,2.580000,2.326667
0.161790,2.586667,2.300000
0.162191,2.653333,2.346667
0.162592,2.620000,2.313333
0.162993,2.660000,2.366667
0.163395,2.680000,2.426666
0.163796,2.633333,2.386667
0.164197,2.713333,2.420000
0.164598,2.720000,2.433333
0.164999,2.666667,2.486667
0.165401,2.820000,2.446667
0.165804,2.786667,2.506666
0.166205,2.773333,2.486667
0.166607,2.793333,2.506666
0.167008,2.806667,2.573333
0.167410,2.813333,2.546667
0.167811,2.840000,2.560000
0.168212,2.846667,2.580000
0.168614,2.873333,2.593333
0.169015,2.873333,2.800000
0.169417,2.880000,2.626667
0.169818,2.860000,2.693333
0.170219,2.926667,2.660000
0.170620,2.913333,2.700000
0.171022,2.920000,2.700000
0.171423,2.980000,2.733333
0.171824,2.986667,2.733333
0.172225,3.080000,2.760000
0.172627,3.066667,2.760000
0.173030,3.060000,2.760000
0.173432,3.080000,2.786667
0.173834,3.133333,2.786667
0.174235,3.106667,2.820000
0.174637,3.133333,2.840000
0.175038,3.126667,2.753333
0.175439,3.153333,2.900000
0.175841,3.160000,2.913333
0.176242,3.193333,2.906667
0.176644,3.213333,2.946667
0.177045,3.240000,2.980000
0.177446,3.326667,2.960000
0.177849,3.293333,2.960000
0.178250,3.306667,3.013333
0.178651,3.313333,2.993333
0.179052,3.340000,2.993333
0.179454,3.326667,3.040000
0.179855,3.300000,3.080000
0.180257,3.393333,3.080000
0.180659,3.393333,3.153333
0.181060,3.393333,3.133333
0.181462,3.393333,3.106667
0.181863,3.446667,3.133333
0.182265,3.480000,3.313333
0.182667,3.473333,3.133333
0.183070,3.493333,3.173333
0.183471,3.520000,3.193333
0.183872,3.533333,3.193333
0.184274,3.560000,3.233333
0.184676,3.593333,3.246666
0.185077,3.600000,3.286667
0.185478,3.566667,3.300000
0.185881,3.633333,3.313333
0.186282,3.666667,3.326667
0.186684,3.713333,3.400000
0.187085,3.593333,3.346666
0.187487,3.760000,3.373333
0.187888,3.780000,3.400000
0.188290,3.746666,3.393333
0.188691,3.780000,3.446667
0.189094,3.833333,3.406667
0.189495,3.886667,3.493333
0.189898,3.873333,3.513333
0.190299,3.893333,3.486667
0.190700,3.940000,3.500000
0.191101,3.933333,3.560000
0.191503,3.933333,3.560000
0.191904,3.966667,3.560000
0.192305,3.986666,3.586667
0.192707,4.013333,3.566667
0.193108,4.046667,3.633333
0.193510,4.013333,3.660000
0.193911,4.046667,3.653333
0.194312,4.066667,3.686666
0.194713,4.073333,3.746666
0.195114,4.100000,4.193333
0.195516,4.120000,3.633333
0.195917,4.080000,3.806666
0.196318,4.160000,3.806666
0.196719,4.146667,3.866667
0.197122,4.193333,3.833333
0.197523,4.286666,3.833333
0.197924,4.246667,3.833333
0.198326,4.213334,3.866667
0.198728,4.293333,3.920000
0.199130,4.286666,3.913333
0.199532,4.353333,3.960000
0.199933,4.346667,3.980000
0.200334,4.353333,3.986666
0.200735,4.393333,4.013333
0.201138,4.386666,4.013333
0.201539,4.433333,4.033333
0.201941,4.420000,3.986666
0.202342,4.446667,4.033333
0.202744,4.433333,4.086667
0.203145,4.560000,4.120000
0.203546,4.453333,4.140000
0.203948,4.540000,4.173333
0.204350,4.553333,4.186666
0.204751,4.560000,4.186666
0.205152,4.626667,4.206666
0.205553,4.646667,4.206666
0.205954,4.706666,4.233333
0.206355,4.620000,4.260000
0.206756,4.666667,4.280000
0.207159,4.713333,4.326666
0.207560,4.733333,4.333333
0.207961,4.746666,4.353333
0.208362,4.760000,4.366666
0.208764,4.793333,4.373333
0.209165,4.800000,4.413333
0.209566,4.800000,4.480000
0.209967,4.860000,4.433333
0.210369,4.853333,4.360000
0.210771,4.966667,4.506667
0.211172,4.953333,4.486666
0.211573,4.920000,4.520000
0.211974,4.973333,4.526667
0.212376,4.953333,4.546667
0.212777,4.993333,4.613333
0.213178,5.020000,4.620000
0.213579,5.060000,4.600000
0.213980,5.073333,4.653333
0.214382,5.086667,4.600000
0.214785,5.160000,4.673333
0.215186,5.146667,4.773334
0.215587,5.160000,4.720000
0.215990,5.166667,4.746666
0.216391,5.186666,4.686666
0.216792,5.226666,4.780000
0.217193,5.240000,4.793333
0.217595,5.240000,4.806667
0.217996,5.206666,4.846666
0.218397,5.313333,4.886666
0.218798,5.306666,4.866667
0.219200,5.320000,4.906667
0.219601,5.360000,4.913333
0.220003,5.393333,4.926667
0.220404,5.413333,4.966667
0.220806,5.433333,4.966667
0.221207,5.520000,5.000000
0.221609,5.473333,5.000000
0.222010,5.493333,5.053333
0.222411,5.573333,5.060000
0.222812,5.566667,5.100000
0.223213,5.573333,5.180000
0.223615,5.586667,5.060000
0.224016,5.593333,5.240000
0.224417,5.626667,5.213333
0.224818,5.653333,5.180000
0.225219,5.640000,5.240000
0.225621,5.706666,5.146667
0.226022,5.740000,5.246666
0.226424,5.753333,5.253333
0.226825,5.766666,5.273333
0.227226,5.773333,5.366667
0.227627,5.826667,5.373333
0.228028,5.840000,5.346666
0.228430,5.860000,5.400000
0.228831,5.886667,5.413333
0.229233,5.840000,5.393333
0.229634,5.873333,5.420000
0.230035,5.940000,5.440000
0.230437,5.993333,5.533333
0.230838,5.966666,5.506666
0.231239,6.020000,5.486667
0.231640,6.026667,5.440000
0.232041,6.086667,5.520000
0.232444,6.086667,5.586667
0.232845,6.120000,5.640000
0.233247,6.106667,5.673333
0.233648,6.160000,5.640000
0.234049,6.166667,5.733333
0.234450,6.206666,5.700000
0.234851,6.173333,5.713333
0.235253,6.293333,5.760000
0.235654,6.240000,5.760000
0.236055,6.286667,5.813333
0.236457,6.306666,5.826667
0.236858,6.366666,5.800000
0.237259,6.400000,5.866666
0.237660,6.393333,5.846666
0.238063,6.420000,5.940000
0.238465,6.453333,5.966666
0.238866,6.466667,6.006667
0.239268,6.480000,5.933333
0.239669,6.473333,5.973333
0.240070,6.480000,6.020000
0.240471,6.373333,6.000000
0.240872,6.573333,6.053333
0.241274,6.633333,6.073333
0.241676,6.646667,6.113333
0.242077,6.693333,6.133333
0.242479,6.693333,6.140000
0.242880,6.740000,6.153333
0.243281,6.760000,6.253334
0.243682,6.900000,6.206666
0.244083,6.700000,6.193333
0.244484,6.800000,6.273333
0.244885,6.853333,6.286667
0.245286,6.906667,6.273333
0.245687,6.886666,6.326666
0.246088,6.893333,6.313334
0.246490,6.920000,6.360000
0.246891,6.966666,6.386667
0.247293,7.013333,6.426666
0.247694,6.966666,6.446667
0.248096,7.073333,6.460000
0.248498,7.053333,6.473333
0.248900,7.053333,6.500000
0.249302,7.106667,6.513333
0.249703,7.133334,6.533333
0.250105,7.166667,6.600000
0.250507,7.193333,6.606667
0.250909,7.180000,6.646667
0.251310,7.273333,6.640000
0.251711,7.246666,6.673334
0.252112,7.266667,6.693333
0.252513,7.300000,6.740000
0.252915,7.360000,6.786666
0.253316,7.346666,6.833333
0.253718,7.373333,6.720000
0.254121,7.406666,6.846666
0.254523,7.406666,6.846666
0.254924,7.433333,6.820000
0.255325,7.486667,6.893333
0.255726,7.473333,6.986666
0.256127,7.533333,6.920000
0.256529,7.653333,6.960000
0.256931,7.406666,7.020000
0.257332,7.579999,6.993333
0.257734,7.600000,6.986666
0.258136,7.620000,7.046667
0.258538,7.660000,7.060000
0.258939,7.686666,7.060000
0.259340,7.706666,7.100000
0.259741,7.653333,7.080000
0.260144,7.746666,7.186666
0.260545,7.686666,7.166667
0.260946,7.893333,7.180000
0.261347,7.886666,7.253334
0.261748,7.840000,7.253334
0.262149,7.873333,7.233334
0.262550,7.893333,7.340000
0.262951,7.953333,7.300000
0.263352,7.920000,7.326666
0.263753,7.913333,7.166667
0.264154,8.013333,7.260000
0.264556,8.020000,7.413333
0.264957,8.100000,7.360000
0.265358,8.053332,7.586667
0.265760,8.120000,7.520000
0.266161,8.113333,7.466667
0.266564,8.166667,7.586667
0.266966,8.200000,7.553333
0.267367,8.320000,7.540000
0.267768,8.166667,7.600000
0.268169,8.253333,7.620000
0.268570,8.286667,7.626667
0.268971,8.266666,7.693334
0.269375,8.313333,7.660000
0.269776,8.473333,7.620000
0.270178,8.386666,7.713333
0.270580,8.360000,7.773333
0.270981,8.406667,7.766666
0.271382,8.453333,7.793334
0.271783,8.486667,7.840000
0.272184,8.506666,7.866666
0.272585,8.626667,7.873333
0.272986,8.719999,7.873333
0.273389,8.566667,7.726667
0.273790,8.606667,7.966667
0.274191,8.673333,7.960000
0.274593,8.606667,7.986666
0.274994,8.673333,8.026667
0.275396,8.706666,8.040000
0.275797,8.719999,8.033334
0.276198,8.693334,8.080000
0.276601,8.740000,8.093333
0.277002,8.766666,8.146667
0.277403,8.826667,8.186666
0.277804,8.846666,8.046666
0.278205,8.886666,8.206666
0.278607,8.886666,8.213333
0.279008,8.926666,8.233334
0.279409,8.986667,8.179999
0.279810,8.973332,8.233334
0.280211,8.993333,8.320000
0.280612,9.106667,8.300000
0.281013,8.993333,8.333333
0.281415,9.080000,8.446666
0.281816,9.126666,8.460000
0.282217,9.133333,8.426667
0.282618,9.140000,8.486667
0.283019,9.179999,8.486667
0.283421,9.179999,8.513332
0.283822,9.233333,8.533333
0.284223,9.233333,8.560000
0.284625,9.246666,8.566667
0.285026,9.220000,8.639999
0.285428,9.480000,8.613334
0.285829,9.266666,8.653333
0.286230,9.346666,8.706666
0.286632,9.386666,8.573333
0.287033,9.346666,8.700000
0.287435,9.493333,8.733333
0.287836,9.493333,8.746667
0.288238,9.526667,8.766666
0.288644,9.546667,8.813334
0.289045,9.566666,8.760000
0.289446,9.573333,8.900000
0.289847,9.526667,8.946667
0.290249,9.726666,8.900000
0.290650,9.686666,8.913333
0.291052,9.700000,8.966666
0.291454,9.713333,8.933333
0.291857,9.746667,9.033333
0.292259,9.766666,9.006666
0.292660,9.786667,8.933333
0.293061,9.726666,9.080000
0.293463,9.860000,9.093333
0.293864,9.880000,9.126666
0.294266,9.900000,9.106667
0.294668,9.920000,9.099999
0.295069,9.946667,9.206667
0.295470,9.973333,9.206667
0.295871,10.013333,9.220000
0.296272,10.033333,9.273334
0.296673,10.040000,9.273334
0.297074,10.073334,9.299999
0.297476,10.106667,9.280000
0.297877,10.126667,9.466666
0.298278,10.153333,9.493333
0.298679,10.153333,9.346666
0.299080,10.219999,9.466666
0.299482,10.246666,9.466666
0.299884,10.233333,9.493333
0.300285,10.273334,9.533333
0.300687,10.313334,9.540000
0.301088,10.306666,9.580000
0.301489,10.346666,9.613334
0.301890,10.386666,9.680000
0.302291,10.153333,9.706666
0.302693,10.426666,10.026666
0.303095,10.586667,9.700000
0.303497,10.419999,9.733334
0.303898,10.520000,9.753333
0.304300,10.520000,9.780000
0.304701,10.513333,9.780000
0.305102,10.593333,9.780000
0.305505,10.600000,9.833333
0.305907,10.666667,9.846666
0.306309,10.666667,9.913333
0.306711,10.733334,9.920000
0.307112,10.633333,9.920000
0.307514,10.720000,9.966666
0.307915,10.753333,9.980000
0.308316,10.786667,9.893332
0.308717,10.820000,9.993333
0.309119,10.806666,10.040000
0.309520,10.846666,10.046666
0.309922,10.953333,10.106667
0.310323,10.926667,10.133333
0.310724,10.953333,10.093333
0.311125,10.973333,10.153333
0.311527,10.980000,10.166666
0.311928,11.033333,10.206667
0.312330,11.006666,10.166666
0.312731,11.033333,10.460000
0.313132,11.093333,10.233333
0.313533,11.066667,10.299999
0.313936,11.060000,10.320000
0.314337,11.173333,10.646667
0.314738,11.133333,10.360000
0.315139,11.213333,10.406667
0.315541,11.240000,10.266666
0.315944,11.233333,10.419999
0.316345,11.326667,10.419999
0.316747,11.453334,10.493333
0.317148,11.326667,10.486666
0.317550,11.353333,10.533334
0.317951,11.380000,10.500000
0.318352,11.400000,10.580000
0.318754,11.466666,10.593333
0.319155,11.460000,10.613333
0.319557,11.460000,10.626666
0.319959,11.520000,10.686666
0.320362,11.533333,11.160000
0.320763,11.539999,10.720000
0.321166,11.573333,10.746666
0.321567,11.593333,10.806666
0.321968,11.640000,10.773334
0.322369,11.559999,10.833333
0.322770,11.780000,10.846666
0.323173,11.733333,10.886666
0.323575,11.746666,10.860000
0.323977,11.740000,10.926667
0.324379,11.780000,10.960000
0.324781,11.806666,10.953333
0.325182,11.833333,10.993334
0.325583,11.873333,11.000000
0.325984,11.886666,11.006666
0.326385,11.893333,11.046666
0.326786,11.940000,11.073333
0.327187,11.966666,11.146667
0.327588,11.986667,11.153333
0.327991,11.999999,11.099999
0.328393,12.033333,11.160000
0.328795,12.066666,11.153333
0.329197,12.073333,11.219999
0.329598,12.126666,11.253333
0.329999,12.133333,11.253333
0.330401,12.120000,11.300000
0.330802,12.086666,11.333333
0.331203,12.280000,11.333333
0.331605,12.293333,11.366667
0.332006,12.286667,11.366667
0.332408,12.320000,11.386666
0.332810,12.320000,11.406666
0.333211,12.339999,11.453334
0.333613,12.353333,11.473332
0.334016,12.400000,11.539999
0.334417,12.400000,11.539999
0.334820,12.459999,11.539999
0.335221,12.473333,11.539999
0.335623,12.219999,11.559999
0.336024,12.500000,11.606667
0.336425,12.546666,11.633333
0.336826,12.566667,11.633333
0.337227,12.580000,11.606667
0.337628,12.593333,11.660000
0.338029,12.613333,11.720000
0.338430,12.686666,11.720000
0.338833,12.693334,11.733333
0.339234,12.626667,11.806666
0.339635,12.686666,11.820000
0.340036,12.746666,11.806666
0.340437,12.766666,11.860000
0.340839,12.806666,11.879999
0.341240,12.799999,11.893333
0.341642,12.846666,11.986667
0.342044,12.880000,11.933332
0.342445,12.873333,11.933332
0.342847,12.900000,11.973333
0.343248,12.926666,12.020000
0.343649,12.973333,11.999999
0.344050,13.000000,12.046667
0.344451,13.020000,12.066666
0.344852,13.040000,12.066666
0.345254,13.066667,12.066666
0.345655,13.139999,12.240000
0.346056,13.080000,12.153333
0.346457,13.139999,12.146667
0.346858,13.146667,12.219999
0.347260,13.179999,12.246667
0.347662,13.186666,12.306666
0.348064,13.206666,12.120000
0.348465,13.286667,12.326666
0.348866,13.213333,12.380000
0.349267,13.300000,12.360000
0.349668,13.300000,12.400000
0.350070,13.366667,12.406666
0.350471,13.346667,12.453333
0.350872,13.520000,12.459999
0.351274,13.433333,12.413333
0.351676,13.460000,12.513333
0.352078,13.460000,12.506667
0.352479,13.460000,12.559999
0.352881,13.520000,12.580000
0.353282,13.526667,12.586666
0.353684,13.513332,12.533333
0.354086,13.573333,12.613333
0.354488,13.626666,12.646667
0.354889,13.620000,12.646667
0.355290,13.706666,12.773334
0.355691,13.660000,12.706667
0.356093,13.680000,12.793333
0.356495,13.720000,12.766666
0.356896,13.973332,12.753333
0.357298,13.799999,12.846666
0.357699,13.786667,12.820000
0.358101,13.826666,12.853333
0.358502,13.846665,12.866666
0.358904,13.873334,12.860000
0.359305,13.873334,12.886666
0.359706,13.913332,12.946667
0.360107,13.886666,12.946667
0.360509,14.026667,13.006666
0.360911,13.973332,13.120000
0.361313,13.960000,13.040000
0.361714,14.039999,13.040000
0.362115,14.046667,13.093333
0.362517,14.066666,13.226666
0.362918,14.086666,13.193333
0.363320,14.133332,13.139999
0.363722,14.046667,13.146667
0.364124,14.173332,13.093333
0.364525,14.186666,13.166667
0.364926,14.186666,13.293333
0.365327,14.206667,13.206666
0.365728,14.213333,13.233334
0.366129,14.299999,13.286667
0.366531,14.293333,13.293333
0.366932,14.373332,13.300000
0.367334,14.340000,13.313333
0.367735,14.366666,13.366667
0.368136,14.373332,13.366667
0.368538,14.400001,13.379999
0.368939,14.413333,13.386665
0.369340,14.420000,13.453332
0.369742,14.480000,13.400000
0.370143,14.506667,13.500000
0.370544,14.526666,13.506666
0.370945,14.593332,13.533333
0.371347,14.606667,13.566667
0.371749,14.593332,13.460000
0.372150,14.653333,13.466666
0.372551,14.626666,13.626666
0.372952,14.646667,13.646666
0.373354,14.686666,13.646666
0.373755,14.699999,13.646666
0.374157,14.733334,13.693333
0.374558,14.740000,13.720000
0.374959,14.913333,13.773333
0.375361,14.786666,13.746667
0.375763,14.806666,13.813334
0.376164,14.860001,13.833333
0.376565,14.853333,13.813334
0.376966,14.873333,13.860000
0.377368,14.899999,13.880000
0.377770,14.906667,13.960000
0.378171,14.926667,13.886666
0.378572,14.940000,13.860000
0.378974,14.953333,13.933332
0.379376,14.953333,13.933332
0.379777,15.013333,13.986667
0.380178,15.020000,13.993333
0.380579,14.953333,14.066666
0.380980,15.106667,14.080000
0.381382,15.080000,14.033333
0.381783,15.146667,14.026667
0.382184,15.133333,14.120000
0.382586,15.233334,14.133332
0.382987,15.260000,14.140000
0.383389,15.253334,14.140000
0.383790,15.260000,14.120000
0.384191,15.313333,14.180000
0.384592,15.353333,14.253333
0.384993,15.333333,14.186666
0.385396,15.406667,14.266667
0.385797,15.353333,14.273334
0.386200,15.393333,14.306665
0.386601,15.426665,14.340000
0.387002,15.413333,14.306665
0.387403,15.460000,14.333334
0.387806,15.573333,14.386666
0.388207,15.506666,14.413333
0.388608,15.446666,14.420000
0.389009,15.440000,14.446667
0.389410,15.619999,14.520000
0.389811,15.579999,14.373332
0.390212,15.599999,14.513333
0.390614,15.646666,14.520000
0.391015,15.666666,14.546666
0.391417,15.666666,14.626666
0.391818,15.666666,14.553333
0.392219,15.746666,14.600000
0.392621,15.733333,14.613333
0.393022,15.873333,14.626666
0.393423,15.786667,14.666667
0.393824,15.826667,14.693333
0.394225,15.846667,14.699999
0.394626,15.866667,14.726667
0.395027,15.879999,14.706667
0.395429,15.933333,14.746666
0.395830,15.926666,14.659999
0.396231,15.886665,14.793334
0.396633,15.960000,14.813333
0.397034,15.973332,14.833332
0.397436,16.173334,14.846666
0.397837,16.000000,14.800000
0.398239,15.933333,14.880000
0.398640,16.093332,14.953333
0.399041,16.099998,14.813333
0.399443,16.113333,14.926667
0.399844,16.106665,14.953333
0.400246,16.146666,14.953333
0.400647,16.180000,14.953333
0.401048,16.173334,14.953333
0.401450,16.273333,14.953333
0.401851,16.219999,15.060000
0.402253,16.259998,15.086666
0.402654,16.226665,15.086666
0.403055,16.313334,15.133333
0.403458,16.299999,15.126667
0.403859,16.306667,15.179999
0.404260,16.373333,15.219999
0.404662,16.386665,15.213333
0.405064,16.426666,15.219999
0.405465,16.440001,15.233334
0.405866,16.386665,15.153333
0.406267,16.446667,15.300000
0.406669,16.446667,15.280000
0.407070,16.506666,15.306666
0.407471,16.453333,15.333333
0.407872,16.519999,15.333333
0.408273,16.586666,15.379999
0.408674,16.553333,15.386667
0.409076,16.600000,15.393333
0.409477,16.619999,15.426665
0.409879,16.619999,15.433333
0.410281,16.639999,15.480000
0.410682,16.820000,15.473333
0.411083,16.713333,15.493332
0.411484,16.653332,15.500000
0.411885,16.740000,15.520000
0.412286,16.753332,15.566667
0.412689,16.759998,15.546666
0.413090,16.793333,15.579999
0.413491,16.786665,15.619999
0.413892,16.873333,15.606667
0.414294,16.826666,15.666666
0.414695,16.840000,15.660000
0.415097,16.846666,15.740000
0.415500,16.900000,15.720000
0.415901,16.900000,15.733333
0.416302,16.900000,15.753332
0.416703,16.906666,15.746666
0.417104,16.906666,15.780001
0.417505,16.966667,15.773333
0.417907,16.959999,15.846667
0.418308,16.906666,15.786667
0.418710,17.000000,15.819999
0.419113,17.000000,15.786667
0.419515,16.933332,15.873333
0.419916,17.013332,15.940000
0.420317,17.046665,15.866667
0.420718,17.046665,15.920000
0.421119,17.039999,15.940000
0.421520,17.093332,15.973332
0.421921,17.093332,15.973332
0.422322,17.139999,15.980000
0.422723,17.166666,16.006666
0.423124,17.100000,16.013332
0.423525,17.120001,16.046667
0.423926,17.226667,16.099998
0.424327,17.206667,16.086666
0.424729,17.199999,16.153334
0.425131,17.219999,16.080000
0.425533,17.206667,16.126665
0.425934,17.266666,16.126665
0.426336,17.279999,16.206667
0.426737,17.299999,16.193333
0.427139,17.333332,16.200001
0.427540,17.326666,16.193333
0.427941,17.333332,16.259998
0.428342,17.386667,16.266666
0.428743,17.360001,16.273333
0.429144,17.393333,16.286667
0.429545,17.413332,16.273333
0.429946,17.459999,16.333334
0.430347,17.446667,16.406666
0.430748,17.453333,16.366665
0.431149,17.493334,16.346666
0.431551,17.466665,16.299999
0.431953,17.473333,16.379999
0.432355,17.506666,16.366665
0.432756,17.533333,16.440001
0.433157,17.539999,16.446667
0.433558,17.520000,16.446667
0.433959,17.600000,16.473333
0.434360,17.600000,16.499998
0.434761,17.613333,16.519999
0.435163,17.633333,16.546667
0.435564,17.639999,16.539999
0.435965,17.633333,16.546667
0.436366,17.660000,16.586666
0.436768,17.660000,16.559999
0.437169,17.719999,16.619999
0.437570,17.706665,16.619999
0.437971,17.793333,16.619999
0.438375,17.740000,16.639999
0.438777,17.733334,16.680000
0.439179,17.793333,16.646666
0.439580,17.693333,16.693333
0.439981,17.793333,16.733334
0.440382,17.820000,16.786665
0.440784,17.853333,16.740000
0.441186,17.853333,16.733334
0.441587,17.840000,16.759998
0.441988,17.879999,16.713333
0.442390,17.886667,16.766666
0.442791,17.873333,16.900000
0.443193,17.913334,17.013332
0.443595,17.926666,16.806665
0.443996,17.926666,16.833334
0.444397,17.946665,16.846666
0.444799,17.953333,16.833334
0.445200,18.013332,16.866667
0.445602,17.993332,16.913332
0.446003,18.020000,16.906666
0.446404,18.020000,16.893332
0.446805,18.026667,16.906666
0.447206,18.046667,16.920000
0.447608,18.040001,16.926666
0.448009,18.079998,16.966667
0.448410,18.093332,16.920000
0.448812,18.139999,16.966667
0.449213,18.106667,17.019999
0.449614,18.139999,16.959999
0.450016,18.139999,16.993334
0.450417,18.146666,17.026665
0.450818,18.180000,16.993334
0.451219,18.166666,17.033333
0.451620,18.199999,17.106667
0.452022,18.193333,17.039999
0.452423,18.146666,17.073334
0.452824,18.240000,17.053333
0.453226,18.260000,17.100000
0.453628,18.246666,17.033333
0.454029,18.273333,17.106667
0.454430,18.320000,17.133333
0.454832,18.280001,17.126667
0.455234,18.326666,17.146666
0.455636,18.320000,17.126667
0.456037,18.353333,17.219999
0.456438,18.266666,17.186666
0.456839,18.406666,17.193333
0.457240,18.366667,17.226667
0.457641,18.373333,16.993334
0.458042,18.393333,17.199999
0.458443,18.400000,17.253334
0.458844,18.420000,17.260000
0.459246,18.413334,17.286665
0.459647,18.459999,17.320000
0.460048,18.453333,17.293333
0.460450,18.453333,17.333332
0.460851,18.480000,17.293333
0.461252,18.486666,17.333332
0.461653,18.506666,17.333332
0.462054,18.506666,17.353333
0.462456,18.533333,17.386667
0.462857,18.526667,17.320000
0.463258,18.513332,17.373333
0.463659,18.559999,17.340000
0.464060,18.566668,17.340000
0.464462,18.593332,17.393333
0.464864,18.546667,17.453333
0.465265,18.613333,17.506666
0.465666,18.599998,17.473333
0.466067,18.626665,17.619999
0.466469,18.639999,17.453333
0.466870,18.646666,17.473333
0.467271,18.660000,17.473333
0.467673,18.646666,17.473333
0.468075,18.639999,17.500000
0.468477,18.680000,17.500000
0.468878,18.693333,17.526667
0.469279,18.726665,17.539999
0.469680,18.733332,17.533333
0.470081,18.706667,17.493334
0.470483,18.726665,17.539999
0.470884,18.753332,17.613333
0.471286,18.766666,17.619999
0.471687,18.613333,17.600000
0.472089,18.799999,17.613333
0.472491,18.779999,17.593332
0.472894,18.693333,17.653334
0.473296,18.886665,17.500000
0.473697,18.766666,17.660000
0.474098,18.840000,17.619999
0.474501,18.866665,17.653334
0.474902,18.846666,17.673332
0.475303,18.846666,17.673332
0.475704,18.879999,17.699999
0.476106,18.886665,17.686666
0.476508,18.893333,17.726665
0.476909,18.906666,17.733334
0.477310,18.933332,17.713333
0.477711,18.946667,17.753334
0.478112,18.926666,17.753334
0.478513,18.926666,17.760000
0.478915,19.046667,17.780001
0.479316,18.973333,17.813332
0.479717,18.980000,17.786667
0.480118,18.966667,17.813332
0.480519,19.006666,17.799999
0.480921,18.993332,17.806665
0.481323,19.033333,17.813332
0.481724,19.219999,17.846666
0.482126,19.026667,17.879999
0.482527,19.046667,17.846666
0.482929,19.066666,17.873333
0.483330,19.073334,17.840000
0.483731,19.100000,17.859999
0.484132,19.080000,17.879999
0.484533,19.106667,17.886667
0.484934,19.133331,17.799999
0.485335,19.100000,17.866667
0.485736,19.100000,17.886667
0.486137,19.119999,17.873333
0.486538,19.133331,17.913334
0.486940,19.139999,17.966665
0.487342,19.166666,17.946665
0.487743,19.180000,17.953333
0.488145,19.113333,17.926666
0.488546,19.233334,17.959999
0.488948,19.299999,17.939999
0.489349,19.186666,17.973333
0.489751,19.200001,18.000000
0.490152,19.233334,18.020000
0.490553,19.240000,17.986666
0.490954,19.233334,18.013332
0.491356,19.246666,18.006666
0.491758,19.246666,18.026667
0.492159,19.240000,18.013332
0.492560,19.246666,18.046667
0.492962,19.273333,18.066666
0.493363,19.286665,18.020000
0.493765,19.286665,18.086666
0.494167,19.253332,18.046667
0.494568,19.306665,18.126667
0.494969,19.333334,18.099998
0.495375,19.326666,18.146666
0.495776,19.366667,18.126667
0.496177,19.326666,18.106667
0.496578,19.400000,18.133333
0.496979,19.346666,18.126667
0.497381,19.360001,18.119999
0.497782,19.346666,18.133333
0.498183,19.346666,18.126667
0.498585,19.346666,18.153334
0.498987,19.360001,18.146666
0.499389,19.400000,18.160000
0.499790,19.400000,18.146666
0.500191,19.400000,18.146666
0.500592,19.426666,18.206665
0.500993,19.406666,18.206665
0.501395,19.400000,18.180000
0.501796,19.433332,18.213333
0.502198,19.519999,18.213333
0.502599,19.439999,18.240000
0.503000,19.433332,18.219999
0.503402,19.453333,18.193333
0.503803,19.413332,18.240000
0.504204,19.459999,18.213333
0.504605,19.459999,18.213333
0.505006,19.500000,18.246666
0.505408,19.480000,18.253332
0.505809,19.439999,18.266666
0.506210,19.500000,18.246666
0.506612,19.513332,18.273333
0.507013,19.506666,18.359999
0.507415,19.539999,18.273333
0.507816,19.533333,18.266666
0.508217,19.539999,18.273333
0.508618,19.580000,18.306667
0.509019,19.553333,18.199999
0.509420,19.566666,18.353333
0.509821,19.740000,18.273333
0.510222,19.573334,18.306667
0.510624,19.559999,18.020000
0.511025,19.586666,18.273333
0.511426,19.566666,18.333332
0.511828,19.633333,18.286667
0.512229,19.593332,18.333332
0.512630,19.606667,18.339998
0.513031,19.606667,18.359999
0.513432,19.586666,18.333332
0.513834,19.633333,18.379999
0.514235,19.626667,18.400000
0.514637,19.639999,18.346666
0.515038,19.533333,18.379999
0.515439,19.646666,18.379999
0.515840,19.633333,18.366667
0.516241,19.633333,18.359999
0.516642,19.666666,18.599998
0.517043,19.659998,18.526667
0.517444,19.666666,18.379999
0.517845,19.646666,18.379999
0.518247,19.673332,18.400000
0.518649,19.679998,18.393333
0.519050,19.666666,18.400000
0.519451,19.639999,18.386665
0.519852,19.679998,18.413334
0.520253,19.693333,18.459999
0.520654,19.679998,18.406666
0.521055,19.740000,18.406666
0.521457,19.666666,18.400000
0.521858,19.760000,18.400000
0.522259,19.719999,18.459999
0.522660,19.806665,18.440001
0.523061,19.653332,18.520000
0.523463,19.699999,18.426666
0.523865,19.699999,18.426666
0.524266,19.719999,18.486666
0.524667,19.733334,18.526667
0.525068,19.733334,18.520000
0.525470,19.733334,18.466665
0.525871,19.833332,18.473331
0.526273,19.740000,18.459999
0.526674,19.713333,18.466665
0.527075,19.746666,18.446667
0.527477,19.766666,18.453333
0.527878,19.760000,18.273333
0.528280,19.793333,18.400000
0.528682,19.779999,18.473331
0.529083,19.686666,18.446667
0.529484,19.773333,18.459999
0.529885,19.773333,18.506666
0.530287,19.786665,18.480000
0.530689,19.786665,18.566668
0.531090,19.793333,18.539999
0.531491,19.806665,18.506666
0.531892,19.840000,18.759998
0.532293,19.733334,18.580000
0.532694,19.799999,18.506666
0.533096,19.793333,18.513332
0.533497,19.820000,18.506666
0.533898,19.779999,18.486666
0.534300,19.813332,18.486666
0.534702,19.773333,18.520000
0.535104,19.799999,18.520000
0.535506,19.806665,18.526667
0.535908,19.806665,18.553333
0.536310,19.793333,18.520000
0.536711,19.799999,18.520000
0.537112,19.826666,18.553333
0.537513,19.873333,18.446667
0.537914,19.820000,18.539999
0.538315,19.799999,18.533333
0.538716,19.826666,18.533333
0.539117,19.833332,18.793333
0.539519,19.813332,18.426666
0.539921,19.880001,18.546667
0.540322,19.820000,18.526667
0.540724,19.906666,18.506666
0.541126,19.833332,18.566668
0.541527,19.806665,18.546667
0.541928,19.833332,18.533333
0.542329,19.833332,18.440001
0.542731,19.846666,18.566668
0.543132,19.840000,18.533333
0.543533,19.840000,18.520000
0.543934,19.746666,18.553333
0.544336,19.880001,18.533333
0.544737,19.846666,18.646666
0.545139,19.826666,18.533333
0.545540,19.840000,18.526667
0.545942,19.846666,18.619999
0.546343,19.833332,18.526667
0.546745,19.866667,18.553333
0.547146,19.840000,18.580000
0.547548,19.820000,18.466665
0.547949,19.760000,18.546667
0.548351,19.779999,18.580000
0.548752,19.840000,18.580000
0.549153,19.853333,18.553333
0.549554,19.840000,18.539999
0.549956,19.880001,18.553333
0.550357,19.840000,18.546667
0.550758,19.840000,18.566668
0.551159,19.840000,18.546667
0.551560,19.866667,18.586666
0.551962,19.833332,18.646666
0.552364,19.846666,18.653334
0.552765,19.866667,18.553333
0.553166,19.826666,18.566668
0.553567,19.840000,18.766666
0.553969,19.853333,18.553333
0.554370,19.833332,18.533333
0.554771,19.779999,18.539999
0.555172,19.846666,18.566668
0.555573,19.799999,18.446667
0.555974,19.840000,18.473331
0.556376,19.659998,18.513332
0.556777,19.826666,18.526667
0.557178,19.833332,18.406666
0.557580,19.826666,18.526667
0.557981,19.813332,18.506666
0.558383,19.820000,18.546667
0.558786,19.813332,18.526667
0.559187,19.833332,18.566668
0.559588,19.799999,18.533333
0.559989,19.793333,18.526667
0.560390,19.860001,18.520000
0.560792,19.840000,18.533333
0.561193,19.806665,18.580000
0.561594,19.760000,18.613333
0.561996,19.573334,18.513332
0.562397,19.766666,18.559999
0.562798,19.806665,18.526667
0.563199,19.826666,18.539999
0.563600,19.786665,18.526667
0.564001,19.799999,18.539999
0.564402,19.773333,18.553333
0.564803,19.760000,18.406666
0.565204,19.860001,18.493332
0.565605,19.753334,18.506666
0.566007,19.773333,18.520000
0.566409,19.779999,18.506666
0.566810,19.860001,18.520000
0.567211,19.779999,18.506666
0.567612,19.733334,18.453333
0.568013,19.760000,18.480000
0.568415,19.760000,18.506666
0.568816,19.746666,18.393333
0.569218,19.766666,18.486666
0.569619,19.746666,18.486666
0.570020,19.733334,18.459999
0.570422,19.713333,18.466665
0.570824,19.753334,18.546667
0.571225,19.786665,18.466665
0.571626,19.766666,18.466665
0.572027,19.773333,18.493332
0.572429,19.719999,18.426666
0.572830,19.826666,18.466665
0.573231,19.746666,18.580000
0.573632,19.713333,18.420000
0.574033,19.719999,18.453333
0.574435,19.693333,18.626665
0.574836,19.699999,18.459999
0.575237,19.706667,18.413334
0.575642,19.713333,18.420000
0.576043,19.713333,18.440001
0.576444,19.706667,18.406666
0.576845,19.659998,18.173334
0.577246,19.686666,18.379999
0.577648,19.726667,18.473331
0.578050,19.659998,18.393333
0.578451,19.679998,18.393333
0.578852,19.686666,18.400000
0.579253,19.713333,18.413334
0.579654,19.626667,18.386665
0.580056,19.760000,18.393333
0.580457,19.679998,18.400000
0.580858,19.793333,18.400000
0.581260,19.626667,18.366667
0.581662,19.639999,18.273333
0.582064,19.666666,18.346666
0.582465,19.620001,18.379999
0.582866,19.620001,18.346666
0.583267,19.620001,18.346666
0.583669,19.613333,18.526667
0.584070,19.593332,18.346666
0.584471,19.626667,18.406666
0.584873,19.620001,18.313334
0.585274,19.600000,18.260000
0.585675,19.586666,18.346666
0.586077,19.586666,18.313334
0.586479,19.593332,18.326666
0.586880,19.566666,18.320000
0.587281,19.559999,18.313334
0.587682,19.546665,18.293333
0.588084,19.566666,18.313334
0.588486,19.593332,18.273333
0.588887,19.513332,18.333332
0.589289,19.546665,18.273333
0.589690,19.433332,18.273333
0.590091,19.553333,18.326666
0.590493,19.379999,18.226665
0.590894,19.500000,18.253332
0.591296,19.526665,18.253332
0.591697,19.466667,18.260000
0.592098,19.480000,18.313334
0.592499,19.526665,18.233332
0.592900,19.453333,18.206665
0.593302,19.446667,18.219999
0.593704,19.459999,18.219999
0.594106,19.466667,18.206665
0.594507,19.486668,18.226665
0.594909,19.459999,18.213333
0.595310,19.426666,18.199999
0.595711,19.406666,18.180000
0.596112,19.433332,18.186666
0.596513,19.400000,18.173334
0.596914,19.420000,18.273333
0.597316,19.379999,18.153334
0.597718,19.400000,18.093332
0.598120,19.379999,18.213333
0.598522,19.306665,18.126667
0.598923,19.353334,18.160000
0.599324,19.373333,18.160000
0.599725,19.360001,18.106667
0.600126,19.360001,18.139999
0.600527,19.346666,18.139999
0.600928,19.340000,18.119999
0.601329,19.346666,18.126667
0.601730,19.293333,18.126667
0.602131,19.366667,18.046667
0.602533,19.299999,18.086666
0.602936,19.313334,17.926666
0.603337,19.286665,18.046667
0.603739,19.306665,17.966665
0.604140,19.279999,18.046667
0.604542,19.279999,18.020000
0.604943,19.279999,18.079998
0.605344,19.253332,18.033333
0.605746,19.346666,18.020000
0.606147,19.293333,17.986666
0.606549,19.253332,18.013332
0.606951,19.160000,18.006666
0.607352,19.206667,17.993332
0.607753,19.226667,17.966665
0.608154,19.193333,18.040001
0.608555,19.180000,17.953333
0.608957,19.186666,17.953333
0.609358,19.193333,17.959999
0.609760,19.173332,17.959999
0.610161,19.186666,17.939999
0.610563,19.173332,17.953333
0.610964,19.153332,17.893333
0.611365,19.100000,17.926666
0.611767,19.086666,17.886667
0.612169,19.113333,17.840000
0.612571,19.119999,17.906668
0.612974,19.093334,17.879999
0.613376,19.080000,17.886667
0.613777,19.046667,17.846666
0.614178,19.073334,17.813332
0.614579,19.059999,17.859999
0.614980,19.113333,17.859999
0.615382,18.986666,17.886667
0.615783,19.033333,17.813332
0.616184,19.033333,17.840000
0.616585,18.993332,17.813332
0.616986,19.019999,17.806665
0.617388,18.993332,17.799999
0.617789,18.986666,17.959999
0.618190,18.986666,17.793333
0.618591,18.980000,17.753334
0.618993,18.960001,17.706665
0.619395,18.920000,17.746666
0.619796,18.926666,17.746666
0.620198,18.886665,17.733334
0.620599,18.926666,17.746666
0.621000,18.893333,17.733334
0.621402,18.893333,17.719999
0.621803,18.853333,17.686666
0.622204,18.886665,17.619999
0.622606,18.820000,17.746666
0.623007,18.846666,17.473333
0.623409,18.846666,17.693333
0.623810,18.833334,17.606667
0.624211,18.840000,17.686666
0.624613,18.820000,17.619999
0.625014,18.799999,17.539999
0.625415,18.766666,17.526667
0.625816,18.773333,17.539999
0.626217,18.766666,17.533333
0.626619,18.759998,17.500000
0.627020,18.779999,17.539999
0.627422,18.746666,17.506666
0.627823,18.726665,17.539999
0.628225,18.706667,17.593332
0.628626,18.706667,17.500000
0.629027,18.719999,17.486666
0.629429,18.680000,17.526667
0.629830,18.666666,17.473333
0.630232,18.619999,17.426666
0.630633,18.726665,17.473333
0.631034,18.626665,17.433332
0.631435,18.586666,17.453333
0.631836,18.613333,17.373333
0.632237,18.580000,17.426666
0.632642,18.593332,17.406666
0.633044,18.559999,17.206667
0.633445,18.566668,17.380001
0.633846,18.599998,17.380001
0.634247,18.553333,17.346666
0.634648,18.493332,17.340000
0.635049,18.520000,17.333332
0.635450,18.526667,17.333332
0.635851,18.493332,17.240000
0.636253,18.500000,17.333332
0.636655,18.466665,17.253334
0.637057,18.486666,17.346666
0.637458,18.453333,17.473333
0.637860,18.453333,17.293333
0.638262,18.433334,17.266666
0.638664,18.420000,17.233334
0.639065,18.400000,17.240000
0.639466,18.333332,17.260000
0.639867,18.353333,17.126667
0.640269,18.366667,17.473333
0.640671,18.346666,17.186666
0.641073,18.353333,17.186666
0.641475,18.326666,17.186666
0.641877,18.326666,17.173332
0.642278,18.293333,17.219999
0.642679,18.293333,17.120001
0.643080,18.280001,17.120001
0.643482,18.246666,17.133333
0.643883,18.266666,17.080000
0.644284,18.246666,17.106667
0.644685,18.206665,17.080000
0.645087,18.299999,17.053333
0.645489,18.199999,17.039999
0.645890,18.180000,17.039999
0.646291,18.186666,17.133333
0.646693,18.173334,16.993334
0.647094,18.153334,17.206667
0.647496,18.160000,17.073334
0.647897,18.133333,17.026665
0.648298,18.086666,16.959999
0.648700,18.119999,16.973333
0.649101,18.166666,16.953333
0.649502,17.966665,16.900000
0.649904,18.053333,16.920000
0.650305,18.053333,16.906666
0.650706,18.040001,16.913332
0.651107,18.006666,16.900000
0.651509,18.026667,16.900000
0.651910,18.006666,16.860001
0.652311,17.993332,16.860001
0.652712,17.959999,16.853334
0.653113,17.893333,16.833334
0.653514,17.939999,16.826666
0.653916,17.900000,16.793333
0.654317,17.920000,16.833334
0.654718,17.920000,16.806665
0.655120,17.886667,16.726667
0.655522,18.099998,16.759998
0.655923,17.886667,16.846666
0.656324,17.873333,16.759998
0.656725,17.840000,16.726667
0.657127,17.746666,16.733334
0.657528,17.826666,16.700001
0.657929,17.806665,16.700001
0.658330,17.793333,16.693333
0.658731,17.753334,16.653332
0.659132,17.753334,16.653332
0.659534,17.733334,16.619999
0.659936,17.719999,16.633331
0.660337,17.706665,16.593334
0.660739,17.693333,16.533333
0.661141,17.686666,16.600000
0.661543,17.633333,16.559999
0.661944,17.639999,16.486666
0.662346,17.573332,16.506666
0.662747,17.660000,16.526667
0.663148,17.593332,16.466667
0.663549,17.466665,16.566666
0.663951,17.573332,16.480000
0.664352,17.539999,16.373333
0.664753,17.520000,16.433332
0.665154,17.486666,16.420000
0.665557,17.493334,16.420000
0.665959,17.480000,16.400000
0.666360,17.453333,16.379999
0.666762,17.439999,16.359999
0.667164,17.453333,16.340000
0.667566,17.433332,16.286667
0.667968,17.400000,16.273333
0.668369,17.366667,16.273333
0.668770,17.366667,16.279999
0.669172,17.400000,16.213333
0.669573,17.353333,16.180000
0.669974,17.340000,16.219999
0.670376,17.306665,16.213333
0.670777,17.299999,16.160000
0.671178,17.266666,16.166666
0.671579,17.266666,16.106665
0.671980,17.233334,16.126665
0.672382,17.346666,16.086666
0.672785,17.260000,16.073334
0.673186,17.206667,16.093332
0.673587,17.086666,16.099998
0.673988,17.179998,16.026667
0.674390,17.139999,16.013332
0.674791,17.139999,16.013332
0.675192,17.120001,16.000000
0.675593,17.106667,16.240000
0.675994,17.113333,15.933333
0.676395,17.053333,15.926666
0.676796,17.053333,15.940000
0.677199,17.106667,15.960000
0.677600,17.026665,15.913334
0.678001,16.973333,15.893333
0.678403,16.986668,15.806666
0.678805,16.973333,15.860000
0.679206,16.966667,15.826667
0.679608,16.953333,15.786667
0.680010,16.933332,15.753332
0.680412,16.933332,15.760000
0.680814,16.873333,15.886665
0.681215,16.893332,15.813333
0.681618,16.866667,15.693334
0.682019,16.846666,15.700000
0.682422,16.853334,15.686666
0.682823,16.806665,15.646666
0.683224,16.826666,15.633333
0.683625,16.799999,15.653334
0.684027,16.740000,15.593333
0.684429,16.779999,15.546666
0.684830,16.766666,15.573333
0.685231,16.746666,15.560000
0.685632,16.680000,15.540000
0.686034,16.719999,15.533333
0.686436,16.680000,15.513332
0.686837,16.666666,15.460000
0.687239,16.686666,15.433333
0.687640,16.619999,15.506666
0.688041,16.606667,15.433333
0.688443,16.619999,15.453334
0.688844,16.573334,15.306666
0.689246,16.519999,15.406667
0.689647,16.473333,15.359999
0.690048,16.480000,15.326667
0.690450,16.519999,15.393333
0.690851,16.473333,15.306666
0.691253,16.460001,15.293332
0.691655,16.440001,15.273333
0.692056,16.440001,15.253334
0.692457,16.400000,15.246666
0.692858,16.379999,15.219999
0.693260,16.333334,15.179999
0.693661,16.320000,15.139999
0.694062,16.306667,15.119999
0.694464,16.286667,15.153333
0.694865,16.273333,15.119999
0.695266,16.246666,15.086666
0.695668,16.186666,15.060000
0.696069,16.186666,14.953333
0.696470,16.200001,14.953333
0.696871,16.173334,14.953333
0.697272,16.153334,14.860001
0.697674,16.080000,15.119999
0.698075,16.080000,14.953333
0.698477,16.020000,14.873333
0.698878,16.066668,14.873333
0.699280,16.046667,14.873333
0.699681,16.013332,14.846666
0.700082,16.000000,14.860001
0.700484,15.973332,14.840000
0.700885,15.960000,14.800000
0.701286,16.000000,14.793334
0.701687,15.886665,14.733334
0.702089,15.906666,14.693333
0.702490,15.873333,14.746666
0.702891,15.906666,14.766665
0.703293,15.833333,14.659999
0.703695,15.799999,14.733334
0.704096,15.786667,14.659999
0.704497,15.766666,14.600000
0.704898,15.806666,14.606667
0.705299,15.700000,14.633332
0.705700,15.653334,14.600000
0.706102,15.693334,14.520000
0.706504,15.766666,14.520000
0.706905,15.693334,14.520000
0.707307,15.626667,14.513333
0.707709,15.579999,14.473333
0.708110,15.520000,14.446667
0.708512,15.553332,14.439999
0.708913,15.533333,14.340000
0.709315,15.513332,14.373332
0.709716,15.500000,14.386666
0.710118,15.486666,14.360000
0.710519,15.446666,14.326666
0.710920,15.413333,14.280000
0.711321,15.386667,14.286666
0.711722,15.386667,14.266667
0.712123,15.346666,14.253333
0.712525,15.359999,14.200001
0.712926,15.320001,14.200001
0.713327,15.280000,14.233333
0.713728,15.300000,14.173332
0.714130,15.253334,14.180000
0.714531,15.386667,14.113334
0.714932,15.193334,14.160000
0.715334,15.219999,14.106666
0.715735,15.173333,14.086666
0.716136,15.119999,14.020000
0.716538,15.133333,14.053333
0.716939,15.126667,14.020000
0.717340,15.073333,13.946667
0.717741,15.013333,13.993333
0.718143,14.953333,13.940001
0.718544,14.946667,13.820000
0.718945,14.953333,13.900000
0.719346,14.926667,13.813334
0.719748,14.919999,13.873334
0.720149,14.853333,13.833333
0.720551,14.866667,13.793333
0.720952,14.866667,13.820000
0.721353,14.853333,13.820000
0.721754,14.646667,13.733333
0.722155,14.786666,13.746667
0.722557,14.820000,13.700000
0.722958,14.746666,13.786667
0.723360,14.719999,13.653334
0.723761,14.693333,13.593333
0.724163,14.686666,13.646666
0.724565,14.646667,13.686666
0.724966,14.613333,13.573333
0.725368,14.640000,13.620000
0.725769,14.586666,13.553333
0.726171,14.573334,13.559999
0.726572,14.606667,13.500000
0.726973,14.493333,13.500000
0.727376,14.506667,13.460000
0.727777,14.499999,13.466666
0.728178,14.466667,13.320000
0.728579,14.420000,13.433333
0.728982,14.366666,13.393333
0.729383,14.360000,13.386665
0.729784,14.333334,13.333333
0.730185,14.360000,13.333333
0.730586,14.313334,13.300000
0.730989,14.299999,13.226666
0.731390,14.299999,13.333333
0.731791,14.246667,13.206666
0.732193,14.233333,13.206666
0.732594,14.193333,13.200000
0.732995,14.186666,13.179999
0.733396,14.186666,13.206666
0.733797,14.173332,13.133333
0.734198,14.080000,13.120000
0.734599,13.993333,13.133333
0.735000,14.080000,13.093333
0.735403,14.046667,13.059999
0.735805,14.033333,13.013333
0.736206,14.073334,12.940000
0.736607,14.020000,13.000000
0.737009,13.933332,12.946667
0.737410,13.913332,12.940000
0.737812,13.900000,12.946667
0.738214,13.846665,12.919999
0.738616,13.866666,12.866666
0.739017,13.853333,12.906667
0.739418,13.813334,12.793333
0.739820,13.799999,12.860000
0.740221,13.793333,12.820000
0.740623,13.733333,12.799999
0.741024,13.833333,12.740000
0.741426,13.700000,12.733333
0.741829,13.680000,12.733333
0.742230,13.646666,12.733333
0.742632,13.639999,12.686666
0.743033,13.606666,12.626667
0.743435,13.826666,12.586666
0.743837,13.513332,12.580000
0.744239,13.493333,12.553333
0.744640,13.526667,12.566667
0.745041,13.486667,12.613333
0.745443,13.486667,12.520000
0.745844,13.406666,12.459999
0.746245,13.413334,12.513333
0.746646,13.379999,12.433333
0.747047,13.406666,12.426666
0.747449,13.413334,12.400000
0.747850,13.300000,12.366667
0.748251,13.326666,12.406666
0.748653,13.246666,12.360000
0.749055,13.259999,12.280000
0.749457,13.226666,12.326666
0.749858,13.200000,12.246667
0.750259,13.186666,12.246667
0.750660,13.133333,12.246667
0.751061,13.186666,12.246667
0.751463,13.106667,12.193333
0.751864,13.086667,12.139999
0.752266,13.086667,12.126666
0.752668,13.020000,12.146667
0.753069,13.013333,12.053333
0.753470,13.040000,12.066666
0.753873,12.993333,12.033333
0.754275,13.066667,11.973333
0.754677,12.873333,11.973333
0.755079,12.933333,11.980000
0.755480,12.906667,11.906667
0.755882,12.780000,11.946667
0.756284,12.766666,11.879999
0.756686,12.760000,11.873333
0.757087,12.686666,11.846666
0.757488,12.760000,11.820000
0.757889,12.746666,11.813333
0.758290,12.719999,11.786667
0.758691,12.640000,11.766666
0.759092,12.653333,11.720000
0.759494,12.633333,11.726666
0.759895,12.566667,11.693333
0.760296,12.573334,11.679999
0.760698,12.533333,11.640000
0.761099,12.480000,11.599999
0.761500,12.506667,11.606667
0.761902,12.526666,11.573333
0.762303,12.500000,11.539999
0.762704,12.426666,11.539999
0.763105,12.420000,11.506666
0.763507,12.406666,11.480000
0.763908,12.366667,11.426666
0.764309,12.380000,11.446667
0.764711,12.266666,11.420000
0.765112,12.153333,11.420000
0.765513,12.253333,11.346666
0.765914,12.213333,11.339999
0.766315,12.219999,11.360000
0.766716,12.193333,11.219999
0.767119,12.133333,11.266666
0.767520,12.113334,11.240000
0.767922,12.073333,11.219999
0.768324,12.059999,11.193334
0.768726,12.059999,11.193334
0.769127,12.026667,11.133333
0.769528,12.013333,11.133333
0.769929,11.946667,11.113334
0.770330,11.940000,11.099999
0.770731,11.866666,11.006666
0.771132,11.879999,10.933333
0.771533,11.853333,11.020000
0.771936,11.879999,10.986667
0.772337,11.853333,11.006666
0.772739,11.826667,10.960000
0.773140,11.846666,10.960000
0.773542,11.733333,10.873333
0.773945,11.720000,10.893332
0.774347,11.706667,10.840000
0.774748,11.713333,10.840000
0.775149,11.666666,10.840000
0.775551,11.640000,10.840000
0.775952,11.686666,10.766666
0.776353,11.606667,10.746666
0.776754,11.559999,10.673333
0.777156,11.539999,10.553332
0.777558,11.493333,10.740000
0.777959,11.460000,10.626666
0.778361,11.366667,10.660000
0.778762,11.433333,10.606667
0.779164,11.413333,10.600000
0.779565,11.393333,10.566667
0.779967,11.353333,10.553332
0.780368,11.360000,10.400000
0.780770,11.339999,10.506666
0.781171,11.193334,10.413333
0.781572,11.280000,10.460000
0.781975,11.233333,10.426666
0.782376,11.193334,10.413333
0.782777,11.186666,10.353333
0.783178,11.160000,10.346666
0.783579,11.139999,10.320000
0.783980,11.139999,10.326667
0.784382,11.086666,10.260000
0.784783,11.033333,10.286666
0.785185,11.020000,10.260000
0.785586,11.006666,10.200000
0.785987,11.013332,10.106667
0.786388,10.926667,10.153333
0.786789,10.900000,10.133333
0.787190,10.913333,10.099999
0.787592,10.926667,10.073334
0.787993,10.840000,10.140000
0.788395,10.813333,10.053333
0.788798,10.800000,9.973333
0.789200,10.879999,9.966666
0.789601,10.766666,9.966666
0.790003,10.720000,9.953333
0.790404,10.686666,9.959999
0.790806,10.679999,9.906666
0.791207,10.673333,9.893332
0.791608,10.626666,9.886666
0.792009,10.633333,9.860000
0.792410,10.566667,9.800000
0.792811,10.566667,9.786667
0.793212,10.533334,9.773333
0.793613,10.480000,9.719999
0.794014,10.433333,9.693333
0.794415,10.513333,9.733334
0.794816,10.426666,9.693333
0.795217,10.400000,9.460000
0.795618,10.340000,9.793333
0.796019,10.366666,9.713333
0.796420,10.333333,9.613334
0.796822,10.293333,9.526667
0.797224,10.240000,9.533333
0.797626,10.286666,9.586666
0.798027,10.346666,9.480000
0.798429,10.040000,9.346666
0.798830,10.153333,9.346666
0.799231,10.146667,9.346666
0.799633,10.146667,9.346666
0.800034,10.126667,9.346666
0.800436,10.140000,9.280000
0.800837,10.093333,9.293333
0.801239,10.046666,9.266666
0.801641,9.993333,9.273334
0.802042,10.013333,9.246666
0.802443,9.966666,9.020000
0.802844,9.920000,9.160000
0.803246,10.059999,9.193333
0.803647,9.906666,9.146667
0.804048,9.880000,9.126666
0.804450,9.933333,9.093333
0.804851,9.793333,9.066667
0.805253,9.800000,9.073333
0.805654,9.866667,9.013333
0.806056,9.726666,8.973332
0.806458,9.719999,8.913333
0.806859,9.626666,8.953334
0.807261,9.653333,8.913333
0.807662,9.646667,8.920000
0.808063,9.606667,8.880000
0.808465,9.606667,8.820000
0.808868,9.606667,8.873333
0.809270,9.533333,8.793333
0.809672,9.526667,8.760000
0.810073,9.520000,8.746667
0.810475,9.400000,8.740000
0.810876,9.400000,8.700000
0.811278,9.346666,8.700000
0.811679,9.433332,8.666666
0.812081,9.333333,8.626667
0.812483,9.326667,8.606667
0.812885,9.266666,8.579999
0.813287,9.273334,8.573333
0.813689,9.266666,8.393332
0.814090,9.226666,8.566667
0.814491,9.220000,8.506666
0.814893,9.120000,8.493334
0.815294,9.246666,8.286667
0.815695,9.099999,8.400000
0.816097,9.120000,8.393332
0.816498,9.086667,8.393332
0.816900,8.986667,8.360000
0.817302,9.006666,8.300000
0.817703,8.993333,8.313333
0.818105,8.980000,8.306666
0.818506,8.940000,8.286667
0.818907,8.913333,8.240000
0.819309,8.880000,8.206666
0.819711,8.906666,8.200000
0.820112,8.833333,8.179999
0.820513,8.806666,8.153334
0.820914,8.793333,8.126666
0.821315,8.700000,8.126666
0.821717,8.733333,8.113333
0.822118,8.719999,7.946667
0.822520,8.673333,7.920000
0.822922,8.700000,7.880000
0.823324,8.626667,7.993333
0.823725,8.593333,7.960000
0.824126,8.593333,7.960000
0.824528,8.573333,7.880000
0.824929,8.546666,7.880000
0.825330,8.546666,7.860000
0.825731,8.493334,7.846667
0.826133,8.413333,7.813334
0.826534,8.440000,7.793334
0.826936,8.473333,7.786666
0.827337,8.400000,7.766666
0.827739,8.373333,7.753333
0.828140,8.280000,7.686666
0.828542,8.340000,7.693334
0.828943,8.293333,7.640000
0.829344,8.353333,7.633333
0.829746,8.246666,7.620000
0.830147,8.213333,7.513333
0.830548,8.206666,7.553333
0.830949,8.206666,7.546666
0.831352,8.059999,7.513333
0.831754,8.253333,7.506667
0.832155,8.226666,7.466667
0.832557,8.073333,7.440000
0.832959,8.046666,7.433333
0.833360,8.006666,7.380000
0.833762,8.000000,7.420000
0.834163,7.946667,7.340000
0.834564,8.020000,7.300000
0.834967,7.933333,7.340000
0.835368,7.886666,7.293333
0.835770,7.866666,7.253334
0.836172,7.800000,7.233334
0.836573,7.813334,7.200000
0.836974,7.786666,7.173333
0.837376,7.793334,7.166667
0.837777,7.720000,7.160000
0.838178,7.726667,7.153333
0.838579,7.693334,7.106667
0.838980,7.673333,7.073333
0.839382,7.653333,7.046667
0.839783,7.633333,7.080000
0.840184,7.613333,7.113333
0.840585,7.593334,6.986666
0.840987,7.546666,6.973333
0.841389,7.566667,6.926667
0.841791,7.493333,6.900000
0.842192,7.480000,6.886666
0.842593,7.433333,6.866666
0.842994,7.473333,6.840000
0.843396,7.406666,6.813333
0.843797,7.353333,6.813333
0.844198,7.340000,6.800000
0.844599,7.326666,6.740000
0.845002,7.360000,6.740000
0.845403,7.306666,6.713333
0.845804,7.333333,6.693333
0.846205,7.226666,6.673334
0.846606,7.280000,6.640000
0.847009,7.186666,6.680000
0.847410,7.166667,6.546667
0.847811,7.153333,6.546667
0.848212,7.153333,6.500000
0.848614,7.073333,6.520000
0.849016,7.073333,6.466667
0.849417,7.026667,6.726666
0.849818,7.000000,6.413333
0.850219,6.986666,6.406667
0.850621,6.986666,6.193333
0.851023,6.946667,6.373333
0.851424,6.900000,6.400000
0.851827,6.900000,6.346667
0.852228,6.880000,6.326666
0.852629,6.800000,6.260000
0.853031,6.840000,6.280000
0.853433,6.820000,6.306666
0.853834,6.793334,6.220000
0.854235,6.806667,6.153333
0.854637,6.706667,6.206666
0.855039,6.700000,6.133333
0.855440,6.686666,6.153333
0.855842,6.673334,6.113333
0.856244,6.626667,5.906666
0.856645,6.626667,6.266666
0.857046,6.626667,6.033333
0.857448,6.520000,6.033333
0.857849,6.493333,5.993333
0.858250,6.493333,5.973333
0.858651,6.466667,5.940000
0.859052,6.446667,5.933333
0.859453,6.406667,5.926667
0.859855,6.406667,5.886667
0.860256,6.373333,5.853333
0.860658,6.340000,5.760000
0.861059,6.340000,5.840000
0.861461,6.240000,5.760000
0.861862,6.300000,5.766666
0.862264,6.200000,5.713333
0.862666,6.220000,5.746666
0.863068,6.213333,5.746666
0.863470,6.166667,5.760000
0.863871,6.193333,5.673333
0.864272,6.193333,5.613333
0.864674,6.180000,5.706666
0.865075,6.106667,5.613333
0.865477,6.093333,5.580000
0.865878,6.060000,5.573333
0.866279,6.033333,5.539999
0.866681,6.026667,5.520000
0.867082,6.000000,5.520000
0.867484,5.940000,5.486667
0.867885,5.940000,5.473333
0.868287,5.926667,5.406666
0.868688,5.886667,5.386667
0.869089,5.873333,5.413333
0.869490,5.840000,5.380000
0.869891,5.773333,5.366667
0.870293,5.840000,5.320000
0.870695,5.773333,5.286666
0.871096,5.806666,5.306666
0.871498,5.726667,5.293334
0.871900,5.666667,5.240000
0.872301,5.693333,5.400000
0.872703,5.673333,5.240000
0.873104,5.653333,5.180000
0.873505,5.613333,5.146667
0.873907,5.593333,5.146667
0.874308,5.580000,5.120000
0.874709,5.573333,5.113333
0.875110,5.520000,5.073333
0.875511,5.520000,5.046667
0.875912,5.526667,5.060000
0.876314,5.473333,5.026667
0.876716,5.426667,4.993333
0.877117,5.426667,4.980000
0.877518,5.406666,4.966667
0.877919,5.400000,4.946666
0.878321,5.320000,4.906667
0.878722,5.333333,4.793333
0.879123,5.333333,4.980000
0.879525,5.300000,4.866667
0.879926,5.266667,4.813333
0.880327,5.246666,4.813333
0.880729,5.220000,4.773334
0.881130,5.266667,4.786666
0.881531,5.180000,4.760000
0.881934,5.180000,4.713333
0.882336,5.146667,4.713333
0.882737,5.106667,4.700000
0.883138,5.086667,4.660000
0.883539,5.073333,4.633333
0.883940,5.060000,4.606667
0.884341,5.040000,4.593333
0.884742,5.013333,4.606667
0.885143,5.000000,4.493333
0.885544,4.973333,4.660000
0.885946,4.946666,4.480000
0.886347,4.893333,4.526667
0.886749,4.893333,4.506667
0.887150,4.880000,4.480000
0.887551,4.873333,4.446667
0.887952,4.846666,4.400000
0.888353,4.826666,4.393333
0.888754,4.740000,4.446667
0.889155,4.786666,4.346667
0.889556,4.773334,4.380000
0.889957,4.813333,4.360000
0.890358,4.600000,4.346667
0.890760,4.746666,4.293333
0.891161,4.753333,4.293333
0.891562,4.633333,4.253333
0.891963,4.653333,4.233333
0.892364,4.613333,4.186666
0.892765,4.580000,4.206666
0.893166,4.566667,4.160000
0.893568,4.533333,4.180000
0.893969,4.533333,4.206666
0.894370,4.493333,4.113333
0.894772,4.506667,4.100000
0.895174,4.593333,4.140000
0.895576,4.440000,4.040000
0.895978,4.440000,4.053333
0.896379,4.386666,4.013333
0.896780,4.293333,4.020000
0.897181,4.360000,4.046667
0.897583,4.326666,3.986666
0.897984,4.246667,3.980000
0.898385,4.293333,3.926666
0.898787,4.266666,3.926666
0.899188,4.266666,3.926666
0.899589,4.266666,3.886667
0.899990,4.233333,3.906667
0.900391,4.206666,3.853333
0.900792,4.180000,3.720000
0.901193,4.173333,3.746666
0.901594,4.146667,3.746666
0.901995,4.146667,3.813334
0.902396,4.120000,3.720000
0.902797,4.240000,3.673333
0.903199,4.086667,3.600000
0.903600,4.046667,3.686666
0.904001,4.020000,3.653333
0.904403,4.066667,3.620000
0.904804,3.980000,3.653333
0.905207,4.000000,3.600000
0.905609,3.853333,3.613333
0.906010,4.013333,3.573333
0.906411,3.966667,3.560000
0.906812,3.953333,3.573333
0.907213,3.893333,3.486667
0.907615,3.880000,3.500000
0.908016,3.800000,3.593333
0.908417,3.820000,3.486667
0.908818,3.826667,3.466666
0.909219,3.780000,3.433333
0.909621,3.740000,3.386667
0.910022,3.720000,3.346666
0.910423,3.706666,3.366667
0.910824,3.646667,3.373333
0.911226,3.700000,3.380000
0.911627,3.660000,3.313333
0.912029,3.633333,3.340000
0.912430,3.593333,3.326667
0.912831,3.580000,3.226667
0.913233,3.533333,3.220000
0.913635,3.580000,3.253333
0.914036,3.666667,3.200000
0.914437,3.513333,3.173333
0.914839,3.486667,3.213333
0.915240,3.473333,3.200000
0.915641,3.466666,3.280000
0.916042,3.440000,3.133333
0.916444,3.413333,3.100000
0.916845,3.393333,3.106667
0.917246,3.373333,3.080000
0.917648,3.360000,3.033333
0.918049,3.340000,3.040000
0.918451,3.326667,3.013333
0.918854,3.313333,3.006667
0.919255,3.326667,3.013333
0.919657,3.313333,3.013333
0.920058,3.260000,2.960000
0.920460,3.233333,2.980000
0.920862,3.206667,2.820000
0.921263,3.226667,2.920000
0.921664,3.213333,2.893333
0.922065,3.166667,2.860000
0.922466,3.146667,2.860000
0.922867,3.080000,2.800000
0.923268,3.026667,2.800000
0.923670,3.120000,2.800000
0.924071,3.106667,2.793333
0.924472,3.060000,2.760000
0.924873,3.060000,2.760000
0.925274,3.040000,2.733333
0.925676,3.020000,2.760000
0.926077,3.000000,2.713333
0.926478,2.973333,2.693333
0.926879,2.966666,2.700000
0.927281,2.953333,2.646667
0.927683,2.913333,2.640000
0.928085,2.926667,2.620000
0.928486,2.933333,2.633333
0.928887,2.753333,2.613333
0.929289,2.873333,2.593333
0.929691,2.840000,2.520000
0.930092,2.866667,2.560000
0.930494,2.900000,2.526667
0.930895,2.766667,2.660000
0.931296,2.786667,2.453333
0.931698,2.760000,2.513333
0.932099,2.733333,2.513333
0.932500,2.753333,2.460000
0.932901,2.706666,2.433333
0.933302,2.680000,2.433333
0.933704,2.680000,2.400000
0.934105,2.653333,2.400000
0.934507,2.640000,2.413333
0.934909,2.673333,2.366667
0.935310,2.586667,2.360000
0.935711,2.606667,2.340000
0.936112,2.593333,2.293333
0.936513,2.586667,2.340000
0.936914,2.493333,2.260000
0.937315,2.546667,2.266667
0.937717,2.520000,2.260000
0.938118,2.486667,2.280000
0.938519,2.500000,2.173333
0.938920,2.460000,2.093333
0.939321,2.433333,2.206667
0.939722,2.553333,2.180000
0.940124,2.426666,2.153333
0.940525,2.400000,2.160000
0.940926,2.420000,2.120000
0.941328,2.353333,2.140000
0.941729,2.373333,2.100000
0.942131,2.360000,2.086667
0.942533,2.340000,2.093333
0.942934,2.320000,2.080000
0.943335,2.273333,2.066667
0.943737,2.280000,2.066667
0.944138,2.266667,2.013333
0.944539,2.200000,2.033333
0.944942,2.246667,1.966667
0.945343,2.240000,2.006667
0.945744,2.206667,1.973333
0.946145,2.213333,1.920000
0.946547,2.233333,1.953333
0.946949,2.180000,1.940000
0.947350,2.166667,1.906667
0.947751,2.086667,1.906667
0.948154,2.173333,1.880000
0.948556,2.120000,1.880000
0.948957,2.106667,1.906667
0.949358,2.046667,1.880000
0.949759,2.080000,1.833333
0.950160,2.053333,1.806667
0.950561,2.033333,1.793333
0.950963,2.013333,1.820000
0.951364,2.000000,1.800000
0.951765,2.006667,1.793333
0.952166,1.980000,1.813333
0.952568,1.946667,2.046667
0.952969,1.906667,1.813333
0.953370,1.953333,1.753333
0.953771,1.906667,1.626667
0.954173,1.906667,1.706667
0.954574,1.893333,1.673333
0.954975,1.866667,1.646667
0.955377,1.913333,1.680000
0.955778,1.753333,1.606667
0.956179,1.846667,1.706667
0.956580,1.913333,1.633333
0.956981,1.813333,1.713333
0.957382,1.793333,1.600000
0.957783,1.793333,1.586667
0.958184,1.726667,1.573333
0.958585,1.753333,1.560000
0.958986,1.766667,1.546667
0.959389,1.740000,1.520000
0.959790,1.706667,1.540000
0.960191,1.720000,1.520000
0.960592,1.713333,1.533333
0.960993,1.706667,1.513333
0.961395,1.653333,1.526667
0.961796,1.666667,1.513333
0.962197,1.633333,1.406667
0.962599,1.660000,1.480000
0.963000,1.533333,1.406667
0.963402,1.580000,1.386667
0.963803,1.606667,1.400000
0.964204,1.460000,1.393333
0.964606,1.593333,1.226667
0.965007,1.506667,1.333333
0.965409,1.560000,1.313333
0.965811,1.320000,1.346667
0.966212,1.520000,1.300000
0.966615,1.513333,1.320000
0.967016,1.493333,1.333333
0.967417,1.433333,1.300000
0.967818,1.466667,1.300000
0.968219,1.453333,1.260000
0.968621,1.480000,1.240000
0.969023,1.426667,1.280000
0.969424,1.706667,1.266667
0.969825,1.346667,1.266667
0.970226,1.400000,1.220000
0.970628,1.373333,1.213333
0.971029,1.373333,1.206667
0.971430,1.346667,1.220000
0.971831,1.326667,1.166667
0.972232,1.366667,1.186667
0.972633,1.360000,1.066667
0.973034,1.320000,1.180000
0.973437,1.260000,1.120000
0.973838,1.300000,1.133333
0.974240,1.286667,1.126667
0.974642,1.280000,1.053333
0.975043,1.266667,1.053333
0.975444,1.253333,1.206667
0.975845,1.246667,1.206667
0.976247,1.220000,1.053333
0.976648,1.240000,1.073333
0.977050,1.220000,1.026667
0.977451,1.206667,1.033333
0.977852,1.180000,1.060000
0.978253,1.180000,1.026667
0.978654,1.153333,0.966667
0.979057,1.146667,1.020000
0.979458,1.120000,0.946667
0.979860,1.153333,0.960000
0.980261,1.093333,0.960000
0.980663,1.166667,0.946667
0.981064,1.113333,0.953333
0.981465,1.093333,0.960000
0.981866,1.153333,0.946667
0.982267,1.073333,0.946667
0.982669,1.073333,0.946667
0.983071,1.033333,0.946667
0.983472,1.020000,0.946667
0.983873,1.040000,0.946667
0.984275,1.020000,0.946667
0.984677,1.020000,0.946667
0.985079,1.033333,0.946667
0.985480,1.013333,0.946667
0.985881,1.000000,0.946667
0.986282,0.986667,0.946667
0.986683,0.980000,0.946667
0.987084,0.960000,0.946667
0.987485,0.980000,0.946667
0.987886,0.946667,0.946667
0.988287,0.946667,0.946667
0.988688,0.953333,0.946667
0.989089,0.946667,0.946667
0.989491,0.946667,0.946667
0.989892,1.020000,0.946667
0.990293,0.946667,0.946667
0.990694,0.946667,0.946667
0.991095,0.946667,0.946667
0.991497,0.946667,0.946667
0.991898,0.946667,0.946667
0.992299,0.946667,0.946667
0.992700,0.946667,0.946667
0.993101,0.946667,0.946667
0.993503,0.946667,0.946667
0.993905,0.946667,0.946667
0.994307,0.946667,0.946667
0.994709,0.946667,0.946667
0.995111,0.946667,0.946667
0.995513,0.946667,0.946667
0.995914,0.946667,0.946667
0.996316,0.946667,0.946667
0.996717,0.946667,0.946667
0.997120,0.946667,0.946667
0.997522,0.946667,0.946667
0.997923,0.946667,0.946667
0.998324,0.946667,0.946667
0.998725,0.946667,0.946667
0.999127,0.946667,0.946667
0.999529,0.946667,0.946667
0.999930,0.946667,0.946667
1.000333,0.946667,0.946667
1.000735,0.946667,0.946667
1.001137,0.946667,0.946667
1.001538,0.946667,0.946667
1.001939,0.946667,0.946667
1.002341,0.946667,0.946667
1.002742,0.946667,0.946667
1.003143,0.946667,0.946667
1.003545,0.946667,0.946667
1.003946,0.946667,0.946667
1.004347,0.946667,0.946667
1.004749,0.946667,0.946667
1.005150,0.946667,0.946667
1.005551,0.946667,0.946667
1.005954,0.946667,0.946667
1.006355,0.946667,0.946667
1.006757,0.946667,0.946667
1.007158,0.946667,0.946667
1.007559,0.946667,0.946667
1.007962,0.946667,0.946667
1.008364,0.946667,0.946667
1.008765,0.946667,0.946667
1.009166,0.946667,0.946667
1.009568,0.946667,0.946667
1.009971,0.946667,0.946667
1.010376,0.946667,0.946667
1.010777,0.946667,0.946667
1.011178,0.946667,0.946667
1.011580,0.946667,0.946667
1.011981,0.946667,0.946667
1.012382,0.946667,0.946667
1.012783,0.946667,0.946667
1.013185,0.946667,0.946667
1.013586,0.946667,0.946667
1.013989,0.946667,0.946667
1.014390,0.946667,0.946667
1.014791,0.946667,0.946667
1.015192,0.946667,0.946667
1.015593,0.946667,0.946667
1.015994,0.946667,0.946667
1.016396,0.946667,0.946667
1.016797,0.946667,0.946667
1.017198,0.946667,0.946667
1.017600,0.946667,0.946667
1.018003,0.946667,0.946667
1.018405,0.946667,0.946667
1.018807,0.946667,0.946667
1.019208,0.946667,0.946667
1.019611,0.946667,0.946667
1.020012,0.946667,0.946667
1.020414,0.946667,0.946667
1.020815,0.946667,0.946667
1.021216,0.946667,0.946667
1.021618,0.946667,0.946667
1.022019,0.946667,0.946667
1.022422,0.946667,0.946667
1.022823,0.946667,0.946667
1.023225,0.946667,0.946667
1.023627,0.946667,0.946667
1.024028,0.946667,0.946667
1.024429,0.946667,0.946667
1.024830,0.946667,0.946667
1.025231,0.946667,0.946667
1.025632,0.946667,0.946667
1.026033,0.946667,0.946667
1.026436,0.946667,0.946667
1.026838,0.946667,0.946667
1.027240,0.946667,0.946667
1.027641,0.946667,0.946667
1.028042,0.946667,0.946667
1.028444,0.946667,0.946667
1.028845,0.946667,0.946667
1.029246,0.946667,0.946667
1.029647,0.946667,0.946667
1.030049,0.946667,0.946667
1.030450,0.946667,0.946667
1.030851,0.946667,0.946667
1.031252,0.946667,0.946667
1.031653,0.946667,0.946667
1.032056,0.946667,0.946667
1.032458,0.946667,0.946667
1.032859,0.946667,0.946667
1.033261,0.946667,0.946667
1.033662,0.946667,0.946667
1.034063,0.946667,0.946667
1.034464,0.946667,0.946667
1.034865,0.946667,0.946667
1.035266,0.946667,0.946667
1.035668,0.946667,0.946667
1.036069,0.946667,0.946667
1.036471,0.946667,0.946667
1.036872,0.946667,0.946667
1.037273,0.946667,0.946667
1.037674,0.946667,0.946667
1.038077,0.946667,0.946667
1.038478,0.946667,0.946667
1.038881,0.946667,0.946667
1.039282,0.946667,0.946667
1.039684,0.946667,0.946667
1.040085,0.946667,0.946667
1.040486,0.946667,0.946667
1.040889,0.946667,0.946667
1.041290,0.946667,0.946667
1.041691,0.946667,0.946667
1.042092,0.946667,0.946667
1.042494,0.946667,0.946667
1.042896,0.946667,0.946667
1.043297,0.946667,0.946667
1.043698,0.946667,0.946667
1.044099,0.946667,0.946667
1.044500,0.946667,0.946667
1.044902,0.946667,0.946667
1.045304,0.946667,0.946667
1.045705,0.946667,0.946667
1.046106,0.946667,0.946667
1.046508,0.946667,0.946667
1.046909,0.946667,0.946667
1.047310,0.946667,0.946667
1.047712,0.946667,0.946667
1.048113,0.946667,0.946667
1.048515,0.946667,0.946667
1.048916,0.946667,0.946667
1.049317,0.946667,0.946667
1.049718,0.946667,0.946667
1.050119,0.946667,0.946667
1.050520,0.946667,0.946667
1.050921,0.946667,0.946667
1.051323,0.946667,0.946667
1.051725,0.946667,0.946667
1.052127,0.946667,0.946667
1.052529,0.946667,0.946667
1.052930,0.946667,0.946667
1.053333,0.946667,0.946667
1.053734,0.946667,0.946667
1.054136,0.946667,0.946667
1.054537,0.946667,0.946667
1.054938,0.946667,0.946667
1.055340,0.946667,0.946667
1.055742,0.946667,0.946667
1.056144,0.946667,0.946667
1.056545,0.946667,0.946667
1.056946,0.946667,0.946667
1.057347,0.946667,0.946667
1.057749,0.946667,0.946667
1.058150,0.946667,0.946667
1.058551,0.946667,0.946667
1.058952,0.946667,0.946667
1.059354,0.946667,0.946667
1.059756,0.946667,0.946667
1.060157,0.946667,0.946667
1.060558,0.946667,0.946667
1.060959,0.946667,0.946667
1.061361,0.946667,0.946667
1.061763,0.946667,0.946667
1.062164,0.946667,0.946667
1.062565,0.946667,0.946667
1.062966,0.946667,0.946667
1.063368,0.946667,0.946667
1.063769,0.946667,0.946667
1.064170,0.946667,0.946667
1.064571,0.946667,0.946667
1.064973,0.946667,0.946667
1.065376,0.946667,0.946667
1.065777,0.946667,0.946667
1.066178,0.946667,0.946667
1.066579,0.946667,0.946667
1.066980,0.946667,0.946667
1.067382,0.946667,0.946667
1.067783,0.946667,0.946667
1.068184,0.946667,0.946667
1.068586,0.946667,0.946667
1.068987,0.946667,0.946667
1.069389,0.946667,0.946667
1.069790,0.946667,0.946667
1.070191,0.946667,0.946667
1.070592,0.946667,0.946667
1.070995,0.946667,0.946667
1.071396,0.946667,0.946667
1.071797,0.946667,0.946667
1.072198,0.946667,0.946667
1.072599,0.946667,0.946667
1.073000,0.946667,0.946667
1.073402,0.946667,0.946667
1.073803,0.946667,0.946667
1.074204,0.946667,0.946667
1.074605,0.946667,0.946667
1.075006,0.946667,0.946667
1.075408,0.946667,0.946667
1.075809,0.946667,0.946667
1.076210,0.946667,0.946667
1.076611,0.946667,0.946667
1.077012,0.946667,0.946667
1.077415,0.946667,0.946667
1.077816,0.946667,0.946667
1.078217,0.946667,0.946667
1.078618,0.946667,0.946667
1.079019,0.946667,0.946667
1.079421,0.946667,0.946667
1.079822,0.946667,0.946667
1.080223,0.946667,0.946667
1.080625,0.946667,0.946667
1.081026,0.946667,0.946667
1.081429,0.946667,0.946667
1.081830,0.946667,0.946667
1.082231,0.946667,0.946667
1.082632,0.946667,0.946667
1.083033,0.946667,0.946667
1.083435,0.946667,0.946667
1.083836,0.946667,0.946667
1.084237,0.946667,0.946667
1.084643,0.946667,0.946667
1.085044,0.946667,0.946667
1.085445,0.946667,0.946667
1.085847,0.946667,0.946667
1.086248,0.946667,0.946667
1.086649,0.946667,0.946667
1.087050,0.946667,0.946667
1.087451,0.946667,0.946667
1.087852,0.946667,0.946667
1.088253,0.946667,0.946667
1.088655,0.946667,0.946667
1.089056,0.946667,0.946667
1.089457,0.946667,0.946667
1.089858,0.946667,0.946667
1.090260,0.946667,0.946667
1.090661,0.946667,0.946667
1.091063,0.946667,0.946667
1.091464,0.946667,0.946667
1.091866,0.946667,0.946667
1.092268,0.946667,0.946667
1.092670,0.946667,0.946667
1.093071,0.946667,0.946667
1.093472,0.946667,0.946667
1.093875,0.946667,0.946667
1.094277,0.946667,0.946667
1.094678,0.946667,0.946667
1.095079,0.946667,0.946667
1.095481,0.946667,0.946667
1.095884,0.946667,0.946667
1.096285,0.946667,0.946667
1.096687,0.946667,0.946667
1.097088,0.946667,0.946667
1.097490,0.946667,0.946667
1.097891,0.946667,0.946667
1.098293,0.946667,0.946667
1.098694,0.946667,0.946667
1.099096,0.946667,0.946667
1.099498,0.946667,0.946667
1.099899,0.946667,0.946667
1.100300,0.946667,0.946667
1.100702,0.946667,0.946667
1.101103,0.946667,0.946667
1.101505,0.946667,0.946667
1.101907,0.946667,0.946667
1.102308,0.946667,0.946667
1.102709,0.946667,0.946667
1.103111,0.946667,0.946667
1.103513,0.946667,0.946667
1.103916,0.946667,0.946667
1.104317,0.946667,0.946667
1.104718,0.946667,0.946667
1.105119,0.946667,0.946667
1.105520,0.946667,0.946667
1.105921,0.946667,0.946667
1.106323,0.946667,0.946667
1.106725,0.946667,0.946667
1.107126,0.946667,0.946667
1.107528,0.946667,0.946667
1.107929,0.946667,0.946667
1.108330,0.946667,0.946667
1.108731,0.946667,0.946667
1.109132,0.946667,0.946667
1.109533,0.946667,0.946667
1.109934,0.946667,0.946667
1.110335,0.973333,0.946667
1.110736,0.953333,0.946667
1.111137,1.000000,0.946667
1.111538,0.953333,0.946667
1.111941,0.993333,0.946667
1.112342,1.020000,0.946667
1.112744,1.026667,0.946667
1.113145,1.020000,0.946667
1.113546,1.040000,0.946667
1.113947,1.033333,0.980000
1.114348,1.046667,0.946667
1.114749,1.040000,0.946667
1.115150,1.240000,0.986667
1.115551,1.073333,0.946667
1.115952,1.073333,0.946667
1.116354,1.106667,0.946667
1.116755,1.106667,0.980000
1.117156,1.100000,0.953333
1.117558,1.140000,0.980000
1.117959,1.146667,0.973333
1.118360,1.186667,0.953333
1.118761,1.160000,0.960000
1.119162,1.126667,1.026667
1.119564,1.186667,1.033333
1.119966,1.186667,1.033333
1.120368,1.206667,0.953333
1.120769,1.140000,1.033333
1.121170,1.226667,0.973333
1.121571,1.193333,1.086667
1.121972,1.240000,1.020000
1.122376,1.300000,1.073333
1.122777,1.273333,1.146667
1.123178,1.300000,1.140000
1.123581,1.366667,1.120000
1.123982,1.306667,1.146667
1.124383,1.300000,1.133333
1.124784,1.326667,1.146667
1.125186,1.360000,1.146667
1.125588,1.286667,1.180000
1.125991,1.353333,1.160000
1.126392,1.360000,1.206667
1.126793,1.360000,1.200000
1.127194,1.320000,1.260000
1.127595,1.386667,1.220000
1.127996,1.346667,1.206667
1.128397,1.420000,1.300000
1.128798,1.433333,1.266667
1.129199,1.460000,1.280000
1.129600,1.440000,1.286667
1.130002,1.460000,1.360000
1.130404,1.500000,1.306667
1.130805,1.493333,1.340000
1.131208,1.420000,1.313333
1.131610,1.406667,1.313333
1.132011,1.460000,1.346667
1.132412,1.560000,1.380000
1.132813,1.573333,1.360000
1.133216,1.566667,1.386667
1.133618,1.600000,1.386667
1.134019,1.566667,1.420000
1.134420,1.606667,1.400000
1.134822,1.620000,1.386667
1.135224,1.633333,1.413333
1.135626,1.640000,1.433333
1.136027,1.660000,1.440000
1.136429,1.640000,1.386667
1.136830,1.693333,1.500000
1.137231,1.673333,1.500000
1.137632,1.646667,1.480000
1.138033,1.680000,1.526667
1.138436,1.733333,1.533333
1.138837,1.733333,1.473333
1.139238,1.753333,1.560000
1.139645,1.773333,1.566667
1.140046,1.793333,1.880000
1.140448,1.753333,1.606667
1.140849,1.820000,1.600000
1.141252,1.833333,1.646667
1.141653,1.860000,1.606667
1.142054,1.873333,1.673333
1.142456,1.880000,1.700000
1.142857,1.900000,1.400000
1.143259,1.893333,1.693333
1.143661,1.866667,1.686667
1.144062,1.946667,1.700000
1.144464,1.926667,1.733333
1.144865,1.953333,1.726667
1.145267,1.966667,1.733333
1.145669,1.986667,1.753333
1.146070,1.993333,1.786667
1.146471,2.013333,1.820000
1.146872,2.000000,1.833333
1.147273,2.046667,1.786667
1.147675,2.146667,1.773333
1.148076,2.100000,1.833333
1.148478,2.080000,1.946667
1.148879,2.100000,1.880000
1.149280,2.106667,1.853333
1.149682,2.140000,1.900000
1.150083,2.153333,1.906667
1.150484,2.146667,2.000000
1.150885,2.193333,1.940000
1.151286,2.193333,1.940000
1.151687,2.213333,2.000000
1.152090,2.200000,2.000000
1.152491,2.226666,1.986667
1.152892,2.253333,2.020000
1.153294,2.260000,2.013333
1.153695,2.260000,2.026667
1.154096,2.273333,2.086667
1.154497,2.313333,1.746667
1.154898,2.340000,2.066667
1.155299,2.313333,2.160000
1.155701,2.313333,2.093333
1.156104,2.353333,2.126667
1.156506,2.180000,2.146667
1.156907,2.240000,2.126667
1.157309,2.420000,2.160000
1.157711,2.413333,2.206667
1.158112,2.440000,2.213333
1.158514,2.440000,2.206667
1.158917,2.466667,2.060000
1.159318,2.500000,2.260000
1.159720,2.500000,2.246667
1.160121,2.540000,2.346667
1.160522,2.533333,2.320000
1.160923,2.493333,2.300000
1.161326,2.600000,2.320000
1.161727,2.586667,2.326667
1.162130,2.626667,2.366667
1.162531,2.633333,2.366667
1.162932,2.586667,2.273333
1.163334,2.653333,2.373333
1.163735,2.653333,2.346667
1.164136,2.613333,2.426666
1.164538,2.693333,2.433333
1.164939,2.713333,2.433333
1.165341,2.720000,2.466667
1.165743,2.760000,2.493333
1.166145,2.780000,2.546667
1.166546,2.786667,2.533333
1.166947,2.793333,2.506666
1.167348,2.813333,2.540000
1.167749,2.826667,2.566667
1.168150,2.853333,2.600000
1.168551,2.820000,2.593333
1.168954,2.766667,2.586667
1.169356,2.993333,2.580000
1.169758,2.920000,2.460000
1.170159,2.953333,2.640000
1.170560,2.946667,2.700000
1.170961,2.973333,2.686666
1.171362,2.913333,2.700000
1.171763,3.026667,2.706666
1.172164,2.900000,2.753333
1.172565,3.073333,2.766667
1.172967,3.093333,2.773333
1.173368,3.113333,2.780000
1.173769,3.066667,2.800000
1.174170,3.106667,2.813333
1.174572,3.126667,2.926667
1.174973,3.133333,2.853333
1.175376,3.166667,2.860000
1.175777,3.166667,2.846667
1.176180,3.220000,2.880000
1.176581,3.200000,2.946667
1.176983,3.226667,2.946667
1.177384,3.280000,2.953333
1.177787,3.320000,2.946667
1.178188,3.260000,2.966666
1.178590,3.353333,3.000000
1.178992,3.313333,3.000000
1.179394,3.340000,3.020000
1.179795,3.313333,2.960000
1.180196,3.373333,3.100000
1.180597,3.346666,3.100000
1.180998,3.400000,2.986667
1.181399,3.433333,2.960000
1.181802,3.473333,3.106667
1.182204,3.460000,3.133333
1.182606,3.486667,3.140000
1.183007,3.493333,3.166667
1.183409,3.500000,3.213333
1.183810,3.520000,3.220000
1.184211,3.553333,3.146667
1.184612,3.566667,3.253333
1.185015,3.600000,3.286667
1.185416,3.593333,3.286667
1.185818,3.626667,3.346666
1.186219,3.660000,3.326667
1.186620,3.660000,3.333333
1.187021,3.673333,3.466666
1.187424,3.693333,3.366667
1.187825,3.726667,3.413333
1.188226,3.726667,3.400000
1.188628,3.980000,3.446667
1.189029,3.820000,3.373333
1.189430,3.806666,3.480000
1.189831,3.866667,3.406667
1.190234,3.840000,3.486667
1.190635,3.860000,3.486667
1.191036,3.920000,3.540000
1.191438,3.973333,3.500000
1.191840,3.980000,3.613333
1.192241,4.000000,3.600000
1.192643,3.993333,3.566667
1.193044,4.006667,3.640000
1.193445,4.020000,3.633333
1.193846,4.013333,3.620000
1.194247,4.046667,3.660000
1.194649,4.080000,3.713333
1.195050,4.113333,3.660000
1.195451,4.180000,3.713333
1.195852,4.120000,3.746666
1.196254,4.160000,3.746666
1.196655,4.193333,3.833333
1.197058,4.193333,3.833333
1.197459,4.213334,3.893333
1.197861,4.240000,3.986666
1.198262,4.260000,3.886667
1.198663,4.186666,3.866667
1.199065,4.293333,3.926666
1.199466,4.320000,3.946667
1.199867,4.340000,4.000000
1.200269,4.366666,3.986666
1.200671,4.360000,4.013333
1.201072,4.386666,4.013333
1.201473,4.420000,4.026666
1.201874,4.460000,4.053333
1.202275,4.453333,4.093333
1.202676,4.480000,4.093333
1.203077,4.513333,4.126667
1.203478,4.646667,4.146667
1.203881,4.546667,4.160000
1.204283,4.546667,4.180000
1.204684,4.540000,4.220000
1.205087,4.580000,4.220000
1.205489,4.693333,4.226666
1.205890,4.520000,4.260000
1.206291,4.613333,4.293333
1.206692,4.606667,4.266666
1.207094,4.753333,4.293333
1.207496,4.713333,4.233333
1.207897,4.773334,4.366666
1.208298,4.780000,4.353333
1.208700,4.806667,4.386666
1.209101,4.813333,4.413333
1.209503,4.953333,4.380000
1.209905,4.840000,4.440000
1.210307,4.873333,4.453333
1.210708,4.893333,4.533333
1.211109,4.900000,4.506667
1.211510,4.913333,4.520000
1.211911,4.940000,4.540000
1.212313,4.980000,4.600000
1.212714,5.126667,4.573333
1.213117,5.013333,4.600000
1.213518,5.060000,4.620000
1.213919,5.226666,4.633333
1.214320,5.060000,4.673333
1.214721,5.120000,4.686666
1.215122,5.066667,4.660000
1.215524,5.160000,4.700000
1.215925,5.173333,4.746666
1.216327,5.180000,4.726666
1.216729,5.220000,4.773334
1.217130,5.226666,4.793333
1.217531,5.253333,4.813333
1.217932,5.260000,4.860000
1.218334,5.293334,4.886666
1.218735,5.313333,4.880000
1.219136,5.373333,4.886666
1.219538,5.380000,4.906667
1.219939,5.366667,4.926667
1.220340,5.433333,4.960000
1.220741,5.433333,4.940000
1.221142,5.453333,5.026667
1.221543,5.440000,5.046667
1.221944,5.513333,5.053333
1.222345,5.566667,5.033333
1.222746,5.680000,5.133333
1.223147,5.560000,5.060000
1.223549,5.586667,5.133333
1.223950,5.593333,5.166667
1.224351,5.613333,5.153333
1.224753,5.673333,5.180000
1.225155,5.653333,5.206666
1.225557,5.706666,5.240000
1.225959,5.740000,5.240000
1.226360,5.660000,5.253333
1.226762,5.793334,5.273333
1.227163,5.780000,5.333333
1.227564,5.793334,5.340000
1.227965,5.833333,5.393333
1.228366,5.846666,5.380000
1.228767,5.880000,5.393333
1.229168,5.906666,5.400000
1.229570,5.926667,5.466667
1.229971,5.933333,5.433333
1.230376,5.946667,5.580000
1.230778,6.053333,5.539999
1.231179,6.013333,5.613333
1.231580,5.986667,5.526667
1.231981,6.060000,5.573333
1.232382,6.100000,5.586667
1.232783,6.106667,5.613333
1.233186,6.126667,5.620000
1.233587,6.160000,5.646667
1.233988,6.153333,5.680000
1.234390,6.180000,5.680000
1.234792,6.240000,5.726667
1.235194,6.173333,5.760000
1.235596,6.286667,5.826667
1.235998,6.253334,5.673333
1.236399,6.326666,5.820000
1.236800,6.333333,5.760000
1.237201,6.373333,5.880000
1.237602,6.420000,5.853333
1.238003,6.433333,5.873333
1.238405,6.420000,5.886667
1.238807,6.420000,6.006667
1.239209,6.480000,5.966666
1.239610,6.406667,5.986667
1.240011,6.566667,6.006667
1.240413,6.540000,6.026667
1.240814,6.380000,6.040000
1.241215,6.626667,6.086667
1.241617,6.640000,6.106667
1.242019,6.680000,6.133333
1.242421,6.686666,6.173333
1.242822,6.706667,6.166667
1.243224,6.773334,6.193333
1.243625,6.786666,6.206666
1.244026,6.800000,6.220000
1.244428,6.860000,6.226666
1.244830,6.853333,6.233333
1.245231,6.860000,6.340000
1.245632,6.886666,6.326666
1.246033,6.980000,6.433333
1.246435,6.933333,6.353333
1.246837,6.953333,6.360000
1.247239,6.966666,6.413333
1.247641,6.993333,6.380000
1.248042,7.033333,6.460000
1.248444,7.080000,6.466667
1.248847,7.073333,6.346667
1.249249,7.080000,6.500000
1.249650,7.186666,6.546667
1.250051,7.093333,6.546667
1.250452,7.186666,6.600000
1.250854,7.219999,6.620000
1.251255,7.226666,6.640000
1.251657,7.273333,6.713333
1.252059,7.266667,6.673334
1.252462,7.233334,6.726666
1.252863,7.380000,6.760000
1.253265,7.340000,6.766666
1.253666,7.340000,6.786666
1.254068,7.353333,6.813333
1.254470,7.273333,6.833333
1.254872,7.460000,6.973333
1.255273,7.486667,6.893333
1.255675,7.373333,6.900000
1.256077,7.559999,6.953333
1.256478,7.566667,7.080000
1.256879,7.546666,6.913333
1.257280,7.593334,7.000000
1.257681,7.606667,6.986666
1.258084,7.613333,7.020000
1.258486,7.666667,7.133334
1.258888,7.846667,7.080000
1.259289,7.786666,7.073333
1.259690,7.720000,7.113333
1.260091,7.766666,7.213333
1.260493,7.766666,7.193333
1.260894,7.780000,7.180000
1.261296,7.833333,7.253334
1.261697,7.873333,7.286667
1.262098,7.880000,7.260000
1.262499,7.893333,7.280000
1.262900,7.933333,7.293333
1.263302,7.960000,7.346666
1.263703,7.933333,7.340000
1.264104,8.000000,7.366667
1.264506,8.040000,7.493333
1.264907,8.026667,7.426666
1.265309,7.993333,7.480000
1.265710,8.106667,7.506667
1.266111,8.120000,7.506667
1.266513,8.146667,7.520000
1.266916,8.160000,7.533333
1.267317,8.179999,7.546666
1.267719,8.240000,7.600000
1.268121,8.246666,7.600000
1.268523,8.266666,7.720000
1.268924,8.320000,7.660000
1.269325,8.313333,7.673333
1.269726,8.213333,7.646666
1.270127,8.360000,7.686666
1.270529,8.393332,7.746666
1.270930,8.406667,7.860000
1.271331,8.420000,7.840000
1.271733,8.466666,7.826667
1.272134,8.473333,7.846667
1.272537,8.513332,7.880000
1.272938,8.693334,7.886666
1.273340,8.360000,8.013333
1.273742,8.579999,7.813334
1.274144,8.639999,8.033334
1.274545,8.639999,7.993333
1.274948,8.666666,8.000000
1.275349,8.686666,8.040000
1.275750,8.726666,8.040000
1.276151,8.839999,8.053332
1.276552,8.733333,8.073333
1.276953,8.760000,8.133333
1.277355,8.826667,8.206666
1.277756,8.826667,8.193333
1.278158,8.933333,8.206666
1.278560,8.873333,8.206666
1.278963,8.933333,8.246666
1.279364,8.946667,8.273334
1.279765,8.986667,8.273334
1.280166,8.993333,8.306666
1.280568,8.900000,8.313333
1.280969,9.006666,8.320000
1.281370,9.053333,8.420000
1.281771,9.099999,8.446666
1.282173,9.099999,8.540000
1.282575,9.153334,8.466666
1.282976,9.200000,8.486667
1.283378,9.166666,8.493334
1.283779,9.233333,8.526667
1.284180,9.260000,8.560000
1.284582,9.266666,8.566667
1.284983,9.273334,8.626667
1.285384,9.320000,8.400000
1.285785,9.340000,8.666666
1.286186,9.346666,8.686666
1.286588,9.346666,9.106667
1.286990,9.400000,8.680000
1.287391,9.473333,8.740000
1.287794,9.446667,8.740000
1.288196,9.520000,8.760000
1.288597,9.559999,8.839999
1.288998,9.573333,8.926666
1.289399,9.626666,8.880000
1.289801,9.593333,8.913333
1.290204,9.680000,8.880000
1.290605,9.686666,8.946667
1.291008,9.706666,8.946667
1.291409,9.733334,8.980000
1.291810,9.753333,9.013333
1.292211,9.780000,9.013333
1.292613,9.746667,9.033333
1.293014,9.820000,9.066667
1.293416,9.833333,9.086667
1.293817,9.846666,9.053333
1.294218,9.933333,9.120000
1.294619,9.886666,9.153334
1.295021,9.933333,9.266666
1.295424,9.973333,9.126666
1.295825,9.986667,9.186666
1.296226,9.959999,9.266666
1.296627,10.080000,9.320000
1.297029,10.026666,9.306666
1.297430,10.193334,9.280000
1.297831,10.140000,9.346666
1.298232,10.053333,9.346666
1.298633,10.260000,9.346666
1.299034,10.179999,9.446667
1.299436,10.233333,9.480000
1.299837,10.253333,9.466666
1.300239,10.286666,9.526667
1.300641,10.306666,9.540000
1.301042,10.320000,9.553333
1.301443,10.333333,9.586666
1.301844,10.366666,9.620000
1.302246,10.426666,9.613334
1.302647,10.433333,9.666667
1.303049,10.440000,9.633333
1.303450,10.453333,9.706666
1.303851,10.493333,9.713333
1.304252,10.453333,9.706666
1.304653,10.526667,9.793333
1.305054,10.580000,9.933333
1.305457,10.633333,9.806666
1.305858,10.713333,9.880000
1.306259,10.666667,9.793333
1.306660,10.586667,9.873333
1.307061,10.673333,9.900000
1.307463,10.713333,9.953333
1.307864,10.753333,9.966666
1.308266,10.800000,9.966666
1.308667,10.780000,10.006667
1.309068,10.866667,10.033333
1.309470,10.853333,10.059999
1.309871,10.853333,10.166666
1.310272,10.873333,10.106667
1.310673,10.926667,10.193334
1.311074,10.986667,10.140000
1.311477,11.020000,10.233333
1.311878,11.006666,10.140000
1.312280,11.026667,10.200000
1.312681,11.099999,10.246666
1.313083,11.073333,10.266666
1.313484,11.139999,10.046666
1.313885,11.139999,10.260000
1.314287,11.160000,10.320000
1.314688,11.173333,10.326667
1.315089,11.200000,10.353333
1.315491,11.200000,10.466667
1.315892,11.219999,10.413333
1.316293,11.273333,10.466667
1.316694,11.306666,10.473333
1.317095,11.306666,10.493333
1.317496,11.353333,10.566667
1.317897,11.366667,10.700000
1.318299,11.400000,10.573333
1.318700,11.446667,10.600000
1.319102,11.506666,10.626666
1.319503,11.466666,10.633333
1.319905,11.520000,10.593333
1.320306,11.513333,10.700000
1.320707,11.559999,10.720000
1.321108,11.559999,10.746666
1.321510,11.633333,10.746666
1.321911,11.520000,10.793333
1.322313,11.660000,10.840000
1.322714,11.686666,10.773334
1.323116,11.746666,10.846666
1.323518,11.720000,10.813333
1.323919,11.726666,10.906667
1.324321,11.773334,10.933333
1.324722,11.773334,10.940000
1.325123,11.833333,11.226666
1.325524,11.840000,10.993334
1.325925,11.866666,11.020000
1.326326,11.900000,11.020000
1.326728,11.806666,11.093333
1.327129,11.960000,11.093333
1.327530,11.980000,11.120000
1.327933,11.999999,11.106667
1.328334,12.026667,11.166666
1.328735,11.999999,11.193334
1.329136,12.066666,11.193334
1.329538,12.086666,11.266666
1.329939,12.100000,11.146667
1.330341,12.153333,11.360000
1.330743,12.166667,11.273333
1.331144,12.186666,11.306666
1.331546,12.233334,11.200000
1.331947,12.259999,11.339999
1.332348,12.333333,11.386666
1.332749,12.313334,11.386666
1.333150,12.300000,11.420000
1.333551,12.386666,11.433333
1.333952,12.400000,11.373333
1.334353,12.413333,11.506666
1.334754,12.426666,11.526667
1.335156,12.466666,11.539999
1.335558,12.493333,11.580000
1.335959,12.486667,11.599999
1.336361,12.540000,11.613333
1.336763,12.593333,11.640000
1.337164,12.679999,11.660000
1.337565,12.599999,11.693333
1.337966,12.613333,11.713333
1.338367,12.646667,11.786667
1.338768,12.673333,11.633333
1.339169,12.700000,11.753333
1.339570,12.693334,11.780000
1.339971,12.766666,11.840000
1.340376,12.766666,11.833333
1.340777,12.706667,11.833333
1.341178,12.806666,11.893333
1.341579,12.860000,11.893333
1.341980,12.986666,11.933332
1.342383,12.846666,11.900000
1.342784,12.906667,11.973333
1.343185,12.946667,12.059999
1.343587,12.946667,12.053333
1.343988,13.026667,12.013333
1.344389,13.059999,12.066666
1.344792,13.033334,12.066666
1.345193,13.020000,12.126666
1.345594,13.093333,12.113334
1.345995,13.179999,12.186666
1.346396,13.093333,12.126666
1.346797,13.173333,12.066666
1.347198,13.186666,12.246667
1.347599,13.153334,12.246667
1.348000,13.220000,12.306666
1.348402,13.286667,12.293333
1.348804,13.259999,12.346666
1.349205,13.293333,12.353333
1.349607,13.300000,12.353333
1.350008,13.353333,12.426666
1.350409,13.373333,12.420000
1.350810,13.393333,12.426666
1.351211,13.366667,12.420000
1.351613,13.420000,12.500000
1.352014,13.546667,12.513333
1.352417,13.473332,12.533333
1.352818,13.500000,12.559999
1.353219,13.533333,12.559999
1.353621,13.559999,12.506667
1.354022,13.613334,12.626667
1.354423,13.593333,12.660000
1.354824,13.626666,12.633333
1.355225,13.646666,12.740000
1.355626,13.593333,12.693334
1.356027,13.653334,12.746666
1.356429,13.706666,12.826667
1.356830,13.720000,12.860000
1.357231,13.759999,12.766666
1.357633,13.779999,12.780000
1.358034,13.813334,12.826667
1.358436,13.820000,12.866666
1.358837,13.833333,12.919999
1.359238,13.873334,12.886666
1.359641,13.893333,12.913333
1.360042,13.920000,12.933333
1.360443,13.926666,12.946667
1.360844,13.946667,12.980000
1.361246,13.973332,12.980000
1.361647,14.033333,13.033334
1.362048,14.026667,13.020000
1.362450,14.066666,13.066667
1.362851,14.133332,13.126666
1.363252,14.126666,13.033334
1.363653,14.033333,13.166667
1.364054,14.140000,13.120000
1.364456,14.173332,13.033334
1.364857,14.200001,13.193333
1.365259,14.206667,13.233334
1.365661,14.253333,13.246666
1.366063,14.259999,13.259999
1.366464,14.273334,13.166667
1.366866,14.306665,13.306666
1.367267,14.340000,13.406666
1.367668,14.380000,13.293333
1.368070,14.353333,13.379999
1.368471,14.413333,13.406666
1.368872,14.413333,13.406666
1.369274,14.426666,13.306666
1.369675,14.480000,13.460000
1.370076,14.480000,13.466666
1.370477,14.453333,13.500000
1.370878,14.546666,13.539999
1.371280,14.526666,13.559999
1.371681,14.580000,13.566667
1.372082,14.580000,13.660000
1.372483,14.559999,13.593333
1.372884,14.693333,13.746667
1.373285,14.719999,13.660000
1.373686,14.693333,13.693333
1.374087,14.706667,13.693333
1.374488,14.733334,13.720000
1.374889,14.759999,13.713332
1.375290,14.793334,13.746667
1.375691,14.746666,13.779999
1.376092,14.853333,13.813334
1.376493,14.840000,13.779999
1.376895,14.886666,13.826666
1.377296,14.886666,13.826666
1.377698,14.919999,13.853333
1.378099,14.926667,13.900000
1.378501,14.946667,13.873334
1.378902,14.866667,13.906666
1.379303,14.953333,13.946667
1.379704,14.953333,13.993333
1.380105,15.026666,13.986667
1.380507,15.119999,13.993333
1.380908,15.113333,14.140000
1.381309,15.233334,14.046667
1.381710,15.153333,14.086666
1.382111,15.186667,14.086666
1.382512,15.153333,14.113334
1.382913,15.219999,14.200001
1.383314,15.253334,14.140000
1.383716,15.266666,14.173332
1.384117,15.280000,14.200001
1.384518,15.320001,14.173332
1.384919,15.326667,14.233333
1.385320,15.346666,14.253333
1.385721,15.366667,14.266667
1.386123,15.373333,14.153333
1.386525,15.393333,14.266667
1.386926,15.440000,14.346666
1.387327,15.473333,14.333334
1.387728,15.473333,14.360000
1.388130,15.486666,14.386666
1.388531,15.540000,14.380000
1.388932,15.560000,14.459999
1.389335,15.560000,14.446667
1.389737,15.579999,14.473333
1.390138,15.700000,14.493333
1.390539,15.606667,14.513333
1.390940,15.653334,14.553333
1.391342,15.653334,14.633332
1.391744,15.713334,14.593332
1.392145,15.733333,14.546666
1.392546,15.740000,14.620000
1.392949,15.760000,14.659999
1.393350,15.766666,14.606667
1.393752,15.780001,14.666667
1.394155,15.799999,14.693333
1.394557,15.826667,14.693333
1.394959,15.819999,14.786666
1.395361,15.886665,14.693333
1.395762,15.920000,14.759999
1.396163,15.933333,14.813333
1.396564,15.906666,14.786666
1.396965,15.946666,14.813333
1.397367,16.006666,14.733334
1.397769,16.073334,14.786666
1.398170,16.013332,14.853333
1.398572,16.059999,14.846666
1.398973,16.066668,14.953333
1.399375,16.106665,14.919999
1.399777,16.113333,14.926667
1.400179,16.160000,14.953333
1.400581,16.160000,14.953333
1.400982,16.160000,14.953333
1.401383,16.213333,14.953333
1.401784,16.200001,14.953333
1.402185,16.240000,15.073333
1.402587,16.259998,15.086666
1.402988,16.293333,15.119999
1.403389,16.373333,15.100000
1.403791,16.320000,15.253334
1.404192,16.359999,15.213333
1.404593,16.326666,15.193334
1.404994,16.379999,15.240000
1.405396,16.413332,15.240000
1.405797,16.420000,15.240000
1.406200,16.440001,15.280000
1.406603,16.379999,15.280000
1.407005,16.400000,15.340000
1.407407,16.473333,15.313333
1.407808,16.533333,15.333333
1.408209,16.533333,15.393333
1.408611,16.559999,15.386667
1.409012,16.613333,15.393333
1.409414,16.606667,15.406667
1.409816,16.639999,15.460000
1.410217,16.639999,15.453334
1.410618,16.646666,15.460000
1.411021,16.680000,15.533333
1.411423,16.660000,15.573333
1.411824,16.726667,15.553332
1.412226,16.759998,15.520000
1.412628,16.706667,15.573333
1.413030,16.693333,15.573333
1.413431,16.853334,15.573333
1.413832,16.806665,15.606667
1.414234,16.799999,15.746666
1.414635,16.866667,15.733333
1.415037,16.846666,15.733333
1.415440,16.866667,15.679999
1.415841,16.866667,15.733333
1.416242,16.893332,15.726666
1.416643,16.906666,15.746666
1.417045,16.906666,15.740000
1.417446,16.913332,15.740000
1.417848,16.946667,15.746666
1.418249,16.953333,15.853333
1.418650,16.946667,15.806666
1.419051,16.980000,15.853333
1.419452,17.059999,15.873333
1.419853,17.013332,15.886665
1.420255,16.986668,15.886665
1.420657,17.039999,15.920000
1.421058,17.059999,15.920000
1.421459,17.066666,15.933333
1.421860,17.066666,15.940000
1.422261,17.106667,16.000000
1.422662,17.120001,15.973332
1.423064,17.139999,16.006666
1.423465,17.166666,16.006666
1.423866,17.199999,16.086666
1.424267,17.199999,16.066668
1.424669,17.199999,16.086666
1.425071,17.240000,16.099998
1.425472,17.260000,16.066668
1.425874,17.273333,16.099998
1.426275,17.306665,16.126665
1.426676,17.299999,16.126665
1.427077,17.253334,16.180000
1.427478,17.426666,16.193333
1.427879,17.326666,16.219999
1.428280,17.353333,16.313334
1.428682,17.386667,16.253332
1.429084,17.400000,16.273333
1.429486,17.386667,16.279999
1.429889,17.593332,16.306667
1.430290,17.446667,16.359999
1.430691,17.493334,16.366665
1.431092,17.426666,16.346666
1.431493,17.493334,16.353333
1.431894,17.406666,16.286667
1.432295,17.473333,16.400000
1.432696,17.546665,16.433332
1.433098,17.533333,16.499998
1.433499,17.600000,16.446667
1.433900,17.573332,16.480000
1.434302,17.593332,16.480000
1.434703,17.606667,16.519999
1.435104,17.619999,16.633331
1.435505,17.646667,16.559999
1.435906,17.660000,16.539999
1.436307,17.653334,16.539999
1.436709,17.719999,16.573334
1.437111,17.719999,16.613333
1.437512,17.726665,16.619999
1.437913,17.706665,16.619999
1.438314,17.726665,16.633331
1.438715,17.726665,16.619999
1.439116,17.806665,16.639999
1.439517,17.780001,16.600000
1.439918,17.746666,16.706667
1.440319,17.806665,16.713333
1.440720,17.820000,16.740000
1.441122,17.826666,16.740000
1.441523,17.846666,16.773333
1.441925,17.893333,16.779999
1.442327,17.873333,16.779999
1.442728,17.953333,16.793333
1.443130,17.886667,16.786665
1.443531,17.913334,16.826666
1.443932,17.913334,16.853334
1.444334,18.000000,16.846666
1.444736,17.980000,16.853334
1.445137,18.000000,16.873333
1.445538,18.000000,16.886665
1.445940,17.993332,16.900000
1.446341,18.013332,16.873333
1.446744,18.020000,16.900000
1.447145,18.139999,16.853334
1.447547,18.086666,16.866667
1.447948,18.106667,16.939999
1.448349,18.000000,16.953333
1.448750,18.113333,16.946667
1.449152,18.133333,16.959999
1.449553,18.113333,16.973333
1.449954,18.133333,16.966667
1.450356,18.139999,16.993334
1.450758,18.146666,17.013332
1.451159,18.219999,17.013332
1.451560,18.219999,17.039999
1.451961,18.186666,17.039999
1.452362,18.193333,17.046665
1.452763,18.219999,17.059999
1.453164,18.240000,17.026665
1.453566,18.246666,17.073334
1.453967,18.273333,17.113333
1.454368,18.266666,17.093332
1.454770,18.280001,17.120001
1.455171,18.299999,17.146666
1.455572,18.306667,17.039999
1.455973,18.306667,17.139999
1.456376,18.373333,17.153332
1.456777,18.353333,17.186666
1.457178,18.366667,17.206667
1.457579,18.333332,17.206667
1.457980,18.393333,17.193333
1.458382,18.386665,17.233334
1.458783,18.253332,17.233334
1.459185,18.413334,17.266666
1.459586,18.420000,17.266666
1.459988,18.420000,17.266666
1.460389,18.413334,17.486666
1.460790,18.546667,17.333332
1.461191,18.500000,17.299999
1.461592,18.480000,17.333332
1.461993,18.619999,17.333332
1.462395,18.520000,17.313332
1.462796,18.520000,17.346666
1.463198,18.533333,17.346666
1.463599,18.533333,17.360001
1.464001,18.553333,17.393333
1.464402,18.580000,17.393333
1.464803,18.586666,17.400000
1.465204,18.606665,17.400000
1.465605,18.626665,17.419998
1.466006,18.606665,17.419998
1.466408,18.639999,17.473333
1.466809,18.633333,17.480000
1.467210,18.639999,17.473333
1.467612,18.666666,17.473333
1.468014,18.719999,17.486666
1.468416,18.639999,17.526667
1.468817,18.740000,17.500000
1.469219,18.713333,17.539999
1.469620,18.726665,17.526667
1.470021,18.713333,17.539999
1.470423,18.746666,17.539999
1.470824,18.733332,17.513334
1.471225,18.766666,17.539999
1.471627,18.759998,17.600000
1.472028,18.746666,17.639999
1.472429,18.779999,17.606667
1.472830,18.779999,17.686666
1.473231,18.786667,17.613333
1.473632,18.820000,17.639999
1.474033,18.840000,17.666666
1.474435,18.853333,17.666666
1.474836,18.859999,17.686666
1.475237,18.853333,17.673332
1.475638,18.893333,17.699999
1.476040,18.866665,17.686666
1.476442,18.886665,17.786667
1.476843,18.873333,17.719999
1.477244,18.953333,17.726665
1.477645,18.960001,17.719999
1.478046,18.953333,17.740000
1.478448,18.946667,17.746666
1.478849,18.960001,17.846666
1.479251,18.980000,17.746666
1.479652,18.973333,17.760000
1.480054,18.953333,17.813332
1.480456,19.013332,17.766666
1.480857,19.006666,17.813332
1.481259,19.019999,17.799999
1.481660,19.046667,17.813332
1.482062,19.039999,17.840000
1.482463,19.046667,17.826666
1.482864,19.059999,17.846666
1.483265,19.053333,17.853333
1.483666,19.059999,17.873333
1.484067,19.100000,17.826666
1.484469,19.093334,17.879999
1.484870,19.100000,17.886667
1.485272,19.106667,17.886667
1.485673,19.139999,18.079998
1.486074,19.073334,17.953333
1.486476,19.113333,17.913334
1.486877,19.133331,17.946665
1.487279,19.139999,17.926666
1.487680,19.139999,17.939999
1.488082,19.266666,17.939999
1.488484,19.193333,18.000000
1.488885,19.186666,17.873333
1.489286,19.279999,17.973333
1.489687,19.180000,17.980000
1.490088,19.206667,18.146666
1.490491,19.206667,17.986666
1.490893,19.233334,18.020000
1.491294,19.246666,17.913334
1.491695,19.253332,18.026667
1.492097,19.206667,18.020000
1.492498,19.259998,18.033333
1.492899,19.266666,18.046667
1.493300,19.273333,18.079998
1.493701,19.320000,18.079998
1.494103,19.306665,18.059999
1.494504,19.313334,18.079998
1.494906,19.293333,18.086666
1.495307,19.299999,18.059999
1.495709,19.346666,18.073332
1.496110,19.313334,18.106667
1.496511,19.353334,18.086666
1.496912,19.333334,18.106667
1.497313,19.333334,18.046667
1.497714,19.293333,18.133333
1.498115,19.360001,18.199999
1.498516,19.379999,18.153334
1.498917,19.379999,18.139999
1.499319,19.386665,18.146666
1.499721,19.406666,18.166666
1.500122,19.393332,18.046667
1.500523,19.400000,18.160000
1.500924,19.400000,18.180000
1.501326,19.413332,18.166666
1.501727,19.453333,18.166666
1.502128,19.426666,18.219999
1.502530,19.446667,18.213333
1.502931,19.439999,18.213333
1.503333,19.439999,18.306667
1.503734,19.439999,18.226665
1.504136,19.459999,18.226665
1.504538,19.500000,18.266666
1.504939,19.446667,18.266666
1.505340,19.453333,18.219999
1.505741,19.459999,18.213333
1.506143,19.500000,18.139999
1.506544,19.493334,18.246666
1.506946,19.493334,18.233332
1.507349,19.526665,18.273333
1.507751,19.533333,18.266666
1.508152,19.586666,18.286667
1.508554,19.546665,18.313334
1.508956,19.566666,18.273333
1.509357,19.526665,18.273333
1.509758,19.553333,18.313334
1.510159,19.539999,18.346666
1.510561,19.580000,18.286667
1.510963,19.573334,18.306667
1.511364,19.573334,18.306667
1.511766,19.620001,18.306667
1.512167,19.546665,18.306667
1.512569,19.573334,18.313334
1.512970,19.473333,18.313334
1.513375,19.600000,18.393333
1.513776,19.659998,18.426666
1.514177,19.633333,18.339998
1.514579,19.633333,18.400000
1.514980,19.613333,18.393333
1.515382,19.633333,18.353333
1.515784,19.613333,18.359999
1.516186,19.633333,18.366667
1.516587,19.653332,18.366667
1.516988,19.566666,18.379999
1.517389,19.633333,18.400000
1.517790,19.653332,18.413334
1.518191,19.679998,18.400000
1.518592,19.673332,18.353333
1.518994,19.659998,18.413334
1.519396,19.686666,18.320000
1.519798,19.699999,18.420000
1.520199,19.699999,18.413334
1.520601,19.699999,18.400000
1.521002,19.693333,18.339998
1.521403,19.686666,18.413334
1.521804,19.699999,18.426666
1.522205,19.713333,18.420000
1.522606,19.726667,18.420000
1.523008,19.693333,18.446667
1.523409,19.773333,18.426666
1.523811,19.733334,18.473331
1.524212,19.740000,18.459999
1.524613,19.726667,18.466665
1.525014,19.740000,18.453333
1.525416,19.726667,18.366667
1.525817,19.740000,18.493332
1.526219,19.726667,18.459999
1.526621,19.760000,18.486666
1.527023,19.740000,18.426666
1.527424,19.713333,18.073332
1.527826,19.833332,18.486666
1.528228,19.806665,18.486666
1.528630,19.733334,18.493332
1.529032,19.766666,18.473331
1.529433,19.719999,18.459999
1.529835,19.760000,18.466665
1.530236,19.773333,18.520000
1.530641,19.786665,18.486666
1.531042,19.799999,18.513332
1.531443,19.786665,18.473331
1.531844,19.799999,18.459999
1.532246,19.786665,18.459999
1.532647,19.786665,18.526667
1.533048,19.793333,18.533333
1.533451,19.840000,18.506666
1.533852,19.793333,18.520000
1.534254,19.806665,18.533333
1.534656,19.793333,18.533333
1.535057,19.719999,18.513332
1.535458,19.799999,18.520000
1.535859,19.840000,18.520000
1.536260,19.786665,18.493332
1.536661,19.806665,18.513332
1.537062,19.820000,18.526667
1.537463,19.806665,18.526667
1.537864,19.799999,18.526667
1.538266,19.779999,18.526667
1.538667,19.799999,18.520000
1.539068,19.866667,18.466665
1.539470,19.846666,18.506666
1.539871,19.806665,18.466665
1.540273,19.833332,18.400000
1.540674,19.826666,18.513332
1.541075,19.840000,18.526667
1.541477,19.799999,18.553333
1.541878,19.840000,18.506666
1.542280,19.793333,18.539999
1.542682,19.826666,18.526667
1.543083,19.840000,18.533333
1.543484,19.833332,18.506666
1.543885,19.826666,18.553333
1.544287,19.860001,18.539999
1.544688,19.840000,18.533333
1.545089,19.833332,18.526667
1.545490,19.813332,18.553333
1.545891,19.840000,18.526667
1.546293,19.840000,18.520000
1.546695,19.866667,18.459999
1.547096,19.880001,18.533333
1.547498,19.799999,18.526667
1.547899,19.826666,18.533333
1.548301,19.840000,18.626665
1.548702,19.840000,18.553333
1.549103,19.840000,18.553333
1.549504,19.833332,18.566668
1.549905,19.826666,18.559999
1.550306,19.833332,18.586666
1.550707,19.840000,18.539999
1.551109,19.826666,18.533333
1.551510,19.846666,18.580000
1.551912,19.793333,18.566668
1.552314,19.860001,18.593332
1.552715,19.986666,18.533333
1.553116,19.820000,18.533333
1.553518,19.880001,18.546667
1.553919,19.840000,18.566668
1.554320,19.820000,18.553333
1.554722,19.846666,18.546667
1.555124,19.820000,18.539999
1.555525,19.846666,18.533333
1.555926,19.799999,18.553333
1.556327,19.806665,18.526667
1.556728,19.813332,18.533333
1.557129,19.799999,18.533333
1.557531,19.806665,18.559999
1.557932,19.826666,18.553333
1.558334,19.833332,18.533333
1.558736,19.820000,18.546667
1.559137,19.820000,18.533333
1.559538,19.840000,18.533333
1.559940,19.813332,18.513332
1.560341,19.733334,18.546667
1.560743,19.793333,18.539999
1.561144,19.873333,18.520000
1.561545,19.806665,18.513332
1.561946,19.799999,18.539999
1.562347,19.766666,18.520000
1.562748,19.806665,18.553333
1.563149,19.799999,18.993332
1.563551,19.779999,18.586666
1.563952,19.813332,18.486666
1.564354,19.799999,18.580000
1.564756,19.813332,18.506666
1.565157,19.766666,18.473331
1.565558,19.779999,18.493332
1.565960,19.773333,18.506666
1.566361,19.786665,18.506666
1.566764,19.786665,18.526667
1.567165,19.740000,18.619999
1.567566,19.766666,18.473331
1.567967,19.746666,18.500000
1.568368,19.806665,18.559999
1.568769,19.753334,18.480000
1.569170,19.813332,18.446667
1.569571,19.746666,18.539999
1.569972,19.726667,18.466665
1.570376,19.746666,18.466665
1.570777,19.719999,18.466665
1.571178,19.853333,18.486666
1.571579,19.673332,18.473331
1.571980,19.740000,18.486666
1.572382,19.746666,18.473331
1.572783,19.773333,18.553333
1.573184,19.799999,18.446667
1.573586,19.719999,18.459999
1.573987,19.733334,18.446667
1.574388,19.699999,18.400000
1.574789,19.686666,18.440001
1.575190,19.753334,18.406666
1.575592,19.719999,18.420000
1.575993,19.719999,18.453333
1.576395,19.693333,18.426666
1.576797,19.686666,18.446667
1.577199,19.693333,18.400000
1.577600,19.686666,18.400000
1.578001,19.659998,18.440001
1.578402,19.866667,18.379999
1.578804,19.706667,18.406666
1.579205,19.659998,18.373333
1.579606,19.766666,18.400000
1.580008,19.639999,18.379999
1.580409,19.639999,18.400000
1.580810,19.653332,18.426666
1.581211,19.653332,18.366667
1.581612,19.766666,18.373333
1.582014,19.453333,18.379999
1.582416,19.639999,18.359999
1.582817,19.626667,18.339998
1.583219,19.626667,18.346666
1.583620,19.620001,18.286667
1.584021,19.620001,18.353333
1.584423,19.613333,18.359999
1.584824,19.613333,18.559999
1.585225,19.580000,18.333332
1.585627,19.593332,18.306667
1.586028,19.639999,18.333332
1.586429,19.580000,18.253332
1.586830,19.586666,18.353333
1.587231,19.553333,18.273333
1.587632,19.573334,18.280001
1.588033,19.566666,18.320000
1.588435,19.546665,18.286667
1.588836,19.539999,18.273333
1.589238,19.606667,18.273333
1.589645,19.506666,18.273333
1.590047,19.539999,18.273333
1.590449,19.533333,18.213333
1.590850,19.480000,18.253332
1.591252,19.546665,18.273333
1.591653,19.506666,18.273333
1.592055,19.473333,18.233332
1.592456,19.480000,18.293333
1.592857,19.473333,18.206665
1.593259,19.446667,18.333332
1.593660,19.500000,18.273333
1.594062,19.459999,18.193333
1.594463,19.446667,18.253332
1.594864,19.453333,18.193333
1.595266,19.426666,18.206665
1.595668,19.439999,18.240000
1.596069,19.439999,18.180000
1.596470,19.413332,18.146666
1.596871,19.420000,18.086666
1.597273,19.406666,18.079998
1.597675,19.353334,18.233332
1.598077,19.493334,18.166666
1.598478,19.420000,18.180000
1.598879,19.373333,18.160000
1.599281,19.366667,18.146666
1.599683,19.366667,18.126667
1.600085,19.353334,18.119999
1.600486,19.353334,18.113333
1.600887,19.393332,18.106667
1.601289,19.360001,18.126667
1.601690,19.333334,18.119999
1.602091,19.180000,18.099998
1.602493,19.286665,18.079998
1.602894,19.346666,18.073332
1.603296,19.320000,18.213333
1.603698,19.266666,18.073332
1.604099,19.279999,18.033333
1.604501,19.266666,18.033333
1.604904,19.286665,18.066666
1.605305,19.340000,18.020000
1.605706,19.233334,18.013332
1.606107,19.233334,17.926666
1.606510,19.233334,18.066666
1.606911,19.226667,18.033333
1.607312,19.226667,18.006666
1.607713,19.213333,18.006666
1.608114,19.306665,17.986666
1.608516,19.186666,17.953333
1.608918,19.173332,17.959999
1.609320,19.193333,17.980000
1.609721,19.173332,17.946665
1.610122,19.160000,17.913334
1.610524,19.146666,17.939999
1.610926,19.126665,17.920000
1.611327,19.113333,17.913334
1.611728,19.160000,17.926666
1.612129,19.146666,17.913334
1.612530,19.106667,17.906668
1.612931,19.080000,17.873333
1.613332,19.080000,17.893333
1.613733,19.073334,17.859999
1.614134,18.993332,17.760000
1.614536,19.059999,17.846666
1.614937,19.166666,17.859999
1.615338,19.046667,17.826666
1.615739,19.039999,17.966665
1.616140,19.059999,17.820000
1.616541,19.059999,17.766666
1.616943,19.006666,17.813332
1.617344,18.966667,17.793333
1.617745,18.986666,17.813332
1.618146,18.966667,17.746666
1.618548,18.993332,17.760000
1.618950,18.953333,17.820000
1.619351,18.946667,17.746666
1.619752,18.940001,17.746666
1.620153,18.879999,17.726665
1.620554,18.966667,17.719999
1.620956,18.879999,17.686666
1.621357,18.886665,17.719999
1.621759,18.873333,17.660000
1.622160,18.866665,17.619999
1.622561,18.833334,17.813332
1.622962,18.806667,17.686666
1.623364,18.833334,17.726665
1.623765,18.820000,17.639999
1.624166,18.840000,17.619999
1.624567,18.806667,17.613333
1.624968,18.806667,17.626667
1.625369,18.773333,17.613333
1.625770,18.779999,17.619999
1.626171,18.766666,17.606667
1.626572,18.733332,17.533333
1.626973,18.740000,17.593332
1.627376,18.759998,17.539999
1.627777,18.726665,17.506666
1.628178,18.733332,17.593332
1.628580,18.726665,17.539999
1.628981,18.646666,17.500000
1.629382,18.673334,17.473333
1.629783,18.673334,17.506666
1.630184,18.713333,17.473333
1.630585,18.660000,17.406666
1.630986,18.706667,17.446667
1.631389,18.626665,17.419998
1.631791,18.626665,17.446667
1.632192,18.580000,17.400000
1.632594,18.606665,17.433332
1.632996,18.573334,17.393333
1.633397,18.573334,17.306665
1.633798,18.613333,17.446667
1.634200,18.539999,17.346666
1.634601,18.533333,17.360001
1.635002,18.526667,17.346666
1.635403,18.506666,17.360001
1.635804,18.520000,17.333332
1.636206,18.506666,17.333332
1.636608,18.446667,17.306665
1.637009,18.493332,17.320000
1.637410,18.459999,17.279999
1.637811,18.453333,17.266666
1.638213,18.433334,17.260000
1.638614,18.433334,17.306665
1.639015,18.346666,17.206667
1.639416,18.393333,17.240000
1.639817,18.393333,17.240000
1.640218,18.379999,17.206667
1.640619,18.339998,17.166666
1.641020,18.359999,17.206667
1.641422,18.353333,17.146666
1.641823,18.306667,17.173332
1.642225,18.306667,17.139999
1.642627,18.306667,17.173332
1.643028,18.280001,17.113333
1.643429,18.339998,17.139999
1.643830,18.266666,17.106667
1.644231,18.226665,17.093332
1.644632,18.180000,17.059999
1.645033,18.219999,17.039999
1.645435,18.219999,17.033333
1.645836,18.206665,17.026665
1.646237,18.186666,17.026665
1.646642,18.146666,17.033333
1.647043,18.153334,17.059999
1.647444,18.160000,16.980000
1.647846,18.139999,16.933332
1.648247,18.160000,17.159998
1.648648,18.133333,16.959999
1.649050,18.113333,16.980000
1.649451,18.079998,16.920000
1.649852,18.059999,16.913332
1.650253,18.073332,16.906666
1.650654,18.040001,16.913332
1.651055,18.026667,16.900000
1.651457,18.020000,16.879999
1.651858,18.013332,16.900000
1.652260,17.993332,16.613333
1.652661,17.933332,16.853334
1.653063,17.946665,16.846666
1.653464,17.933332,16.826666
1.653866,17.906668,16.793333
1.654268,17.906668,16.779999
1.654670,17.826666,16.786665
1.655071,17.879999,16.733334
1.655472,17.879999,16.793333
1.655874,17.866667,16.573334
1.656275,17.886667,16.740000
1.656677,17.813332,16.746666
1.657078,17.799999,16.726667
1.657479,17.813332,16.753332
1.657881,17.806665,16.713333
1.658282,17.766666,16.700001
1.658684,17.773333,16.639999
1.659085,17.746666,16.680000
1.659486,17.740000,16.633331
1.659887,17.733334,16.633331
1.660288,17.706665,16.619999
1.660689,17.679998,16.573334
1.661091,17.686666,16.573334
1.661493,17.653334,16.639999
1.661894,17.626667,16.566666
1.662295,17.613333,16.466667
1.662697,17.619999,16.486666
1.663098,17.633333,16.506666
1.663500,17.613333,16.499998
1.663901,17.573332,16.446667
1.664302,17.513334,16.433332
1.664703,17.613333,16.433332
1.665105,17.539999,16.333334
1.665506,17.520000,16.420000
1.665907,17.493334,16.386665
1.666309,17.466665,16.359999
1.666710,17.500000,16.346666
1.667111,17.466665,16.326666
1.667512,17.459999,16.346666
1.667913,17.406666,16.273333
1.668315,17.373333,16.266666
1.668716,17.393333,16.273333
1.669117,17.353333,16.253332
1.669518,17.333332,16.233332
1.669919,17.373333,16.206667
1.670320,17.326666,16.180000
1.670722,17.306665,16.126665
1.671124,17.293333,16.126665
1.671525,17.273333,16.126665
1.671926,17.293333,16.273333
1.672327,17.233334,16.119999
1.672728,17.219999,16.099998
1.673129,17.326666,16.073334
1.673531,17.120001,16.073334
1.673932,17.179998,16.026667
1.674333,17.173332,16.046667
1.674734,17.139999,16.033333
1.675135,17.159998,15.960000
1.675537,17.120001,15.946666
1.675938,17.080000,15.920000
1.676339,17.086666,15.913334
1.676740,17.073334,15.960000
1.677141,17.039999,15.886665
1.677543,17.013332,15.913334
1.677945,17.073334,15.853333
1.678346,16.993334,15.726666
1.678747,17.033333,15.853333
1.679148,16.980000,15.873333
1.679550,16.953333,15.893333
1.679952,16.959999,15.793333
1.680353,16.906666,15.826667
1.680754,16.946667,15.633333
1.681155,16.893332,15.700000
1.681557,16.886665,15.746666
1.681960,16.873333,15.653334
1.682361,16.853334,15.660000
1.682762,16.826666,15.653334
1.683163,16.846666,15.639999
1.683565,16.813334,15.639999
1.683966,16.786665,15.633333
1.684368,16.773333,15.586667
1.684769,16.766666,15.586667
1.685170,16.746666,15.573333
1.685571,16.740000,15.546666
1.685972,16.746666,15.573333
1.686376,16.706667,15.486666
1.686778,16.666666,15.460000
1.687179,16.653332,15.460000
1.687580,16.666666,15.393333
1.687983,16.633331,15.413333
1.688384,16.619999,15.426665
1.688786,16.573334,15.400000
1.689189,16.533333,15.379999
1.689591,16.733334,15.379999
1.689993,16.553333,15.359999
1.690395,16.499998,15.313333
1.690797,16.473333,15.306666
1.691198,16.433332,15.253334
1.691599,16.426666,15.126667
1.692001,16.440001,15.246666
1.692403,16.366665,15.219999
1.692804,16.359999,15.219999
1.693205,16.313334,15.200000
1.693606,16.366665,15.219999
1.694008,16.353333,15.119999
1.694410,16.259998,15.153333
1.694811,16.240000,15.146667
1.695214,16.259998,15.066667
1.695615,16.180000,15.126667
1.696018,16.226665,14.953333
1.696421,16.186666,14.953333
1.696822,16.266666,14.953333
1.697223,16.186666,14.953333
1.697624,16.126665,14.953333
1.698025,16.086666,14.953333
1.698426,16.080000,14.926667
1.698828,16.106665,14.886666
1.699230,16.033333,14.886666
1.699632,16.020000,14.873333
1.700033,16.000000,14.813333
1.700435,15.993333,14.853333
1.700836,15.946666,14.793334
1.701238,15.900000,14.806666
1.701644,15.913334,14.753333
1.702045,15.913334,14.726667
1.702446,15.860000,14.746666
1.702848,15.860000,14.733334
1.703249,15.893333,14.520000
1.703650,15.799999,14.686666
1.704053,15.813333,14.646667
1.704455,15.726666,14.620000
1.704856,15.760000,14.626666
1.705257,15.520000,14.553333
1.705658,15.726666,14.573334
1.706059,15.619999,14.573334
1.706461,15.540000,14.520000
1.706862,15.646666,14.526666
1.707263,15.619999,14.486667
1.707664,15.599999,14.453333
1.708065,15.573333,14.446667
1.708468,15.553332,14.346666
1.708870,15.546666,14.420000
1.709272,15.546666,14.433332
1.709674,15.493332,14.346666
1.710076,15.466666,14.346666
1.710477,15.433333,14.326666
1.710878,15.353333,14.253333
1.711280,15.393333,14.320000
1.711682,15.366667,14.140000
1.712083,15.366667,14.293333
1.712485,15.373333,14.253333
1.712886,15.333333,14.206667
1.713287,15.300000,14.173332
1.713688,15.293332,14.173332
1.714089,15.226665,14.073334
1.714491,15.206666,14.093333
1.714892,15.219999,14.120000
1.715293,15.206666,14.113334
1.715695,15.179999,14.120000
1.716097,15.166667,14.073334
1.716499,15.133333,13.993333
1.716900,15.086666,14.006667
1.717301,15.026666,13.999999
1.717703,14.953333,13.986667
1.718105,14.926667,13.960000
1.718506,14.953333,13.940001
1.718908,14.953333,13.926666
1.719309,15.073333,13.900000
1.719710,14.940000,13.880000
1.720112,14.886666,13.853333
1.720513,14.880000,13.833333
1.720914,14.866667,13.820000
1.721316,14.886666,13.820000
1.721717,14.800000,13.773333
1.722119,14.766665,13.779999
1.722521,14.886666,13.706666
1.722922,14.740000,13.746667
1.723323,14.699999,13.726666
1.723724,14.713333,13.653334
1.724125,14.686666,13.639999
1.724526,14.659999,13.646666
1.724927,14.646667,13.633333
1.725328,14.606667,13.573333
1.725729,14.626666,13.546667
1.726130,14.566666,13.553333
1.726532,14.533334,13.520000
1.726933,14.520000,13.493333
1.727334,14.493333,13.466666
1.727735,14.513333,13.460000
1.728136,14.413333,13.460000
1.728538,14.320000,13.440000
1.728939,14.400001,13.440000
1.729341,14.380000,13.386665
1.729743,14.360000,13.386665
1.730145,14.413333,13.353333
1.730546,14.426666,13.346667
1.730948,14.393332,13.313333
1.731350,14.313334,13.259999
1.731751,14.246667,13.193333
1.732152,14.226666,13.259999
1.732554,14.200001,13.233334
1.732955,14.193333,13.193333
1.733357,14.180000,13.193333
1.733758,14.113334,13.146667
1.734159,14.120000,13.146667
1.734561,14.106666,13.080000
1.734962,14.066666,13.073333
1.735364,14.046667,13.046666
1.735765,13.999999,13.086667
1.736167,13.993333,12.980000
1.736568,13.999999,12.980000
1.736969,13.960000,12.940000
1.737370,13.946667,13.139999
1.737771,13.893333,12.946667
1.738172,13.839999,12.906667
1.738573,13.880000,12.926666
1.738976,13.813334,12.593333
1.739377,13.913332,12.886666
1.739778,13.813334,12.840000
1.740179,13.799999,12.806666
1.740580,13.733333,13.026667
1.740983,13.726666,12.766666
1.741384,13.706666,12.740000
1.741786,13.673334,12.733333
1.742187,13.646666,12.620000
1.742588,13.646666,12.593333
1.742989,13.633333,12.613333
1.743390,13.586667,12.599999
1.743793,13.506666,12.599999
1.744194,13.546667,12.580000
1.744596,13.500000,12.520000
1.744997,13.506666,12.566667
1.745400,13.486667,12.540000
1.745801,13.460000,12.506667
1.746203,13.453332,12.493333
1.746605,13.333333,12.566667
1.747006,13.379999,12.426666
1.747408,13.433333,12.426666
1.747810,13.346667,12.366667
1.748213,13.273334,12.386666
1.748614,13.286667,12.360000
1.749015,13.280000,12.313334
1.749416,13.246666,12.273333
1.749817,13.186666,12.293333
1.750219,13.179999,12.253333
1.750621,13.139999,12.240000
1.751022,13.133333,12.213333
1.751423,13.093333,12.246667
1.751824,13.093333,12.153333
1.752225,12.933333,12.093333
1.752626,13.059999,12.059999
1.753027,13.013333,12.246667
1.753429,13.059999,12.013333
1.753830,12.960000,12.020000
1.754232,12.946667,11.986667
1.754633,12.919999,11.980000
1.755035,12.900000,11.933332
1.755436,12.853333,11.926666
1.755838,12.820000,11.933332
1.756240,12.806666,11.966666
1.756641,12.846666,11.893333
1.757042,12.826667,11.846666
1.757443,12.740000,11.820000
1.757844,12.760000,11.793333
1.758245,12.740000,11.780000
1.758646,12.686666,11.726666
1.759047,12.640000,11.726666
1.759450,12.613333,11.933332
1.759851,12.593333,11.640000
1.760253,12.606667,11.640000
1.760654,12.580000,11.633333
1.761055,12.540000,11.620000
1.761457,12.486667,11.553333
1.761858,12.480000,11.646667
1.762260,12.473333,11.573333
1.762661,12.446667,11.539999
1.763064,12.459999,11.539999
1.763465,12.326666,11.473332
1.763866,12.333333,11.440000
1.764268,12.406666,11.460000
1.764669,12.360000,11.400000
1.765070,12.280000,11.366667
1.765471,12.266666,11.366667
1.765872,12.246667,11.366667
1.766273,12.246667,11.366667
1.766674,12.240000,11.266666
1.767075,12.166667,11.313334
1.767476,12.126666,11.280000
1.767877,12.100000,11.219999
1.768278,12.066666,11.200000
1.768680,12.066666,11.180000
1.769082,12.026667,11.193334
1.769484,12.046667,11.120000
1.769885,11.960000,11.113334
1.770286,11.993333,11.106667
1.770687,11.879999,11.099999
1.771088,11.940000,11.053333
1.771490,11.886666,11.033333
1.771891,11.860000,10.960000
1.772293,11.820000,10.973333
1.772694,11.806666,10.993334
1.773096,11.793333,10.873333
1.773497,11.720000,10.900000
1.773898,11.740000,10.966666
1.774300,11.720000,10.840000
1.774701,11.673333,10.866667
1.775102,11.679999,10.813333
1.775504,11.620000,10.780000
1.775905,11.633333,10.773334
1.776307,11.626666,10.746666
1.776708,11.546666,10.686666
1.777111,11.553333,10.753333
1.777512,11.513333,10.666667
1.777914,11.446667,10.686666
1.778315,11.586667,10.493333
1.778716,11.473332,10.593333
1.779117,11.366667,10.586667
1.779518,11.360000,10.553332
1.779919,11.373333,10.533334
1.780320,11.360000,10.500000
1.780722,11.200000,10.526667
1.781123,11.280000,10.460000
1.781525,11.253333,10.460000
1.781927,11.260000,10.440000
1.782328,11.213333,10.373333
1.782729,11.193334,10.400000
1.783132,11.186666,10.320000
1.783534,11.133333,10.346666
1.783936,11.180000,10.320000
1.784337,11.106667,10.286666
1.784738,11.079999,10.299999
1.785139,11.126667,10.246666
1.785541,11.020000,10.266666
1.785943,10.986667,10.153333
1.786344,10.966666,10.113333
1.786745,10.946666,10.020000
1.787146,10.860000,10.086666
1.787548,10.900000,10.106667
1.787949,10.853333,10.066667
1.788351,10.813333,10.046666
1.788753,10.833333,10.013333
1.789154,10.786667,9.993333
1.789556,10.733334,9.993333
1.789957,10.813333,9.940001
1.790359,10.700000,9.946667
1.790760,10.686666,9.893332
1.791161,10.660000,9.866667
1.791562,10.646667,9.886666
1.791963,10.600000,9.833333
1.792364,10.586667,9.793333
1.792765,10.593333,9.800000
1.793166,10.506666,9.786667
1.793568,10.453333,9.719999
1.793969,10.340000,9.766666
1.794374,10.453333,9.713333
1.794775,10.473333,9.526667
1.795176,10.440000,9.693333
1.795578,10.360000,9.646667
1.795979,10.346666,9.606667
1.796382,10.326667,9.586666
1.796784,10.306666,9.346666
1.797185,10.280000,9.533333
1.797586,10.206667,9.513333
1.797987,10.173333,9.506666
1.798390,10.233333,9.453333
1.798791,10.173333,9.346666
1.799192,10.140000,9.346666
1.799593,10.146667,9.346666
1.799995,10.106667,9.346666
1.800396,10.106667,9.299999
1.800797,10.059999,9.320000
1.801198,10.046666,9.280000
1.801599,10.020000,9.220000
1.802002,10.000000,9.266666
1.802403,9.973333,9.233333
1.802804,9.946667,9.166666
1.803207,9.920000,9.160000
1.803608,9.893332,9.073333
1.804010,9.860000,9.126666
1.804411,9.846666,9.093333
1.804812,9.800000,9.039999
1.805213,9.839999,9.006666
1.805615,9.753333,9.006666
1.806016,9.593333,8.973332
1.806418,9.740000,8.986667
1.806820,9.786667,8.933333
1.807222,9.680000,8.913333
1.807624,9.666667,8.920000
1.808027,9.613334,8.886666
1.808429,9.626666,8.846666
1.808831,9.580000,8.846666
1.809232,9.540000,8.800000
1.809633,9.513333,8.813334
1.810034,9.499999,8.726666
1.810435,9.580000,8.740000
1.810836,9.413333,8.706666
1.811238,9.453333,8.546666
1.811645,9.233333,8.653333
1.812047,9.340000,8.573333
1.812449,9.333333,8.626667
1.812850,9.293333,8.546666
1.813252,9.280000,8.579999
1.813653,9.353333,8.579999
1.814054,9.213333,8.493334
1.814456,9.213333,8.526667
1.814857,9.166666,8.480000
1.815258,9.146667,8.426667
1.815659,9.126666,8.433333
1.816060,9.053333,8.393332
1.816462,9.073333,8.413333
1.816863,9.066667,8.360000
1.817265,9.000000,8.320000
1.817666,9.006666,8.320000
1.818067,9.046666,8.306666
1.818469,8.926666,8.313333
1.818870,8.946667,8.246666
1.819271,8.853333,8.046666
1.819672,8.880000,8.113333
1.820073,8.846666,8.193333
1.820475,8.820000,8.253333
1.820877,8.793333,8.146667
1.821278,8.773333,8.120000
1.821680,8.713333,8.053332
1.822081,8.746667,8.080000
1.822483,8.806666,8.026667
1.822884,8.599999,8.000000
1.823286,8.646667,8.040000
1.823687,8.606667,7.966667
1.824089,8.599999,7.953333
1.824490,8.579999,7.906666
1.824891,8.546666,7.866666
1.825293,8.546666,7.873333
1.825695,8.513332,7.846667
1.826096,8.473333,7.846667
1.826497,8.513332,7.866666
1.826900,8.413333,7.773333
1.827302,8.420000,7.780000
1.827704,8.393332,7.660000
1.828107,8.346666,7.686666
1.828508,8.286667,7.686666
1.828909,8.286667,7.673333
1.829310,8.266666,7.620000
1.829712,8.246666,7.573333
1.830113,8.213333,7.600000
1.830515,8.100000,7.566667
1.830916,8.133333,7.520000
1.831317,8.173333,7.626667
1.831718,8.100000,7.553333
1.832121,8.100000,7.480000
1.832523,8.046666,7.486667
1.832924,8.040000,7.400000
1.833326,8.026667,7.413333
1.833728,8.026667,7.413333
1.834129,7.946667,7.353333
1.834531,7.980000,7.333333
1.834932,7.926667,7.326666
1.835333,7.886666,7.293333
1.835735,7.813334,7.306666
1.836136,7.893333,7.260000
1.836538,7.853333,7.213333
1.836939,7.786666,7.166667
1.837341,7.806666,7.173333
1.837742,7.766666,7.166667
1.838143,7.700000,7.146667
1.838545,7.679999,7.080000
1.838946,7.679999,7.106667
1.839347,7.640000,7.140000
1.839748,7.660000,7.040000
1.840151,7.606667,6.986666
1.840552,7.566667,6.986666
1.840953,7.559999,6.960000
1.841355,7.533333,6.953333
1.841757,7.506667,6.906667
1.842158,7.493333,6.893333
1.842559,7.460000,6.900000
1.842960,7.446666,6.880000
1.843362,7.406666,6.813333
1.843764,7.366667,6.820000
1.844165,7.346666,6.833333
1.844566,7.380000,6.760000
1.844967,7.366667,6.753333
1.845369,7.306666,6.713333
1.845771,7.226666,6.700000
1.846172,7.280000,6.686666
1.846574,7.186666,6.640000
1.846975,7.186666,6.686666
1.847376,7.166667,6.500000
1.847777,7.160000,6.486667
1.848178,7.153333,6.546667
1.848579,7.086666,6.520000
1.848980,7.093333,6.500000
1.849382,7.046667,6.473333
1.849783,7.026667,6.440000
1.850184,6.986666,6.446667
1.850585,6.973333,6.473333
1.850986,7.020000,6.360000
1.851388,6.953333,6.346667
1.851789,6.860000,6.373333
1.852190,6.873333,6.300000
1.852591,6.900000,6.306666
1.852992,6.840000,6.313334
1.853393,6.813333,6.286667
1.853794,6.786666,6.220000
1.854195,6.760000,6.193333
1.854596,6.773334,6.153333
1.854997,6.586667,6.160000
1.855398,6.753333,6.166667
1.855800,6.706667,6.260000
1.856201,6.753333,6.106667
1.856603,6.486667,6.100000
1.857004,6.546667,6.073333
1.857405,6.633333,6.066667
1.857807,6.520000,5.980000
1.858208,6.546667,5.980000
1.858609,6.453333,5.940000
1.859010,6.460000,5.940000
1.859411,6.393333,5.933333
1.859813,6.433333,5.933333
1.860216,6.393333,5.886667
1.860617,6.333333,5.873333
1.861018,6.373333,5.820000
1.861420,6.320000,5.826667
1.861821,6.293333,5.800000
1.862222,6.266666,5.760000
1.862623,6.180000,5.693333
1.863026,6.206666,5.753333
1.863429,6.153333,5.693333
1.863831,6.153333,5.700000
1.864233,6.146667,5.700000
1.864635,6.140000,5.593333
1.865036,6.153333,5.613333
1.865437,6.086667,5.586667
1.865838,6.086667,5.539999
1.866240,6.033333,5.539999
1.866641,6.006667,5.520000
1.867042,5.986667,5.560000
1.867444,5.960000,5.473333
1.867845,5.993333,5.546667
1.868246,5.933333,5.426667
1.868648,5.913333,5.413333
1.869050,5.900000,5.846666
1.869451,5.713333,5.420000
1.869852,5.846666,5.373333
1.870253,5.813333,5.326667
1.870655,5.780000,5.320000
1.871057,5.766666,5.273333
1.871458,5.746666,5.266667
1.871859,5.740000,5.240000
1.872261,5.693333,5.213333
1.872662,5.606667,5.233334
1.873063,5.666667,5.166667
1.873464,5.560000,5.146667
1.873865,5.600000,5.153333
1.874266,5.586667,5.120000
1.874667,5.566667,5.093333
1.875068,5.546667,5.066667
1.875469,5.520000,5.060000
1.875870,5.506666,5.060000
1.876271,5.480000,5.020000
1.876672,5.453333,5.026667
1.877073,5.413333,4.946666
1.877475,5.413333,5.240000
1.877876,5.386667,4.926667
1.878277,5.380000,4.926667
1.878678,5.333333,4.833333
1.879079,5.346666,4.873333
1.879480,5.440000,4.866667
1.879883,5.320000,4.840000
1.880286,5.253333,4.806667
1.880688,5.253333,4.793333
1.881089,5.300000,4.786666
1.881491,5.206666,4.740000
1.881892,5.140000,4.733333
1.882293,5.160000,4.740000
1.882695,5.106667,4.700000
1.883098,5.113333,4.686666
1.883501,5.073333,4.660000
1.883902,5.053333,4.633333
1.884303,5.020000,4.593333
1.884705,5.006667,4.600000
1.885106,5.006667,4.540000
1.885508,5.000000,4.560000
1.885909,4.960000,4.540000
1.886310,4.926667,4.540000
1.886712,4.960000,4.520000
1.887113,4.886666,4.466667
1.887515,4.886666,4.460000
1.887916,4.860000,4.433333
1.888317,4.826666,4.400000
1.888718,4.806667,4.386666
1.889119,4.760000,4.380000
1.889521,4.780000,4.266666
1.889922,4.740000,4.346667
1.890323,4.720000,4.313334
1.890724,4.700000,4.293333
1.891125,4.693333,4.213334
1.891526,4.666667,4.240000
1.891927,4.640000,4.220000
1.892328,4.620000,4.206666
1.892730,4.593333,4.186666
1.893131,4.573333,4.173333
1.893532,4.566667,4.180000
1.893934,4.540000,4.146667
1.894336,4.493333,4.086667
1.894737,4.486666,4.100000
1.895138,4.373333,4.020000
1.895539,4.486666,4.060000
1.895942,4.400000,4.053333
1.896343,4.466667,4.053333
1.896744,4.406667,3.960000
1.897145,4.380000,4.000000
1.897546,4.333333,3.986666
1.897948,4.353333,3.993333
1.898350,4.346667,3.926666
1.898751,4.300000,3.386667
1.899154,4.253333,3.900000
1.899555,4.253333,3.866667
1.899956,4.220000,3.853333
1.900357,4.213334,3.840000
1.900759,4.206666,3.833333
1.901160,4.186666,3.833333
1.901561,4.173333,3.746666
1.901962,4.126667,3.740000
1.902364,4.113333,3.693333
1.902765,4.100000,3.680000
1.903167,4.100000,3.713333
1.903568,4.080000,3.640000
1.903970,3.960000,3.593333
1.904375,4.020000,3.426666
1.904777,3.986666,3.633333
1.905179,3.973333,3.653333
1.905581,4.033333,3.600000
1.905982,3.920000,3.593333
1.906383,3.893333,3.546667
1.906784,3.886667,3.560000
1.907185,3.880000,3.500000
1.907586,3.846667,3.486667
1.907987,3.846667,3.520000
1.908388,3.833333,3.486667
1.908789,3.813334,3.486667
1.909190,3.773333,3.520000
1.909592,3.726667,3.406667
1.909993,3.746666,3.373333
1.910395,3.713333,3.360000
1.910797,3.693333,3.346666
1.911198,3.666667,3.333333
1.911599,3.660000,3.280000
1.912000,3.673333,3.253333
1.912402,3.620000,3.293333
1.912803,3.606667,3.293333
1.913205,3.573333,3.253333
1.913606,3.526666,3.186666
1.914007,3.533333,3.220000
1.914409,3.513333,3.166667
1.914810,3.400000,3.153333
1.915212,3.473333,3.140000
1.915613,3.466666,3.133333
1.916014,3.446667,3.106667
1.916416,3.413333,3.120000
1.916818,3.433333,3.100000
1.917219,3.386667,3.086667
1.917620,3.400000,3.040000
1.918021,3.346666,3.060000
1.918423,3.373333,3.000000
1.918824,3.313333,3.073333
1.919225,3.313333,2.960000
1.919626,3.286667,2.960000
1.920027,3.260000,2.960000
1.920429,3.246666,2.880000
1.920830,3.226667,2.960000
1.921231,3.220000,2.926667
1.921633,3.213333,3.020000
1.922034,3.166667,2.813333
1.922437,3.280000,2.840000
1.922838,3.006667,2.793333
1.923240,3.100000,2.806667
1.923641,3.153333,2.813333
1.924042,3.080000,2.793333
1.924443,3.040000,2.786667
1.924844,3.066667,2.786667
1.925246,3.020000,2.746667
1.925647,3.026667,2.740000
1.926049,3.026667,2.753333
1.926450,3.020000,2.700000
1.926851,2.980000,2.553333
1.927252,2.926667,2.613333
1.927654,2.986667,2.620000
1.928055,2.906667,2.613333
1.928456,2.986667,2.640000
1.928857,2.913333,2.646667
1.929258,2.880000,2.460000
1.929660,2.853333,2.700000
1.930062,2.860000,2.566667
1.930463,2.733333,2.546667
1.930864,2.706666,2.520000
1.931266,2.606667,2.513333
1.931667,2.773333,2.460000
1.932069,2.760000,2.466667
1.932471,2.733333,2.466667
1.932872,2.713333,2.473333
1.933274,2.693333,2.440000
1.933675,2.673333,2.353333
1.934077,2.660000,2.460000
1.934478,2.686666,2.406667
1.934879,2.633333,2.400000
1.935280,2.613333,2.353333
1.935681,2.606667,2.346667
1.936083,2.580000,2.326667
1.936484,2.566667,2.260000
1.936885,2.560000,2.273333
1.937286,2.526667,2.260000
1.937687,2.500000,2.273333
1.938088,2.453333,2.233333
1.938490,2.466667,2.273333
1.938893,2.446667,2.226666
1.939294,2.386667,2.240000
1.939695,2.420000,2.213333
1.940098,2.540000,2.200000
1.940499,2.420000,2.120000
1.940901,2.373333,2.346667
1.941302,2.420000,2.140000
1.941704,2.380000,2.133333
1.942105,2.353333,2.086667
1.942506,2.386667,2.073333
1.942909,2.340000,2.140000
1.943310,2.293333,2.086667
1.943712,2.266667,2.093333
1.944114,2.346667,2.026667
1.944516,2.266667,2.006667
1.944917,2.233333,2.000000
1.945319,2.240000,1.986667
1.945720,2.240000,1.940000
1.946121,2.206667,2.026667
1.946522,2.193333,1.940000
1.946924,2.120000,1.906667
1.947326,2.133333,1.906667
1.947727,2.140000,1.800000
1.948128,2.220000,1.906667
1.948529,2.113333,1.886667
1.948930,2.180000,1.906667
1.949331,2.086667,1.813333
1.949732,2.066667,1.853333
1.950134,2.060000,1.826667
1.950536,2.046667,1.833333
1.950937,2.033333,1.793333
1.951338,2.000000,1.720000
1.951740,1.986667,1.746667
1.952141,1.986667,1.773333
1.952543,2.000000,1.700000
1.952944,1.953333,1.746667
1.953346,1.953333,1.746667
1.953748,1.893333,1.720000
1.954151,1.913333,1.520000
1.954552,1.906667,1.546667
1.954953,1.840000,1.646667
1.955354,1.880000,1.646667
1.955755,1.880000,1.646667
1.956156,1.840000,1.600000
1.956558,1.833333,1.633333
1.956959,1.780000,1.600000
1.957361,1.820000,1.586667
1.957763,1.806667,1.600000
1.958165,1.786667,1.580000
1.958567,1.633333,1.573333
1.958969,1.766667,1.540000
1.959374,1.746667,1.553333
1.959776,1.813333,1.300000
1.960177,1.706667,1.526667
1.960578,1.720000,1.486667
1.960980,1.733333,1.466667
1.961382,1.646667,1.420000
1.961783,1.666667,1.440000
1.962184,1.666667,1.453333
1.962585,1.626667,1.420000
1.962986,1.613333,1.480000
1.963388,1.600000,1.400000
1.963789,1.480000,1.393333
1.964190,1.593333,1.386667
1.964592,1.540000,1.386667
1.964993,1.560000,1.380000
1.965395,1.553333,1.373333
1.965796,1.540000,1.373333
1.966197,1.526667,1.326667
1.966598,1.520000,1.313333
1.966999,1.480000,1.240000
1.967401,1.460000,1.360000
1.967802,1.473333,1.300000
1.968204,1.453333,1.280000
1.968606,1.446667,1.246667
1.969007,1.626667,1.240000
1.969409,1.453333,1.240000
1.969810,1.406667,1.226667
1.970211,1.353333,1.213333
1.970612,1.406667,1.240000
1.971014,1.380000,1.220000
1.971417,1.293333,1.206667
1.971818,1.426667,1.153333
1.972219,1.280000,1.173333
1.972620,1.346667,1.126667
1.973022,1.300000,1.206667
1.973423,1.380000,1.153333
1.973824,1.313333,1.206667
1.974226,1.280000,1.400000
1.974627,1.280000,1.120000
1.975028,1.293333,1.113333
1.975430,1.253333,1.100000
1.975831,1.240000,1.066667
1.976233,1.233333,1.053333
1.976634,1.220000,1.033333
1.977035,1.213333,1.033333
1.977436,1.206667,1.073333
1.977837,1.206667,1.033333
1.978239,1.240000,1.120000
1.978640,1.186667,1.080000
1.979042,1.153333,1.020000
1.979444,1.260000,0.960000
1.979847,1.140000,0.980000
1.980248,1.133333,1.040000
1.980650,1.133333,0.973333
1.981052,1.113333,0.973333
1.981453,1.086667,0.993333
1.981855,1.093333,0.960000
1.982256,1.073333,0.946667
1.982657,1.086667,0.946667
1.983058,1.040000,0.946667
1.983459,1.060000,0.946667
1.983860,1.033333,0.946667
1.984261,0.993333,0.946667
1.984662,1.013333,0.946667
1.985064,1.026667,0.946667
1.985465,1.000000,0.946667
1.985866,0.946667,0.946667
1.986268,0.980000,0.946667
1.986670,1.006667,0.946667
1.987071,1.000000,0.946667
1.987472,0.966667,0.946667
1.987874,0.946667,0.946667
1.988275,1.026667,0.946667
1.988677,0.946667,0.946667
1.989078,0.960000,0.946667
1.989479,0.946667,0.946667
1.989880,0.946667,0.946667
1.990281,0.946667,0.946667
1.990682,0.953333,0.946667
1.991083,0.946667,0.946667
1.991484,0.946667,0.946667
1.991885,0.946667,0.946667
1.992287,0.946667,0.946667
1.992688,0.946667,0.946667
1.993091,0.946667,0.946667
1.993493,0.946667,0.946667
1.993894,0.946667,0.946667
1.994296,0.946667,0.946667
1.994698,0.946667,0.946667
1.995100,0.946667,0.946667
1.995503,0.946667,0.946667
1.995905,0.946667,0.946667
1.996307,0.946667,0.946667
1.996708,0.946667,0.946667
1.997111,0.946667,0.946667
1.997513,0.946667,0.946667
1.997914,0.946667,0.946667
1.998315,0.946667,0.946667
1.998716,0.946667,0.946667
1.999117,0.946667,0.946667
1.999519,0.946667,0.946667
1.999921,0.946667,0.946667
2.000322,0.946667,0.960000
2.000723,0.946667,0.946667
2.001124,0.946667,0.946667
2.001525,0.946667,0.946667
2.001926,0.946667,0.946667
2.002328,0.946667,0.946667
2.002729,0.946667,0.946667
2.003131,0.946667,0.946667
2.003532,0.946667,0.946667
2.003935,0.946667,0.946667
2.004337,0.946667,0.946667
2.004738,0.946667,0.946667
2.005140,0.946667,0.946667
2.005542,0.946667,0.946667
2.005944,0.946667,0.946667
2.006345,0.946667,0.946667
2.006746,0.946667,0.946667
