0.000000,0.946667,0.946667
0.000402,0.946667,0.946667
0.000803,0.946667,0.946667
0.001205,0.946667,0.946667
0.001607,0.946667,0.946667
0.002008,0.946667,0.946667
0.002410,0.946667,0.946667
0.002811,0.946667,0.946667
0.003212,0.946667,0.946667
0.003613,0.946667,0.946667
0.004015,0.946667,0.946667
0.004416,0.946667,0.946667
0.004817,0.946667,0.946667
0.005219,0.946667,0.946667
0.005621,0.946667,0.946667
0.006022,0.946667,0.946667
0.006423,0.946667,0.946667
0.006824,0.946667,0.946667
0.007225,0.946667,0.946667
0.007627,0.946667,0.946667
0.008028,0.946667,0.946667
0.008429,0.946667,0.946667
0.008830,0.946667,0.946667
0.009232,0.946667,0.946667
0.009633,0.946667,0.946667
0.010035,0.946667,0.946667
0.010436,0.946667,0.946667
0.010837,0.946667,0.946667
0.011238,0.946667,0.946667
0.011640,0.946667,0.946667
0.012042,0.946667,0.946667
0.012444,0.946667,0.946667
0.012845,0.946667,0.946667
0.013246,0.946667,0.946667
0.013648,0.946667,0.946667
0.014049,0.946667,0.946667
0.014450,0.946667,0.946667
0.014851,0.946667,0.946667
0.015252,0.946667,0.946667
0.015653,0.946667,0.946667
0.016055,0.946667,0.946667
0.016458,0.946667,0.946667
0.016859,0.946667,0.946667
0.017260,0.946667,0.946667
0.017661,0.946667,0.946667
0.018062,0.946667,0.946667
0.018463,0.946667,0.946667
0.018864,0.946667,0.946667
0.019265,0.946667,0.946667
0.019667,0.946667,0.946667
0.020068,0.946667,0.946667
0.020469,0.946667,0.946667
0.020872,0.946667,0.946667
0.021274,0.946667,0.946667
0.021675,0.946667,0.946667
0.022076,0.946667,0.946667
0.022478,0.946667,0.946667
0.022879,0.946667,0.946667
0.023280,0.946667,0.946667
0.023681,0.946667,0.946667
0.024082,0.946667,0.946667
0.024483,0.946667,0.946667
0.024885,0.946667,0.946667
0.025286,0.946667,0.946667
0.025687,0.946667,0.946667
0.026088,0.946667,0.946667
0.026489,0.946667,0.946667
0.026891,0.946667,0.946667
0.027293,0.946667,0.946667
0.027694,0.946667,0.946667
0.028095,0.946667,0.946667
0.028496,0.946667,0.946667
0.028898,0.946667,0.946667
0.029300,0.946667,0.946667
0.029701,0.946667,0.946667
0.030102,0.946667,0.946667
0.030503,0.946667,0.946667
0.030905,0.946667,0.946667
0.031306,0.946667,0.946667
0.031707,0.946667,0.946667
0.032108,0.946667,0.946667
0.032510,0.946667,0.946667
0.032911,0.946667,0.946667
0.033313,0.946667,0.946667
0.033714,0.946667,0.946667
0.034115,0.946667,0.946667
0.034518,0.946667,0.946667
0.034921,0.946667,0.946667
0.035322,0.946667,0.946667
0.035723,0.946667,0.946667
0.036124,0.946667,0.946667
0.036525,0.946667,0.946667
0.036927,0.946667,0.946667
0.037328,0.946667,0.946667
0.037729,0.946667,0.946667
0.038130,0.946667,0.946667
0.038532,0.946667,0.946667
0.038933,0.946667,0.946667
0.039334,0.946667,0.946667
0.039735,0.946667,0.946667
0.040136,0.946667,0.946667
0.040537,0.946667,0.946667
0.040938,0.946667,0.946667
0.041340,0.946667,0.946667
0.041741,0.946667,0.946667
0.042143,0.946667,0.946667
0.042544,0.946667,0.946667
0.042945,0.946667,0.946667
0.043346,0.946667,0.946667
0.043747,0.946667,0.946667
0.044149,0.946667,0.946667
0.044551,0.946667,0.946667
0.044952,0.946667,0.946667
0.045353,0.946667,0.946667
0.045754,0.946667,0.946667
0.046155,0.946667,0.946667
0.046556,0.946667,0.946667
0.046957,0.946667,0.946667
0.047358,0.946667,0.946667
0.047759,0.946667,0.946667
0.048160,0.946667,0.946667
0.048562,0.946667,0.946667
0.048963,0.946667,0.946667
0.049365,0.946667,0.946667
0.049766,0.946667,0.946667
0.050167,0.946667,0.946667
0.050568,0.946667,0.946667
0.050969,0.946667,0.946667
0.051371,0.946667,0.946667
0.051772,0.946667,0.946667
0.052173,0.946667,0.946667
0.052574,0.946667,0.946667
0.052975,0.946667,0.946667
0.053376,0.946667,0.946667
0.053779,0.946667,0.946667
0.054180,0.946667,0.946667
0.054581,0.946667,0.946667
0.054982,0.946667,0.946667
0.055383,0.946667,0.946667
0.055784,0.946667,0.946667
0.056185,0.946667,0.946667
0.056587,0.946667,0.946667
0.056988,0.946667,0.946667
0.057390,0.946667,0.946667
0.057791,0.946667,0.946667
0.058193,0.946667,0.946667
0.058595,0.946667,0.946667
0.058996,0.946667,0.946667
0.059397,0.946667,0.946667
0.059798,0.946667,0.946667
0.060200,0.946667,0.946667
0.060601,0.946667,0.946667
0.061003,0.946667,0.946667
0.061405,0.946667,0.946667
0.061806,0.946667,0.946667
0.062208,0.946667,0.946667
0.062609,0.946667,0.946667
0.063010,0.946667,0.946667
0.063411,0.946667,0.946667
0.063814,0.946667,0.946667
0.064215,0.946667,0.946667
0.064616,0.946667,0.946667
0.065018,0.946667,0.946667
0.065420,0.946667,0.946667
0.065821,0.946667,0.946667
0.066223,0.946667,0.946667
0.066624,0.946667,0.946667
0.067027,0.946667,0.946667
0.067429,0.946667,0.946667
0.067830,0.946667,0.946667
0.068231,0.946667,0.946667
0.068633,0.946667,0.946667
0.069034,0.946667,0.946667
0.069435,0.946667,0.946667
0.069836,0.946667,0.946667
0.070238,0.946667,0.946667
0.070639,0.946667,0.946667
0.071042,0.946667,0.946667
0.071443,0.946667,0.946667
0.071844,0.946667,0.946667
0.072245,0.946667,0.946667
0.072647,0.946667,0.946667
0.073048,0.946667,0.946667
0.073449,0.946667,0.946667
0.073850,0.946667,0.946667
0.074251,0.946667,0.946667
0.074652,0.946667,0.946667
0.075053,0.946667,0.946667
0.075455,0.946667,0.946667
0.075856,0.946667,0.946667
0.076258,0.946667,0.946667
0.076659,0.946667,0.946667
0.077060,0.946667,0.946667
0.077462,0.946667,0.946667
0.077863,0.946667,0.946667
0.078264,0.946667,0.946667
0.078666,0.946667,0.946667
0.079067,0.946667,0.946667
0.079468,0.946667,0.946667
0.079869,0.946667,0.946667
0.080271,0.946667,0.946667
0.080673,0.946667,0.946667
0.081074,0.946667,0.946667
0.081475,0.946667,0.946667
0.081876,0.946667,0.946667
0.082280,0.946667,0.946667
0.082681,0.946667,0.946667
0.083082,0.946667,0.946667
0.083483,0.946667,0.946667
0.083884,1.000000,0.946667
0.084286,0.966667,0.946667
0.084688,0.953333,0.946667
0.085089,0.993333,0.946667
0.085490,0.960000,0.946667
0.085891,0.973333,0.946667
0.086293,0.993333,0.946667
0.086694,0.986667,0.946667
0.087095,1.013333,0.946667
0.087496,1.020000,0.946667
0.087897,1.033333,0.973333
0.088299,1.020000,0.946667
0.088700,1.033333,0.953333
0.089101,1.066667,1.093333
0.089503,1.206667,0.946667
0.089906,1.086667,1.013333
0.090307,1.146667,0.993333
0.090708,1.113333,1.033333
0.091109,1.126667,1.006667
0.091512,1.120000,1.020000
0.091914,1.013333,0.946667
0.092316,1.086667,1.033333
0.092718,1.140000,1.033333
0.093119,1.073333,1.086667
0.093521,1.160000,0.986667
0.093922,1.180000,1.113333
0.094323,1.193333,1.020000
0.094726,1.206667,1.086667
0.095128,1.193333,1.086667
0.095529,1.206667,1.106667
0.095930,1.260000,1.033333
0.096332,1.213333,1.166667
0.096733,1.233333,1.093333
0.097134,1.240000,1.160000
0.097536,1.220000,1.173333
0.097937,1.293333,1.206667
0.098339,1.226667,1.246667
0.098740,1.306667,1.193333
0.099141,1.313333,1.206667
0.099546,1.360000,1.146667
0.099947,1.360000,1.353333
0.100348,1.413333,1.146667
0.100749,1.373333,1.240000
0.101151,1.373333,1.260000
0.101553,1.353333,1.266667
0.101955,1.433333,1.246667
0.102356,1.406667,1.300000
0.102759,1.406667,1.313333
0.103160,1.406667,1.300000
0.103562,1.440000,1.320000
0.103965,1.420000,1.326667
0.104367,1.500000,1.260000
0.104768,1.486667,1.360000
0.105170,1.480000,1.353333
0.105571,1.500000,1.313333
0.105973,1.533333,1.393333
0.106375,1.473333,1.386667
0.106776,1.553333,1.393333
0.107178,1.633333,1.400000
0.107579,1.560000,1.420000
0.107982,1.600000,1.480000
0.108384,1.593333,1.433333
0.108785,1.580000,1.480000
0.109186,1.653333,1.526667
0.109587,1.606667,1.486667
0.109988,1.633333,1.480000
0.110389,1.613333,1.553333
0.110792,1.660000,1.513333
0.111193,1.680000,1.560000
0.111595,1.693333,1.560000
0.111996,1.713333,1.573333
0.112398,1.706667,1.560000
0.112799,1.713333,1.573333
0.113201,1.706667,1.600000
0.113603,1.780000,1.606667
0.114004,1.760000,1.613333
0.114405,1.773333,1.646667
0.114806,1.813333,1.653333
0.115207,1.806667,1.660000
0.115609,1.880000,1.646667
0.116010,1.800000,1.686667
0.116412,1.813333,1.706667
0.116814,1.873333,1.686667
0.117215,1.886667,1.740000
0.117616,1.893333,1.733333
0.118017,1.906667,1.786667
0.118419,1.913333,1.773333
0.118820,1.940000,1.786667
0.119221,1.940000,1.786667
0.119622,1.953333,1.786667
0.120023,1.980000,1.820000
0.120424,2.000000,1.833333
0.120825,2.000000,1.840000
0.121227,2.000000,1.846667
0.121628,2.046667,1.846667
0.122030,2.013333,1.880000
0.122432,2.080000,2.086667
0.122833,2.066667,1.913333
0.123234,2.133333,1.940000
0.123635,2.093333,1.913333
0.124036,2.100000,1.966667
0.124437,2.133333,1.946667
0.124839,2.146667,1.946667
0.125240,2.153333,2.093333
0.125641,2.160000,2.053333
0.126043,2.186667,2.006667
0.126444,2.233333,2.006667
0.126846,2.246667,2.073333
0.127248,1.980000,2.053333
0.127650,2.253333,2.080000
0.128052,2.266667,2.046667
0.128454,2.333333,2.146667
0.128855,2.306667,2.146667
0.129256,2.233333,2.146667
0.129657,2.373333,2.140000
0.130058,2.326667,2.166667
0.130460,2.373333,2.200000
0.130861,2.366667,2.200000
0.131262,2.400000,2.213333
0.131663,2.513333,2.226666
0.132064,2.346667,2.266667
0.132465,2.433333,2.260000
0.132866,2.453333,2.273333
0.133267,2.460000,2.286667
0.133669,2.400000,2.313333
0.134070,2.466667,2.186667
0.134471,2.546667,2.313333
0.134872,2.560000,2.353333
0.135273,2.560000,2.360000
0.135674,2.553333,2.366667
0.136077,2.546667,2.360000
0.136478,2.553333,2.426666
0.136879,2.626667,2.433333
0.137280,2.646667,2.433333
0.137682,2.626667,2.446667
0.138083,2.633333,2.446667
0.138484,2.680000,2.460000
0.138887,2.680000,2.473333
0.139288,2.553333,2.520000
0.139689,2.720000,2.493333
0.140092,2.726667,2.526667
0.140494,2.820000,2.493333
0.140896,2.780000,2.466667
0.141297,2.766667,2.800000
0.141699,2.786667,2.620000
0.142100,2.720000,2.673333
0.142502,2.940000,2.646667
0.142903,2.913333,2.666667
0.143306,2.866667,2.666667
0.143708,2.860000,2.673333
0.144109,2.886667,2.706666
0.144510,2.940000,2.706666
0.144911,2.973333,2.720000
0.145312,3.013333,2.766667
0.145713,2.960000,2.706666
0.146114,3.013333,2.733333
0.146515,3.020000,2.786667
0.146916,3.040000,2.800000
0.147318,3.046667,2.826667
0.147719,3.086667,2.800000
0.148120,3.093333,2.860000
0.148521,3.046667,2.706666
0.148922,3.106667,2.866667
0.149323,3.133333,2.893333
0.149725,3.133333,2.926667
0.150126,3.093333,2.953333
0.150528,3.300000,2.920000
0.150929,3.173333,2.966666
0.151331,3.226667,2.960000
0.151733,3.240000,3.000000
0.152135,3.253333,3.046667
0.152536,3.260000,3.000000
0.152939,3.280000,3.033333
0.153340,3.446667,3.073333
0.153741,3.320000,3.100000
0.154143,3.340000,3.100000
0.154544,3.340000,3.093333
0.154945,3.386667,3.133333
0.155347,3.380000,3.133333
0.155748,3.406667,3.220000
0.156149,3.540000,3.166667
0.156550,3.433333,3.206667
0.156951,3.466666,3.233333
0.157353,3.493333,3.266667
0.157754,3.480000,3.260000
0.158156,3.533333,3.280000
0.158557,3.620000,3.313333
0.158958,3.666667,3.313333
0.159360,3.580000,3.333333
0.159761,3.633333,3.346666
0.160162,3.633333,3.246666
0.160563,3.626667,3.360000
0.160965,3.660000,3.406667
0.161367,3.666667,3.406667
0.161768,3.673333,3.400000
0.162169,3.726667,3.460000
0.162570,3.613333,3.486667
0.162971,3.760000,3.486667
0.163373,3.746666,3.546667
0.163775,3.933333,3.460000
0.164176,3.760000,3.553333
0.164577,3.933333,3.566667
0.164979,3.866667,3.580000
0.165380,3.860000,3.580000
0.165781,3.893333,3.580000
0.166183,3.940000,3.626667
0.166584,3.953333,3.653333
0.166985,3.980000,3.706666
0.167387,3.953333,3.673333
0.167789,3.880000,3.693333
0.168190,4.053333,3.700000
0.168591,4.073333,3.740000
0.168993,4.066667,3.746666
0.169395,4.066667,3.746666
0.169796,4.106667,3.853333
0.170197,4.126667,3.846667
0.170598,4.106667,3.833333
0.171000,4.166667,3.886667
0.171401,4.180000,3.886667
0.171802,4.180000,3.926666
0.172203,4.220000,4.020000
0.172604,4.246667,3.940000
0.173005,4.253333,3.953333
0.173408,4.253333,4.080000
0.173810,4.300000,3.913333
0.174211,4.326666,4.013333
0.174613,4.326666,4.020000
0.175014,4.366666,4.240000
0.175415,4.333333,4.073333
0.175816,4.386666,4.113333
0.176218,4.420000,4.106667
0.176619,4.406667,4.140000
0.177021,4.480000,4.166667
0.177422,4.460000,4.180000
0.177823,4.520000,4.173333
0.178225,4.400000,4.200000
0.178626,4.540000,4.206666
0.179029,4.566667,4.273333
0.179430,4.586667,4.246667
0.179831,4.620000,4.293333
0.180233,4.660000,4.313334
0.180635,4.640000,4.306667
0.181038,4.693333,4.360000
0.181439,4.753333,4.360000
0.181840,4.633333,4.393333
0.182241,4.720000,4.420000
0.182643,4.753333,4.446667
0.183044,4.760000,4.446667
0.183446,4.886666,4.480000
0.183848,4.753333,4.460000
0.184249,4.793333,4.526667
0.184650,4.866667,4.540000
0.185051,4.966667,4.540000
0.185453,4.800000,4.573333
0.185854,4.893333,4.573333
0.186255,4.933333,4.540000
0.186657,4.946666,4.626667
0.187060,4.973333,4.606667
0.187461,4.980000,4.640000
0.187862,5.020000,4.700000
0.188264,5.033333,4.700000
0.188666,5.106667,4.713333
0.189067,5.080000,4.746666
0.189469,5.126667,4.766666
0.189870,5.100000,4.780000
0.190272,5.226666,4.793333
0.190673,5.166667,4.813333
0.191074,5.173333,4.853333
0.191475,5.240000,4.873333
0.191876,5.233334,4.773334
0.192280,5.233334,4.900000
0.192682,5.213333,4.906667
0.193085,5.286666,4.886666
0.193486,5.346666,4.960000
0.193887,5.346666,4.986667
0.194289,5.320000,5.000000
0.194691,5.400000,5.053333
0.195093,5.413333,5.060000
0.195495,5.446666,5.053333
0.195896,5.466667,5.066667
0.196297,5.473333,5.093333
0.196698,5.493333,5.146667
0.197100,5.740000,5.146667
0.197501,5.566667,5.146667
0.197903,5.593333,5.213333
0.198304,5.586667,5.226666
0.198706,5.640000,5.240000
0.199109,5.606667,5.240000
0.199510,5.640000,5.240000
0.199912,5.633333,5.260000
0.200313,5.686666,5.453333
0.200715,5.713333,5.366667
0.201117,5.720000,5.246666
0.201518,5.820000,5.586667
0.201920,5.793334,5.473333
0.202321,5.813333,5.386667
0.202722,5.840000,5.506666
0.203123,5.833333,5.433333
0.203525,5.866666,5.486667
0.203926,5.893333,5.513333
0.204327,5.893333,5.506666
0.204728,5.866666,5.546667
0.205130,5.960000,5.580000
0.205532,5.960000,5.606667
0.205933,6.033333,5.593333
0.206334,6.020000,5.626667
0.206736,6.073333,5.660000
0.207137,6.106667,5.673333
0.207538,6.133333,5.700000
0.207939,6.306666,5.686666
0.208341,6.113333,5.773333
0.208742,6.060000,5.753333
0.209144,6.240000,5.733333
0.209546,6.280000,5.800000
0.209947,6.253334,5.853333
0.210349,6.266666,5.853333
0.210750,6.280000,5.866666
0.211152,6.313334,5.913333
0.211553,6.333333,5.920000
0.211954,6.360000,5.953333
0.212356,6.373333,5.960000
0.212758,6.406667,6.020000
0.213159,6.446667,6.006667
0.213560,6.446667,6.000000
0.213962,6.506667,6.040000
0.214365,6.466667,6.073333
0.214766,6.506667,6.113333
0.215167,6.520000,6.140000
0.215568,6.600000,6.153333
0.215969,6.640000,6.160000
0.216370,6.680000,6.113333
0.216771,6.666667,6.200000
0.217172,6.646667,6.286667
0.217574,6.720000,6.406667
0.217975,6.713333,6.260000
0.218376,6.780000,6.300000
0.218779,6.786666,6.286667
0.219180,6.806667,6.306666
0.219581,6.833333,6.360000
0.219982,6.840000,6.346667
0.220384,6.873333,6.433333
0.220785,6.993333,6.460000
0.221187,6.933333,6.433333
0.221589,6.960000,6.446667
0.221992,6.966666,6.513333
0.222393,7.000000,6.546667
0.222796,7.073333,6.546667
0.223198,7.053333,6.500000
0.223599,7.013333,6.640000
0.224002,7.133334,6.660000
0.224403,7.040000,6.653333
0.224805,7.146667,6.653333
0.225206,7.119999,6.720000
0.225607,7.086666,6.753333
0.226008,7.253334,6.653333
0.226409,7.233334,6.800000
0.226812,7.273333,6.780000
0.227214,7.306666,6.813333
0.227615,7.366667,6.820000
0.228016,7.333333,6.846666
0.228418,7.346666,6.866666
0.228820,7.366667,6.866666
0.229221,7.413333,6.913333
0.229622,7.400000,6.913333
0.230023,7.466667,6.986666
0.230424,7.440000,7.046667
0.230827,7.520000,7.106667
0.231228,7.526666,7.040000
0.231630,7.526666,7.020000
0.232031,7.566667,7.106667
0.232433,7.626667,7.140000
0.232834,7.640000,7.140000
0.233235,7.660000,7.146667
0.233636,7.780000,7.226666
0.234037,7.673333,7.200000
0.234439,7.753333,7.180000
0.234840,7.740000,7.240000
0.235242,7.773333,7.333333
0.235644,7.786666,7.280000
0.236045,7.826667,7.320000
0.236447,7.860000,7.386667
0.236849,7.866666,7.340000
0.237250,7.906666,7.360000
0.237651,7.920000,7.413333
0.238052,7.933333,7.426666
0.238454,7.940000,7.460000
0.238855,8.126666,7.466667
0.239257,8.033334,7.506667
0.239658,8.040000,7.513333
0.240059,8.053332,7.520000
0.240460,8.086667,7.553333
0.240862,8.120000,7.573333
0.241264,8.226666,7.606667
0.241665,8.113333,7.653333
0.242066,8.233334,7.666667
0.242468,8.233334,7.686666
0.242869,8.179999,7.620000
0.243271,8.333333,7.706666
0.243672,8.300000,7.613333
0.244075,8.300000,7.760000
0.244476,8.333333,7.813334
0.244877,8.366667,7.813334
0.245280,8.393332,7.833333
0.245681,8.400000,7.866666
0.246082,8.446666,7.873333
0.246483,8.486667,7.920000
0.246885,8.506666,8.040000
0.247286,8.553333,7.980000
0.247687,8.546666,8.000000
0.248088,8.566667,8.026667
0.248490,8.560000,8.040000
0.248891,8.620000,8.026667
0.249293,8.639999,8.080000
0.249694,8.673333,8.100000
0.250095,8.666666,8.120000
0.250496,8.719999,8.080000
0.250898,8.886666,8.213333
0.251300,8.780000,8.100000
0.251701,8.813334,8.226666
0.252103,8.826667,8.233334
0.252504,8.973332,8.273334
0.252906,8.860000,8.286667
0.253307,8.913333,8.293333
0.253708,8.913333,8.340000
0.254109,8.920000,8.406667
0.254510,8.973332,8.420000
0.254913,8.986667,8.426667
0.255314,9.033333,8.440000
0.255717,9.046666,8.393332
0.256118,9.059999,8.613334
0.256520,9.106667,8.513332
0.256921,9.000000,8.540000
0.257322,9.126666,8.420000
0.257723,9.173333,8.426667
0.258124,9.160000,8.620000
0.258525,9.299999,8.573333
0.258927,9.253333,8.626667
0.259328,9.280000,8.653333
0.259731,9.179999,8.693334
0.260133,9.333333,8.773333
0.260535,9.340000,8.773333
0.260936,9.346666,8.760000
0.261338,9.393333,8.766666
0.261739,9.400000,8.793333
0.262141,9.420000,8.839999
0.262542,9.486667,8.880000
0.262944,9.553333,8.866667
0.263346,9.553333,8.913333
0.263748,9.626666,8.946667
0.264150,9.573333,8.946667
0.264551,9.613334,9.000000
0.264954,9.633333,9.006666
0.265355,9.693333,9.039999
0.265756,9.706666,9.080000
0.266158,9.719999,9.120000
0.266559,9.733334,9.140000
0.266960,9.753333,9.093333
0.267361,9.766666,9.126666
0.267762,9.886666,9.186666
0.268163,9.806666,9.193333
0.268565,9.880000,9.220000
0.268966,9.906666,9.220000
0.269368,9.933333,9.266666
0.269769,9.953333,9.266666
0.270170,9.986667,9.346666
0.270571,10.006667,9.340000
0.270974,10.026666,9.513333
0.271375,10.040000,9.346666
0.271776,10.120000,9.453333
0.272177,10.000000,9.346666
0.272579,10.120000,9.473333
0.272980,10.160000,9.520000
0.273381,10.173333,9.553333
0.273782,10.186666,9.566666
0.274184,10.213333,9.553333
0.274585,10.240000,9.600000
0.274986,10.286666,9.620000
0.275387,10.313334,9.613334
0.275788,10.340000,9.673333
0.276189,10.346666,9.706666
0.276590,10.346666,9.693333
0.276991,10.406667,9.759999
0.277394,10.426666,9.773333
0.277795,10.426666,9.786667
0.278196,10.493333,9.833333
0.278597,10.566667,9.853333
0.278998,10.493333,9.713333
0.279400,10.559999,9.833333
0.279801,10.546666,9.880000
0.280203,10.606667,9.940001
0.280604,10.653334,9.953333
0.281005,10.639999,9.980000
0.281406,10.679999,10.013333
0.281807,10.720000,10.026666
0.282208,10.740000,10.106667
0.282609,10.759999,10.053333
0.283010,10.746666,9.966666
0.283412,10.800000,10.059999
0.283813,10.720000,10.133333
0.284214,10.866667,10.146667
0.284616,11.079999,10.173333
0.285018,10.820000,10.193334
0.285420,10.933333,10.226666
0.285823,10.973333,10.260000
0.286225,10.966666,10.260000
0.286626,11.006666,10.313334
0.287028,11.026667,10.320000
0.287429,11.053333,10.333333
0.287830,11.099999,10.373333
0.288232,11.040000,10.400000
0.288633,11.099999,10.380000
0.289034,11.146667,10.460000
0.289435,11.153333,10.286666
0.289837,11.213333,10.493333
0.290238,11.240000,10.473333
0.290639,11.240000,10.493333
0.291041,11.333333,10.593333
0.291442,11.286666,10.526667
0.291843,11.366667,10.606667
0.292244,11.313334,10.500000
0.292645,11.393333,10.686666
0.293046,11.413333,10.740000
0.293447,11.453334,10.666667
0.293850,11.453334,10.693333
0.294252,11.473332,10.746666
0.294653,11.513333,10.773334
0.295054,11.506666,10.820000
0.295455,11.626666,10.840000
0.295856,11.553333,10.846666
0.296257,11.573333,10.853333
0.296659,11.633333,10.873333
0.297062,11.580000,10.900000
0.297463,11.700000,10.900000
0.297865,11.660000,11.000000
0.298267,11.740000,10.986667
0.298668,11.766666,11.006666
0.299070,11.786667,11.020000
0.299471,11.820000,11.020000
0.299872,11.846666,11.079999
0.300273,11.840000,11.106667
0.300674,11.813333,11.053333
0.301075,11.853333,11.166666
0.301476,11.906667,11.186666
0.301877,11.953333,11.186666
0.302280,11.966666,11.226666
0.302681,11.973333,11.206666
0.303084,12.026667,11.253333
0.303486,12.046667,11.266666
0.303887,12.059999,11.339999
0.304288,12.120000,11.339999
0.304689,12.113334,11.386666
0.305092,12.153333,11.366667
0.305495,12.200000,11.433333
0.305896,12.240000,11.426666
0.306298,12.259999,11.453334
0.306700,12.366667,11.420000
0.307101,12.259999,11.480000
0.307502,12.346666,11.539999
0.307903,12.286667,11.539999
0.308305,12.360000,11.446667
0.308706,12.346666,11.573333
0.309107,12.420000,11.633333
0.309508,12.453333,11.620000
0.309911,12.473333,11.666666
0.310313,12.526666,11.660000
0.310714,12.540000,11.693333
0.311115,12.526666,11.753333
0.311516,12.546666,11.599999
0.311917,12.586666,11.773334
0.312319,12.593333,11.760000
0.312720,12.626667,11.806666
0.313121,12.666666,11.893333
0.313522,12.633333,11.860000
0.313925,12.653333,11.920000
0.314327,12.733333,11.893333
0.314728,12.760000,11.966666
0.315129,12.760000,11.920000
0.315530,12.793333,11.973333
0.315931,12.820000,11.980000
0.316333,12.780000,11.999999
0.316735,12.906667,12.059999
0.317137,12.886666,12.066666
0.317538,12.966667,11.999999
0.317939,13.033334,12.059999
0.318341,13.000000,12.106667
0.318742,12.980000,12.139999
0.319144,12.960000,12.153333
0.319545,13.040000,12.213333
0.319946,13.059999,12.213333
0.320347,13.086667,12.420000
0.320748,13.126666,12.246667
0.321150,13.160000,12.313334
0.321551,13.160000,12.339999
0.321952,13.200000,12.339999
0.322355,13.226666,12.400000
0.322756,13.133333,12.520000
0.323158,13.173333,12.420000
0.323559,13.253333,12.446667
0.323960,13.286667,12.420000
0.324362,13.346667,12.426666
0.324763,13.326666,12.506667
0.325164,13.320000,12.620000
0.325565,13.406666,12.433333
0.325966,13.446666,12.620000
0.326368,13.453332,12.506667
0.326769,13.453332,12.586666
0.327170,13.486667,12.646667
0.327571,13.513332,12.666666
0.327972,13.533333,12.673333
0.328374,13.553333,12.753333
0.328775,13.539999,12.673333
0.329176,13.633333,12.766666
0.329577,13.599999,12.773334
0.329978,13.620000,12.799999
0.330380,13.646666,12.786666
0.330781,13.673334,12.860000
0.331183,13.733333,12.873333
0.331584,13.660000,12.880000
0.331985,13.813334,12.919999
0.332387,13.839999,12.940000
0.332788,13.820000,12.980000
0.333190,13.826666,12.973333
0.333592,13.853333,13.013333
0.333995,13.873334,13.040000
0.334396,13.960000,13.073333
0.334797,13.920000,13.020000
0.335198,13.953333,12.960000
0.335599,13.940001,13.326666
0.336002,13.973332,13.113333
0.336403,13.993333,13.120000
0.336805,14.059999,13.160000
0.337207,14.053333,13.179999
0.337608,14.093333,13.220000
0.338009,14.099999,13.213333
0.338410,14.206667,13.266666
0.338811,14.166666,13.293333
0.339213,14.233333,13.333333
0.339615,14.206667,13.293333
0.340018,14.233333,13.313333
0.340420,14.280000,13.379999
0.340821,14.273334,13.406666
0.341223,14.286666,13.379999
0.341625,14.299999,13.473332
0.342026,14.293333,13.400000
0.342428,14.353333,13.393333
0.342829,14.480000,13.593333
0.343231,14.433332,13.566667
0.343632,14.446667,13.526667
0.344033,14.413333,13.553333
0.344435,14.466667,13.539999
0.344836,14.493333,13.620000
0.345237,14.513333,13.573333
0.345638,14.513333,13.639999
0.346040,14.580000,13.680000
0.346442,14.573334,13.653334
0.346844,14.633332,13.706666
0.347245,14.626666,13.700000
0.347647,14.633332,13.673334
0.348048,14.653333,13.686666
0.348449,14.653333,13.779999
0.348850,14.820000,13.620000
0.349251,14.746666,13.826666
0.349652,14.733334,13.726666
0.350054,14.793334,13.846665
0.350455,14.793334,13.826666
0.350856,14.840000,13.880000
0.351257,14.860001,13.993333
0.351658,14.826666,13.960000
0.352059,14.893332,13.926666
0.352461,14.913333,13.993333
0.352863,14.953333,14.006667
0.353264,14.946667,13.993333
0.353666,14.953333,13.986667
0.354067,14.953333,14.053333
0.354469,15.013333,14.073334
0.354870,15.173333,14.106666
0.355271,15.113333,13.720000
0.355672,15.153333,14.173332
0.356075,15.153333,14.246667
0.356476,15.159999,14.173332
0.356878,15.113333,14.200001
0.357280,15.066667,14.226666
0.357682,15.233334,14.233333
0.358083,15.233334,14.239999
0.358485,15.219999,14.346666
0.358887,15.286666,14.293333
0.359288,15.293332,14.420000
0.359691,15.313333,14.293333
0.360094,15.359999,14.353333
0.360495,15.366667,14.406667
0.360897,15.400000,14.333334
0.361299,15.406667,14.593332
0.361700,15.460000,14.466667
0.362101,15.453334,14.486667
0.362503,15.586667,14.486667
0.362905,15.533333,14.520000
0.363308,15.533333,14.526666
0.363709,15.566667,14.580000
0.364110,15.560000,14.553333
0.364512,15.586667,14.266667
0.364913,15.646666,14.586666
0.365314,15.646666,14.546666
0.365716,15.666666,14.606667
0.366118,15.706666,14.679999
0.366519,15.673333,14.699999
0.366921,15.733333,14.706667
0.367322,15.726666,14.753333
0.367723,15.679999,14.766665
0.368125,15.793333,14.766665
0.368527,15.806666,14.786666
0.368928,15.853333,14.786666
0.369329,15.986667,14.820000
0.369730,15.886665,14.846666
0.370131,15.886665,14.806666
0.370533,15.913334,14.860001
0.370934,15.920000,14.873333
0.371335,15.973332,14.880000
0.371736,15.953332,14.933333
0.372138,16.013332,14.953333
0.372539,16.026667,14.953333
0.372942,15.960000,14.953333
0.373343,16.053333,14.953333
0.373746,16.059999,14.866667
0.374147,16.099998,15.066667
0.374548,16.106665,14.953333
0.374949,16.080000,15.073333
0.375351,16.126665,15.153333
0.375754,16.133333,15.206666
0.376155,16.146666,15.153333
0.376557,16.226665,15.219999
0.376958,16.266666,15.219999
0.377360,16.273333,15.240000
0.377761,16.273333,15.266666
0.378162,16.279999,15.266666
0.378564,16.333334,15.306666
0.378965,16.346666,15.253334
0.379367,16.433332,15.326667
0.379768,16.346666,15.346666
0.380170,16.420000,15.386667
0.380571,16.359999,15.326667
0.380972,16.546667,15.426665
0.381373,16.493332,15.426665
0.381774,16.493332,15.433333
0.382176,16.513332,15.460000
0.382577,16.506666,15.466666
0.382978,16.566666,15.466666
0.383380,16.586666,15.526667
0.383781,16.593334,15.579999
0.384183,16.619999,15.579999
0.384584,16.666666,15.566667
0.384985,16.653332,15.579999
0.385386,16.646666,15.579999
0.385787,16.713333,15.639999
0.386189,16.719999,15.653334
0.386590,16.639999,15.606667
0.386992,16.793333,15.673333
0.387394,16.740000,15.726666
0.387797,16.786665,15.686666
0.388198,16.786665,15.746666
0.388599,16.813334,15.773333
0.389000,16.793333,15.753332
0.389401,16.806665,15.760000
0.389802,16.820000,15.893333
0.390204,16.879999,15.886665
0.390605,16.879999,15.866667
0.391006,16.906666,15.873333
0.391408,16.900000,15.886665
0.391809,16.926666,15.873333
0.392210,16.920000,16.046667
0.392612,16.993334,16.026667
0.393014,16.993334,15.933333
0.393415,17.053333,15.933333
0.393816,16.966667,15.960000
0.394217,16.993334,16.013332
0.394618,17.033333,16.000000
0.395019,17.039999,16.000000
0.395420,17.066666,16.026667
0.395821,17.093332,16.099998
0.396223,17.106667,16.106665
0.396624,17.093332,16.099998
0.397025,17.059999,16.126665
0.397427,17.106667,16.126665
0.397828,17.159998,16.153334
0.398229,17.206667,16.206667
0.398630,17.193333,16.173334
0.399032,17.166666,16.186666
0.399434,17.199999,16.286667
0.399836,17.226667,16.273333
0.400238,17.273333,16.313334
0.400639,17.273333,16.313334
0.401040,17.260000,16.306667
0.401442,17.520000,16.346666
0.401843,17.326666,16.320000
0.402244,17.326666,16.240000
0.402645,17.333332,16.353333
0.403047,17.340000,16.366665
0.403449,17.373333,16.433332
0.403850,17.400000,16.413332
0.404251,17.400000,16.393333
0.404653,17.426666,16.393333
0.405054,17.453333,16.506666
0.405455,17.446667,16.466667
0.405856,17.459999,16.473333
0.406257,17.473333,16.440001
0.406658,17.500000,16.526667
0.407060,17.486666,16.573334
0.407461,17.500000,16.546667
0.407862,17.533333,16.586666
0.408264,17.566666,16.619999
0.408665,17.566666,16.586666
0.409066,17.566666,16.619999
0.409468,17.626667,16.499998
0.409870,17.619999,16.639999
0.410271,17.706665,16.706667
0.410672,17.666666,16.706667
0.411073,17.673332,16.713333
0.411475,17.713333,16.693333
0.411876,17.706665,16.706667
0.412280,17.726665,16.733334
0.412681,17.719999,16.759998
0.413082,17.746666,16.773333
0.413483,17.773333,16.786665
0.413884,17.753334,16.779999
0.414286,17.793333,16.793333
0.414687,17.813332,16.806665
0.415088,17.806665,16.799999
0.415490,17.893333,16.846666
0.415893,17.853333,16.833334
0.416294,17.866667,16.866667
0.416696,17.873333,16.826666
0.417097,17.886667,16.860001
0.417498,17.920000,16.900000
0.417900,17.893333,16.900000
0.418301,17.973333,16.920000
0.418702,17.926666,16.920000
0.419104,17.906668,16.939999
0.419505,17.980000,16.953333
0.419907,18.006666,16.953333
0.420308,17.939999,16.913332
0.420709,18.006666,16.980000
0.421111,17.993332,16.973333
0.421512,18.026667,16.993334
0.421914,18.040001,17.039999
0.422315,18.013332,17.039999
0.422717,18.153334,17.039999
0.423118,18.066666,17.033333
0.423520,18.079998,17.046665
0.423921,18.113333,17.059999
0.424322,18.146666,17.039999
0.424724,18.106667,17.059999
0.425125,18.180000,17.120001
0.425526,18.079998,17.139999
0.425927,18.113333,17.166666
0.426328,18.173334,17.179998
0.426729,18.233332,17.213333
0.427130,18.219999,17.199999
0.427532,18.199999,17.186666
0.427933,18.226665,17.186666
0.428334,18.260000,17.206667
0.428736,18.253332,17.219999
0.429138,18.280001,17.240000
0.429540,18.299999,17.260000
0.429941,18.406666,17.279999
0.430342,18.366667,17.286665
0.430744,18.333332,17.279999
0.431145,18.326666,17.299999
0.431547,18.379999,17.293333
0.431948,18.413334,17.266666
0.432349,18.353333,17.333332
0.432750,18.413334,17.173332
0.433151,18.420000,17.353333
0.433553,18.433334,17.293333
0.433954,18.406666,17.426666
0.434355,18.433334,17.386667
0.434756,18.446667,17.219999
0.435158,18.433334,17.406666
0.435559,18.486666,17.400000
0.435961,18.480000,17.413332
0.436363,18.526667,17.433332
0.436765,18.520000,17.473333
0.437166,18.553333,17.466665
0.437568,18.539999,17.480000
0.437969,18.599998,17.480000
0.438370,18.553333,17.486666
0.438771,18.539999,17.480000
0.439172,18.533333,17.513334
0.439574,18.599998,17.500000
0.439975,18.593332,17.233334
0.440377,18.639999,17.500000
0.440778,18.593332,17.539999
0.441180,18.613333,17.606667
0.441582,18.633333,17.593332
0.441983,18.639999,17.606667
0.442384,18.779999,17.626667
0.442786,18.866665,17.619999
0.443187,18.700001,17.653334
0.443589,18.713333,17.653334
0.443990,18.686666,17.633333
0.444392,18.706667,17.666666
0.444793,18.746666,17.673332
0.445194,18.746666,17.679998
0.445595,18.759998,17.539999
0.445996,18.733332,17.693333
0.446398,18.766666,17.733334
0.446800,18.813334,17.833332
0.447201,18.779999,17.746666
0.447602,18.846666,17.746666
0.448003,18.753332,17.753334
0.448404,18.806667,17.666666
0.448805,18.846666,17.906668
0.449207,18.859999,17.753334
0.449609,18.873333,17.806665
0.450010,18.820000,17.760000
0.450411,18.873333,17.813332
0.450812,18.900000,17.840000
0.451213,18.920000,17.879999
0.451614,18.879999,17.806665
0.452015,18.906666,17.886667
0.452416,18.913332,17.873333
0.452818,18.926666,17.893333
0.453219,18.946667,17.879999
0.453620,18.980000,17.859999
0.454021,18.986666,17.859999
0.454422,18.999998,17.906668
0.454823,18.893333,17.886667
0.455225,18.980000,17.859999
0.455626,18.999998,17.939999
0.456027,18.973333,17.840000
0.456429,19.019999,17.939999
0.456830,19.053333,17.966665
0.457231,19.046667,18.020000
0.457633,19.059999,17.973333
0.458034,19.059999,17.966665
0.458436,19.059999,17.980000
0.458838,19.093334,17.959999
0.459240,19.206667,18.006666
0.459641,19.093334,17.893333
0.460043,19.113333,18.020000
0.460445,19.113333,18.013332
0.460847,19.126665,18.026667
0.461248,19.126665,18.040001
0.461649,19.153332,17.953333
0.462050,19.166666,18.093332
0.462452,19.139999,18.093332
0.462853,19.193333,18.079998
0.463254,19.139999,18.106667
0.463655,19.180000,18.079998
0.464056,19.173332,18.073332
0.464458,19.240000,18.106667
0.464859,19.219999,18.079998
0.465260,19.233334,18.146666
0.465661,19.266666,18.146666
0.466062,19.226667,18.106667
0.466464,19.226667,18.146666
0.466865,19.186666,18.160000
0.467266,19.233334,18.146666
0.467667,19.313334,18.233332
0.468068,19.266666,18.160000
0.468469,19.219999,18.193333
0.468870,19.313334,18.173334
0.469271,19.313334,18.199999
0.469672,19.306665,18.199999
0.470073,19.279999,18.206665
0.470475,19.333334,18.180000
0.470878,19.320000,18.213333
0.471280,19.340000,18.240000
0.471681,19.340000,18.240000
0.472082,19.346666,18.233332
0.472483,19.353334,18.253332
0.472885,19.400000,18.273333
0.473287,19.386665,18.193333
0.473688,19.386665,18.253332
0.474090,19.373333,18.273333
0.474491,19.400000,18.273333
0.474892,19.393332,18.280001
0.475293,19.426666,18.273333
0.475694,19.559999,18.306667
0.476095,19.386665,18.320000
0.476496,19.366667,18.420000
0.476898,19.340000,18.320000
0.477300,19.446667,18.146666
0.477701,19.439999,18.333332
0.478102,19.433332,18.313334
0.478503,19.439999,18.326666
0.478904,19.506666,18.359999
0.479306,19.453333,18.346666
0.479707,19.473333,18.379999
0.480108,19.480000,18.366667
0.480509,19.506666,18.353333
0.480910,19.480000,18.393333
0.481312,19.473333,18.400000
0.481713,19.580000,18.459999
0.482114,19.539999,18.293333
0.482516,19.506666,18.400000
0.482917,19.426666,18.400000
0.483319,19.546665,18.420000
0.483720,19.486668,18.393333
0.484122,19.633333,18.420000
0.484524,19.553333,18.453333
0.484925,19.493334,18.440001
0.485327,19.546665,18.426666
0.485728,19.606667,18.406666
0.486129,19.659998,18.440001
0.486531,19.613333,18.440001
0.486932,19.586666,18.459999
0.487334,19.620001,18.453333
0.487735,19.626667,18.459999
0.488137,19.620001,18.486666
0.488539,19.626667,18.453333
0.488941,19.626667,18.520000
0.489342,19.726667,18.466665
0.489743,19.620001,18.473331
0.490145,19.646666,18.473331
0.490546,19.659998,18.500000
0.490947,19.639999,18.493332
0.491348,19.593332,18.520000
0.491749,19.666666,18.393333
0.492150,19.653332,18.533333
0.492551,19.500000,18.580000
0.492952,19.719999,18.520000
0.493354,19.659998,18.613333
0.493755,19.693333,18.553333
0.494156,19.686666,18.526667
0.494557,19.673332,18.526667
0.494958,19.659998,18.553333
0.495360,19.726667,18.553333
0.495761,19.726667,18.546667
0.496163,19.733334,18.533333
0.496564,19.706667,18.559999
0.496966,19.746666,18.559999
0.497367,19.726667,18.533333
0.497768,19.699999,18.559999
0.498170,19.713333,18.506666
0.498571,19.786665,18.493332
0.498972,19.733334,18.566668
0.499374,19.740000,18.606665
0.499775,19.733334,18.553333
0.500177,19.719999,18.586666
0.500578,19.779999,18.586666
0.500980,19.706667,18.586666
0.501381,19.726667,18.586666
0.501782,19.746666,18.599998
0.502184,19.746666,18.606665
0.502585,19.786665,18.599998
0.502986,19.793333,18.606665
0.503388,19.773333,18.599998
0.503789,19.786665,18.599998
0.504191,19.753334,18.626665
0.504592,19.793333,18.520000
0.504994,19.766666,18.660000
0.505395,19.779999,18.619999
0.505796,19.766666,18.606665
0.506197,19.826666,18.586666
0.506598,19.826666,18.619999
0.506999,19.733334,18.693333
0.507401,19.786665,18.613333
0.507803,19.766666,18.626665
0.508205,19.799999,18.639999
0.508607,19.820000,18.646666
0.509009,19.833332,18.646666
0.509411,19.833332,18.533333
0.509813,19.766666,18.666666
0.510214,19.746666,18.639999
0.510616,19.806665,18.646666
0.511017,19.880001,18.646666
0.511418,19.793333,18.653334
0.511819,19.833332,18.673334
0.512220,19.826666,18.653334
0.512622,19.840000,18.673334
0.513023,19.840000,18.713333
0.513424,19.833332,18.653334
0.513825,19.833332,18.646666
0.514226,19.840000,18.660000
0.514627,19.826666,18.646666
0.515028,19.866667,18.660000
0.515429,19.880001,18.666666
0.515830,19.833332,18.646666
0.516232,19.833332,18.646666
0.516633,19.813332,18.646666
0.517034,19.853333,18.646666
0.517435,19.799999,18.660000
0.517837,19.873333,18.660000
0.518238,19.833332,18.646666
0.518640,19.813332,18.686666
0.519042,19.926666,18.666666
0.519444,19.840000,18.686666
0.519846,19.840000,18.686666
0.520247,19.866667,18.673334
0.520648,19.840000,18.686666
0.521049,19.846666,18.580000
0.521450,19.766666,18.686666
0.521851,19.813332,18.673334
0.522252,19.820000,18.626665
0.522653,19.840000,18.673334
0.523054,19.840000,18.700001
0.523455,19.840000,18.680000
0.523857,19.866667,18.660000
0.524259,19.840000,18.686666
0.524661,19.826666,18.666666
0.525062,19.860001,18.660000
0.525463,19.853333,18.566668
0.525864,19.973333,18.673334
0.526266,19.946667,18.639999
0.526668,19.980000,18.673334
0.527069,19.840000,18.680000
0.527470,19.840000,18.686666
0.527871,19.846666,18.666666
0.528272,19.833332,18.746666
0.528673,19.840000,18.680000
0.529074,19.846666,18.653334
0.529475,19.840000,18.606665
0.529877,19.900000,18.660000
0.530279,19.973333,18.673334
0.530680,19.766666,18.666666
0.531082,19.786665,18.660000
0.531483,19.760000,18.666666
0.531884,19.826666,18.653334
0.532286,19.840000,18.680000
0.532687,19.833332,18.646666
0.533088,19.806665,18.646666
0.533489,19.833332,18.646666
0.533891,19.766666,18.639999
0.534292,19.813332,18.673334
0.534693,19.840000,18.653334
0.535094,19.813332,18.680000
0.535495,19.820000,18.660000
0.535896,19.806665,18.646666
0.536298,19.799999,18.646666
0.536699,19.840000,18.646666
0.537100,19.799999,18.646666
0.537502,19.806665,18.660000
0.537903,19.806665,18.646666
0.538305,19.820000,18.639999
0.538706,19.793333,18.646666
0.539108,19.806665,18.646666
0.539509,19.786665,18.599998
0.539910,19.799999,18.639999
0.540312,19.760000,18.613333
0.540713,19.773333,18.613333
0.541114,19.853333,18.646666
0.541515,19.826666,18.639999
0.541916,19.806665,18.619999
0.542317,19.746666,18.639999
0.542718,19.706667,18.606665
0.543119,19.766666,18.646666
0.543520,19.779999,18.613333
0.543921,19.779999,18.626665
0.544322,19.779999,18.599998
0.544723,19.760000,18.566668
0.545125,19.760000,18.599998
0.545527,19.760000,18.586666
0.545929,19.740000,18.606665
0.546330,19.746666,18.586666
0.546732,19.746666,18.619999
0.547133,19.733334,18.586666
0.547535,19.753334,18.580000
0.547936,19.799999,18.586666
0.548338,19.753334,18.566668
0.548739,19.753334,18.586666
0.549140,19.733334,18.566668
0.549542,19.726667,18.573334
0.549943,19.726667,18.566668
0.550344,19.673332,18.566668
0.550745,19.726667,18.546667
0.551146,19.693333,18.506666
0.551547,19.646666,18.553333
0.551949,19.686666,18.559999
0.552350,19.659998,18.526667
0.552752,19.699999,18.553333
0.553153,19.673332,18.520000
0.553554,19.713333,18.539999
0.553956,19.679998,18.526667
0.554358,19.699999,18.506666
0.554760,19.679998,18.526667
0.555161,19.600000,18.526667
0.555562,19.679998,18.526667
0.555963,19.659998,18.553333
0.556365,19.626667,18.486666
0.556766,19.639999,18.486666
0.557167,19.693333,18.506666
0.557568,19.659998,18.459999
0.557969,19.606667,18.413334
0.558370,19.620001,18.486666
0.558772,19.620001,18.526667
0.559173,19.719999,18.520000
0.559575,19.613333,18.459999
0.559977,19.606667,18.446667
0.560378,19.586666,18.406666
0.560780,19.586666,18.426666
0.561181,19.580000,18.459999
0.561582,19.593332,18.426666
0.561983,19.559999,18.420000
0.562384,19.566666,18.446667
0.562785,19.559999,18.459999
0.563186,19.566666,18.400000
0.563587,19.533333,18.406666
0.563988,19.553333,18.400000
0.564390,19.566666,18.353333
0.564792,19.519999,18.359999
0.565193,19.533333,18.379999
0.565594,19.526665,18.353333
0.565995,19.480000,18.273333
0.566396,19.533333,18.333332
0.566797,19.519999,18.393333
0.567199,19.480000,18.353333
0.567600,19.480000,18.173334
0.568002,19.366667,18.373333
0.568403,19.379999,18.346666
0.568804,19.466667,18.353333
0.569205,19.446667,18.326666
0.569606,19.446667,18.313334
0.570008,19.413332,18.326666
0.570409,19.439999,18.260000
0.570811,19.426666,18.313334
0.571212,19.426666,18.293333
0.571614,19.420000,18.313334
0.572015,19.400000,18.306667
0.572416,19.426666,18.286667
0.572817,19.426666,18.273333
0.573218,19.360001,18.266666
0.573619,19.366667,18.293333
0.574020,19.400000,18.246666
0.574421,19.386665,18.240000
0.574822,19.360001,18.226665
0.575223,19.406666,18.273333
0.575624,19.353334,18.233332
0.576025,19.360001,18.106667
0.576427,19.313334,18.226665
0.576828,19.219999,18.206665
0.577229,19.320000,18.206665
0.577630,19.299999,18.206665
0.578031,19.299999,18.160000
0.578432,19.293333,18.186666
0.578834,19.306665,18.166666
0.579235,19.253332,18.160000
0.579636,19.273333,18.173334
0.580037,19.253332,18.146666
0.580439,19.259998,18.180000
0.580841,19.253332,18.160000
0.581242,19.146666,18.093332
0.581645,19.206667,18.113333
0.582046,19.200001,18.139999
0.582448,19.226667,18.126667
0.582849,19.133331,18.053333
0.583251,19.259998,18.106667
0.583653,19.193333,18.186666
0.584054,19.160000,18.093332
0.584456,19.160000,18.020000
0.584857,19.173332,18.079998
0.585258,19.166666,18.046667
0.585660,19.160000,18.040001
0.586062,19.139999,18.020000
0.586463,19.166666,18.020000
0.586864,19.139999,18.046667
0.587266,19.113333,18.020000
0.587667,19.093334,18.013332
0.588068,19.093334,18.006666
0.588469,19.080000,18.020000
0.588870,19.086666,17.993332
0.589271,19.086666,18.020000
0.589672,19.080000,17.886667
0.590073,19.039999,17.946665
0.590474,19.053333,17.973333
0.590876,19.013332,17.946665
0.591279,19.013332,17.920000
0.591680,18.993332,17.893333
0.592081,19.006666,17.906668
0.592482,18.980000,17.906668
0.592883,19.093334,17.906668
0.593285,19.086666,17.886667
0.593686,18.960001,17.900000
0.594087,18.960001,17.859999
0.594489,18.926666,17.846666
0.594890,18.940001,17.886667
0.595292,18.966667,17.846666
0.595693,18.913332,17.853333
0.596095,18.893333,17.826666
0.596496,18.886665,17.859999
0.596897,18.879999,17.766666
0.597299,18.873333,17.799999
0.597700,18.846666,17.939999
0.598101,18.799999,17.780001
0.598503,18.853333,17.760000
0.598904,18.826666,17.760000
0.599306,18.806667,17.753334
0.599707,18.813334,17.693333
0.600108,18.799999,17.746666
0.600509,18.813334,17.719999
0.600911,18.840000,17.719999
0.601313,18.746666,17.639999
0.601714,18.773333,17.673332
0.602115,18.753332,17.660000
0.602516,18.753332,17.679998
0.602918,18.733332,17.660000
0.603319,18.713333,17.639999
0.603721,18.700001,17.653334
0.604123,18.680000,17.633333
0.604524,18.680000,17.613333
0.604925,18.673334,17.606667
0.605327,18.653334,17.600000
0.605728,18.680000,17.600000
0.606130,18.639999,17.613333
0.606532,18.613333,17.533333
0.606933,18.613333,17.539999
0.607334,18.626665,17.539999
0.607735,18.599998,17.526667
0.608138,18.593332,17.653334
0.608539,18.573334,17.406666
0.608940,18.673334,17.480000
0.609341,18.520000,17.473333
0.609743,18.533333,17.426666
0.610144,18.526667,17.473333
0.610546,18.513332,17.459999
0.610947,18.486666,17.473333
0.611348,18.493332,17.459999
0.611749,18.506666,17.366667
0.612150,18.466665,17.286665
0.612551,18.420000,17.293333
0.612952,18.453333,17.393333
0.613354,18.406666,17.360001
0.613755,18.453333,17.446667
0.614157,18.400000,17.333332
0.614558,18.366667,17.333332
0.614959,18.379999,17.266666
0.615361,18.346666,17.306665
0.615762,18.386665,17.226667
0.616164,18.339998,17.279999
0.616565,18.326666,17.266666
0.616966,18.440001,17.286665
0.617368,18.299999,17.199999
0.617769,18.213333,17.246666
0.618170,18.386665,17.219999
0.618571,18.273333,17.193333
0.618973,18.260000,17.199999
0.619374,18.260000,17.206667
0.619775,18.246666,17.100000
0.620177,18.206665,17.193333
0.620578,18.206665,17.186666
0.620979,18.226665,17.126667
0.621380,18.173334,17.120001
0.621781,18.160000,17.126667
0.622182,18.146666,17.106667
0.622584,18.139999,17.086666
0.622985,18.139999,17.120001
0.623387,18.119999,17.106667
0.623789,18.093332,17.039999
0.624191,18.086666,16.913332
0.624592,18.059999,17.013332
0.624993,18.073332,17.039999
0.625394,18.040001,17.039999
0.625795,18.166666,17.013332
0.626196,17.946665,17.013332
0.626598,17.973333,17.039999
0.626999,18.000000,16.959999
0.627401,17.973333,17.039999
0.627803,17.959999,16.933332
0.628204,17.946665,16.926666
0.628605,17.946665,16.959999
0.629006,17.946665,16.913332
0.629408,17.900000,16.906666
0.629810,17.900000,16.879999
0.630211,17.879999,16.886665
0.630613,17.853333,16.806665
0.631014,17.853333,16.846666
0.631416,17.853333,16.846666
0.631819,17.713333,16.860001
0.632220,17.820000,16.833334
0.632622,17.773333,16.786665
0.633023,17.793333,16.786665
0.633424,17.719999,16.786665
0.633826,17.760000,16.786665
0.634227,17.760000,16.793333
0.634628,17.553331,16.759998
0.635029,17.726665,16.713333
0.635431,17.619999,16.733334
0.635832,17.673332,16.680000
0.636234,17.660000,16.680000
0.636635,17.633333,16.680000
0.637037,17.626667,16.693333
0.637439,17.546665,16.673332
0.637841,17.613333,16.619999
0.638242,17.520000,16.613333
0.638643,17.559999,16.593334
0.639044,17.486666,16.559999
0.639446,17.520000,16.473333
0.639847,17.520000,16.519999
0.640248,17.486666,16.553333
0.640650,17.506666,16.460001
0.641052,17.473333,16.373333
0.641454,17.500000,16.406666
0.641855,17.459999,16.446667
0.642256,17.353333,16.433332
0.642658,17.406666,16.506666
0.643059,17.366667,16.386665
0.643461,17.366667,16.313334
0.643863,17.360001,16.359999
0.644264,17.346666,16.373333
0.644667,17.333332,16.353333
0.645069,17.326666,16.306667
0.645471,17.326666,16.553333
0.645872,17.326666,16.273333
0.646273,17.273333,16.246666
0.646674,17.253334,16.299999
0.647075,17.253334,16.253332
0.647476,17.233334,16.233332
0.647877,17.186666,16.240000
0.648280,17.059999,16.213333
0.648681,17.173332,16.160000
0.649082,17.133333,16.133333
0.649483,17.120001,16.113333
0.649884,17.120001,16.146666
0.650286,17.100000,16.266666
0.650688,17.106667,16.106665
0.651090,17.199999,16.099998
0.651491,17.260000,16.080000
0.651892,17.013332,16.013332
0.652293,17.093332,16.013332
0.652694,17.019999,16.013332
0.653095,17.026665,16.006666
0.653497,16.980000,16.013332
0.653898,16.953333,15.940000
0.654299,16.973333,15.920000
0.654701,16.946667,15.606667
0.655103,16.959999,15.893333
0.655504,16.939999,15.920000
0.655906,16.906666,15.860000
0.656307,16.900000,15.793333
0.656708,16.893332,15.846667
0.657110,16.826666,15.806666
0.657512,16.853334,15.773333
0.657913,16.826666,15.746666
0.658314,16.826666,15.753332
0.658715,16.813334,15.733333
0.659117,16.706667,15.746666
0.659518,16.786665,15.773333
0.659920,16.766666,15.599999
0.660321,16.773333,15.673333
0.660723,16.733334,15.720000
0.661124,16.706667,15.639999
0.661526,16.693333,15.639999
0.661928,16.613333,15.579999
0.662329,16.626665,15.553332
0.662732,16.673332,15.573333
0.663134,16.600000,15.579999
0.663536,16.559999,15.573333
0.663937,16.553333,15.493332
0.664339,16.559999,15.466666
0.664741,16.539999,15.466666
0.665143,16.506666,15.446666
0.665544,16.460001,15.306666
0.665945,16.480000,15.540000
0.666347,16.413332,15.400000
0.666748,16.413332,15.386667
0.667150,16.426666,15.340000
0.667552,16.359999,15.393333
0.667953,16.359999,15.306666
0.668354,16.359999,15.293332
0.668755,16.333334,15.300000
0.669157,16.259998,15.240000
0.669559,16.273333,15.260000
0.669960,16.279999,15.206666
0.670361,16.246666,15.219999
0.670762,16.246666,15.219999
0.671163,16.193333,15.213333
0.671564,16.200001,15.159999
0.671965,16.126665,15.113333
0.672367,16.133333,15.086666
0.672768,16.146666,15.086666
0.673170,16.093332,14.953333
0.673571,16.139999,14.953333
0.673972,16.053333,15.073333
0.674373,16.046667,14.946667
0.674774,16.013332,14.953333
0.675175,15.986667,14.846666
0.675577,15.926666,14.873333
0.675978,15.926666,14.906667
0.676380,15.926666,14.953333
0.676781,15.893333,14.873333
0.677182,15.906666,14.873333
0.677583,15.873333,14.813333
0.677985,15.860000,14.813333
0.678388,15.826667,14.853333
0.678789,15.793333,14.773334
0.679190,15.760000,14.906667
0.679592,15.760000,14.733334
0.679993,15.813333,14.719999
0.680395,15.746666,14.733334
0.680796,15.700000,14.686666
0.681197,15.666666,14.693333
0.681598,15.619999,14.686666
0.681999,15.639999,14.606667
0.682400,15.619999,14.606667
0.682801,15.573333,14.540000
0.683202,15.500000,14.546666
0.683604,15.586667,14.580000
0.684005,15.566667,14.493333
0.684408,15.506666,14.506667
0.684809,15.493332,14.506667
0.685211,15.446666,14.446667
0.685612,15.433333,14.406667
0.686013,15.406667,14.406667
0.686415,15.406667,14.386666
0.686818,15.373333,14.393332
0.687219,15.326667,14.386666
0.687621,15.353333,14.306665
0.688022,15.300000,14.320000
0.688424,15.300000,14.266667
0.688826,15.280000,14.259999
0.689227,15.280000,14.253333
0.689629,15.219999,14.259999
0.690031,15.240000,14.233333
0.690432,15.186667,14.186666
0.690833,15.173333,14.200001
0.691234,15.173333,14.173332
0.691635,15.106667,14.180000
0.692036,15.086666,14.099999
0.692437,15.013333,14.066666
0.692838,15.013333,14.113334
0.693239,14.953333,14.073334
0.693641,14.953333,14.033333
0.694043,15.080000,14.026667
0.694445,14.933333,13.960000
0.694847,14.919999,13.960000
0.695248,14.873333,13.960000
0.695649,14.860001,13.926666
0.696050,14.853333,13.913332
0.696452,14.800000,14.013333
0.696853,14.786666,13.886666
0.697254,14.780000,13.853333
0.697656,14.686666,13.846665
0.698057,14.893332,13.813334
0.698458,14.719999,13.820000
0.698860,14.713333,13.793333
0.699261,14.693333,13.773333
0.699662,14.653333,13.700000
0.700063,14.620000,13.740001
0.700464,14.620000,13.639999
0.700866,14.573334,13.660000
0.701267,14.546666,13.653334
0.701668,14.520000,13.639999
0.702070,14.513333,13.586667
0.702472,14.486667,13.613334
0.702873,14.459999,13.533333
0.703279,14.453333,13.546667
0.703682,14.426666,13.486667
0.704083,14.446667,13.520000
0.704484,14.353333,13.466666
0.704885,14.340000,13.460000
0.705286,14.346666,13.466666
0.705687,14.299999,13.413334
0.706088,14.266667,13.393333
0.706489,14.293333,13.379999
0.706892,14.160000,13.353333
0.707293,14.280000,13.346667
0.707695,14.239999,13.300000
0.708097,14.186666,13.293333
0.708498,14.053333,13.293333
0.708900,14.080000,13.226666
0.709301,14.273334,13.186666
0.709702,14.093333,13.160000
0.710103,14.033333,13.206666
0.710504,14.033333,13.173333
0.710905,13.993333,13.120000
0.711307,13.993333,13.126666
0.711708,13.960000,13.073333
0.712109,13.960000,13.100000
0.712510,13.893333,13.040000
0.712911,13.913332,13.040000
0.713313,13.893333,13.006666
0.713714,13.853333,13.000000
0.714115,13.833333,12.960000
0.714517,13.806667,12.946667
0.714919,13.806667,13.020000
0.715320,13.759999,12.906667
0.715721,13.759999,12.893333
0.716122,13.706666,12.853333
0.716523,13.673334,12.919999
0.716924,13.653334,12.906667
0.717326,13.626666,12.733333
0.717727,13.559999,12.773334
0.718129,13.400000,12.733333
0.718530,13.513332,12.733333
0.718931,13.686666,12.706667
0.719333,13.533333,12.686666
0.719734,13.460000,12.653333
0.720135,13.453332,12.633333
0.720536,13.453332,12.586666
0.720938,13.453332,12.506667
0.721340,13.440000,12.559999
0.721741,13.386665,12.540000
0.722143,13.373333,12.586666
0.722544,13.333333,12.486667
0.722945,13.306666,12.493333
0.723347,13.266666,12.466666
0.723748,13.273334,12.446667
0.724149,13.286667,12.393332
0.724551,13.100000,12.346666
0.724952,13.166667,12.413333
0.725355,13.273334,12.420000
0.725756,13.153334,12.253333
0.726157,13.126666,12.380000
0.726559,13.113333,12.306666
0.726960,13.086667,12.259999
0.727362,13.066667,12.240000
0.727764,13.020000,12.226666
0.728166,13.006666,12.240000
0.728568,12.980000,12.186666
0.728969,12.973333,12.126666
0.729370,12.933333,12.106667
0.729771,12.893333,12.086666
0.730173,12.886666,12.059999
0.730574,12.873333,12.040000
0.730975,12.860000,11.946667
0.731376,12.826667,11.946667
0.731777,12.840000,11.966666
0.732179,12.740000,11.906667
0.732580,12.726666,11.893333
0.732982,12.733333,11.893333
0.733383,12.693334,11.879999
0.733784,12.646667,11.940000
0.734185,12.673333,11.873333
0.734586,12.640000,11.820000
0.734987,12.593333,11.786667
0.735388,12.573334,11.753333
0.735789,12.540000,11.760000
0.736191,12.520000,11.713333
0.736592,12.546666,11.720000
0.736995,12.493333,11.700000
0.737396,12.440001,11.633333
0.737797,12.426666,11.620000
0.738199,12.413333,11.599999
0.738600,12.393332,11.573333
0.739002,12.353333,11.553333
0.739403,12.326666,11.539999
0.739804,12.333333,11.513333
0.740206,12.293333,11.453334
0.740607,12.313334,11.466666
0.741008,12.240000,11.453334
0.741410,12.226666,11.440000
0.741811,12.160000,11.339999
0.742212,12.146667,11.326667
0.742613,12.180000,11.360000
0.743016,12.073333,11.253333
0.743418,12.100000,11.400000
0.743819,12.046667,11.280000
0.744220,12.033333,11.273333
0.744621,11.973333,11.233333
0.745023,11.953333,11.173333
0.745424,11.879999,11.173333
0.745825,11.920000,11.173333
0.746226,11.833333,11.153333
0.746627,11.886666,11.106667
0.747029,11.840000,11.146667
0.747431,11.806666,11.079999
0.747832,11.766666,11.046666
0.748233,11.799999,11.020000
0.748634,11.733333,11.020000
0.749035,11.799999,11.013332
0.749437,11.753333,10.933333
0.749838,11.640000,10.933333
0.750240,11.686666,10.940000
0.750641,11.626666,10.840000
0.751042,11.766666,10.853333
0.751444,11.539999,10.853333
0.751846,11.566667,10.873333
0.752248,11.539999,10.833333
0.752650,11.526667,10.773334
0.753052,11.473332,10.759999
0.753454,11.440000,10.720000
0.753855,11.406666,10.686666
0.754257,11.386666,10.686666
0.754659,11.346666,10.666667
0.755060,11.473332,10.573333
0.755462,11.339999,10.613333
0.755863,11.293333,10.673333
0.756265,11.326667,10.573333
0.756666,11.266666,10.526667
0.757067,11.226666,10.493333
0.757469,11.260000,10.566667
0.757870,11.193334,10.460000
0.758272,11.133333,10.513333
0.758674,11.073333,10.333333
0.759076,11.106667,10.466667
0.759477,11.093333,10.406667
0.759879,11.053333,10.353333
0.760280,11.033333,10.313334
0.760683,10.993334,10.320000
0.761085,10.953333,10.286666
0.761487,10.946666,10.320000
0.761888,10.926667,10.226666
0.762289,10.906667,10.179999
0.762690,10.866667,10.179999
0.763091,10.866667,10.140000
0.763492,10.873333,10.140000
0.763893,10.673333,10.120000
0.764294,10.759999,10.086666
0.764696,10.746666,10.026666
0.765097,10.693333,10.053333
0.765499,10.693333,10.113333
0.765900,10.713333,9.966666
0.766301,10.786667,9.993333
0.766702,10.673333,9.860000
0.767103,10.493333,9.913333
0.767504,10.573333,9.880000
0.767906,10.533334,9.873333
0.768307,10.553332,9.833333
0.768710,10.493333,9.846666
0.769111,10.460000,9.826666
0.769512,10.440000,9.786667
0.769913,10.406667,9.753333
0.770314,10.393333,9.740000
0.770716,10.353333,9.706666
0.771117,10.340000,9.766666
0.771519,10.320000,9.620000
0.771922,10.293333,9.653333
0.772323,10.293333,9.606667
0.772724,10.260000,9.606667
0.773125,10.233333,9.600000
0.773526,10.260000,9.499999
0.773928,10.193334,9.506666
0.774331,10.153333,9.493333
0.774734,10.126667,9.533333
0.775135,10.046666,9.473333
0.775537,10.099999,9.493333
0.775940,10.099999,9.346666
0.776341,10.013333,9.346666
0.776743,9.993333,9.346666
0.777144,9.966666,9.313333
0.777546,9.966666,9.280000
0.777947,9.933333,9.266666
0.778349,9.926666,9.240000
0.778751,9.886666,9.206667
0.779152,9.839999,9.200000
0.779554,9.826666,9.166666
0.779955,9.793333,9.153334
0.780356,9.733334,9.126666
0.780757,9.826666,9.099999
0.781158,9.740000,9.073333
0.781560,9.726666,9.146667
0.781961,9.686666,9.039999
0.782362,9.673333,9.006666
0.782764,9.620000,9.000000
0.783166,9.620000,9.006666
0.783567,9.526667,8.946667
0.783968,9.513333,8.920000
0.784371,9.613334,8.900000
0.784773,9.499999,8.900000
0.785174,9.473333,8.913333
0.785576,9.393333,8.820000
0.785977,9.346666,8.953334
0.786379,9.346666,8.740000
0.786781,9.333333,8.733333
0.787182,9.340000,8.740000
0.787584,9.299999,8.706666
0.787985,9.313333,8.693334
0.788387,9.266666,8.639999
0.788788,9.186666,8.626667
0.789190,9.220000,8.546666
0.789591,9.179999,8.566667
0.789992,9.166666,8.546666
0.790394,9.099999,8.546666
0.790795,9.153334,8.566667
0.791197,9.106667,8.493334
0.791599,9.026667,8.473333
0.792000,9.006666,8.593333
0.792401,9.020000,8.393332
0.792804,8.986667,8.393332
0.793206,8.926666,8.393332
0.793608,8.953334,8.360000
0.794009,8.913333,8.393332
0.794410,8.880000,8.313333
0.794812,8.873333,8.246666
0.795213,8.839999,8.220000
0.795615,8.800000,8.240000
0.796016,8.780000,8.220000
0.796417,8.773333,8.166667
0.796820,8.740000,8.186666
0.797222,8.719999,8.133333
0.797624,8.680000,8.120000
0.798025,8.673333,7.966667
0.798426,8.626667,8.100000
0.798827,8.599999,7.993333
0.799229,8.633333,8.020000
0.799630,8.553333,7.986666
0.800031,8.520000,7.946667
0.800432,8.653333,7.966667
0.800834,8.420000,7.893333
0.801235,8.553333,7.906666
0.801637,8.500000,7.873333
0.802038,8.400000,7.846667
0.802440,8.393332,7.846667
0.802841,8.366667,7.780000
0.803243,8.313333,7.793334
0.803644,8.306666,7.760000
0.804045,8.259999,7.706666
0.804447,8.259999,7.740000
0.804848,8.233334,7.679999
0.805249,8.193333,7.653333
0.805651,8.186666,7.686666
0.806054,8.120000,7.653333
0.806455,8.139999,7.600000
0.806856,8.033334,7.513333
0.807258,8.053332,7.553333
0.807660,8.153334,7.513333
0.808061,8.040000,7.466667
0.808462,8.033334,7.646666
0.808863,7.993333,7.466667
0.809265,8.006666,7.460000
0.809666,7.946667,7.420000
0.810067,7.880000,7.426666
0.810468,7.880000,7.353333
0.810870,7.866666,7.346666
0.811273,7.826667,7.300000
0.811675,7.820000,7.333333
0.812076,7.753333,7.260000
0.812478,7.746666,7.813334
0.812879,7.746666,7.226666
0.813280,7.713333,7.200000
0.813681,7.606667,7.166667
0.814084,7.686666,7.160000
0.814485,7.633333,7.160000
0.814886,7.620000,7.100000
0.815287,7.600000,7.106667
0.815688,7.573333,7.080000
0.816090,7.520000,7.046667
0.816491,7.506667,6.986666
0.816892,7.473333,7.040000
0.817294,7.346666,6.980000
0.817695,7.440000,6.933333
0.818096,7.440000,6.840000
0.818497,7.453333,6.893333
0.818900,7.373333,6.900000
0.819301,7.306666,6.893333
0.819702,7.346666,6.906667
0.820104,7.293333,6.820000
0.820505,7.313333,6.826667
0.820906,7.253334,6.760000
0.821308,7.240000,6.760000
0.821709,7.213333,6.766666
0.822110,7.180000,6.713333
0.822512,7.166667,6.680000
0.822915,7.140000,6.640000
0.823316,7.093333,6.720000
0.823719,7.080000,6.673334
0.824121,7.066666,6.726666
0.824523,7.060000,6.466667
0.824924,6.986666,6.480000
0.825327,6.980000,6.466667
0.825728,6.986666,6.480000
0.826129,7.066666,6.413333
0.826530,6.913333,6.433333
0.826933,6.900000,6.373333
0.827334,6.880000,6.406667
0.827735,6.840000,6.413333
0.828137,6.813333,6.320000
0.828538,6.853333,6.313334
0.828939,6.740000,6.286667
0.829341,6.753333,6.280000
0.829742,6.713333,6.266666
0.830143,6.673334,6.240000
0.830544,6.660000,6.220000
0.830945,6.660000,6.160000
0.831346,6.633333,6.160000
0.831749,6.620000,6.140000
0.832150,6.600000,6.133333
0.832551,6.540000,6.113333
0.832952,6.666667,6.060000
0.833354,6.473333,6.113333
0.833755,6.466667,6.053333
0.834156,6.326666,6.000000
0.834557,6.433333,5.940000
0.834958,6.513333,5.946667
0.835360,6.373333,5.940000
0.835761,6.340000,5.913333
0.836163,6.420000,5.920000
0.836564,6.306666,5.873333
0.836966,6.266666,5.833333
0.837367,6.266666,5.873333
0.837770,6.233333,5.760000
0.838171,6.206666,5.793334
0.838572,6.166667,5.760000
0.838973,6.133333,5.740000
0.839375,6.120000,5.613333
0.839776,6.053333,5.753333
0.840178,6.226666,5.566667
0.840579,6.040000,5.673333
0.840980,6.086667,5.640000
0.841381,6.080000,5.506666
0.841783,5.993333,5.586667
0.842184,5.940000,5.520000
0.842585,5.940000,5.573333
0.842986,5.933333,5.406666
0.843387,5.913333,5.513333
0.843788,5.880000,5.486667
0.844190,5.840000,5.453333
0.844591,5.826667,5.446666
0.844992,5.786666,5.413333
0.845394,5.740000,5.413333
0.845795,5.786666,5.420000
0.846197,5.773333,5.393333
0.846599,5.720000,5.386667
0.847000,5.706666,5.360000
0.847402,5.680000,5.273333
0.847803,5.646667,5.273333
0.848204,5.640000,5.240000
0.848606,5.620000,5.273333
0.849007,5.600000,5.160000
0.849408,5.573333,5.266667
0.849809,5.533333,5.173333
0.850211,5.380000,5.160000
0.850613,5.506666,5.053333
0.851015,5.480000,5.173333
0.851416,5.460000,5.080000
0.851817,5.453333,5.080000
0.852218,5.413333,5.060000
0.852619,5.373333,5.033333
0.853021,5.373333,5.026667
0.853422,5.386667,4.993333
0.853823,5.340000,5.000000
0.854225,5.320000,4.960000
0.854627,5.260000,4.946666
0.855029,5.266667,4.886666
0.855431,5.273333,4.886666
0.855834,5.226666,4.873333
0.856236,5.260000,4.860000
0.856638,5.166667,4.793333
0.857039,5.146667,4.813333
0.857441,5.140000,4.813333
0.857842,5.120000,4.766666
0.858244,5.086667,4.573333
0.858645,5.060000,4.573333
0.859046,5.060000,4.713333
0.859448,5.020000,4.613333
0.859850,4.986667,4.606667
0.860251,5.006667,4.646667
0.860652,4.966667,4.606667
0.861053,4.926667,4.660000
0.861455,4.913333,4.573333
0.861858,4.913333,4.540000
0.862259,4.900000,4.546667
0.862661,4.860000,4.506667
0.863062,4.833333,4.513333
0.863464,4.806667,4.466667
0.863865,4.786666,4.466667
0.864267,4.820000,4.360000
0.864669,4.686666,4.420000
0.865070,4.720000,4.420000
0.865471,4.713333,4.420000
0.865872,4.706666,4.380000
0.866273,4.640000,4.273333
0.866674,4.686666,4.620000
0.867075,4.620000,4.293333
0.867476,4.566667,4.293333
0.867877,4.586667,4.246667
0.868280,4.566667,4.273333
0.868681,4.540000,4.220000
0.869083,4.526667,4.186666
0.869484,4.506667,4.186666
0.869886,4.493333,4.186666
0.870287,4.466667,4.193333
0.870689,4.453333,4.126667
0.871091,4.386666,4.113333
0.871493,4.366666,4.120000
0.871895,4.366666,4.140000
0.872296,4.360000,4.080000
0.872699,4.326666,4.053333
0.873100,4.340000,3.986666
0.873501,4.320000,4.060000
0.873902,4.306667,3.986666
0.874303,4.280000,3.980000
0.874704,4.240000,3.926666
0.875105,4.226666,3.940000
0.875507,4.193333,3.973333
0.875909,4.180000,3.846667
0.876311,4.193333,3.886667
0.876713,4.146667,3.866667
0.877114,4.120000,3.833333
0.877516,4.100000,3.853333
0.877917,4.086667,3.813334
0.878319,4.066667,3.746666
0.878722,4.013333,3.746666
0.879124,4.073333,3.713333
0.879526,4.006667,3.833333
0.879927,4.000000,3.700000
0.880328,3.973333,3.713333
0.880729,3.953333,3.666667
0.881130,3.966667,3.633333
0.881531,3.920000,3.620000
0.881933,3.786667,3.593333
0.882334,3.860000,3.533333
0.882735,3.860000,3.586667
0.883137,3.833333,3.560000
0.883539,3.773333,3.613333
0.883941,3.760000,3.500000
0.884342,3.713333,3.480000
0.884743,3.793333,3.466666
0.885144,3.853333,3.400000
0.885546,3.680000,3.426666
0.885947,3.666667,3.413333
0.886348,3.646667,3.380000
0.886749,3.646667,3.400000
0.887151,3.613333,3.300000
0.887553,3.580000,3.373333
0.887954,3.573333,3.313333
0.888355,3.566667,3.313333
0.888756,3.513333,3.286667
0.889158,3.520000,3.293333
0.889560,3.420000,3.240000
0.889961,3.493333,3.313333
0.890362,3.480000,3.220000
0.890764,3.466666,3.226667
0.891165,3.446667,3.133333
0.891567,3.413333,3.166667
0.891968,3.400000,2.980000
0.892369,3.446667,3.120000
0.892772,3.380000,3.160000
0.893173,3.333333,3.346666
0.893575,3.313333,3.086667
0.893976,3.280000,3.106667
0.894378,3.313333,3.040000
0.894779,3.286667,3.040000
0.895180,3.266667,3.040000
0.895581,3.253333,3.026667
0.895983,3.213333,2.986667
0.896384,3.226667,2.960000
0.896785,3.200000,2.966666
0.897187,3.200000,2.926667
0.897589,3.180000,2.920000
0.897990,3.126667,2.900000
0.898392,3.166667,2.926667
0.898793,3.213333,2.900000
0.899194,3.046667,2.800000
0.899596,3.073333,2.853333
0.899997,3.046667,2.666667
0.900399,3.120000,2.660000
0.900802,2.986667,2.826667
0.901204,2.986667,2.786667
0.901606,2.953333,2.800000
0.902009,2.960000,2.733333
0.902410,2.946667,2.720000
0.902811,2.940000,2.713333
0.903212,2.933333,2.700000
0.903613,2.886667,2.613333
0.904014,2.866667,2.673333
0.904415,2.886667,2.673333
0.904816,2.873333,2.646667
0.905217,2.800000,2.620000
0.905618,2.800000,2.613333
0.906019,2.786667,2.600000
0.906421,2.820000,2.586667
0.906822,2.780000,2.513333
0.907224,2.733333,2.553333
0.907625,2.753333,2.506666
0.908027,2.713333,2.486667
0.908428,2.686666,2.520000
0.908829,2.746667,2.453333
0.909231,2.613333,2.446667
0.909632,2.646667,2.433333
0.910033,2.700000,2.453333
0.910435,2.633333,2.373333
0.910836,2.580000,2.400000
0.911238,2.566667,2.373333
0.911639,2.553333,2.380000
0.912040,2.553333,2.413333
0.912441,2.560000,2.386667
0.912842,2.480000,2.346667
0.913244,2.486667,2.280000
0.913645,2.333333,2.300000
0.914048,2.273333,2.280000
0.914449,2.440000,2.280000
0.914850,2.406667,2.253333
0.915251,2.400000,2.226666
0.915652,2.413333,2.240000
0.916054,2.400000,2.140000
0.916455,2.373333,2.193333
0.916856,2.340000,2.153333
0.917258,2.413333,2.180000
0.917659,2.346667,2.133333
0.918061,2.333333,2.086667
0.918463,2.300000,2.146667
0.918864,2.280000,2.100000
0.919265,2.280000,2.093333
0.919666,2.253333,1.973333
0.920069,2.246667,2.086667
0.920470,2.246667,2.066667
0.920871,2.246667,2.046667
0.921273,2.200000,2.053333
0.921674,2.180000,1.993333
0.922075,2.153333,2.040000
0.922476,2.153333,1.960000
0.922877,2.146667,1.986667
0.923280,2.006667,2.006667
0.923681,2.106667,2.086667
0.924082,2.086667,2.260000
0.924483,2.100000,1.906667
0.924884,2.046667,1.906667
0.925286,2.100000,1.833333
0.925688,2.026667,1.886667
0.926089,1.993333,1.840000
0.926491,2.006667,1.846667
0.926892,2.006667,1.820000
0.927294,1.973333,1.840000
0.927695,1.966667,1.766667
0.928096,1.913333,1.800000
0.928497,1.940000,1.720000
0.928898,1.906667,1.773333
0.929301,1.893333,1.733333
0.929702,1.893333,1.753333
0.930103,1.886667,1.733333
0.930504,1.853333,1.726667
0.930906,1.846667,1.720000
0.931307,1.866667,1.693333
0.931708,1.773333,1.680000
0.932109,1.853333,1.693333
0.932511,1.800000,1.666667
0.932912,1.753333,1.913333
0.933313,1.760000,1.620000
0.933715,1.700000,1.620000
0.934117,1.700000,1.600000
0.934519,1.733333,1.560000
0.934921,1.653333,1.626667
0.935322,1.713333,1.566667
0.935724,1.686667,1.540000
0.936125,1.686667,1.553333
0.936527,1.666667,1.540000
0.936928,1.653333,1.513333
0.937329,1.640000,1.566667
0.937732,1.633333,1.500000
0.938133,1.566667,1.480000
0.938535,1.633333,1.466667
0.938936,1.586667,1.466667
0.939338,1.540000,1.453333
0.939739,1.606667,1.386667
0.940140,1.546667,1.420000
0.940541,1.533333,1.406667
0.940942,1.506667,1.400000
0.941343,1.513333,1.386667
0.941745,1.493333,1.386667
0.942147,1.460000,1.300000
0.942548,1.486667,1.326667
0.942949,1.493333,1.340000
0.943350,1.460000,1.320000
0.943751,1.413333,1.293333
0.944152,1.433333,1.266667
0.944553,1.413333,1.206667
0.944954,1.386667,1.300000
0.945355,1.386667,1.300000
0.945758,1.380000,1.266667
0.946159,1.373333,1.266667
0.946561,1.373333,1.280000
0.946962,1.426667,1.226667
0.947364,1.326667,1.280000
0.947765,1.326667,1.213333
0.948166,1.306667,1.220000
0.948567,1.340000,1.206667
0.948968,1.246667,1.206667
0.949369,1.313333,1.206667
0.949771,1.286667,1.173333
0.950172,1.260000,1.133333
0.950574,1.213333,1.140000
0.950975,1.106667,1.146667
0.951376,1.260000,0.946667
0.951778,1.213333,1.153333
0.952179,1.206667,1.120000
0.952581,1.200000,1.093333
0.952982,1.180000,1.086667
0.953383,1.060000,1.073333
0.953785,1.173333,1.073333
0.954187,1.173333,1.020000
0.954588,1.160000,1.046667
0.954989,1.126667,1.033333
0.955390,1.093333,1.020000
0.955792,1.146667,1.020000
0.956193,1.113333,1.000000
0.956595,1.093333,1.006667
0.956997,1.053333,0.993333
0.957398,1.000000,1.213333
0.957800,1.073333,0.960000
0.958201,1.026667,0.966667
0.958602,1.066667,0.973333
0.959003,1.086667,0.993333
0.959404,1.086667,0.946667
0.959806,1.046667,0.960000
0.960207,1.013333,0.946667
0.960608,1.006667,0.946667
0.961009,1.006667,0.946667
0.961410,1.000000,0.946667
0.961812,0.986667,0.946667
0.962213,0.960000,0.946667
0.962615,0.946667,0.946667
0.963016,0.953333,0.946667
0.963418,0.946667,0.946667
0.963819,0.946667,0.946667
0.964220,0.946667,0.946667
0.964622,0.946667,0.946667
0.965023,0.946667,0.946667
0.965424,0.946667,0.946667
0.965827,0.946667,0.946667
0.966228,0.946667,0.946667
0.966629,0.946667,0.946667
0.967030,0.953333,0.946667
0.967432,0.946667,0.946667
0.967833,0.946667,0.946667
0.968234,0.946667,0.946667
0.968635,0.946667,0.946667
0.969037,0.946667,0.946667
0.969438,0.946667,0.946667
0.969840,0.946667,0.946667
0.970241,0.946667,0.946667
0.970642,0.946667,0.946667
0.971043,0.946667,0.946667
0.971445,0.946667,0.946667
0.971846,0.946667,0.946667
0.972248,0.946667,0.946667
0.972649,0.946667,0.946667
0.973050,0.946667,0.946667
0.973452,0.946667,0.946667
0.973854,0.946667,0.946667
0.974255,0.946667,0.946667
0.974657,0.946667,0.946667
0.975058,0.946667,0.946667
0.975459,0.946667,0.946667
0.975860,0.946667,0.946667
0.976262,0.946667,0.946667
0.976664,0.946667,0.946667
0.977066,0.946667,0.946667
0.977468,0.946667,0.946667
0.977869,0.946667,0.946667
0.978270,0.946667,0.946667
0.978671,0.946667,0.946667
0.979072,0.946667,0.946667
0.979474,0.946667,0.946667
0.979875,0.946667,0.946667
0.980279,0.946667,0.946667
0.980682,0.946667,0.946667
0.981083,0.946667,0.946667
0.981484,0.946667,0.946667
0.981885,0.946667,0.946667
0.982286,0.946667,0.946667
0.982687,0.946667,0.946667
0.983088,0.946667,0.946667
0.983490,0.946667,0.946667
0.983891,0.946667,0.946667
0.984293,0.946667,0.946667
0.984694,0.946667,0.946667
0.985095,0.946667,0.946667
0.985496,0.946667,0.946667
0.985899,0.946667,0.946667
0.986300,0.946667,0.946667
0.986701,0.946667,0.946667
0.987102,0.946667,0.946667
0.987503,0.946667,0.946667
0.987904,0.946667,0.946667
0.988306,0.946667,0.946667
0.988707,0.946667,0.946667
0.989108,0.946667,0.946667
0.989509,0.946667,0.946667
0.989910,0.946667,0.946667
0.990312,0.946667,0.946667
0.990714,0.946667,0.946667
0.991116,0.946667,0.946667
0.991517,0.946667,0.946667
0.991918,0.946667,0.946667
0.992320,0.946667,0.946667
0.992722,0.946667,0.946667
0.993123,0.946667,0.946667
0.993524,0.946667,0.946667
0.993927,0.946667,0.946667
0.994328,0.946667,0.946667
0.994729,0.946667,0.946667
0.995130,0.946667,0.946667
0.995532,0.946667,0.946667
0.995933,0.946667,0.946667
0.996334,0.946667,0.946667
0.996735,0.946667,0.946667
0.997137,0.946667,0.946667
0.997538,0.946667,0.946667
0.997941,0.946667,0.946667
0.998342,0.946667,0.946667
0.998743,0.946667,0.946667
0.999144,0.946667,0.946667
0.999546,0.946667,0.946667
0.999947,0.946667,0.946667
1.000348,0.946667,0.946667
1.000749,0.946667,0.946667
1.001151,0.946667,0.946667
1.001552,0.946667,0.946667
1.001954,0.946667,0.946667
1.002355,0.946667,0.946667
1.002756,0.946667,0.946667
1.003157,0.946667,0.946667
1.003558,0.946667,0.946667
1.003959,0.946667,0.946667
1.004360,0.946667,0.946667
1.004761,0.946667,0.946667
1.005163,0.946667,0.946667
1.005565,0.946667,0.946667
1.005967,0.946667,0.946667
1.006368,0.946667,0.946667
1.006769,0.946667,0.946667
1.007170,0.946667,0.946667
1.007572,0.946667,0.946667
1.007973,0.946667,0.946667
1.008375,0.946667,0.946667
1.008776,0.946667,0.946667
1.009178,0.946667,0.946667
1.009580,0.946667,0.946667
1.009981,0.946667,0.946667
1.010382,0.946667,0.946667
1.010785,0.946667,0.946667
1.011187,0.946667,0.946667
1.011588,0.946667,0.946667
1.011989,0.946667,0.946667
1.012391,0.946667,0.946667
1.012792,0.946667,0.946667
1.013193,0.946667,0.946667
1.013594,0.946667,0.946667
1.013996,0.946667,0.946667
1.014398,0.946667,0.946667
1.014799,0.946667,0.946667
1.015200,0.946667,0.946667
1.015601,0.946667,0.946667
1.016002,0.946667,0.946667
1.016403,0.946667,0.946667
1.016804,0.946667,0.946667
1.017206,0.946667,0.946667
1.017608,0.946667,0.946667
1.018009,0.946667,0.946667
1.018410,0.946667,0.946667
1.018812,0.946667,0.946667
1.019214,0.946667,0.946667
1.019615,0.946667,0.946667
1.020017,0.946667,0.946667
1.020418,0.946667,0.946667
1.020821,0.946667,0.946667
1.021222,0.946667,0.946667
1.021624,0.946667,0.946667
1.022027,0.946667,0.946667
1.022428,0.946667,0.946667
1.022829,0.946667,0.946667
1.023231,0.946667,0.946667
1.023633,0.946667,0.946667
1.024034,0.946667,0.946667
1.024435,0.946667,0.946667
1.024837,0.946667,0.946667
1.025238,0.946667,0.946667
1.025639,0.946667,0.946667
1.026041,0.946667,0.946667
1.026442,0.946667,0.946667
1.026843,0.946667,0.946667
1.027245,0.946667,0.946667
1.027646,0.946667,0.946667
1.028048,0.946667,0.946667
1.028449,0.946667,0.946667
1.028851,0.946667,0.946667
1.029253,0.946667,0.946667
1.029655,0.946667,0.946667
1.030056,0.946667,0.946667
1.030457,0.946667,0.946667
1.030859,0.946667,0.946667
1.031260,0.946667,0.946667
1.031662,0.946667,0.946667
1.032063,0.946667,0.946667
1.032464,0.946667,0.946667
1.032865,0.946667,0.946667
1.033266,0.946667,0.946667
1.033667,0.946667,0.946667
1.034068,0.946667,0.946667
1.034469,0.946667,0.946667
1.034870,0.946667,0.946667
1.035271,0.946667,0.946667
1.035672,0.946667,0.946667
1.036075,0.946667,0.946667
1.036478,0.946667,0.946667
1.036881,0.946667,0.946667
1.037283,0.946667,0.946667
1.037684,0.946667,0.946667
1.038085,0.946667,0.946667
1.038486,0.946667,0.946667
1.038888,0.946667,0.946667
1.039291,0.946667,0.946667
1.039694,0.946667,0.946667
1.040095,0.946667,0.946667
1.040497,0.946667,0.946667
1.040898,0.946667,0.946667
1.041300,0.946667,0.946667
1.041701,0.946667,0.946667
1.042102,0.946667,0.946667
1.042503,0.946667,0.946667
1.042904,0.946667,0.946667
1.043306,0.946667,0.946667
1.043707,0.946667,0.946667
1.044108,0.946667,0.946667
1.044510,0.946667,0.946667
1.044911,0.946667,0.946667
1.045313,0.946667,0.946667
1.045714,0.946667,0.946667
1.046115,0.946667,0.946667
1.046517,0.946667,0.946667
1.046918,0.946667,0.946667
1.047320,0.946667,0.946667
1.047721,0.946667,0.946667
1.048122,0.946667,0.946667
1.048523,0.946667,0.946667
1.048924,0.946667,0.946667
1.049326,0.946667,0.946667
1.049728,0.946667,0.946667
1.050129,0.946667,0.946667
1.050530,0.946667,0.946667
1.050932,0.946667,0.946667
1.051333,0.946667,0.946667
1.051734,0.946667,0.946667
1.052135,0.946667,0.946667
1.052536,0.946667,0.946667
1.052937,0.946667,0.946667
1.053339,0.946667,0.946667
1.053740,0.946667,0.946667
1.054141,0.946667,0.946667
1.054546,0.946667,0.946667
1.054949,0.946667,0.946667
1.055350,0.946667,0.946667
1.055752,0.946667,0.946667
1.056153,0.946667,0.946667
1.056555,0.946667,0.946667
1.056956,0.946667,0.946667
1.057359,0.946667,0.946667
1.057760,0.946667,0.946667
1.058162,0.946667,0.946667
1.058563,0.946667,0.946667
1.058964,0.946667,0.946667
1.059366,0.946667,0.946667
1.059769,0.946667,0.946667
1.060170,0.946667,0.946667
1.060572,0.946667,0.946667
1.060975,0.946667,0.946667
1.061376,0.946667,0.946667
1.061777,0.946667,0.946667
1.062178,0.946667,0.946667
1.062580,0.946667,0.946667
1.062981,0.946667,0.946667
1.063382,0.946667,0.946667
1.063785,0.946667,0.946667
1.064186,0.946667,0.946667
1.064588,0.946667,0.946667
1.064989,0.946667,0.946667
1.065391,0.946667,0.946667
1.065792,0.946667,0.946667
1.066193,0.946667,0.946667
1.066594,0.946667,0.946667
1.066995,0.946667,0.946667
1.067397,0.946667,0.946667
1.067798,0.946667,0.946667
1.068199,0.946667,0.946667
1.068601,0.946667,0.946667
1.069003,0.946667,0.946667
1.069404,0.946667,0.946667
1.069805,0.946667,0.946667
1.070206,0.946667,0.946667
1.070608,0.946667,0.946667
1.071009,0.946667,0.946667
1.071410,0.946667,0.946667
1.071812,0.946667,0.946667
1.072214,0.946667,0.946667
1.072615,0.946667,0.946667
1.073016,0.946667,0.946667
1.073417,0.946667,0.946667
1.073819,0.946667,0.946667
1.074220,0.946667,0.946667
1.074621,0.946667,0.946667
1.075022,0.946667,0.946667
1.075424,0.946667,0.946667
1.075826,0.946667,0.946667
1.076228,0.946667,0.946667
1.076630,0.946667,0.946667
1.077031,0.946667,0.946667
1.077433,0.946667,0.946667
1.077834,0.946667,0.946667
1.078235,0.946667,0.946667
1.078637,0.946667,0.946667
1.079039,0.946667,0.946667
1.079441,0.946667,0.946667
1.079842,0.946667,0.946667
1.080243,0.946667,0.946667
1.080645,0.946667,0.946667
1.081047,0.946667,0.946667
1.081448,0.946667,0.946667
1.081849,0.946667,0.946667
1.082251,0.946667,0.946667
1.082653,0.946667,0.946667
1.083055,0.946667,0.946667
1.083456,0.946667,0.946667
1.083857,0.946667,0.946667
1.084258,0.946667,0.946667
1.084660,0.946667,0.946667
1.085061,0.953333,0.946667
1.085463,0.973333,0.946667
1.085865,0.960000,0.946667
1.086267,1.013333,0.946667
1.086668,1.013333,0.946667
1.087070,1.006667,0.946667
1.087471,1.013333,0.946667
1.087872,0.993333,0.946667
1.088274,1.033333,0.946667
1.088675,1.040000,0.946667
1.089076,1.033333,0.953333
1.089477,1.033333,0.946667
1.089880,1.126667,0.973333
1.090282,1.086667,0.980000
1.090684,1.086667,1.033333
1.091086,1.100000,1.000000
1.091487,1.080000,1.026667
1.091888,1.113333,1.073333
1.092289,1.113333,1.033333
1.092690,1.100000,1.033333
1.093091,1.153333,1.086667
1.093492,1.140000,1.053333
1.093894,1.193333,1.066667
1.094296,1.193333,1.066667
1.094699,1.206667,1.073333
1.095102,1.220000,1.140000
1.095503,1.206667,1.260000
1.095904,1.246667,1.053333
1.096305,1.226667,1.153333
1.096706,1.273333,1.226667
1.097107,1.280000,1.140000
1.097509,1.266667,1.206667
1.097910,1.280000,1.173333
1.098313,1.300000,1.206667
1.098714,1.313333,1.206667
1.099115,1.306667,1.200000
1.099516,1.320000,1.206667
1.099917,1.306667,1.240000
1.100319,1.353333,1.326667
1.100721,1.393333,1.240000
1.101122,1.380000,1.266667
1.101523,1.386667,1.266667
1.101924,1.360000,1.266667
1.102327,1.400000,1.300000
1.102728,1.406667,1.266667
1.103130,1.453333,1.300000
1.103531,1.426667,1.300000
1.103933,1.553333,1.326667
1.104335,1.453333,1.346667
1.104736,1.480000,1.353333
1.105138,1.500000,1.386667
1.105539,1.580000,1.420000
1.105940,1.546667,1.413333
1.106342,1.533333,1.466667
1.106743,1.560000,1.400000
1.107145,1.540000,1.393333
1.107547,1.546667,1.406667
1.107948,1.546667,1.320000
1.108349,1.580000,1.420000
1.108750,1.573333,1.453333
1.109151,1.646667,1.493333
1.109553,1.613333,1.533333
1.109954,1.633333,1.400000
1.110355,1.646667,1.480000
1.110756,1.660000,1.513333
1.111157,1.673333,1.546667
1.111559,1.686667,1.560000
1.111960,1.706667,1.560000
1.112361,1.713333,1.560000
1.112762,1.746667,1.580000
1.113163,1.713333,1.626667
1.113565,1.646667,1.586667
1.113967,1.753333,1.633333
1.114368,1.773333,1.560000
1.114770,1.780000,1.640000
1.115171,1.786667,1.646667
1.115573,1.873333,1.733333
1.115974,1.800000,1.666667
1.116375,1.846667,1.733333
1.116776,1.766667,1.720000
1.117178,1.866667,1.793333
1.117580,1.820000,1.880000
1.117981,1.913333,1.733333
1.118383,1.913333,1.793333
1.118784,1.946667,1.773333
1.119186,1.933333,1.786667
1.119588,1.966667,1.806667
1.119989,1.973333,1.820000
1.120391,2.000000,1.840000
1.120792,1.986667,1.846667
1.121193,1.953333,1.880000
1.121594,2.020000,1.880000
1.121995,2.013333,1.880000
1.122396,2.020000,1.900000
1.122797,2.080000,1.913333
1.123198,2.126667,1.906667
1.123599,2.080000,1.993333
1.124000,2.120000,1.960000
1.124401,2.133333,1.973333
1.124802,2.133333,2.000000
1.125204,2.220000,1.960000
1.125606,2.200000,2.000000
1.126007,2.200000,2.026667
1.126408,2.220000,2.033333
1.126809,2.166667,2.080000
1.127210,2.246667,2.073333
1.127611,2.260000,2.086667
1.128012,2.260000,2.100000
1.128413,2.253333,2.113333
1.128814,2.266667,2.093333
1.129217,2.300000,2.100000
1.129619,2.320000,2.140000
1.130020,2.360000,2.146667
1.130421,2.333333,2.186667
1.130823,2.380000,2.206667
1.131224,2.413333,2.166667
1.131625,2.406667,2.233333
1.132026,2.380000,2.213333
1.132427,2.440000,2.260000
1.132828,2.460000,2.213333
1.133229,2.460000,2.273333
1.133630,2.473333,2.366667
1.134031,2.413333,2.300000
1.134433,2.506666,2.340000
1.134834,2.553333,2.353333
1.135235,2.553333,2.346667
1.135636,2.553333,2.353333
1.136038,2.593333,2.353333
1.136440,2.600000,2.400000
1.136842,2.613333,2.433333
1.137243,2.613333,2.433333
1.137644,2.566667,2.440000
1.138045,2.606667,2.500000
1.138448,2.700000,2.500000
1.138850,2.666667,2.513333
1.139251,2.706666,2.453333
1.139652,2.713333,2.493333
1.140055,2.760000,2.526667
1.140456,2.780000,2.613333
1.140857,2.766667,2.560000
1.141258,2.740000,2.586667
1.141659,2.786667,2.613333
1.142060,2.813333,2.553333
1.142462,2.760000,2.626667
1.142864,2.840000,2.693333
1.143265,2.880000,2.660000
1.143667,2.926667,2.673333
1.144068,2.913333,2.700000
1.144469,2.926667,2.726667
1.144871,2.946667,2.733333
1.145272,2.906667,2.786667
1.145673,2.966666,2.766667
1.146075,2.973333,2.773333
1.146476,2.993333,2.780000
1.146877,3.020000,2.800000
1.147280,3.086667,2.853333
1.147681,3.046667,2.833333
1.148083,3.106667,2.880000
1.148484,3.100000,2.926667
1.148887,3.100000,2.873333
1.149288,3.140000,2.886667
1.149689,3.160000,2.933333
1.150092,3.126667,2.913333
1.150494,3.180000,2.966666
1.150895,3.233333,2.960000
1.151297,3.213333,3.053333
1.151700,3.326667,3.000000
1.152103,3.246666,3.033333
1.152504,3.260000,3.060000
1.152905,3.280000,3.046667
1.153307,3.313333,3.040000
1.153709,3.493333,3.106667
1.154110,3.313333,3.066667
1.154511,3.346666,3.106667
1.154912,3.373333,3.133333
1.155314,3.393333,3.153333
1.155715,3.413333,3.153333
1.156117,3.446667,3.166667
1.156518,3.460000,3.193333
1.156920,3.493333,3.240000
1.157321,3.486667,3.026667
1.157724,3.380000,3.253333
1.158125,3.486667,3.286667
1.158527,3.580000,3.386667
1.158928,3.553333,3.193333
1.159329,3.486667,3.286667
1.159730,3.573333,3.340000
1.160132,3.513333,3.313333
1.160534,3.620000,3.373333
1.160935,3.653333,3.440000
1.161336,3.660000,3.433333
1.161738,3.693333,3.400000
1.162139,3.693333,3.453333
1.162541,3.686666,3.486667
1.162942,3.773333,3.466666
1.163344,3.780000,3.520000
1.163745,3.820000,3.500000
1.164146,3.826667,3.520000
1.164547,3.846667,3.553333
1.164948,3.840000,3.573333
1.165349,3.940000,3.613333
1.165750,3.913333,3.606667
1.166152,3.920000,3.573333
1.166553,3.953333,3.500000
1.166954,3.893333,3.640000
1.167355,4.006667,3.660000
1.167757,4.033333,3.713333
1.168158,3.986666,3.693333
1.168560,4.026666,3.740000
1.168962,4.060000,3.746666
1.169363,4.066667,3.746666
1.169764,4.113333,3.726667
1.170166,4.113333,3.833333
1.170567,4.126667,3.873333
1.170968,4.186666,3.900000
1.171369,4.186666,3.900000
1.171771,4.173333,3.913333
1.172172,4.226666,3.926666
1.172573,4.213334,4.013333
1.172974,4.233333,4.040000
1.173375,4.260000,3.980000
1.173776,4.300000,4.020000
1.174178,4.333333,3.986666
1.174580,4.373333,4.066667
1.174981,4.353333,4.080000
1.175383,4.386666,4.073333
1.175784,4.360000,4.053333
1.176185,4.400000,4.146667
1.176587,4.440000,4.100000
1.176989,4.460000,4.140000
1.177391,4.453333,4.173333
1.177793,4.506667,4.193333
1.178194,4.520000,4.193333
1.178595,4.466667,4.346667
1.178996,4.273333,4.266666
1.179398,4.553333,4.040000
1.179799,4.566667,4.293333
1.180200,4.593333,4.313334
1.180601,4.586667,4.333333
1.181002,4.666667,4.313334
1.181403,4.646667,4.366666
1.181804,4.713333,4.186666
1.182205,4.713333,4.393333
1.182607,4.740000,4.433333
1.183008,4.700000,4.420000
1.183409,4.873333,4.420000
1.183810,4.826666,4.533333
1.184211,4.753333,4.506667
1.184613,4.846666,4.533333
1.185014,4.833333,4.540000
1.185415,4.900000,4.533333
1.185816,4.940000,4.613333
1.186217,4.926667,4.573333
1.186618,5.006667,4.613333
1.187019,4.946666,4.693333
1.187421,5.000000,4.633333
1.187824,5.033333,4.686666
1.188225,5.026667,4.693333
1.188626,5.060000,4.726666
1.189028,5.080000,4.720000
1.189429,5.106667,4.793333
1.189831,5.180000,4.786666
1.190232,5.260000,4.786666
1.190633,5.153333,4.800000
1.191034,5.180000,4.826666
1.191436,5.220000,4.886666
1.191837,5.266667,4.873333
1.192238,5.260000,4.886666
1.192640,5.346666,4.893333
1.193041,5.320000,4.913333
1.193442,5.300000,4.926667
1.193843,5.380000,4.966667
1.194245,5.366667,4.993333
1.194647,5.400000,5.040000
1.195048,5.393333,5.006667
1.195449,5.426667,5.066667
1.195852,5.426667,5.093333
1.196254,5.493333,5.080000
1.196656,5.453333,5.120000
1.197057,5.526667,5.180000
1.197458,5.566667,5.146667
1.197860,5.586667,5.220000
1.198261,5.580000,5.180000
1.198663,5.626667,5.233334
1.199064,5.660000,5.233334
1.199466,5.653333,5.300000
1.199867,5.680000,5.273333
1.200268,5.680000,5.326667
1.200669,5.740000,5.326667
1.201071,5.760000,5.366667
1.201472,5.640000,5.393333
1.201874,5.766666,5.366667
1.202280,5.786666,5.580000
1.202681,5.866666,5.446666
1.203082,5.846666,5.500000
1.203484,5.893333,5.500000
1.203885,5.926667,5.500000
1.204286,5.926667,5.546667
1.204687,5.946667,5.546667
1.205089,5.953333,5.560000
1.205490,5.980000,5.580000
1.205891,6.026667,5.533333
1.206292,6.060000,5.640000
1.206693,6.053333,5.640000
1.207094,6.113333,5.693333
1.207495,6.106667,5.733333
1.207896,6.433333,5.713333
1.208297,6.140000,5.760000
1.208699,6.133333,5.760000
1.209101,6.300000,5.793334
1.209502,6.180000,5.820000
1.209903,6.020000,5.866666
1.210305,6.280000,5.853333
1.210706,6.280000,5.873333
1.211107,6.300000,5.913333
1.211509,6.413333,5.926667
1.211910,6.340000,5.926667
1.212312,6.386667,5.966666
1.212714,6.420000,5.966666
1.213115,6.433333,6.040000
1.213516,6.453333,6.000000
1.213917,6.453333,6.193333
1.214319,6.506667,6.066667
1.214722,6.360000,6.066667
1.215124,6.540000,6.086667
1.215525,6.593333,6.120000
1.215928,6.633333,6.166667
1.216329,6.673334,6.126667
1.216730,6.680000,6.253334
1.217131,6.666667,6.200000
1.217533,6.533333,6.253334
1.217934,6.773334,6.253334
1.218335,6.726666,6.286667
1.218736,6.773334,6.326666
1.219138,6.813333,6.320000
1.219539,6.840000,6.346667
1.219940,6.860000,6.346667
1.220341,6.886666,6.393333
1.220743,6.906667,6.313334
1.221144,6.920000,6.500000
1.221545,7.073333,6.480000
1.221946,6.980000,6.493333
1.222348,7.020000,6.513333
1.222749,7.020000,6.546667
1.223151,7.093333,6.540000
1.223552,7.066666,6.660000
1.223953,7.133334,6.633333
1.224354,7.133334,6.740000
1.224756,7.146667,6.646667
1.225157,7.146667,6.733333
1.225558,7.066666,6.753333
1.225961,7.200000,6.680000
1.226362,7.133334,6.773334
1.226763,7.086666,6.760000
1.227164,7.300000,6.813333
1.227565,7.313333,6.826667
1.227966,7.340000,6.833333
1.228367,7.380000,6.913333
1.228769,7.400000,6.833333
1.229170,7.453333,6.906667
1.229571,7.353333,6.946667
1.229973,7.453333,6.966666
1.230374,7.493333,6.986666
1.230775,7.473333,6.986666
1.231176,7.566667,7.006667
1.231578,7.533333,7.160000
1.231979,7.546666,7.106667
1.232380,7.620000,7.073333
1.232781,7.626667,7.100000
1.233182,7.666667,7.166667
1.233584,7.706666,7.366667
1.233985,7.813334,7.233334
1.234386,7.720000,7.226666
1.234787,7.833333,7.200000
1.235189,7.780000,7.260000
1.235591,7.786666,7.266667
1.235993,7.826667,7.293333
1.236395,7.840000,7.340000
1.236796,7.866666,7.333333
1.237198,7.886666,7.380000
1.237600,7.913333,7.393333
1.238002,7.953333,7.413333
1.238403,7.960000,7.486667
1.238804,8.000000,7.626667
1.239206,8.020000,7.486667
1.239607,8.026667,7.526666
1.240009,8.033334,7.540000
1.240411,8.113333,7.520000
1.240812,8.126666,7.573333
1.241213,8.160000,7.600000
1.241614,8.173333,7.660000
1.242015,8.213333,7.546666
1.242417,8.133333,7.660000
1.242819,8.213333,7.626667
1.243220,8.259999,7.700000
1.243621,8.286667,7.746666
1.244024,8.313333,7.773333
1.244426,8.346666,7.806666
1.244827,8.379999,7.846667
1.245228,8.386666,7.846667
1.245629,8.393332,7.886666
1.246030,8.426667,7.860000
1.246432,8.453333,7.920000
1.246835,8.486667,7.933333
1.247237,8.540000,7.980000
1.247639,8.520000,7.993333
1.248040,8.566667,8.013333
1.248442,8.560000,8.026667
1.248843,8.653333,8.046666
1.249244,8.653333,8.080000
1.249645,8.626667,8.146667
1.250046,8.706666,8.146667
1.250448,8.726666,8.153334
1.250849,8.673333,8.166667
1.251251,8.753333,8.206666
1.251653,8.793333,8.213333
1.252055,8.833333,8.286667
1.252456,8.839999,8.286667
1.252858,8.860000,8.273334
1.253259,8.886666,8.340000
1.253660,8.913333,8.313333
1.254061,8.926666,8.393332
1.254463,8.966666,8.400000
1.254864,9.013333,8.393332
1.255265,9.013333,8.426667
1.255666,9.059999,8.426667
1.256069,8.973332,8.473333
1.256470,9.039999,8.513332
1.256871,9.046666,8.533333
1.257273,9.113333,8.546666
1.257674,9.166666,8.560000
1.258076,9.186666,8.620000
1.258477,9.226666,8.639999
1.258880,9.266666,8.726666
1.259281,9.200000,8.660000
1.259682,9.326667,8.733333
1.260083,9.326667,8.793333
1.260485,9.333333,8.726666
1.260886,9.346666,8.753333
1.261287,9.346666,8.780000
1.261688,9.346666,8.820000
1.262090,9.506666,8.846666
1.262491,9.486667,8.826667
1.262892,9.580000,8.820000
1.263294,9.546667,8.913333
1.263696,9.559999,8.926666
1.264098,9.606667,8.966666
1.264500,9.639999,8.953334
1.264901,9.566666,8.933333
1.265302,9.680000,9.000000
1.265704,9.706666,9.080000
1.266106,9.719999,9.093333
1.266508,9.719999,9.086667
1.266909,9.713333,9.120000
1.267310,9.733334,9.126666
1.267713,9.793333,9.160000
1.268116,9.846666,9.179999
1.268517,9.866667,9.220000
1.268918,9.913333,9.226666
1.269320,9.926666,9.253333
1.269721,9.959999,9.266666
1.270122,9.986667,9.320000
1.270523,9.980000,9.306666
1.270924,10.033333,9.480000
1.271326,10.059999,9.546667
1.271728,10.093333,9.493333
1.272130,10.066667,9.740000
1.272532,10.093333,9.473333
1.272934,10.146667,9.460000
1.273335,10.186666,9.533333
1.273736,10.186666,9.553333
1.274138,10.226666,9.553333
1.274540,10.219999,9.613334
1.274941,10.280000,9.633333
1.275342,10.360000,9.613334
1.275743,10.419999,9.680000
1.276144,10.320000,9.620000
1.276545,10.360000,9.766666
1.276946,10.406667,9.719999
1.277347,10.413333,9.753333
1.277748,10.433333,9.766666
1.278149,10.493333,9.806666
1.278550,10.500000,9.800000
1.278951,10.526667,9.846666
1.279353,10.559999,9.866667
1.279755,10.573333,9.893332
1.280156,10.613333,9.940001
1.280557,10.626666,9.966666
1.280958,10.646667,9.966666
1.281360,10.600000,10.013333
1.281761,10.693333,9.966666
1.282163,10.713333,10.046666
1.282564,10.740000,10.080000
1.282965,10.766666,10.073334
1.283367,10.800000,10.113333
1.283770,10.886666,10.140000
1.284171,10.879999,10.160000
1.284572,10.840000,10.193334
1.284973,10.906667,10.173333
1.285374,10.900000,10.226666
1.285775,10.980000,10.260000
1.286176,10.960000,10.260000
1.286577,11.000000,10.260000
1.286978,11.020000,10.320000
1.287380,11.040000,10.320000
1.287781,11.086666,10.213333
1.288183,11.106667,10.413333
1.288584,11.160000,10.400000
1.288985,11.160000,10.413333
1.289387,11.160000,10.453333
1.289789,11.186666,10.480000
1.290190,11.206666,10.493333
1.290591,11.266666,10.526667
1.290993,11.226666,10.500000
1.291394,11.293333,10.586667
1.291796,11.160000,10.566667
1.292197,11.393333,10.573333
1.292598,11.320000,10.666667
1.292999,11.373333,10.520000
1.293401,11.406666,10.666667
1.293802,11.453334,10.733334
1.294204,11.473332,10.706666
1.294605,11.500000,10.746666
1.295007,11.533333,10.780000
1.295408,11.626666,10.813333
1.295811,11.526667,10.840000
1.296213,11.593333,10.873333
1.296615,11.620000,10.759999
1.297018,11.626666,10.926667
1.297420,11.666666,10.986667
1.297822,11.706667,10.953333
1.298223,11.706667,10.993334
1.298625,11.780000,11.020000
1.299026,11.820000,11.033333
1.299428,11.773334,11.033333
1.299830,11.813333,10.906667
1.300232,11.846666,11.086666
1.300634,11.879999,11.106667
1.301035,11.853333,11.146667
1.301436,11.920000,11.113334
1.301837,11.940000,11.200000
1.302238,11.973333,11.253333
1.302640,11.980000,11.219999
1.303041,11.999999,11.246667
1.303443,12.046667,11.280000
1.303844,12.046667,11.380000
1.304246,12.040000,11.366667
1.304648,12.100000,11.333333
1.305050,12.173333,11.380000
1.305451,12.226666,11.386666
1.305852,12.186666,11.406666
1.306253,12.273333,11.386666
1.306654,12.273333,11.273333
1.307057,12.286667,11.480000
1.307459,12.339999,11.626666
1.307860,12.339999,11.546666
1.308261,12.386666,11.559999
1.308663,12.413333,11.613333
1.309065,12.413333,11.473332
1.309467,12.446667,11.559999
1.309868,12.440001,11.646667
1.310270,12.466666,11.666666
1.310671,12.506667,11.700000
1.311072,12.566667,12.033333
1.311474,12.533333,11.726666
1.311875,12.586666,11.780000
1.312280,12.593333,11.780000
1.312681,12.633333,11.793333
1.313083,12.646667,11.820000
1.313485,12.673333,11.853333
1.313886,12.700000,11.953333
1.314287,12.706667,11.893333
1.314690,12.760000,11.906667
1.315092,12.766666,11.920000
1.315494,12.826667,11.980000
1.315895,12.806666,11.999999
1.316296,12.853333,11.999999
1.316699,12.893333,12.066666
1.317100,12.900000,11.973333
1.317502,12.880000,12.066666
1.317903,12.900000,12.086666
1.318305,12.973333,12.059999
1.318707,12.993333,12.139999
1.319108,13.100000,12.186666
1.319509,13.020000,12.240000
1.319912,13.040000,12.240000
1.320314,13.026667,12.240000
1.320715,13.120000,12.300000
1.321116,13.120000,12.320000
1.321517,13.126666,12.306666
1.321918,13.179999,12.333333
1.322319,13.179999,12.280000
1.322720,13.266666,12.446667
1.323123,13.240000,12.426666
1.323524,13.286667,12.459999
1.323927,13.333333,12.473333
1.324328,13.333333,12.446667
1.324729,13.346667,12.533333
1.325130,13.353333,12.366667
1.325532,13.599999,12.580000
1.325933,13.393333,12.593333
1.326334,13.433333,12.566667
1.326735,13.426666,12.620000
1.327137,13.466666,12.620000
1.327538,13.520000,12.673333
1.327940,13.513332,12.693334
1.328341,13.546667,12.733333
1.328743,13.579999,12.733333
1.329144,13.579999,12.799999
1.329545,13.620000,12.773334
1.329948,13.639999,12.793333
1.330350,13.646666,12.799999
1.330753,13.680000,12.826667
1.331154,13.713332,12.846666
1.331555,13.779999,12.806666
1.331957,13.779999,12.919999
1.332359,13.706666,13.040000
1.332760,13.846665,12.946667
1.333161,13.846665,12.960000
1.333563,13.866666,13.006666
1.333964,13.926666,13.013333
1.334366,13.779999,13.026667
1.334767,13.900000,13.080000
1.335168,14.026667,13.080000
1.335569,13.986667,13.120000
1.335970,13.993333,13.126666
1.336372,13.993333,13.146667
1.336773,14.026667,13.240000
1.337174,14.066666,13.193333
1.337575,14.099999,13.226666
1.337976,14.086666,13.220000
1.338378,14.166666,13.166667
1.338779,14.153333,13.246666
1.339180,14.166666,13.313333
1.339581,14.173332,13.280000
1.339984,14.219999,13.333333
1.340386,14.246667,13.293333
1.340787,14.253333,13.379999
1.341188,14.306665,13.259999
1.341589,14.333334,13.466666
1.341991,14.313334,13.406666
1.342393,14.186666,13.466666
1.342794,14.320000,13.486667
1.343195,14.420000,13.486667
1.343597,14.420000,13.539999
1.343999,14.453333,13.539999
1.344400,14.493333,13.559999
1.344801,14.499999,13.639999
1.345202,14.520000,13.613334
1.345604,14.466667,13.693333
1.346005,14.553333,13.759999
1.346407,14.586666,13.646666
1.346809,14.586666,13.466666
1.347210,14.513333,13.706666
1.347611,14.653333,13.740001
1.348014,14.626666,13.746667
1.348416,14.699999,13.773333
1.348817,14.753333,13.779999
1.349218,14.759999,13.833333
1.349619,14.780000,13.820000
1.350021,14.826666,13.846665
1.350422,14.840000,13.873334
1.350823,14.840000,13.900000
1.351224,14.826666,13.926666
1.351625,14.873333,13.926666
1.352027,14.906667,13.993333
1.352430,14.913333,13.966666
1.352832,14.933333,13.993333
1.353233,14.953333,13.993333
1.353634,15.013333,14.033333
1.354035,15.033334,14.086666
1.354436,14.953333,14.073334
1.354838,15.073333,14.099999
1.355239,15.046666,14.113334
1.355641,15.126667,14.166666
1.356042,15.139999,14.160000
1.356443,15.159999,14.173332
1.356844,15.166667,14.200001
1.357246,15.206666,14.246667
1.357648,15.193334,14.266667
1.358049,15.246666,14.219999
1.358451,15.253334,14.273334
1.358853,15.240000,14.320000
1.359254,15.333333,14.333334
1.359655,15.320001,14.346666
1.360058,15.393333,14.420000
1.360460,15.353333,14.386666
1.360863,15.386667,14.413333
1.361265,15.413333,14.413333
1.361667,15.426665,14.439999
1.362069,15.440000,14.459999
1.362470,15.473333,14.459999
1.362871,15.460000,14.520000
1.363273,15.546666,14.520000
1.363674,15.560000,14.540000
1.364075,15.560000,14.480000
1.364476,15.660000,14.633332
1.364877,15.639999,14.613333
1.365280,15.619999,14.586666
1.365681,15.660000,14.646667
1.366082,15.633333,14.573334
1.366484,15.713334,14.706667
1.366887,15.733333,14.753333
1.367288,15.653334,14.786666
1.367689,15.773333,14.713333
1.368090,15.799999,14.793334
1.368491,15.786667,14.773334
1.368892,15.826667,14.846666
1.369293,15.853333,14.800000
1.369694,15.853333,14.833332
1.370095,15.906666,14.866667
1.370496,15.913334,14.893332
1.370898,15.933333,14.886666
1.371299,15.946666,14.906667
1.371700,15.980000,14.926667
1.372101,15.986667,15.100000
1.372502,15.933333,14.940000
1.372904,16.013332,14.953333
1.373306,16.080000,15.119999
1.373709,16.059999,14.953333
1.374110,16.119999,15.106667
1.374511,16.113333,15.093332
1.374912,16.133333,15.146667
1.375314,16.139999,15.146667
1.375715,16.200001,14.953333
1.376118,16.193333,15.219999
1.376519,16.186666,15.193334
1.376920,16.266666,15.213333
1.377321,16.286667,15.219999
1.377722,16.266666,15.240000
1.378123,16.293333,15.260000
1.378525,16.326666,15.280000
1.378927,16.359999,15.293332
1.379328,16.379999,15.326667
1.379730,16.400000,15.366667
1.380131,16.426666,15.379999
1.380533,16.386665,15.366667
1.380934,16.346666,15.373333
1.381335,16.473333,15.426665
1.381736,16.466667,15.426665
1.382137,16.506666,15.460000
1.382539,16.533333,15.460000
1.382942,16.553333,15.526667
1.383343,16.606667,15.513332
1.383744,16.593334,15.433333
1.384145,16.593334,15.533333
1.384546,16.606667,15.553332
1.384947,16.526667,15.566667
1.385348,16.613333,15.586667
1.385749,16.693333,15.613333
1.386151,16.713333,15.626667
1.386552,16.746666,15.653334
1.386953,16.759998,15.679999
1.387355,16.779999,15.720000
1.387757,16.759998,15.733333
1.388158,16.779999,15.726666
1.388559,16.826666,15.753332
1.388961,16.786665,15.746666
1.389362,16.840000,15.833333
1.389763,16.853334,15.826667
1.390164,16.860001,15.786667
1.390565,16.893332,15.773333
1.390966,16.886665,15.846667
1.391368,16.920000,15.860000
1.391769,16.906666,15.940000
1.392171,16.866667,15.913334
1.392572,16.953333,16.273333
1.392973,16.886665,16.006666
1.393374,16.939999,15.946666
1.393775,17.000000,15.993333
1.394177,17.000000,16.026667
1.394578,17.033333,16.006666
1.394980,17.039999,16.066668
1.395381,17.073334,16.106665
1.395782,17.033333,16.046667
1.396183,17.093332,16.106665
1.396584,17.113333,16.099998
1.396985,17.033333,16.099998
1.397387,17.106667,16.126665
1.397788,17.153332,16.086666
1.398189,17.186666,16.153334
1.398590,17.173332,16.133333
1.398992,17.193333,16.180000
1.399394,17.186666,16.173334
1.399796,17.240000,16.233332
1.400197,17.260000,16.213333
1.400598,17.273333,16.266666
1.400999,17.279999,16.279999
1.401400,17.313332,16.306667
1.401801,17.299999,16.373333
1.402202,17.326666,16.346666
1.402603,17.340000,16.359999
1.403005,17.360001,16.366665
1.403407,17.380001,16.406666
1.403808,17.373333,16.373333
1.404209,17.393333,16.433332
1.404611,17.413332,16.460001
1.405013,17.400000,16.453333
1.405415,17.446667,16.446667
1.405816,17.446667,16.466667
1.406218,17.459999,16.506666
1.406619,17.439999,16.519999
1.407021,17.426666,16.539999
1.407422,17.653334,16.526667
1.407823,17.453333,16.639999
1.408224,17.539999,16.619999
1.408626,17.459999,16.606667
1.409027,17.606667,16.606667
1.409428,17.546665,16.633331
1.409829,17.626667,16.646666
1.410231,17.693333,16.633331
1.410632,17.666666,16.680000
1.411033,17.679998,16.700001
1.411434,17.626667,16.713333
1.411836,17.693333,16.713333
1.412237,17.733334,16.726667
1.412638,17.726665,16.733334
1.413040,17.740000,16.753332
1.413442,17.766666,16.619999
1.413843,17.760000,16.786665
1.414244,17.820000,16.826666
1.414646,17.866667,16.759998
1.415047,17.780001,16.806665
1.415448,17.820000,16.820000
1.415849,17.833332,16.846666
1.416250,17.866667,16.893332
1.416651,17.879999,16.860001
1.417052,17.886667,16.926666
1.417454,17.873333,16.900000
1.417855,17.886667,17.093332
1.418257,17.859999,16.906666
1.418658,17.933332,16.926666
1.419060,17.959999,16.939999
1.419462,17.980000,16.933332
1.419863,17.966665,16.953333
1.420265,18.006666,17.039999
1.420666,17.993332,16.953333
1.421068,17.959999,16.966667
1.421470,18.026667,16.966667
1.421871,18.093332,16.993334
1.422272,18.073332,17.026665
1.422673,17.993332,17.039999
1.423074,18.099998,17.086666
1.423476,18.046667,17.039999
1.423877,18.106667,17.033333
1.424280,18.113333,17.013332
1.424681,18.180000,17.100000
1.425082,18.160000,17.173332
1.425485,18.286667,17.286665
1.425886,18.253332,17.179998
1.426287,18.180000,17.120001
1.426688,18.166666,17.159998
1.427089,18.206665,17.186666
1.427490,18.226665,17.186666
1.427891,18.253332,17.186666
1.428293,18.240000,17.213333
1.428695,18.260000,17.206667
1.429097,18.226665,17.240000
1.429498,18.293333,17.273333
1.429899,18.306667,17.266666
1.430301,18.299999,17.279999
1.430702,18.326666,17.306665
1.431103,18.359999,17.279999
1.431504,18.353333,17.333332
1.431906,18.373333,17.333332
1.432307,18.373333,17.333332
1.432708,18.333332,17.333332
1.433110,18.426666,17.333332
1.433511,18.400000,17.333332
1.433912,18.433334,17.293333
1.434313,18.339998,17.360001
1.434714,18.426666,17.346666
1.435115,18.513332,17.419998
1.435516,18.473331,17.400000
1.435918,18.480000,17.426666
1.436320,18.506666,17.446667
1.436721,18.473331,17.446667
1.437122,18.626665,17.446667
1.437524,18.506666,17.473333
1.437925,18.546667,17.446667
1.438327,18.580000,17.480000
1.438729,18.566668,17.426666
1.439130,18.586666,17.526667
1.439532,18.559999,17.473333
1.439934,18.613333,17.333332
1.440335,18.626665,17.593332
1.440736,18.599998,17.539999
1.441138,18.633333,17.526667
1.441540,18.633333,17.613333
1.441941,18.686666,17.606667
1.442342,18.853333,17.539999
1.442744,18.633333,17.613333
1.443145,18.680000,17.726665
1.443546,18.719999,17.639999
1.443947,18.693333,17.653334
1.444348,18.713333,17.653334
1.444749,18.713333,17.660000
1.445151,18.753332,17.686666
1.445552,18.733332,17.706665
1.445953,18.766666,17.686666
1.446355,18.773333,17.626667
1.446756,18.773333,17.733334
1.447157,18.773333,17.733334
1.447559,18.786667,17.746666
1.447960,18.813334,17.746666
1.448362,18.806667,17.760000
1.448763,18.826666,17.793333
1.449165,18.846666,17.766666
1.449566,18.873333,17.820000
1.449967,18.840000,17.813332
1.450368,18.846666,17.826666
1.450769,18.886665,17.813332
1.451170,18.900000,17.840000
1.451571,18.799999,17.820000
1.451972,18.966667,17.840000
1.452373,18.900000,17.873333
1.452775,18.940001,17.866667
1.453176,18.953333,17.873333
1.453577,18.960001,17.906668
1.453978,18.960001,18.066666
1.454380,18.966667,17.939999
1.454782,19.006666,17.886667
1.455183,18.999998,18.020000
1.455585,19.053333,17.906668
1.455986,18.980000,17.939999
1.456388,19.039999,17.939999
1.456790,18.993332,17.946665
1.457191,19.039999,17.939999
1.457593,19.066666,18.000000
1.457995,19.053333,17.986666
1.458397,19.066666,18.006666
1.458798,19.073334,17.993332
1.459199,19.086666,18.006666
1.459600,19.113333,17.939999
1.460002,19.113333,18.006666
1.460404,19.119999,18.020000
1.460806,19.133331,17.980000
1.461207,19.119999,18.046667
1.461609,19.146666,18.066666
1.462010,19.153332,18.059999
1.462412,19.160000,18.046667
1.462813,19.173332,18.139999
1.463214,19.180000,18.026667
1.463615,19.333334,18.046667
1.464016,19.213333,18.106667
1.464418,19.206667,18.106667
1.464820,19.133331,18.113333
1.465221,19.193333,18.106667
1.465622,19.320000,18.139999
1.466024,19.233334,18.126667
1.466426,19.226667,18.213333
1.466828,19.279999,18.160000
1.467229,19.306665,18.106667
1.467630,19.273333,18.160000
1.468031,19.273333,18.206665
1.468433,19.313334,18.199999
1.468834,19.306665,18.166666
1.469236,19.299999,18.180000
1.469638,19.313334,18.199999
1.470040,19.273333,18.199999
1.470442,19.320000,18.226665
1.470843,19.353334,18.213333
1.471245,19.353334,18.213333
1.471646,19.353334,18.240000
1.472047,19.360001,18.240000
1.472449,19.346666,18.253332
1.472850,19.353334,18.273333
1.473252,19.386665,18.213333
1.473653,19.379999,18.273333
1.474054,19.379999,18.226665
1.474455,19.379999,18.273333
1.474856,19.393332,18.333332
1.475258,19.546665,18.299999
1.475659,19.386665,18.299999
1.476060,19.426666,18.280001
1.476462,19.439999,18.320000
1.476863,19.439999,18.333332
1.477265,19.433332,18.306667
1.477667,19.453333,18.333332
1.478068,19.379999,18.299999
1.478469,19.453333,18.320000
1.478870,19.466667,18.346666
1.479272,19.473333,18.400000
1.479674,19.553333,18.326666
1.480075,19.480000,18.339998
1.480476,19.473333,18.386665
1.480877,19.513332,18.400000
1.481280,19.480000,18.379999
1.481681,19.459999,18.580000
1.482083,19.546665,18.020000
1.482484,19.539999,18.420000
1.482886,19.559999,18.400000
1.483287,19.546665,18.386665
1.483688,19.506666,18.359999
1.484089,19.573334,18.400000
1.484491,19.553333,18.459999
1.484893,19.473333,18.406666
1.485294,19.566666,18.406666
1.485696,19.586666,18.440001
1.486098,19.586666,18.420000
1.486500,19.620001,18.446667
1.486902,19.626667,18.466665
1.487303,19.593332,18.466665
1.487705,19.613333,18.459999
1.488107,19.600000,18.400000
1.488509,19.620001,18.500000
1.488910,19.519999,18.513332
1.489312,19.626667,18.500000
1.489713,19.613333,18.486666
1.490115,19.626667,18.486666
1.490516,19.653332,18.493332
1.490917,19.639999,18.500000
1.491320,19.659998,18.520000
1.491721,19.673332,18.466665
1.492122,19.586666,18.566668
1.492523,19.666666,18.506666
1.492925,19.666666,18.506666
1.493327,19.679998,18.553333
1.493728,19.673332,18.526667
1.494129,19.679998,18.546667
1.494530,19.686666,18.586666
1.494931,19.713333,18.999998
1.495333,19.693333,18.526667
1.495735,19.679998,18.539999
1.496137,19.713333,18.533333
1.496538,19.760000,18.599998
1.496939,19.699999,18.559999
1.497341,19.726667,18.546667
1.497742,19.653332,18.546667
1.498143,19.726667,18.559999
1.498544,19.753334,18.586666
1.498945,19.726667,18.586666
1.499347,19.726667,18.593332
1.499748,19.726667,18.580000
1.500149,19.580000,18.566668
1.500551,19.639999,18.580000
1.500953,19.699999,18.586666
1.501354,19.793333,18.586666
1.501755,19.753334,18.466665
1.502157,19.753334,18.599998
1.502559,19.766666,18.606665
1.502960,19.799999,18.646666
1.503361,19.733334,18.606665
1.503762,19.760000,18.599998
1.504163,19.826666,18.613333
1.504565,19.786665,18.660000
1.504966,19.779999,18.646666
1.505368,19.779999,18.646666
1.505770,19.799999,18.599998
1.506171,19.799999,18.619999
1.506573,19.813332,18.599998
1.506974,19.786665,18.619999
1.507375,19.786665,18.626665
1.507777,19.833332,18.646666
1.508178,19.860001,18.639999
1.508579,19.706667,18.646666
1.508980,19.813332,18.686666
1.509381,19.820000,18.933332
1.509782,19.773333,18.639999
1.510184,19.786665,18.693333
1.510585,19.919998,18.706667
1.510987,19.786665,18.646666
1.511389,19.806665,18.639999
1.511791,19.846666,18.653334
1.512192,19.873333,18.666666
1.512593,19.826666,18.646666
1.512994,19.813332,18.673334
1.513395,19.833332,18.586666
1.513796,19.806665,18.646666
1.514197,19.826666,18.653334
1.514598,19.939999,18.653334
1.514999,19.813332,18.646666
1.515400,19.813332,18.726665
1.515801,19.826666,18.646666
1.516203,19.779999,18.646666
1.516605,19.833332,18.660000
1.517006,19.846666,18.693333
1.517408,19.820000,18.653334
1.517809,19.840000,18.653334
1.518210,19.866667,18.646666
1.518611,19.853333,18.680000
1.519012,19.853333,18.680000
1.519414,19.826666,18.666666
1.519815,19.833332,18.666666
1.520216,19.846666,18.660000
1.520617,19.799999,18.693333
1.521019,19.860001,18.673334
1.521421,19.840000,18.766666
1.521823,19.886667,18.633333
1.522224,19.866667,18.680000
1.522625,19.820000,18.653334
1.523026,19.840000,18.639999
1.523428,19.840000,18.653334
1.523829,19.853333,18.686666
1.524231,19.846666,18.660000
1.524633,19.873333,18.653334
1.525035,19.939999,18.660000
1.525437,19.966665,18.666666
1.525838,19.880001,18.686666
1.526239,19.860001,18.680000
1.526640,19.833332,18.566668
1.527041,19.846666,18.646666
1.527443,19.833332,18.660000
1.527845,19.840000,18.666666
1.528246,19.833332,18.680000
1.528647,19.866667,18.653334
1.529048,19.853333,18.680000
1.529449,19.853333,18.686666
1.529851,19.840000,18.666666
1.530253,19.886667,18.779999
1.530655,19.806665,18.639999
1.531057,19.813332,18.613333
1.531459,19.826666,18.653334
1.531860,19.820000,18.646666
1.532261,19.833332,18.646666
1.532662,19.833332,18.646666
1.533063,19.833332,18.653334
1.533464,19.826666,18.639999
1.533865,19.833332,18.726665
1.534266,19.813332,18.666666
1.534667,19.733334,18.726665
1.535068,19.833332,18.646666
1.535470,19.860001,18.653334
1.535872,19.820000,18.513332
1.536274,19.793333,18.646666
1.536675,19.826666,18.646666
1.537076,19.813332,18.646666
1.537478,19.820000,18.666666
1.537879,19.806665,18.653334
1.538280,19.833332,18.593332
1.538681,19.853333,18.639999
1.539083,19.833332,18.613333
1.539484,19.793333,18.646666
1.539885,19.740000,18.606665
1.540286,19.893333,18.660000
1.540687,19.793333,18.619999
1.541088,19.773333,18.646666
1.541490,19.793333,18.586666
1.541893,19.779999,18.646666
1.542294,19.779999,18.613333
1.542695,19.820000,18.613333
1.543096,19.753334,18.553333
1.543497,19.753334,18.613333
1.543898,19.779999,18.606665
1.544299,19.779999,18.619999
1.544701,19.746666,18.613333
1.545102,19.740000,18.626665
1.545504,19.740000,18.546667
1.545905,19.719999,18.593332
1.546307,19.740000,18.673334
1.546708,19.753334,18.606665
1.547110,19.833332,18.660000
1.547511,19.626667,18.566668
1.547912,19.753334,18.566668
1.548314,19.713333,18.626665
1.548715,19.740000,18.553333
1.549116,19.673332,18.546667
1.549518,19.719999,18.520000
1.549920,19.786665,18.553333
1.550321,19.673332,18.586666
1.550722,19.740000,18.566668
1.551123,19.726667,18.566668
1.551524,19.713333,18.400000
1.551925,19.686666,18.553333
1.552327,19.686666,18.539999
1.552728,19.686666,18.546667
1.553130,19.659998,18.526667
1.553532,19.666666,18.493332
1.553934,19.686666,18.546667
1.554335,19.706667,18.539999
1.554736,19.913332,18.520000
1.555137,19.646666,18.533333
1.555539,19.666666,18.506666
1.555940,19.633333,18.539999
1.556341,19.639999,18.520000
1.556742,19.633333,18.466665
1.557144,19.639999,18.506666
1.557545,19.626667,18.486666
1.557946,19.620001,18.493332
1.558347,19.453333,18.359999
1.558749,19.666666,18.400000
1.559150,19.606667,18.453333
1.559551,19.486668,18.446667
1.559952,19.673332,18.459999
1.560353,19.600000,18.359999
1.560754,19.586666,18.486666
1.561156,19.593332,18.526667
1.561557,19.580000,18.413334
1.561959,19.613333,18.413334
1.562361,19.573334,18.426666
1.562762,19.566666,18.413334
1.563164,19.539999,18.406666
1.563565,19.553333,18.299999
1.563966,19.539999,18.400000
1.564368,19.539999,18.386665
1.564769,19.506666,18.400000
1.565171,19.533333,18.413334
1.565572,19.446667,18.359999
1.565974,19.626667,18.326666
1.566375,19.539999,18.386665
1.566776,19.473333,18.379999
1.567178,19.526665,18.393333
1.567580,19.533333,18.359999
1.567981,19.466667,18.400000
1.568382,19.473333,18.320000
1.568783,19.473333,18.353333
1.569185,19.439999,18.320000
1.569587,19.459999,18.320000
1.569988,19.426666,18.306667
1.570390,19.426666,18.286667
1.570792,19.433332,18.313334
1.571193,19.400000,18.313334
1.571594,19.573334,18.313334
1.571995,19.426666,18.273333
1.572397,19.393332,18.273333
1.572800,19.393332,18.306667
1.573201,19.386665,18.273333
1.573602,19.366667,18.273333
1.574003,19.373333,18.273333
1.574405,19.373333,18.253332
1.574806,19.353334,18.246666
1.575207,19.406666,18.293333
1.575608,19.346666,18.146666
1.576010,19.340000,18.213333
1.576412,19.379999,18.079998
1.576813,19.326666,18.186666
1.577216,19.306665,18.199999
1.577618,19.313334,18.199999
1.578020,19.313334,18.206665
1.578422,19.313334,18.173334
1.578823,19.286665,18.180000
1.579224,19.240000,18.160000
1.579626,19.253332,18.193333
1.580028,19.226667,18.173334
1.580429,19.253332,18.173334
1.580830,19.246666,18.126667
1.581232,19.386665,18.266666
1.581633,19.226667,18.126667
1.582034,19.226667,18.106667
1.582435,19.313334,18.126667
1.582836,19.186666,18.086666
1.583239,19.240000,18.113333
1.583641,19.113333,18.079998
1.584044,19.253332,18.099998
1.584445,19.166666,18.106667
1.584846,19.180000,18.106667
1.585247,19.219999,18.073332
1.585648,19.166666,18.053333
1.586049,19.146666,18.086666
1.586450,19.139999,18.033333
1.586851,19.126665,17.980000
1.587252,19.113333,17.993332
1.587653,19.073334,18.020000
1.588054,18.993332,18.040001
1.588455,19.153332,18.020000
1.588856,19.139999,17.973333
1.589257,19.093334,17.973333
1.589658,19.039999,17.939999
1.590059,19.053333,17.959999
1.590460,19.153332,17.953333
1.590861,19.080000,17.926666
1.591262,19.019999,17.966665
1.591663,18.999998,17.926666
1.592064,18.986666,17.886667
1.592466,18.999998,17.906668
1.592868,18.986666,17.993332
1.593270,18.993332,17.853333
1.593671,18.973333,17.879999
1.594073,18.953333,17.866667
1.594475,18.933332,17.873333
1.594876,18.933332,17.826666
1.595279,18.913332,17.886667
1.595681,18.933332,17.879999
1.596082,18.913332,17.813332
1.596483,18.840000,17.813332
1.596884,18.879999,17.806665
1.597285,18.846666,17.813332
1.597686,18.853333,17.799999
1.598087,18.826666,17.813332
1.598489,18.840000,17.946665
1.598890,18.813334,17.740000
1.599292,18.813334,17.746666
1.599693,18.813334,17.746666
1.600094,18.766666,17.746666
1.600496,18.706667,17.753334
1.600897,18.759998,17.740000
1.601299,18.726665,17.719999
1.601701,18.786667,17.699999
1.602102,18.753332,17.673332
1.602503,18.753332,17.686666
1.602905,18.726665,17.686666
1.603306,18.700001,17.480000
1.603707,18.713333,17.639999
1.604108,18.673334,17.653334
1.604509,18.680000,17.653334
1.604911,18.586666,17.633333
1.605313,18.700001,17.606667
1.605714,18.646666,17.586666
1.606115,18.586666,17.593332
1.606517,18.633333,17.586666
1.606919,18.626665,17.480000
1.607320,18.613333,17.539999
1.607722,18.539999,17.473333
1.608123,18.633333,17.526667
1.608525,18.520000,17.500000
1.608927,18.586666,17.500000
1.609328,18.559999,17.400000
1.609729,18.526667,17.459999
1.610130,18.466665,17.459999
1.610531,18.526667,17.513334
1.610932,18.500000,17.466665
1.611334,18.486666,17.433332
1.611735,18.500000,17.406666
1.612137,18.480000,17.400000
1.612539,18.433334,17.373333
1.612941,18.446667,17.386667
1.613342,18.433334,17.393333
1.613744,18.400000,17.366667
1.614145,18.413334,17.346666
1.614547,18.406666,17.333332
1.614949,18.339998,17.313332
1.615350,18.346666,17.326666
1.615751,18.353333,17.333332
1.616153,18.333332,17.279999
1.616555,18.313334,17.313332
1.616956,18.306667,17.326666
1.617357,18.266666,17.253334
1.617758,18.213333,17.260000
1.618160,18.286667,17.100000
1.618562,18.273333,17.240000
1.618963,18.246666,17.186666
1.619364,18.233332,17.186666
1.619765,18.266666,17.139999
1.620166,18.219999,17.179998
1.620567,18.206665,17.179998
1.620969,18.186666,17.126667
1.621370,18.180000,17.146666
1.621772,18.166666,17.139999
1.622173,18.133333,17.093332
1.622575,18.133333,17.106667
1.622977,18.119999,17.013332
1.623379,18.106667,17.093332
1.623780,18.113333,17.086666
1.624181,18.046667,16.993334
1.624582,18.059999,17.120001
1.624983,18.059999,17.033333
1.625385,18.073332,17.026665
1.625786,18.026667,17.013332
1.626187,18.040001,17.126667
1.626588,18.013332,17.006666
1.626989,18.006666,16.939999
1.627390,17.973333,16.946667
1.627791,17.973333,16.926666
1.628192,17.946665,16.946667
1.628593,17.959999,16.953333
1.628995,17.906668,16.806665
1.629396,17.886667,16.906666
1.629797,17.879999,16.900000
1.630199,17.886667,16.946667
1.630601,17.873333,16.886665
1.631004,17.853333,16.860001
1.631405,17.873333,16.846666
1.631807,17.806665,16.853334
1.632209,17.813332,16.786665
1.632611,17.746666,16.786665
1.633012,17.780001,16.793333
1.633414,17.646667,16.786665
1.633815,17.646667,16.786665
1.634217,17.740000,16.786665
1.634619,17.686666,16.773333
1.635020,17.746666,16.746666
1.635422,17.686666,16.713333
1.635823,17.673332,16.713333
1.636224,17.666666,16.686666
1.636625,17.660000,16.680000
1.637026,17.633333,16.653332
1.637427,17.613333,16.673332
1.637828,17.606667,16.646666
1.638229,17.600000,16.606667
1.638630,17.566666,16.453333
1.639031,17.559999,16.619999
1.639432,17.539999,16.553333
1.639833,17.506666,16.559999
1.640234,17.506666,16.539999
1.640635,17.480000,16.513332
1.641036,17.480000,16.473333
1.641437,17.473333,16.499998
1.641838,17.466665,16.606667
1.642240,17.406666,16.446667
1.642641,17.419998,16.433332
1.643042,17.380001,16.426666
1.643444,17.400000,16.393333
1.643846,17.373333,16.420000
1.644248,17.353333,16.386665
1.644649,17.340000,16.353333
1.645050,17.333332,16.373333
1.645452,17.333332,16.279999
1.645854,17.279999,16.286667
1.646255,17.286665,16.313334
1.646656,17.313332,16.186666
1.647057,17.266666,16.160000
1.647458,17.279999,16.246666
1.647859,17.219999,16.219999
1.648260,17.199999,16.193333
1.648661,17.293333,16.219999
1.649063,17.173332,16.119999
1.649464,17.206667,16.186666
1.649865,17.066666,16.126665
1.650267,17.033333,16.099998
1.650668,17.073334,16.059999
1.651070,17.080000,16.039999
1.651472,17.080000,16.066668
1.651874,17.039999,16.066668
1.652279,17.039999,15.926666
1.652680,17.046665,15.893333
1.653081,17.006666,15.986667
1.653482,16.993334,15.940000
1.653883,16.953333,15.953332
1.654285,16.959999,15.920000
1.654686,16.926666,15.913334
1.655087,16.920000,15.920000
1.655488,16.906666,15.913334
1.655890,16.893332,15.886665
1.656292,16.900000,15.886665
1.656693,16.893332,15.853333
1.657095,16.866667,15.760000
1.657496,16.893332,15.786667
1.657897,16.820000,15.793333
1.658299,16.840000,15.746666
1.658700,16.793333,15.740000
1.659102,16.779999,15.786667
1.659503,16.813334,15.720000
1.659904,16.706667,15.693334
1.660306,16.766666,15.686666
1.660707,16.719999,15.653334
1.661108,16.666666,15.646666
1.661510,16.700001,15.606667
1.661911,16.686666,15.573333
1.662313,16.619999,15.593333
1.662714,16.666666,15.553332
1.663115,16.646666,15.579999
1.663517,16.673332,15.546666
1.663918,16.566666,15.473333
1.664320,16.539999,15.406667
1.664721,16.533333,15.480000
1.665122,16.493332,15.466666
1.665523,16.580000,15.480000
1.665924,16.453333,15.393333
1.666326,16.353333,15.406667
1.666729,16.453333,15.393333
1.667130,16.426666,15.466666
1.667531,16.400000,15.400000
1.667932,16.353333,15.273333
1.668333,16.519999,15.333333
1.668734,16.333334,15.306666
1.669135,16.320000,15.306666
1.669536,16.173334,15.240000
1.669938,16.266666,15.219999
1.670340,16.253332,15.226665
1.670741,16.180000,15.213333
1.671143,16.186666,15.179999
1.671544,16.193333,15.153333
1.671946,16.180000,14.953333
1.672347,16.119999,15.173333
1.672748,16.139999,15.139999
1.673150,16.099998,14.953333
1.673552,16.119999,14.953333
1.673953,16.046667,15.093332
1.674354,16.033333,14.919999
1.674757,16.046667,14.906667
1.675158,16.006666,14.873333
1.675559,15.866667,14.953333
1.675960,15.966666,14.873333
1.676361,15.973332,14.899999
1.676762,15.926666,14.840000
1.677164,15.886665,14.866667
1.677566,15.866667,14.873333
1.677968,15.873333,14.820000
1.678369,15.839999,14.786666
1.678772,15.773333,14.786666
1.679173,15.760000,14.746666
1.679574,15.700000,14.726667
1.679976,15.740000,14.693333
1.680378,15.720000,14.713333
1.680779,15.706666,14.659999
1.681181,15.740000,14.746666
1.681583,15.679999,14.546666
1.681984,15.633333,14.580000
1.682386,15.633333,14.620000
1.682787,15.586667,14.586666
1.683188,15.560000,14.526666
1.683589,15.560000,14.580000
1.683990,15.540000,14.533334
1.684392,15.540000,14.473333
1.684793,15.486666,14.486667
1.685195,15.426665,14.473333
1.685596,15.433333,14.420000
1.685998,15.446666,14.420000
1.686400,15.393333,14.420000
1.686801,15.393333,14.420000
1.687202,15.353333,14.386666
1.687603,15.313333,14.420000
1.688004,15.320001,14.393332
1.688405,15.213333,14.320000
1.688806,15.253334,14.200001
1.689207,15.213333,14.266667
1.689608,15.200000,14.173332
1.690009,15.219999,14.140000
1.690410,15.153333,14.180000
1.690811,15.146667,14.186666
1.691212,15.159999,14.173332
1.691614,15.146667,14.133332
1.692015,15.020000,14.186666
1.692416,15.266666,14.153333
1.692817,14.919999,14.080000
1.693219,14.953333,14.053333
1.693620,14.953333,13.999999
1.694021,14.953333,14.013333
1.694422,14.940000,13.993333
1.694823,14.853333,13.993333
1.695224,14.773334,13.986667
1.695625,14.866667,13.926666
1.696026,14.866667,13.926666
1.696428,14.833332,13.900000
1.696829,14.800000,13.846665
1.697231,14.813333,13.860000
1.697633,14.793334,13.833333
1.698035,14.773334,13.813334
1.698436,14.746666,13.820000
1.698837,14.679999,13.806667
1.699239,14.659999,13.773333
1.699641,14.666667,13.746667
1.700043,14.693333,13.793333
1.700444,14.646667,13.693333
1.700845,14.686666,13.693333
1.701246,14.439999,13.553333
1.701647,14.520000,13.593333
1.702048,14.486667,13.573333
1.702449,14.280000,13.566667
1.702850,14.473333,13.553333
1.703251,14.433332,13.520000
1.703653,14.420000,13.500000
1.704054,14.373332,13.520000
1.704457,14.406667,13.680000
1.704859,14.366666,13.379999
1.705261,14.366666,13.453332
1.705663,14.293333,13.460000
1.706064,14.313334,13.413334
1.706465,14.246667,13.393333
1.706867,14.219999,13.333333
1.707269,14.186666,13.313333
1.707670,14.200001,13.313333
1.708073,14.153333,13.300000
1.708474,14.200001,13.266666
1.708875,14.126666,13.293333
1.709280,14.153333,13.226666
1.709681,14.093333,13.300000
1.710082,14.033333,13.166667
1.710483,14.053333,13.153334
1.710884,13.999999,13.113333
1.711286,13.993333,13.126666
1.711687,13.999999,13.113333
1.712088,14.026667,13.073333
1.712489,13.873334,13.020000
1.712890,13.893333,13.066667
1.713292,13.880000,12.893333
1.713693,13.746667,13.046666
1.714095,13.846665,12.980000
1.714496,13.799999,12.953333
1.714897,13.793333,12.926666
1.715299,13.793333,12.873333
1.715700,13.753333,12.886666
1.716101,13.686666,12.833333
1.716503,13.680000,12.893333
1.716905,13.646666,12.766666
1.717307,13.639999,12.853333
1.717709,13.606666,12.799999
1.718110,13.613334,12.700000
1.718512,13.593333,12.766666
1.718913,13.559999,12.693334
1.719315,13.533333,12.679999
1.719717,13.486667,12.673333
1.720118,13.466666,12.593333
1.720520,13.466666,12.586666
1.720922,13.440000,12.593333
1.721323,13.393333,12.559999
1.721726,13.413334,12.533333
1.722128,13.379999,12.513333
1.722530,13.346667,12.506667
1.722933,13.313333,12.506667
1.723335,13.320000,12.420000
1.723736,13.233334,12.440001
1.724138,13.266666,12.440001
1.724539,13.220000,12.420000
1.724941,13.206666,12.313334
1.725342,13.193333,12.366667
1.725744,13.120000,12.280000
1.726145,13.139999,12.306666
1.726547,13.113333,12.406666
1.726950,13.066667,12.273333
1.727351,13.040000,12.240000
1.727754,13.013333,12.246667
1.728156,13.006666,12.226666
1.728557,12.973333,12.126666
1.728958,12.973333,12.139999
1.729360,12.926666,12.146667
1.729761,12.913333,12.066666
1.730163,12.866666,11.986667
1.730564,12.880000,12.013333
1.730965,12.853333,12.006666
1.731367,12.753333,11.973333
1.731770,12.799999,11.973333
1.732171,12.813334,12.033333
1.732573,12.766666,11.906667
1.732974,12.626667,11.893333
1.733375,12.719999,11.826667
1.733776,12.653333,11.820000
1.734177,12.599999,11.820000
1.734579,12.593333,11.820000
1.734980,12.620000,11.786667
1.735381,12.566667,11.726666
1.735782,12.553333,11.766666
1.736184,12.613333,11.733333
1.736585,12.506667,11.720000
1.736986,12.533333,11.686666
1.737388,12.440001,11.646667
1.737789,12.406666,11.720000
1.738191,12.459999,11.646667
1.738592,12.393332,11.713333
1.738994,12.320000,11.553333
1.739395,12.326666,11.453334
1.739796,12.293333,11.513333
1.740197,12.300000,11.473332
1.740598,12.219999,11.453334
1.740999,12.246667,11.446667
1.741401,12.240000,11.440000
1.741802,12.166667,11.366667
1.742203,12.033333,11.380000
1.742604,12.253333,11.333333
1.743006,12.200000,11.300000
1.743407,12.059999,11.273333
1.743808,12.020000,11.260000
1.744210,12.040000,11.273333
1.744612,11.966666,11.240000
1.745014,11.960000,11.193334
1.745415,11.940000,11.193334
1.745816,11.926666,11.173333
1.746217,11.893333,11.146667
1.746618,11.866666,11.099999
1.747019,11.840000,11.186666
1.747420,11.833333,11.086666
1.747821,11.806666,11.053333
1.748222,11.766666,11.053333
1.748623,11.840000,10.653334
1.749024,11.706667,11.006666
1.749427,11.733333,10.926667
1.749830,11.686666,10.913333
1.750232,11.640000,10.926667
1.750633,11.593333,10.879999
1.751034,11.626666,10.860000
1.751435,11.580000,10.846666
1.751836,11.513333,10.840000
1.752237,11.539999,10.793333
1.752639,11.486667,10.746666
1.753040,11.466666,10.746666
1.753442,11.426666,10.759999
1.753843,11.400000,10.686666
1.754245,11.380000,10.666667
1.754646,11.366667,10.666667
1.755047,11.386666,10.700000
1.755448,11.266666,10.620000
1.755851,11.293333,10.466667
1.756252,11.293333,10.566667
1.756653,11.240000,10.520000
1.757054,11.233333,10.540000
1.757455,11.193334,10.419999
1.757856,11.206666,10.440000
1.758258,11.160000,10.440000
1.758660,11.113334,10.433333
1.759063,11.086666,10.333333
1.759464,11.046666,10.440000
1.759865,11.053333,10.333333
1.760266,11.020000,10.326667
1.760667,11.006666,10.320000
1.761068,10.973333,10.293333
1.761469,10.940000,10.286666
1.761870,10.913333,10.253333
1.762271,10.906667,10.206667
1.762672,10.933333,10.200000
1.763073,10.840000,10.173333
1.763474,10.826666,10.113333
1.763875,10.780000,10.106667
1.764279,10.733334,10.140000
1.764680,10.766666,10.113333
1.765081,10.726666,9.966666
1.765482,10.720000,10.133333
1.765883,10.666667,10.020000
1.766285,10.666667,9.980000
1.766686,10.620000,9.959999
1.767087,10.559999,9.966666
1.767489,10.679999,9.959999
1.767891,10.540000,9.853333
1.768293,10.500000,9.860000
1.768694,10.500000,9.839999
1.769095,10.493333,9.800000
1.769496,10.446667,9.773333
1.769899,10.393333,9.753333
1.770301,10.400000,9.733334
1.770702,10.386666,9.706666
1.771103,10.346666,9.706666
1.771504,10.320000,9.700000
1.771906,10.306666,9.646667
1.772307,10.273334,9.346666
1.772708,10.233333,9.733334
1.773109,10.240000,9.586666
1.773511,10.253333,9.559999
1.773912,10.280000,9.526667
1.774313,10.173333,9.473333
1.774714,10.166666,9.520000
1.775115,10.126667,9.460000
1.775516,10.099999,9.346666
1.775917,10.046666,9.346666
1.776319,10.046666,9.346666
1.776720,10.020000,9.326667
1.777121,9.973333,9.346666
1.777523,9.959999,9.266666
1.777924,9.946667,9.266666
1.778326,9.906666,9.266666
1.778727,9.800000,9.220000
1.779128,9.873333,9.246666
1.779529,9.846666,9.193333
1.779930,9.806666,9.099999
1.780331,9.806666,9.126666
1.780734,9.780000,9.113333
1.781135,9.660000,9.160000
1.781536,9.626666,9.080000
1.781937,9.686666,9.020000
1.782340,9.660000,9.006666
1.782743,9.639999,9.006666
1.783144,9.586666,8.946667
1.783546,9.586666,8.926666
1.783947,9.346666,8.946667
1.784348,9.506666,8.820000
1.784749,9.553333,8.893333
1.785151,9.473333,8.866667
1.785553,9.346666,8.820000
1.785955,9.393333,8.780000
1.786356,9.346666,8.793333
1.786757,9.326667,8.693334
1.787159,9.286667,8.740000
1.787561,9.333333,8.733333
1.787963,9.266666,8.680000
1.788365,9.306666,8.680000
1.788766,9.220000,8.660000
1.789167,9.093333,8.686666
1.789568,9.140000,8.613334
1.789969,9.133333,8.566667
1.790370,9.140000,8.546666
1.790772,9.106667,8.546666
1.791174,9.066667,8.333333
1.791576,9.086667,8.400000
1.791977,9.020000,8.493334
1.792379,8.893333,8.393332
1.792780,9.086667,8.393332
1.793181,8.926666,8.406667
1.793582,8.940000,8.393332
1.793984,8.893333,8.333333
1.794386,8.873333,8.340000
1.794787,8.880000,8.253333
1.795189,8.839999,8.253333
1.795590,8.820000,8.213333
1.795991,8.813334,8.206666
1.796392,8.746667,8.206666
1.796793,8.753333,8.186666
1.797195,8.740000,8.146667
1.797597,8.653333,8.120000
1.798000,8.673333,8.086667
1.798401,8.713333,8.053332
1.798802,8.613334,8.040000
1.799203,8.613334,8.033334
1.799605,8.546666,7.966667
1.800007,8.553333,8.006666
1.800408,8.480000,7.780000
1.800809,8.493334,7.966667
1.801211,8.453333,7.920000
1.801613,8.393332,7.866666
1.802014,8.400000,7.873333
1.802415,8.393332,7.813334
1.802816,8.360000,7.780000
1.803218,8.300000,7.780000
1.803619,8.320000,7.753333
1.804022,8.286667,7.740000
1.804424,8.293333,7.686666
1.804825,8.293333,7.693334
1.805226,8.226666,7.686666
1.805627,8.200000,7.686666
1.806028,8.173333,7.720000
1.806429,8.100000,7.533333
1.806830,8.093333,7.586667
1.807231,8.059999,7.553333
1.807633,8.053332,7.566667
1.808034,8.040000,7.533333
1.808435,8.006666,7.506667
1.808836,7.973333,7.326666
1.809238,7.986666,7.506667
1.809640,7.933333,7.413333
1.810041,7.953333,7.420000
1.810442,7.873333,7.340000
1.810843,7.866666,7.293333
1.811245,7.853333,7.320000
1.811647,7.833333,7.320000
1.812048,7.806666,7.253334
1.812449,7.760000,7.246666
1.812851,7.679999,7.233334
1.813252,7.693334,7.193333
1.813654,7.686666,7.233334
1.814057,7.646666,7.166667
1.814459,7.579999,7.106667
1.814860,7.600000,7.140000
1.815261,7.606667,6.953333
1.815663,7.600000,7.060000
1.816064,7.546666,7.060000
1.816465,7.500000,7.046667
1.816866,7.500000,7.000000
1.817267,7.513333,6.973333
1.817669,7.400000,6.953333
1.818071,7.520000,6.920000
1.818473,7.346666,6.920000
1.818874,7.386667,6.893333
1.819280,7.340000,6.886666
1.819681,7.326666,6.893333
1.820082,7.400000,6.820000
1.820483,7.246666,6.773334
1.820884,7.260000,6.780000
1.821286,7.193333,6.780000
1.821687,7.253334,6.713333
1.822088,7.119999,6.753333
1.822489,7.160000,6.686666
1.822892,7.106667,6.666667
1.823293,7.040000,6.633333
1.823694,7.106667,6.626667
1.824096,7.020000,6.640000
1.824497,7.046667,6.546667
1.824899,6.993333,6.520000
1.825300,7.013333,6.466667
1.825701,6.980000,6.500000
1.826102,6.966666,6.460000
1.826503,6.920000,6.453333
1.826904,6.893333,6.413333
1.827307,6.880000,6.360000
1.827708,6.853333,6.373333
1.828109,6.826667,6.353333
1.828510,6.813333,6.326666
1.828912,6.626667,6.346667
1.829313,6.760000,6.280000
1.829714,6.720000,6.266666
1.830117,6.713333,6.280000
1.830519,6.653333,6.220000
1.830922,6.653333,6.173333
1.831323,6.646667,6.200000
1.831724,6.626667,6.153333
1.832126,6.586667,6.060000
1.832528,6.493333,6.113333
1.832930,6.500000,6.066667
1.833332,6.473333,5.966666
1.833733,6.400000,6.026667
1.834135,6.466667,6.013333
1.834537,6.426666,5.993333
1.834938,6.566667,5.953333
1.835340,6.366666,5.940000
1.835741,6.360000,5.940000
1.836143,6.333333,5.906666
1.836544,6.300000,5.920000
1.836945,6.280000,5.853333
1.837347,6.266666,5.853333
1.837749,6.213333,5.793334
1.838150,6.206666,5.780000
1.838551,6.180000,5.760000
1.838952,6.140000,5.733333
1.839353,6.093333,5.746666
1.839754,6.126667,5.766666
1.840156,6.106667,5.666667
1.840558,6.086667,5.640000
1.840959,6.080000,5.620000
1.841360,6.060000,5.620000
1.841761,6.000000,5.620000
1.842162,6.000000,5.626667
1.842563,5.906666,5.573333
1.842964,5.853333,5.520000
1.843366,5.933333,5.500000
1.843768,5.906666,5.500000
1.844170,5.866666,5.453333
1.844571,5.853333,5.460000
1.844973,5.773333,5.413333
1.845374,5.800000,5.413333
1.845775,5.793334,5.413333
1.846177,5.760000,5.353333
1.846579,5.726667,5.333333
1.846981,5.720000,5.333333
1.847382,5.680000,5.433333
1.847783,5.673333,5.300000
1.848184,5.646667,5.220000
1.848585,5.640000,5.240000
1.848986,5.586667,5.206666
1.849388,5.566667,5.226666
1.849789,5.720000,5.166667
1.850191,5.560000,5.153333
1.850592,5.520000,5.140000
1.850995,5.520000,5.133333
1.851396,5.453333,5.093333
1.851797,5.406666,5.093333
1.852199,5.413333,5.060000
1.852600,5.413333,5.026667
1.853002,5.400000,5.013333
1.853403,5.333333,4.980000
1.853804,5.320000,4.960000
1.854206,5.226666,4.946666
1.854607,5.280000,4.873333
1.855010,5.253333,4.906667
1.855412,5.280000,4.826666
1.855814,5.233334,4.880000
1.856215,5.260000,4.880000
1.856616,5.200000,4.833333
1.857018,5.153333,4.820000
1.857420,5.146667,4.700000
1.857821,5.126667,4.786666
1.858223,5.066667,4.746666
1.858625,5.060000,4.713333
1.859026,5.053333,4.753333
1.859428,5.040000,4.600000
1.859829,5.006667,4.693333
1.860231,4.980000,4.633333
1.860632,4.973333,4.540000
1.861033,4.953333,4.600000
1.861434,4.946666,4.573333
1.861835,4.900000,4.553333
1.862237,4.800000,4.613333
1.862639,4.820000,4.513333
1.863040,4.846666,4.526667
1.863441,4.860000,4.293333
1.863842,4.833333,4.480000
1.864244,4.773334,4.460000
1.864646,4.760000,4.420000
1.865047,4.680000,4.386666
1.865448,4.640000,4.420000
1.865849,4.700000,4.266666
1.866251,4.666667,4.400000
1.866653,4.646667,4.353333
1.867054,4.633333,4.280000
1.867456,4.620000,4.286666
1.867857,4.626667,4.226666
1.868259,4.560000,4.246667
1.868661,4.553333,4.260000
1.869062,4.520000,4.233333
1.869463,4.520000,4.186666
1.869864,4.466667,4.173333
1.870265,4.473333,4.220000
1.870667,4.406667,4.253333
1.871068,4.426666,4.146667
1.871469,4.406667,4.206666
1.871870,4.366666,4.080000
1.872272,4.246667,4.020000
1.872673,4.400000,4.080000
1.873074,4.333333,4.013333
1.873475,4.293333,4.020000
1.873876,4.286666,4.013333
1.874280,4.233333,3.980000
1.874681,4.233333,3.986666
1.875084,4.093333,3.920000
1.875485,4.160000,3.940000
1.875887,4.173333,3.886667
1.876288,4.266666,3.700000
1.876689,4.206666,3.860000
1.877091,4.120000,3.833333
1.877493,4.113333,3.826667
1.877894,4.066667,3.813334
1.878295,4.073333,3.746666
1.878696,4.040000,3.733333
1.879097,3.993333,3.746666
1.879498,4.053333,3.713333
1.879901,4.006667,3.673333
1.880302,3.973333,3.653333
1.880703,3.960000,3.660000
1.881105,3.893333,3.660000
1.881508,3.926666,3.713333
1.881909,3.940000,3.593333
1.882311,3.880000,3.553333
1.882712,3.840000,3.573333
1.883113,3.820000,3.526666
1.883515,3.786667,3.500000
1.883916,3.820000,3.480000
1.884317,3.720000,3.513333
1.884719,3.726667,3.473333
1.885120,3.680000,3.446667
1.885521,3.686666,3.440000
1.885922,3.660000,3.440000
1.886323,3.686666,3.386667
1.886726,3.620000,3.346666
1.887127,3.613333,3.320000
1.887529,3.593333,3.326667
1.887930,3.593333,3.146667
1.888332,3.546667,3.313333
1.888734,3.560000,3.300000
1.889135,3.486667,3.293333
1.889537,3.486667,3.240000
1.889938,3.480000,3.246666
1.890340,3.486667,3.226667
1.890741,3.506667,3.206667
1.891143,3.446667,3.186666
1.891544,3.433333,3.260000
1.891945,3.433333,3.146667
1.892347,3.313333,3.133333
1.892748,3.373333,3.053333
1.893149,3.460000,3.133333
1.893551,3.313333,3.100000
1.893952,3.333333,3.013333
1.894354,3.300000,3.046667
1.894755,3.280000,3.040000
1.895157,3.300000,3.040000
1.895559,3.226667,2.960000
1.895961,3.213333,2.980000
1.896362,3.213333,2.980000
1.896763,3.120000,2.960000
1.897164,3.140000,2.960000
1.897565,3.140000,2.946667
1.897966,3.133333,2.920000
1.898368,3.120000,2.886667
1.898769,3.120000,2.860000
1.899170,3.133333,2.880000
1.899571,3.086667,2.833333
1.899972,2.940000,2.800000
1.900374,3.000000,2.826667
1.900775,2.966666,2.786667
1.901177,3.126667,2.766667
1.901578,3.033333,2.773333
1.901979,2.953333,2.766667
1.902381,2.960000,2.733333
1.902782,2.946667,2.733333
1.903184,2.940000,2.733333
1.903586,2.893333,2.706666
1.903988,2.873333,2.666667
1.904390,2.866667,2.620000
1.904792,2.866667,2.673333
1.905193,2.813333,2.580000
1.905595,2.806667,2.606667
1.905997,2.786667,2.606667
1.906399,2.786667,2.586667
1.906800,2.800000,2.580000
1.907201,2.760000,2.606667
1.907602,2.706666,2.540000
1.908003,2.726667,2.520000
1.908404,2.706666,2.460000
1.908806,2.673333,2.486667
1.909207,2.673333,2.460000
1.909609,2.673333,2.453333
1.910011,2.640000,2.486667
1.910412,2.633333,2.446667
1.910813,2.580000,2.406667
1.911214,2.560000,2.386667
1.911615,2.546667,2.373333
1.912017,2.553333,2.366667
1.912419,2.573333,2.360000
1.912820,2.520000,2.333333
1.913221,2.493333,2.306667
1.913623,2.566667,2.286667
1.914024,2.506666,2.293333
1.914426,2.400000,2.280000
1.914829,2.460000,2.186667
1.915230,2.393333,2.520000
1.915631,2.393333,2.246667
1.916032,2.380000,2.213333
1.916434,2.400000,2.160000
1.916835,2.373333,2.133333
1.917237,2.440000,2.186667
1.917639,2.306667,2.126667
1.918041,2.326667,2.186667
1.918444,2.306667,2.126667
1.918845,2.266667,2.086667
1.919247,2.280000,2.060000
1.919648,2.133333,2.086667
1.920049,2.206667,2.046667
1.920450,2.213333,2.073333
1.920851,2.220000,2.046667
1.921253,2.213333,2.060000
1.921654,2.180000,2.000000
1.922055,2.186667,2.000000
1.922456,2.166667,1.986667
1.922857,2.146667,2.080000
1.923258,2.120000,1.906667
1.923659,2.093333,1.966667
1.924060,2.153333,1.940000
1.924462,2.080000,1.913333
1.924864,2.066667,1.906667
1.925265,1.973333,1.873333
1.925667,2.026667,1.953333
1.926068,2.033333,1.826667
1.926469,1.980000,1.826667
1.926871,1.986667,1.846667
1.927272,1.980000,1.820000
1.927673,1.920000,1.773333
1.928074,1.906667,1.806667
1.928476,2.006667,1.760000
1.928877,1.893333,1.793333
1.929279,1.906667,1.740000
1.929680,1.906667,1.746667
1.930081,1.893333,1.733333
1.930483,1.826667,1.706667
1.930885,1.853333,1.686667
1.931286,1.860000,1.686667
1.931687,1.780000,1.660000
1.932088,1.866667,1.673333
1.932489,1.820000,1.646667
1.932890,1.753333,1.646667
1.933292,1.760000,1.673333
1.933693,1.753333,1.546667
1.934094,1.740000,1.646667
1.934496,1.726667,1.566667
1.934897,1.713333,1.573333
1.935299,1.673333,1.573333
1.935700,1.800000,1.546667
1.936102,1.673333,1.553333
1.936503,1.686667,1.533333
1.936906,1.733333,1.566667
1.937308,1.640000,1.606667
1.937710,1.640000,1.526667
1.938111,1.613333,1.473333
1.938512,1.586667,1.480000
1.938915,1.586667,1.473333
1.939316,1.573333,1.453333
1.939717,1.566667,1.440000
1.940118,1.566667,1.426667
1.940520,1.566667,1.393333
1.940922,1.500000,1.420000
1.941323,1.513333,1.386667
1.941724,1.566667,1.380000
1.942125,1.486667,1.386667
1.942527,1.520000,1.360000
1.942928,1.460000,1.333333
1.943329,1.466667,1.366667
1.943730,1.433333,1.366667
1.944131,1.433333,1.326667
1.944533,1.393333,1.300000
1.944936,1.340000,1.280000
1.945338,1.420000,1.280000
1.945739,1.426667,1.266667
1.946140,1.386667,1.266667
1.946542,1.380000,1.266667
1.946943,1.366667,1.153333
1.947345,1.340000,1.246667
1.947747,1.313333,1.246667
1.948148,1.340000,1.220000
1.948550,1.266667,1.206667
1.948951,1.320000,1.193333
1.949353,1.280000,1.180000
1.949754,1.280000,1.173333
1.950156,1.280000,1.313333
1.950557,1.260000,1.180000
1.950958,1.240000,1.033333
1.951360,1.180000,1.173333
1.951761,1.213333,1.120000
1.952162,1.146667,1.113333
1.952563,1.160000,1.086667
1.952964,1.306667,1.113333
1.953366,1.193333,1.073333
1.953767,1.206667,1.080000
1.954169,1.126667,1.040000
1.954571,1.180000,1.040000
1.954973,1.146667,1.033333
1.955374,1.160000,0.986667
1.955775,1.160000,1.033333
1.956176,1.146667,1.020000
1.956577,1.100000,1.020000
1.956980,1.073333,0.980000
1.957381,1.066667,1.073333
1.957783,1.033333,0.946667
1.958184,1.046667,1.033333
1.958585,1.000000,0.946667
1.958988,1.133333,1.073333
1.959390,1.033333,0.946667
1.959792,1.013333,0.946667
1.960193,1.006667,0.946667
1.960595,1.006667,0.946667
1.960996,1.000000,0.946667
1.961397,1.000000,0.946667
1.961800,1.013333,0.946667
1.962202,0.953333,0.946667
1.962603,0.946667,0.946667
1.963005,0.946667,0.946667
1.963407,0.953333,0.946667
1.963808,0.946667,0.946667
1.964209,0.946667,0.966667
1.964610,0.946667,0.946667
1.965011,0.946667,0.946667
1.965412,0.946667,0.946667
1.965813,0.946667,0.946667
1.966214,0.946667,0.946667
1.966615,0.966667,0.946667
1.967016,0.946667,0.946667
1.967417,0.946667,0.946667
1.967818,0.946667,0.946667
1.968219,0.946667,0.946667
1.968621,0.946667,0.946667
1.969022,0.946667,0.946667
1.969423,0.946667,0.946667
1.969824,0.946667,0.946667
1.970226,0.946667,0.946667
1.970627,0.946667,0.946667
1.971030,0.946667,0.946667
1.971432,0.946667,0.946667
1.971833,0.946667,0.946667
1.972234,0.946667,0.946667
1.972635,0.946667,0.946667
1.973037,0.946667,0.946667
1.973439,0.946667,0.946667
1.973840,0.946667,0.946667
1.974241,0.946667,0.946667
1.974643,0.946667,0.946667
1.975045,0.946667,0.946667
1.975447,0.946667,0.946667
1.975848,0.946667,0.946667
1.976249,0.946667,0.946667
1.976651,0.946667,0.946667
1.977052,0.946667,0.946667
1.977454,0.946667,0.946667
1.977855,0.946667,0.946667
1.978257,0.946667,0.946667
1.978658,0.946667,0.946667
1.979061,0.946667,0.946667
1.979462,0.946667,0.946667
1.979863,0.946667,0.946667
1.980265,0.946667,0.946667
1.980667,0.946667,0.946667
1.981068,0.946667,0.946667
1.981469,0.946667,0.946667
1.981872,0.946667,0.946667
1.982273,0.946667,0.946667
1.982674,0.946667,0.946667
1.983075,0.946667,0.946667
1.983476,0.946667,0.946667
1.983877,0.946667,0.946667
1.984279,0.946667,0.946667
1.984681,0.946667,0.946667
1.985082,0.946667,0.946667
1.985484,0.946667,0.946667
1.985885,0.946667,0.946667
1.986287,0.946667,0.946667
1.986688,0.946667,0.946667
1.987091,0.946667,0.946667
1.987493,0.946667,0.946667
1.987894,0.946667,0.946667
1.988295,0.946667,0.946667
1.988696,0.946667,0.946667
1.989097,0.946667,0.946667
1.989498,0.946667,0.946667
1.989900,0.946667,0.946667
1.990301,0.946667,0.946667
1.990702,0.946667,0.946667
1.991103,0.946667,0.946667
1.991505,0.946667,0.946667
1.991907,0.946667,0.946667
1.992309,0.946667,0.946667
1.992710,0.946667,0.946667
1.993113,0.946667,0.946667
1.993514,0.946667,0.946667
1.993915,0.946667,0.946667
1.994317,0.946667,0.946667
1.994719,0.946667,0.946667
1.995120,0.946667,0.946667
1.995521,0.946667,0.946667
1.995922,0.946667,0.946667
1.996323,0.946667,0.946667
1.996724,0.946667,0.946667
1.997125,0.946667,0.946667
1.997527,0.946667,0.946667
1.997928,0.946667,0.946667
1.998330,0.946667,0.946667
1.998733,0.946667,0.946667
1.999134,0.946667,0.946667
1.999536,0.946667,0.946667
1.999938,0.946667,0.946667
2.000340,0.946667,0.946667
2.000741,0.946667,0.946667
2.001143,0.946667,0.946667
2.001545,0.946667,0.946667
2.001948,0.946667,0.946667
2.002349,0.946667,0.946667
2.002752,0.946667,0.946667
2.003154,0.946667,0.946667
2.003555,0.946667,0.946667
2.003956,0.946667,0.946667
2.004358,0.946667,0.946667
2.004759,0.946667,0.946667
2.005160,0.946667,0.946667
2.005561,0.946667,0.946667
2.005962,0.946667,0.946667
2.006363,0.946667,0.946667
2.006766,0.946667,0.946667
