0.000000,12.059999,10.960000
0.000402,12.080000,11.026667
0.000803,12.033333,11.053333
0.001205,12.106667,11.020000
0.001606,12.160000,11.079999
0.002008,12.153333,11.086666
0.002409,12.240000,11.120000
0.002810,12.166667,11.113334
0.003211,12.273333,11.193334
0.003613,12.286667,11.206666
0.004015,12.346666,11.206666
0.004416,12.373333,11.240000
0.004818,12.353333,11.240000
0.005219,12.406666,11.286666
0.005622,12.513333,11.366667
0.006023,12.393332,11.339999
0.006424,12.486667,11.380000
0.006825,12.500000,11.373333
0.007226,12.500000,11.386666
0.007627,12.533333,11.426666
0.008029,12.566667,11.513333
0.008430,12.586666,11.506666
0.008832,12.620000,11.460000
0.009234,12.626667,11.486667
0.009636,12.673333,11.539999
0.010037,12.666666,11.546666
0.010438,12.706667,11.606667
0.010839,12.813334,11.580000
0.011241,12.786666,11.633333
0.011642,12.780000,11.646667
0.012044,12.793333,11.666666
0.012445,12.860000,11.720000
0.012846,12.880000,11.726666
0.013248,12.893333,11.726666
0.013650,12.900000,11.733333
0.014052,12.886666,11.726666
0.014454,12.919999,11.820000
0.014855,12.966667,11.813333
0.015256,12.986666,11.846666
0.015658,13.033334,11.879999
0.016059,13.040000,11.879999
0.016460,13.093333,11.920000
0.016862,13.106667,11.886666
0.017263,13.120000,11.920000
0.017665,13.139999,11.953333
0.018067,13.046666,11.986667
0.018470,13.179999,12.246667
0.018871,13.193333,12.053333
0.019272,13.226666,12.059999
0.019675,13.266666,12.100000
0.020077,13.259999,12.100000
0.020478,13.266666,12.100000
0.020879,13.326666,12.186666
0.021280,13.360000,12.226666
0.021681,13.379999,12.246667
0.022083,13.400000,12.253333
0.022485,13.413334,12.233334
0.022887,13.353333,12.280000
0.023288,13.473332,12.339999
0.023690,13.506666,12.333333
0.024091,13.473332,12.373333
0.024493,13.546667,12.400000
0.024894,13.553333,12.413333
0.025296,13.660000,12.420000
0.025698,13.653334,12.420000
0.026099,13.613334,12.493333
0.026500,13.639999,12.486667
0.026902,13.693333,12.599999
0.027303,13.586667,12.593333
0.027705,13.713332,12.593333
0.028106,13.759999,12.599999
0.028507,13.799999,12.599999
0.028909,13.806667,12.606667
0.029310,13.820000,12.660000
0.029713,13.860000,12.679999
0.030114,13.766666,12.753333
0.030517,13.920000,12.740000
0.030918,13.933332,12.766666
0.031319,13.946667,12.766666
0.031720,13.986667,12.766666
0.032121,13.973332,12.766666
0.032522,14.020000,12.826667
0.032923,14.006667,12.820000
0.033324,14.059999,12.860000
0.033726,14.086666,12.886666
0.034127,14.093333,12.913333
0.034529,14.160000,12.946667
0.034930,14.146667,12.953333
0.035331,14.160000,12.973333
0.035734,14.173332,13.000000
0.036136,14.180000,13.086667
0.036537,14.273334,13.013333
0.036938,14.373332,13.046666
0.037339,14.293333,13.073333
0.037741,14.213333,13.093333
0.038143,14.333334,13.120000
0.038545,14.380000,13.146667
0.038947,14.360000,13.206666
0.039348,14.313334,13.153334
0.039751,14.406667,13.226666
0.040153,14.453333,13.266666
0.040555,14.413333,13.286667
0.040957,14.486667,13.280000
0.041358,14.506667,13.266666
0.041759,14.520000,13.286667
0.042160,14.559999,13.320000
0.042562,14.580000,13.246666
0.042963,14.593332,13.373333
0.043366,14.673333,13.379999
0.043767,14.580000,13.500000
0.044169,14.659999,13.440000
0.044571,14.693333,13.480000
0.044972,14.726667,13.500000
0.045374,14.759999,13.493333
0.045775,14.793334,13.553333
0.046177,14.833332,13.533333
0.046578,14.726667,13.633333
0.046979,14.773334,13.460000
0.047381,14.806666,13.620000
0.047783,14.886666,13.626666
0.048185,14.866667,13.646666
0.048586,14.919999,13.693333
0.048988,14.933333,13.646666
0.049389,14.880000,13.686666
0.049790,14.953333,13.706666
0.050192,15.066667,13.733333
0.050594,14.953333,13.746667
0.050996,15.106667,13.793333
0.051397,15.113333,13.813334
0.051798,15.113333,13.820000
0.052199,15.139999,13.820000
0.052600,15.193334,13.873334
0.053002,15.159999,13.860000
0.053405,15.273333,13.906666
0.053806,15.179999,13.873334
0.054208,15.233334,13.960000
0.054609,15.253334,13.986667
0.055010,15.333333,13.993333
0.055411,15.313333,13.993333
0.055812,15.320001,13.866666
0.056213,15.359999,13.759999
0.056614,15.386667,14.053333
0.057016,15.366667,14.053333
0.057417,15.400000,14.120000
0.057819,15.433333,14.093333
0.058221,15.446666,14.140000
0.058623,15.493332,14.166666
0.059024,15.526667,14.186666
0.059426,15.533333,14.206667
0.059828,15.553332,14.200001
0.060230,15.560000,14.226666
0.060631,15.573333,14.266667
0.061033,15.660000,14.273334
0.061434,15.566667,14.286666
0.061836,15.619999,14.360000
0.062238,15.653334,14.173332
0.062641,15.686666,14.346666
0.063043,15.740000,14.273334
0.063444,15.766666,14.386666
0.063845,15.760000,14.420000
0.064247,15.839999,14.420000
0.064648,15.806666,14.386666
0.065051,15.819999,14.420000
0.065452,15.846667,14.486667
0.065853,15.879999,14.520000
0.066255,15.873333,14.506667
0.066657,15.906666,14.540000
0.067058,15.913334,14.546666
0.067459,15.966666,14.600000
0.067861,15.973332,14.613333
0.068262,16.000000,14.613333
0.068664,16.026667,14.646667
0.069065,16.033333,14.633332
0.069466,16.059999,14.693333
0.069867,16.119999,14.753333
0.070269,16.059999,14.713333
0.070670,16.133333,14.713333
0.071071,16.106665,14.699999
0.071474,16.139999,14.686666
0.071875,16.153334,14.780000
0.072277,16.246666,14.813333
0.072678,16.126665,14.699999
0.073079,16.259998,14.846666
0.073480,16.233332,14.873333
0.073882,16.279999,14.873333
0.074283,16.286667,14.906667
0.074684,16.340000,14.873333
0.075085,16.326666,14.906667
0.075486,16.346666,15.080000
0.075888,16.413332,14.940000
0.076289,16.406666,14.953333
0.076690,16.400000,15.093332
0.077092,16.453333,14.953333
0.077493,16.473333,15.100000
0.077894,16.486666,15.139999
0.078296,16.453333,15.106667
0.078699,16.493332,15.119999
0.079100,16.566666,15.186667
0.079501,16.559999,15.179999
0.079903,16.539999,15.153333
0.080304,16.646666,15.186667
0.080705,16.606667,15.219999
0.081106,16.586666,15.219999
0.081508,16.733334,15.273333
0.081910,16.686666,15.253334
0.082311,16.713333,15.280000
0.082712,16.726667,15.306666
0.083113,16.726667,15.333333
0.083514,16.759998,15.320001
0.083915,16.779999,15.346666
0.084316,16.746666,15.440000
0.084718,16.820000,15.379999
0.085120,16.826666,15.293332
0.085522,16.826666,15.419999
0.085923,16.846666,15.433333
0.086325,16.900000,15.433333
0.086726,16.840000,15.406667
0.087128,16.906666,15.466666
0.087530,16.906666,15.513332
0.087931,16.906666,15.393333
0.088332,16.920000,15.326667
0.088734,17.080000,15.553332
0.089135,16.959999,15.573333
0.089537,16.953333,15.586667
0.089938,16.959999,15.586667
0.090340,16.993334,15.666666
0.090741,16.986668,15.639999
0.091143,17.026665,15.666666
0.091544,17.039999,15.679999
0.091945,17.039999,15.679999
0.092346,17.059999,15.700000
0.092747,17.100000,15.740000
0.093148,17.100000,15.753332
0.093549,17.146666,15.773333
0.093950,17.166666,15.786667
0.094351,17.159998,15.806666
0.094753,17.199999,15.846667
0.095154,17.193333,15.839999
0.095555,17.233334,15.853333
0.095956,17.213333,15.860000
0.096357,17.273333,15.826667
0.096759,17.266666,15.860000
0.097160,17.299999,15.920000
0.097561,17.299999,15.953332
0.097963,17.126667,15.920000
0.098364,17.333332,15.980000
0.098766,17.333332,15.953332
0.099167,17.366667,16.006666
0.099569,17.380001,16.013332
0.099970,17.386667,16.026667
0.100371,17.400000,16.039999
0.100772,17.413332,16.046667
0.101173,17.426666,16.000000
0.101574,17.380001,16.093332
0.101976,17.453333,16.093332
0.102377,17.473333,16.126665
0.102779,17.480000,16.160000
0.103180,17.506666,16.160000
0.103581,17.546665,16.180000
0.103983,17.533333,16.193333
0.104385,17.533333,16.253332
0.104786,17.593332,16.166666
0.105188,17.539999,16.279999
0.105589,17.626667,16.253332
0.105990,17.546665,16.273333
0.106391,17.646667,16.160000
0.106793,17.666666,16.333334
0.107194,17.666666,16.346666
0.107595,17.673332,16.306667
0.107996,17.693333,16.406666
0.108397,17.726665,16.359999
0.108799,17.686666,16.420000
0.109201,17.733334,16.406666
0.109603,17.753334,16.400000
0.110004,17.760000,16.433332
0.110405,17.733334,16.519999
0.110806,17.793333,16.486666
0.111207,17.799999,16.460001
0.111608,17.886667,16.506666
0.112009,17.820000,16.373333
0.112410,17.859999,16.446667
0.112812,17.853333,16.519999
0.113213,17.859999,16.526667
0.113615,17.933332,16.586666
0.114016,17.900000,16.586666
0.114417,17.913334,16.619999
0.114818,17.933332,16.613333
0.115219,17.939999,16.639999
0.115620,17.959999,16.646666
0.116022,17.980000,16.680000
0.116423,17.986666,16.653332
0.116824,18.006666,16.660000
0.117225,17.973333,16.680000
0.117626,18.013332,16.713333
0.118028,17.993332,16.713333
0.118430,18.106667,16.740000
0.118832,18.059999,16.619999
0.119233,18.113333,16.786665
0.119635,18.093332,16.779999
0.120036,18.086666,16.799999
0.120438,18.126667,16.779999
0.120839,18.146666,16.786665
0.121240,18.133333,16.793333
0.121642,18.199999,16.806665
0.122043,18.160000,16.846666
0.122444,18.280001,16.866667
0.122845,18.199999,16.853334
0.123246,18.233332,16.866667
0.123647,18.219999,16.840000
0.124048,18.199999,16.900000
0.124450,18.260000,16.900000
0.124851,18.260000,16.900000
0.125253,18.273333,16.933332
0.125654,18.280001,16.920000
0.126056,18.299999,16.920000
0.126459,18.313334,16.953333
0.126860,18.280001,16.946667
0.127261,18.326666,16.959999
0.127662,18.379999,17.013332
0.128064,18.373333,16.980000
0.128465,18.413334,16.993334
0.128867,18.420000,17.026665
0.129269,18.400000,17.033333
0.129671,18.386665,17.039999
0.130073,18.406666,17.046665
0.130475,18.586666,17.053333
0.130876,18.406666,17.039999
0.131277,18.466665,17.039999
0.131678,18.459999,17.100000
0.132079,18.459999,17.100000
0.132480,18.486666,17.086666
0.132881,18.506666,17.106667
0.133282,18.513332,17.120001
0.133683,18.513332,17.120001
0.134085,18.546667,17.126667
0.134486,18.553333,17.320000
0.134888,18.506666,17.186666
0.135290,18.613333,17.166666
0.135691,18.599998,17.240000
0.136092,18.593332,17.213333
0.136494,18.633333,17.246666
0.136895,18.619999,17.213333
0.137297,18.613333,17.233334
0.137699,18.626665,17.246666
0.138100,18.593332,17.159998
0.138501,18.660000,17.313332
0.138902,18.660000,17.186666
0.139303,18.799999,17.306665
0.139704,18.686666,17.393333
0.140105,18.733332,17.306665
0.140506,18.726665,17.326666
0.140909,18.726665,17.340000
0.141310,18.719999,17.320000
0.141711,18.759998,17.393333
0.142113,18.759998,17.333332
0.142515,18.766666,17.386667
0.142916,18.833334,17.406666
0.143317,18.773333,17.419998
0.143718,18.793333,17.393333
0.144119,18.826666,17.426666
0.144520,18.773333,17.333332
0.144922,18.900000,17.406666
0.145323,18.846666,17.473333
0.145724,18.886665,17.446667
0.146125,18.840000,17.453333
0.146526,18.966667,17.473333
0.146928,18.873333,17.426666
0.147329,18.879999,17.426666
0.147730,18.826666,17.539999
0.148131,18.913332,17.500000
0.148532,18.913332,17.500000
0.148934,18.920000,17.486666
0.149336,18.940001,17.513334
0.149737,18.953333,17.506666
0.150138,18.966667,17.473333
0.150539,18.953333,17.526667
0.150942,18.993332,17.593332
0.151344,18.986666,17.539999
0.151745,18.993332,17.526667
0.152146,19.013332,17.613333
0.152547,19.019999,17.613333
0.152949,19.019999,17.633333
0.153350,19.039999,17.653334
0.153751,19.026667,17.653334
0.154153,19.039999,17.619999
0.154555,19.039999,17.639999
0.154956,18.980000,17.653334
0.155358,19.093334,17.733334
0.155759,19.053333,17.539999
0.156160,19.059999,17.679998
0.156561,19.046667,17.706665
0.156963,19.113333,17.699999
0.157364,19.106667,17.686666
0.157766,19.193333,17.673332
0.158167,19.160000,17.726665
0.158568,19.166666,17.746666
0.158970,19.153332,17.726665
0.159371,19.186666,17.733334
0.159772,19.160000,17.746666
0.160173,19.193333,17.793333
0.160574,19.200001,17.740000
0.160975,19.160000,17.793333
0.161377,19.240000,17.746666
0.161778,19.213333,17.793333
0.162179,19.206667,17.799999
0.162581,19.226667,17.799999
0.162983,19.153332,17.793333
0.163384,19.253332,17.840000
0.163786,19.279999,17.846666
0.164187,19.286665,17.866667
0.164589,19.379999,17.886667
0.164990,19.273333,17.866667
0.165391,19.240000,17.846666
0.165793,19.253332,17.886667
0.166195,19.320000,17.873333
0.166596,19.326666,17.793333
0.166997,19.313334,17.886667
0.167398,19.333334,17.906668
0.167799,19.333334,17.893333
0.168200,19.346666,17.939999
0.168601,19.386665,18.000000
0.169003,19.340000,17.906668
0.169404,19.379999,17.933332
0.169805,19.379999,17.926666
0.170206,19.393332,17.939999
0.170607,19.366667,17.973333
0.171009,19.379999,17.886667
0.171411,19.400000,17.906668
0.171812,19.393332,18.046667
0.172213,19.393332,17.859999
0.172614,19.506666,18.000000
0.173016,19.433332,18.033333
0.173418,19.433332,18.006666
0.173819,19.433332,18.006666
0.174221,19.433332,18.000000
0.174622,19.453333,18.020000
0.175024,19.446667,18.020000
0.175425,19.459999,18.020000
0.175826,19.453333,18.040001
0.176228,19.413332,18.013332
0.176630,19.393332,18.033333
0.177031,19.506666,18.033333
0.177432,19.533333,18.020000
0.177834,19.546665,18.053333
0.178235,19.473333,18.099998
0.178636,19.526665,18.059999
0.179037,19.526665,17.986666
0.179438,19.486668,18.006666
0.179839,19.559999,18.066666
0.180240,19.559999,18.186666
0.180642,19.693333,18.086666
0.181044,19.466667,18.113333
0.181446,19.559999,18.106667
0.181847,19.586666,18.113333
0.182248,19.573334,18.113333
0.182649,19.573334,18.119999
0.183050,19.600000,18.099998
0.183451,19.600000,18.126667
0.183852,19.600000,18.139999
0.184254,19.606667,18.126667
0.184655,19.633333,18.146666
0.185056,19.613333,18.126667
0.185457,19.620001,18.133333
0.185859,19.626667,18.146666
0.186260,19.633333,18.146666
0.186661,19.633333,18.146666
0.187063,19.653332,18.113333
0.187464,19.646666,18.153334
0.187866,19.653332,18.146666
0.188268,19.686666,18.166666
0.188669,19.659998,18.160000
0.189071,19.673332,18.186666
0.189472,19.786665,18.193333
0.189874,19.666666,18.180000
0.190275,19.673332,18.206665
0.190676,19.653332,18.213333
0.191077,19.686666,18.193333
0.191479,19.726667,18.273333
0.191880,19.746666,18.213333
0.192282,19.686666,18.213333
0.192683,19.699999,18.219999
0.193085,19.719999,18.240000
0.193486,19.713333,18.173334
0.193888,19.666666,18.213333
0.194290,19.726667,18.206665
0.194692,19.773333,18.246666
0.195094,19.760000,18.240000
0.195495,19.719999,18.226665
0.195896,19.719999,18.266666
0.196297,19.786665,18.266666
0.196698,19.786665,18.273333
0.197099,19.786665,18.253332
0.197501,19.733334,18.253332
0.197902,19.639999,18.206665
0.198303,19.740000,18.253332
0.198705,19.753334,18.253332
0.199106,19.753334,18.273333
0.199507,19.779999,18.266666
0.199909,19.766666,18.293333
0.200310,19.753334,18.246666
0.200711,19.820000,18.246666
0.201112,19.746666,18.240000
0.201514,19.753334,18.273333
0.201916,19.746666,18.293333
0.202317,19.833332,18.233332
0.202718,19.766666,18.219999
0.203119,19.779999,18.266666
0.203520,19.779999,18.273333
0.203921,19.760000,18.353333
0.204322,19.799999,18.286667
0.204723,19.793333,18.306667
0.205124,19.719999,18.186666
0.205525,19.639999,18.313334
0.205927,19.813332,18.306667
0.206329,19.799999,18.293333
0.206730,19.826666,18.293333
0.207132,19.799999,18.313334
0.207533,19.799999,18.313334
0.207935,19.820000,18.313334
0.208336,19.813332,18.313334
0.208737,19.820000,18.273333
0.209140,19.813332,18.359999
0.209541,19.826666,18.326666
0.209943,19.706667,18.286667
0.210344,19.826666,18.426666
0.210745,19.813332,18.199999
0.211147,19.799999,18.286667
0.211548,19.846666,18.306667
0.211949,19.846666,18.313334
0.212350,19.820000,18.260000
0.212752,19.833332,18.320000
0.213154,19.833332,18.199999
0.213555,19.833332,18.339998
0.213956,19.706667,18.333332
0.214357,19.806665,18.346666
0.214758,19.820000,18.346666
0.215159,19.820000,18.346666
0.215560,19.840000,18.313334
0.215962,19.846666,18.306667
0.216364,19.846666,18.346666
0.216765,19.826666,18.326666
0.217166,19.840000,18.333332
0.217567,19.826666,18.299999
0.217969,19.840000,18.426666
0.218370,19.826666,18.313334
0.218771,19.826666,18.253332
0.219173,19.833332,18.333332
0.219575,19.840000,18.333332
0.219976,19.846666,18.393333
0.220378,19.826666,18.339998
0.220780,19.813332,18.293333
0.221183,19.806665,18.326666
0.221584,19.826666,18.346666
0.221985,19.840000,18.346666
0.222386,19.880001,18.320000
0.222788,19.840000,18.420000
0.223189,19.833332,18.333332
0.223590,19.833332,18.320000
0.223991,19.820000,18.346666
0.224392,19.873333,18.326666
0.224793,19.793333,18.326666
0.225195,19.833332,18.293333
0.225596,19.833332,18.333332
0.225997,19.840000,18.326666
0.226398,19.820000,18.346666
0.226799,19.840000,18.313334
0.227200,19.820000,18.333332
0.227602,19.833332,18.313334
0.228003,19.813332,18.306667
0.228404,19.713333,18.313334
0.228807,19.866667,18.306667
0.229208,19.813332,18.306667
0.229610,19.813332,18.273333
0.230011,19.706667,18.313334
0.230412,19.860001,18.299999
0.230813,19.706667,18.359999
0.231215,19.826666,18.286667
0.231617,19.806665,18.326666
0.232019,19.766666,18.299999
0.232421,19.766666,18.326666
0.232822,19.820000,18.293333
0.233223,19.806665,18.273333
0.233625,19.820000,18.293333
0.234026,19.786665,18.299999
0.234427,19.820000,18.273333
0.234829,19.799999,18.313334
0.235231,19.760000,18.293333
0.235632,19.779999,18.286667
0.236033,19.773333,18.273333
0.236434,19.779999,18.286667
0.236835,19.746666,18.273333
0.237236,19.779999,18.266666
0.237637,19.786665,18.260000
0.238038,19.773333,18.226665
0.238439,19.733334,18.306667
0.238840,19.740000,18.233332
0.239242,19.786665,18.273333
0.239643,19.699999,18.253332
0.240045,19.766666,18.273333
0.240446,19.753334,18.273333
0.240847,19.733334,18.253332
0.241248,19.733334,18.226665
0.241649,19.773333,18.219999
0.242050,19.746666,18.253332
0.242451,19.699999,18.240000
0.242853,19.713333,18.273333
0.243254,19.713333,18.219999
0.243655,19.719999,18.246666
0.244056,19.706667,18.253332
0.244458,19.740000,18.273333
0.244859,19.706667,18.240000
0.245260,19.699999,18.233332
0.245661,19.699999,18.219999
0.246063,19.719999,18.206665
0.246464,19.746666,18.213333
0.246865,19.799999,18.273333
0.247266,19.686666,18.213333
0.247667,19.699999,18.213333
0.248070,19.679998,18.213333
0.248472,19.679998,18.173334
0.248873,19.673332,18.199999
0.249274,19.666666,18.193333
0.249675,19.666666,18.186666
0.250077,19.666666,18.166666
0.250479,19.666666,18.146666
0.250880,19.646666,18.173334
0.251281,19.666666,18.099998
0.251682,19.673332,18.186666
0.252083,19.620001,18.160000
0.252485,19.633333,18.153334
0.252886,19.633333,18.160000
0.253287,19.633333,18.146666
0.253688,19.606667,18.119999
0.254089,19.633333,18.139999
0.254490,19.613333,18.139999
0.254892,19.580000,18.139999
0.255293,19.586666,18.133333
0.255694,19.679998,18.139999
0.256095,19.613333,18.126667
0.256496,19.586666,18.113333
0.256897,19.573334,18.113333
0.257298,19.559999,18.113333
0.257699,19.566666,18.086666
0.258100,19.566666,18.000000
0.258501,19.559999,18.093332
0.258902,19.573334,18.099998
0.259303,19.580000,18.119999
0.259704,19.553333,18.033333
0.260105,19.539999,18.113333
0.260507,19.526665,18.040001
0.260909,19.546665,18.073332
0.261310,19.506666,18.053333
0.261711,19.480000,18.046667
0.262113,19.519999,18.046667
0.262515,19.539999,18.046667
0.262916,19.506666,18.020000
0.263317,19.480000,17.993332
0.263718,19.420000,18.006666
0.264120,19.446667,18.086666
0.264521,19.586666,18.033333
0.264922,19.426666,18.020000
0.265323,19.439999,18.013332
0.265724,19.446667,17.986666
0.266125,19.360001,18.000000
0.266526,19.426666,17.953333
0.266928,19.453333,17.973333
0.267329,19.386665,17.939999
0.267731,19.386665,17.993332
0.268132,19.393332,17.939999
0.268533,19.386665,17.939999
0.268935,19.366667,17.926666
0.269337,19.360001,17.933332
0.269738,19.366667,17.866667
0.270139,19.353334,17.926666
0.270541,19.353334,17.879999
0.270942,19.346666,17.906668
0.271343,19.206667,17.879999
0.271745,19.246666,17.886667
0.272146,19.326666,17.879999
0.272547,19.320000,17.873333
0.272949,19.266666,17.886667
0.273351,19.313334,17.886667
0.273752,19.286665,17.886667
0.274153,19.266666,17.840000
0.274554,19.253332,17.859999
0.274956,19.246666,17.859999
0.275357,19.246666,17.886667
0.275759,19.279999,17.826666
0.276161,19.246666,17.813332
0.276562,19.233334,18.126667
0.276963,19.233334,17.793333
0.277364,19.279999,17.793333
0.277765,19.219999,17.813332
0.278166,19.206667,17.799999
0.278567,19.146666,17.746666
0.278969,19.193333,17.793333
0.279370,19.200001,17.733334
0.279771,19.166666,17.746666
0.280173,19.093334,17.766666
0.280575,19.160000,17.673332
0.280976,19.186666,17.746666
0.281378,19.133331,17.719999
0.281779,19.113333,17.666666
0.282181,19.119999,17.699999
0.282583,19.113333,17.740000
0.282984,19.113333,17.673332
0.283385,19.086666,17.673332
0.283786,19.086666,17.673332
0.284187,19.086666,17.686666
0.284588,19.053333,17.686666
0.284989,18.933332,17.719999
0.285390,19.059999,17.639999
0.285792,19.053333,17.639999
0.286194,18.999998,17.619999
0.286595,18.999998,17.606667
0.286997,19.006666,17.639999
0.287399,18.999998,17.593332
0.287800,18.980000,17.453333
0.288201,18.980000,17.593332
0.288603,18.973333,17.586666
0.289004,18.986666,17.520000
0.289405,18.986666,17.593332
0.289806,18.960001,17.586666
0.290208,18.946667,17.526667
0.290610,18.933332,17.526667
0.291011,18.913332,17.539999
0.291412,18.946667,17.386667
0.291813,18.886665,17.780001
0.292214,18.873333,17.459999
0.292615,18.833334,17.466665
0.293017,18.886665,17.459999
0.293418,18.846666,17.459999
0.293820,18.826666,17.426666
0.294221,18.840000,17.419998
0.294622,18.820000,17.400000
0.295024,18.826666,17.400000
0.295425,18.799999,17.406666
0.295826,18.820000,17.393333
0.296228,18.813334,17.400000
0.296629,18.766666,17.419998
0.297031,18.813334,17.360001
0.297432,18.740000,17.426666
0.297833,18.753332,17.393333
0.298236,18.733332,17.313332
0.298637,18.713333,17.426666
0.299038,18.706667,17.326666
0.299439,18.700001,17.219999
0.299841,18.666666,17.306665
0.300242,18.706667,17.279999
0.300643,18.673334,17.260000
0.301045,18.646666,17.253334
0.301446,18.653334,17.253334
0.301848,18.626665,17.219999
0.302250,18.593332,17.219999
0.302653,18.566668,17.253334
0.303055,18.653334,17.219999
0.303457,18.599998,17.219999
0.303858,18.566668,17.186666
0.304260,18.553333,17.166666
0.304661,18.566668,17.139999
0.305063,18.526667,17.173332
0.305464,18.520000,17.193333
0.305866,18.446667,17.006666
0.306267,18.373333,17.100000
0.306668,18.493332,17.126667
0.307069,18.446667,17.100000
0.307470,18.453333,17.080000
0.307871,18.459999,17.059999
0.308273,18.446667,17.073334
0.308674,18.420000,17.046665
0.309076,18.426666,17.066666
0.309477,18.413334,17.059999
0.309878,18.379999,17.033333
0.310279,18.379999,17.039999
0.310680,18.379999,17.006666
0.311082,18.333332,16.980000
0.311483,18.373333,16.986668
0.311884,18.373333,16.980000
0.312286,18.359999,16.986668
0.312687,18.293333,16.920000
0.313090,18.286667,16.906666
0.313491,18.273333,16.939999
0.313893,18.260000,16.906666
0.314295,18.273333,16.873333
0.314696,18.273333,16.906666
0.315098,18.233332,16.886665
0.315499,18.219999,16.900000
0.315900,18.213333,16.893332
0.316301,18.206665,16.886665
0.316703,18.173334,16.873333
0.317105,18.166666,16.846666
0.317506,18.146666,16.840000
0.317908,18.133333,16.786665
0.318310,18.139999,16.906666
0.318711,18.160000,16.786665
0.319112,18.146666,16.759998
0.319514,18.059999,16.779999
0.319916,18.073332,16.806665
0.320319,18.066666,16.779999
0.320720,18.033333,16.759998
0.321122,18.113333,16.733334
0.321523,18.020000,16.713333
0.321924,17.966665,16.646666
0.322325,18.086666,16.619999
0.322726,17.973333,16.713333
0.323128,17.986666,16.673332
0.323530,17.879999,16.646666
0.323931,17.939999,16.639999
0.324332,17.933332,16.619999
0.324733,17.926666,16.646666
0.325135,17.906668,16.586666
0.325536,17.866667,16.586666
0.325938,17.879999,16.493332
0.326339,17.879999,16.566666
0.326740,17.853333,16.546667
0.327141,17.846666,16.553333
0.327542,17.820000,16.420000
0.327943,17.780001,16.486666
0.328344,17.780001,16.420000
0.328745,17.833332,16.446667
0.329147,17.773333,16.440001
0.329550,17.753334,16.466667
0.329951,17.746666,16.413332
0.330352,17.733334,16.413332
0.330753,17.746666,16.453333
0.331155,17.766666,16.366665
0.331557,17.719999,16.346666
0.331960,17.673332,16.333334
0.332363,17.653334,16.320000
0.332764,17.619999,16.266666
0.333165,17.613333,16.273333
0.333566,17.600000,16.226665
0.333968,17.533333,16.240000
0.334370,17.593332,16.246666
0.334772,17.533333,16.146666
0.335173,17.553331,16.193333
0.335574,17.520000,16.186666
0.335975,17.480000,16.273333
0.336377,17.473333,16.133333
0.336779,17.473333,16.126665
0.337180,17.473333,16.099998
0.337582,17.446667,16.039999
0.337983,17.413332,16.133333
0.338384,17.433332,16.099998
0.338785,17.366667,16.113333
0.339186,17.373333,15.926666
0.339587,17.353333,16.006666
0.339989,17.353333,15.993333
0.340391,17.346666,15.993333
0.340792,17.326666,16.006666
0.341193,17.326666,15.946666
0.341594,17.246666,15.946666
0.341996,17.266666,15.920000
0.342398,17.253334,15.913334
0.342800,17.246666,15.886665
0.343201,17.260000,15.940000
0.343602,17.226667,15.866667
0.344003,17.213333,15.799999
0.344404,17.106667,15.826667
0.344805,17.186666,15.860000
0.345206,17.093332,15.773333
0.345607,17.113333,15.606667
0.346009,17.146666,15.760000
0.346411,17.086666,15.733333
0.346812,17.059999,15.646666
0.347213,17.053333,15.573333
0.347615,17.053333,15.626667
0.348016,16.973333,15.686666
0.348417,17.006666,15.639999
0.348819,17.000000,15.660000
0.349221,16.980000,15.619999
0.349623,17.000000,15.573333
0.350024,16.953333,15.573333
0.350425,16.926666,15.573333
0.350827,16.913332,15.573333
0.351228,16.913332,15.560000
0.351629,16.906666,15.493332
0.352031,16.906666,15.480000
0.352432,16.866667,15.480000
0.352833,16.826666,15.466666
0.353234,16.826666,15.426665
0.353636,16.840000,15.393333
0.354037,16.826666,15.393333
0.354438,16.793333,15.379999
0.354839,16.786665,15.340000
0.355240,16.773333,15.466666
0.355641,16.786665,15.213333
0.356043,16.820000,15.306666
0.356445,16.713333,15.333333
0.356846,16.719999,15.306666
0.357247,16.700001,15.253334
0.357649,16.646666,15.260000
0.358051,16.686666,15.226665
0.358452,16.619999,15.146667
0.358853,16.613333,15.193334
0.359255,16.613333,15.213333
0.359658,16.546667,15.193334
0.360059,16.559999,15.159999
0.360460,16.486666,15.100000
0.360862,16.519999,15.086666
0.361263,16.526667,15.086666
0.361664,16.413332,15.106667
0.362066,16.413332,14.953333
0.362468,16.446667,14.953333
0.362870,16.433332,14.953333
0.363271,16.539999,14.953333
0.363673,16.366665,14.899999
0.364075,16.299999,14.919999
0.364477,16.313334,14.926667
0.364878,16.346666,14.893332
0.365279,16.266666,14.853333
0.365681,16.273333,14.873333
0.366083,16.240000,14.820000
0.366486,16.233332,14.846666
0.366888,16.206667,14.820000
0.367290,16.173334,14.719999
0.367691,16.153334,14.746666
0.368092,16.126665,14.719999
0.368493,16.119999,14.746666
0.368894,16.099998,14.693333
0.369296,16.053333,14.699999
0.369697,16.053333,14.679999
0.370099,16.020000,14.666667
0.370502,16.006666,14.593332
0.370903,15.993333,14.593332
0.371304,15.806666,14.620000
0.371705,15.953332,14.693333
0.372106,16.000000,14.600000
0.372509,15.906666,14.540000
0.372910,15.926666,14.540000
0.373313,15.866667,14.459999
0.373715,15.846667,14.506667
0.374117,15.893333,14.473333
0.374518,15.760000,14.433332
0.374919,15.740000,14.346666
0.375322,15.740000,14.360000
0.375723,15.713334,14.386666
0.376125,15.706666,14.346666
0.376526,15.713334,14.346666
0.376928,15.693334,14.293333
0.377329,15.653334,14.320000
0.377730,15.599999,14.306665
0.378131,15.540000,14.140000
0.378532,15.579999,14.273334
0.378934,15.586667,14.233333
0.379335,15.566667,14.206667
0.379736,15.446666,14.233333
0.380138,15.560000,14.120000
0.380540,15.480000,14.266667
0.380942,15.486666,14.140000
0.381343,15.446666,14.113334
0.381746,15.400000,14.080000
0.382147,15.393333,14.080000
0.382548,15.353333,13.960000
0.382949,15.333333,14.033333
0.383350,15.273333,13.993333
0.383751,15.313333,13.993333
0.384152,15.280000,13.746667
0.384553,15.260000,13.933332
0.384956,15.300000,13.979999
0.385358,15.233334,13.926666
0.385759,15.186667,13.906666
0.386161,15.200000,13.880000
0.386563,15.159999,13.813334
0.386964,15.159999,13.740001
0.387366,15.153333,13.866666
0.387767,15.093332,13.913332
0.388168,14.953333,13.820000
0.388569,14.906667,13.759999
0.388970,14.953333,13.833333
0.389371,15.166667,13.740001
0.389773,14.953333,13.693333
0.390174,14.913333,13.653334
0.390575,14.933333,13.646666
0.390976,14.886666,13.653334
0.391377,14.893332,13.593333
0.391778,14.906667,13.606666
0.392179,14.833332,13.620000
0.392580,14.733334,13.646666
0.392982,14.813333,13.586667
0.393383,14.813333,13.520000
0.393785,14.746666,13.466666
0.394186,14.713333,13.533333
0.394587,14.706667,13.466666
0.394989,14.646667,13.466666
0.395391,14.653333,13.426666
0.395793,14.586666,13.280000
0.396195,14.626666,13.400000
0.396596,14.613333,13.373333
0.396997,14.520000,13.346667
0.397398,14.540000,13.313333
0.397799,14.553333,13.293333
0.398200,14.506667,13.193333
0.398601,14.493333,13.253333
0.399003,14.453333,13.220000
0.399404,14.439999,13.226666
0.399805,14.426666,13.200000
0.400206,14.380000,13.173333
0.400607,14.346666,13.226666
0.401009,14.366666,13.166667
0.401410,14.299999,13.160000
0.401811,14.273334,13.086667
0.402213,14.420000,12.953333
0.402614,14.259999,12.966667
0.403016,14.193333,13.026667
0.403417,14.200001,13.000000
0.403819,14.126666,12.953333
0.404220,14.173332,12.953333
0.404621,14.146667,12.946667
0.405022,14.166666,12.886666
0.405425,14.099999,12.960000
0.405827,14.073334,12.886666
0.406229,14.033333,12.860000
0.406630,14.039999,12.840000
0.407031,13.999999,12.773334
0.407432,13.979999,12.793333
0.407833,13.926666,12.740000
0.408235,13.926666,12.733333
0.408636,13.906666,12.706667
0.409038,13.886666,12.420000
0.409439,13.860000,12.706667
0.409840,13.826666,12.673333
0.410242,13.793333,12.593333
0.410643,13.786667,12.593333
0.411045,13.866666,12.573334
0.411446,13.740001,12.573334
0.411847,13.720000,12.580000
0.412248,13.693333,12.513333
0.412651,13.686666,12.553333
0.413052,13.446666,12.599999
0.413455,13.759999,12.473333
0.413857,13.613334,12.473333
0.414259,13.573333,12.393332
0.414660,13.599999,12.400000
0.415061,13.520000,12.366667
0.415462,13.493333,12.386666
0.415864,13.473332,12.339999
0.416265,13.466666,12.360000
0.416668,13.473332,12.346666
0.417070,13.486667,12.273333
0.417471,13.446666,12.246667
0.417872,13.393333,12.193333
0.418273,13.333333,12.206666
0.418675,13.300000,12.186666
0.419076,13.286667,12.153333
0.419477,13.233334,12.080000
0.419878,13.273334,12.073333
0.420279,13.226666,12.066666
0.420682,13.160000,11.999999
0.421084,13.146667,12.033333
0.421485,13.093333,11.980000
0.421887,13.193333,11.906667
0.422288,13.040000,11.799999
0.422689,13.086667,11.973333
0.423091,13.046666,11.906667
0.423492,13.066667,11.886666
0.423894,13.026667,11.860000
0.424295,13.059999,11.853333
0.424696,12.973333,11.799999
0.425098,12.946667,11.820000
0.425499,12.886666,11.606667
0.425900,12.886666,11.746666
0.426301,12.953333,11.746666
0.426704,12.846666,11.720000
0.427105,12.820000,11.760000
0.427506,12.933333,11.633333
0.427908,12.793333,11.666666
0.428309,12.766666,11.613333
0.428710,12.746666,11.613333
0.429112,12.700000,11.599999
0.429513,12.700000,11.193334
0.429915,12.593333,11.366667
0.430316,12.559999,11.533333
0.430717,12.593333,11.426666
0.431118,12.733333,11.493333
0.431519,12.633333,11.440000
0.431921,12.526666,11.386666
0.432322,12.500000,11.406666
0.432723,12.466666,11.366667
0.433125,12.473333,11.293333
0.433526,12.453333,11.333333
0.433928,12.426666,11.280000
0.434331,12.413333,11.286666
0.434732,12.360000,11.280000
0.435133,12.353333,11.266666
0.435534,12.353333,11.206666
0.435935,12.286667,11.193334
0.436336,12.100000,11.173333
0.436737,12.240000,11.006666
0.437138,12.213333,11.113334
0.437539,12.166667,11.099999
0.437941,12.153333,11.266666
0.438342,12.320000,11.053333
0.438743,12.040000,11.020000
0.439145,12.053333,11.006666
0.439546,12.066666,11.013332
0.439948,12.013333,10.953333
0.440349,12.013333,10.966666
0.440750,11.980000,10.900000
0.441152,11.913333,10.913333
0.441553,11.933332,10.866667
0.441955,11.840000,10.840000
0.442357,11.879999,10.840000
0.442759,11.866666,10.806666
0.443160,11.826667,10.746666
0.443562,11.813333,10.846666
0.443964,11.773334,10.573333
0.444367,11.733333,10.673333
0.444768,11.726666,10.700000
0.445169,11.679999,10.653334
0.445572,11.686666,10.673333
0.445975,11.673333,10.593333
0.446376,11.679999,10.573333
0.446777,11.586667,10.540000
0.447178,11.626666,10.500000
0.447579,11.533333,10.593333
0.447981,11.539999,10.500000
0.448382,11.500000,10.466667
0.448785,11.460000,10.413333
0.449186,11.460000,10.460000
0.449588,11.440000,10.426666
0.449989,11.413333,10.546666
0.450390,11.366667,10.366666
0.450791,11.360000,10.326667
0.451193,11.326667,10.320000
0.451594,11.139999,10.286666
0.451996,11.253333,10.246666
0.452397,11.246667,10.226666
0.452799,11.246667,10.200000
0.453201,11.186666,10.200000
0.453603,11.173333,10.179999
0.454004,11.139999,10.140000
0.454405,11.093333,10.140000
0.454806,11.106667,10.053333
0.455208,11.113334,10.146667
0.455610,11.066667,10.059999
0.456012,11.026667,10.153333
0.456414,11.006666,10.053333
0.456815,10.993334,10.193334
0.457217,10.966666,9.973333
0.457618,10.886666,9.953333
0.458019,10.933333,9.913333
0.458420,10.853333,9.900000
0.458821,10.840000,9.873333
0.459223,10.840000,9.833333
0.459624,10.806666,9.826666
0.460025,10.786667,9.793333
0.460426,10.766666,9.800000
0.460827,10.726666,9.759999
0.461229,10.693333,9.740000
0.461630,10.666667,9.693333
0.462031,10.639999,9.680000
0.462432,10.646667,9.646667
0.462833,10.593333,9.620000
0.463234,10.553332,9.613334
0.463635,10.493333,9.633333
0.464036,10.533334,9.586666
0.464437,10.480000,9.553333
0.464839,10.486666,9.493333
0.465241,10.460000,9.446667
0.465642,10.446667,9.473333
0.466044,10.406667,9.460000
0.466445,10.419999,9.600000
0.466846,10.340000,9.346666
0.467248,10.313334,9.346666
0.467649,10.313334,9.293333
0.468050,10.260000,9.306666
0.468451,10.273334,9.280000
0.468853,10.226666,9.126666
0.469255,10.020000,9.213333
0.469658,10.153333,9.206667
0.470059,10.153333,9.186666
0.470460,10.133333,9.053333
0.470862,10.146667,9.160000
0.471263,10.140000,9.126666
0.471664,10.120000,9.126666
0.472066,9.980000,8.773333
0.472468,9.993333,9.013333
0.472870,9.973333,9.033333
0.473271,9.959999,8.993333
0.473672,9.946667,9.080000
0.474074,9.886666,8.993333
0.474475,9.886666,8.920000
0.474876,9.839999,8.920000
0.475278,9.820000,8.913333
0.475679,9.793333,8.853333
0.476081,9.746667,8.820000
0.476482,9.786667,8.820000
0.476884,9.746667,8.780000
0.477286,9.706666,8.760000
0.477688,9.706666,8.740000
0.478090,9.646667,8.660000
0.478491,9.666667,8.726666
0.478893,9.566666,8.680000
0.479294,9.553333,8.646667
0.479696,9.566666,8.666666
0.480097,9.559999,8.620000
0.480498,9.633333,8.579999
0.480900,9.506666,8.706666
0.481301,9.453333,8.593333
0.481702,9.393333,8.513332
0.482104,9.346666,8.506666
0.482505,9.313333,8.453333
0.482908,9.340000,8.573333
0.483309,9.313333,8.420000
0.483711,9.226666,8.386666
0.484112,9.273334,8.393332
0.484514,9.246666,8.493334
0.484915,9.213333,8.333333
0.485316,9.260000,8.333333
0.485719,9.200000,8.273334
0.486121,9.140000,8.266666
0.486523,9.106667,8.286667
0.486924,9.080000,8.200000
0.487325,9.066667,8.206666
0.487727,8.940000,8.153334
0.488129,9.000000,8.166667
0.488530,8.913333,8.133333
0.488931,8.980000,8.053332
0.489333,8.920000,8.040000
0.489734,8.913333,8.053332
0.490136,8.873333,8.020000
0.490539,8.880000,8.013333
0.490941,8.826667,7.980000
0.491343,8.806666,7.960000
0.491744,8.793333,7.920000
0.492145,8.766666,7.826667
0.492546,8.726666,7.866666
0.492948,8.740000,7.873333
0.493349,8.719999,7.906666
0.493750,8.660000,7.833333
0.494151,8.566667,7.846667
0.494552,8.620000,7.780000
0.494953,8.586666,7.773333
0.495354,8.566667,7.706666
0.495756,8.533333,7.686666
0.496157,8.460000,7.679999
0.496558,8.426667,7.660000
0.496961,8.446666,7.673333
0.497364,8.433333,7.660000
0.497766,8.393332,7.546666
0.498167,8.433333,7.566667
0.498568,8.373333,7.520000
0.498970,8.280000,7.553333
0.499372,8.326666,7.480000
0.499773,8.293333,7.453333
0.500174,8.240000,7.420000
0.500575,8.173333,7.426666
0.500976,8.206666,7.373333
0.501377,8.166667,7.413333
0.501778,8.139999,7.340000
0.502179,8.120000,7.333333
0.502580,8.113333,7.320000
0.502982,8.046666,7.286667
0.503383,8.059999,7.260000
0.503784,8.040000,7.240000
0.504185,7.960000,7.226666
0.504588,7.920000,7.200000
0.504989,7.953333,7.173333
0.505390,7.953333,7.080000
0.505791,7.920000,7.133334
0.506192,7.920000,7.086666
0.506594,7.866666,7.060000
0.506996,7.853333,7.066666
0.507397,7.813334,7.000000
0.507798,7.793334,7.013333
0.508200,7.766666,6.986666
0.508601,7.746666,6.986666
0.509003,7.713333,6.893333
0.509405,7.706666,6.973333
0.509807,7.733333,6.886666
0.510208,7.640000,6.886666
0.510609,7.566667,6.833333
0.511010,7.600000,6.806667
0.511411,7.566667,6.780000
0.511812,7.506667,6.786666
0.512213,7.520000,6.720000
0.512614,7.486667,6.713333
0.513016,7.466667,6.753333
0.513418,7.426666,6.693333
0.513820,7.353333,6.613333
0.514221,7.380000,6.640000
0.514622,7.366667,6.646667
0.515024,7.353333,6.586667
0.515425,7.340000,6.546667
0.515826,7.313333,6.533333
0.516228,7.313333,6.480000
0.516631,7.240000,6.460000
0.517032,7.313333,6.466667
0.517433,7.200000,6.433333
0.517835,7.213333,6.426666
0.518236,7.160000,6.380000
0.518637,7.106667,6.373333
0.519039,7.113333,6.300000
0.519440,7.100000,6.540000
0.519842,7.060000,6.306666
0.520243,7.053333,6.260000
0.520644,7.020000,6.233333
0.521046,6.986666,6.200000
0.521447,6.966666,6.206666
0.521849,6.926667,6.260000
0.522250,6.913333,6.160000
0.522652,6.920000,6.106667
0.523053,6.853333,6.113333
0.523456,6.853333,6.100000
0.523857,6.860000,6.100000
0.524259,6.813333,6.080000
0.524660,6.793334,6.020000
0.525061,6.760000,6.006667
0.525462,6.733333,5.980000
0.525863,6.693333,5.966666
0.526264,6.706667,5.846666
0.526665,6.646667,5.880000
0.527067,6.626667,5.933333
0.527470,6.540000,5.913333
0.527871,6.546667,5.866666
0.528272,6.560000,5.853333
0.528673,6.513333,5.800000
0.529075,6.506667,5.753333
0.529476,6.480000,5.760000
0.529877,6.426666,5.753333
0.530278,6.413333,5.640000
0.530679,6.413333,5.700000
0.531082,6.360000,5.693333
0.531483,6.353333,5.653333
0.531884,6.320000,5.640000
0.532286,6.313334,5.673333
0.532687,6.286667,5.646667
0.533089,6.260000,5.586667
0.533490,6.220000,5.473333
0.533891,6.160000,5.573333
0.534292,6.213333,5.520000
0.534693,6.166667,5.500000
0.535096,6.113333,5.560000
0.535497,6.106667,5.386667
0.535898,6.106667,5.453333
0.536299,6.020000,5.413333
0.536701,6.040000,5.393333
0.537102,6.006667,5.366667
0.537503,5.993333,5.360000
0.537908,6.040000,5.180000
0.538309,5.973333,5.240000
0.538710,5.960000,5.253333
0.539112,5.866666,5.253333
0.539513,5.886667,5.226666
0.539915,5.866666,5.400000
0.540316,5.833333,5.206666
0.540718,5.793334,5.160000
0.541119,5.793334,5.246666
0.541520,5.773333,5.100000
0.541923,5.766666,5.120000
0.542325,5.740000,5.053333
0.542727,5.706666,5.086667
0.543128,5.720000,5.066667
0.543530,5.673333,4.946666
0.543931,5.613333,5.000000
0.544332,5.620000,5.013333
0.544735,5.606667,4.973333
0.545137,5.593333,4.913333
0.545539,5.560000,4.960000
0.545941,5.500000,5.293334
0.546342,5.513333,4.906667
0.546743,5.460000,4.886666
0.547145,5.480000,4.840000
0.547546,5.420000,4.813333
0.547948,5.393333,4.800000
0.548349,5.393333,4.800000
0.548750,5.300000,4.780000
0.549152,5.360000,4.766666
0.549553,5.333333,4.720000
0.549955,5.266667,4.686666
0.550358,5.280000,4.740000
0.550759,5.266667,4.653333
0.551160,5.240000,4.626667
0.551562,5.173333,4.600000
0.551963,5.180000,4.586667
0.552364,5.180000,4.593333
0.552766,5.146667,4.633333
0.553168,5.146667,4.553333
0.553569,5.373333,4.546667
0.553970,5.066667,4.513333
0.554371,5.026667,4.433333
0.554772,5.100000,4.353333
0.555173,5.020000,4.540000
0.555574,5.020000,4.500000
0.555975,4.986667,4.413333
0.556376,4.953333,4.360000
0.556777,4.953333,4.380000
0.557178,4.913333,4.353333
0.557579,4.893333,4.340000
0.557980,4.886666,4.326666
0.558381,4.860000,4.266666
0.558783,4.826666,4.240000
0.559184,4.820000,4.266666
0.559585,4.813333,4.220000
0.559986,4.753333,4.200000
0.560387,4.766666,4.186666
0.560789,4.720000,4.226666
0.561191,4.706666,4.153333
0.561592,4.633333,4.113333
0.561994,4.653333,4.113333
0.562397,4.653333,4.093333
0.562799,4.620000,4.100000
0.563201,4.666667,4.053333
0.563602,4.660000,4.026666
0.564004,4.406667,4.013333
0.564405,4.526667,4.013333
0.564807,4.500000,3.986666
0.565208,4.493333,3.940000
0.565609,4.506667,3.953333
0.566011,4.466667,4.006667
0.566412,4.400000,3.860000
0.566813,4.433333,3.833333
0.567214,4.386666,3.820000
0.567617,4.373333,3.873333
0.568019,4.353333,3.826667
0.568420,4.346667,3.533333
0.568822,4.333333,3.740000
0.569223,4.333333,3.746666
0.569625,4.266666,3.713333
0.570026,4.266666,3.720000
0.570428,4.226666,3.693333
0.570829,4.213334,3.680000
0.571231,4.160000,3.660000
0.571632,4.153333,3.660000
0.572033,4.140000,3.633333
0.572435,4.160000,3.653333
0.572836,4.120000,3.613333
0.573237,4.113333,3.546667
0.573638,4.086667,3.533333
0.574039,4.066667,3.540000
0.574442,4.080000,3.493333
0.574843,4.020000,3.466666
0.575245,4.013333,3.486667
0.575646,3.966667,3.360000
0.576048,3.993333,3.433333
0.576450,3.973333,3.406667
0.576852,3.920000,3.406667
0.577253,3.926666,3.393333
0.577656,3.860000,3.313333
0.578057,3.773333,3.360000
0.578458,3.873333,3.406667
0.578860,3.800000,3.313333
0.579262,3.813334,3.380000
0.579663,3.826667,3.386667
0.580064,3.740000,3.346666
0.580467,3.673333,3.233333
0.580868,3.733333,3.226667
0.581269,3.773333,3.193333
0.581670,3.673333,3.193333
0.582072,3.660000,3.166667
0.582473,3.633333,3.160000
0.582875,3.640000,3.193333
0.583276,3.606667,3.120000
0.583677,3.573333,3.126667
0.584078,3.586667,3.086667
0.584479,3.606667,3.013333
0.584881,3.540000,3.046667
0.585282,3.513333,3.053333
0.585685,3.480000,3.013333
0.586087,3.460000,2.993333
0.586488,3.446667,2.986667
0.586890,3.453333,2.973333
0.587291,3.400000,2.960000
0.587692,3.406667,2.946667
0.588093,3.340000,2.960000
0.588495,3.340000,2.906667
0.588896,3.406667,2.920000
0.589297,3.333333,2.873333
0.589698,3.306667,2.860000
0.590099,3.293333,2.806667
0.590500,3.286667,2.786667
0.590902,3.260000,2.793333
0.591303,3.240000,2.786667
0.591705,3.213333,2.720000
0.592106,3.193333,2.760000
0.592507,3.160000,2.706666
0.592909,3.173333,2.726667
0.593310,3.133333,2.693333
0.593711,3.086667,2.733333
0.594112,3.120000,2.733333
0.594515,3.086667,2.620000
0.594916,3.026667,2.653333
0.595319,3.053333,2.626667
0.595720,3.040000,2.613333
0.596122,3.033333,2.660000
0.596523,2.993333,2.573333
0.596926,2.980000,2.646667
0.597327,2.986667,2.580000
0.597728,2.966666,2.533333
0.598129,2.940000,2.513333
0.598530,2.933333,2.493333
0.598931,2.900000,2.493333
0.599333,2.933333,2.453333
0.599734,2.873333,2.433333
0.600136,2.866667,2.433333
0.600537,2.800000,2.433333
0.600938,2.793333,2.520000
0.601340,2.700000,2.400000
0.601741,2.773333,2.380000
0.602143,2.773333,2.353333
0.602544,2.773333,2.213333
0.602945,2.806667,2.340000
0.603347,2.793333,2.280000
0.603748,2.713333,2.293333
0.604149,2.613333,2.273333
0.604550,2.653333,2.266667
0.604952,2.746667,2.366667
0.605353,2.520000,2.233333
0.605755,2.646667,2.253333
0.606157,2.613333,2.246667
0.606559,2.613333,2.200000
0.606961,2.593333,2.186667
0.607364,2.560000,2.180000
0.607766,2.493333,2.133333
0.608167,2.513333,2.100000
0.608568,2.520000,2.100000
0.608969,2.486667,2.093333
0.609370,2.473333,2.086667
0.609772,2.433333,2.066667
0.610173,2.433333,2.066667
0.610575,2.446667,2.093333
0.610976,2.493333,2.000000
0.611377,2.413333,2.026667
0.611778,2.393333,2.000000
0.612179,2.373333,1.973333
0.612580,2.326667,1.933333
0.612982,2.393333,1.980000
0.613383,2.320000,1.920000
0.613784,2.320000,2.000000
0.614186,2.273333,1.913333
0.614587,2.280000,1.906667
0.614989,2.260000,1.906667
0.615390,2.253333,1.906667
0.615791,2.246667,1.886667
0.616193,2.246667,1.846667
0.616594,2.193333,1.846667
0.616996,2.186667,1.820000
0.617397,2.186667,1.820000
0.617799,2.133333,1.813333
0.618201,2.153333,1.773333
0.618602,2.133333,1.766667
0.619004,2.120000,1.726667
0.619405,2.166667,1.726667
0.619807,2.060000,1.746667
0.620208,2.113333,1.693333
0.620609,2.080000,1.813333
0.621010,1.926667,1.686667
0.621411,2.033333,1.673333
0.621812,1.993333,1.573333
0.622213,2.086667,1.620000
0.622614,1.973333,1.646667
0.623015,1.986667,1.486667
0.623416,1.946667,1.373333
0.623817,1.933333,1.586667
0.624219,2.000000,1.593333
0.624620,1.920000,1.606667
0.625022,1.906667,1.553333
0.625423,1.900000,1.546667
0.625825,1.846667,1.506667
0.626226,1.886667,1.520000
0.626627,1.833333,1.513333
0.627029,1.833333,1.520000
0.627430,1.780000,1.480000
0.627832,1.913333,1.473333
0.628234,1.826667,1.466667
0.628637,1.826667,1.453333
0.629038,1.793333,1.440000
0.629439,1.733333,1.540000
0.629840,1.860000,1.446667
0.630242,1.733333,1.480000
0.630644,1.680000,1.393333
0.631045,1.726667,1.386667
0.631446,1.706667,1.326667
0.631848,1.666667,1.353333
0.632250,1.653333,1.306667
0.632651,1.660000,1.326667
0.633052,1.633333,1.293333
0.633453,1.633333,1.293333
0.633854,1.606667,1.306667
0.634255,1.586667,1.266667
0.634656,1.606667,1.280000
0.635058,1.520000,1.160000
0.635459,1.560000,1.300000
0.635860,1.406667,1.160000
0.636261,1.513333,1.140000
0.636662,1.533333,1.300000
0.637064,1.473333,1.206667
0.637466,1.506667,1.206667
0.637868,1.620000,1.153333
0.638269,1.480000,1.160000
0.638671,1.440000,1.153333
0.639072,1.486667,1.173333
0.639475,1.446667,1.140000
0.639876,1.420000,1.140000
0.640277,1.426667,1.146667
0.640678,1.433333,1.126667
0.641079,1.380000,1.126667
0.641480,1.386667,1.066667
0.641881,1.360000,1.066667
0.642283,1.373333,1.073333
0.642684,1.340000,1.040000
0.643085,1.340000,1.033333
0.643486,1.413333,1.040000
0.643887,1.300000,1.033333
0.644288,1.300000,1.020000
0.644689,1.286667,1.020000
0.645091,1.273333,0.973333
0.645494,1.266667,1.026667
0.645895,1.240000,1.000000
0.646297,1.300000,0.946667
0.646698,1.220000,0.946667
0.647101,1.200000,0.946667
0.647504,1.180000,0.946667
0.647909,1.206667,0.946667
0.648310,1.206667,0.946667
0.648711,1.200000,0.946667
0.649113,1.193333,0.946667
0.649515,1.160000,0.946667
0.649916,1.180000,0.946667
0.650319,1.133333,0.946667
0.650720,1.140000,0.946667
0.651122,1.126667,0.946667
0.651523,1.113333,0.946667
0.651924,1.073333,0.946667
0.652325,1.106667,0.946667
0.652727,1.093333,0.946667
0.653129,1.186667,0.946667
0.653530,1.053333,0.946667
0.653931,1.040000,0.946667
0.654332,1.033333,0.946667
0.654733,0.980000,0.946667
0.655134,0.993333,0.946667
0.655535,1.033333,0.946667
0.655936,1.040000,0.946667
0.656337,0.986667,0.946667
0.656738,0.973333,0.946667
0.657140,0.966667,0.946667
0.657542,0.973333,0.946667
0.657943,0.960000,0.946667
0.658346,0.946667,0.946667
0.658748,0.946667,0.946667
0.659149,0.946667,0.946667
0.659550,0.946667,0.946667
0.659951,0.946667,0.946667
0.660353,0.946667,0.946667
0.660754,0.946667,0.946667
0.661156,0.946667,0.946667
0.661559,0.946667,0.946667
0.661960,0.946667,0.946667
0.662362,0.953333,0.946667
0.662763,0.946667,0.946667
0.663165,0.946667,0.946667
0.663566,0.946667,0.946667
0.663968,0.946667,0.946667
0.664371,0.946667,0.946667
0.664773,0.946667,0.946667
0.665175,0.946667,0.946667
0.665576,0.946667,0.946667
0.665977,0.946667,0.946667
0.666378,0.946667,0.946667
0.666780,0.946667,0.946667
0.667181,0.946667,0.946667
0.667582,0.946667,0.946667
0.667983,0.946667,0.946667
0.668384,0.946667,0.946667
0.668786,0.946667,0.946667
0.669187,0.946667,0.946667
0.669589,0.946667,0.946667
0.669990,0.946667,0.946667
0.670392,0.946667,0.946667
0.670794,0.946667,0.946667
0.671196,0.946667,0.946667
0.671597,0.946667,0.946667
0.671998,0.946667,0.946667
0.672399,0.946667,0.946667
0.672800,0.946667,0.946667
0.673202,0.946667,0.946667
0.673603,0.946667,0.946667
0.674004,0.946667,0.946667
0.674405,0.946667,0.946667
0.674806,0.946667,0.946667
0.675207,0.946667,0.946667
0.675608,0.946667,0.946667
0.676010,0.946667,0.946667
0.676411,0.946667,0.946667
0.676813,0.946667,0.946667
0.677214,0.946667,0.946667
0.677615,0.946667,0.946667
0.678017,0.946667,0.946667
0.678418,0.946667,0.946667
0.678820,0.946667,0.946667
0.679221,0.946667,0.946667
0.679622,0.946667,0.946667
0.680024,0.946667,0.946667
0.680425,0.946667,0.946667
0.680826,0.946667,0.946667
0.681227,0.946667,0.946667
0.681628,0.946667,0.946667
0.682030,0.946667,0.946667
0.682432,0.946667,0.946667
0.682833,0.946667,0.946667
0.683234,0.946667,0.946667
0.683636,0.946667,0.946667
0.684038,0.946667,0.946667
0.684439,0.946667,0.946667
0.684840,0.946667,0.946667
0.685241,0.946667,0.946667
0.685642,0.946667,0.946667
0.686043,0.946667,0.946667
0.686444,0.946667,0.946667
0.686845,0.946667,0.946667
0.687247,0.946667,0.946667
0.687648,0.946667,0.946667
0.688050,0.946667,0.946667
0.688451,0.946667,0.946667
0.688852,0.946667,0.946667
0.689253,0.946667,0.946667
0.689654,0.946667,0.946667
0.690056,0.946667,0.946667
0.690457,0.946667,0.946667
0.690859,0.946667,0.946667
0.691260,0.946667,0.946667
0.691663,0.946667,0.946667
0.692065,0.946667,0.946667
0.692466,0.946667,0.946667
0.692867,0.946667,0.946667
0.693269,0.946667,0.946667
0.693670,0.946667,0.946667
0.694071,0.946667,0.946667
0.694474,0.946667,0.946667
0.694875,0.946667,0.946667
0.695277,0.946667,0.946667
0.695678,0.946667,0.946667
0.696079,0.946667,0.946667
0.696480,0.946667,0.946667
0.696882,0.946667,0.946667
0.697284,0.946667,0.946667
0.697686,0.946667,0.946667
0.698087,0.946667,0.946667
0.698489,0.946667,0.946667
0.698890,0.946667,0.946667
0.699291,0.946667,0.946667
0.699692,0.946667,0.946667
0.700094,0.946667,0.946667
0.700495,0.946667,0.946667
0.700897,0.946667,0.946667
0.701298,0.946667,0.946667
0.701699,0.946667,0.946667
0.702100,0.946667,0.946667
0.702501,0.946667,0.946667
0.702903,0.946667,0.946667
0.703304,0.946667,0.946667
0.703705,0.946667,0.946667
0.704106,0.946667,0.946667
0.704509,0.946667,0.946667
0.704911,0.946667,0.946667
0.705313,0.946667,0.946667
0.705715,0.946667,0.946667
0.706117,0.946667,0.946667
0.706518,0.946667,0.946667
0.706919,0.946667,0.946667
0.707321,0.946667,0.946667
0.707724,0.946667,0.946667
0.708125,0.946667,0.946667
0.708526,0.946667,0.946667
0.708928,0.946667,0.946667
0.709329,0.946667,0.946667
0.709732,0.946667,0.946667
0.710134,0.946667,0.946667
0.710535,0.946667,0.946667
0.710936,0.946667,0.946667
0.711337,0.946667,0.946667
0.711738,0.946667,0.946667
0.712139,0.946667,0.946667
0.712540,0.946667,0.946667
0.712942,0.946667,0.946667
0.713343,0.946667,0.946667
0.713744,0.946667,0.946667
0.714145,0.946667,0.946667
0.714546,0.946667,0.946667
0.714948,0.946667,0.946667
0.715349,0.946667,0.946667
0.715751,0.946667,0.946667
0.716152,0.946667,0.946667
0.716554,0.946667,0.946667
0.716956,0.946667,0.946667
0.717357,0.946667,0.946667
0.717759,0.946667,0.946667
0.718160,0.946667,0.946667
0.718563,0.946667,0.946667
0.718965,0.946667,0.946667
0.719366,0.946667,0.946667
0.719767,0.946667,0.946667
0.720168,0.946667,0.946667
0.720569,0.946667,0.946667
0.720970,0.946667,0.946667
0.721371,0.946667,0.946667
0.721773,0.946667,0.946667
0.722175,0.946667,0.946667
0.722576,0.946667,0.946667
0.722977,0.946667,0.946667
0.723378,0.946667,0.946667
0.723779,0.946667,0.946667
0.724181,0.946667,0.946667
0.724582,0.946667,0.946667
0.724983,0.946667,0.946667
0.725384,0.946667,0.946667
0.725785,0.946667,0.946667
0.726186,0.946667,0.946667
0.726587,0.946667,0.946667
0.726989,0.946667,0.946667
0.727390,0.946667,0.946667
0.727792,0.946667,0.946667
0.728194,0.946667,0.946667
0.728595,0.946667,0.946667
0.728996,0.946667,0.946667
0.729397,0.946667,0.946667
0.729799,0.946667,0.946667
0.730201,0.946667,0.946667
0.730602,0.946667,0.946667
0.731003,0.946667,0.946667
0.731404,0.946667,0.946667
0.731805,0.946667,0.946667
0.732206,0.946667,0.946667
0.732607,0.946667,0.946667
0.733009,0.946667,0.946667
0.733411,0.946667,0.946667
0.733812,0.946667,0.946667
0.734214,0.946667,0.946667
0.734615,0.946667,0.946667
0.735017,0.946667,0.946667
0.735418,0.946667,0.946667
0.735820,0.946667,0.946667
0.736221,0.946667,0.946667
0.736622,0.946667,0.946667
0.737025,0.946667,0.946667
0.737426,0.946667,0.946667
0.737827,0.946667,0.946667
0.738229,0.946667,0.946667
0.738630,0.946667,0.946667
0.739032,0.946667,0.946667
0.739434,0.946667,0.946667
0.739835,0.946667,0.946667
0.740237,0.946667,0.946667
0.740638,0.946667,0.946667
0.741039,0.946667,0.946667
0.741440,0.946667,0.946667
0.741841,0.946667,0.946667
0.742243,0.946667,0.946667
0.742644,0.946667,0.946667
0.743045,0.946667,0.946667
0.743447,0.946667,0.946667
0.743849,0.946667,0.946667
0.744251,0.946667,0.946667
0.744652,0.946667,0.946667
0.745054,0.946667,0.946667
0.745455,0.946667,0.946667
0.745856,0.946667,0.946667
0.746259,0.946667,0.946667
0.746660,0.946667,0.946667
0.747062,0.946667,0.946667
0.747465,0.946667,0.946667
0.747867,0.946667,0.946667
0.748269,0.946667,0.946667
0.748670,0.946667,0.946667
0.749071,0.946667,0.946667
0.749473,0.946667,0.946667
0.749874,0.946667,0.946667
0.750276,0.946667,0.946667
0.750677,0.946667,0.946667
0.751078,0.946667,0.946667
0.751481,0.946667,0.946667
0.751882,0.946667,0.946667
0.752283,0.946667,0.946667
0.752686,0.946667,0.946667
0.753088,0.946667,0.946667
0.753489,0.946667,0.946667
0.753890,0.946667,0.946667
0.754291,0.946667,0.946667
0.754694,0.946667,0.946667
0.755096,0.946667,0.946667
0.755497,0.946667,0.946667
0.755898,0.946667,0.946667
0.756300,0.946667,0.946667
0.756701,0.946667,0.946667
0.757103,0.946667,0.946667
0.757504,0.946667,0.946667
0.757909,0.946667,0.946667
0.758311,0.946667,0.946667
0.758714,0.946667,0.946667
0.759116,0.946667,0.946667
0.759519,0.946667,0.946667
0.759921,0.946667,0.946667
0.760322,0.946667,0.946667
0.760723,0.946667,0.946667
0.761124,0.946667,0.946667
0.761526,0.946667,0.946667
0.761928,0.946667,0.946667
0.762329,0.946667,0.946667
0.762730,0.946667,0.946667
0.763132,0.946667,0.946667
0.763533,0.946667,0.946667
0.763935,0.946667,0.946667
0.764336,0.946667,0.946667
0.764737,0.946667,0.946667
0.765138,0.946667,0.946667
0.765539,0.946667,0.946667
0.765941,0.946667,0.946667
0.766342,0.946667,0.946667
0.766744,0.946667,0.946667
0.767145,0.946667,0.946667
0.767546,0.946667,0.946667
0.767948,0.946667,0.946667
0.768349,0.946667,0.946667
0.768751,0.946667,0.946667
0.769152,0.946667,0.946667
0.769554,0.946667,0.946667
0.769955,0.946667,0.946667
0.770356,0.946667,0.946667
0.770757,0.946667,0.946667
0.771158,0.946667,0.946667
0.771560,0.946667,0.946667
0.771962,0.946667,0.946667
0.772363,0.946667,0.946667
0.772764,0.946667,0.946667
0.773165,0.946667,0.946667
0.773566,0.946667,0.946667
0.773968,0.946667,0.946667
0.774369,0.946667,0.946667
0.774770,0.946667,0.946667
0.775172,0.946667,0.946667
0.775573,0.946667,0.946667
0.775975,0.946667,0.946667
0.776376,0.946667,0.946667
0.776778,0.946667,0.946667
0.777180,0.946667,0.946667
0.777581,0.946667,0.946667
0.777983,0.946667,0.946667
0.778384,0.946667,0.946667
0.778786,0.946667,0.946667
0.779187,0.946667,0.946667
0.779589,0.946667,0.946667
0.779990,0.946667,0.946667
0.780391,0.946667,0.946667
0.780793,0.946667,0.946667
0.781195,0.953333,0.946667
0.781596,0.986667,0.946667
0.781997,1.093333,0.946667
0.782400,0.986667,0.946667
0.782801,1.000000,0.946667
0.783203,0.986667,0.946667
0.783604,1.013333,0.946667
0.784005,1.020000,0.946667
0.784406,1.066667,0.946667
0.784808,1.013333,0.946667
0.785210,1.000000,0.946667
0.785611,1.040000,0.946667
0.786012,1.060000,0.946667
0.786413,1.046667,0.946667
0.786815,1.100000,0.946667
0.787216,1.066667,0.946667
0.787617,1.100000,0.946667
0.788019,1.133333,0.946667
0.788420,1.066667,0.973333
0.788822,1.133333,0.946667
0.789223,1.140000,0.946667
0.789624,1.146667,0.946667
0.790026,1.173333,0.946667
0.790428,1.193333,0.946667
0.790829,1.160000,0.946667
0.791230,1.200000,0.946667
0.791631,1.206667,0.946667
0.792032,1.193333,0.953333
0.792433,1.213333,0.946667
0.792835,1.213333,0.973333
0.793236,1.326667,1.006667
0.793637,1.280000,0.986667
0.794038,1.280000,1.053333
0.794439,1.266667,1.020000
0.794840,1.300000,1.466667
0.795241,1.300000,0.993333
0.795642,1.306667,1.386667
0.796043,1.340000,1.166667
0.796444,1.306667,1.020000
0.796846,1.360000,1.093333
0.797248,1.360000,1.006667
0.797649,1.373333,1.073333
0.798051,1.386667,1.073333
0.798453,1.393333,1.093333
0.798854,1.406667,1.120000
0.799256,1.420000,1.153333
0.799657,1.453333,1.133333
0.800058,1.426667,1.106667
0.800459,1.486667,1.153333
0.800860,1.460000,1.206667
0.801261,1.526667,1.300000
0.801663,1.466667,1.173333
0.802064,1.500000,1.173333
0.802465,1.506667,1.206667
0.802867,1.440000,1.286667
0.803269,1.520000,1.233333
0.803670,1.553333,1.246667
0.804071,1.720000,1.300000
0.804472,1.593333,1.266667
0.804874,1.586667,1.300000
0.805276,1.646667,1.293333
0.805678,1.680000,1.266667
0.806079,1.620000,1.300000
0.806480,1.640000,1.300000
0.806881,1.653333,1.326667
0.807282,1.626667,1.326667
0.807685,1.660000,1.386667
0.808086,1.686667,1.373333
0.808487,1.673333,1.413333
0.808889,1.726667,1.366667
0.809291,1.726667,1.360000
0.809694,1.740000,1.393333
0.810095,1.733333,1.413333
0.810496,1.780000,1.440000
0.810897,1.773333,1.453333
0.811298,1.800000,1.420000
0.811701,1.906667,1.440000
0.812103,1.820000,1.486667
0.812506,1.900000,1.546667
0.812908,1.833333,1.560000
0.813309,1.880000,1.553333
0.813710,1.860000,1.560000
0.814112,1.893333,1.546667
0.814513,1.906667,1.580000
0.814915,1.906667,1.546667
0.815316,1.913333,1.526667
0.815717,1.953333,1.600000
0.816118,1.926667,1.653333
0.816519,1.980000,1.633333
0.816921,1.960000,1.646667
0.817322,2.000000,1.673333
0.817723,2.013333,1.660000
0.818124,2.026667,1.680000
0.818527,2.013333,1.673333
0.818929,2.046667,1.733333
0.819331,2.100000,1.726667
0.819732,2.000000,1.586667
0.820134,2.086667,1.733333
0.820537,2.113333,1.753333
0.820938,2.126667,1.753333
0.821340,2.133333,1.666667
0.821742,2.260000,1.733333
0.822144,2.180000,1.846667
0.822545,2.206667,1.826667
0.822947,2.240000,1.826667
0.823349,2.206667,1.840000
0.823750,2.240000,1.860000
0.824151,2.253333,1.833333
0.824552,2.260000,1.893333
0.824954,2.266667,1.900000
0.825355,2.286667,1.900000
0.825756,2.260000,1.960000
0.826158,2.280000,1.946667
0.826559,2.320000,1.940000
0.826961,2.346667,2.000000
0.827362,2.273333,1.933333
0.827763,2.393333,2.013333
0.828165,2.406667,2.033333
0.828566,2.420000,2.186667
0.828968,2.446667,1.973333
0.829370,2.480000,2.066667
0.829771,2.453333,1.926667
0.830173,2.413333,2.080000
0.830575,2.500000,2.000000
0.830977,2.500000,2.126667
0.831378,2.540000,2.153333
0.831779,2.566667,2.173333
0.832180,2.580000,2.160000
0.832581,2.580000,2.160000
0.832983,2.613333,2.220000
0.833384,2.580000,2.206667
0.833785,2.646667,2.226666
0.834186,2.626667,2.200000
0.834587,2.613333,2.246667
0.834989,2.693333,2.260000
0.835390,2.693333,2.266667
0.835792,2.720000,2.246667
0.836194,2.686666,2.300000
0.836596,2.646667,2.293333
0.836997,2.766667,2.380000
0.837398,2.686666,2.413333
0.837799,2.773333,2.680000
0.838200,2.813333,2.393333
0.838601,2.960000,2.433333
0.839003,2.853333,2.433333
0.839404,2.873333,2.433333
0.839806,2.880000,2.460000
0.840207,2.893333,2.493333
0.840608,2.880000,2.493333
0.841010,2.926667,2.520000
0.841411,2.940000,2.533333
0.841813,2.960000,2.533333
0.842214,2.973333,2.493333
0.842615,2.986667,2.593333
0.843017,3.000000,2.606667
0.843418,2.966666,2.626667
0.843819,3.020000,2.613333
0.844220,3.053333,2.606667
0.844623,3.086667,2.633333
0.845024,3.113333,2.660000
0.845427,3.120000,2.666667
0.845828,3.133333,2.660000
0.846229,3.106667,2.733333
0.846630,3.253333,2.733333
0.847031,3.246666,2.733333
0.847432,3.186666,2.786667
0.847834,3.220000,2.780000
0.848235,3.233333,2.793333
0.848638,3.266667,2.813333
0.849039,3.273333,2.780000
0.849440,3.313333,2.813333
0.849841,3.306667,2.753333
0.850243,3.313333,2.633333
0.850644,3.333333,2.873333
0.851046,3.366667,2.793333
0.851447,3.346666,2.946667
0.851849,3.393333,2.946667
0.852250,3.426666,2.960000
0.852651,3.426666,2.960000
0.853053,3.460000,2.973333
0.853454,3.486667,2.926667
0.853855,3.466666,3.053333
0.854256,3.486667,3.040000
0.854659,3.460000,3.073333
0.855060,3.553333,3.166667
0.855461,3.513333,3.086667
0.855863,3.500000,3.120000
0.856265,3.620000,3.133333
0.856666,3.626667,3.133333
0.857069,3.646667,3.173333
0.857470,3.660000,3.166667
0.857872,3.660000,3.166667
0.858273,3.700000,3.206667
0.858676,3.713333,3.226667
0.859078,3.720000,3.226667
0.859479,3.786667,3.280000
0.859881,3.780000,3.260000
0.860282,3.786667,3.286667
0.860684,3.840000,3.393333
0.861085,3.853333,3.326667
0.861486,3.866667,3.346666
0.861887,3.893333,3.440000
0.862289,3.966667,3.380000
0.862690,3.966667,3.440000
0.863091,4.060000,3.393333
0.863492,3.980000,3.433333
0.863894,3.840000,3.480000
0.864296,4.013333,3.486667
0.864698,3.993333,3.513333
0.865100,4.053333,3.520000
0.865501,4.066667,3.560000
0.865903,4.093333,3.560000
0.866304,4.120000,3.553333
0.866705,4.060000,3.600000
0.867106,4.166667,3.633333
0.867507,4.213334,3.546667
0.867909,4.186666,3.633333
0.868310,4.200000,3.666667
0.868712,4.213334,3.660000
0.869113,4.253333,3.653333
0.869514,4.273333,3.746666
0.869915,4.286666,3.673333
0.870316,4.326666,3.746666
0.870719,4.360000,3.726667
0.871121,4.446667,3.833333
0.871522,4.340000,3.720000
0.871923,4.460000,3.853333
0.872324,4.393333,3.906667
0.872725,4.426666,3.906667
0.873126,4.460000,3.906667
0.873527,4.473333,3.926666
0.873929,4.486666,3.986666
0.874330,4.506667,4.006667
0.874731,4.526667,3.960000
0.875132,4.553333,4.020000
0.875535,4.553333,4.026666
0.875936,4.613333,4.040000
0.876337,4.613333,3.913333
0.876738,4.586667,4.100000
0.877139,4.660000,4.080000
0.877542,4.673333,4.080000
0.877943,4.700000,4.153333
0.878344,4.706666,4.173333
0.878745,4.733333,4.180000
0.879147,4.966667,4.226666
0.879549,4.780000,4.240000
0.879950,4.800000,4.240000
0.880351,4.820000,4.186666
0.880753,4.853333,4.286666
0.881155,4.880000,4.300000
0.881556,4.880000,4.306667
0.881957,5.033333,4.346667
0.882358,4.933333,4.260000
0.882759,4.940000,4.360000
0.883160,4.960000,4.393333
0.883561,4.933333,4.420000
0.883963,4.986667,4.380000
0.884364,5.033333,4.440000
0.884766,5.053333,4.480000
0.885167,5.060000,4.440000
0.885568,5.053333,4.540000
0.885969,5.113333,4.540000
0.886370,5.120000,4.553333
0.886772,5.140000,4.520000
0.887173,5.160000,4.553333
0.887575,5.173333,4.620000
0.887976,5.226666,4.626667
0.888378,5.226666,4.700000
0.888780,5.346666,4.680000
0.889182,5.300000,4.720000
0.889583,5.306666,4.713333
0.889984,5.380000,4.713333
0.890387,5.366667,4.780000
0.890788,5.400000,4.713333
0.891189,5.406666,4.786666
0.891590,5.420000,4.820000
0.891991,5.420000,4.813333
0.892392,5.453333,4.833333
0.892793,5.480000,4.873333
0.893195,5.500000,5.006667
0.893596,5.513333,4.893333
0.893997,5.553333,4.860000
0.894398,5.573333,4.880000
0.894799,5.580000,4.880000
0.895200,5.593333,5.040000
0.895601,5.640000,5.140000
0.896003,5.566667,5.060000
0.896404,5.666667,5.100000
0.896805,5.760000,5.060000
0.897206,5.686666,5.126667
0.897607,5.760000,5.113333
0.898010,5.773333,5.180000
0.898411,5.800000,5.120000
0.898813,5.793334,5.180000
0.899215,5.846666,5.226666
0.899616,5.873333,5.186666
0.900017,5.866666,5.066667
0.900418,5.913333,5.253333
0.900820,5.926667,5.246666
0.901221,5.866666,5.300000
0.901622,5.940000,5.333333
0.902023,5.980000,5.340000
0.902424,6.026667,5.400000
0.902826,6.033333,5.393333
0.903227,6.086667,5.426667
0.903630,6.113333,5.413333
0.904031,6.126667,5.460000
0.904432,6.173333,5.486667
0.904834,6.260000,5.506666
0.905236,6.180000,5.486667
0.905637,6.273333,5.526667
0.906039,6.233333,5.560000
0.906440,6.266666,5.586667
0.906842,6.266666,5.646667
0.907243,6.293333,5.580000
0.907645,6.300000,5.626667
0.908046,6.326666,5.653333
0.908449,6.366666,5.700000
0.908851,6.446667,5.753333
0.909253,6.426666,5.733333
0.909654,6.440000,5.760000
0.910057,6.600000,5.773333
0.910458,6.573333,5.826667
0.910860,6.713333,5.826667
0.911261,6.513333,5.840000
0.911662,6.633333,5.886667
0.912064,6.580000,5.886667
0.912465,6.653333,5.906666
0.912867,6.660000,5.966666
0.913268,6.673334,5.906666
0.913669,6.713333,6.020000
0.914071,6.720000,5.920000
0.914472,6.740000,6.013333
0.914874,6.786666,6.053333
0.915275,6.793334,6.033333
0.915677,6.860000,6.113333
0.916078,6.860000,6.113333
0.916481,6.860000,6.113333
0.916882,6.893333,6.166667
0.917283,6.866666,6.146667
0.917684,6.940000,6.166667
0.918086,6.953333,6.193333
0.918487,7.013333,6.240000
0.918888,7.000000,6.000000
0.919289,7.100000,6.280000
0.919692,7.073333,6.293333
0.920093,7.086666,6.353333
0.920495,7.133334,6.366666
0.920897,7.146667,6.433333
0.921298,7.173333,6.380000
0.921700,7.173333,6.513333
0.922102,7.206666,6.433333
0.922503,7.253334,6.466667
0.922908,7.260000,6.460000
0.923309,7.293333,6.500000
0.923710,7.313333,6.620000
0.924111,7.353333,6.546667
0.924512,7.346666,6.613333
0.924914,7.373333,6.586667
0.925316,7.400000,6.633333
0.925719,7.413333,6.653333
0.926120,7.446666,6.713333
0.926521,7.440000,6.733333
0.926922,7.460000,6.760000
0.927323,7.533333,6.740000
0.927724,7.526666,6.773334
0.928125,7.566667,6.800000
0.928526,7.593334,6.813333
0.928928,7.493333,6.880000
0.929330,7.686666,6.906667
0.929731,7.666667,6.840000
0.930132,7.693334,6.900000
0.930535,7.693334,6.973333
0.930936,7.720000,6.973333
0.931337,7.760000,6.993333
0.931738,7.793334,6.986666
0.932141,7.813334,7.060000
0.932543,7.853333,7.093333
0.932944,7.920000,7.080000
0.933345,7.900000,7.106667
0.933746,7.860000,7.106667
0.934148,7.986666,7.193333
0.934550,7.973333,7.173333
0.934951,7.986666,7.200000
0.935353,8.013333,7.060000
0.935755,8.040000,7.286667
0.936157,7.966667,7.233334
0.936558,8.179999,7.286667
0.936960,8.073333,7.253334
0.937361,8.240000,7.333333
0.937762,8.306666,7.386667
0.938163,8.193333,7.380000
0.938564,8.213333,7.413333
0.938965,8.213333,7.440000
0.939368,8.259999,7.400000
0.939770,8.293333,7.493333
0.940176,8.320000,7.493333
0.940577,8.340000,7.513333
0.940980,8.360000,7.513333
0.941382,8.373333,7.586667
0.941784,8.379999,7.566667
0.942186,8.426667,7.606667
0.942587,8.466666,7.679999
0.942990,8.486667,7.600000
0.943391,8.493334,7.679999
0.943793,8.546666,7.726667
0.944194,8.546666,7.686666
0.944597,8.553333,7.746666
0.944998,8.599999,7.753333
0.945399,8.646667,7.760000
0.945800,8.660000,7.920000
0.946202,8.700000,7.846667
0.946603,8.726666,7.860000
0.947004,8.719999,7.900000
0.947405,8.740000,7.913333
0.947806,8.786666,7.940000
0.948208,8.806666,7.953333
0.948610,8.813334,7.960000
0.949012,8.866667,8.026667
0.949413,8.926666,8.006666
0.949814,8.913333,8.040000
0.950216,8.913333,8.086667
0.950617,8.920000,8.000000
0.951018,8.946667,8.206666
0.951420,9.026667,8.179999
0.951821,9.039999,8.179999
0.952222,9.086667,8.246666
0.952623,9.140000,8.206666
0.953024,9.093333,8.006666
0.953427,9.120000,8.273334
0.953828,9.220000,8.273334
0.954229,9.153334,8.366667
0.954630,9.226666,8.379999
0.955032,9.206667,8.373333
0.955435,9.153334,8.366667
0.955836,9.280000,8.426667
0.956238,9.313333,8.446666
0.956639,9.326667,8.453333
0.957040,9.346666,8.460000
0.957442,9.346666,8.486667
0.957845,9.393333,8.546666
0.958246,9.493333,8.533333
0.958647,9.406667,8.586666
0.959048,9.566666,8.573333
0.959449,9.533333,8.606667
0.959850,9.553333,8.579999
0.960252,9.606667,8.693334
0.960653,9.606667,8.673333
0.961055,9.660000,8.726666
0.961457,9.673333,8.746667
0.961859,9.620000,8.733333
0.962260,9.773333,8.793333
0.962661,9.726666,8.726666
0.963063,9.719999,8.813334
0.963466,9.753333,8.853333
0.963867,9.793333,8.893333
0.964268,9.813334,8.793333
0.964669,9.853333,8.913333
0.965070,9.880000,8.946667
0.965471,9.920000,8.973332
0.965872,9.926666,9.000000
0.966273,9.986667,9.020000
0.966674,9.966666,9.033333
0.967076,10.006667,9.066667
0.967477,10.046666,9.086667
0.967878,9.980000,9.106667
0.968279,10.106667,9.146667
0.968680,10.106667,9.140000
0.969081,10.133333,9.220000
0.969483,10.286666,9.266666
0.969884,10.173333,9.213333
0.970286,10.219999,9.280000
0.970689,10.219999,9.253333
0.971091,10.273334,9.273334
0.971492,10.293333,9.220000
0.971894,10.226666,9.346666
0.972295,10.360000,9.346666
0.972698,10.353333,9.346666
0.973099,10.373333,9.266666
0.973500,10.419999,9.453333
0.973901,10.406667,9.526667
0.974303,10.480000,9.520000
0.974704,10.493333,9.540000
0.975105,10.540000,9.580000
0.975507,10.573333,9.613334
0.975909,10.580000,9.566666
0.976310,10.593333,9.613334
0.976713,10.613333,9.633333
0.977115,10.660000,9.680000
0.977516,10.693333,9.686666
0.977919,10.660000,9.713333
0.978322,10.720000,9.740000
0.978724,10.793333,9.613334
0.979126,10.806666,9.673333
0.979528,10.833333,9.759999
0.979930,10.833333,9.813334
0.980331,10.820000,9.893332
0.980734,10.820000,9.913333
0.981137,10.873333,9.906666
0.981538,10.920000,9.959999
0.981940,10.960000,10.006667
0.982341,10.946666,9.966666
0.982742,11.020000,9.986667
0.983144,11.033333,10.046666
0.983545,11.053333,10.026666
0.983947,11.139999,10.080000
0.984349,11.079999,10.133333
0.984751,11.099999,10.133333
0.985152,11.193334,10.160000
0.985554,11.139999,10.160000
0.985955,11.160000,10.193334
0.986356,11.219999,10.213333
0.986758,11.233333,10.179999
0.987159,11.280000,10.233333
0.987560,11.286666,10.226666
0.987963,11.339999,10.293333
0.988364,11.326667,10.353333
0.988765,11.406666,10.353333
0.989167,11.373333,10.320000
0.989570,11.426666,10.400000
0.989971,11.446667,10.440000
0.990372,11.440000,10.460000
0.990773,11.520000,10.493333
0.991175,11.513333,10.473333
0.991578,11.539999,10.500000
0.991981,11.513333,10.620000
0.992382,11.599999,10.533334
0.992784,11.606667,10.586667
0.993185,11.640000,10.606667
0.993586,11.673333,10.639999
0.993988,11.693333,10.720000
0.994389,11.673333,10.673333
0.994790,11.753333,10.686666
0.995191,11.786667,10.746666
0.995592,11.733333,10.780000
0.995994,11.766666,10.800000
0.996395,11.780000,10.773334
0.996796,11.813333,10.806666
0.997197,11.846666,10.846666
0.997598,11.906667,10.840000
0.997999,11.946667,10.866667
0.998402,11.960000,10.879999
0.998805,11.960000,10.940000
0.999206,11.986667,10.926667
0.999607,12.020000,10.940000
1.000009,12.040000,11.020000
1.000411,12.086666,11.020000
1.000812,12.193333,11.020000
1.001213,12.133333,11.020000
1.001615,12.173333,11.020000
1.002016,12.226666,11.060000
1.002419,12.160000,10.879999
1.002821,12.233334,11.133333
1.003223,12.280000,11.193334
1.003624,12.313334,11.193334
1.004025,12.280000,11.233333
1.004426,12.333333,11.253333
1.004827,12.400000,11.180000
1.005229,12.320000,11.300000
1.005630,12.420000,11.360000
1.006031,12.420000,11.300000
1.006433,12.466666,11.380000
1.006834,12.533333,11.366667
1.007235,12.533333,11.366667
1.007636,12.553333,11.446667
1.008038,12.593333,11.539999
1.008441,12.620000,11.480000
1.008842,12.626667,11.480000
1.009244,12.640000,11.506666
1.009645,12.586666,11.580000
1.010047,12.660000,11.559999
1.010448,12.686666,11.666666
1.010850,12.733333,11.613333
1.011251,12.746666,11.506666
1.011652,12.793333,11.666666
1.012053,12.853333,11.666666
1.012455,12.860000,11.720000
1.012856,12.900000,11.720000
1.013258,12.906667,11.726666
1.013659,12.940000,11.799999
1.014061,12.919999,11.773334
1.014463,12.853333,11.806666
1.014864,12.960000,11.820000
1.015265,13.026667,11.866666
1.015666,13.046666,11.893333
1.016068,13.000000,11.920000
1.016469,13.073333,11.906667
1.016871,13.106667,11.940000
1.017273,13.113333,11.953333
1.017674,13.139999,11.966666
1.018076,13.139999,12.006666
1.018477,13.179999,12.033333
1.018878,13.166667,12.066666
1.019280,13.240000,12.100000
1.019682,13.259999,12.086666
1.020083,13.246666,12.126666
1.020484,13.306666,12.126666
1.020885,13.293333,12.153333
1.021287,13.413334,12.306666
1.021688,13.266666,12.240000
1.022090,13.426666,12.226666
1.022492,13.426666,12.293333
1.022894,13.466666,12.273333
1.023295,13.460000,12.339999
1.023697,13.539999,12.366667
1.024100,13.513332,12.386666
1.024502,13.546667,12.353333
1.024903,13.559999,12.459999
1.025304,13.599999,12.386666
1.025707,13.613334,12.426666
1.026109,13.620000,12.473333
1.026511,13.646666,12.493333
1.026913,13.700000,12.500000
1.027314,13.706666,12.673333
1.027715,13.713332,12.580000
1.028116,13.753333,12.613333
1.028517,13.766666,12.593333
1.028918,13.839999,12.620000
1.029320,13.820000,12.746666
1.029722,13.820000,12.673333
1.030124,13.813334,12.633333
1.030526,13.880000,12.706667
1.030928,13.799999,12.760000
1.031329,13.913332,12.766666
1.031730,13.960000,12.766666
1.032132,13.973332,12.766666
1.032533,14.013333,12.793333
1.032935,14.013333,12.826667
1.033336,14.053333,12.860000
1.033739,14.073334,12.906667
1.034140,14.153333,12.880000
1.034543,14.099999,12.753333
1.034945,14.160000,12.946667
1.035346,14.166666,12.973333
1.035747,14.193333,12.953333
1.036149,14.193333,13.013333
1.036550,14.246667,13.040000
1.036951,14.273334,13.033334
1.037352,14.246667,13.080000
1.037753,14.299999,13.160000
1.038155,14.333334,13.220000
1.038556,14.433332,13.133333
1.038957,14.346666,13.179999
1.039358,14.186666,13.200000
1.039759,14.393332,13.186666
1.040160,14.473333,13.240000
1.040562,14.446667,13.233334
1.040963,14.493333,13.259999
1.041366,14.506667,13.253333
1.041767,14.506667,13.320000
1.042168,14.526666,13.406666
1.042571,14.573334,13.333333
1.042972,14.600000,13.373333
1.043373,14.640000,13.373333
1.043774,14.640000,13.379999
1.044176,14.759999,13.420000
1.044577,14.679999,13.620000
1.044980,14.659999,13.486667
1.045381,14.726667,13.566667
1.045782,14.759999,13.506666
1.046184,14.759999,13.533333
1.046586,14.800000,13.559999
1.046988,14.826666,13.553333
1.047389,14.873333,13.646666
1.047791,14.873333,13.646666
1.048192,14.886666,13.646666
1.048593,14.913333,13.633333
1.048995,14.940000,13.686666
1.049396,14.946667,13.693333
1.049797,14.953333,13.700000
1.050198,14.953333,13.726666
1.050600,15.013333,13.806667
1.051002,15.100000,13.806667
1.051403,15.073333,13.813334
1.051804,15.106667,13.806667
1.052205,15.113333,13.833333
1.052606,15.153333,13.833333
1.053007,15.139999,13.893333
1.053409,15.213333,13.826666
1.053810,15.200000,13.960000
1.054211,15.233334,13.979999
1.054612,15.273333,13.986667
1.055014,15.286666,13.966666
1.055415,15.260000,14.080000
1.055816,15.333333,13.993333
1.056217,15.340000,14.026667
1.056618,15.373333,13.993333
1.057021,15.386667,13.999999
1.057422,15.473333,14.086666
1.057823,15.440000,14.099999
1.058224,15.446666,14.153333
1.058625,15.486666,14.160000
1.059028,15.553332,14.173332
1.059429,15.533333,14.186666
1.059830,15.506666,14.219999
1.060232,15.513332,14.173332
1.060633,15.733333,14.239999
1.061034,15.593333,14.253333
1.061436,15.660000,14.313334
1.061838,15.679999,14.340000
1.062240,15.773333,14.333334
1.062642,15.706666,14.353333
1.063044,15.733333,14.239999
1.063446,15.766666,14.393332
1.063847,15.760000,14.420000
1.064248,15.780001,14.420000
1.064649,15.806666,14.480000
1.065050,15.826667,14.540000
1.065451,15.833333,14.480000
1.065853,15.853333,14.513333
1.066254,15.886665,14.533334
1.066656,15.913334,14.533334
1.067058,15.920000,14.593332
1.067459,15.986667,14.520000
1.067861,15.946666,14.606667
1.068262,16.000000,14.620000
1.068663,16.000000,14.659999
1.069064,15.966666,14.626666
1.069465,16.059999,14.659999
1.069867,16.086666,14.659999
1.070269,16.093332,14.646667
1.070671,16.106665,14.726667
1.071073,16.099998,14.846666
1.071474,16.139999,14.759999
1.071875,16.126665,14.766665
1.072276,16.186666,14.813333
1.072677,16.219999,14.800000
1.073078,16.233332,14.793334
1.073479,16.273333,14.853333
1.073880,16.299999,14.873333
1.074282,16.273333,14.873333
1.074683,16.346666,14.933333
1.075084,16.313334,14.953333
1.075486,16.359999,14.940000
1.075887,16.386665,14.933333
1.076289,16.386665,14.953333
1.076692,16.413332,14.873333
1.077093,16.480000,14.953333
1.077496,16.393333,14.953333
1.077897,16.473333,15.119999
1.078299,16.526667,15.100000
1.078700,16.499998,15.106667
1.079102,16.539999,15.186667
1.079503,16.446667,15.119999
1.079909,16.559999,15.206666
1.080310,16.619999,15.213333
1.080711,16.613333,15.219999
1.081112,16.613333,15.253334
1.081514,16.660000,15.219999
1.081916,16.666666,15.240000
1.082317,16.713333,15.273333
1.082719,16.719999,15.340000
1.083121,16.753332,15.359999
1.083523,16.759998,15.333333
1.083924,16.759998,15.393333
1.084325,16.786665,15.393333
1.084726,16.773333,15.393333
1.085127,16.840000,15.446666
1.085528,16.826666,15.406667
1.085929,16.853334,15.426665
1.086330,16.866667,15.460000
1.086731,16.873333,15.493332
1.087132,17.006666,15.480000
1.087534,16.920000,15.520000
1.087935,16.920000,15.573333
1.088336,16.906666,15.560000
1.088737,16.946667,15.573333
1.089138,16.946667,15.586667
1.089539,16.946667,15.579999
1.089941,16.959999,15.579999
1.090342,17.006666,15.606667
1.090743,17.013332,15.660000
1.091144,17.039999,15.693334
1.091546,17.039999,15.673333
1.091948,16.973333,15.686666
1.092351,17.066666,15.720000
1.092752,17.100000,15.713334
1.093153,17.139999,15.753332
1.093554,17.073334,15.826667
1.093956,17.133333,15.793333
1.094357,17.120001,15.746666
1.094758,17.179998,15.813333
1.095159,17.199999,15.839999
1.095561,17.373333,15.853333
1.095962,17.206667,15.826667
1.096363,17.233334,15.893333
1.096764,17.333332,15.920000
1.097165,17.260000,15.913334
1.097566,17.286665,15.920000
1.097968,17.306665,15.920000
1.098370,17.320000,15.920000
1.098772,17.333332,15.960000
1.099173,17.419998,16.013332
1.099575,17.380001,16.039999
1.099976,17.380001,16.073334
1.100377,17.393333,16.066668
1.100778,17.400000,16.086666
1.101180,17.466665,16.080000
1.101582,17.419998,16.099998
1.101984,17.493334,16.099998
1.102386,17.473333,16.099998
1.102787,17.486666,15.713334
1.103188,17.459999,16.146666
1.103589,17.546665,16.160000
1.103990,17.486666,16.186666
1.104392,17.559999,16.173334
1.104794,17.586666,16.253332
1.105195,17.573332,16.259998
1.105596,17.553331,16.219999
1.105997,17.600000,16.273333
1.106399,17.653334,16.299999
1.106800,17.639999,16.440001
1.107202,17.653334,16.320000
1.107604,17.673332,16.320000
1.108005,17.679998,16.346666
1.108406,17.719999,16.359999
1.108807,17.746666,16.400000
1.109209,17.760000,16.433332
1.109611,17.733334,16.366665
1.110012,17.753334,16.433332
1.110414,17.793333,16.466667
1.110815,17.799999,16.466667
1.111216,17.813332,16.440001
1.111617,17.806665,16.499998
1.112018,17.833332,16.453333
1.112419,17.833332,16.499998
1.112820,17.853333,16.546667
1.113221,17.920000,16.586666
1.113622,17.893333,16.533333
1.114024,17.906668,16.619999
1.114425,17.900000,16.619999
1.114826,17.953333,16.619999
1.115227,17.939999,16.700001
1.115628,17.980000,16.653332
1.116030,17.986666,16.673332
1.116432,17.986666,16.680000
1.116833,18.006666,16.600000
1.117234,18.020000,16.706667
1.117635,18.046667,16.680000
1.118036,18.033333,16.733334
1.118438,18.026667,16.719999
1.118840,18.066666,16.806665
1.119242,18.066666,16.786665
1.119643,18.086666,16.826666
1.120044,18.020000,16.853334
1.120445,18.126667,16.793333
1.120846,18.079998,16.853334
1.121248,18.106667,16.886665
1.121649,18.180000,16.846666
1.122050,18.166666,16.866667
1.122451,18.180000,16.833334
1.122853,18.173334,16.866667
1.123255,18.206665,16.879999
1.123656,18.273333,16.906666
1.124058,18.240000,16.900000
1.124459,18.180000,16.900000
1.124861,18.219999,16.886665
1.125263,18.320000,16.906666
1.125664,18.273333,16.933332
1.126066,18.313334,16.900000
1.126468,18.299999,16.826666
1.126869,18.260000,17.013332
1.127270,18.320000,16.939999
1.127672,18.379999,16.959999
1.128073,18.446667,16.980000
1.128474,18.420000,17.013332
1.128876,18.379999,17.019999
1.129277,18.393333,17.026665
1.129678,18.520000,17.033333
1.130079,18.406666,17.093332
1.130481,18.433334,17.073334
1.130883,18.433334,17.039999
1.131284,18.446667,17.073334
1.131685,18.459999,17.080000
1.132086,18.473331,17.106667
1.132487,18.500000,17.039999
1.132888,18.493332,17.126667
1.133290,18.506666,17.106667
1.133692,18.520000,17.126667
1.134093,18.526667,17.139999
1.134495,18.513332,17.120001
1.134897,18.546667,17.146666
1.135299,18.566668,17.186666
1.135701,18.580000,17.206667
1.136103,18.593332,17.206667
1.136504,18.599998,17.213333
1.136909,18.599998,17.213333
1.137310,18.639999,17.246666
1.137711,18.619999,17.253334
1.138112,18.613333,17.253334
1.138513,18.653334,17.266666
1.138915,18.653334,17.266666
1.139316,18.660000,17.266666
1.139718,18.680000,17.326666
1.140119,18.666666,17.260000
1.140520,18.713333,17.313332
1.140922,18.740000,17.340000
1.141323,18.759998,17.333332
1.141724,18.753332,17.346666
1.142125,18.753332,17.320000
1.142527,18.766666,17.360001
1.142928,18.779999,17.413332
1.143329,18.779999,17.373333
1.143730,18.820000,17.406666
1.144132,18.793333,17.446667
1.144533,18.820000,17.426666
1.144935,18.873333,17.426666
1.145336,18.840000,17.433332
1.145737,18.846666,17.486666
1.146139,18.879999,17.406666
1.146540,18.733332,17.360001
1.146942,18.873333,17.459999
1.147343,18.886665,17.333332
1.147744,18.893333,17.480000
1.148146,18.893333,17.480000
1.148547,18.913332,17.500000
1.148949,18.926666,17.500000
1.149351,18.953333,17.539999
1.149752,18.973333,17.600000
1.150154,18.986666,17.600000
1.150555,18.940001,17.513334
1.150956,18.986666,17.533333
1.151358,18.986666,17.539999
1.151759,19.093334,17.613333
1.152161,19.006666,17.613333
1.152562,19.006666,17.619999
1.152963,19.053333,17.639999
1.153365,19.033333,17.686666
1.153766,19.046667,17.613333
1.154167,18.993332,17.726665
1.154569,19.019999,17.699999
1.154970,19.093334,17.639999
1.155371,19.086666,17.613333
1.155773,19.073334,17.673332
1.156175,19.113333,17.713333
1.156576,19.106667,17.673332
1.156977,19.113333,17.726665
1.157378,19.113333,17.673332
1.157779,19.139999,17.740000
1.158180,19.153332,17.726665
1.158582,19.186666,17.753334
1.158984,19.139999,17.746666
1.159386,19.139999,17.746666
1.159788,19.233334,17.746666
1.160189,19.213333,17.806665
1.160590,19.180000,17.753334
1.160991,19.219999,17.799999
1.161393,19.193333,17.799999
1.161794,19.279999,17.780001
1.162196,19.153332,17.859999
1.162597,19.259998,17.813332
1.162998,19.233334,17.826666
1.163399,19.253332,17.773333
1.163800,19.273333,17.840000
1.164201,19.273333,17.840000
1.164603,19.306665,17.859999
1.165004,19.273333,17.840000
1.165405,19.313334,17.886667
1.165806,19.306665,17.879999
1.166207,19.306665,17.879999
1.166608,19.340000,17.859999
1.167009,19.320000,17.873333
1.167411,19.333334,17.846666
1.167812,19.340000,17.893333
1.168214,19.326666,17.939999
1.168616,19.346666,17.906668
1.169017,19.360001,17.826666
1.169418,19.346666,17.893333
1.169819,19.373333,18.006666
1.170220,19.366667,17.920000
1.170621,19.400000,17.973333
1.171022,19.406666,17.933332
1.171423,19.366667,17.959999
1.171825,19.226667,17.939999
1.172226,19.420000,17.973333
1.172627,19.426666,17.980000
1.173028,19.406666,17.966665
1.173429,19.426666,17.993332
1.173831,19.439999,17.980000
1.174233,19.433332,17.993332
1.174634,19.500000,18.020000
1.175036,19.413332,17.986666
1.175437,19.453333,18.020000
1.175838,19.500000,17.980000
1.176239,19.506666,18.013332
1.176640,19.533333,18.033333
1.177042,19.519999,18.059999
1.177443,19.459999,18.046667
1.177845,19.480000,18.059999
1.178246,19.473333,18.040001
1.178648,19.500000,17.913334
1.179049,19.506666,18.139999
1.179451,19.539999,18.000000
1.179853,19.526665,18.059999
1.180254,19.480000,18.066666
1.180655,19.539999,18.106667
1.181057,19.546665,18.086666
1.181459,19.533333,18.079998
1.181861,19.566666,18.099998
1.182262,19.580000,18.099998
1.182663,19.566666,18.086666
1.183064,19.580000,18.059999
1.183465,19.606667,18.126667
1.183866,19.593332,18.113333
1.184267,19.620001,18.166666
1.184668,19.606667,18.126667
1.185070,19.593332,18.146666
1.185472,19.719999,18.146666
1.185874,19.639999,18.119999
1.186276,19.639999,18.160000
1.186678,19.633333,18.139999
1.187079,19.633333,18.139999
1.187481,19.679998,18.160000
1.187882,19.653332,18.193333
1.188283,19.653332,18.253332
1.188684,19.639999,18.199999
1.189085,19.666666,18.193333
1.189486,19.679998,18.186666
1.189887,19.666666,18.199999
1.190288,19.653332,18.193333
1.190689,19.666666,18.006666
1.191091,19.686666,18.233332
1.191492,19.686666,18.226665
1.191894,19.553333,18.186666
1.192295,19.699999,18.213333
1.192696,19.686666,18.199999
1.193097,19.740000,18.213333
1.193499,19.713333,18.219999
1.193900,19.699999,18.180000
1.194301,19.713333,18.199999
1.194702,19.713333,18.240000
1.195104,19.726667,18.213333
1.195506,19.693333,18.226665
1.195908,19.733334,18.286667
1.196309,19.693333,18.086666
1.196710,19.746666,18.186666
1.197112,19.733334,18.273333
1.197514,19.740000,18.246666
1.197915,19.746666,18.346666
1.198316,19.753334,18.273333
1.198717,19.760000,18.253332
1.199119,19.746666,18.273333
1.199520,19.726667,18.293333
1.199922,19.746666,18.273333
1.200324,19.746666,18.240000
1.200725,19.779999,18.273333
1.201127,19.786665,18.280001
1.201529,19.773333,18.273333
1.201930,19.779999,18.286667
1.202331,19.779999,18.286667
1.202733,19.793333,18.273333
1.203135,19.766666,18.286667
1.203536,19.766666,18.313334
1.203937,19.773333,18.286667
1.204338,19.806665,18.246666
1.204740,19.793333,18.199999
1.205142,19.779999,18.299999
1.205544,19.786665,18.240000
1.205945,19.793333,18.273333
1.206346,19.793333,18.280001
1.206748,19.779999,18.280001
1.207150,19.799999,18.286667
1.207552,19.806665,18.299999
1.207954,19.813332,18.320000
1.208355,19.826666,18.299999
1.208757,19.799999,18.313334
1.209159,19.826666,18.333332
1.209560,19.806665,18.333332
1.209962,19.873333,18.400000
1.210364,19.793333,18.326666
1.210765,19.813332,18.366667
1.211166,19.813332,18.313334
1.211567,19.799999,18.339998
1.211969,19.806665,18.446667
1.212370,19.766666,18.339998
1.212771,19.766666,18.333332
1.213173,20.026667,18.313334
1.213574,19.766666,18.346666
1.213977,19.833332,18.346666
1.214378,19.833332,18.346666
1.214779,19.826666,18.333332
1.215180,19.833332,18.346666
1.215582,19.826666,18.339998
1.215983,19.799999,18.346666
1.216384,19.833332,18.240000
1.216785,19.853333,18.379999
1.217186,19.840000,18.233332
1.217587,19.826666,18.313334
1.217989,19.826666,18.326666
1.218391,19.853333,18.320000
1.218793,19.820000,18.113333
1.219194,19.833332,18.313334
1.219595,19.840000,18.320000
1.219996,19.833332,18.313334
1.220397,19.820000,18.333332
1.220798,19.866667,18.233332
1.221200,19.873333,18.333332
1.221601,19.820000,18.339998
1.222002,19.826666,18.313334
1.222403,19.826666,18.320000
1.222805,19.840000,18.320000
1.223206,19.840000,18.326666
1.223607,19.793333,18.346666
1.224009,19.826666,18.333332
1.224410,19.806665,18.333332
1.224811,19.786665,18.353333
1.225212,19.833332,18.346666
1.225613,19.826666,18.299999
1.226015,19.873333,18.466665
1.226417,19.799999,18.333332
1.226819,19.833332,18.426666
1.227220,19.813332,18.299999
1.227621,19.813332,18.339998
1.228023,19.806665,18.313334
1.228425,19.833332,18.326666
1.228826,19.846666,18.280001
1.229227,19.793333,18.286667
1.229629,19.880001,18.280001
1.230031,19.813332,18.299999
1.230432,19.806665,18.320000
1.230833,19.806665,18.286667
1.231234,19.806665,18.286667
1.231635,19.860001,18.286667
1.232037,19.786665,18.273333
1.232439,19.793333,18.280001
1.232840,19.786665,18.359999
1.233242,19.779999,18.280001
1.233643,19.806665,18.306667
1.234044,19.820000,18.180000
1.234445,19.793333,18.293333
1.234847,19.773333,18.280001
1.235248,19.873333,18.253332
1.235650,19.606667,18.273333
1.236051,19.773333,18.293333
1.236452,19.753334,18.273333
1.236854,19.766666,18.366667
1.237256,19.646666,18.359999
1.237658,19.840000,18.266666
1.238059,19.733334,18.160000
1.238461,19.633333,18.273333
1.238862,19.766666,18.273333
1.239264,19.760000,18.273333
1.239665,19.760000,18.273333
1.240066,19.740000,18.253332
1.240467,19.740000,18.273333
1.240869,19.760000,18.233332
1.241270,19.740000,18.233332
1.241671,19.733334,18.253332
1.242072,19.679998,18.226665
1.242473,19.686666,18.266666
1.242874,19.713333,18.240000
1.243275,19.726667,18.213333
1.243677,19.719999,18.266666
1.244078,19.706667,18.240000
1.244479,19.713333,18.226665
1.244880,19.719999,18.240000
1.245281,19.786665,18.206665
1.245682,19.653332,18.173334
1.246083,19.559999,18.206665
1.246485,19.646666,18.193333
1.246887,19.693333,18.213333
1.247288,19.679998,18.199999
1.247689,19.686666,18.213333
1.248090,19.686666,18.180000
1.248491,19.679998,18.199999
1.248892,19.646666,18.233332
1.249293,19.646666,18.199999
1.249694,19.639999,18.266666
1.250095,19.653332,18.146666
1.250496,19.653332,18.146666
1.250898,19.639999,18.166666
1.251299,19.620001,18.160000
1.251700,19.719999,18.133333
1.252102,19.626667,18.139999
1.252503,19.633333,18.146666
1.252909,19.633333,18.146666
1.253310,19.586666,18.193333
1.253711,19.659998,18.166666
1.254112,19.593332,18.180000
1.254514,19.613333,18.213333
1.254915,19.639999,18.160000
1.255316,19.606667,18.126667
1.255718,19.593332,18.099998
1.256119,19.606667,18.126667
1.256520,19.573334,18.079998
1.256921,19.573334,18.133333
1.257322,19.593332,18.126667
1.257723,19.553333,18.079998
1.258125,19.519999,18.073332
1.258526,19.553333,18.086666
1.258928,19.553333,18.106667
1.259329,19.593332,18.000000
1.259731,19.539999,18.079998
1.260132,19.539999,18.053333
1.260534,19.506666,18.073332
1.260935,19.533333,18.040001
1.261336,19.493334,18.073332
1.261737,19.446667,17.939999
1.262138,19.439999,18.033333
1.262539,19.513332,18.059999
1.262941,19.473333,18.020000
1.263342,19.480000,18.020000
1.263743,19.453333,18.020000
1.264144,19.459999,18.006666
1.264545,19.486668,18.013332
1.264947,19.453333,17.980000
1.265348,19.466667,17.980000
1.265749,19.433332,18.020000
1.266151,19.433332,17.986666
1.266552,19.379999,17.900000
1.266954,19.426666,17.973333
1.267356,19.373333,17.939999
1.267758,19.420000,17.966665
1.268159,19.373333,17.926666
1.268561,19.393332,17.953333
1.268963,19.386665,17.939999
1.269364,19.373333,17.933332
1.269765,19.333334,17.920000
1.270166,19.333334,17.913334
1.270567,19.346666,17.886667
1.270969,19.286665,17.799999
1.271370,19.326666,17.886667
1.271772,19.333334,17.886667
1.272173,19.326666,17.893333
1.272574,19.333334,17.873333
1.272976,19.320000,17.939999
1.273377,19.306665,17.886667
1.273779,19.293333,17.873333
1.274180,19.273333,17.853333
1.274581,19.279999,17.846666
1.274983,19.246666,17.840000
1.275384,19.273333,17.826666
1.275786,19.299999,17.766666
1.276188,19.246666,17.826666
1.276590,19.246666,17.820000
1.276991,19.253332,17.813332
1.277392,19.226667,17.799999
1.277794,19.219999,17.753334
1.278196,19.206667,17.780001
1.278597,19.206667,17.760000
1.278998,19.206667,17.686666
1.279399,19.093334,17.746666
1.279800,19.213333,17.780001
1.280202,19.180000,17.760000
1.280604,19.153332,17.719999
1.281005,19.146666,17.746666
1.281406,19.119999,17.733334
1.281807,19.160000,17.726665
1.282208,19.113333,17.713333
1.282610,19.180000,17.706665
1.283011,19.080000,17.686666
1.283413,19.093334,17.686666
1.283814,19.086666,17.619999
1.284215,19.080000,17.693333
1.284616,19.066666,17.666666
1.285017,19.053333,17.633333
1.285418,19.046667,17.613333
1.285820,19.059999,17.626667
1.286222,19.026667,17.619999
1.286623,19.006666,17.586666
1.287024,18.946667,17.606667
1.287425,19.019999,17.586666
1.287826,18.993332,17.539999
1.288228,18.980000,17.539999
1.288629,18.966667,17.539999
1.289030,18.946667,17.526667
1.289432,18.973333,17.539999
1.289833,18.933332,17.520000
1.290235,18.940001,17.500000
1.290636,18.933332,17.513334
1.291038,18.913332,17.473333
1.291439,18.906666,17.486666
1.291840,18.920000,17.473333
1.292241,18.900000,17.486666
1.292642,18.900000,17.513334
1.293044,18.879999,17.340000
1.293445,18.866665,17.699999
1.293846,18.846666,17.419998
1.294247,18.820000,17.486666
1.294648,18.833334,17.473333
1.295050,18.806667,17.486666
1.295451,18.799999,17.400000
1.295853,18.793333,17.400000
1.296255,18.766666,17.400000
1.296656,18.806667,17.380001
1.297057,18.779999,17.346666
1.297458,18.766666,17.333332
1.297860,18.766666,17.360001
1.298262,18.773333,17.320000
1.298663,18.726665,17.320000
1.299065,18.680000,17.313332
1.299466,18.706667,17.320000
1.299868,18.673334,17.273333
1.300269,18.653334,17.320000
1.300670,18.633333,17.273333
1.301071,18.706667,17.253334
1.301473,18.793333,17.240000
1.301874,18.653334,17.240000
1.302275,18.646666,17.253334
1.302676,18.606665,17.219999
1.303077,18.599998,17.186666
1.303478,18.546667,17.213333
1.303881,18.573334,17.186666
1.304282,18.553333,17.219999
1.304683,18.626665,17.166666
1.305085,18.486666,17.153332
1.305486,18.539999,17.126667
1.305887,18.513332,17.139999
1.306289,18.500000,17.126667
1.306691,18.480000,17.139999
1.307093,18.580000,16.993334
1.307494,18.466665,17.039999
1.307895,18.393333,17.100000
1.308296,18.453333,17.059999
1.308698,18.426666,17.039999
1.309099,18.353333,17.053333
1.309500,18.400000,17.039999
1.309901,18.400000,17.053333
1.310303,18.379999,17.039999
1.310704,18.373333,16.973333
1.311105,18.379999,16.986668
1.311507,18.333332,16.980000
1.311909,18.333332,16.959999
1.312310,18.373333,16.959999
1.312711,18.366667,17.046665
1.313112,18.306667,16.906666
1.313513,18.299999,16.926666
1.313915,18.273333,16.913332
1.314316,18.260000,16.893332
1.314718,18.246666,16.753332
1.315120,18.233332,16.906666
1.315521,18.226665,16.900000
1.315922,18.199999,16.866667
1.316324,18.146666,16.853334
1.316725,18.193333,16.860001
1.317126,18.173334,16.846666
1.317527,18.139999,16.833334
1.317929,18.153334,16.833334
1.318332,18.146666,16.820000
1.318733,18.133333,16.786665
1.319135,18.119999,16.786665
1.319536,18.119999,16.786665
1.319937,18.066666,16.766666
1.320338,18.206665,16.759998
1.320740,18.053333,16.840000
1.321142,17.959999,16.753332
1.321543,18.106667,16.306667
1.321944,18.020000,16.586666
1.322345,18.006666,16.873333
1.322746,18.000000,16.700001
1.323147,17.986666,16.673332
1.323548,17.973333,16.766666
1.323950,17.933332,16.619999
1.324351,17.913334,16.619999
1.324752,17.920000,16.626665
1.325154,17.893333,16.619999
1.325555,17.886667,16.559999
1.325956,17.879999,16.559999
1.326358,17.866667,16.553333
1.326760,17.926666,16.539999
1.327161,17.840000,16.506666
1.327562,17.806665,16.393333
1.327963,17.793333,16.466667
1.328364,17.806665,16.466667
1.328766,17.813332,16.366665
1.329168,17.799999,16.619999
1.329570,17.859999,16.400000
1.329971,17.746666,16.259998
1.330372,17.713333,16.433332
1.330773,17.600000,16.433332
1.331174,17.706665,16.393333
1.331576,17.673332,16.353333
1.331977,17.673332,16.340000
1.332378,17.646667,16.299999
1.332779,17.646667,16.273333
1.333180,17.639999,16.193333
1.333581,17.593332,16.253332
1.333982,17.606667,16.240000
1.334384,17.573332,16.246666
1.334785,17.559999,16.266666
1.335187,17.453333,16.279999
1.335589,17.500000,16.133333
1.335990,17.473333,16.160000
1.336391,17.473333,16.160000
1.336792,17.539999,16.126665
1.337193,17.473333,16.006666
1.337594,17.433332,16.173334
1.337996,17.526667,16.099998
1.338397,17.413332,16.160000
1.338799,17.400000,16.039999
1.339200,17.386667,16.046667
1.339602,17.366667,16.026667
1.340004,17.346666,16.006666
1.340406,17.333332,15.993333
1.340807,17.326666,15.980000
1.341209,17.293333,15.926666
1.341611,17.286665,15.960000
1.342012,17.266666,15.920000
1.342413,17.213333,15.953332
1.342814,17.233334,15.893333
1.343216,17.233334,15.913334
1.343617,17.206667,15.913334
1.344018,17.199999,15.846667
1.344419,17.186666,15.906666
1.344820,17.213333,16.039999
1.345221,17.153332,15.819999
1.345623,17.120001,15.660000
1.346024,17.066666,15.793333
1.346425,17.240000,15.733333
1.346826,17.059999,15.666666
1.347228,17.066666,15.673333
1.347629,17.053333,15.706666
1.348030,17.039999,15.706666
1.348432,17.033333,15.586667
1.348833,16.913332,15.639999
1.349234,16.939999,15.633333
1.349635,16.966667,15.606667
1.350036,16.973333,15.599999
1.350437,16.953333,15.579999
1.350839,16.920000,15.506666
1.351241,16.920000,15.513332
1.351642,16.906666,15.493332
1.352044,16.879999,15.486666
1.352445,16.900000,15.480000
1.352846,16.853334,15.460000
1.353248,16.840000,15.493332
1.353649,16.806665,15.400000
1.354050,16.826666,15.400000
1.354451,16.799999,15.400000
1.354853,16.713333,15.386667
1.355254,16.779999,15.340000
1.355655,16.773333,15.366667
1.356056,16.733334,15.313333
1.356457,16.719999,15.306666
1.356858,16.713333,15.320001
1.357260,16.666666,15.253334
1.357661,16.686666,15.260000
1.358063,16.666666,15.260000
1.358465,16.580000,15.206666
1.358867,16.606667,15.240000
1.359268,16.593334,15.200000
1.359669,16.539999,15.379999
1.360071,16.539999,14.953333
1.360472,16.533333,14.953333
1.360873,16.493332,15.080000
1.361274,16.486666,14.953333
1.361675,16.466667,14.953333
1.362077,16.426666,15.193334
1.362478,16.413332,15.080000
1.362880,16.386665,14.953333
1.363282,16.373333,14.953333
1.363683,16.373333,14.953333
1.364085,16.346666,14.940000
1.364486,16.326666,14.940000
1.364888,16.219999,14.906667
1.365289,16.213333,14.873333
1.365691,16.273333,14.906667
1.366092,16.240000,14.873333
1.366493,16.226665,14.786666
1.366895,16.219999,14.846666
1.367297,16.139999,14.786666
1.367699,16.126665,14.773334
1.368100,16.119999,14.753333
1.368502,16.106665,14.719999
1.368903,16.106665,14.693333
1.369304,16.073334,14.673333
1.369705,16.073334,14.666667
1.370106,16.080000,14.473333
1.370509,16.000000,14.666667
1.370910,15.940000,14.640000
1.371313,15.980000,14.626666
1.371716,15.973332,14.580000
1.372118,15.913334,14.546666
1.372519,15.906666,14.520000
1.372921,15.879999,14.273334
1.373322,15.886665,14.520000
1.373723,15.893333,14.493333
1.374124,15.846667,14.493333
1.374525,15.806666,14.433332
1.374927,15.806666,14.459999
1.375329,15.733333,14.393332
1.375730,15.753332,14.386666
1.376131,15.700000,14.366666
1.376533,15.720000,14.333334
1.376935,15.666666,14.313334
1.377336,15.626667,14.326666
1.377737,15.660000,14.293333
1.378138,15.619999,14.306665
1.378539,15.593333,14.253333
1.378941,15.560000,14.313334
1.379342,15.560000,14.259999
1.379743,15.513332,14.186666
1.380145,15.506666,14.353333
1.380548,15.460000,14.160000
1.380949,15.500000,14.173332
1.381350,15.440000,14.093333
1.381751,15.413333,14.113334
1.382152,15.393333,14.059999
1.382554,15.373333,14.073334
1.382956,15.313333,14.080000
1.383357,15.340000,14.020000
1.383758,15.313333,14.020000
1.384159,15.253334,13.999999
1.384560,15.219999,13.946667
1.384962,15.186667,13.940001
1.385363,15.186667,13.913332
1.385764,15.213333,13.880000
1.386165,15.179999,13.900000
1.386566,15.126667,13.886666
1.386968,15.080000,13.820000
1.387370,15.153333,13.726666
1.387771,15.113333,13.820000
1.388173,15.013333,13.746667
1.388575,15.033334,13.746667
1.388976,14.919999,13.766666
1.389377,14.953333,13.700000
1.389778,14.946667,13.706666
1.390179,14.913333,13.680000
1.390580,14.940000,13.680000
1.390982,14.853333,13.646666
1.391383,14.886666,13.606666
1.391784,14.840000,13.593333
1.392186,14.806666,13.579999
1.392587,14.740000,13.553333
1.392989,14.786666,13.533333
1.393391,14.766665,13.506666
1.393793,14.733334,13.506666
1.394194,14.713333,13.779999
1.394596,14.693333,13.500000
1.394997,14.693333,13.440000
1.395398,14.653333,13.413334
1.395799,14.613333,13.320000
1.396201,14.573334,13.360000
1.396603,14.580000,13.379999
1.397004,14.566666,13.353333
1.397405,14.520000,13.306666
1.397806,14.520000,13.280000
1.398208,14.486667,13.286667
1.398609,14.473333,13.253333
1.399010,14.380000,13.200000
1.399411,14.426666,13.226666
1.399813,14.380000,13.206666
1.400214,14.426666,13.146667
1.400615,14.353333,13.160000
1.401016,14.346666,13.133333
1.401417,14.299999,13.113333
1.401819,14.286666,13.066667
1.402221,14.239999,13.133333
1.402622,14.206667,13.040000
1.403025,14.186666,13.026667
1.403426,14.193333,12.980000
1.403827,14.180000,12.946667
1.404228,14.200001,12.973333
1.404629,14.180000,12.893333
1.405031,14.059999,12.886666
1.405432,14.126666,12.906667
1.405833,14.020000,12.846666
1.406235,14.033333,12.919999
1.406636,14.006667,12.793333
1.407038,13.993333,12.799999
1.407439,13.979999,12.746666
1.407840,13.926666,12.700000
1.408242,13.853333,12.760000
1.408644,13.893333,12.679999
1.409045,13.893333,12.646667
1.409446,13.773333,12.666666
1.409848,13.853333,12.646667
1.410250,13.893333,12.613333
1.410652,13.779999,12.593333
1.411053,13.753333,12.573334
1.411456,13.720000,12.559999
1.411857,13.706666,12.566667
1.412258,13.686666,12.506667
1.412660,13.646666,12.500000
1.413062,13.813334,12.553333
1.413463,13.653334,12.459999
1.413866,13.559999,12.420000
1.414267,13.559999,12.413333
1.414669,13.533333,12.380000
1.415070,13.513332,12.466666
1.415471,13.513332,12.366667
1.415873,13.486667,12.339999
1.416275,13.526667,12.313334
1.416676,13.420000,12.280000
1.417077,13.400000,12.313334
1.417479,13.386665,12.233334
1.417881,13.360000,12.213333
1.418282,13.326666,12.186666
1.418685,13.313333,12.100000
1.419086,13.266666,12.093333
1.419487,13.259999,12.246667
1.419888,13.253333,12.066666
1.420290,13.246666,12.059999
1.420692,13.293333,12.066666
1.421093,13.193333,12.006666
1.421494,13.166667,11.920000
1.421895,13.126666,11.940000
1.422297,13.100000,11.966666
1.422699,13.086667,11.906667
1.423101,13.073333,11.906667
1.423502,13.020000,11.893333
1.423907,13.013333,11.793333
1.424308,13.033334,11.853333
1.424709,12.946667,11.813333
1.425111,12.946667,11.820000
1.425512,12.826667,11.793333
1.425914,12.933333,12.240000
1.426315,12.826667,11.720000
1.426716,12.853333,11.846666
1.427118,12.820000,11.646667
1.427520,12.806666,11.666666
1.427921,12.780000,11.679999
1.428322,12.820000,11.666666
1.428723,12.686666,11.613333
1.429125,12.686666,11.580000
1.429526,12.613333,11.546666
1.429928,12.599999,11.513333
1.430329,12.620000,11.493333
1.430730,12.580000,11.473332
1.431131,12.586666,11.460000
1.431533,12.553333,11.406666
1.431935,12.526666,11.393333
1.432336,12.553333,11.473332
1.432738,12.493333,11.360000
1.433139,12.500000,11.339999
1.433540,12.440001,11.306666
1.433942,12.406666,11.273333
1.434343,12.386666,11.200000
1.434744,12.320000,11.113334
1.435146,12.380000,11.173333
1.435548,12.306666,11.219999
1.435949,12.259999,11.180000
1.436350,12.213333,11.166666
1.436752,12.240000,11.206666
1.437154,12.333333,11.086666
1.437555,12.166667,11.086666
1.437956,12.259999,11.066667
1.438357,12.120000,11.053333
1.438758,12.026667,11.020000
1.439159,12.066666,10.993334
1.439560,12.059999,10.993334
1.439962,12.120000,10.946666
1.440364,12.006666,10.960000
1.440766,11.946667,10.780000
1.441167,11.926666,10.840000
1.441568,11.900000,10.940000
1.441969,11.886666,10.840000
1.442371,11.853333,10.786667
1.442772,11.846666,10.793333
1.443173,11.853333,10.746666
1.443574,11.720000,10.593333
1.443976,11.866666,10.666667
1.444379,11.740000,10.686666
1.444780,11.726666,10.686666
1.445181,11.673333,10.653334
1.445583,11.653334,10.653334
1.445985,11.726666,10.626666
1.446386,11.553333,10.586667
1.446788,11.626666,10.573333
1.447189,11.566667,10.533334
1.447592,11.533333,10.500000
1.447994,11.546666,10.493333
1.448396,11.480000,10.500000
1.448797,11.473332,10.473333
1.449199,11.453334,10.413333
1.449600,11.406666,10.406667
1.450002,11.413333,10.380000
1.450404,11.373333,10.373333
1.450805,11.360000,10.353333
1.451206,11.346666,10.320000
1.451607,11.293333,10.286666
1.452009,11.260000,10.326667
1.452410,11.280000,10.226666
1.452811,11.226666,10.226666
1.453212,11.233333,10.166666
1.453614,11.180000,10.120000
1.454016,11.173333,10.140000
1.454417,11.213333,10.106667
1.454818,11.086666,10.126667
1.455219,11.066667,10.120000
1.455622,11.046666,10.046666
1.456023,11.020000,10.026666
1.456426,10.960000,9.966666
1.456827,10.993334,9.966666
1.457229,10.940000,9.959999
1.457630,10.913333,9.940001
1.458031,10.906667,9.953333
1.458432,10.853333,9.893332
1.458833,10.806666,9.800000
1.459235,10.806666,9.846666
1.459636,10.786667,9.800000
1.460037,10.773334,9.793333
1.460438,10.759999,9.733334
1.460839,10.720000,9.793333
1.461240,10.673333,9.713333
1.461641,10.700000,9.706666
1.462043,10.613333,9.626666
1.462445,10.653334,9.646667
1.462847,10.593333,9.740000
1.463249,10.573333,9.613334
1.463651,10.566667,9.586666
1.464052,10.533334,9.586666
1.464453,10.493333,9.513333
1.464854,10.473333,9.513333
1.465256,10.426666,9.499999
1.465658,10.426666,9.493333
1.466059,10.419999,9.460000
1.466460,10.380000,9.346666
1.466861,10.353333,9.346666
1.467262,10.240000,9.346666
1.467663,10.306666,9.306666
1.468065,10.286666,9.333333
1.468466,10.226666,9.326667
1.468868,10.213333,9.246666
1.469270,10.219999,9.093333
1.469673,10.126667,9.160000
1.470075,10.113333,9.166666
1.470476,10.173333,9.153334
1.470877,10.133333,9.160000
1.471279,10.080000,9.106667
1.471680,10.059999,9.126666
1.472081,10.033333,9.086667
1.472483,9.993333,9.033333
1.472884,9.973333,9.026667
1.473286,9.959999,9.026667
1.473689,9.913333,8.966666
1.474091,9.933333,9.000000
1.474492,9.900000,8.946667
1.474893,9.866667,8.913333
1.475294,9.839999,8.860000
1.475695,9.886666,8.900000
1.476097,9.786667,8.913333
1.476499,9.733334,8.853333
1.476901,9.740000,8.920000
1.477303,9.673333,8.813334
1.477704,9.680000,8.746667
1.478105,9.626666,8.726666
1.478507,9.613334,8.726666
1.478909,9.513333,8.613334
1.479310,9.580000,8.486667
1.479711,9.613334,8.599999
1.480113,9.513333,8.639999
1.480514,9.513333,8.573333
1.480915,9.480000,8.546666
1.481316,9.393333,8.546666
1.481717,9.346666,8.493334
1.482118,9.346666,8.553333
1.482520,9.333333,8.473333
1.482922,9.333333,8.453333
1.483323,9.320000,8.426667
1.483724,9.226666,8.393332
1.484125,9.273334,8.393332
1.484526,9.266666,8.360000
1.484928,9.226666,8.306666
1.485329,9.186666,8.293333
1.485730,9.140000,8.293333
1.486131,9.126666,8.300000
1.486532,9.093333,8.120000
1.486934,9.053333,8.206666
1.487335,8.920000,8.206666
1.487736,9.073333,8.139999
1.488138,9.120000,8.120000
1.488539,8.986667,8.300000
1.488941,8.940000,8.100000
1.489343,8.920000,8.026667
1.489744,8.920000,8.066667
1.490145,8.873333,8.026667
1.490546,8.839999,7.966667
1.490948,8.820000,8.020000
1.491349,8.793333,7.933333
1.491750,8.766666,7.926667
1.492152,8.780000,7.893333
1.492553,8.719999,7.880000
1.492955,8.713333,7.866666
1.493356,8.700000,7.853333
1.493757,8.673333,7.813334
1.494158,8.633333,7.813334
1.494559,8.606667,7.773333
1.494961,8.506666,7.760000
1.495362,8.553333,7.706666
1.495763,8.526667,7.586667
1.496165,8.506666,7.686666
1.496566,8.486667,7.660000
1.496968,8.453333,7.600000
1.497369,8.453333,7.579999
1.497771,8.393332,7.686666
1.498175,8.480000,7.540000
1.498576,8.366667,7.526666
1.498977,8.340000,7.533333
1.499378,8.313333,7.500000
1.499780,8.300000,7.373333
1.500182,8.200000,7.420000
1.500584,8.320000,7.346666
1.500985,8.200000,7.373333
1.501386,8.193333,7.380000
1.501787,8.106667,7.380000
1.502188,8.139999,7.513333
1.502590,8.100000,7.313333
1.502991,8.073333,7.260000
1.503392,8.059999,7.260000
1.503793,8.040000,7.320000
1.504194,7.973333,7.686666
1.504596,8.026667,7.246666
1.504998,7.980000,7.160000
1.505399,7.920000,7.133334
1.505800,7.866666,7.140000
1.506201,7.826667,7.106667
1.506602,7.866666,7.046667
1.507004,7.833333,7.020000
1.507405,7.826667,7.026667
1.507806,7.820000,7.066666
1.508207,7.820000,6.986666
1.508608,7.700000,6.980000
1.509010,7.746666,6.946667
1.509411,7.673333,6.900000
1.509813,7.673333,6.906667
1.510215,7.653333,6.960000
1.510617,7.606667,6.853333
1.511018,7.646666,6.826667
1.511419,7.579999,6.780000
1.511821,7.566667,6.780000
1.512222,7.520000,6.660000
1.512623,7.426666,6.680000
1.513024,7.513333,6.713333
1.513425,7.460000,6.726666
1.513826,7.426666,6.666667
1.514228,7.386667,6.640000
1.514629,7.386667,6.620000
1.515031,7.366667,6.600000
1.515433,7.326666,6.546667
1.515834,7.313333,6.526666
1.516236,7.293333,6.533333
1.516637,7.246666,6.466667
1.517038,7.226666,6.466667
1.517439,7.193333,6.466667
1.517840,7.180000,6.413333
1.518242,7.166667,6.373333
1.518645,7.160000,6.433333
1.519046,7.126667,6.540000
1.519447,7.140000,6.286667
1.519849,7.073333,6.286667
1.520251,7.060000,6.226666
1.520652,7.080000,6.253334
1.521053,6.986666,6.113333
1.521456,7.033333,6.200000
1.521857,6.960000,6.193333
1.522258,6.906667,6.153333
1.522659,6.893333,6.166667
1.523061,6.880000,6.126667
1.523462,6.826667,6.060000
1.523863,6.813333,6.086667
1.524264,6.826667,6.100000
1.524667,6.800000,6.046667
1.525069,6.760000,5.980000
1.525470,6.720000,6.066667
1.525871,6.800000,6.000000
1.526273,6.706667,5.940000
1.526674,6.646667,5.933333
1.527076,6.666667,5.886667
1.527477,6.580000,5.926667
1.527878,6.566667,5.866666
1.528280,6.526666,5.853333
1.528681,6.486667,5.813333
1.529083,6.486667,5.780000
1.529484,6.420000,5.766666
1.529885,6.500000,5.733333
1.530286,6.386667,5.706666
1.530689,6.380000,5.733333
1.531090,6.380000,5.693333
1.531492,6.353333,5.680000
1.531893,6.300000,5.640000
1.532294,6.306666,5.580000
1.532696,6.286667,5.760000
1.533097,6.313334,5.580000
1.533498,6.260000,5.553333
1.533900,6.206666,5.513333
1.534301,6.100000,5.513333
1.534703,6.180000,5.480000
1.535104,6.133333,5.446666
1.535505,6.086667,5.466667
1.535908,6.106667,5.466667
1.536309,6.113333,5.393333
1.536711,6.106667,5.413333
1.537112,5.946667,5.353333
1.537513,5.920000,5.366667
1.537915,6.026667,5.333333
1.538316,5.940000,5.300000
1.538717,5.953333,5.320000
1.539119,5.893333,5.233334
1.539520,5.906666,5.253333
1.539922,5.853333,5.080000
1.540323,5.846666,5.206666
1.540725,5.846666,5.166667
1.541126,5.813333,5.213333
1.541527,5.766666,5.140000
1.541929,5.766666,5.146667
1.542330,5.753333,5.200000
1.542732,5.666667,5.086667
1.543134,5.680000,5.060000
1.543536,5.660000,5.060000
1.543937,5.660000,5.013333
1.544338,5.606667,4.966667
1.544739,5.586667,4.940000
1.545141,5.653333,4.946666
1.545542,5.600000,4.920000
1.545943,5.633333,4.900000
1.546344,5.380000,4.886666
1.546745,5.500000,4.713333
1.547147,5.460000,4.846666
1.547550,5.420000,4.826666
1.547951,5.413333,4.833333
1.548352,5.406666,4.806667
1.548753,5.386667,4.773334
1.549154,5.386667,4.740000
1.549555,5.333333,4.720000
1.549957,5.360000,4.713333
1.550359,5.300000,4.680000
1.550760,5.333333,4.786666
1.551161,5.173333,4.606667
1.551563,5.226666,4.633333
1.551964,5.226666,4.546667
1.552365,5.173333,4.600000
1.552767,5.160000,4.573333
1.553168,5.120000,4.606667
1.553570,5.120000,4.346667
1.553972,5.106667,4.500000
1.554374,5.173333,4.466667
1.554775,5.026667,4.540000
1.555177,5.046667,4.433333
1.555578,5.013333,4.420000
1.555979,4.986667,4.433333
1.556381,4.960000,4.413333
1.556782,4.926667,4.346667
1.557184,4.920000,4.360000
1.557587,4.886666,4.353333
1.557989,4.886666,4.306667
1.558390,4.873333,4.326666
1.558791,4.846666,4.260000
1.559192,4.800000,4.213334
1.559593,4.813333,4.240000
1.559995,4.853333,4.206666
1.560398,4.740000,4.193333
1.560799,4.706666,4.173333
1.561200,4.720000,4.173333
1.561603,4.640000,4.126667
1.562004,4.633333,4.120000
1.562405,4.766666,4.093333
1.562807,4.620000,3.940000
1.563209,4.613333,4.113333
1.563610,4.573333,4.053333
1.564012,4.553333,4.006667
1.564413,4.506667,4.013333
1.564814,4.526667,3.986666
1.565215,4.513333,3.926666
1.565617,4.446667,3.933333
1.566019,4.466667,3.906667
1.566420,4.453333,3.900000
1.566822,4.433333,3.893333
1.567224,4.386666,3.853333
1.567625,4.380000,4.073333
1.568026,4.366666,3.846667
1.568427,4.340000,3.833333
1.568828,4.333333,3.826667
1.569230,4.286666,3.746666
1.569631,4.346667,3.746666
1.570032,4.313334,3.680000
1.570433,4.260000,3.680000
1.570835,4.206666,3.660000
1.571237,4.253333,3.733333
1.571639,4.180000,3.660000
1.572040,4.180000,3.646667
1.572441,4.153333,3.620000
1.572843,4.140000,3.586667
1.573245,4.113333,3.580000
1.573646,4.100000,3.553333
1.574049,4.080000,3.560000
1.574450,4.040000,3.500000
1.574852,4.020000,3.486667
1.575254,4.020000,3.480000
1.575656,4.000000,3.446667
1.576058,4.006667,3.486667
1.576459,3.953333,3.500000
1.576861,3.946667,3.400000
1.577262,3.933333,3.400000
1.577663,3.893333,3.346666
1.578064,3.926666,3.380000
1.578465,3.833333,3.346666
1.578867,3.853333,3.366667
1.579268,3.786667,3.286667
1.579671,3.853333,3.293333
1.580073,3.746666,3.246666
1.580475,3.800000,3.253333
1.580876,3.713333,3.220000
1.581277,3.680000,3.200000
1.581678,3.660000,3.206667
1.582080,3.693333,3.193333
1.582481,3.653333,3.153333
1.582883,3.633333,3.133333
1.583285,3.606667,3.133333
1.583687,3.553333,3.080000
1.584089,3.586667,3.100000
1.584492,3.513333,2.986667
1.584893,3.560000,2.966666
1.585295,3.493333,3.020000
1.585696,3.480000,2.940000
1.586098,3.473333,2.966666
1.586499,3.380000,2.960000
1.586901,3.420000,3.046667
1.587303,3.406667,2.860000
1.587704,3.426666,2.946667
1.588106,3.426666,2.913333
1.588507,3.366667,2.893333
1.588910,3.326667,2.880000
1.589311,3.340000,2.873333
1.589712,3.306667,2.833333
1.590113,3.280000,2.813333
1.590515,3.280000,2.813333
1.590916,3.260000,2.806667
1.591318,3.246666,2.773333
1.591719,3.220000,2.786667
1.592120,3.193333,2.760000
1.592521,3.206667,2.733333
1.592922,3.173333,2.786667
1.593323,3.140000,2.706666
1.593725,3.106667,2.700000
1.594126,3.100000,2.673333
1.594527,3.086667,2.640000
1.594929,2.986667,2.646667
1.595330,2.966666,2.606667
1.595731,3.040000,2.606667
1.596132,3.160000,2.613333
1.596533,3.006667,2.580000
1.596935,2.986667,2.566667
1.597336,2.980000,2.553333
1.597737,2.953333,2.533333
1.598138,2.993333,2.493333
1.598540,2.926667,2.460000
1.598942,2.886667,2.466667
1.599343,2.900000,2.466667
1.599745,2.893333,2.440000
1.600146,2.960000,2.433333
1.600547,2.813333,2.433333
1.600949,2.780000,2.426666
1.601350,2.833333,2.373333
1.601751,2.820000,2.360000
1.602152,2.726667,2.366667
1.602553,2.760000,2.326667
1.602955,2.766667,2.306667
1.603356,2.740000,2.300000
1.603758,2.700000,2.300000
1.604159,2.726667,2.360000
1.604560,2.686666,2.253333
1.604962,2.660000,2.260000
1.605364,2.666667,2.260000
1.605766,2.633333,2.226666
1.606167,2.613333,2.100000
1.606568,2.600000,2.200000
1.606970,2.586667,2.260000
1.607371,2.586667,2.153333
1.607773,2.526667,2.166667
1.608174,2.526667,2.233333
1.608577,2.493333,2.106667
1.608978,2.486667,2.086667
1.609379,2.533333,2.173333
1.609780,2.453333,2.093333
1.610181,2.433333,2.066667
1.610582,2.426666,2.033333
1.610983,2.433333,2.053333
1.611384,2.406667,2.033333
1.611787,2.553333,2.000000
1.612189,2.473333,1.973333
1.612590,2.300000,1.960000
1.612991,2.386667,1.973333
1.613393,2.346667,2.006667
1.613794,2.326667,1.906667
1.614196,2.300000,1.960000
1.614597,2.293333,1.940000
1.614998,2.266667,1.906667
1.615399,2.266667,1.860000
1.615800,2.246667,1.880000
1.616201,2.200000,1.853333
1.616603,2.253333,1.846667
1.617005,2.206667,1.846667
1.617406,2.173333,1.813333
1.617808,2.120000,1.766667
1.618210,2.146667,1.753333
1.618612,2.133333,1.760000
1.619014,2.013333,1.726667
1.619415,2.080000,1.740000
1.619816,2.093333,1.726667
1.620217,2.040000,1.726667
1.620619,2.106667,1.660000
1.621021,2.013333,1.680000
1.621422,2.160000,1.566667
1.621823,2.006667,1.666667
1.622224,2.000000,1.646667
1.622627,1.980000,1.620000
1.623029,1.980000,1.633333
1.623430,1.946667,1.620000
1.623832,1.926667,1.560000
1.624233,1.920000,1.573333
1.624635,1.906667,1.606667
1.625037,1.866667,1.553333
1.625439,1.940000,1.566667
1.625840,1.873333,1.533333
1.626241,1.880000,1.540000
1.626642,1.833333,1.420000
1.627043,1.826667,1.500000
1.627446,1.820000,1.473333
1.627847,1.846667,1.473333
1.628248,1.800000,1.453333
1.628650,1.766667,1.413333
1.629051,1.680000,1.420000
1.629452,1.740000,1.400000
1.629853,1.740000,1.400000
1.630255,1.733333,1.393333
1.630656,1.726667,1.386667
1.631057,1.713333,1.386667
1.631458,1.693333,1.386667
1.631860,1.666667,1.333333
1.632261,1.660000,1.313333
1.632662,1.746667,1.326667
1.633063,1.633333,1.313333
1.633464,1.620000,1.313333
1.633866,1.613333,1.300000
1.634268,1.580000,1.300000
1.634669,1.573333,1.266667
1.635070,1.613333,0.946667
1.635473,1.560000,1.233333
1.635875,1.533333,1.240000
1.636277,1.506667,1.213333
1.636679,1.520000,1.220000
1.637081,1.526667,1.240000
1.637482,1.593333,1.200000
1.637883,1.480000,1.200000
1.638285,1.473333,1.180000
1.638686,1.473333,1.146667
1.639088,1.473333,1.133333
1.639490,1.446667,1.140000
1.639892,1.406667,1.113333
1.640294,1.406667,1.133333
1.640696,1.393333,1.106667
1.641097,1.380000,1.060000
1.641498,1.386667,1.086667
1.641901,1.326667,1.066667
1.642302,1.340000,1.066667
1.642703,1.353333,1.053333
1.643104,1.353333,1.053333
1.643505,1.326667,1.053333
1.643908,1.360000,1.026667
1.644309,1.260000,1.020000
1.644710,1.280000,1.053333
1.645111,1.300000,0.946667
1.645513,1.200000,0.946667
1.645915,1.286667,0.980000
1.646316,1.233333,0.946667
1.646718,1.213333,0.953333
1.647119,1.226667,0.946667
1.647520,1.226667,0.960000
1.647922,1.206667,0.946667
1.648324,1.180000,0.973333
1.648725,1.166667,0.946667
1.649126,1.160000,0.946667
1.649528,1.120000,0.946667
1.649929,1.160000,0.946667
1.650331,1.153333,0.946667
1.650733,1.086667,0.946667
1.651136,1.126667,0.946667
1.651537,1.106667,0.946667
1.651938,1.080000,0.946667
1.652339,1.073333,0.946667
1.652740,1.093333,0.946667
1.653142,1.080000,0.946667
1.653543,1.066667,0.946667
1.653944,1.033333,0.946667
1.654346,1.000000,0.946667
1.654747,1.046667,0.946667
1.655148,1.033333,0.946667
1.655551,1.026667,0.946667
1.655952,1.026667,0.946667
1.656355,0.993333,0.946667
1.656756,0.993333,0.946667
1.657157,0.986667,0.946667
1.657558,0.986667,0.946667
1.657959,0.953333,0.946667
1.658361,0.946667,0.946667
1.658762,0.946667,0.946667
1.659164,0.946667,0.946667
1.659565,0.953333,0.946667
1.659967,0.953333,0.946667
1.660368,0.946667,0.946667
1.660769,0.960000,0.946667
1.661171,0.946667,0.946667
1.661572,0.946667,0.946667
1.661974,0.946667,0.946667
1.662375,0.946667,0.946667
1.662776,0.946667,0.946667
1.663178,0.946667,0.946667
1.663579,0.946667,0.946667
1.663980,0.946667,0.946667
1.664383,0.946667,0.946667
1.664786,0.946667,0.946667
1.665187,0.946667,0.946667
1.665590,0.946667,0.946667
1.665992,0.946667,0.946667
1.666394,0.946667,0.946667
1.666795,0.946667,0.946667
1.667197,0.946667,0.946667
1.667598,0.946667,0.946667
1.667999,0.946667,0.946667
1.668402,0.946667,0.946667
1.668803,0.946667,0.946667
1.669204,0.946667,0.946667
1.669605,0.946667,0.946667
1.670006,0.946667,0.946667
1.670409,0.946667,0.946667
1.670810,0.946667,0.946667
1.671211,0.946667,0.946667
1.671613,0.946667,0.946667
1.672015,0.946667,0.946667
1.672417,0.946667,0.946667
1.672819,0.946667,0.946667
1.673220,0.946667,0.946667
1.673621,0.946667,0.946667
1.674023,0.946667,0.946667
1.674425,0.946667,0.946667
1.674827,0.946667,0.946667
1.675228,0.946667,0.946667
1.675629,0.946667,0.946667
1.676031,0.946667,0.946667
1.676432,0.946667,0.946667
1.676834,0.946667,0.946667
1.677236,0.946667,0.946667
1.677637,0.946667,0.946667
1.678038,0.946667,0.946667
1.678441,0.946667,0.946667
1.678842,0.946667,0.946667
1.679244,0.946667,0.946667
1.679645,0.946667,0.946667
1.680046,0.946667,0.946667
1.680447,0.946667,0.946667
1.680849,0.946667,0.946667
1.681250,0.946667,0.946667
1.681652,0.946667,0.946667
1.682053,0.946667,0.946667
1.682456,0.946667,0.946667
1.682857,0.946667,0.946667
1.683259,0.946667,0.946667
1.683662,0.946667,0.946667
1.684064,0.946667,0.946667
1.684465,0.946667,0.946667
1.684867,0.946667,0.946667
1.685268,0.946667,0.946667
1.685670,0.946667,0.946667
1.686073,0.946667,0.946667
1.686474,0.946667,0.946667
1.686875,0.946667,0.946667
1.687277,0.946667,0.946667
1.687678,0.946667,0.946667
1.688079,0.946667,0.946667
1.688480,0.946667,0.946667
1.688881,0.946667,0.946667
1.689283,0.946667,0.946667
1.689684,0.946667,0.946667
1.690085,0.946667,0.946667
1.690486,0.946667,0.946667
1.690888,0.946667,0.946667
1.691289,0.946667,0.946667
1.691692,0.946667,0.946667
1.692093,0.946667,0.946667
1.692495,0.946667,0.946667
1.692896,0.946667,0.946667
1.693297,0.946667,0.946667
1.693698,0.946667,0.946667
1.694099,0.946667,0.946667
1.694500,0.946667,0.946667
1.694901,0.946667,0.946667
1.695303,0.946667,0.946667
1.695705,0.946667,0.946667
1.696106,0.946667,0.946667
1.696507,0.946667,0.946667
1.696909,0.946667,0.946667
1.697310,0.946667,0.946667
1.697713,0.946667,0.946667
1.698114,0.946667,0.946667
1.698515,0.946667,0.946667
1.698917,0.946667,0.946667
1.699319,0.946667,0.946667
1.699721,0.946667,0.946667
1.700123,0.946667,0.946667
1.700524,0.946667,0.946667
1.700925,0.946667,0.946667
1.701326,0.946667,0.946667
1.701729,0.946667,0.946667
1.702131,0.946667,0.946667
1.702534,0.946667,0.946667
1.702935,0.946667,0.946667
1.703336,0.946667,0.946667
1.703738,0.946667,0.946667
1.704139,0.946667,0.946667
1.704540,0.946667,0.946667
1.704943,0.946667,0.946667
1.705344,0.946667,0.946667
1.705747,0.946667,0.946667
1.706150,0.946667,0.946667
1.706551,0.946667,0.946667
1.706954,0.946667,0.946667
1.707356,0.946667,0.946667
1.707758,0.946667,0.946667
1.708159,0.946667,0.946667
1.708560,0.946667,0.946667
1.708962,0.946667,0.946667
1.709363,0.946667,0.946667
1.709764,0.946667,0.946667
1.710166,0.946667,0.946667
1.710567,0.946667,0.946667
1.710969,0.946667,0.946667
1.711371,0.946667,0.946667
1.711773,0.946667,0.946667
1.712174,0.946667,0.946667
1.712575,0.946667,0.946667
1.712977,0.946667,0.946667
1.713378,0.946667,0.946667
1.713780,0.946667,0.946667
1.714181,0.946667,0.946667
1.714582,0.946667,0.946667
1.714983,0.946667,0.946667
1.715384,0.946667,0.946667
1.715786,0.946667,0.946667
1.716187,0.946667,0.946667
1.716588,0.946667,0.946667
1.716990,0.946667,0.946667
1.717391,0.946667,0.946667
1.717793,0.946667,0.946667
1.718195,0.946667,0.946667
1.718598,0.946667,0.946667
1.718999,0.946667,0.946667
1.719401,0.946667,0.946667
1.719802,0.946667,0.946667
1.720204,0.946667,0.946667
1.720606,0.946667,0.946667
1.721008,0.946667,0.946667
1.721410,0.946667,0.946667
1.721811,0.946667,0.946667
1.722213,0.946667,0.946667
1.722614,0.946667,0.946667
1.723016,0.946667,0.946667
1.723417,0.946667,0.946667
1.723818,0.946667,0.946667
1.724220,0.946667,0.946667
1.724621,0.946667,0.946667
1.725022,0.946667,0.946667
1.725423,0.946667,0.946667
1.725825,0.946667,0.946667
1.726227,0.946667,0.946667
1.726630,0.946667,0.946667
1.727031,0.946667,0.946667
1.727432,0.946667,0.946667
1.727834,0.946667,0.946667
1.728236,0.946667,0.946667
1.728637,0.946667,0.946667
1.729039,0.946667,0.946667
1.729441,0.946667,0.946667
1.729842,0.946667,0.946667
1.730243,0.946667,0.946667
1.730644,0.946667,0.946667
1.731046,0.946667,0.946667
1.731447,0.946667,0.946667
1.731848,0.946667,0.946667
1.732250,0.946667,0.946667
1.732651,0.946667,0.946667
1.733053,0.946667,0.946667
1.733455,0.946667,0.946667
1.733856,0.946667,0.946667
1.734258,0.946667,0.946667
1.734660,0.946667,0.946667
1.735062,0.946667,0.946667
1.735463,0.946667,0.946667
1.735864,0.946667,0.946667
1.736266,0.946667,0.946667
1.736668,0.946667,0.946667
1.737069,0.946667,0.946667
1.737470,0.946667,0.946667
1.737871,0.946667,0.946667
1.738273,0.946667,0.946667
1.738674,0.946667,0.946667
1.739076,0.946667,0.946667
1.739477,0.946667,0.946667
1.739879,0.946667,0.946667
1.740280,0.946667,0.946667
1.740682,0.946667,0.946667
1.741083,0.946667,0.946667
1.741484,0.946667,0.946667
1.741885,0.946667,0.946667
1.742286,0.946667,0.946667
1.742688,0.946667,0.946667
1.743089,0.946667,0.946667
1.743490,0.946667,0.946667
1.743892,0.946667,0.946667
1.744293,0.946667,0.946667
1.744694,0.946667,0.946667
1.745096,0.946667,0.946667
1.745498,0.946667,0.946667
1.745900,0.946667,0.946667
1.746302,0.946667,0.946667
1.746703,0.946667,0.946667
1.747104,0.946667,0.946667
1.747505,0.946667,0.946667
1.747909,0.946667,0.946667
1.748310,0.946667,0.946667
1.748711,0.946667,0.946667
1.749112,0.946667,0.946667
1.749513,0.946667,0.946667
1.749915,0.946667,0.946667
1.750316,0.946667,0.946667
1.750718,0.946667,0.946667
1.751119,0.946667,0.946667
1.751520,0.946667,0.946667
1.751922,0.946667,0.946667
1.752323,0.946667,0.946667
1.752726,0.946667,0.946667
1.753127,0.946667,0.946667
1.753528,0.946667,0.946667
1.753930,0.946667,0.946667
1.754331,0.946667,0.946667
1.754733,0.946667,0.946667
1.755134,0.946667,0.946667
1.755536,0.946667,0.946667
1.755937,0.946667,0.946667
1.756340,0.946667,0.946667
1.756742,0.946667,0.946667
1.757144,0.946667,0.946667
1.757545,0.946667,0.946667
1.757948,0.946667,0.946667
1.758349,0.946667,0.946667
1.758751,0.946667,0.946667
1.759153,0.946667,0.946667
1.759554,0.946667,0.946667
1.759955,0.946667,0.946667
1.760357,0.946667,0.946667
1.760759,0.946667,0.946667
1.761160,0.946667,0.946667
1.761561,0.946667,0.946667
1.761962,0.946667,0.946667
1.762363,0.946667,0.946667
1.762764,0.946667,0.946667
1.763166,0.946667,0.946667
1.763567,0.946667,0.946667
1.763969,0.946667,0.946667
1.764370,0.946667,0.946667
1.764772,0.946667,0.946667
1.765174,0.946667,0.946667
1.765575,0.946667,0.946667
1.765976,0.946667,0.946667
1.766377,0.946667,0.946667
1.766778,0.946667,0.946667
1.767179,0.946667,0.946667
1.767582,0.946667,0.946667
1.767983,0.946667,0.946667
1.768386,0.946667,0.946667
1.768787,0.946667,0.946667
1.769188,0.946667,0.946667
1.769589,0.946667,0.946667
1.769990,0.946667,0.946667
1.770391,0.946667,0.946667
1.770792,0.946667,0.946667
1.771193,0.946667,0.946667
1.771595,0.946667,0.946667
1.771996,0.946667,0.946667
1.772397,0.946667,0.946667
1.772798,0.946667,0.946667
1.773199,0.946667,0.946667
1.773600,0.946667,0.946667
1.774002,0.946667,0.946667
1.774404,0.946667,0.946667
1.774806,0.946667,0.946667
1.775207,0.946667,0.946667
1.775608,0.946667,0.946667
1.776010,0.946667,0.946667
1.776411,0.946667,0.946667
1.776812,0.946667,0.946667
1.777214,0.946667,0.946667
1.777615,0.946667,0.946667
1.778017,0.946667,0.946667
1.778418,0.973333,0.946667
1.778819,0.946667,0.946667
1.779220,0.946667,0.946667
1.779623,0.946667,0.946667
1.780024,0.946667,0.946667
1.780425,0.946667,0.946667
1.780826,0.946667,0.946667
1.781227,0.966667,0.946667
1.781628,0.953333,0.946667
1.782030,0.946667,0.946667
1.782431,0.953333,0.946667
1.782833,1.020000,0.946667
1.783234,0.973333,0.946667
1.783635,1.013333,0.946667
1.784036,1.026667,0.946667
1.784437,1.006667,0.946667
1.784838,1.026667,0.946667
1.785240,1.033333,0.946667
1.785641,1.046667,1.073333
1.786043,1.053333,0.946667
1.786446,1.193333,0.946667
1.786847,1.086667,0.946667
1.787249,1.080000,0.946667
1.787650,1.060000,0.946667
1.788051,1.133333,0.946667
1.788452,1.113333,0.946667
1.788854,1.126667,0.946667
1.789256,1.113333,0.946667
1.789658,1.126667,0.946667
1.790059,1.153333,0.946667
1.790460,1.173333,0.946667
1.790862,1.186667,0.946667
1.791263,1.253333,0.973333
1.791664,1.113333,0.946667
1.792066,1.213333,0.946667
1.792468,1.206667,0.946667
1.792869,1.280000,0.986667
1.793271,1.313333,0.960000
1.793672,1.213333,0.953333
1.794073,1.293333,0.986667
1.794476,1.266667,0.960000
1.794877,1.286667,1.040000
1.795278,1.320000,1.000000
1.795679,1.253333,1.013333
1.796082,1.326667,1.033333
1.796484,1.320000,1.046667
1.796886,1.333333,1.046667
1.797287,1.326667,1.033333
1.797689,1.333333,1.080000
1.798090,1.400000,1.033333
1.798491,1.366667,1.260000
1.798892,1.393333,1.100000
1.799293,1.413333,1.086667
1.799694,1.446667,1.140000
1.800096,1.606667,1.206667
1.800497,1.446667,1.213333
1.800899,1.420000,1.173333
1.801300,1.460000,1.173333
1.801701,1.480000,1.240000
1.802103,1.533333,1.200000
1.802504,1.506667,1.240000
1.802908,1.533333,1.180000
1.803311,1.560000,1.213333
1.803712,1.553333,1.220000
1.804113,1.560000,1.240000
1.804516,1.493333,1.300000
1.804917,1.580000,1.300000
1.805320,1.593333,1.273333
1.805721,1.626667,1.300000
1.806123,1.633333,1.273333
1.806524,1.660000,1.300000
1.806925,1.640000,1.326667
1.807327,1.646667,1.326667
1.807728,1.700000,1.340000
1.808130,1.693333,1.393333
1.808531,1.706667,1.386667
1.808932,1.720000,1.386667
1.809334,1.693333,1.373333
1.809735,1.660000,1.386667
1.810137,1.733333,1.526667
1.810539,1.740000,1.440000
1.810941,1.853333,1.453333
1.811343,1.773333,1.420000
1.811746,1.773333,1.460000
1.812147,1.826667,1.480000
1.812549,1.773333,1.513333
1.812950,1.800000,1.513333
1.813351,1.873333,1.546667
1.813752,1.886667,1.553333
1.814153,1.900000,1.520000
1.814555,1.906667,1.560000
1.814956,1.946667,1.586667
1.815357,1.913333,1.586667
1.815758,1.940000,1.586667
1.816159,1.946667,1.520000
1.816560,1.993333,1.613333
1.816962,2.146667,1.646667
1.817363,2.046667,1.620000
1.817764,1.986667,1.640000
1.818165,2.060000,1.706667
1.818567,2.073333,1.666667
1.818969,2.106667,1.720000
1.819370,2.086667,1.766667
1.819772,2.093333,1.773333
1.820173,2.153333,1.640000
1.820574,2.106667,1.726667
1.820976,2.093333,1.753333
1.821377,2.153333,1.793333
1.821779,2.160000,1.793333
1.822180,2.180000,1.833333
1.822581,2.186667,1.846667
1.822983,2.166667,1.820000
1.823384,2.193333,1.853333
1.823786,2.246667,1.853333
1.824187,2.326667,1.900000
1.824588,2.280000,1.906667
1.824990,2.366667,1.993333
1.825392,2.306667,1.920000
1.825793,2.300000,1.926667
1.826194,2.306667,1.926667
1.826595,2.360000,2.026667
1.826997,2.313333,2.000000
1.827398,2.386667,1.740000
1.827799,2.313333,1.906667
1.828200,2.340000,1.993333
1.828602,2.386667,2.000000
1.829003,2.473333,2.100000
1.829404,2.473333,2.053333
1.829806,2.513333,2.086667
1.830207,2.473333,2.080000
1.830608,2.500000,2.100000
1.831010,2.513333,2.120000
1.831412,2.533333,2.126667
1.831813,2.513333,2.173333
1.832214,2.526667,2.173333
1.832615,2.613333,2.180000
1.833017,2.613333,2.180000
1.833418,2.613333,2.206667
1.833820,2.633333,2.233333
1.834221,2.620000,2.286667
1.834622,2.660000,2.146667
1.835024,2.640000,2.253333
1.835425,2.693333,2.300000
1.835826,2.706666,2.260000
1.836228,2.653333,2.346667
1.836630,2.800000,2.346667
1.837031,2.766667,2.306667
1.837432,2.753333,2.393333
1.837833,2.780000,2.293333
1.838235,2.840000,2.400000
1.838636,2.820000,2.400000
1.839037,2.860000,2.433333
1.839438,2.860000,2.440000
1.839839,2.893333,2.426666
1.840240,2.886667,2.466667
1.840641,2.900000,2.506666
1.841042,2.926667,2.486667
1.841443,2.946667,2.513333
1.841844,2.966666,2.520000
1.842246,2.960000,2.526667
1.842647,2.980000,2.433333
1.843048,3.000000,2.526667
1.843451,3.040000,2.613333
1.843852,3.073333,2.526667
1.844253,3.133333,2.646667
1.844654,3.000000,2.613333
1.845056,3.093333,2.646667
1.845457,3.126667,2.680000
1.845859,3.066667,2.706666
1.846260,3.140000,2.706666
1.846661,3.153333,2.706666
1.847063,3.186666,2.760000
1.847464,3.206667,2.760000
1.847866,3.226667,2.786667
1.848267,3.246666,2.786667
1.848668,3.246666,2.873333
1.849069,3.280000,2.766667
1.849472,3.313333,2.866667
1.849873,3.273333,2.860000
1.850275,3.313333,2.813333
1.850677,3.393333,2.880000
1.851078,3.340000,2.946667
1.851479,3.353333,2.906667
1.851880,3.400000,2.926667
1.852282,3.400000,2.960000
1.852684,3.440000,2.973333
1.853085,3.473333,2.980000
1.853486,3.480000,3.020000
1.853888,3.520000,3.100000
1.854289,3.520000,3.133333
1.854690,3.553333,3.060000
1.855092,3.553333,3.080000
1.855493,3.593333,3.106667
1.855895,3.593333,3.133333
1.856297,3.613333,3.026667
1.856699,3.646667,3.133333
1.857100,3.646667,3.153333
1.857501,3.646667,3.173333
1.857903,3.586667,3.220000
1.858305,3.700000,3.213333
1.858706,3.666667,3.266667
1.859107,3.720000,3.253333
1.859508,3.786667,3.306667
1.859909,3.786667,3.280000
1.860310,3.793333,3.300000
1.860711,3.860000,3.313333
1.861113,3.853333,3.313333
1.861515,3.860000,3.320000
1.861916,3.860000,3.366667
1.862317,3.926666,3.420000
1.862718,3.933333,3.486667
1.863119,3.980000,3.433333
1.863521,3.986666,3.446667
1.863922,4.000000,3.486667
1.864323,4.020000,3.466666
1.864724,4.040000,3.486667
1.865126,4.106667,3.520000
1.865529,4.080000,3.533333
1.865930,4.100000,3.560000
1.866331,4.106667,3.593333
1.866733,4.113333,3.540000
1.867135,4.166667,3.600000
1.867536,4.206666,3.653333
1.867937,4.186666,3.653333
1.868338,4.193333,3.660000
1.868740,4.193333,3.660000
1.869142,4.273333,3.726667
1.869543,4.273333,3.746666
1.869944,4.173333,3.700000
1.870347,4.326666,3.193333
1.870748,4.326666,3.746666
1.871149,4.346667,3.746666
1.871550,4.360000,3.840000
1.871951,4.400000,3.833333
1.872352,4.373333,3.900000
1.872753,4.413333,3.906667
1.873154,4.446667,3.900000
1.873556,4.460000,3.953333
1.873957,4.486666,3.926666
1.874358,4.553333,3.953333
1.874759,4.553333,3.980000
1.875161,4.553333,4.020000
1.875563,4.566667,4.040000
1.875964,4.620000,4.073333
1.876365,4.613333,4.100000
1.876767,4.633333,4.060000
1.877170,4.753333,4.100000
1.877571,4.646667,4.126667
1.877972,4.826666,4.013333
1.878374,4.660000,4.186666
1.878776,4.766666,4.206666
1.879177,4.660000,4.200000
1.879578,4.713333,4.226666
1.879980,4.793333,4.240000
1.880381,4.813333,4.280000
1.880782,4.853333,4.266666
1.881183,4.880000,4.313334
1.881584,4.880000,4.313334
1.881985,4.900000,4.340000
1.882387,4.926667,4.360000
1.882789,4.926667,4.346667
1.883191,4.946666,4.440000
1.883592,5.013333,4.400000
1.883994,5.020000,4.453333
1.884395,5.040000,4.373333
1.884796,5.053333,4.486666
1.885198,5.040000,4.446667
1.885600,5.073333,4.506667
1.886002,5.133333,4.546667
1.886403,4.993333,4.553333
1.886804,5.153333,4.586667
1.887205,5.166667,4.540000
1.887606,5.240000,4.606667
1.888008,5.233334,4.626667
1.888409,5.240000,4.660000
1.888810,5.240000,4.673333
1.889211,5.266667,4.720000
1.889612,5.333333,4.706666
1.890013,5.353333,4.726666
1.890415,5.313333,4.720000
1.890816,5.380000,4.766666
1.891217,5.400000,4.806667
1.891620,5.413333,4.826666
1.892021,5.440000,4.893333
1.892422,5.506666,4.986667
1.892823,5.486667,4.973333
1.893224,5.500000,4.886666
1.893627,5.546667,4.926667
1.894029,5.546667,4.926667
1.894430,5.586667,4.960000
1.894831,5.586667,4.926667
1.895232,5.553333,5.026667
1.895634,5.640000,5.006667
1.896036,5.586667,5.026667
1.896437,5.713333,5.060000
1.896839,5.693333,5.060000
1.897241,5.740000,5.073333
1.897642,5.753333,5.100000
1.898044,5.773333,5.166667
1.898445,5.786666,5.213333
1.898847,5.833333,5.186666
1.899248,5.800000,5.240000
1.899650,5.880000,5.206666
1.900051,5.886667,5.246666
1.900452,5.853333,5.273333
1.900853,5.933333,4.940000
1.901255,5.980000,5.320000
1.901656,5.980000,5.333333
1.902057,5.986667,5.353333
1.902458,6.020000,5.393333
1.902859,6.046667,5.406666
1.903261,6.100000,5.313333
1.903662,6.133333,5.373333
1.904064,6.106667,5.440000
1.904465,6.186666,5.486667
1.904867,6.173333,5.500000
1.905269,6.200000,5.473333
1.905671,6.226666,5.553333
1.906073,6.260000,5.553333
1.906474,6.273333,5.586667
1.906875,6.320000,5.593333
1.907276,6.286667,5.646667
1.907677,6.306666,5.586667
1.908078,6.273333,5.666667
1.908481,6.340000,5.706666
1.908882,6.413333,5.706666
1.909283,6.420000,5.746666
1.909684,6.453333,5.673333
1.910085,6.486667,5.820000
1.910486,6.506667,5.833333
1.910888,6.546667,5.760000
1.911290,6.686666,5.853333
1.911692,6.493333,5.860000
1.912093,6.633333,5.866666
1.912495,6.653333,5.920000
1.912896,6.660000,5.946667
1.913298,6.686666,5.926667
1.913699,6.740000,5.946667
1.914100,6.733333,5.980000
1.914503,6.820000,6.026667
1.914909,6.786666,6.006667
1.915310,6.806667,6.100000
1.915711,6.853333,6.106667
1.916112,6.873333,6.013333
1.916513,6.893333,6.120000
1.916915,6.926667,6.226666
1.917316,6.920000,6.206666
1.917717,6.953333,6.206666
1.918119,6.980000,6.213333
1.918520,6.986666,6.286667
1.918921,7.006667,6.326666
1.919322,7.066666,6.293333
1.919725,7.053333,6.373333
1.920126,7.073333,6.453333
1.920527,7.100000,6.453333
1.920929,7.133334,6.393333
1.921330,7.166667,6.433333
1.921731,7.173333,6.433333
1.922132,7.200000,6.466667
1.922534,7.260000,6.520000
1.922935,7.266667,6.480000
1.923338,7.266667,6.513333
1.923741,7.300000,6.600000
1.924142,7.326666,6.546667
1.924543,7.360000,6.620000
1.924944,7.360000,6.666667
1.925347,7.413333,6.640000
1.925748,7.440000,6.633333
1.926149,7.433333,6.693333
1.926551,7.446666,6.733333
1.926952,7.440000,6.766666
1.927353,7.533333,6.813333
1.927755,7.566667,6.813333
1.928157,7.586667,6.813333
1.928558,7.633333,6.820000
1.928959,7.653333,6.886666
1.929362,7.653333,6.886666
1.929764,7.633333,6.926667
1.930167,7.700000,6.960000
1.930569,7.700000,6.953333
1.930970,7.740000,6.953333
1.931371,7.766666,6.993333
1.931772,7.780000,6.986666
1.932173,7.846667,7.066666
1.932576,7.906666,7.046667
1.932977,7.873333,6.973333
1.933378,7.960000,7.113333
1.933779,7.886666,7.106667
1.934181,7.946667,7.133334
1.934583,7.980000,7.153333
1.934984,7.920000,7.166667
1.935386,8.046666,7.153333
1.935787,8.026667,7.219999
1.936189,7.920000,7.166667
1.936590,8.113333,7.286667
1.936991,8.100000,7.300000
1.937393,8.200000,7.333333
1.937794,8.166667,7.353333
1.938196,8.186666,7.353333
1.938598,8.206666,7.273333
1.938999,8.220000,7.446666
1.939400,8.226666,7.420000
1.939802,8.293333,7.466667
1.940204,8.259999,7.500000
1.940605,8.366667,7.513333
1.941006,8.353333,7.506667
1.941408,8.386666,7.553333
1.941809,8.406667,7.600000
1.942210,8.433333,7.606667
1.942611,8.453333,7.626667
1.943012,8.506666,7.673333
1.943414,8.480000,7.686666
1.943815,8.573333,7.686666
1.944217,8.486667,7.773333
1.944619,8.566667,7.760000
1.945021,8.606667,7.753333
1.945422,8.673333,7.753333
1.945823,8.700000,7.813334
1.946224,8.700000,7.866666
1.946625,8.719999,7.873333
1.947027,8.733333,7.880000
1.947430,8.740000,7.886666
1.947831,8.826667,7.893333
1.948232,8.800000,7.946667
1.948633,8.833333,8.006666
1.949035,8.839999,8.026667
1.949436,8.873333,8.139999
1.949838,8.920000,8.040000
1.950239,8.873333,8.120000
1.950640,8.986667,8.080000
1.951041,8.973332,8.100000
1.951442,9.013333,8.166667
1.951844,8.993333,8.160000
1.952245,9.053333,8.166667
1.952646,9.226666,8.080000
1.953049,9.093333,8.233334
1.953450,9.179999,8.286667
1.953852,9.160000,8.220000
1.954253,9.206667,8.286667
1.954654,9.220000,8.360000
1.955057,9.240000,8.360000
1.955459,9.246666,8.373333
1.955861,9.280000,8.393332
1.956262,9.299999,8.420000
1.956663,9.340000,8.460000
1.957064,9.446667,8.473333
1.957465,9.346666,8.506666
1.957867,9.346666,8.579999
1.958269,9.473333,8.566667
1.958670,9.553333,8.586666
1.959071,9.520000,8.573333
1.959472,9.573333,8.646667
1.959874,9.540000,8.639999
1.960276,9.573333,8.660000
1.960677,9.686666,8.666666
1.961078,9.646667,8.806666
1.961479,9.666667,8.673333
1.961880,9.693333,8.780000
1.962281,9.713333,8.639999
1.962683,9.719999,8.740000
1.963085,9.773333,8.806666
1.963486,9.780000,8.846666
1.963888,9.813334,8.839999
1.964290,9.806666,8.886666
1.964691,9.873333,8.906666
1.965093,9.873333,8.913333
1.965496,9.886666,8.973332
1.965897,9.933333,9.000000
1.966299,9.953333,9.013333
1.966700,9.973333,9.033333
1.967102,10.000000,9.066667
1.967504,10.046666,9.093333
1.967908,10.046666,9.093333
1.968309,10.086666,9.126666
1.968711,10.093333,9.126666
1.969112,10.153333,9.206667
1.969514,9.906666,9.240000
1.969915,10.059999,9.213333
1.970316,10.133333,9.233333
1.970717,10.033333,9.326667
1.971119,10.246666,9.273334
1.971520,10.306666,9.206667
1.971922,10.320000,9.340000
1.972323,10.326667,9.346666
1.972724,10.380000,9.346666
1.973125,10.400000,9.299999
1.973526,10.413333,9.346666
1.973928,10.460000,9.499999
1.974330,10.480000,9.493333
1.974731,10.513333,9.499999
1.975132,10.533334,9.553333
1.975533,10.526667,9.646667
1.975935,10.586667,9.613334
1.976337,10.580000,9.639999
1.976738,10.573333,9.646667
1.977139,10.639999,9.633333
1.977540,10.679999,9.633333
1.977942,10.480000,9.706666
1.978343,10.593333,9.673333
1.978744,10.740000,9.773333
1.979146,10.800000,9.766666
1.979547,10.793333,9.806666
1.979948,10.846666,9.833333
1.980351,10.833333,9.860000
1.980753,10.879999,9.893332
1.981154,10.866667,9.793333
1.981555,10.913333,9.953333
1.981956,10.966666,9.959999
1.982357,10.973333,9.966666
1.982759,10.986667,10.000000
1.983160,11.013332,9.986667
1.983562,11.020000,10.053333
1.983963,11.066667,10.080000
1.984364,11.066667,10.126667
1.984766,11.046666,10.113333
1.985169,11.133333,10.140000
1.985570,11.166666,10.153333
1.985971,11.200000,10.460000
1.986372,11.186666,9.973333
1.986773,11.273333,10.320000
1.987175,11.246667,10.286666
1.987576,11.353333,10.313334
1.987978,11.273333,10.286666
1.988381,11.326667,10.320000
1.988782,11.366667,10.353333
1.989183,11.380000,10.373333
1.989584,11.440000,10.406667
1.989985,11.473332,10.433333
1.990388,11.460000,10.426666
1.990789,11.506666,10.493333
1.991190,11.486667,10.486666
1.991592,11.506666,10.553332
1.991994,11.553333,10.566667
1.992395,11.586667,10.533334
1.992796,11.620000,10.593333
1.993198,11.666666,10.620000
1.993599,11.660000,10.413333
1.994001,11.706667,10.679999
1.994403,11.720000,10.693333
1.994804,11.766666,10.720000
1.995205,11.799999,10.793333
1.995607,11.753333,10.686666
1.996009,11.813333,10.766666
1.996410,11.820000,10.759999
1.996812,11.846666,10.759999
1.997213,11.886666,10.840000
1.997616,11.906667,10.840000
1.998017,11.920000,10.860000
1.998420,11.966666,10.893332
1.998821,11.973333,10.946666
1.999223,11.993333,10.946666
1.999624,11.993333,11.046666
2.000025,12.066666,11.193334
2.000427,12.086666,11.020000
2.000828,12.106667,11.033333
2.001230,12.200000,11.086666
2.001632,12.166667,11.133333
2.002033,12.233334,11.106667
2.002436,12.246667,11.133333
2.002838,12.193333,11.160000
2.003240,12.380000,11.180000
2.003641,12.320000,11.206666
2.004042,12.313334,11.253333
2.004445,12.293333,11.240000
2.004846,12.413333,11.286666
2.005248,12.420000,11.333333
2.005650,12.433333,11.240000
2.006051,12.433333,11.333333
2.006453,12.480000,11.386666
2.006855,12.520000,11.386666
