0.000000,2.400000,2.246667
0.000401,2.460000,2.180000
0.000802,2.446667,2.186667
0.001203,2.513333,2.206667
0.001604,2.506666,2.213333
0.002005,2.533333,2.240000
0.002408,2.526667,2.233333
0.002809,2.566667,2.266667
0.003210,2.586667,2.260000
0.003611,2.600000,2.313333
0.004012,2.613333,2.326667
0.004413,2.613333,2.273333
0.004814,2.646667,2.320000
0.005216,2.633333,2.346667
0.005617,2.693333,2.373333
0.006018,2.646667,2.386667
0.006420,2.693333,2.393333
0.006821,2.706666,2.426666
0.007222,2.740000,2.433333
0.007623,2.773333,2.473333
0.008024,2.780000,2.406667
0.008426,2.620000,2.486667
0.008827,2.733333,2.493333
0.009228,2.833333,2.533333
0.009630,2.840000,2.553333
0.010032,2.860000,2.533333
0.010433,2.860000,2.553333
0.010834,2.900000,2.553333
0.011236,2.900000,2.500000
0.011637,2.946667,2.560000
0.012040,2.953333,2.640000
0.012441,2.946667,2.626667
0.012842,3.013333,2.640000
0.013243,2.986667,2.646667
0.013644,3.013333,2.700000
0.014045,3.126667,2.706666
0.014447,3.046667,2.753333
0.014849,3.106667,2.746667
0.015251,3.086667,2.766667
0.015653,3.113333,2.780000
0.016054,3.100000,2.780000
0.016456,3.160000,2.813333
0.016857,3.200000,2.800000
0.017260,3.153333,2.866667
0.017661,3.180000,2.833333
0.018062,3.240000,2.846667
0.018463,3.240000,2.886667
0.018864,3.226667,2.900000
0.019266,3.240000,2.960000
0.019667,3.280000,2.926667
0.020068,3.300000,2.960000
0.020470,3.333333,2.973333
0.020871,3.320000,2.993333
0.021272,3.326667,2.986667
0.021673,3.346666,3.020000
0.022074,3.393333,3.026667
0.022476,3.480000,3.046667
0.022877,3.413333,3.073333
0.023279,3.446667,3.073333
0.023680,3.466666,3.126667
0.024081,3.513333,3.086667
0.024482,3.486667,3.133333
0.024883,3.526666,3.153333
0.025284,3.613333,3.133333
0.025687,3.513333,3.166667
0.026090,3.586667,3.166667
0.026492,3.593333,3.220000
0.026893,3.593333,3.486667
0.027294,3.600000,3.233333
0.027695,3.793333,3.293333
0.028098,3.653333,3.306667
0.028500,3.686666,3.300000
0.028901,3.680000,3.313333
0.029304,3.760000,3.313333
0.029706,3.720000,3.426666
0.030107,3.786667,3.400000
0.030509,3.773333,3.440000
0.030910,3.893333,3.406667
0.031312,3.840000,3.440000
0.031714,3.833333,3.426666
0.032115,3.866667,3.426666
0.032517,3.873333,3.493333
0.032919,3.980000,3.493333
0.033320,4.073333,3.533333
0.033721,4.040000,3.480000
0.034123,3.880000,3.546667
0.034524,3.986666,3.646667
0.034925,4.006667,3.580000
0.035327,4.020000,3.626667
0.035728,4.040000,3.640000
0.036129,4.073333,3.660000
0.036530,4.053333,3.660000
0.036933,4.106667,3.686666
0.037334,4.120000,3.706666
0.037735,4.100000,3.713333
0.038137,4.173333,3.746666
0.038539,4.180000,3.740000
0.038940,4.193333,3.833333
0.039341,4.200000,3.746666
0.039742,4.246667,3.833333
0.040143,4.260000,3.866667
0.040545,4.360000,3.873333
0.040946,4.293333,3.900000
0.041347,4.373333,3.920000
0.041748,4.340000,3.926666
0.042150,4.360000,3.960000
0.042552,4.373333,3.980000
0.042955,4.453333,4.000000
0.043357,4.380000,3.993333
0.043759,4.440000,4.020000
0.044160,4.460000,4.046667
0.044562,4.480000,4.040000
0.044963,4.480000,4.080000
0.045365,4.486666,4.093333
0.045767,4.493333,4.120000
0.046168,4.553333,4.120000
0.046569,4.586667,4.193333
0.046971,4.546667,4.146667
0.047372,4.653333,4.206666
0.047773,4.646667,4.186666
0.048174,4.680000,4.206666
0.048576,4.700000,4.260000
0.048978,4.700000,4.280000
0.049380,4.720000,4.266666
0.049781,4.726666,4.326666
0.050183,4.773334,4.353333
0.050585,4.740000,4.353333
0.050986,4.820000,4.393333
0.051388,4.866667,4.373333
0.051789,4.866667,4.480000
0.052192,4.880000,4.546667
0.052594,4.886666,4.453333
0.052995,4.913333,4.473333
0.053397,4.940000,4.573333
0.053799,4.966667,4.506667
0.054200,4.966667,4.526667
0.054602,5.000000,4.553333
0.055003,5.006667,4.573333
0.055405,5.040000,4.593333
0.055806,5.013333,4.586667
0.056207,5.173333,4.633333
0.056608,5.133333,4.713333
0.057011,5.066667,4.680000
0.057413,5.166667,4.713333
0.057814,5.173333,4.613333
0.058215,5.220000,4.886666
0.058617,5.166667,4.713333
0.059020,5.226666,4.786666
0.059422,5.306666,4.766666
0.059824,5.293334,4.800000
0.060225,5.320000,4.826666
0.060627,5.320000,4.853333
0.061028,5.346666,4.873333
0.061429,5.380000,4.913333
0.061830,5.400000,4.886666
0.062232,5.446666,4.940000
0.062634,5.420000,4.893333
0.063037,5.473333,4.966667
0.063438,5.506666,4.940000
0.063841,5.493333,5.213333
0.064242,5.493333,5.026667
0.064644,5.533333,5.060000
0.065045,5.560000,5.066667
0.065447,5.593333,5.093333
0.065848,5.640000,5.133333
0.066249,5.613333,5.126667
0.066650,5.640000,5.146667
0.067051,5.673333,5.166667
0.067452,5.800000,5.206666
0.067853,5.740000,5.180000
0.068258,5.753333,5.240000
0.068659,5.773333,5.273333
0.069060,5.766666,5.306666
0.069462,5.820000,5.253333
0.069863,5.833333,5.386667
0.070265,5.853333,5.353333
0.070667,5.866666,5.486667
0.071069,5.886667,5.393333
0.071471,5.906666,5.400000
0.071873,5.940000,5.420000
0.072274,5.933333,5.440000
0.072675,6.000000,5.493333
0.073077,6.020000,5.553333
0.073478,6.026667,5.520000
0.073879,6.100000,5.539999
0.074280,6.113333,5.573333
0.074681,6.106667,5.586667
0.075082,6.220000,5.586667
0.075484,6.193333,5.580000
0.075885,6.186666,5.666667
0.076287,6.266666,5.660000
0.076688,6.213333,5.673333
0.077089,6.260000,5.953333
0.077490,6.286667,5.700000
0.077892,6.293333,5.760000
0.078293,6.293333,5.793334
0.078694,6.326666,5.793334
0.079095,6.353333,5.820000
0.079496,6.386667,5.820000
0.079897,6.413333,5.853333
0.080299,6.446667,5.886667
0.080700,6.466667,5.906666
0.081101,6.466667,6.006667
0.081503,6.520000,5.926667
0.081904,6.546667,5.980000
0.082306,6.546667,5.966666
0.082707,6.540000,6.020000
0.083109,6.586667,5.966666
0.083510,6.546667,5.953333
0.083911,6.660000,6.086667
0.084313,6.533333,6.120000
0.084714,6.880000,6.106667
0.085115,6.733333,6.000000
0.085516,6.773334,5.946667
0.085918,6.806667,6.220000
0.086320,6.880000,6.206666
0.086723,6.833333,6.220000
0.087125,6.860000,6.266666
0.087526,6.880000,6.266666
0.087927,6.900000,6.293333
0.088328,6.913333,6.313334
0.088729,6.933333,6.320000
0.089131,6.993333,6.373333
0.089532,7.066666,6.373333
0.089935,6.966666,6.433333
0.090336,7.060000,6.466667
0.090737,7.080000,6.526666
0.091139,7.113333,6.480000
0.091540,7.126667,6.426666
0.091942,7.173333,6.546667
0.092343,7.160000,6.546667
0.092744,7.213333,6.693333
0.093145,7.226666,6.666667
0.093547,7.253334,6.633333
0.093948,7.260000,6.686666
0.094349,7.313333,6.706667
0.094752,7.313333,6.706667
0.095153,7.353333,6.713333
0.095555,7.360000,6.740000
0.095957,7.426666,6.780000
0.096358,7.380000,6.833333
0.096760,7.426666,6.826667
0.097162,7.493333,6.840000
0.097563,7.493333,6.813333
0.097965,7.513333,6.886666
0.098367,7.579999,6.920000
0.098768,7.593334,6.913333
0.099170,7.600000,6.986666
0.099572,7.600000,6.986666
0.099973,7.626667,7.046667
0.100374,7.666667,6.993333
0.100776,7.760000,7.080000
0.101177,7.706666,7.060000
0.101579,7.753333,7.113333
0.101980,7.766666,7.140000
0.102382,7.780000,7.126667
0.102783,7.806666,7.166667
0.103185,7.826667,7.173333
0.103587,7.873333,7.213333
0.103988,7.873333,7.253334
0.104389,7.906666,7.246666
0.104790,7.933333,7.260000
0.105192,7.953333,7.253334
0.105593,7.993333,7.113333
0.105994,8.026667,7.340000
0.106395,8.046666,7.393333
0.106796,8.000000,7.406666
0.107197,8.059999,7.420000
0.107599,8.126666,7.420000
0.108000,8.139999,7.453333
0.108401,8.160000,7.506667
0.108802,8.286667,7.506667
0.109204,8.166667,7.513333
0.109605,8.120000,7.540000
0.110006,8.246666,7.586667
0.110408,8.246666,7.606667
0.110809,8.300000,7.620000
0.111210,8.326666,7.686666
0.111611,8.326666,7.600000
0.112012,8.373333,7.686666
0.112414,8.386666,7.773333
0.112815,8.446666,7.693334
0.113217,8.480000,7.786666
0.113619,8.520000,7.753333
0.114020,8.486667,7.840000
0.114421,8.486667,7.813334
0.114822,8.566667,7.846667
0.115223,8.566667,7.866666
0.115625,8.620000,7.873333
0.116026,8.639999,8.000000
0.116428,8.746667,8.013333
0.116829,8.773333,8.086667
0.117230,8.766666,7.926667
0.117632,8.653333,7.980000
0.118033,8.719999,8.053332
0.118435,8.753333,8.059999
0.118836,8.806666,8.100000
0.119237,8.833333,8.120000
0.119638,8.866667,8.139999
0.120039,8.880000,8.126666
0.120440,8.893333,8.200000
0.120841,8.920000,8.179999
0.121244,8.940000,8.240000
0.121645,8.973332,8.200000
0.122047,9.013333,8.253333
0.122449,9.039999,8.300000
0.122850,9.053333,8.426667
0.123252,9.066667,8.360000
0.123654,9.106667,8.373333
0.124055,9.133333,8.393332
0.124456,9.126666,8.420000
0.124857,9.220000,8.446666
0.125260,9.206667,8.420000
0.125661,9.233333,8.599999
0.126062,9.140000,8.533333
0.126463,9.166666,8.473333
0.126864,9.313333,8.613334
0.127266,9.320000,8.606667
0.127667,9.346666,8.599999
0.128068,9.346666,8.639999
0.128469,9.346666,8.646667
0.128872,9.393333,8.706666
0.129273,9.466666,8.706666
0.129676,9.493333,8.740000
0.130077,9.526667,8.740000
0.130478,9.553333,8.740000
0.130880,9.593333,8.806666
0.131281,9.666667,8.820000
0.131682,9.613334,8.820000
0.132083,9.653333,8.866667
0.132484,9.693333,8.913333
0.132886,9.719999,8.913333
0.133287,9.740000,9.093333
0.133690,9.766666,8.920000
0.134092,9.713333,8.993333
0.134494,9.820000,9.059999
0.134896,9.906666,9.086667
0.135298,9.873333,9.053333
0.135699,9.866667,9.093333
0.136101,9.900000,9.093333
0.136502,9.946667,9.126666
0.136904,9.966666,9.166666
0.137306,9.959999,9.173333
0.137708,10.006667,9.186666
0.138109,10.026666,9.173333
0.138510,10.046666,9.266666
0.138911,10.120000,9.273334
0.139313,10.066667,9.313333
0.139714,10.140000,9.340000
0.140115,10.153333,9.266666
0.140516,10.173333,9.346666
0.140919,10.219999,9.346666
0.141321,10.219999,9.460000
0.141722,10.286666,9.540000
0.142123,10.380000,9.466666
0.142524,10.233333,9.533333
0.142926,10.320000,9.520000
0.143328,10.373333,9.559999
0.143729,10.360000,9.586666
0.144131,10.393333,9.613334
0.144533,10.446667,9.633333
0.144935,10.480000,9.639999
0.145336,10.493333,9.686666
0.145737,10.500000,9.706666
0.146138,10.460000,9.759999
0.146539,10.600000,9.733334
0.146940,10.580000,9.673333
0.147341,10.593333,9.633333
0.147742,10.646667,9.680000
0.148144,10.639999,9.853333
0.148546,10.700000,9.860000
0.148947,10.733334,9.893332
0.149348,10.726666,9.940001
0.149749,10.746666,9.893332
0.150151,10.833333,9.966666
0.150553,10.800000,9.966666
0.150954,10.813333,9.993333
0.151356,10.840000,10.006667
0.151758,10.900000,10.073334
0.152160,10.900000,10.080000
0.152561,10.933333,10.066667
0.152962,10.966666,10.133333
0.153363,10.980000,10.126667
0.153764,11.000000,10.166666
0.154166,11.026667,10.200000
0.154568,11.033333,10.226666
0.154969,11.093333,10.240000
0.155371,11.113334,10.260000
0.155772,11.346666,10.260000
0.156173,11.226666,10.306666
0.156575,11.193334,10.306666
0.156976,11.306666,10.380000
0.157377,11.246667,10.406667
0.157779,11.226666,10.393333
0.158180,11.326667,10.486666
0.158581,11.360000,10.453333
0.158982,11.353333,10.466667
0.159384,11.360000,10.493333
0.159785,11.386666,10.500000
0.160186,11.386666,10.500000
0.160587,11.440000,10.580000
0.160988,11.426666,10.606667
0.161390,11.486667,10.666667
0.161792,11.493333,10.633333
0.162193,11.386666,10.646667
0.162595,11.500000,10.773334
0.162996,11.573333,10.466667
0.163397,11.593333,10.746666
0.163800,11.640000,10.753333
0.164201,11.653334,10.773334
0.164602,11.653334,10.773334
0.165003,11.693333,10.833333
0.165405,11.720000,10.766666
0.165806,11.726666,10.873333
0.166207,11.780000,10.866667
0.166608,12.046667,10.900000
0.167009,11.820000,10.926667
0.167410,11.866666,10.980000
0.167813,11.966666,10.960000
0.168214,11.900000,11.013332
0.168616,11.940000,10.866667
0.169017,11.926666,11.046666
0.169419,11.960000,11.073333
0.169820,11.986667,11.066667
0.170221,12.033333,11.113334
0.170622,12.139999,11.146667
0.171023,12.066666,11.166666
0.171425,12.086666,11.200000
0.171827,12.046667,11.193334
0.172228,12.100000,11.133333
0.172629,12.080000,11.233333
0.173030,12.226666,11.226666
0.173431,12.266666,11.273333
0.173832,12.259999,11.306666
0.174234,12.300000,11.360000
0.174635,12.326666,11.366667
0.175038,12.339999,11.366667
0.175440,12.373333,11.446667
0.175841,12.380000,11.546666
0.176243,12.446667,11.453334
0.176645,12.453333,11.506666
0.177046,12.433333,11.493333
0.177448,12.493333,11.539999
0.177850,12.506667,11.539999
0.178251,12.486667,11.599999
0.178652,12.573334,11.580000
0.179053,12.586666,11.580000
0.179455,12.620000,11.660000
0.179856,12.633333,11.660000
0.180260,12.673333,11.686666
0.180661,12.660000,11.720000
0.181063,12.726666,11.700000
0.181466,12.700000,11.726666
0.181868,12.766666,11.780000
0.182269,12.766666,11.733333
0.182670,12.806666,11.793333
0.183071,12.826667,11.906667
0.183473,12.866666,11.886666
0.183874,12.860000,11.866666
0.184275,12.900000,11.893333
0.184677,12.926666,11.906667
0.185079,12.946667,11.946667
0.185481,12.960000,11.986667
0.185882,12.980000,11.999999
0.186284,13.000000,12.059999
0.186685,13.053332,12.066666
0.187087,13.080000,12.073333
0.187489,13.093333,12.066666
0.187890,13.146667,12.066666
0.188293,13.126666,12.126666
0.188694,13.146667,12.133333
0.189095,13.173333,12.186666
0.189496,13.153334,12.213333
0.189897,13.259999,12.246667
0.190299,13.240000,12.240000
0.190701,13.240000,12.273333
0.191102,13.286667,12.333333
0.191503,13.306666,12.246667
0.191906,13.326666,12.480000
0.192307,13.433333,12.420000
0.192708,13.346667,12.413333
0.193109,13.339999,12.420000
0.193510,13.440000,12.420000
0.193911,13.460000,12.426666
0.194314,13.500000,12.493333
0.194715,13.513332,12.520000
0.195118,13.526667,12.586666
0.195520,13.546667,12.573334
0.195921,13.593333,12.593333
0.196322,13.613334,12.599999
0.196724,13.599999,12.613333
0.197125,13.646666,12.633333
0.197527,13.686666,12.646667
0.197928,13.706666,12.673333
0.198329,13.720000,12.726666
0.198730,13.759999,12.713333
0.199132,13.766666,12.766666
0.199534,13.799999,12.766666
0.199935,13.799999,12.820000
0.200336,13.779999,12.806666
0.200738,13.846665,12.846666
0.201140,13.860000,12.853333
0.201542,13.906666,12.926666
0.201943,13.926666,12.866666
0.202345,13.946667,12.940000
0.202747,13.973332,12.960000
0.203148,14.013333,12.953333
0.203549,14.013333,12.966667
0.203950,14.039999,13.066667
0.204352,14.086666,13.040000
0.204755,14.120000,13.026667
0.205156,14.126666,13.120000
0.205557,14.146667,13.073333
0.205958,14.166666,13.179999
0.206360,14.186666,13.120000
0.206761,14.193333,13.153334
0.207162,14.206667,13.146667
0.207564,14.253333,13.193333
0.207966,14.253333,13.206666
0.208367,14.306665,13.313333
0.208768,14.433332,13.286667
0.209169,14.373332,13.246666
0.209572,14.360000,13.360000
0.209973,14.393332,13.360000
0.210375,14.420000,13.353333
0.210776,14.426666,13.353333
0.211178,14.466667,13.386665
0.211579,14.473333,13.379999
0.211980,14.486667,13.440000
0.212381,14.533334,13.466666
0.212782,14.573334,13.460000
0.213183,14.540000,13.500000
0.213585,14.593332,13.613334
0.213986,14.653333,13.539999
0.214388,14.713333,13.613334
0.214789,14.620000,13.559999
0.215191,14.640000,13.586667
0.215593,14.706667,13.620000
0.215995,14.706667,13.646666
0.216396,14.746666,13.613334
0.216797,14.706667,13.680000
0.217198,14.659999,13.646666
0.217599,14.806666,13.606666
0.218000,14.806666,13.746667
0.218401,14.860001,13.746667
0.218804,14.866667,13.799999
0.219205,14.893332,13.820000
0.219607,14.906667,13.813334
0.220008,14.906667,13.833333
0.220409,14.946667,13.846665
0.220810,15.020000,13.906666
0.221211,15.073333,13.900000
0.221612,15.013333,13.960000
0.222014,15.126667,13.906666
0.222415,15.133333,13.920000
0.222816,15.119999,13.999999
0.223218,15.159999,14.080000
0.223620,15.179999,14.053333
0.224021,15.206666,14.033333
0.224422,15.219999,14.066666
0.224824,15.240000,14.113334
0.225225,15.213333,14.126666
0.225626,15.300000,14.173332
0.226027,15.306666,14.180000
0.226429,15.293332,14.140000
0.226830,15.353333,14.173332
0.227231,15.340000,14.206667
0.227633,15.359999,14.246667
0.228034,15.433333,14.259999
0.228435,15.406667,14.253333
0.228836,15.413333,14.273334
0.229238,15.520000,14.320000
0.229639,15.473333,14.273334
0.230041,15.486666,14.360000
0.230442,15.540000,14.420000
0.230843,15.566667,14.393332
0.231244,15.599999,14.420000
0.231645,15.646666,14.406667
0.232046,15.666666,14.420000
0.232448,15.619999,14.433332
0.232849,15.660000,14.493333
0.233251,15.686666,14.346666
0.233652,15.713334,14.513333
0.234054,15.786667,14.520000
0.234456,15.733333,14.693333
0.234857,15.760000,14.506667
0.235260,15.780001,14.600000
0.235661,15.819999,14.613333
0.236063,15.839999,14.633332
0.236464,15.833333,14.633332
0.236865,15.873333,14.659999
0.237266,15.893333,14.686666
0.237668,15.946666,14.666667
0.238069,15.933333,14.719999
0.238470,15.940000,14.753333
0.238871,15.946666,14.800000
0.239273,16.026667,14.793334
0.239674,16.026667,14.813333
0.240075,16.033333,14.820000
0.240477,16.053333,14.886666
0.240878,16.093332,14.833332
0.241280,16.086666,14.873333
0.241681,16.146666,14.953333
0.242082,16.246666,14.906667
0.242483,16.173334,14.893332
0.242884,16.186666,14.913333
0.243286,16.213333,14.873333
0.243688,16.240000,14.953333
0.244089,16.233332,14.953333
0.244491,16.266666,14.953333
0.244892,16.266666,15.080000
0.245293,16.240000,15.093332
0.245695,16.353333,15.133333
0.246096,16.340000,15.139999
0.246497,16.359999,15.139999
0.246899,16.406666,15.179999
0.247300,16.433332,15.213333
0.247701,16.440001,15.173333
0.248102,16.493332,15.253334
0.248503,16.486666,15.246666
0.248904,16.460001,15.280000
0.249306,16.493332,15.313333
0.249707,16.533333,15.326667
0.250108,16.533333,15.306666
0.250509,16.586666,15.306666
0.250910,16.526667,15.393333
0.251311,16.619999,15.333333
0.251714,16.660000,15.393333
0.252115,16.633331,15.433333
0.252516,16.693333,15.366667
0.252919,16.680000,15.426665
0.253321,16.719999,15.473333
0.253724,16.733334,15.500000
0.254125,16.759998,15.500000
0.254526,16.746666,15.493332
0.254927,16.779999,15.506666
0.255328,16.786665,15.573333
0.255730,16.793333,15.546666
0.256131,16.826666,15.573333
0.256533,16.846666,15.773333
0.256935,16.846666,15.586667
0.257336,16.866667,15.700000
0.257737,16.799999,15.639999
0.258138,16.866667,15.639999
0.258540,16.906666,15.646666
0.258941,16.886665,15.666666
0.259342,16.926666,15.500000
0.259743,16.953333,15.720000
0.260144,16.966667,15.753332
0.260546,16.966667,15.760000
0.260948,16.993334,15.780001
0.261349,16.993334,15.819999
0.261750,17.033333,15.786667
0.262152,17.046665,15.839999
0.262553,16.986668,15.860000
0.262954,17.093332,15.913334
0.263355,17.086666,15.906666
0.263756,17.053333,15.720000
0.264158,17.133333,15.986667
0.264560,17.166666,15.940000
0.264961,17.126667,15.920000
0.265362,17.113333,15.993333
0.265763,17.073334,15.960000
0.266164,17.219999,16.039999
0.266565,17.219999,15.920000
0.266966,17.253334,15.920000
0.267368,17.326666,16.093332
0.267769,17.186666,16.099998
0.268170,17.233334,16.020000
0.268571,17.306665,16.099998
0.268973,17.293333,16.133333
0.269374,17.326666,16.240000
0.269776,17.346666,16.160000
0.270177,17.366667,16.180000
0.270578,17.386667,16.213333
0.270980,17.413332,16.219999
0.271381,17.393333,16.200001
0.271782,17.413332,16.253332
0.272184,17.439999,16.273333
0.272585,17.453333,16.406666
0.272986,17.466665,16.306667
0.273387,17.500000,16.353333
0.273788,17.500000,16.353333
0.274189,17.520000,16.366665
0.274591,17.533333,16.366665
0.274993,17.533333,16.279999
0.275394,17.586666,16.446667
0.275796,17.566666,16.420000
0.276198,17.606667,16.433332
0.276599,17.580000,16.440001
0.277000,17.626667,16.433332
0.277402,17.653334,16.473333
0.277804,17.660000,16.480000
0.278205,17.679998,16.460001
0.278606,17.706665,16.539999
0.279007,17.666666,16.526667
0.279408,17.760000,16.593334
0.279810,17.706665,16.573334
0.280211,17.719999,16.619999
0.280613,17.760000,16.646666
0.281014,17.766666,16.626665
0.281415,17.793333,16.633331
0.281816,17.799999,16.633331
0.282218,17.840000,16.646666
0.282620,17.833332,16.706667
0.283021,17.813332,16.726667
0.283423,17.726665,16.726667
0.283824,17.886667,16.733334
0.284225,17.866667,16.773333
0.284626,17.840000,16.766666
0.285027,17.906668,16.766666
0.285429,17.933332,16.786665
0.285831,17.953333,16.799999
0.286232,17.966665,16.786665
0.286633,17.926666,16.786665
0.287034,18.000000,16.806665
0.287436,18.046667,16.806665
0.287837,18.013332,16.826666
0.288239,18.020000,16.873333
0.288641,18.040001,16.900000
0.289042,18.033333,16.879999
0.289444,18.053333,16.873333
0.289846,18.073332,16.886665
0.290247,18.020000,16.900000
0.290648,18.099998,16.959999
0.291049,18.093332,16.933332
0.291450,18.139999,16.926666
0.291852,18.166666,17.073334
0.292254,18.113333,16.986668
0.292655,18.113333,16.980000
0.293056,18.173334,16.980000
0.293457,18.199999,16.973333
0.293858,18.206665,16.980000
0.294260,18.033333,16.993334
0.294661,18.213333,17.013332
0.295062,18.240000,17.273333
0.295464,18.286667,17.039999
0.295865,18.260000,17.053333
0.296266,18.280001,17.073334
0.296667,18.333332,17.100000
0.297069,18.313334,17.100000
0.297470,18.320000,17.106667
0.297872,18.346666,17.100000
0.298273,18.353333,17.146666
0.298674,18.373333,17.159998
0.299076,18.366667,17.146666
0.299477,18.373333,17.139999
0.299878,18.346666,17.159998
0.300280,18.393333,17.199999
0.300681,18.486666,17.219999
0.301082,18.433334,17.206667
0.301483,18.393333,17.219999
0.301885,18.486666,17.260000
0.302286,18.459999,17.213333
0.302687,18.453333,17.213333
0.303089,18.500000,17.219999
0.303490,18.513332,17.333332
0.303891,18.526667,17.286665
0.304293,18.520000,17.279999
0.304695,18.559999,17.326666
0.305096,18.566668,17.333332
0.305497,18.653334,17.333332
0.305898,18.573334,17.360001
0.306299,18.593332,17.333332
0.306700,18.599998,17.313332
0.307102,18.626665,17.400000
0.307503,18.599998,17.333332
0.307904,18.633333,17.406666
0.308306,18.633333,17.400000
0.308707,18.606665,17.393333
0.309108,18.653334,17.320000
0.309509,18.539999,17.406666
0.309910,18.726665,17.433332
0.310312,18.706667,17.473333
0.310714,18.706667,17.493334
0.311116,18.726665,17.473333
0.311517,18.746666,17.653334
0.311918,18.746666,17.473333
0.312320,18.773333,17.606667
0.312722,18.706667,17.533333
0.313124,18.786667,17.513334
0.313526,18.773333,17.486666
0.313927,18.799999,17.539999
0.314328,18.779999,17.539999
0.314729,18.786667,17.539999
0.315131,18.806667,17.539999
0.315533,18.840000,17.626667
0.315934,18.826666,17.600000
0.316335,18.866665,17.626667
0.316737,18.879999,17.653334
0.317139,18.813334,17.633333
0.317540,18.859999,17.633333
0.317942,18.826666,17.613333
0.318343,18.926666,17.653334
0.318744,18.893333,17.653334
0.319146,18.906666,17.673332
0.319547,18.926666,17.673332
0.319948,18.966667,17.746666
0.320349,18.933332,17.679998
0.320750,18.966667,17.719999
0.321151,18.980000,17.726665
0.321553,18.953333,17.733334
0.321954,18.973333,17.760000
0.322356,19.026667,17.746666
0.322758,19.013332,17.746666
0.323159,19.013332,17.766666
0.323560,19.026667,17.733334
0.323962,19.033333,17.753334
0.324363,19.086666,17.799999
0.324765,19.059999,17.780001
0.325167,19.073334,17.826666
0.325569,18.953333,17.859999
0.325970,19.126665,17.873333
0.326371,19.166666,17.920000
0.326773,19.100000,17.833332
0.327174,19.113333,17.840000
0.327575,19.113333,17.873333
0.327977,19.126665,17.873333
0.328379,19.146666,17.873333
0.328781,19.139999,17.879999
0.329182,19.146666,17.886667
0.329583,19.153332,17.906668
0.329984,19.160000,17.879999
0.330386,19.186666,17.913334
0.330787,19.219999,17.939999
0.331188,19.219999,17.933332
0.331589,19.193333,17.926666
0.331990,19.219999,17.926666
0.332391,19.226667,17.913334
0.332792,19.233334,17.846666
0.333193,19.240000,17.886667
0.333595,19.233334,17.973333
0.333996,19.233334,17.933332
0.334397,19.299999,17.966665
0.334798,19.259998,17.993332
0.335200,19.306665,18.020000
0.335601,19.279999,18.020000
0.336002,19.279999,18.020000
0.336403,19.313334,18.033333
0.336804,19.320000,18.020000
0.337205,19.299999,18.013332
0.337606,19.360001,18.020000
0.338007,19.326666,18.040001
0.338408,19.333334,18.046667
0.338809,19.346666,18.079998
0.339211,19.366667,18.066666
0.339612,19.346666,18.099998
0.340014,19.373333,18.040001
0.340416,19.373333,18.006666
0.340817,19.420000,18.126667
0.341218,19.366667,18.146666
0.341620,19.353334,18.046667
0.342022,19.426666,18.113333
0.342423,19.426666,18.086666
0.342825,19.413332,18.126667
0.343227,19.420000,18.053333
0.343629,19.426666,18.139999
0.344030,19.426666,18.126667
0.344432,19.453333,18.153334
0.344833,19.400000,18.160000
0.345234,19.439999,18.166666
0.345635,19.433332,18.160000
0.346036,19.459999,18.160000
0.346437,19.453333,18.160000
0.346838,19.480000,18.186666
0.347239,19.506666,18.166666
0.347641,19.506666,18.206665
0.348042,19.506666,18.333332
0.348443,19.480000,18.273333
0.348845,19.533333,18.206665
0.349247,19.526665,18.213333
0.349648,19.533333,18.233332
0.350049,19.539999,18.199999
0.350451,19.546665,18.226665
0.350853,19.546665,18.313334
0.351254,19.546665,18.266666
0.351655,19.553333,18.240000
0.352057,19.559999,18.253332
0.352458,19.533333,18.260000
0.352859,19.593332,18.266666
0.353260,19.586666,18.273333
0.353661,19.600000,18.246666
0.354062,19.573334,18.286667
0.354463,19.613333,18.273333
0.354864,19.580000,18.273333
0.355266,19.586666,18.333332
0.355667,19.639999,18.299999
0.356068,19.686666,18.313334
0.356470,19.626667,18.286667
0.356871,19.639999,18.293333
0.357273,19.673332,18.353333
0.357674,19.639999,18.326666
0.358076,19.673332,18.339998
0.358478,19.666666,18.346666
0.358879,19.553333,18.339998
0.359280,19.713333,18.320000
0.359681,19.613333,18.333332
0.360082,19.679998,18.346666
0.360483,19.673332,18.346666
0.360884,19.639999,18.339998
0.361286,19.666666,18.346666
0.361687,19.679998,18.353333
0.362088,19.679998,18.353333
0.362489,19.693333,18.393333
0.362890,19.699999,18.373333
0.363292,19.686666,18.273333
0.363693,19.719999,18.320000
0.364094,19.760000,18.293333
0.364496,19.666666,18.339998
0.364897,19.679998,18.346666
0.365299,19.726667,18.393333
0.365700,19.726667,18.400000
0.366101,19.740000,18.366667
0.366503,19.726667,18.400000
0.366904,19.726667,18.366667
0.367306,19.793333,18.413334
0.367707,19.760000,18.400000
0.368108,19.786665,18.400000
0.368510,19.773333,18.426666
0.368912,19.773333,18.420000
0.369313,19.740000,18.406666
0.369714,19.760000,18.413334
0.370117,19.746666,18.440001
0.370518,19.753334,18.353333
0.370920,19.779999,18.400000
0.371321,19.766666,18.426666
0.371722,19.740000,18.420000
0.372124,19.799999,18.446667
0.372526,19.779999,18.426666
0.372928,19.760000,18.440001
0.373329,19.779999,18.446667
0.373730,19.793333,18.420000
0.374131,19.793333,18.426666
0.374533,19.799999,18.466665
0.374934,19.820000,18.440001
0.375335,19.799999,18.500000
0.375736,19.793333,18.513332
0.376137,19.833332,18.459999
0.376539,19.793333,18.459999
0.376941,19.786665,18.393333
0.377342,19.793333,18.466665
0.377744,19.799999,18.473331
0.378145,19.793333,18.459999
0.378547,19.820000,18.459999
0.378948,19.840000,18.459999
0.379349,19.820000,18.466665
0.379750,19.826666,18.473331
0.380151,19.840000,18.466665
0.380552,19.820000,18.500000
0.380953,19.820000,18.473331
0.381355,19.826666,18.473331
0.381756,19.813332,18.446667
0.382158,19.740000,18.486666
0.382560,19.826666,18.473331
0.382962,19.813332,18.473331
0.383364,19.833332,18.486666
0.383765,19.840000,18.493332
0.384166,19.840000,18.520000
0.384568,19.833332,18.526667
0.384970,19.806665,18.486666
0.385372,19.826666,18.486666
0.385773,19.846666,18.513332
0.386174,19.826666,18.473331
0.386575,19.846666,18.506666
0.386977,19.840000,18.486666
0.387379,19.860001,18.500000
0.387781,19.840000,18.506666
0.388182,19.846666,18.466665
0.388583,19.813332,18.493332
0.388984,19.826666,18.500000
0.389385,19.986666,18.493332
0.389786,19.880001,18.486666
0.390187,19.840000,18.493332
0.390588,19.833332,18.533333
0.390989,19.820000,18.506666
0.391390,19.846666,18.493332
0.391791,19.833332,18.520000
0.392193,19.853333,18.466665
0.392594,19.873333,18.493332
0.392995,19.786665,18.586666
0.393396,19.826666,18.486666
0.393797,19.806665,18.486666
0.394199,19.826666,18.506666
0.394600,19.853333,18.486666
0.395001,19.820000,18.486666
0.395402,19.826666,18.493332
0.395804,19.846666,18.480000
0.396206,19.833332,18.373333
0.396607,19.813332,18.493332
0.397008,19.840000,18.506666
0.397410,19.806665,18.553333
0.397811,19.799999,18.466665
0.398213,19.833332,18.313334
0.398615,19.840000,18.473331
0.399017,19.813332,18.493332
0.399419,19.886667,18.513332
0.399820,19.820000,18.486666
0.400221,19.806665,18.480000
0.400622,19.860001,18.446667
0.401023,19.826666,18.459999
0.401424,19.840000,18.466665
0.401826,19.806665,18.486666
0.402228,19.820000,18.500000
0.402630,19.826666,18.473331
0.403032,19.786665,18.446667
0.403434,19.820000,18.440001
0.403835,19.806665,18.480000
0.404237,19.786665,18.513332
0.404638,19.779999,18.473331
0.405039,19.833332,18.440001
0.405441,19.840000,18.440001
0.405844,19.766666,18.533333
0.406245,19.779999,18.506666
0.406646,19.773333,18.473331
0.407047,19.740000,18.406666
0.407449,19.820000,18.426666
0.407850,19.793333,18.453333
0.408252,19.766666,18.426666
0.408654,19.779999,18.553333
0.409056,19.820000,18.426666
0.409457,19.840000,18.413334
0.409858,19.760000,18.266666
0.410260,19.786665,18.406666
0.410661,19.753334,18.400000
0.411062,19.760000,18.359999
0.411463,19.760000,18.406666
0.411864,19.740000,18.406666
0.412266,19.766666,18.373333
0.412667,19.726667,18.306667
0.413068,19.746666,18.406666
0.413469,19.753334,18.440001
0.413871,19.726667,18.393333
0.414273,19.719999,18.393333
0.414674,19.686666,18.326666
0.415075,19.740000,18.493332
0.415476,19.699999,18.333332
0.415877,19.733334,18.406666
0.416279,19.733334,18.386665
0.416680,19.713333,18.393333
0.417082,19.713333,18.366667
0.417483,19.713333,18.446667
0.417884,19.580000,18.400000
0.418286,19.699999,18.420000
0.418688,19.693333,18.313334
0.419089,19.699999,18.366667
0.419490,19.726667,18.366667
0.419891,19.686666,18.306667
0.420293,19.659998,18.366667
0.420694,19.679998,18.333332
0.421095,19.653332,18.373333
0.421496,19.653332,18.339998
0.421897,19.606667,18.333332
0.422299,19.639999,18.333332
0.422700,19.653332,18.299999
0.423101,19.639999,18.273333
0.423502,19.666666,18.286667
0.423904,19.633333,18.306667
0.424306,19.639999,18.299999
0.424708,19.626667,18.333332
0.425110,19.519999,18.273333
0.425511,19.546665,18.233332
0.425913,19.526665,18.273333
0.426314,19.506666,18.193333
0.426715,19.593332,18.286667
0.427116,19.606667,18.266666
0.427517,19.580000,18.166666
0.427919,19.580000,18.219999
0.428320,19.586666,18.266666
0.428721,19.566666,18.246666
0.429122,19.586666,18.240000
0.429524,19.600000,18.246666
0.429925,19.566666,18.273333
0.430327,19.573334,18.266666
0.430728,19.553333,18.213333
0.431130,19.546665,18.206665
0.431532,19.526665,18.219999
0.431933,19.553333,18.213333
0.432334,19.559999,18.146666
0.432735,19.546665,18.219999
0.433136,19.480000,18.193333
0.433537,19.373333,18.186666
0.433938,19.446667,18.186666
0.434340,19.480000,18.160000
0.434742,19.573334,18.020000
0.435144,19.459999,18.079998
0.435545,19.446667,18.180000
0.435947,19.480000,18.166666
0.436348,19.506666,18.160000
0.436749,19.433332,18.086666
0.437151,19.433332,18.146666
0.437553,19.439999,18.106667
0.437954,19.426666,18.119999
0.438355,19.433332,18.113333
0.438756,19.439999,18.106667
0.439157,19.400000,18.126667
0.439558,19.406666,18.099998
0.439959,19.373333,18.099998
0.440361,19.420000,18.099998
0.440762,19.393332,18.113333
0.441163,19.360001,18.086666
0.441564,19.353334,18.046667
0.441965,19.353334,18.146666
0.442366,19.299999,18.059999
0.442767,19.340000,18.013332
0.443169,19.326666,18.026667
0.443570,19.326666,18.106667
0.443972,19.306665,18.073332
0.444374,19.293333,18.020000
0.444775,19.306665,18.006666
0.445177,19.286665,18.013332
0.445578,19.306665,18.013332
0.445980,19.259998,18.000000
0.446381,19.299999,18.000000
0.446782,19.233334,17.973333
0.447184,19.240000,17.973333
0.447585,19.093334,17.939999
0.447987,19.246666,17.973333
0.448388,19.233334,17.966665
0.448790,19.226667,17.953333
0.449191,19.219999,17.953333
0.449592,19.193333,17.973333
0.449994,19.326666,17.906668
0.450395,19.200001,17.900000
0.450796,19.193333,17.953333
0.451198,19.146666,17.893333
0.451599,19.246666,17.886667
0.452000,19.139999,17.886667
0.452401,19.106667,17.879999
0.452802,19.119999,17.846666
0.453203,19.139999,17.873333
0.453605,19.113333,17.859999
0.454007,19.106667,17.820000
0.454408,19.106667,17.813332
0.454809,19.126665,17.879999
0.455210,18.946667,17.873333
0.455612,19.053333,17.820000
0.456013,19.080000,17.813332
0.456415,19.113333,17.820000
0.456816,19.046667,17.786667
0.457218,19.046667,17.813332
0.457619,19.006666,17.760000
0.458020,19.026667,17.746666
0.458422,19.013332,17.713333
0.458823,18.999998,17.746666
0.459224,18.879999,17.746666
0.459625,18.999998,17.733334
0.460026,19.073334,17.719999
0.460428,18.960001,17.713333
0.460829,18.966667,17.693333
0.461231,18.953333,17.693333
0.461633,18.946667,17.726665
0.462035,18.866665,17.679998
0.462436,18.886665,17.693333
0.462837,18.893333,17.673332
0.463239,18.906666,17.693333
0.463640,18.873333,17.653334
0.464041,18.873333,17.626667
0.464443,18.846666,17.699999
0.464844,18.846666,17.626667
0.465245,18.840000,17.613333
0.465646,18.813334,17.593332
0.466048,18.806667,17.806665
0.466449,18.806667,17.639999
0.466850,18.820000,17.539999
0.467251,18.853333,17.459999
0.467652,18.766666,17.520000
0.468054,18.859999,17.513334
0.468455,18.766666,17.493334
0.468856,18.733332,17.506666
0.469260,18.873333,17.473333
0.469661,18.713333,17.400000
0.470062,18.713333,17.473333
0.470463,18.700001,17.473333
0.470865,18.693333,17.459999
0.471266,18.680000,17.453333
0.471667,18.660000,17.406666
0.472068,18.646666,17.406666
0.472470,18.660000,17.419998
0.472871,18.646666,17.419998
0.473272,18.646666,17.419998
0.473673,18.619999,17.386667
0.474074,18.706667,17.360001
0.474476,18.599998,17.380001
0.474877,18.586666,17.346666
0.475279,18.580000,17.299999
0.475680,18.573334,17.313332
0.476081,18.546667,17.333332
0.476483,18.573334,17.273333
0.476885,18.513332,17.286665
0.477287,18.513332,17.266666
0.477688,18.480000,17.273333
0.478090,18.480000,17.266666
0.478491,18.466665,17.219999
0.478892,18.413334,17.186666
0.479293,18.459999,17.233334
0.479694,18.440001,17.186666
0.480095,18.426666,17.233334
0.480496,18.400000,17.186666
0.480898,18.400000,17.193333
0.481300,18.426666,17.199999
0.481702,18.386665,17.153332
0.482103,18.420000,17.186666
0.482504,18.353333,17.146666
0.482906,18.320000,17.126667
0.483307,18.313334,17.106667
0.483708,18.299999,17.073334
0.484109,18.160000,17.093332
0.484510,18.286667,17.086666
0.484911,18.280001,17.026665
0.485313,18.260000,17.026665
0.485714,18.240000,16.973333
0.486115,18.219999,17.013332
0.486516,18.253332,17.026665
0.486918,18.219999,16.973333
0.487320,18.180000,16.986668
0.487721,18.240000,16.980000
0.488123,18.166666,16.939999
0.488524,18.166666,16.959999
0.488925,18.146666,16.953333
0.489327,18.086666,16.939999
0.489730,18.139999,16.926666
0.490131,18.099998,16.906666
0.490532,18.093332,16.900000
0.490933,18.079998,16.873333
0.491335,18.079998,16.900000
0.491736,18.046667,16.860001
0.492137,18.053333,16.860001
0.492539,18.046667,16.826666
0.492941,17.980000,16.866667
0.493342,18.020000,16.726667
0.493744,17.993332,16.806665
0.494145,17.966665,16.786665
0.494546,17.946665,16.846666
0.494947,17.959999,16.833334
0.495348,17.879999,16.753332
0.495749,17.893333,16.786665
0.496150,17.886667,16.793333
0.496551,17.873333,16.700001
0.496952,17.879999,16.619999
0.497354,17.840000,16.706667
0.497755,17.873333,16.713333
0.498157,17.813332,16.686666
0.498558,17.840000,16.706667
0.498960,17.840000,16.646666
0.499361,17.820000,16.686666
0.499762,17.766666,16.613333
0.500164,17.740000,16.446667
0.500566,17.706665,16.586666
0.500967,17.740000,16.600000
0.501368,17.733334,16.686666
0.501770,17.760000,16.559999
0.502172,17.679998,16.553333
0.502573,17.626667,16.546667
0.502974,17.660000,16.506666
0.503375,17.660000,16.486666
0.503776,17.619999,16.453333
0.504178,17.619999,16.460001
0.504580,17.619999,16.446667
0.504981,17.613333,16.406666
0.505382,17.539999,16.346666
0.505783,17.619999,16.413332
0.506184,17.480000,16.359999
0.506586,17.459999,16.359999
0.506987,17.506666,16.379999
0.507388,17.513334,16.306667
0.507790,17.480000,16.273333
0.508191,17.520000,16.306667
0.508592,17.446667,16.246666
0.508993,17.406666,16.326666
0.509394,17.419998,16.253332
0.509796,17.433332,16.266666
0.510197,17.366667,16.240000
0.510598,17.400000,16.173334
0.511000,17.346666,16.166666
0.511401,17.346666,16.180000
0.511802,17.326666,16.146666
0.512203,17.326666,16.139999
0.512604,17.279999,16.106665
0.513005,17.266666,16.106665
0.513407,17.279999,16.066668
0.513808,17.219999,16.093332
0.514209,17.320000,16.046667
0.514611,17.226667,16.006666
0.515012,17.199999,16.013332
0.515413,17.146666,15.953332
0.515814,17.166666,15.980000
0.516215,17.159998,15.960000
0.516616,17.093332,15.920000
0.517018,17.139999,15.946666
0.517419,17.059999,15.920000
0.517820,17.093332,15.819999
0.518221,17.046665,15.866667
0.518622,17.206667,15.860000
0.519023,16.913332,15.853333
0.519425,17.013332,15.799999
0.519826,17.006666,15.806666
0.520227,16.986668,15.773333
0.520628,16.986668,15.799999
0.521029,16.933332,15.740000
0.521430,16.926666,15.733333
0.521831,16.926666,15.773333
0.522232,16.826666,15.693334
0.522633,16.879999,15.693334
0.523034,16.906666,15.686666
0.523435,16.866667,15.653334
0.523836,16.853334,15.653334
0.524237,16.853334,15.606667
0.524639,16.853334,15.573333
0.525041,16.833334,15.579999
0.525443,16.793333,15.493332
0.525844,16.813334,15.546666
0.526245,16.793333,15.413333
0.526646,16.746666,15.533333
0.527047,16.746666,15.486666
0.527449,16.719999,15.480000
0.527850,16.713333,15.466666
0.528252,16.686666,15.413333
0.528654,16.673332,15.393333
0.529055,16.613333,15.400000
0.529456,16.573334,15.393333
0.529857,16.619999,15.393333
0.530260,16.639999,15.340000
0.530661,16.566666,15.320001
0.531063,16.633331,15.393333
0.531465,16.539999,15.340000
0.531867,16.526667,15.273333
0.532268,16.480000,15.219999
0.532670,16.480000,15.226665
0.533071,16.440001,15.240000
0.533472,16.446667,15.219999
0.533873,16.400000,15.213333
0.534275,16.400000,15.179999
0.534678,16.359999,15.159999
0.535079,16.346666,15.146667
0.535481,16.313334,15.100000
0.535883,16.326666,15.086666
0.536285,16.273333,15.080000
0.536688,16.259998,14.953333
0.537089,16.246666,14.953333
0.537491,16.213333,14.953333
0.537894,16.206667,14.953333
0.538295,16.186666,14.953333
0.538696,16.186666,14.886666
0.539097,16.153334,14.906667
0.539498,16.113333,14.873333
0.539900,16.099998,14.873333
0.540301,16.119999,14.873333
0.540702,16.080000,14.940000
0.541104,16.020000,14.813333
0.541506,16.006666,14.793334
0.541907,15.973332,14.800000
0.542308,16.000000,14.793334
0.542709,16.013332,14.753333
0.543110,15.973332,14.613333
0.543511,15.913334,14.693333
0.543913,15.893333,14.666667
0.544314,15.866667,14.640000
0.544715,15.833333,14.640000
0.545118,15.839999,14.620000
0.545519,15.833333,14.533334
0.545920,15.760000,14.580000
0.546321,15.773333,14.573334
0.546724,15.746666,14.540000
0.547126,15.726666,14.513333
0.547527,15.713334,14.520000
0.547928,15.633333,14.533334
0.548329,15.606667,14.426666
0.548730,15.639999,14.446667
0.549132,15.579999,14.433332
0.549533,15.573333,14.413333
0.549935,15.613333,14.386666
0.550336,15.526667,14.360000
0.550737,15.533333,14.366666
0.551139,15.500000,14.340000
0.551540,15.500000,14.333334
0.551941,15.520000,14.306665
0.552342,15.453334,14.286666
0.552743,15.413333,14.400001
0.553145,15.440000,14.259999
0.553547,15.386667,14.219999
0.553950,15.366667,14.200001
0.554352,15.353333,14.173332
0.554753,15.320001,14.166666
0.555154,15.273333,14.173332
0.555555,15.273333,14.140000
0.555956,15.253334,14.113334
0.556358,15.226665,14.059999
0.556759,15.073333,14.053333
0.557160,15.186667,14.046667
0.557562,15.159999,13.993333
0.557964,15.146667,14.080000
0.558367,15.186667,13.993333
0.558768,15.193334,14.066666
0.559170,15.173333,13.993333
0.559571,15.013333,13.806667
0.559972,15.226665,13.893333
0.560373,14.953333,13.673334
0.560774,14.940000,13.820000
0.561176,14.933333,13.820000
0.561577,14.926667,13.813334
0.561978,14.893332,13.820000
0.562380,14.880000,13.806667
0.562781,14.873333,13.813334
0.563183,14.846666,13.746667
0.563584,14.846666,13.733333
0.563986,14.793334,13.666666
0.564388,14.759999,13.646666
0.564789,14.740000,13.653334
0.565190,14.740000,13.559999
0.565591,14.679999,13.626666
0.565992,14.679999,13.593333
0.566394,14.659999,13.593333
0.566795,14.600000,13.559999
0.567196,14.666667,13.553333
0.567597,14.620000,13.500000
0.567999,14.600000,13.506666
0.568401,14.340000,13.460000
0.568802,14.566666,13.420000
0.569204,14.506667,13.440000
0.569605,14.453333,13.413334
0.570006,14.433332,13.386665
0.570408,14.433332,13.373333
0.570809,14.333334,13.346667
0.571211,14.420000,13.313333
0.571613,14.353333,13.313333
0.572014,14.346666,13.259999
0.572415,14.320000,13.333333
0.572816,14.313334,13.253333
0.573217,14.253333,13.080000
0.573619,14.180000,12.873333
0.574020,14.206667,13.179999
0.574422,14.193333,13.153334
0.574823,14.226666,13.153334
0.575225,14.259999,13.133333
0.575626,14.106666,13.066667
0.576027,14.066666,13.086667
0.576428,13.999999,13.120000
0.576829,14.046667,13.113333
0.577231,14.053333,13.013333
0.577633,13.999999,12.953333
0.578034,13.979999,13.006666
0.578435,13.966666,12.953333
0.578836,13.933332,12.906667
0.579238,13.913332,12.913333
0.579639,13.940001,12.893333
0.580041,13.826666,12.826667
0.580443,13.813334,12.840000
0.580844,13.806667,12.786666
0.581246,13.820000,12.766666
0.581648,13.799999,12.799999
0.582049,13.779999,12.719999
0.582450,13.740001,12.733333
0.582851,13.720000,12.686666
0.583253,13.660000,12.693334
0.583655,13.660000,12.633333
0.584056,13.666666,12.613333
0.584458,13.633333,12.580000
0.584860,13.706666,12.613333
0.585261,13.639999,12.573334
0.585662,13.573333,12.540000
0.586063,13.520000,12.413333
0.586465,13.473332,12.493333
0.586866,13.466666,12.466666
0.587267,13.466666,12.493333
0.587670,13.420000,12.406666
0.588071,13.413334,12.420000
0.588472,13.379999,12.400000
0.588874,13.300000,12.339999
0.589275,13.326666,12.366667
0.589678,13.393333,12.400000
0.590080,13.286667,12.300000
0.590481,13.273334,12.273333
0.590883,13.233334,12.266666
0.591284,13.206666,12.219999
0.591685,13.146667,12.213333
0.592086,13.186666,12.273333
0.592488,13.126666,12.120000
0.592889,13.220000,12.153333
0.593291,12.973333,12.059999
0.593692,13.059999,12.080000
0.594094,13.053332,11.873333
0.594496,13.006666,12.006666
0.594897,13.020000,12.033333
0.595299,12.940000,11.966666
0.595700,12.960000,11.973333
0.596101,12.940000,11.973333
0.596502,12.926666,11.873333
0.596903,12.886666,11.533333
0.597304,12.860000,11.940000
0.597705,12.860000,11.866666
0.598107,12.799999,11.806666
0.598509,12.766666,11.266666
0.598910,12.773334,11.780000
0.599312,12.726666,11.733333
0.599713,12.760000,11.780000
0.600114,12.700000,11.720000
0.600516,12.820000,11.693333
0.600917,12.700000,11.780000
0.601319,12.580000,11.606667
0.601720,12.586666,11.626666
0.602121,12.593333,11.580000
0.602523,12.546666,11.433333
0.602924,12.513333,11.593333
0.603326,12.493333,11.539999
0.603729,12.493333,11.526667
0.604131,12.486667,11.526667
0.604532,12.420000,11.453334
0.604933,12.420000,11.453334
0.605334,12.413333,11.420000
0.605735,12.333333,11.386666
0.606137,12.339999,11.326667
0.606538,12.326666,11.339999
0.606941,12.293333,11.360000
0.607342,12.259999,11.300000
0.607743,12.240000,11.193334
0.608145,12.233334,11.293333
0.608546,12.200000,11.266666
0.608947,12.120000,11.219999
0.609348,12.100000,11.193334
0.609750,12.080000,11.173333
0.610151,12.093333,11.193334
0.610553,12.066666,11.160000
0.610955,12.020000,11.086666
0.611357,11.980000,11.079999
0.611759,11.946667,11.020000
0.612160,11.986667,10.986667
0.612562,11.900000,11.053333
0.612963,11.886666,11.020000
0.613364,11.879999,10.966666
0.613765,11.820000,10.966666
0.614167,11.820000,10.926667
0.614568,11.766666,10.920000
0.614970,11.753333,11.086666
0.615372,11.753333,10.866667
0.615773,11.693333,10.813333
0.616174,11.706667,10.666667
0.616575,11.693333,10.806666
0.616977,11.646667,10.773334
0.617379,11.586667,10.720000
0.617780,11.586667,10.693333
0.618182,11.520000,10.666667
0.618584,11.493333,10.666667
0.618985,11.526667,10.639999
0.619388,11.480000,10.606667
0.619789,11.460000,10.566667
0.620191,11.446667,10.540000
0.620593,11.393333,10.506666
0.620995,11.386666,10.533334
0.621397,11.393333,10.593333
0.621798,11.360000,10.473333
0.622199,11.313334,10.473333
0.622601,11.293333,10.426666
0.623003,11.253333,10.400000
0.623404,11.300000,10.380000
0.623807,11.173333,10.353333
0.624208,11.200000,10.346666
0.624610,11.206666,10.320000
0.625013,11.126667,10.240000
0.625414,11.173333,10.293333
0.625815,11.066667,10.286666
0.626217,11.020000,10.260000
0.626618,11.073333,10.226666
0.627020,11.020000,9.966666
0.627422,11.006666,10.140000
0.627823,10.960000,10.106667
0.628225,10.940000,10.106667
0.628626,10.920000,10.086666
0.629027,10.913333,10.086666
0.629429,10.846666,10.020000
0.629830,10.840000,9.980000
0.630231,10.840000,9.986667
0.630632,10.780000,9.953333
0.631033,10.740000,9.973333
0.631435,10.759999,9.933333
0.631838,10.700000,9.873333
0.632240,10.706666,10.006667
0.632641,10.666667,9.780000
0.633043,10.660000,9.793333
0.633444,10.613333,9.786667
0.633845,10.540000,9.740000
0.634246,10.593333,9.700000
0.634647,10.513333,9.746667
0.635048,10.413333,9.693333
0.635449,10.513333,9.700000
0.635850,10.473333,9.646667
0.636252,10.453333,9.613334
0.636653,10.433333,9.633333
0.637054,10.393333,9.586666
0.637456,10.353333,9.533333
0.637857,10.340000,9.520000
0.638259,10.340000,9.540000
0.638660,10.219999,9.499999
0.639061,10.306666,9.446667
0.639462,10.233333,9.346666
0.639863,10.193334,9.346666
0.640265,10.206667,9.346666
0.640666,10.179999,9.346666
0.641067,10.153333,9.346666
0.641468,10.140000,9.313333
0.641871,10.099999,9.280000
0.642273,10.080000,9.326667
0.642674,9.900000,9.153334
0.643075,9.940001,9.226666
0.643476,9.993333,9.313333
0.643877,9.913333,9.186666
0.644279,9.973333,9.153334
0.644682,9.940001,9.093333
0.645083,9.933333,9.093333
0.645484,9.860000,9.053333
0.645885,9.846666,9.066667
0.646287,9.833333,9.013333
0.646689,9.780000,8.973332
0.647090,9.746667,9.006666
0.647491,9.866667,9.000000
0.647893,9.693333,8.913333
0.648294,9.719999,9.126666
0.648695,9.733334,8.913333
0.649097,9.660000,8.880000
0.649498,9.666667,8.846666
0.649900,9.600000,8.820000
0.650301,9.593333,8.793333
0.650702,9.533333,8.766666
0.651103,9.306666,8.700000
0.651505,9.546667,8.719999
0.651906,9.493333,8.666666
0.652308,9.400000,8.666666
0.652709,9.393333,8.660000
0.653110,9.346666,8.620000
0.653512,9.400000,8.579999
0.653914,9.340000,8.573333
0.654315,9.320000,8.566667
0.654716,9.273334,8.533333
0.655118,9.246666,8.573333
0.655519,9.226666,8.453333
0.655920,9.166666,8.453333
0.656321,9.200000,8.373333
0.656722,9.133333,8.426667
0.657124,9.046666,8.420000
0.657525,8.940000,8.406667
0.657926,9.046666,8.360000
0.658327,9.080000,8.313333
0.658728,9.033333,8.313333
0.659129,8.960000,8.273334
0.659530,8.986667,8.353333
0.659931,8.953334,8.233334
0.660333,8.920000,8.213333
0.660734,8.886666,8.206666
0.661135,8.893333,8.126666
0.661537,8.853333,8.153334
0.661938,8.806666,8.106667
0.662340,8.773333,8.053332
0.662741,8.780000,8.040000
0.663143,8.740000,8.046666
0.663544,8.726666,8.233334
0.663947,8.693334,7.960000
0.664348,8.700000,7.973333
0.664750,8.686666,7.946667
0.665151,8.639999,7.926667
0.665553,8.579999,7.893333
0.665954,8.553333,7.933333
0.666355,8.560000,7.866666
0.666756,8.466666,7.853333
0.667158,8.526667,7.786666
0.667559,8.606667,7.793334
0.667962,8.473333,7.813334
0.668363,8.473333,7.733333
0.668766,8.400000,7.706666
0.669167,8.386666,7.706666
0.669569,8.346666,7.640000
0.669970,8.320000,7.693334
0.670371,8.293333,7.533333
0.670773,8.300000,7.600000
0.671174,8.259999,7.566667
0.671575,8.226666,7.540000
0.671976,8.193333,7.533333
0.672377,8.173333,7.520000
0.672779,8.186666,7.486667
0.673180,8.100000,7.520000
0.673582,8.133333,7.413333
0.673983,8.093333,7.413333
0.674385,8.059999,7.393333
0.674787,7.953333,7.360000
0.675188,7.973333,7.340000
0.675589,7.973333,7.353333
0.675991,7.953333,7.193333
0.676393,7.960000,7.166667
0.676794,8.046666,7.300000
0.677195,7.886666,7.260000
0.677596,7.866666,7.200000
0.677997,7.840000,7.200000
0.678398,7.840000,7.166667
0.678800,7.806666,7.153333
0.679201,7.766666,7.106667
0.679603,7.746666,7.113333
0.680004,7.660000,7.046667
0.680406,7.673333,6.893333
0.680807,7.673333,7.046667
0.681208,7.613333,6.986666
0.681610,7.633333,7.020000
0.682013,7.600000,6.940000
0.682415,7.526666,6.940000
0.682817,7.559999,6.986666
0.683218,7.533333,6.900000
0.683620,7.440000,6.593333
0.684021,7.533333,6.866666
0.684423,7.533333,6.833333
0.684824,7.426666,6.800000
0.685226,7.386667,6.786666
0.685628,7.366667,6.740000
0.686029,7.353333,6.713333
0.686431,7.326666,6.713333
0.686833,7.286667,6.706667
0.687234,7.246666,6.686666
0.687636,7.246666,6.646667
0.688037,7.206666,6.613333
0.688438,7.200000,6.626667
0.688840,7.180000,6.546667
0.689241,7.160000,6.486667
0.689642,7.146667,6.493333
0.690043,7.113333,6.500000
0.690444,7.066666,6.346667
0.690845,7.073333,6.673334
0.691247,7.033333,6.433333
0.691648,6.966666,6.373333
0.692051,7.040000,6.373333
0.692453,6.960000,6.320000
0.692854,6.926667,6.113333
0.693259,6.906667,6.300000
0.693660,6.880000,6.240000
0.694062,6.846666,6.280000
0.694463,6.793334,6.240000
0.694864,6.833333,6.200000
0.695265,6.813333,6.166667
0.695666,6.726666,6.166667
0.696067,6.733333,6.133333
0.696469,6.726666,6.066667
0.696870,6.680000,6.100000
0.697272,6.700000,6.073333
0.697673,6.640000,6.066667
0.698074,6.633333,6.120000
0.698475,6.640000,5.986667
0.698876,6.546667,5.993333
0.699278,6.480000,5.946667
0.699679,6.473333,5.940000
0.700080,6.493333,5.940000
0.700481,6.466667,5.913333
0.700882,6.360000,5.846666
0.701283,6.260000,5.853333
0.701684,6.286667,5.846666
0.702085,6.366666,5.853333
0.702486,6.353333,5.773333
0.702888,6.300000,5.760000
0.703289,6.286667,5.733333
0.703690,6.293333,5.740000
0.704093,6.266666,5.760000
0.704495,6.246666,5.673333
0.704896,6.193333,5.640000
0.705299,6.186666,5.666667
0.705700,6.153333,5.613333
0.706102,6.153333,5.586667
0.706503,6.033333,5.586667
0.706904,6.113333,5.580000
0.707306,6.080000,5.520000
0.707707,5.980000,5.480000
0.708109,6.053333,5.493333
0.708510,5.873333,5.473333
0.708913,5.966666,5.480000
0.709314,5.926667,5.326667
0.709715,5.820000,5.413333
0.710117,5.893333,5.393333
0.710519,5.906666,5.500000
0.710920,5.846666,5.313333
0.711321,5.846666,5.333333
0.711722,5.820000,5.313333
0.712124,5.793334,5.040000
0.712525,5.680000,5.273333
0.712926,5.760000,5.240000
0.713327,5.726667,5.233334
0.713728,5.706666,5.240000
0.714130,5.680000,5.140000
0.714532,5.673333,5.126667
0.714935,5.640000,5.146667
0.715336,5.606667,5.120000
0.715739,5.593333,5.066667
0.716140,5.600000,5.060000
0.716541,5.546667,5.000000
0.716942,5.453333,5.060000
0.717343,5.500000,5.080000
0.717745,5.486667,5.026667
0.718146,5.506666,4.966667
0.718548,5.426667,4.966667
0.718950,5.413333,4.886666
0.719352,5.413333,4.913333
0.719753,5.373333,4.886666
0.720155,5.353333,4.873333
0.720556,5.326667,4.873333
0.720957,5.300000,4.786666
0.721359,5.280000,4.793333
0.721760,5.273333,4.826666
0.722161,5.240000,4.740000
0.722563,5.226666,4.780000
0.722965,5.220000,4.740000
0.723367,5.186666,4.713333
0.723768,5.106667,4.720000
0.724170,5.160000,4.773334
0.724571,5.153333,4.633333
0.724972,5.113333,4.540000
0.725373,5.073333,4.660000
0.725774,5.040000,4.553333
0.726175,5.000000,4.593333
0.726576,5.153333,4.540000
0.726977,5.026667,4.540000
0.727379,4.960000,4.553333
0.727780,4.933333,4.486666
0.728182,4.960000,4.446667
0.728584,4.893333,4.500000
0.728985,4.893333,4.433333
0.729387,4.860000,4.413333
0.729788,4.846666,4.366666
0.730190,4.820000,4.360000
0.730591,4.793333,4.380000
0.730992,4.800000,4.346667
0.731393,4.766666,4.240000
0.731794,4.740000,4.293333
0.732195,4.713333,4.500000
0.732596,4.680000,4.266666
0.732997,4.686666,4.233333
0.733399,4.640000,4.206666
0.733801,4.606667,4.186666
0.734202,4.626667,4.186666
0.734603,4.573333,4.186666
0.735004,4.620000,4.160000
0.735405,4.533333,4.113333
0.735807,4.533333,4.080000
0.736208,4.533333,4.066667
0.736610,4.480000,4.053333
0.737011,4.506667,4.020000
0.737413,4.446667,4.020000
0.737814,4.426666,4.006667
0.738215,4.400000,3.940000
0.738617,4.466667,3.873333
0.739018,4.380000,3.960000
0.739420,4.313334,3.653333
0.739821,4.346667,3.926666
0.740223,4.313334,3.833333
0.740624,4.246667,3.873333
0.741025,4.266666,3.860000
0.741427,4.226666,3.813334
0.741828,4.246667,3.826667
0.742229,4.246667,3.833333
0.742630,4.113333,3.733333
0.743031,4.213334,3.746666
0.743433,4.140000,3.660000
0.743834,4.120000,3.686666
0.744236,4.106667,3.693333
0.744637,4.086667,3.653333
0.745038,4.066667,3.653333
0.745440,4.046667,3.633333
0.745841,4.020000,3.606667
0.746243,4.013333,3.560000
0.746644,4.013333,3.593333
0.747046,3.986666,3.546667
0.747448,3.946667,3.566667
0.747850,3.960000,3.373333
0.748252,3.933333,3.500000
0.748654,3.893333,3.480000
0.749055,3.886667,3.453333
0.749456,3.900000,3.406667
0.749859,3.820000,3.380000
0.750260,3.820000,3.406667
0.750661,3.773333,3.346666
0.751063,3.673333,3.346666
0.751464,3.713333,3.320000
0.751865,3.726667,3.313333
0.752267,3.680000,3.346666
0.752668,3.686666,3.313333
0.753069,3.660000,3.313333
0.753471,3.646667,3.253333
0.753873,3.620000,3.313333
0.754274,3.566667,3.240000
0.754675,3.560000,3.213333
0.755077,3.566667,3.173333
0.755478,3.566667,3.166667
0.755879,3.506667,3.160000
0.756280,3.500000,3.140000
0.756681,3.486667,3.133333
0.757083,3.493333,3.113333
0.757484,3.446667,3.040000
0.757885,3.406667,3.080000
0.758287,3.540000,3.053333
0.758688,3.386667,3.033333
0.759089,3.386667,3.040000
0.759490,3.373333,3.026667
0.759893,3.266667,2.993333
0.760294,3.266667,2.960000
0.760695,3.340000,2.946667
0.761098,3.293333,2.960000
0.761501,3.160000,2.960000
0.761902,3.280000,2.946667
0.762304,3.246666,2.880000
0.762705,3.226667,2.886667
0.763106,3.233333,2.886667
0.763507,3.286667,2.900000
0.763910,3.213333,2.860000
0.764312,3.146667,2.813333
0.764713,3.106667,2.773333
0.765114,3.126667,2.640000
0.765516,3.093333,2.753333
0.765917,3.060000,2.773333
0.766320,3.066667,2.613333
0.766721,3.033333,2.706666
0.767123,3.026667,2.686666
0.767524,3.033333,2.673333
0.767925,3.013333,2.646667
0.768327,2.973333,2.646667
0.768728,2.853333,2.613333
0.769130,2.953333,2.660000
0.769531,2.953333,2.553333
0.769932,2.906667,2.613333
0.770334,2.860000,2.553333
0.770735,3.000000,2.546667
0.771137,2.906667,2.533333
0.771538,2.866667,2.613333
0.771939,2.806667,2.473333
0.772341,2.820000,2.513333
0.772742,2.786667,2.466667
0.773144,2.780000,2.440000
0.773545,2.760000,2.433333
0.773946,2.780000,2.433333
0.774348,2.733333,2.386667
0.774749,2.720000,2.426666
0.775151,2.726667,2.366667
0.775552,2.680000,2.380000
0.775953,2.666667,2.366667
0.776354,2.640000,2.360000
0.776756,2.633333,2.346667
0.777157,2.626667,2.313333
0.777559,2.613333,2.286667
0.777960,2.593333,2.286667
0.778361,2.606667,2.340000
0.778763,2.560000,2.260000
0.779164,2.513333,2.246667
0.779565,2.500000,2.213333
0.779966,2.480000,2.200000
0.780368,2.506666,2.220000
0.780769,2.460000,2.126667
0.781171,2.440000,2.206667
0.781572,2.433333,2.120000
0.781973,2.433333,2.093333
0.782375,2.453333,2.100000
0.782776,2.400000,2.053333
0.783177,2.366667,2.066667
0.783578,2.366667,2.113333
0.783980,2.280000,1.980000
0.784381,2.340000,2.060000
0.784782,2.213333,2.133333
0.785183,2.286667,2.013333
0.785584,2.286667,2.000000
0.785986,2.280000,2.000000
0.786388,2.260000,1.966667
0.786789,2.253333,1.973333
0.787191,2.220000,1.913333
0.787592,2.193333,1.920000
0.787993,2.146667,1.920000
0.788394,2.173333,1.966667
0.788795,2.173333,1.906667
0.789196,2.160000,1.926667
0.789597,2.080000,1.873333
0.789998,2.153333,1.873333
0.790400,2.120000,1.846667
0.790801,2.086667,1.826667
0.791203,2.073333,1.820000
0.791604,2.086667,1.786667
0.792005,2.066667,1.753333
0.792407,2.040000,1.860000
0.792808,2.040000,1.746667
0.793209,2.040000,1.766667
0.793610,1.760000,1.726667
0.794011,1.953333,1.733333
0.794413,1.940000,1.700000
0.794814,1.920000,1.700000
0.795216,1.893333,1.866667
0.795618,1.920000,1.646667
0.796020,1.860000,1.666667
0.796421,1.900000,1.646667
0.796823,1.900000,1.453333
0.797224,1.886667,1.620000
0.797625,1.786667,1.613333
0.798026,1.833333,1.573333
0.798428,1.780000,1.566667
0.798830,1.840000,1.560000
0.799232,1.786667,1.573333
0.799634,1.773333,1.540000
0.800035,1.760000,1.540000
0.800436,1.780000,1.553333
0.800837,1.960000,1.506667
0.801239,1.726667,1.480000
0.801641,1.673333,1.486667
0.802042,1.700000,1.560000
0.802443,1.686667,1.466667
0.802845,1.693333,1.453333
0.803246,1.653333,1.433333
0.803648,1.653333,1.446667
0.804049,1.613333,1.393333
0.804451,1.620000,1.386667
0.804852,1.653333,1.386667
0.805254,1.640000,1.366667
0.805655,1.580000,1.326667
0.806056,1.580000,1.380000
0.806457,1.573333,1.360000
0.806858,1.600000,1.333333
0.807260,1.573333,1.326667
0.807661,1.580000,1.340000
0.808062,1.626667,1.313333
0.808463,1.526667,1.300000
0.808865,1.426667,1.240000
0.809266,1.493333,1.240000
0.809667,1.446667,1.293333
0.810068,1.466667,1.133333
0.810469,1.493333,1.200000
0.810871,1.433333,1.200000
0.811273,1.413333,1.206667
0.811674,1.426667,1.206667
0.812075,1.386667,1.206667
0.812476,1.380000,1.160000
0.812878,1.373333,1.206667
0.813280,1.393333,1.180000
0.813681,1.353333,1.140000
0.814082,1.320000,1.126667
0.814485,1.313333,1.126667
0.814886,1.480000,1.106667
0.815288,1.300000,1.086667
0.815690,1.293333,1.093333
0.816091,1.253333,1.073333
0.816492,1.293333,1.093333
0.816894,1.280000,1.053333
0.817295,1.226667,1.113333
0.817698,1.286667,1.066667
0.818099,1.220000,0.960000
0.818501,1.206667,1.033333
0.818902,1.206667,1.020000
0.819303,1.200000,0.966667
0.819706,1.200000,1.006667
0.820107,1.186667,0.993333
0.820508,1.186667,1.000000
0.820909,1.160000,0.986667
0.821310,1.153333,0.993333
0.821711,1.073333,0.946667
0.822112,1.113333,1.033333
0.822514,1.126667,1.013333
0.822915,1.153333,0.946667
0.823316,1.113333,0.946667
0.823717,1.080000,0.946667
0.824118,1.080000,0.946667
0.824520,1.033333,0.946667
0.824922,1.093333,0.946667
0.825325,1.046667,0.946667
0.825728,1.033333,0.946667
0.826130,0.993333,0.946667
0.826532,1.000000,0.946667
0.826933,0.986667,0.946667
0.827334,0.986667,0.946667
0.827735,0.993333,0.946667
0.828136,0.953333,0.946667
0.828538,0.966667,0.946667
0.828940,0.946667,0.946667
0.829341,0.946667,0.946667
0.829742,0.960000,0.946667
0.830144,0.946667,0.946667
0.830545,0.946667,0.946667
0.830946,0.946667,0.946667
0.831347,0.946667,0.946667
0.831748,0.946667,0.946667
0.832149,0.946667,0.946667
0.832550,0.946667,0.946667
0.832951,0.946667,0.946667
0.833353,0.946667,0.946667
0.833754,0.946667,0.946667
0.834155,0.946667,0.946667
0.834556,0.946667,0.946667
0.834959,0.946667,0.946667
0.835361,0.946667,0.946667
0.835762,0.946667,0.946667
0.836164,0.946667,0.946667
0.836566,0.946667,0.946667
0.836967,0.946667,0.946667
0.837368,0.946667,0.946667
0.837769,0.946667,0.946667
0.838170,0.946667,0.946667
0.838572,0.946667,0.946667
0.838973,0.946667,0.946667
0.839375,0.946667,0.946667
0.839776,0.946667,0.946667
0.840177,0.946667,0.946667
0.840578,0.946667,0.946667
0.840979,0.946667,0.946667
0.841381,0.946667,0.946667
0.841783,0.946667,0.946667
0.842184,0.946667,0.946667
0.842586,0.946667,0.946667
0.842988,0.946667,0.946667
0.843389,0.946667,0.946667
0.843790,0.946667,0.946667
0.844192,0.946667,0.946667
0.844594,0.946667,0.946667
0.844996,0.946667,0.946667
0.845397,0.946667,0.946667
0.845798,0.946667,0.946667
0.846200,0.946667,0.946667
0.846601,0.946667,0.946667
0.847002,0.946667,0.946667
0.847404,0.946667,0.946667
0.847806,0.946667,0.946667
0.848207,0.946667,0.946667
0.848609,0.946667,0.946667
0.849010,0.946667,0.946667
0.849411,0.946667,0.946667
0.849813,0.946667,0.946667
0.850215,0.946667,0.946667
0.850617,0.946667,0.946667
0.851018,0.946667,0.946667
0.851420,0.946667,0.946667
0.851821,0.946667,0.946667
0.852223,0.946667,0.946667
0.852625,0.946667,0.946667
0.853026,0.946667,0.946667
0.853427,0.946667,0.946667
0.853828,0.946667,0.946667
0.854230,0.946667,0.946667
0.854632,0.946667,0.946667
0.855033,0.946667,0.946667
0.855435,0.946667,0.946667
0.855838,0.946667,0.946667
0.856240,0.946667,0.946667
0.856641,0.946667,0.946667
0.857042,0.946667,0.946667
0.857443,0.946667,0.946667
0.857844,0.946667,0.946667
0.858246,0.946667,0.946667
0.858648,0.946667,0.946667
0.859050,0.946667,0.946667
0.859451,0.946667,0.946667
0.859852,0.946667,0.946667
0.860254,0.946667,0.946667
0.860655,0.946667,0.946667
0.861056,0.946667,0.946667
0.861457,0.946667,0.946667
0.861858,0.946667,0.946667
0.862260,0.946667,0.946667
0.862661,0.946667,0.946667
0.863062,0.946667,0.946667
0.863463,0.946667,0.946667
0.863864,0.946667,0.946667
0.864266,0.946667,0.946667
0.864668,0.946667,0.946667
0.865070,0.946667,0.946667
0.865472,0.946667,0.946667
0.865873,0.946667,0.946667
0.866274,0.946667,0.946667
0.866675,0.946667,0.946667
0.867077,0.946667,0.946667
0.867479,0.946667,0.946667
0.867881,0.946667,0.946667
0.868282,0.946667,0.946667
0.868683,0.946667,0.946667
0.869084,0.946667,0.946667
0.869486,0.946667,0.946667
0.869887,0.946667,0.946667
0.870288,0.946667,0.946667
0.870689,0.946667,0.946667
0.871090,0.946667,0.946667
0.871491,0.946667,0.946667
0.871893,0.946667,0.946667
0.872294,0.946667,0.946667
0.872695,0.946667,0.946667
0.873096,0.946667,0.946667
0.873498,0.946667,0.946667
0.873900,0.946667,0.946667
0.874301,0.946667,0.946667
0.874703,0.946667,0.946667
0.875104,0.946667,0.946667
0.875506,0.946667,0.946667
0.875908,0.946667,0.946667
0.876309,0.946667,0.946667
0.876710,0.946667,0.946667
0.877113,0.946667,0.946667
0.877515,0.946667,0.946667
0.877916,0.946667,0.946667
0.878317,0.946667,0.946667
0.878719,0.946667,0.946667
0.879120,0.946667,0.946667
0.879523,0.946667,0.946667
0.879924,0.946667,0.946667
0.880326,0.946667,0.946667
0.880727,0.946667,0.946667
0.881129,0.946667,0.946667
0.881530,0.946667,0.946667
0.881931,0.946667,0.946667
0.882333,0.946667,0.946667
0.882734,0.946667,0.946667
0.883135,0.946667,0.946667
0.883536,0.946667,0.946667
0.883937,0.946667,0.946667
0.884338,0.946667,0.946667
0.884739,0.946667,0.946667
0.885140,0.946667,0.946667
0.885541,0.946667,0.946667
0.885942,0.946667,0.946667
0.886343,0.946667,0.946667
0.886744,0.946667,0.946667
0.887146,0.946667,0.946667
0.887547,0.946667,0.946667
0.887948,0.946667,0.946667
0.888349,0.946667,0.946667
0.888752,0.946667,0.946667
0.889154,0.946667,0.946667
0.889555,0.946667,0.946667
0.889956,0.946667,0.946667
0.890359,0.946667,0.946667
0.890762,0.946667,0.946667
0.891163,0.946667,0.946667
0.891564,0.946667,0.946667
0.891965,0.946667,0.946667
0.892367,0.946667,0.946667
0.892770,0.946667,0.946667
0.893172,0.946667,0.946667
0.893574,0.946667,0.946667
0.893975,0.946667,0.946667
0.894376,0.946667,0.946667
0.894777,0.946667,0.946667
0.895179,0.946667,0.946667
0.895580,0.946667,0.946667
0.895981,0.946667,0.946667
0.896382,0.946667,0.946667
0.896783,0.946667,0.946667
0.897184,0.946667,0.946667
0.897586,0.946667,0.946667
0.897987,0.946667,0.946667
0.898389,0.946667,0.946667
0.898790,0.946667,0.946667
0.899191,0.946667,0.946667
0.899593,0.946667,0.946667
0.899995,0.946667,0.946667
0.900396,0.946667,0.946667
0.900797,0.946667,0.946667
0.901199,0.946667,0.946667
0.901600,0.946667,0.946667
0.902001,0.946667,0.946667
0.902402,0.946667,0.946667
0.902804,0.946667,0.946667
0.903206,0.946667,0.946667
0.903607,0.946667,0.946667
0.904010,0.946667,0.946667
0.904411,0.946667,0.946667
0.904814,0.946667,0.946667
0.905215,0.946667,0.946667
0.905616,0.946667,0.946667
0.906017,0.946667,0.946667
0.906418,0.946667,0.946667
0.906820,0.946667,0.946667
0.907221,0.946667,0.946667
0.907622,0.946667,0.946667
0.908025,0.946667,0.946667
0.908427,0.946667,0.946667
0.908829,0.946667,0.946667
0.909230,0.946667,0.946667
0.909632,0.946667,0.946667
0.910033,0.946667,0.946667
0.910435,0.946667,0.946667
0.910836,0.946667,0.946667
0.911238,0.946667,0.946667
0.911639,0.946667,0.946667
0.912040,0.946667,0.946667
0.912442,0.946667,0.946667
0.912844,0.946667,0.946667
0.913246,0.946667,0.946667
0.913648,0.946667,0.946667
0.914049,0.946667,0.946667
0.914451,0.946667,0.946667
0.914852,0.946667,0.946667
0.915253,0.946667,0.946667
0.915654,0.946667,0.946667
0.916057,0.946667,0.946667
0.916459,0.946667,0.946667
0.916860,0.946667,0.946667
0.917261,0.946667,0.946667
0.917662,0.946667,0.946667
0.918063,0.946667,0.946667
0.918464,0.946667,0.946667
0.918867,0.946667,0.946667
0.919268,0.946667,0.946667
0.919670,0.946667,0.946667
0.920071,0.946667,0.946667
0.920472,0.946667,0.946667
0.920874,0.946667,0.946667
0.921275,0.946667,0.946667
0.921678,0.946667,0.946667
0.922079,0.946667,0.946667
0.922481,0.946667,0.946667
0.922882,0.946667,0.946667
0.923285,0.946667,0.946667
0.923686,0.946667,0.946667
0.924088,0.946667,0.946667
0.924489,0.946667,0.946667
0.924890,0.946667,0.946667
0.925293,0.946667,0.946667
0.925694,0.946667,0.946667
0.926095,0.946667,0.946667
0.926496,0.946667,0.946667
0.926897,0.946667,0.946667
0.927299,0.946667,0.946667
0.927701,0.946667,0.946667
0.928104,0.946667,0.946667
0.928505,0.946667,0.946667
0.928908,0.946667,0.946667
0.929309,0.946667,0.946667
0.929710,0.946667,0.946667
0.930112,0.946667,0.946667
0.930514,0.946667,0.946667
0.930915,0.946667,0.946667
0.931316,0.946667,0.946667
0.931718,0.946667,0.946667
0.932119,0.946667,0.946667
0.932521,0.946667,0.946667
0.932922,0.946667,0.946667
0.933323,0.946667,0.946667
0.933724,0.946667,0.946667
0.934125,0.946667,0.946667
0.934527,0.946667,0.946667
0.934928,0.946667,0.946667
0.935329,0.946667,0.946667
0.935730,0.946667,0.946667
0.936132,0.946667,0.946667
0.936533,0.946667,0.946667
0.936934,0.946667,0.946667
0.937335,0.946667,0.946667
0.937736,0.946667,0.946667
0.938137,0.946667,0.946667
0.938538,0.946667,0.946667
0.938939,0.946667,0.946667
0.939341,0.946667,0.946667
0.939743,0.946667,0.946667
0.940145,0.946667,0.946667
0.940546,0.946667,0.946667
0.940949,0.946667,0.946667
0.941350,0.946667,0.946667
0.941753,0.946667,0.946667
0.942154,0.946667,0.946667
0.942555,0.946667,0.946667
0.942956,0.946667,0.946667
0.943359,0.946667,0.946667
0.943760,0.946667,0.946667
0.944162,0.946667,0.946667
0.944564,0.946667,0.946667
0.944965,0.946667,0.946667
0.945367,0.946667,0.946667
0.945768,0.946667,0.946667
0.946169,0.946667,0.946667
0.946570,0.946667,0.946667
0.946971,0.946667,0.946667
0.947372,0.946667,0.946667
0.947773,0.946667,0.946667
0.948174,0.946667,0.946667
0.948576,0.946667,0.946667
0.948977,0.946667,0.946667
0.949378,0.946667,0.946667
0.949779,0.986667,0.946667
0.950181,0.946667,0.946667
0.950582,0.953333,0.946667
0.950983,1.000000,0.946667
0.951385,0.986667,0.946667
0.951786,1.093333,0.946667
0.952188,1.013333,0.946667
0.952589,0.946667,0.946667
0.952991,0.973333,0.946667
0.953393,0.980000,0.946667
0.953794,1.013333,0.946667
0.954196,1.013333,0.946667
0.954597,1.033333,0.946667
0.955000,1.006667,0.946667
0.955401,1.100000,0.946667
0.955802,1.033333,0.946667
0.956204,1.046667,0.946667
0.956606,1.040000,0.946667
0.957007,1.060000,0.946667
0.957408,1.060000,0.946667
0.957809,1.073333,0.946667
0.958211,1.120000,0.946667
0.958612,1.206667,0.946667
0.959013,1.206667,0.953333
0.959415,1.033333,0.946667
0.959816,1.153333,1.020000
0.960218,1.153333,0.946667
0.960620,1.166667,0.946667
0.961021,1.180000,0.980000
0.961422,1.193333,1.006667
0.961824,1.206667,0.973333
0.962225,1.213333,1.033333
0.962626,1.206667,1.046667
0.963027,1.213333,1.013333
0.963429,1.233333,1.053333
0.963830,1.240000,1.033333
0.964232,1.266667,1.073333
0.964633,1.253333,1.053333
0.965035,1.333333,1.113333
0.965436,1.273333,1.093333
0.965838,1.313333,1.126667
0.966239,1.313333,1.033333
0.966641,1.293333,1.120000
0.967042,1.353333,1.126667
0.967443,1.346667,1.120000
0.967844,1.486667,1.133333
0.968245,1.346667,1.166667
0.968647,1.373333,1.206667
0.969048,1.393333,1.180000
0.969449,1.386667,1.233333
0.969850,1.413333,1.206667
0.970252,1.413333,1.206667
0.970653,1.433333,1.260000
0.971054,1.453333,1.240000
0.971456,1.486667,1.266667
0.971857,1.480000,1.260000
0.972259,1.486667,1.200000
0.972660,1.520000,1.313333
0.973061,1.520000,1.293333
0.973462,1.593333,1.300000
0.973863,1.500000,1.326667
0.974265,1.593333,1.320000
0.974666,1.560000,1.326667
0.975067,1.566667,1.353333
0.975469,1.586667,1.380000
0.975870,1.606667,1.346667
0.976272,1.593333,1.360000
0.976674,1.673333,1.393333
0.977075,1.640000,1.413333
0.977476,1.660000,1.433333
0.977877,1.653333,1.440000
0.978279,1.700000,1.486667
0.978680,1.686667,1.453333
0.979082,1.720000,1.446667
0.979483,1.726667,1.473333
0.979886,1.706667,1.506667
0.980288,1.720000,1.506667
0.980689,1.740000,1.560000
0.981091,1.786667,1.520000
0.981492,1.773333,1.560000
0.981893,1.800000,1.560000
0.982294,1.820000,1.560000
0.982696,1.860000,1.573333
0.983098,1.833333,1.586667
0.983500,1.846667,1.553333
0.983901,1.853333,1.586667
0.984303,1.953333,1.633333
0.984705,1.866667,1.646667
0.985106,1.993333,1.666667
0.985508,1.860000,1.680000
0.985909,1.926667,1.700000
0.986310,1.940000,1.700000
0.986711,1.933333,1.700000
0.987112,1.966667,1.720000
0.987514,2.000000,1.746667
0.987915,1.980000,1.720000
0.988316,2.006667,1.786667
0.988718,2.020000,1.660000
0.989119,1.980000,1.766667
0.989520,2.060000,1.753333
0.989922,2.053333,1.833333
0.990323,2.073333,1.766667
0.990724,2.166667,1.840000
0.991126,2.106667,1.880000
0.991527,2.046667,1.880000
0.991928,2.160000,1.906667
0.992329,2.153333,1.906667
0.992732,2.180000,1.906667
0.993133,2.173333,1.906667
0.993534,2.200000,1.906667
0.993935,2.240000,2.013333
0.994336,2.226666,1.946667
0.994738,2.226666,1.973333
0.995139,2.260000,2.026667
0.995540,2.273333,1.986667
0.995941,2.293333,2.033333
0.996342,2.373333,2.086667
0.996743,2.306667,2.033333
0.997144,2.240000,2.126667
0.997545,2.346667,2.086667
0.997946,2.380000,2.086667
0.998347,2.400000,2.126667
0.998748,2.440000,2.206667
0.999149,2.380000,2.100000
0.999550,2.486667,2.153333
0.999951,2.446667,2.160000
1.000353,2.446667,2.086667
1.000754,2.446667,2.206667
1.001155,2.500000,2.200000
1.001556,2.480000,2.340000
1.001957,2.566667,2.233333
1.002359,2.580000,2.260000
1.002760,2.566667,2.253333
1.003161,2.593333,2.293333
1.003562,2.553333,2.293333
1.003963,2.613333,2.300000
1.004364,2.626667,2.333333
1.004765,2.633333,2.560000
1.005166,2.653333,2.346667
1.005567,2.686666,2.373333
1.005968,2.680000,2.373333
1.006370,2.740000,2.493333
1.006772,2.760000,2.433333
1.007174,2.726667,2.433333
1.007575,2.786667,2.420000
1.007977,2.820000,2.460000
1.008378,2.766667,2.480000
1.008780,2.806667,2.493333
1.009181,2.853333,2.473333
1.009583,2.806667,2.520000
1.009984,2.880000,2.553333
1.010385,2.866667,2.620000
1.010787,2.893333,2.573333
1.011188,2.880000,2.613333
1.011589,2.960000,2.606667
1.011991,2.960000,2.613333
1.012393,2.966666,2.673333
1.012794,2.960000,2.613333
1.013195,2.973333,2.486667
1.013596,3.000000,2.500000
1.013997,3.026667,2.720000
1.014398,3.046667,2.700000
1.014800,3.053333,2.786667
1.015201,3.066667,2.766667
1.015603,3.120000,2.766667
1.016004,3.106667,2.786667
1.016405,3.126667,2.793333
1.016807,3.140000,2.800000
1.017208,3.126667,2.826667
1.017610,3.193333,2.780000
1.018011,3.153333,2.866667
1.018414,3.140000,2.853333
1.018815,3.213333,2.940000
1.019216,3.246666,2.926667
1.019617,3.260000,2.926667
1.020018,3.300000,2.886667
1.020421,3.313333,3.020000
1.020822,3.313333,3.020000
1.021224,3.373333,2.993333
1.021626,3.353333,2.993333
1.022027,3.393333,2.980000
1.022428,3.366667,3.026667
1.022829,3.393333,3.046667
1.023231,3.433333,3.060000
1.023632,3.426666,3.106667
1.024033,3.660000,3.406667
1.024435,3.513333,3.133333
1.024836,3.493333,3.153333
1.025238,3.620000,3.133333
1.025640,3.600000,3.220000
1.026042,3.566667,3.306667
1.026443,3.573333,3.140000
1.026844,3.686666,3.246666
1.027245,3.546667,3.253333
1.027646,3.653333,3.233333
1.028049,3.653333,3.306667
1.028450,3.660000,3.313333
1.028852,3.773333,3.333333
1.029254,3.713333,3.200000
1.029655,3.746666,3.373333
1.030057,3.720000,3.373333
1.030458,3.746666,3.400000
1.030859,3.826667,3.393333
1.031260,3.786667,3.426666
1.031661,3.840000,3.460000
1.032062,3.886667,3.486667
1.032463,3.793333,3.486667
1.032864,3.886667,3.500000
1.033266,3.926666,3.520000
1.033667,3.953333,3.540000
1.034068,3.853333,3.460000
1.034469,3.993333,3.586667
1.034870,4.046667,3.660000
1.035272,4.006667,3.646667
1.035673,4.053333,3.660000
1.036076,4.060000,3.653333
1.036477,4.080000,3.660000
1.036880,4.086667,3.680000
1.037281,4.080000,3.700000
1.037682,4.146667,3.733333
1.038083,4.160000,3.740000
1.038485,4.186666,3.740000
1.038888,4.253333,3.853333
1.039291,4.220000,3.746666
1.039693,4.233333,3.833333
1.040095,4.226666,3.860000
1.040496,4.260000,3.900000
1.040899,4.273333,3.886667
1.041301,4.386666,3.906667
1.041704,4.440000,3.926666
1.042106,4.360000,3.866667
1.042508,4.440000,4.013333
1.042909,4.413333,3.993333
1.043310,4.460000,3.986666
1.043713,4.573333,4.013333
1.044114,4.453333,4.020000
1.044515,4.493333,4.020000
1.044916,4.466667,4.066667
1.045318,4.526667,4.106667
1.045719,4.540000,4.113333
1.046120,4.573333,4.046667
1.046522,4.553333,4.180000
1.046923,4.613333,4.180000
1.047325,4.660000,4.206666
1.047726,4.613333,4.200000
1.048128,4.633333,4.240000
1.048530,4.713333,4.226666
1.048931,4.673333,4.293333
1.049333,4.733333,4.273333
1.049735,4.766666,4.360000
1.050136,4.760000,4.333333
1.050537,4.880000,4.346667
1.050938,4.820000,4.366666
1.051341,4.680000,4.413333
1.051744,4.933333,4.440000
1.052145,4.946666,4.426666
1.052546,4.886666,4.453333
1.052947,4.913333,4.593333
1.053348,4.953333,4.506667
1.053749,4.966667,4.480000
1.054150,4.966667,4.513333
1.054551,5.000000,4.540000
1.054952,5.033333,4.540000
1.055353,5.040000,4.600000
1.055754,5.060000,4.573333
1.056156,5.113333,4.653333
1.056558,5.146667,4.633333
1.056959,5.140000,4.680000
1.057361,5.126667,4.713333
1.057762,5.220000,4.706666
1.058164,5.166667,4.713333
1.058566,5.273333,4.720000
1.058967,5.353333,4.746666
1.059368,5.253333,4.700000
1.059769,5.340000,4.800000
1.060171,5.460000,4.753333
1.060572,5.286666,4.880000
1.060973,5.373333,4.860000
1.061375,5.380000,4.886666
1.061776,5.373333,4.926667
1.062177,5.420000,4.906667
1.062578,5.420000,4.920000
1.062980,5.473333,4.980000
1.063381,5.480000,4.993333
1.063784,5.460000,5.013333
1.064185,5.513333,5.060000
1.064587,5.526667,5.100000
1.064989,5.520000,5.060000
1.065390,5.600000,5.120000
1.065791,5.580000,5.080000
1.066192,5.653333,5.133333
1.066594,5.646667,5.166667
1.066995,5.706666,5.173333
1.067396,5.513333,5.373333
1.067797,5.733333,5.160000
1.068198,5.673333,5.213333
1.068600,5.786666,5.246666
1.069001,5.806666,5.293334
1.069402,5.820000,5.273333
1.069803,5.846666,5.346666
1.070205,5.860000,5.326667
1.070606,5.886667,5.393333
1.071007,5.900000,5.393333
1.071410,5.940000,5.420000
1.071811,5.980000,5.426667
1.072213,5.966666,5.473333
1.072614,6.000000,5.460000
1.073015,6.053333,5.513333
1.073416,6.146667,5.480000
1.073817,6.066667,5.586667
1.074218,6.066667,5.453333
1.074620,6.113333,5.560000
1.075022,6.113333,5.593333
1.075423,6.193333,5.620000
1.075824,6.160000,5.626667
1.076225,6.153333,5.606667
1.076626,6.166667,5.693333
1.077027,6.206666,5.586667
1.077428,6.286667,5.733333
1.077829,6.300000,5.760000
1.078231,6.306666,5.760000
1.078632,6.346667,5.780000
1.079033,6.366666,5.860000
1.079435,6.340000,5.826667
1.079836,6.426666,5.846666
1.080238,6.440000,5.880000
1.080639,6.453333,5.893333
1.081040,6.480000,5.933333
1.081442,6.500000,5.940000
1.081843,6.533333,5.966666
1.082245,6.533333,6.000000
1.082647,6.593333,5.960000
1.083048,6.640000,6.006667
1.083449,6.653333,6.060000
1.083852,6.753333,6.066667
1.084253,6.666667,6.033333
1.084654,6.760000,6.080000
1.085055,6.700000,6.113333
1.085456,6.853333,6.146667
1.085858,6.780000,6.173333
1.086260,6.833333,6.226666
1.086661,6.853333,6.233333
1.087063,6.866666,6.240000
1.087466,6.853333,6.280000
1.087868,6.913333,6.253334
1.088269,6.906667,6.286667
1.088670,6.953333,6.346667
1.089073,7.013333,6.373333
1.089475,7.006667,6.373333
1.089876,7.033333,6.486667
1.090278,7.080000,6.513333
1.090679,7.073333,6.466667
1.091080,7.100000,6.480000
1.091482,7.053333,6.500000
1.091883,7.153333,6.500000
1.092285,7.226666,6.626667
1.092686,7.140000,6.526666
1.093087,7.213333,6.646667
1.093489,7.240000,6.640000
1.093890,7.273333,6.713333
1.094292,7.300000,6.706667
1.094693,7.313333,6.640000
1.095094,7.353333,6.740000
1.095496,7.360000,6.800000
1.095897,7.360000,6.800000
1.096300,7.426666,6.813333
1.096703,7.473333,6.813333
1.097104,7.493333,6.840000
1.097505,7.460000,6.840000
1.097907,7.506667,6.900000
1.098308,7.540000,6.926667
1.098710,7.566667,6.920000
1.099112,7.600000,6.960000
1.099513,7.606667,6.980000
1.099916,7.640000,6.973333
1.100319,7.660000,6.986666
1.100721,7.666667,7.080000
1.101123,7.693334,7.033333
1.101524,7.733333,7.119999
1.101925,7.746666,7.093333
1.102327,7.820000,7.106667
1.102728,7.826667,7.166667
1.103129,7.860000,7.173333
1.103530,7.866666,7.240000
1.103931,7.866666,7.253334
1.104333,7.893333,7.266667
1.104736,7.913333,7.240000
1.105137,7.960000,7.333333
1.105538,7.973333,7.286667
1.105940,8.086667,7.340000
1.106341,8.033334,7.373333
1.106742,8.046666,7.380000
1.107143,8.086667,7.426666
1.107545,8.113333,7.400000
1.107946,8.179999,7.426666
1.108347,8.146667,7.486667
1.108748,8.193333,7.520000
1.109149,8.186666,7.540000
1.109550,8.213333,7.480000
1.109951,8.226666,7.526666
1.110353,8.320000,7.626667
1.110754,8.293333,7.626667
1.111155,8.326666,7.660000
1.111556,8.353333,7.653333
1.111959,8.360000,7.686666
1.112361,8.413333,7.726667
1.112762,8.393332,7.720000
1.113164,8.446666,7.766666
1.113565,8.480000,7.793334
1.113966,8.500000,7.766666
1.114368,8.546666,7.840000
1.114769,8.553333,7.860000
1.115171,8.560000,7.860000
1.115572,8.573333,7.880000
1.115975,8.613334,7.873333
1.116376,8.680000,7.933333
1.116779,8.693334,7.953333
1.117180,8.673333,7.993333
1.117582,8.806666,8.040000
1.117983,8.713333,8.046666
1.118384,8.813334,8.073333
1.118787,8.773333,8.100000
1.119188,8.846666,8.100000
1.119589,9.033333,8.146667
1.119990,8.866667,8.146667
1.120391,8.906666,8.153334
1.120793,8.893333,8.206666
1.121194,8.960000,8.240000
1.121595,8.980000,8.100000
1.121996,9.000000,8.253333
1.122397,9.046666,8.306666
1.122800,9.026667,8.226666
1.123201,9.080000,8.333333
1.123603,9.099999,8.386666
1.124004,9.099999,8.393332
1.124407,9.153334,8.386666
1.124808,9.173333,8.406667
1.125210,9.193333,8.453333
1.125611,9.280000,8.486667
1.126012,9.113333,8.506666
1.126414,9.220000,8.593333
1.126816,9.246666,8.566667
1.127218,9.326667,8.506666
1.127619,9.333333,8.613334
1.128020,9.346666,8.646667
1.128422,9.393333,8.719999
1.128823,9.420000,8.673333
1.129225,9.499999,8.740000
1.129627,9.466666,8.726666
1.130028,9.540000,8.740000
1.130429,9.533333,8.760000
1.130832,9.580000,8.820000
1.131233,9.653333,8.839999
1.131635,9.620000,8.853333
1.132038,9.660000,8.880000
1.132439,9.826666,8.853333
1.132841,9.660000,8.913333
1.133242,9.719999,9.106667
1.133643,9.766666,8.946667
1.134044,9.653333,8.973332
1.134445,9.833333,9.000000
1.134846,9.873333,9.093333
1.135248,9.793333,9.059999
1.135649,9.906666,9.086667
1.136050,9.913333,9.086667
1.136452,9.933333,9.113333
1.136854,9.959999,9.126666
1.137260,9.973333,9.160000
1.137661,9.986667,9.226666
1.138062,10.040000,9.186666
1.138463,10.046666,9.246666
1.138865,10.046666,9.246666
1.139266,10.106667,9.280000
1.139667,10.140000,9.293333
1.140070,10.106667,9.306666
1.140471,10.166666,9.346666
1.140872,10.200000,9.346666
1.141273,10.233333,9.346666
1.141674,10.226666,9.346666
1.142075,10.186666,9.559999
1.142476,10.146667,9.493333
1.142878,10.333333,9.606667
1.143280,10.333333,9.546667
1.143681,10.366666,9.566666
1.144082,10.413333,9.586666
1.144483,10.440000,9.613334
1.144886,10.466667,9.666667
1.145288,10.473333,9.653333
1.145689,10.506666,9.686666
1.146091,10.559999,9.740000
1.146492,10.559999,9.713333
1.146895,10.580000,9.706666
1.147296,10.633333,9.793333
1.147697,10.646667,9.786667
1.148098,10.660000,9.853333
1.148499,10.673333,9.873333
1.148900,10.673333,9.933333
1.149301,10.740000,9.933333
1.149704,10.733334,9.920000
1.150106,10.780000,9.959999
1.150507,10.800000,9.966666
1.150908,10.853333,10.026666
1.151309,10.879999,10.133333
1.151711,10.873333,10.046666
1.152112,10.986667,10.059999
1.152514,10.940000,10.053333
1.152915,10.960000,10.133333
1.153317,11.000000,10.133333
1.153719,11.013332,10.099999
1.154120,11.026667,10.146667
1.154521,11.046666,10.160000
1.154922,11.113334,10.266666
1.155323,11.099999,10.226666
1.155725,11.126667,10.273334
1.156126,11.166666,10.293333
1.156527,11.173333,10.320000
1.156930,11.213333,10.380000
1.157332,11.246667,10.380000
1.157733,11.260000,10.413333
1.158135,11.313334,10.413333
1.158536,11.380000,10.373333
1.158938,11.339999,10.520000
1.159341,11.360000,10.473333
1.159742,11.426666,10.506666
1.160144,11.400000,10.500000
1.160545,11.553333,10.593333
1.160946,11.480000,10.580000
1.161348,11.466666,10.613333
1.161749,11.500000,10.660000
1.162151,11.533333,10.773334
1.162552,11.599999,10.679999
1.162953,11.613333,10.686666
1.163355,11.613333,10.693333
1.163756,11.646667,10.746666
1.164157,11.653334,10.840000
1.164558,11.713333,10.773334
1.164959,11.713333,10.786667
1.165361,11.686666,10.840000
1.165762,11.733333,10.853333
1.166164,11.720000,10.879999
1.166565,11.826667,10.920000
1.166966,11.833333,10.940000
1.167368,11.740000,10.946666
1.167769,11.866666,10.986667
1.168171,11.933332,10.440000
1.168572,11.893333,10.740000
1.168974,11.946667,11.053333
1.169375,11.953333,11.099999
1.169776,11.993333,11.073333
1.170178,12.033333,11.086666
1.170579,12.046667,11.093333
1.170980,12.066666,11.153333
1.171381,12.106667,11.206666
1.171782,12.100000,11.186666
1.172184,12.173333,11.206666
1.172585,12.186666,11.246667
1.172986,12.219999,11.293333
1.173388,12.246667,11.253333
1.173790,12.126666,11.333333
1.174191,12.433333,11.339999
1.174592,12.339999,11.366667
1.174995,12.333333,11.300000
1.175396,12.366667,11.726666
1.175797,12.353333,11.553333
1.176198,12.420000,11.473332
1.176599,12.446667,11.493333
1.177000,12.486667,11.526667
1.177402,12.540000,11.546666
1.177803,12.506667,11.546666
1.178204,12.546666,11.580000
1.178606,12.566667,11.593333
1.179007,12.593333,11.586667
1.179408,12.593333,11.626666
1.179809,12.626667,11.713333
1.180211,12.673333,11.700000
1.180612,12.679999,11.720000
1.181014,12.679999,11.720000
1.181415,12.726666,11.753333
1.181816,12.760000,11.793333
1.182217,12.793333,11.799999
1.182619,12.826667,11.886666
1.183020,12.840000,11.826667
1.183422,12.853333,11.893333
1.183823,12.826667,11.886666
1.184225,12.900000,11.666666
1.184626,12.840000,11.940000
1.185027,12.913333,11.946667
1.185428,12.986666,11.966666
1.185831,12.993333,11.973333
1.186233,13.006666,12.033333
1.186635,13.080000,12.053333
1.187036,13.066667,12.066666
1.187437,13.066667,12.073333
1.187838,13.100000,12.106667
1.188239,13.126666,12.146667
1.188640,13.206666,12.193333
1.189041,13.133333,12.213333
1.189443,13.233334,12.240000
1.189845,13.226666,12.246667
1.190247,13.200000,12.259999
1.190649,13.300000,12.313334
1.191050,13.280000,12.306666
1.191453,13.333333,12.413333
1.191854,13.346667,12.366667
1.192259,13.366667,12.406666
1.192661,13.386665,12.393332
1.193062,13.420000,12.446667
1.193463,13.506666,12.459999
1.193864,13.460000,12.473333
1.194266,13.513332,12.513333
1.194667,13.513332,12.513333
1.195068,13.559999,12.540000
1.195469,13.553333,12.553333
1.195871,13.566667,12.593333
1.196272,13.639999,12.433333
1.196674,13.693333,12.606667
1.197075,13.660000,12.646667
1.197476,13.660000,12.646667
1.197879,13.733333,12.679999
1.198281,13.680000,12.679999
1.198682,13.740001,12.719999
1.199083,13.786667,12.766666
1.199485,13.806667,12.766666
1.199888,13.833333,12.786666
1.200289,13.759999,12.786666
1.200690,13.866666,12.853333
1.201092,13.880000,12.719999
1.201494,13.933332,12.886666
1.201895,13.946667,12.986666
1.202296,13.966666,12.766666
1.202698,13.973332,12.933333
1.203101,14.006667,12.980000
1.203502,14.039999,13.000000
1.203905,14.033333,13.006666
1.204306,14.073334,13.006666
1.204707,14.073334,13.046666
1.205109,14.106666,13.139999
1.205510,14.146667,13.100000
1.205911,14.166666,13.120000
1.206313,14.133332,13.213333
1.206715,14.180000,13.259999
1.207117,14.266667,13.113333
1.207518,14.253333,13.193333
1.207919,14.286666,13.206666
1.208320,14.286666,13.273334
1.208721,14.299999,13.200000
1.209123,14.333334,13.293333
1.209524,14.380000,13.346667
1.209926,14.259999,13.320000
1.210327,14.480000,13.300000
1.210728,14.426666,13.386665
1.211130,14.506667,13.686666
1.211532,14.493333,13.406666
1.211933,14.513333,13.453332
1.212334,14.520000,13.466666
1.212735,14.526666,13.500000
1.213137,14.540000,13.480000
1.213539,14.586666,13.500000
1.213940,14.606667,13.533333
1.214341,14.633332,13.573333
1.214742,14.673333,13.586667
1.215143,14.719999,13.620000
1.215545,14.686666,13.546667
1.215948,14.719999,13.646666
1.216349,14.753333,13.646666
1.216750,14.800000,13.706666
1.217151,14.766665,13.706666
1.217552,14.866667,13.646666
1.217954,14.786666,13.746667
1.218355,14.860001,13.759999
1.218757,14.906667,13.786667
1.219159,14.873333,13.806667
1.219561,14.933333,13.786667
1.219962,14.946667,13.846665
1.220363,14.913333,13.839999
1.220766,14.953333,13.913332
1.221167,14.953333,13.920000
1.221568,14.953333,13.913332
1.221970,15.020000,13.880000
1.222371,15.033334,13.986667
1.222772,15.119999,14.066666
1.223173,15.139999,13.993333
1.223575,15.046666,14.013333
1.223977,15.200000,14.013333
1.224379,15.300000,14.053333
1.224780,15.093332,14.140000
1.225182,15.226665,14.080000
1.225583,15.266666,14.113334
1.225985,15.379999,14.113334
1.226386,15.233334,14.153333
1.226787,15.373333,14.173332
1.227189,15.326667,14.173332
1.227591,15.379999,14.226666
1.227992,15.393333,14.259999
1.228394,15.413333,14.246667
1.228795,15.433333,14.306665
1.229196,15.466666,14.773334
1.229597,15.500000,14.353333
1.229998,15.500000,14.360000
1.230399,15.546666,14.353333
1.230800,15.546666,14.373332
1.231201,15.579999,14.373332
1.231602,15.579999,14.413333
1.232003,15.586667,14.413333
1.232406,15.660000,14.446667
1.232807,15.666666,14.693333
1.233209,15.686666,14.520000
1.233610,15.780001,14.520000
1.234011,15.819999,14.406667
1.234414,15.733333,14.553333
1.234815,15.753332,14.433332
1.235217,15.766666,14.546666
1.235618,15.839999,14.613333
1.236019,15.853333,14.600000
1.236421,15.873333,14.646667
1.236823,15.860000,14.953333
1.237224,15.906666,14.686666
1.237625,15.893333,14.706667
1.238026,15.980000,14.753333
1.238427,15.980000,14.780000
1.238828,16.033333,14.766665
1.239230,16.000000,14.786666
1.239632,16.020000,14.820000
1.240033,16.099998,14.860001
1.240435,16.080000,14.853333
1.240836,16.093332,14.899999
1.241238,16.113333,14.873333
1.241640,16.160000,14.953333
1.242041,16.119999,14.906667
1.242442,16.166666,14.873333
1.242843,16.273333,14.906667
1.243245,16.226665,15.179999
1.243646,16.233332,14.953333
1.244048,16.226665,14.953333
1.244449,16.286667,14.953333
1.244852,16.299999,15.086666
1.245254,16.333334,15.093332
1.245655,16.340000,15.133333
1.246056,16.340000,15.139999
1.246457,16.353333,15.126667
1.246859,16.420000,15.193334
1.247260,16.413332,15.159999
1.247661,16.413332,15.173333
1.248062,16.466667,15.146667
1.248465,16.473333,15.226665
1.248866,16.493332,15.273333
1.249268,16.513332,15.306666
1.249671,16.573334,15.306666
1.250072,16.533333,15.333333
1.250474,16.559999,15.333333
1.250875,16.499998,15.326667
1.251276,16.593334,15.373333
1.251678,16.606667,15.280000
1.252079,16.619999,15.393333
1.252481,16.666666,15.393333
1.252882,16.693333,15.433333
1.253283,16.686666,15.453334
1.253684,16.746666,15.480000
1.254085,16.759998,15.466666
1.254486,16.773333,15.520000
1.254888,16.793333,15.573333
1.255289,16.746666,15.553332
1.255691,16.793333,15.573333
1.256092,16.806665,15.540000
1.256493,16.813334,15.626667
1.256894,16.853334,15.586667
1.257295,16.866667,15.606667
1.257697,16.879999,15.646666
1.258098,16.913332,15.679999
1.258499,16.900000,15.693334
1.258901,16.913332,15.706666
1.259302,16.906666,15.740000
1.259703,16.973333,15.826667
1.260105,16.966667,15.786667
1.260507,17.086666,15.786667
1.260909,17.006666,15.760000
1.261311,17.000000,15.839999
1.261713,17.026665,15.853333
1.262114,17.039999,15.839999
1.262517,17.046665,15.926666
1.262919,17.080000,15.920000
1.263320,17.093332,15.920000
1.263722,17.066666,16.039999
1.264124,17.173332,15.893333
1.264525,17.126667,15.920000
1.264926,17.179998,15.960000
1.265327,17.273333,15.980000
1.265728,17.313332,16.006666
1.266129,17.193333,16.013332
1.266530,17.233334,16.113333
1.266931,17.240000,16.080000
1.267333,17.279999,16.099998
1.267734,17.299999,16.080000
1.268136,17.320000,16.099998
1.268537,17.226667,16.126665
1.268939,17.326666,16.173334
1.269341,17.333332,16.133333
1.269744,17.313332,16.200001
1.270145,17.406666,16.219999
1.270547,17.406666,16.219999
1.270949,17.406666,15.920000
1.271350,17.393333,16.246666
1.271751,17.446667,16.240000
1.272152,17.426666,16.259998
1.272554,17.453333,16.313334
1.272955,17.453333,16.373333
1.273356,17.486666,16.313334
1.273757,17.466665,16.299999
1.274158,17.746666,16.559999
1.274559,17.559999,16.359999
1.274960,17.539999,16.406666
1.275361,17.553331,16.413332
1.275763,17.600000,16.366665
1.276165,17.820000,16.480000
1.276567,17.613333,16.426666
1.276968,17.633333,16.446667
1.277369,17.746666,16.466667
1.277770,17.646667,16.519999
1.278171,17.686666,16.466667
1.278572,17.706665,16.486666
1.278973,17.673332,16.526667
1.279375,17.713333,16.559999
1.279776,17.913334,16.559999
1.280177,17.746666,16.593334
1.280580,17.760000,16.619999
1.280981,17.746666,16.646666
1.281382,17.799999,16.619999
1.281784,17.786667,16.633331
1.282186,17.799999,16.653332
1.282587,17.840000,16.700001
1.282988,17.873333,16.706667
1.283390,17.859999,16.726667
1.283791,17.846666,16.719999
1.284192,17.706665,16.766666
1.284593,17.893333,16.586666
1.284994,17.906668,16.660000
1.285395,17.946665,16.779999
1.285796,17.939999,16.786665
1.286197,17.966665,16.846666
1.286598,17.973333,16.613333
1.286999,18.000000,16.799999
1.287401,18.020000,16.826666
1.287802,18.006666,16.833334
1.288204,18.020000,16.866667
1.288606,18.033333,16.866667
1.289007,18.040001,16.866667
1.289408,18.046667,16.946667
1.289810,18.026667,16.906666
1.290211,18.086666,16.900000
1.290612,18.093332,16.900000
1.291014,18.119999,16.920000
1.291415,18.286667,16.900000
1.291816,18.146666,16.953333
1.292218,18.160000,16.959999
1.292619,18.153334,17.026665
1.293020,18.000000,16.966667
1.293421,18.240000,17.013332
1.293822,18.199999,17.019999
1.294223,18.166666,17.000000
1.294624,18.193333,17.039999
1.295027,18.359999,17.039999
1.295428,18.246666,17.039999
1.295829,18.266666,17.113333
1.296231,18.280001,17.059999
1.296632,18.293333,17.093332
1.297034,18.313334,17.086666
1.297436,18.320000,17.106667
1.297837,18.373333,17.166666
1.298239,18.353333,17.139999
1.298640,18.366667,17.153332
1.299041,18.386665,17.153332
1.299442,18.353333,17.186666
1.299843,18.386665,17.186666
1.300244,18.453333,17.186666
1.300646,18.406666,17.186666
1.301048,18.420000,17.186666
1.301449,18.446667,17.240000
1.301850,18.466665,17.346666
1.302252,18.440001,17.246666
1.302653,18.426666,17.240000
1.303055,18.493332,17.240000
1.303456,18.506666,17.320000
1.303858,18.500000,17.266666
1.304260,18.533333,17.320000
1.304661,18.533333,17.333332
1.305062,18.539999,17.333332
1.305465,18.553333,17.346666
1.305866,18.559999,17.346666
1.306267,18.526667,17.346666
1.306668,18.599998,17.313332
1.307069,18.653334,17.386667
1.307471,18.613333,17.360001
1.307874,18.606665,17.386667
1.308275,18.619999,17.400000
1.308677,18.406666,17.346666
1.309079,18.686666,17.400000
1.309481,18.693333,17.466665
1.309882,18.673334,17.446667
1.310283,18.719999,17.433332
1.310685,18.753332,17.500000
1.311087,18.733332,17.486666
1.311489,18.733332,17.480000
1.311890,18.606665,17.480000
1.312292,18.753332,17.513334
1.312693,18.773333,17.500000
1.313095,18.786667,17.526667
1.313496,18.799999,17.500000
1.313897,18.786667,17.593332
1.314299,18.799999,17.586666
1.314701,18.799999,17.539999
1.315103,18.820000,17.539999
1.315504,18.826666,17.593332
1.315905,18.846666,17.593332
1.316307,18.840000,17.613333
1.316708,18.786667,17.506666
1.317109,18.900000,17.660000
1.317510,18.879999,17.639999
1.317911,18.833334,17.653334
1.318313,18.906666,17.633333
1.318714,18.966667,17.686666
1.319115,18.966667,17.673332
1.319516,18.940001,17.699999
1.319917,18.933332,17.673332
1.320318,18.953333,17.726665
1.320719,18.966667,17.733334
1.321120,18.980000,17.733334
1.321522,18.993332,17.746666
1.321923,18.986666,17.713333
1.322324,18.986666,17.746666
1.322725,18.999998,17.740000
1.323126,19.026667,17.813332
1.323527,18.999998,17.760000
1.323928,19.046667,17.746666
1.324329,18.960001,17.793333
1.324731,19.066666,17.799999
1.325133,19.073334,17.799999
1.325535,19.073334,17.813332
1.325937,19.093334,17.886667
1.326339,19.106667,17.886667
1.326740,19.113333,17.866667
1.327141,19.126665,17.826666
1.327542,19.066666,17.859999
1.327944,19.119999,17.859999
1.328346,19.133331,17.886667
1.328747,19.126665,17.886667
1.329149,19.153332,17.886667
1.329550,19.160000,17.886667
1.329951,19.126665,17.886667
1.330353,19.206667,17.906668
1.330755,19.200001,17.939999
1.331156,19.200001,17.886667
1.331557,19.206667,17.926666
1.331958,19.279999,17.939999
1.332360,19.213333,17.926666
1.332762,19.240000,17.959999
1.333164,19.180000,17.953333
1.333566,19.259998,17.993332
1.333967,19.226667,17.980000
1.334368,19.306665,17.966665
1.334769,19.279999,18.020000
1.335170,19.279999,18.020000
1.335572,19.266666,18.000000
1.335973,19.306665,18.020000
1.336375,19.299999,18.013332
1.336777,19.326666,18.033333
1.337178,19.326666,18.059999
1.337579,19.346666,18.020000
1.337980,19.306665,18.040001
1.338382,19.333334,18.059999
1.338784,19.333334,18.053333
1.339185,19.373333,18.079998
1.339587,19.400000,18.113333
1.339988,19.366667,18.086666
1.340390,19.353334,18.079998
1.340791,19.379999,18.113333
1.341192,19.406666,18.040001
1.341593,19.400000,18.119999
1.341994,19.406666,18.146666
1.342395,19.400000,18.213333
1.342796,19.386665,17.946665
1.343197,19.413332,18.233332
1.343598,19.533333,18.133333
1.344000,19.426666,18.113333
1.344402,19.433332,18.146666
1.344803,19.433332,18.146666
1.345204,19.453333,18.126667
1.345605,19.459999,18.153334
1.346006,19.446667,18.153334
1.346408,19.439999,18.193333
1.346809,19.466667,18.180000
1.347210,19.500000,18.213333
1.347612,19.500000,18.146666
1.348013,19.480000,18.193333
1.348415,19.480000,18.160000
1.348816,19.453333,18.246666
1.349217,19.513332,18.206665
1.349619,19.539999,18.193333
1.350021,19.546665,18.206665
1.350422,19.533333,18.186666
1.350823,19.546665,18.233332
1.351225,19.546665,18.240000
1.351626,19.553333,18.233332
1.352028,19.559999,18.260000
1.352429,19.573334,18.233332
1.352830,19.566666,18.233332
1.353231,19.573334,18.266666
1.353632,19.580000,18.240000
1.354033,19.573334,18.293333
1.354435,19.593332,18.273333
1.354836,19.593332,18.286667
1.355237,19.633333,18.286667
1.355638,19.580000,18.273333
1.356039,19.679998,18.286667
1.356440,19.600000,18.273333
1.356841,19.633333,18.333332
1.357242,19.626667,18.359999
1.357643,19.606667,18.306667
1.358044,19.586666,18.253332
1.358446,19.666666,18.306667
1.358847,19.586666,18.320000
1.359248,19.666666,18.326666
1.359649,19.553333,18.313334
1.360050,19.679998,18.266666
1.360451,19.760000,18.333332
1.360853,19.593332,18.320000
1.361258,19.673332,18.353333
1.361659,19.699999,18.353333
1.362060,19.686666,18.359999
1.362462,19.706667,18.359999
1.362863,19.693333,18.353333
1.363265,19.633333,18.359999
1.363666,19.693333,18.346666
1.364068,19.719999,18.379999
1.364469,19.706667,18.373333
1.364870,19.713333,18.353333
1.365272,19.733334,18.426666
1.365673,19.733334,18.400000
1.366075,19.719999,18.379999
1.366477,19.719999,18.400000
1.366878,19.746666,18.400000
1.367280,19.740000,18.413334
1.367681,19.713333,18.420000
1.368082,19.766666,18.406666
1.368483,19.746666,18.400000
1.368884,19.693333,18.406666
1.369286,19.726667,18.400000
1.369687,19.760000,18.433334
1.370089,19.793333,18.413334
1.370490,19.706667,18.420000
1.370891,19.746666,18.406666
1.371293,19.760000,18.420000
1.371694,19.753334,18.420000
1.372095,19.766666,18.453333
1.372496,19.773333,18.440001
1.372897,19.813332,18.466665
1.373299,19.793333,18.440001
1.373700,19.760000,18.446667
1.374102,19.779999,18.400000
1.374504,19.766666,18.426666
1.374905,19.773333,18.446667
1.375307,19.766666,18.446667
1.375708,19.773333,18.426666
1.376110,19.786665,18.466665
1.376512,19.820000,18.459999
1.376913,19.786665,18.459999
1.377314,19.773333,18.459999
1.377716,19.753334,18.446667
1.378117,19.786665,18.459999
1.378518,19.820000,18.459999
1.378919,19.833332,18.440001
1.379321,19.813332,18.473331
1.379723,19.806665,18.473331
1.380124,19.826666,18.473331
1.380525,19.833332,18.459999
1.380926,19.840000,18.459999
1.381327,19.826666,18.493332
1.381728,19.833332,18.473331
1.382129,19.786665,18.473331
1.382530,19.853333,18.446667
1.382932,19.826666,18.353333
1.383334,19.826666,18.473331
1.383735,19.866667,18.506666
1.384136,19.853333,18.513332
1.384537,19.820000,18.493332
1.384939,19.860001,18.520000
1.385341,19.880001,18.473331
1.385742,19.893333,18.513332
1.386144,19.779999,18.480000
1.386545,19.913332,18.506666
1.386947,19.833332,18.413334
1.387348,19.833332,18.686666
1.387749,19.833332,18.459999
1.388150,19.860001,18.506666
1.388551,19.833332,18.473331
1.388952,19.880001,18.559999
1.389354,19.820000,18.493332
1.389755,19.833332,18.486666
1.390157,19.840000,18.466665
1.390558,19.833332,18.506666
1.390959,19.833332,18.493332
1.391360,19.833332,18.506666
1.391761,19.833332,18.486666
1.392163,19.833332,18.459999
1.392564,19.653332,18.486666
1.392966,19.733334,18.453333
1.393367,19.820000,18.486666
1.393768,19.826666,18.473331
1.394169,19.833332,18.526667
1.394571,19.833332,18.480000
1.394973,19.840000,18.466665
1.395375,19.826666,18.446667
1.395777,19.880001,18.506666
1.396178,19.853333,18.520000
1.396579,19.826666,18.506666
1.396980,19.833332,18.493332
1.397381,19.840000,18.493332
1.397782,19.740000,18.440001
1.398184,19.826666,18.513332
1.398585,19.846666,18.486666
1.398987,19.826666,18.506666
1.399388,19.799999,18.213333
1.399789,19.900000,18.466665
1.400190,19.786665,18.486666
1.400591,19.860001,18.446667
1.400993,19.826666,18.426666
1.401395,19.753334,18.459999
1.401798,19.793333,18.473331
1.402199,19.766666,18.400000
1.402601,19.826666,18.466665
1.403002,19.846666,18.473331
1.403403,19.799999,18.466665
1.403804,19.799999,18.526667
1.404205,19.813332,18.453333
1.404606,19.766666,18.446667
1.405007,19.820000,18.486666
1.405408,19.799999,18.466665
1.405809,19.786665,18.440001
1.406210,19.786665,18.420000
1.406612,19.753334,18.393333
1.407014,19.773333,18.426666
1.407415,19.786665,18.473331
1.407816,19.773333,18.426666
1.408217,19.833332,18.406666
1.408619,19.779999,18.453333
1.409020,19.760000,18.420000
1.409422,19.779999,18.440001
1.409824,19.760000,18.400000
1.410225,19.746666,18.420000
1.410626,19.746666,18.440001
1.411028,19.753334,18.426666
1.411429,19.753334,18.420000
1.411830,19.740000,18.393333
1.412231,19.740000,18.400000
1.412633,19.733334,18.393333
1.413035,19.746666,18.400000
1.413436,19.766666,18.393333
1.413837,19.713333,18.400000
1.414239,19.713333,18.400000
1.414640,19.639999,18.260000
1.415041,19.713333,18.400000
1.415442,19.726667,18.379999
1.415843,19.713333,18.400000
1.416245,19.699999,18.400000
1.416646,19.673332,18.346666
1.417048,19.693333,18.379999
1.417449,19.799999,18.400000
1.417850,19.699999,18.260000
1.418251,19.713333,18.353333
1.418652,19.653332,18.346666
1.419053,19.600000,18.379999
1.419455,19.686666,18.379999
1.419856,19.679998,18.326666
1.420259,19.686666,18.346666
1.420660,19.666666,18.346666
1.421061,19.646666,18.339998
1.421462,19.653332,18.339998
1.421864,19.666666,18.333332
1.422266,19.659998,18.346666
1.422667,19.666666,18.333332
1.423068,19.633333,18.320000
1.423470,19.600000,18.339998
1.423871,19.646666,18.306667
1.424272,19.606667,18.286667
1.424673,19.626667,18.273333
1.425074,19.600000,18.286667
1.425475,19.600000,18.326666
1.425876,19.580000,18.286667
1.426278,19.626667,18.266666
1.426679,19.639999,18.273333
1.427080,19.733334,18.326666
1.427482,19.559999,18.253332
1.427883,19.573334,18.273333
1.428285,19.580000,18.246666
1.428687,19.580000,18.266666
1.429088,19.553333,18.240000
1.429489,19.546665,18.240000
1.429890,19.559999,18.233332
1.430292,19.566666,18.233332
1.430693,19.559999,18.213333
1.431096,19.513332,18.206665
1.431497,19.533333,18.226665
1.431898,19.533333,18.326666
1.432300,19.533333,18.146666
1.432701,19.480000,18.206665
1.433102,19.613333,18.226665
1.433503,19.453333,18.199999
1.433904,19.506666,18.186666
1.434306,19.519999,18.160000
1.434707,19.459999,18.146666
1.435108,19.473333,18.233332
1.435509,19.493334,18.160000
1.435910,19.433332,18.206665
1.436312,19.433332,18.146666
1.436713,19.426666,18.146666
1.437115,19.420000,18.126667
1.437517,19.426666,18.119999
1.437918,19.426666,18.160000
1.438320,19.413332,18.146666
1.438721,19.393332,18.053333
1.439123,19.379999,18.059999
1.439524,19.386665,18.126667
1.439925,19.393332,18.099998
1.440326,19.313334,18.133333
1.440727,19.286665,18.073332
1.441129,19.333334,18.046667
1.441531,19.360001,18.073332
1.441932,19.360001,18.066666
1.442334,19.333334,18.066666
1.442735,19.346666,18.026667
1.443137,19.346666,18.113333
1.443539,19.313334,18.106667
1.443940,19.386665,18.013332
1.444341,19.426666,18.013332
1.444742,19.313334,18.020000
1.445144,19.293333,18.020000
1.445545,19.279999,18.020000
1.445946,19.253332,17.986666
1.446347,19.279999,17.980000
1.446748,19.266666,18.020000
1.447150,19.266666,18.079998
1.447552,19.226667,17.973333
1.447953,19.226667,17.953333
1.448354,19.219999,17.946665
1.448755,19.206667,17.939999
1.449157,19.206667,17.953333
1.449558,19.133331,17.886667
1.449960,19.206667,17.913334
1.450361,19.266666,17.926666
1.450762,19.200001,17.873333
1.451163,19.180000,17.913334
1.451564,19.160000,17.886667
1.451965,19.119999,17.886667
1.452366,19.146666,17.859999
1.452767,19.119999,17.893333
1.453168,19.133331,17.853333
1.453569,19.119999,17.846666
1.453970,19.139999,17.859999
1.454371,19.033333,17.826666
1.454772,19.100000,17.886667
1.455173,19.053333,17.906668
1.455575,19.080000,17.886667
1.455976,19.059999,17.793333
1.456377,18.999998,17.840000
1.456779,19.086666,17.786667
1.457180,19.013332,17.766666
1.457581,19.033333,17.773333
1.457982,19.053333,17.786667
1.458383,18.999998,17.760000
1.458784,18.999998,17.746666
1.459186,18.953333,17.753334
1.459587,18.993332,17.760000
1.459989,18.999998,17.693333
1.460390,18.993332,17.746666
1.460792,18.953333,17.719999
1.461193,18.960001,17.713333
1.461594,18.933332,17.686666
1.461995,18.906666,17.686666
1.462396,18.906666,17.639999
1.462797,18.886665,17.660000
1.463198,18.900000,17.633333
1.463599,18.893333,17.613333
1.464000,18.879999,17.619999
1.464402,18.873333,17.513334
1.464803,18.906666,17.613333
1.465205,18.779999,17.606667
1.465606,18.833334,17.613333
1.466007,18.799999,17.539999
1.466409,18.833334,17.539999
1.466810,18.779999,17.539999
1.467213,18.773333,17.633333
1.467614,18.773333,17.526667
1.468015,18.719999,17.486666
1.468416,18.660000,17.506666
1.468817,18.733332,17.473333
1.469219,18.733332,17.413332
1.469621,18.713333,17.539999
1.470022,18.713333,17.340000
1.470423,18.686666,17.473333
1.470824,18.706667,17.419998
1.471225,18.673334,17.459999
1.471626,18.646666,17.433332
1.472027,18.593332,17.413332
1.472428,18.613333,17.400000
1.472829,18.606665,17.400000
1.473231,18.580000,17.400000
1.473632,18.613333,17.366667
1.474033,18.593332,17.360001
1.474434,18.586666,17.313332
1.474835,18.599998,17.333332
1.475236,18.546667,17.326666
1.475637,18.573334,17.433332
1.476039,18.559999,17.333332
1.476441,18.506666,17.320000
1.476843,18.506666,17.293333
1.477244,18.486666,17.120001
1.477646,18.486666,17.266666
1.478047,18.480000,17.279999
1.478448,18.466665,17.240000
1.478849,18.466665,17.306665
1.479250,18.453333,17.186666
1.479651,18.420000,17.219999
1.480053,18.359999,17.240000
1.480454,18.400000,17.186666
1.480856,18.413334,17.186666
1.481259,18.386665,17.186666
1.481660,18.373333,17.126667
1.482061,18.353333,17.126667
1.482463,18.313334,17.126667
1.482864,18.373333,17.153332
1.483266,18.346666,17.113333
1.483667,18.313334,17.080000
1.484068,18.299999,17.066666
1.484470,18.260000,17.026665
1.484871,18.306667,17.066666
1.485274,18.273333,17.013332
1.485675,18.219999,17.039999
1.486077,18.233332,17.026665
1.486478,18.213333,17.039999
1.486879,18.206665,17.013332
1.487281,18.193333,16.973333
1.487683,18.193333,16.953333
1.488084,18.173334,16.980000
1.488485,18.146666,16.959999
1.488887,18.146666,16.926666
1.489288,18.139999,16.939999
1.489689,18.066666,16.913332
1.490090,18.046667,16.806665
1.490491,18.139999,16.900000
1.490892,18.066666,16.920000
1.491294,18.079998,16.900000
1.491697,18.046667,16.860001
1.492098,18.033333,17.139999
1.492501,18.053333,17.093332
1.492902,18.026667,16.860001
1.493303,17.953333,16.733334
1.493705,17.973333,16.873333
1.494106,18.059999,16.833334
1.494508,17.959999,16.786665
1.494909,17.953333,16.793333
1.495311,17.933332,16.779999
1.495712,17.900000,16.753332
1.496114,17.906668,16.733334
1.496515,17.873333,16.786665
1.496916,17.959999,16.759998
1.497318,17.873333,16.719999
1.497719,17.846666,16.713333
1.498120,17.873333,16.713333
1.498522,17.820000,16.680000
1.498924,17.806665,16.706667
1.499326,17.799999,16.680000
1.499727,17.793333,16.639999
1.500128,17.740000,16.626665
1.500529,17.773333,16.606667
1.500931,17.753334,16.619999
1.501333,17.639999,16.566666
1.501734,17.673332,16.519999
1.502135,17.653334,16.573334
1.502537,17.733334,16.539999
1.502939,17.660000,16.486666
1.503341,17.679998,16.499998
1.503743,17.646667,16.573334
1.504144,17.619999,16.413332
1.504545,17.619999,16.346666
1.504946,17.593332,16.446667
1.505348,17.559999,16.519999
1.505749,17.566666,16.433332
1.506151,17.559999,16.386665
1.506552,17.539999,16.400000
1.506953,17.613333,16.313334
1.507355,17.453333,16.320000
1.507756,17.473333,16.346666
1.508157,17.406666,16.286667
1.508558,17.459999,16.279999
1.508959,17.439999,16.279999
1.509361,17.386667,16.246666
1.509763,17.386667,16.219999
1.510164,17.386667,16.099998
1.510565,17.433332,16.273333
1.510966,17.346666,16.133333
1.511367,17.340000,16.146666
1.511769,17.333332,16.126665
1.512170,17.299999,16.113333
1.512572,17.306665,16.153334
1.512973,17.299999,16.093332
1.513375,17.253334,16.246666
1.513776,17.240000,16.059999
1.514177,17.233334,16.033333
1.514578,17.226667,15.980000
1.514979,17.246666,16.013332
1.515380,17.179998,16.006666
1.515781,17.100000,15.980000
1.516183,17.166666,15.980000
1.516584,17.166666,15.980000
1.516985,17.120001,16.093332
1.517387,17.086666,15.913334
1.517788,17.013332,15.926666
1.518190,17.059999,15.853333
1.518591,17.039999,15.873333
1.518992,17.019999,15.833333
1.519393,17.013332,15.826667
1.519794,16.986668,15.819999
1.520196,16.980000,15.760000
1.520597,16.973333,15.799999
1.520999,16.953333,15.700000
1.521401,16.959999,15.760000
1.521802,16.993334,15.746666
1.522203,16.933332,15.706666
1.522605,16.886665,15.753332
1.523006,16.893332,15.660000
1.523408,16.906666,15.646666
1.523810,16.799999,15.653334
1.524212,16.866667,15.619999
1.524613,16.813334,15.486666
1.525014,16.840000,15.566667
1.525415,16.793333,15.566667
1.525816,16.846666,15.566667
1.526217,16.786665,15.533333
1.526619,16.786665,15.406667
1.527020,16.733334,15.400000
1.527421,16.713333,15.413333
1.527822,16.700001,15.453334
1.528223,16.700001,15.426665
1.528624,16.673332,15.393333
1.529025,16.660000,15.413333
1.529427,16.619999,15.393333
1.529828,16.619999,15.379999
1.530229,16.613333,15.333333
1.530630,16.586666,15.320001
1.531031,16.553333,15.313333
1.531433,16.546667,15.313333
1.531835,16.519999,15.260000
1.532236,16.480000,15.193334
1.532637,16.446667,15.280000
1.533038,16.473333,15.213333
1.533440,16.440001,15.219999
1.533842,16.386665,15.193334
1.534243,16.420000,15.200000
1.534645,16.353333,15.179999
1.535047,16.340000,15.139999
1.535449,16.306667,14.953333
1.535850,16.299999,15.066667
1.536252,16.266666,14.953333
1.536653,16.253332,14.953333
1.537054,16.266666,14.953333
1.537456,16.253332,14.953333
1.537858,16.213333,14.953333
1.538260,16.186666,14.933333
1.538661,16.180000,14.953333
1.539062,16.166666,14.906667
1.539463,16.119999,14.913333
1.539864,16.099998,14.873333
1.540266,16.053333,14.853333
1.540667,16.080000,14.793334
1.541068,16.020000,14.820000
1.541470,16.080000,14.753333
1.541871,16.020000,14.780000
1.542273,15.986667,14.759999
1.542674,15.966666,14.766665
1.543076,15.926666,14.860001
1.543477,15.873333,14.693333
1.543878,15.966666,14.679999
1.544280,15.913334,14.659999
1.544681,15.873333,14.626666
1.545082,15.826667,14.626666
1.545483,15.786667,14.586666
1.545886,15.753332,14.586666
1.546287,15.746666,14.559999
1.546688,15.740000,14.540000
1.547089,15.720000,14.520000
1.547490,15.773333,14.520000
1.547891,15.660000,14.506667
1.548293,15.646666,14.466667
1.548694,15.653334,14.480000
1.549095,15.626667,14.406667
1.549497,15.613333,14.373332
1.549898,15.566667,14.366666
1.550300,15.473333,14.166666
1.550701,15.480000,14.346666
1.551104,15.466666,14.346666
1.551506,15.473333,14.273334
1.551907,15.560000,14.333334
1.552308,15.433333,14.246667
1.552709,15.393333,14.206667
1.553110,15.400000,14.206667
1.553512,15.366667,14.173332
1.553913,15.366667,14.206667
1.554314,15.333333,14.153333
1.554715,15.286666,14.153333
1.555116,15.306666,14.140000
1.555517,15.260000,14.173332
1.555918,15.246666,14.099999
1.556320,15.226665,14.099999
1.556721,15.186667,14.073334
1.557123,15.286666,14.046667
1.557524,15.226665,13.880000
1.557926,15.126667,13.999999
1.558327,15.133333,13.993333
1.558728,15.086666,14.006667
1.559130,14.993334,13.946667
1.559532,15.006666,13.933332
1.559933,14.953333,13.960000
1.560334,14.953333,13.846665
1.560735,15.060000,13.873334
1.561137,14.919999,13.833333
1.561539,14.906667,13.820000
1.561940,14.873333,13.820000
1.562341,14.906667,13.793333
1.562742,14.846666,13.759999
1.563143,14.833332,13.713332
1.563545,14.806666,13.706666
1.563947,14.759999,13.626666
1.564348,14.666667,13.653334
1.564749,14.726667,13.259999
1.565150,14.620000,13.466666
1.565551,14.699999,13.686666
1.565952,14.679999,13.593333
1.566355,14.633332,13.559999
1.566756,14.613333,13.546667
1.567158,14.593332,13.506666
1.567559,14.593332,13.526667
1.567961,14.580000,13.466666
1.568364,14.533334,13.466666
1.568765,14.526666,13.466666
1.569166,14.506667,13.440000
1.569567,14.459999,13.413334
1.569968,14.453333,13.379999
1.570369,14.420000,13.366667
1.570770,14.433332,13.320000
1.571171,14.380000,13.313333
1.571572,14.360000,13.286667
1.571973,14.333334,13.233334
1.572376,14.280000,13.293333
1.572779,14.333334,13.240000
1.573181,14.226666,13.220000
1.573583,14.226666,13.233334
1.573984,14.200001,13.166667
1.574385,14.206667,13.133333
1.574786,14.173332,13.120000
1.575187,14.133332,13.120000
1.575588,14.073334,13.066667
1.575989,14.126666,13.153334
1.576390,14.140000,13.040000
1.576791,14.073334,13.040000
1.577193,14.059999,13.040000
1.577594,14.013333,13.013333
1.577995,14.026667,12.973333
1.578396,13.966666,12.886666
1.578798,13.966666,12.933333
1.579199,13.920000,13.040000
1.579601,13.900000,12.860000
1.580003,13.893333,12.866666
1.580405,13.860000,12.773334
1.580806,13.820000,12.786666
1.581207,13.766666,12.786666
1.581609,13.786667,12.766666
1.582010,13.799999,12.733333
1.582411,13.766666,12.719999
1.582813,13.673334,12.713333
1.583214,13.686666,12.706667
1.583615,13.693333,12.646667
1.584017,13.639999,12.593333
1.584420,13.646666,12.620000
1.584821,13.733333,12.786666
1.585222,13.586667,12.593333
1.585623,13.573333,12.580000
1.586024,13.526667,12.593333
1.586426,13.520000,12.580000
1.586828,13.466666,12.466666
1.587229,13.466666,12.446667
1.587630,13.526667,12.420000
1.588031,13.433333,12.420000
1.588434,13.386665,12.406666
1.588835,13.379999,12.360000
1.589237,13.379999,12.400000
1.589638,13.313333,12.320000
1.590040,13.300000,12.273333
1.590441,13.273334,12.273333
1.590844,13.240000,12.259999
1.591245,13.100000,12.420000
1.591647,13.206666,12.226666
1.592049,13.166667,12.139999
1.592450,13.133333,12.146667
1.592851,13.126666,12.073333
1.593252,13.120000,12.100000
1.593653,13.100000,12.186666
1.594056,12.960000,12.066666
1.594457,13.020000,12.033333
1.594859,13.013333,12.020000
1.595260,12.966667,12.013333
1.595661,12.946667,11.973333
1.596063,12.933333,11.940000
1.596465,12.840000,11.926666
1.596866,13.000000,11.886666
1.597267,12.853333,11.879999
1.597668,12.853333,11.866666
1.598069,12.806666,11.866666
1.598471,12.766666,11.793333
1.598874,12.766666,11.799999
1.599275,12.746666,11.806666
1.599676,12.740000,11.793333
1.600077,12.686666,11.726666
1.600479,12.686666,11.706667
1.600880,12.653333,11.700000
1.601281,12.620000,11.720000
1.601682,12.566667,11.559999
1.602083,12.573334,11.593333
1.602484,12.540000,11.546666
1.602885,12.533333,11.553333
1.603287,12.500000,11.526667
1.603688,12.480000,11.526667
1.604089,12.466666,11.513333
1.604491,12.413333,11.446667
1.604894,12.413333,11.500000
1.605295,12.386666,11.373333
1.605697,12.373333,11.446667
1.606098,12.333333,11.380000
1.606500,12.293333,11.326667
1.606902,12.280000,11.326667
1.607303,12.259999,11.306666
1.607704,12.160000,11.266666
1.608107,12.226666,11.226666
1.608509,12.186666,11.266666
1.608910,12.106667,11.193334
1.609312,12.120000,11.206666
1.609713,12.086666,11.166666
1.610114,12.059999,11.073333
1.610516,12.059999,11.206666
1.610917,11.960000,11.106667
1.611319,12.013333,11.079999
1.611721,11.960000,11.086666
1.612123,11.913333,11.026667
1.612525,11.893333,11.073333
1.612926,11.906667,11.000000
1.613327,11.886666,10.980000
1.613728,11.860000,10.960000
1.614130,11.906667,10.853333
1.614531,11.806666,10.866667
1.614932,11.753333,10.893332
1.615334,11.766666,10.813333
1.615735,11.700000,10.820000
1.616137,11.666666,10.813333
1.616538,11.679999,10.773334
1.616939,11.646667,10.746666
1.617340,11.613333,10.720000
1.617741,11.533333,10.826666
1.618142,11.706667,10.666667
1.618544,11.553333,10.673333
1.618946,11.526667,10.620000
1.619347,11.406666,10.553332
1.619748,11.466666,10.573333
1.620150,11.453334,10.700000
1.620551,11.433333,10.493333
1.620952,11.386666,10.553332
1.621353,11.373333,10.500000
1.621754,11.386666,10.466667
1.622155,11.346666,10.466667
1.622556,11.300000,10.453333
1.622957,11.280000,10.393333
1.623358,11.260000,10.386666
1.623760,11.219999,10.179999
1.624161,11.099999,10.266666
1.624563,11.180000,10.226666
1.624966,11.153333,10.260000
1.625368,11.166666,10.306666
1.625769,11.099999,10.280000
1.626171,11.013332,10.173333
1.626572,11.053333,10.173333
1.626973,11.106667,10.140000
1.627375,11.073333,10.179999
1.627776,10.973333,10.153333
1.628177,10.946666,10.140000
1.628578,10.940000,10.106667
1.628979,10.913333,10.066667
1.629381,10.853333,10.006667
1.629782,10.840000,9.980000
1.630184,10.826666,9.993333
1.630585,10.806666,9.953333
1.630987,10.793333,9.953333
1.631388,10.746666,9.926666
1.631789,10.706666,9.846666
1.632190,10.733334,9.900000
1.632591,10.693333,9.893332
1.632992,10.713333,9.813334
1.633394,10.653334,9.820000
1.633795,10.573333,9.780000
1.634196,10.566667,9.766666
1.634598,10.606667,9.759999
1.634999,10.500000,9.613334
1.635401,10.413333,9.340000
1.635802,10.500000,9.700000
1.636204,10.460000,9.646667
1.636606,10.460000,9.613334
1.637007,10.400000,9.600000
1.637408,10.373333,9.566666
1.637809,10.360000,9.526667
1.638211,10.306666,9.540000
1.638612,10.299999,9.493333
1.639013,10.326667,9.493333
1.639415,10.246666,9.346666
1.639817,10.266666,9.346666
1.640219,10.206667,9.346666
1.640621,10.153333,9.346666
1.641022,10.166666,9.333333
1.641424,10.106667,9.293333
1.641827,10.133333,9.266666
1.642228,10.080000,9.266666
1.642630,10.080000,9.220000
1.643031,10.080000,9.206667
1.643433,10.126667,9.220000
1.643834,9.986667,9.160000
1.644236,9.980000,9.126666
1.644637,9.926666,9.106667
1.645038,9.920000,9.099999
1.645439,9.880000,9.053333
1.645840,9.860000,9.093333
1.646241,9.793333,9.059999
1.646642,9.940001,9.033333
1.647043,9.800000,8.993333
1.647444,9.786667,8.946667
1.647845,9.713333,8.933333
1.648246,9.680000,8.933333
1.648648,9.666667,8.866667
1.649049,9.666667,8.913333
1.649450,9.673333,9.013333
1.649852,9.613334,8.773333
1.650253,9.586666,8.766666
1.650655,9.573333,8.853333
1.651056,9.526667,8.766666
1.651457,9.520000,8.740000
1.651858,9.466666,8.693334
1.652260,9.460000,8.599999
1.652661,9.346666,8.639999
1.653062,9.346666,8.639999
1.653463,9.340000,8.573333
1.653864,9.306666,8.573333
1.654266,9.299999,8.560000
1.654667,9.266666,8.526667
1.655068,9.266666,8.533333
1.655470,9.246666,8.506666
1.655872,9.206667,8.466666
1.656274,9.179999,8.393332
1.656675,9.166666,8.453333
1.657076,9.179999,8.426667
1.657477,9.099999,8.393332
1.657879,9.066667,8.353333
1.658280,9.066667,8.300000
1.658681,9.020000,8.306666
1.659082,8.986667,8.266666
1.659484,8.993333,8.240000
1.659885,8.900000,8.226666
1.660286,8.920000,8.233334
1.660687,9.000000,8.166667
1.661088,8.826667,8.146667
1.661489,8.893333,8.153334
1.661891,9.086667,8.160000
1.662293,8.800000,8.146667
1.662694,8.800000,8.059999
1.663095,8.780000,8.026667
1.663497,8.733333,7.940000
1.663898,8.700000,8.013333
1.664300,8.673333,8.040000
1.664701,8.639999,7.913333
1.665103,8.639999,7.933333
1.665504,8.533333,7.840000
1.665905,8.613334,7.880000
1.666307,8.520000,7.860000
1.666708,8.533333,7.866666
1.667109,8.526667,7.813334
1.667510,8.480000,7.780000
1.667911,8.440000,7.766666
1.668313,8.420000,7.753333
1.668715,8.406667,7.706666
1.669117,8.400000,7.513333
1.669519,8.373333,7.466667
1.669920,8.306666,7.640000
1.670322,8.306666,7.653333
1.670725,8.286667,7.600000
1.671126,8.240000,7.586667
1.671527,8.286667,7.553333
1.671930,8.246666,7.613333
1.672332,8.193333,7.513333
1.672733,8.160000,7.440000
1.673134,8.106667,7.440000
1.673536,8.120000,7.433333
1.673937,8.080000,7.420000
1.674339,8.046666,7.413333
1.674740,8.026667,7.373333
1.675141,8.026667,7.340000
1.675542,7.993333,7.333333
1.675943,7.960000,7.313333
1.676345,7.953333,7.240000
1.676747,7.800000,7.219999
1.677148,7.873333,7.226666
1.677549,7.760000,7.300000
1.677950,7.860000,7.206666
1.678352,7.913333,7.166667
1.678753,7.806666,7.160000
1.679154,7.760000,7.126667
1.679555,7.700000,7.106667
1.679958,7.693334,7.066666
1.680359,7.679999,7.046667
1.680760,7.679999,7.046667
1.681161,7.640000,7.000000
1.681563,7.679999,6.986666
1.681964,7.600000,6.933333
1.682365,7.520000,6.926667
1.682766,7.553333,6.900000
1.683167,7.513333,6.846666
1.683569,7.500000,6.866666
1.683972,7.466667,6.840000
1.684374,7.440000,6.540000
1.684775,7.666667,6.640000
1.685176,7.413333,6.800000
1.685578,7.313333,6.773334
1.685979,7.559999,6.740000
1.686381,7.340000,6.713333
1.686783,7.326666,6.680000
1.687184,7.266667,6.680000
1.687585,7.260000,6.646667
1.687987,7.213333,6.640000
1.688388,7.233334,6.640000
1.688789,7.186666,6.540000
1.689191,7.206666,6.533333
1.689592,7.160000,6.546667
1.689993,7.146667,6.500000
1.690394,7.093333,6.466667
1.690795,7.053333,6.613333
1.691196,7.020000,6.413333
1.691597,7.020000,6.413333
1.691998,6.946667,6.393333
1.692400,6.966666,6.386667
1.692801,6.840000,6.280000
1.693202,6.993333,6.286667
1.693603,6.813333,6.260000
1.694004,6.793334,6.253334
1.694407,6.806667,6.240000
1.694808,6.813333,6.193333
1.695209,6.813333,6.220000
1.695610,6.773334,6.160000
1.696011,6.753333,6.166667
1.696413,6.733333,6.113333
1.696814,6.666667,6.113333
1.697215,6.706667,6.093333
1.697616,6.593333,6.053333
1.698017,6.673334,5.966666
1.698419,6.586667,6.040000
1.698820,6.620000,6.046667
1.699221,6.520000,5.973333
1.699623,6.493333,5.940000
1.700025,6.486667,5.940000
1.700426,6.446667,5.886667
1.700827,6.466667,5.900000
1.701229,6.433333,5.886667
1.701630,6.473333,5.793334
1.702033,6.400000,5.800000
1.702435,6.340000,5.760000
1.702836,6.313334,5.793334
1.703238,6.293333,5.760000
1.703640,6.286667,5.753333
1.704041,6.233333,5.760000
1.704442,6.246666,5.700000
1.704843,6.206666,5.640000
1.705245,6.173333,5.613333
1.705647,6.193333,5.606667
1.706048,6.140000,5.600000
1.706449,6.120000,5.620000
1.706850,6.106667,5.780000
1.707251,6.060000,5.533333
1.707652,6.060000,5.500000
1.708053,6.040000,5.473333
1.708455,5.980000,5.493333
1.708856,5.986667,5.486667
1.709259,6.006667,5.420000
1.709660,5.800000,5.406666
1.710061,5.886667,5.413333
1.710462,5.893333,5.386667
1.710863,5.633333,5.333333
1.711265,5.833333,5.333333
1.711666,5.793334,5.293334
1.712068,5.760000,5.266667
1.712469,5.773333,5.246666
1.712870,5.760000,5.253333
1.713272,5.753333,5.233334
1.713674,5.706666,5.180000
1.714076,5.700000,5.200000
1.714477,5.653333,5.166667
1.714878,5.620000,5.060000
1.715280,5.586667,5.146667
1.715681,5.620000,5.053333
1.716084,5.593333,5.060000
1.716485,5.546667,5.033333
1.716887,5.526667,5.026667
1.717289,5.486667,4.953333
1.717690,5.500000,5.060000
1.718091,5.413333,4.980000
1.718493,5.440000,4.946666
1.718894,5.380000,4.946666
1.719297,5.400000,4.913333
1.719698,5.353333,4.926667
1.720101,5.373333,4.886666
1.720503,5.333333,4.886666
1.720904,5.340000,4.780000
1.721306,5.273333,4.793333
1.721707,5.273333,4.720000
1.722108,5.226666,4.766666
1.722510,5.206666,4.700000
1.722911,5.200000,4.720000
1.723313,5.200000,4.606667
1.723714,5.206666,4.713333
1.724115,5.126667,4.680000
1.724516,5.060000,4.646667
1.724918,5.193333,4.640000
1.725320,5.093333,4.620000
1.725721,5.053333,4.593333
1.726123,5.060000,4.540000
1.726524,5.006667,4.560000
1.726925,5.000000,4.360000
1.727327,4.960000,4.593333
1.727729,4.966667,4.573333
1.728131,4.913333,4.453333
1.728532,4.886666,4.446667
1.728934,4.893333,4.446667
1.729336,4.860000,4.420000
1.729738,4.846666,4.386666
1.730139,4.820000,4.360000
1.730541,4.800000,4.353333
1.730942,4.753333,4.346667
1.731343,4.773334,4.326666
1.731746,4.726666,4.346667
1.732147,4.720000,4.266666
1.732548,4.720000,4.266666
1.732949,4.686666,4.186666
1.733350,4.660000,4.246667
1.733751,4.620000,3.686666
1.734152,4.606667,4.186666
1.734554,4.480000,4.160000
1.734955,4.546667,4.140000
1.735356,4.533333,4.126667
1.735757,4.513333,4.213334
1.736158,4.466667,4.093333
1.736560,4.480000,4.080000
1.736962,4.453333,4.060000
1.737363,4.440000,4.013333
1.737765,4.446667,4.013333
1.738166,4.400000,3.980000
1.738567,4.400000,3.986666
1.738969,4.353333,3.980000
1.739370,4.360000,3.926666
1.739772,4.306667,3.913333
1.740173,4.306667,3.833333
1.740575,4.293333,3.933333
1.740976,4.260000,4.080000
1.741378,4.253333,3.906667
1.741779,4.246667,3.826667
1.742180,4.306667,3.913333
1.742581,4.186666,3.893333
1.742982,4.140000,3.740000
1.743383,4.153333,3.746666
1.743786,4.126667,3.660000
1.744187,4.126667,3.686666
1.744589,4.086667,3.653333
1.744990,4.033333,3.660000
1.745392,3.940000,3.626667
1.745793,4.026666,3.593333
1.746195,4.033333,3.566667
1.746596,3.993333,3.526666
1.746998,3.986666,3.566667
1.747399,3.933333,3.526666
1.747800,3.933333,3.453333
1.748202,4.020000,3.500000
1.748604,3.913333,3.486667
1.749006,3.933333,3.426666
1.749408,3.840000,3.473333
1.749809,3.833333,3.406667
1.750210,3.826667,3.380000
1.750611,3.820000,3.406667
1.751013,3.733333,3.320000
1.751414,3.746666,3.386667
1.751816,3.620000,3.346666
1.752217,3.686666,3.320000
1.752618,3.706666,3.313333
1.753019,3.660000,3.306667
1.753421,3.646667,3.286667
1.753824,3.620000,3.240000
1.754225,3.613333,3.240000
1.754626,3.573333,3.193333
1.755028,3.573333,3.213333
1.755429,3.540000,3.186666
1.755830,3.506667,3.120000
1.756232,3.453333,3.133333
1.756633,3.526666,3.133333
1.757034,3.460000,3.133333
1.757435,3.420000,3.133333
1.757836,3.433333,3.073333
1.758238,3.406667,3.006667
1.758639,3.480000,2.986667
1.759040,3.380000,3.026667
1.759441,3.380000,3.013333
1.759842,3.333333,2.966666
1.760244,3.346666,3.026667
1.760646,3.360000,2.940000
1.761047,3.246666,2.953333
1.761448,3.306667,2.946667
1.761849,3.306667,2.946667
1.762251,3.200000,2.880000
1.762652,3.213333,2.873333
1.763053,3.220000,2.846667
1.763454,3.180000,2.886667
1.763855,3.200000,2.813333
1.764260,3.160000,2.800000
1.764662,3.180000,2.786667
1.765063,3.106667,2.773333
1.765464,3.140000,2.753333
1.765865,3.100000,2.733333
1.766266,3.086667,2.726667
1.766667,3.006667,2.720000
1.767068,3.020000,2.680000
1.767469,3.006667,2.693333
1.767870,3.020000,2.673333
1.768273,2.973333,2.673333
1.768674,2.960000,2.646667
1.769076,2.926667,2.620000
1.769478,2.913333,2.620000
1.769880,2.993333,2.600000
1.770281,2.860000,2.560000
1.770682,2.880000,2.580000
1.771083,2.873333,2.580000
1.771484,2.860000,2.553333
1.771886,2.813333,2.513333
1.772288,2.806667,2.493333
1.772689,2.773333,2.473333
1.773090,2.760000,2.473333
1.773492,2.760000,2.553333
1.773894,2.713333,2.346667
1.774295,2.726667,2.433333
1.774696,2.726667,2.353333
1.775098,2.693333,2.400000
1.775499,2.653333,2.400000
1.775900,2.666667,2.613333
1.776301,2.580000,2.613333
1.776702,2.633333,2.380000
1.777103,2.613333,2.366667
1.777504,2.700000,2.306667
1.777905,2.593333,2.260000
1.778306,2.540000,2.266667
1.778707,2.513333,2.246667
1.779108,2.520000,2.253333
1.779509,2.506666,2.200000
1.779911,2.473333,2.226666
1.780313,2.493333,2.200000
1.780714,2.466667,2.146667
1.781115,2.460000,2.153333
1.781516,2.466667,2.146667
1.781917,2.480000,2.146667
1.782319,2.420000,2.133333
1.782721,2.380000,2.020000
1.783123,2.386667,2.093333
1.783524,2.346667,2.086667
1.783925,2.366667,2.373333
1.784327,2.320000,2.126667
1.784728,2.320000,1.980000
1.785130,2.306667,2.000000
1.785531,2.273333,1.953333
1.785932,2.280000,2.046667
1.786334,2.266667,1.993333
1.786735,2.246667,1.980000
1.787137,2.226666,1.926667
1.787539,2.140000,1.926667
1.787941,2.193333,1.906667
1.788342,2.166667,1.906667
1.788743,2.160000,1.906667
1.789144,2.140000,1.886667
1.789545,2.113333,1.886667
1.789946,2.106667,1.860000
1.790348,2.106667,1.893333
1.790749,2.093333,1.886667
1.791151,2.086667,1.846667
1.791553,2.060000,1.806667
1.791955,2.040000,1.733333
1.792356,2.146667,1.786667
1.792758,2.000000,1.760000
1.793159,2.026667,1.753333
1.793560,1.960000,1.753333
1.793963,1.980000,1.886667
1.794364,2.026667,1.726667
1.794766,1.933333,1.673333
1.795167,1.906667,1.660000
1.795568,1.906667,1.686667
1.795969,1.900000,1.666667
1.796370,1.920000,1.646667
1.796773,1.873333,1.586667
1.797175,1.886667,1.420000
1.797577,1.860000,1.813333
1.797978,1.826667,1.573333
1.798380,1.840000,1.566667
1.798781,1.813333,1.573333
1.799183,1.773333,1.560000
1.799584,1.753333,1.540000
1.799985,1.753333,1.560000
1.800387,1.766667,1.560000
1.800789,1.706667,1.500000
1.801191,1.646667,1.513333
1.801592,1.760000,1.473333
1.801994,1.713333,1.486667
1.802396,1.706667,1.546667
1.802797,1.593333,1.366667
1.803198,1.660000,1.440000
1.803600,1.666667,1.420000
1.804001,1.640000,1.446667
1.804402,1.653333,1.386667
1.804805,1.633333,1.393333
1.805207,1.620000,1.386667
1.805608,1.566667,1.353333
1.806010,1.573333,1.366667
1.806411,1.580000,1.346667
1.806813,1.566667,1.300000
1.807214,1.540000,1.313333
1.807616,1.533333,1.340000
1.808017,1.560000,1.180000
1.808418,1.540000,1.300000
1.808819,1.466667,1.286667
1.809220,1.506667,1.280000
1.809622,1.553333,1.240000
1.810024,1.446667,1.240000
1.810426,1.546667,1.346667
1.810829,1.460000,1.213333
1.811231,1.420000,1.193333
1.811632,1.400000,1.206667
1.812033,1.386667,1.173333
1.812434,1.386667,1.206667
1.812836,1.386667,1.180000
1.813237,1.386667,1.133333
1.813638,1.340000,1.120000
1.814039,1.320000,1.126667
1.814441,1.320000,1.126667
1.814842,1.266667,1.106667
1.815243,1.340000,1.060000
1.815645,1.300000,1.106667
1.816046,1.273333,1.073333
1.816448,1.120000,1.093333
1.816849,1.273333,1.160000
1.817251,1.266667,1.046667
1.817652,1.246667,1.033333
1.818053,1.126667,1.046667
1.818454,1.260000,0.960000
1.818857,1.293333,1.033333
1.819259,1.206667,0.986667
1.819660,1.193333,1.006667
1.820061,1.193333,0.980000
1.820462,1.166667,0.986667
1.820863,1.153333,0.946667
1.821265,1.146667,1.000000
1.821667,1.153333,0.946667
1.822068,1.173333,0.946667
1.822470,1.106667,0.946667
1.822871,1.106667,0.946667
1.823272,1.106667,1.000000
1.823673,1.086667,0.946667
1.824075,1.060000,0.946667
1.824477,1.026667,0.946667
1.824878,1.033333,0.946667
1.825280,1.046667,0.946667
1.825681,1.053333,0.946667
1.826082,1.026667,0.946667
1.826483,1.013333,0.946667
1.826884,0.986667,0.946667
1.827286,1.033333,0.946667
1.827687,0.993333,0.946667
1.828089,0.973333,0.946667
1.828490,0.973333,0.946667
1.828892,0.953333,0.946667
1.829293,0.946667,0.946667
1.829694,0.953333,0.946667
1.830097,0.946667,0.946667
1.830498,0.946667,0.946667
1.830899,0.946667,0.946667
1.831300,0.946667,0.946667
1.831701,0.946667,0.946667
1.832102,0.946667,0.946667
1.832503,0.946667,0.946667
1.832904,0.946667,0.946667
1.833307,0.946667,0.946667
1.833708,0.946667,0.946667
1.834110,0.946667,0.946667
1.834511,0.946667,0.946667
1.834913,0.946667,0.946667
1.835314,0.946667,0.946667
1.835715,0.946667,0.946667
1.836117,0.946667,0.946667
1.836518,0.946667,0.946667
1.836919,0.946667,0.946667
1.837320,0.946667,0.946667
1.837721,0.946667,0.946667
1.838123,0.946667,0.946667
1.838526,0.946667,0.946667
1.838927,0.946667,0.946667
1.839328,0.946667,0.946667
1.839731,0.946667,0.946667
1.840132,0.946667,0.946667
1.840533,0.946667,0.946667
1.840934,0.946667,0.946667
1.841335,0.946667,0.946667
1.841736,0.946667,0.946667
1.842138,0.946667,0.946667
1.842540,0.946667,0.946667
1.842941,0.946667,0.946667
1.843343,0.946667,0.946667
1.843745,0.946667,0.946667
1.844146,0.946667,0.946667
1.844547,0.946667,0.946667
1.844948,0.946667,0.946667
1.845349,0.946667,0.946667
1.845751,0.946667,0.946667
1.846152,0.946667,0.946667
1.846553,0.946667,0.946667
1.846956,0.946667,0.946667
1.847357,0.946667,0.946667
1.847758,0.946667,0.946667
1.848160,0.946667,0.946667
1.848561,0.946667,0.946667
1.848962,0.946667,0.946667
1.849363,0.946667,0.946667
1.849765,0.946667,0.946667
1.850167,0.946667,0.946667
1.850568,0.946667,0.946667
1.850970,0.946667,0.946667
1.851371,0.946667,0.946667
1.851773,0.946667,0.946667
1.852174,0.946667,0.946667
1.852575,0.946667,0.946667
1.852976,0.946667,0.946667
1.853378,0.946667,0.946667
1.853779,0.946667,0.946667
1.854181,0.946667,0.946667
1.854582,0.946667,0.946667
1.854983,0.946667,0.946667
1.855385,0.946667,0.946667
1.855786,0.946667,0.946667
1.856188,0.946667,0.946667
1.856589,0.946667,0.946667
1.856990,0.946667,0.946667
1.857391,0.946667,0.946667
1.857792,0.946667,0.946667
1.858194,0.946667,0.946667
1.858596,0.946667,0.946667
1.858997,0.946667,0.946667
1.859398,0.946667,0.946667
1.859800,0.946667,0.946667
1.860201,0.946667,0.946667
1.860602,0.946667,0.946667
1.861003,0.946667,0.946667
1.861405,0.946667,0.946667
1.861807,0.946667,0.946667
1.862208,0.946667,0.946667
1.862610,0.946667,0.946667
1.863012,0.946667,0.946667
1.863413,0.946667,0.946667
1.863814,0.946667,0.946667
1.864215,0.946667,0.946667
1.864617,0.946667,0.946667
1.865019,0.946667,0.946667
1.865420,0.946667,0.946667
1.865821,0.946667,0.946667
1.866223,0.946667,0.946667
1.866624,0.946667,0.946667
1.867026,0.946667,0.946667
1.867428,0.946667,0.946667
1.867830,0.946667,0.946667
1.868231,0.946667,0.946667
1.868632,0.946667,0.946667
1.869033,0.946667,0.946667
1.869435,0.946667,0.946667
1.869836,0.946667,0.946667
1.870237,0.946667,0.946667
1.870638,0.946667,0.946667
1.871039,0.946667,0.946667
1.871440,0.946667,0.946667
1.871841,0.946667,0.946667
1.872242,0.946667,0.946667
1.872643,0.946667,0.946667
1.873044,0.946667,0.946667
1.873445,0.946667,0.946667
1.873846,0.946667,0.946667
1.874247,0.946667,0.946667
1.874648,0.946667,0.946667
1.875049,0.946667,0.946667
1.875451,0.946667,0.946667
1.875852,0.946667,0.946667
1.876254,0.946667,0.946667
1.876656,0.946667,0.946667
1.877057,0.946667,0.946667
1.877459,0.946667,0.946667
1.877862,0.946667,0.946667
1.878263,0.946667,0.946667
1.878665,0.946667,0.946667
1.879067,0.946667,0.946667
1.879469,0.946667,0.946667
1.879870,0.946667,0.946667
1.880272,0.946667,0.946667
1.880675,0.946667,0.946667
1.881076,0.946667,0.946667
1.881477,0.946667,0.946667
1.881880,0.946667,0.946667
1.882282,0.946667,0.946667
1.882683,0.946667,0.946667
1.883085,0.946667,0.946667
1.883487,0.946667,0.946667
1.883889,0.946667,0.946667
1.884291,0.946667,0.946667
1.884693,0.946667,0.946667
1.885094,0.946667,0.946667
1.885496,0.946667,0.946667
1.885897,0.946667,0.946667
1.886299,0.946667,0.946667
1.886701,0.946667,0.946667
1.887102,0.946667,0.946667
1.887503,0.946667,0.946667
1.887904,0.946667,0.946667
1.888306,0.946667,0.946667
1.888708,0.946667,0.946667
1.889109,0.946667,0.946667
1.889510,0.946667,0.946667
1.889912,0.946667,0.946667
1.890313,0.946667,0.946667
1.890714,0.946667,0.946667
1.891115,0.946667,0.946667
1.891516,0.946667,0.946667
1.891918,0.946667,0.946667
1.892320,0.946667,0.946667
1.892721,0.946667,0.946667
1.893123,0.946667,0.946667
1.893524,0.946667,0.946667
1.893925,0.946667,0.946667
1.894327,0.946667,0.946667
1.894728,0.946667,0.946667
1.895129,0.946667,0.946667
1.895530,0.946667,0.946667
1.895932,0.946667,0.946667
1.896333,0.946667,0.946667
1.896734,0.946667,0.946667
1.897136,0.946667,0.946667
1.897538,0.946667,0.946667
1.897940,0.946667,0.946667
1.898341,0.946667,0.946667
1.898742,0.946667,0.946667
1.899144,0.946667,0.946667
1.899545,0.946667,0.946667
1.899946,0.946667,0.946667
1.900348,0.946667,0.946667
1.900749,0.946667,0.946667
1.901151,0.946667,0.946667
1.901553,0.946667,0.946667
1.901955,0.946667,0.946667
1.902356,0.946667,0.946667
1.902757,0.946667,0.946667
1.903159,0.946667,0.946667
1.903560,0.946667,0.946667
1.903962,0.946667,0.946667
1.904364,0.946667,0.946667
1.904765,0.946667,0.946667
1.905167,0.946667,0.946667
1.905568,0.946667,0.946667
1.905970,0.946667,0.946667
1.906371,0.946667,0.946667
1.906772,0.946667,0.946667
1.907173,0.946667,0.946667
1.907574,0.946667,0.946667
1.907975,0.946667,0.946667
1.908377,0.946667,0.946667
1.908779,0.946667,0.946667
1.909181,0.946667,0.946667
1.909582,0.946667,0.946667
1.909983,0.946667,0.946667
1.910385,0.946667,0.946667
1.910786,0.946667,0.946667
1.911187,0.946667,0.946667
1.911588,0.946667,0.946667
1.911989,0.946667,0.946667
1.912390,0.946667,0.946667
1.912791,0.946667,0.946667
1.913193,0.946667,0.946667
1.913594,0.946667,0.946667
1.913995,0.946667,0.946667
1.914396,0.946667,0.946667
1.914797,0.946667,0.946667
1.915198,0.946667,0.946667
1.915600,0.946667,0.946667
1.916001,0.946667,0.946667
1.916403,0.946667,0.946667
1.916804,0.946667,0.946667
1.917205,0.946667,0.946667
1.917607,0.946667,0.946667
1.918009,0.946667,0.946667
1.918410,0.946667,0.946667
1.918811,0.946667,0.946667
1.919212,0.946667,0.946667
1.919614,0.946667,0.946667
1.920017,0.946667,0.946667
1.920418,0.946667,0.946667
1.920821,0.946667,0.946667
1.921222,0.946667,0.946667
1.921623,0.946667,0.946667
1.922025,0.946667,0.946667
1.922426,0.946667,0.946667
1.922827,0.946667,0.946667
1.923229,0.946667,0.946667
1.923630,0.946667,0.946667
1.924031,0.946667,0.946667
1.924433,0.946667,0.946667
1.924834,0.946667,0.946667
1.925236,0.946667,0.946667
1.925637,0.946667,0.946667
1.926039,0.946667,0.946667
1.926441,0.946667,0.946667
1.926843,0.946667,0.946667
1.927244,0.946667,0.946667
1.927645,0.946667,0.946667
1.928046,0.946667,0.946667
1.928448,0.946667,0.946667
1.928849,0.946667,0.946667
1.929250,0.946667,0.946667
1.929651,0.946667,0.946667
1.930053,0.946667,0.946667
1.930454,0.946667,0.946667
1.930855,0.946667,0.946667
1.931260,0.946667,0.946667
1.931661,0.946667,0.946667
1.932062,0.946667,0.946667
1.932464,0.946667,0.946667
1.932866,0.946667,0.946667
1.933267,0.946667,0.946667
1.933669,0.946667,0.946667
1.934070,0.946667,0.946667
1.934471,0.946667,0.946667
1.934872,0.946667,0.946667
1.935273,0.946667,0.946667
1.935674,0.946667,0.946667
1.936075,0.946667,0.946667
1.936476,0.946667,0.946667
1.936877,0.946667,0.946667
1.937279,0.946667,0.946667
1.937680,0.946667,0.946667
1.938082,0.946667,0.946667
1.938484,0.946667,0.946667
1.938885,0.946667,0.946667
1.939286,0.946667,0.946667
1.939689,0.946667,0.946667
1.940090,0.946667,0.946667
1.940491,0.946667,0.946667
1.940892,0.946667,0.946667
1.941293,0.946667,0.946667
1.941694,0.946667,0.946667
1.942096,0.946667,0.946667
1.942498,0.946667,0.946667
1.942901,0.946667,0.946667
1.943303,0.946667,0.946667
1.943705,0.946667,0.946667
1.944107,0.946667,0.946667
1.944508,0.946667,0.946667
1.944909,0.946667,0.946667
1.945310,0.946667,0.946667
1.945711,0.946667,0.946667
1.946112,0.946667,0.946667
1.946513,0.946667,0.946667
1.946915,0.946667,0.946667
1.947316,0.946667,0.946667
1.947718,0.946667,0.946667
1.948120,0.946667,0.946667
1.948522,0.946667,0.946667
1.948923,0.946667,0.946667
1.949324,0.960000,0.946667
1.949725,0.946667,0.946667
1.950126,0.946667,0.946667
1.950527,0.946667,0.946667
1.950929,0.946667,0.946667
1.951330,0.953333,0.946667
1.951732,1.000000,0.946667
1.952133,0.946667,0.946667
1.952535,1.033333,0.946667
1.952936,0.946667,0.946667
1.953338,0.960000,0.946667
1.953740,0.973333,0.946667
1.954141,1.006667,0.946667
1.954543,1.026667,0.946667
1.954944,1.020000,0.946667
1.955346,1.026667,0.946667
1.955747,1.046667,0.946667
1.956149,1.046667,0.946667
1.956551,1.013333,1.020000
1.956953,1.073333,0.946667
1.957354,1.060000,0.946667
1.957755,1.100000,0.946667
1.958157,1.140000,0.946667
1.958558,1.273333,0.946667
1.958960,1.073333,0.946667
1.959361,1.133333,0.960000
1.959762,1.046667,0.953333
1.960164,1.173333,0.973333
1.960565,1.133333,0.993333
1.960966,1.300000,0.966667
1.961367,1.066667,1.020000
1.961768,1.180000,0.960000
1.962170,1.206667,1.006667
1.962571,1.233333,1.033333
1.962973,1.213333,1.040000
1.963374,1.240000,1.033333
1.963775,1.266667,1.093333
1.964177,1.260000,0.960000
1.964578,1.266667,1.073333
1.964980,1.280000,1.113333
1.965381,1.260000,1.113333
1.965783,1.300000,1.053333
1.966185,1.286667,1.126667
1.966586,1.313333,1.153333
1.966988,1.313333,1.140000
1.967390,1.353333,1.133333
1.967791,1.360000,1.146667
1.968192,1.373333,1.220000
1.968593,1.553333,1.146667
1.968994,1.340000,1.180000
1.969395,1.393333,1.213333
1.969796,1.413333,1.213333
1.970198,1.406667,1.246667
1.970599,1.426667,1.153333
1.971000,1.460000,1.240000
1.971401,1.453333,1.246667
1.971802,1.493333,1.206667
1.972203,1.493333,1.300000
1.972605,1.513333,1.326667
1.973006,1.526667,1.280000
1.973409,1.540000,1.300000
1.973810,1.480000,1.326667
1.974212,1.546667,1.333333
1.974614,1.573333,1.300000
1.975015,1.566667,1.373333
1.975416,1.606667,1.386667
1.975818,1.686667,1.393333
1.976219,1.586667,1.386667
1.976621,1.620000,1.400000
1.977024,1.626667,1.406667
1.977426,1.546667,1.420000
1.977827,1.673333,1.453333
1.978228,1.680000,1.466667
1.978629,1.673333,1.440000
1.979030,1.693333,1.500000
1.979432,1.726667,1.466667
1.979833,1.726667,1.493333
1.980235,1.746667,1.513333
1.980636,1.746667,1.513333
1.981039,1.753333,1.566667
1.981441,1.773333,1.566667
1.981843,1.786667,1.553333
1.982244,1.706667,1.573333
1.982646,1.806667,1.573333
1.983048,1.833333,1.606667
1.983450,1.866667,1.633333
1.983853,1.846667,1.646667
1.984260,1.873333,1.620000
1.984661,1.906667,1.666667
1.985064,1.920000,1.733333
1.985466,1.933333,1.660000
1.985868,1.980000,1.680000
1.986271,1.933333,1.666667
1.986672,1.960000,1.713333
1.987074,1.966667,1.800000
1.987476,1.973333,1.733333
1.987877,2.013333,1.686667
1.988279,2.020000,1.973333
1.988680,1.973333,1.753333
1.989081,2.026667,1.833333
1.989482,2.046667,1.833333
1.989883,2.066667,1.813333
1.990285,2.086667,1.820000
1.990687,2.106667,1.906667
1.991088,2.100000,1.733333
1.991490,2.133333,1.853333
1.991891,2.113333,1.906667
1.992293,2.166667,1.906667
1.992695,2.206667,1.913333
1.993096,2.120000,1.906667
1.993497,2.193333,1.906667
1.993900,2.240000,1.946667
1.994301,2.180000,1.980000
1.994702,2.253333,1.860000
1.995103,2.006667,2.000000
1.995505,2.266667,2.000000
1.995906,2.406667,2.000000
1.996307,2.320000,2.053333
1.996708,2.340000,2.053333
1.997109,2.346667,2.053333
1.997510,2.360000,2.086667
1.997911,2.353333,2.180000
1.998313,2.400000,2.073333
1.998714,2.413333,2.140000
1.999115,2.426666,2.086667
1.999516,2.413333,2.146667
1.999918,2.453333,2.166667
2.000320,2.493333,2.193333
2.000721,2.506666,2.213333
2.001123,2.493333,2.206667
2.001524,2.513333,2.186667
2.001926,2.480000,2.340000
2.002327,2.500000,2.260000
2.002728,2.653333,2.246667
2.003130,2.600000,2.280000
2.003532,2.593333,2.246667
2.003935,2.613333,2.306667
2.004336,2.626667,2.333333
2.004737,2.626667,2.340000
2.005139,2.660000,2.306667
2.005540,2.673333,2.366667
2.005942,2.673333,2.366667
2.006343,2.653333,2.400000
2.006746,2.733333,2.406667
