0.000000,0.946667,0.946667
0.000401,0.946667,0.946667
0.000802,0.946667,0.946667
0.001204,0.946667,0.946667
0.001606,0.946667,0.946667
0.002008,0.946667,0.946667
0.002410,0.946667,0.946667
0.002811,0.946667,0.946667
0.003213,0.946667,0.946667
0.003614,0.946667,0.946667
0.004015,0.946667,0.946667
0.004417,0.946667,0.946667
0.004818,0.946667,0.946667
0.005219,0.946667,0.946667
0.005621,0.946667,0.946667
0.006022,0.946667,0.946667
0.006423,0.946667,0.946667
0.006825,0.946667,0.946667
0.007226,0.946667,0.946667
0.007627,0.946667,0.946667
0.008028,0.946667,0.946667
0.008429,0.946667,0.946667
0.008830,0.946667,0.946667
0.009232,0.946667,0.946667
0.009634,0.946667,0.946667
0.010036,0.946667,0.946667
0.010437,0.946667,0.946667
0.010840,0.946667,0.946667
0.011241,0.946667,0.946667
0.011642,0.946667,0.946667
0.012044,0.946667,0.946667
0.012446,0.946667,0.946667
0.012848,0.946667,0.946667
0.013250,0.946667,0.946667
0.013651,0.946667,0.946667
0.014052,0.946667,0.946667
0.014453,0.946667,0.946667
0.014854,0.946667,0.946667
0.015255,0.946667,0.946667
0.015656,0.946667,0.946667
0.016057,0.946667,0.946667
0.016458,0.946667,0.946667
0.016859,0.946667,0.946667
0.017260,0.946667,0.946667
0.017663,0.946667,0.946667
0.018064,0.946667,0.946667
0.018465,0.946667,0.946667
0.018866,0.946667,0.946667
0.019267,0.946667,0.946667
0.019668,0.946667,0.946667
0.020070,0.946667,0.946667
0.020471,0.946667,0.946667
0.020872,0.946667,0.946667
0.021273,0.946667,0.946667
0.021674,0.946667,0.946667
0.022076,0.946667,0.946667
0.022477,0.946667,0.946667
0.022878,0.980000,0.946667
0.023280,0.946667,0.946667
0.023681,0.946667,0.946667
0.024083,0.946667,0.946667
0.024484,0.946667,0.946667
0.024886,0.946667,0.946667
0.025287,0.946667,0.946667
0.025688,0.946667,0.946667
0.026090,1.006667,0.946667
0.026491,0.946667,0.946667
0.026892,0.946667,0.946667
0.027294,0.946667,0.946667
0.027695,0.946667,0.946667
0.028097,0.946667,0.946667
0.028500,0.946667,0.946667
0.028901,0.946667,0.946667
0.029303,0.946667,0.946667
0.029704,0.946667,0.946667
0.030105,0.946667,0.946667
0.030508,0.946667,0.946667
0.030909,0.953333,0.946667
0.031310,0.946667,0.946667
0.031712,0.946667,0.946667
0.032113,0.946667,0.946667
0.032514,0.946667,0.946667
0.032915,0.973333,0.946667
0.033317,0.953333,0.946667
0.033718,0.973333,0.946667
0.034119,0.993333,0.946667
0.034522,1.073333,0.946667
0.034923,1.020000,0.946667
0.035324,1.020000,0.946667
0.035725,0.986667,1.020000
0.036126,0.960000,0.946667
0.036527,1.040000,0.953333
0.036929,1.060000,0.980000
0.037330,1.060000,1.020000
0.037731,1.073333,0.986667
0.038132,1.080000,1.013333
0.038533,1.093333,1.006667
0.038935,1.100000,1.000000
0.039336,1.113333,1.060000
0.039737,1.113333,1.053333
0.040138,1.166667,1.033333
0.040539,1.180000,1.040000
0.040940,1.166667,0.946667
0.041341,1.173333,1.146667
0.041742,1.160000,1.053333
0.042144,1.166667,1.100000
0.042545,1.100000,1.106667
0.042946,1.206667,0.980000
0.043347,1.246667,1.180000
0.043748,1.173333,1.146667
0.044150,1.266667,1.146667
0.044551,1.240000,1.180000
0.044952,1.213333,1.213333
0.045354,1.226667,1.180000
0.045755,1.273333,1.173333
0.046157,1.293333,1.193333
0.046559,1.293333,1.220000
0.046961,1.293333,1.206667
0.047362,1.313333,1.286667
0.047763,1.340000,1.246667
0.048165,1.373333,1.246667
0.048566,1.400000,1.300000
0.048968,1.360000,1.266667
0.049369,1.380000,1.286667
0.049772,1.386667,1.273333
0.050174,1.400000,1.313333
0.050575,1.326667,1.300000
0.050976,1.406667,1.306667
0.051377,1.460000,1.366667
0.051779,1.413333,1.353333
0.052180,1.466667,1.486667
0.052581,1.473333,1.360000
0.052983,1.493333,1.480000
0.053384,1.440000,1.386667
0.053785,1.540000,1.480000
0.054186,1.526667,1.420000
0.054589,1.560000,1.393333
0.054990,1.540000,1.420000
0.055391,1.560000,1.540000
0.055792,1.566667,1.446667
0.056193,1.573333,1.473333
0.056596,1.613333,1.460000
0.056998,1.626667,1.513333
0.057400,1.613333,1.493333
0.057801,1.686667,1.500000
0.058202,1.640000,1.526667
0.058603,1.613333,1.553333
0.059004,1.660000,1.546667
0.059405,1.706667,1.566667
0.059807,1.720000,1.566667
0.060208,1.673333,1.560000
0.060609,1.706667,1.613333
0.061011,1.733333,1.700000
0.061413,1.746667,1.693333
0.061814,1.766667,1.693333
0.062215,1.733333,1.620000
0.062617,1.760000,1.653333
0.063019,1.706667,1.666667
0.063420,1.820000,1.686667
0.063821,1.820000,1.666667
0.064222,1.833333,1.720000
0.064623,1.880000,1.726667
0.065025,1.866667,1.706667
0.065426,1.866667,1.733333
0.065827,1.900000,1.800000
0.066228,1.913333,1.786667
0.066630,1.940000,1.800000
0.067032,1.993333,1.973333
0.067433,1.846667,1.853333
0.067834,1.986667,1.826667
0.068235,2.013333,1.873333
0.068636,2.040000,1.933333
0.069037,1.920000,1.813333
0.069438,1.993333,1.860000
0.069840,2.060000,1.833333
0.070242,1.926667,1.926667
0.070643,2.086667,1.940000
0.071045,2.106667,1.940000
0.071446,2.086667,1.940000
0.071847,2.100000,2.000000
0.072249,2.126667,1.986667
0.072650,2.126667,1.993333
0.073051,2.166667,2.000000
0.073453,2.093333,2.013333
0.073854,2.186667,2.026667
0.074255,2.200000,2.060000
0.074656,2.213333,2.013333
0.075057,2.240000,2.120000
0.075458,2.240000,2.100000
0.075860,2.260000,2.066667
0.076261,2.286667,2.253333
0.076662,2.280000,2.180000
0.077064,2.386667,2.153333
0.077465,2.300000,2.173333
0.077866,2.346667,2.160000
0.078267,2.326667,2.146667
0.078670,2.360000,2.146667
0.079072,2.400000,2.240000
0.079473,2.413333,2.253333
0.079875,2.413333,2.260000
0.080276,2.446667,2.260000
0.080679,2.440000,2.280000
0.081080,2.493333,2.280000
0.081481,2.500000,2.313333
0.081883,2.500000,2.386667
0.082285,2.513333,2.346667
0.082686,2.520000,2.346667
0.083088,2.433333,2.293333
0.083491,2.533333,2.393333
0.083892,2.653333,2.386667
0.084294,2.613333,2.406667
0.084697,2.593333,2.426666
0.085098,2.653333,2.306667
0.085499,2.633333,2.426666
0.085900,2.666667,2.400000
0.086302,2.760000,2.493333
0.086704,2.613333,2.493333
0.087106,2.700000,2.433333
0.087508,2.693333,2.520000
0.087910,2.760000,2.513333
0.088312,2.760000,2.580000
0.088713,2.786667,2.593333
0.089114,2.780000,2.573333
0.089517,2.806667,2.613333
0.089919,2.846667,2.646667
0.090321,2.793333,2.646667
0.090722,2.833333,2.640000
0.091124,2.860000,2.620000
0.091525,2.886667,2.680000
0.091926,2.906667,2.660000
0.092327,2.853333,2.733333
0.092728,2.906667,2.733333
0.093130,2.946667,2.733333
0.093531,3.000000,2.773333
0.093932,2.933333,2.733333
0.094337,2.926667,2.886667
0.094738,2.986667,2.786667
0.095139,3.026667,2.786667
0.095542,3.006667,2.833333
0.095943,3.080000,2.853333
0.096344,3.106667,2.906667
0.096747,3.120000,2.926667
0.097148,3.113333,2.906667
0.097549,3.146667,2.953333
0.097951,3.160000,2.986667
0.098352,3.133333,2.960000
0.098754,3.153333,2.960000
0.099156,3.213333,3.000000
0.099558,3.206667,3.066667
0.099959,3.260000,3.020000
0.100360,3.266667,3.086667
0.100761,3.293333,2.973333
0.101162,3.300000,3.040000
0.101564,3.273333,3.133333
0.101965,3.326667,3.100000
0.102367,3.373333,3.140000
0.102768,3.366667,3.013333
0.103171,3.406667,3.206667
0.103572,3.413333,3.206667
0.103974,3.426666,3.193333
0.104376,3.420000,3.193333
0.104777,3.466666,3.253333
0.105179,3.486667,3.233333
0.105580,3.486667,3.253333
0.105982,3.513333,3.306667
0.106383,3.586667,3.313333
0.106784,3.513333,3.313333
0.107186,3.553333,3.406667
0.107587,3.580000,3.293333
0.107989,3.506667,3.386667
0.108391,3.626667,3.406667
0.108792,3.613333,3.400000
0.109193,3.653333,3.426666
0.109596,3.660000,3.440000
0.109997,3.693333,3.420000
0.110399,3.706666,3.520000
0.110801,3.813334,3.500000
0.111203,3.780000,3.533333
0.111604,3.746666,3.600000
0.112005,3.786667,3.560000
0.112406,3.840000,3.566667
0.112807,3.846667,3.580000
0.113208,3.873333,3.593333
0.113609,3.880000,3.653333
0.114011,3.933333,3.646667
0.114413,3.900000,3.746666
0.114814,3.966667,3.673333
0.115215,4.013333,3.686666
0.115616,3.980000,3.740000
0.116017,4.013333,3.740000
0.116419,4.026666,3.806666
0.116820,4.033333,3.513333
0.117221,4.113333,3.813334
0.117622,4.086667,3.826667
0.118024,4.086667,3.833333
0.118425,4.120000,3.833333
0.118826,4.233333,3.866667
0.119227,4.173333,3.926666
0.119628,4.166667,3.980000
0.120029,4.200000,3.926666
0.120430,4.160000,3.953333
0.120831,4.233333,3.993333
0.121233,4.253333,4.013333
0.121634,4.300000,4.046667
0.122036,4.306667,4.013333
0.122438,4.406667,4.080000
0.122840,4.353333,4.100000
0.123241,4.306667,4.180000
0.123642,4.393333,4.100000
0.124043,4.460000,4.153333
0.124445,4.426666,4.153333
0.124847,4.446667,4.146667
0.125248,4.460000,4.173333
0.125649,4.500000,4.220000
0.126051,4.513333,4.773334
0.126453,4.493333,4.213334
0.126854,4.513333,4.253333
0.127255,4.553333,4.260000
0.127657,4.586667,4.306667
0.128058,4.573333,4.326666
0.128460,4.686666,4.333333
0.128861,4.666667,4.360000
0.129262,4.700000,4.440000
0.129665,4.693333,4.386666
0.130070,4.713333,4.446667
0.130471,4.726666,4.480000
0.130872,4.780000,4.466667
0.131274,4.773334,4.453333
0.131675,4.826666,4.500000
0.132077,4.833333,4.540000
0.132480,4.840000,4.540000
0.132881,4.873333,4.553333
0.133283,4.886666,4.613333
0.133684,4.893333,4.540000
0.134086,4.926667,4.640000
0.134487,4.926667,4.573333
0.134890,4.966667,4.640000
0.135291,4.960000,4.686666
0.135692,5.033333,4.820000
0.136095,5.026667,4.720000
0.136497,5.020000,4.726666
0.136899,5.060000,4.726666
0.137300,5.086667,4.786666
0.137701,5.193333,4.813333
0.138103,5.160000,4.826666
0.138504,5.286666,4.853333
0.138905,5.173333,4.880000
0.139307,5.213333,4.860000
0.139709,5.240000,4.893333
0.140111,5.260000,4.926667
0.140512,5.253333,4.980000
0.140913,5.320000,4.980000
0.141314,5.313333,4.960000
0.141715,5.353333,5.033333
0.142118,5.346666,5.073333
0.142519,5.360000,5.046667
0.142920,5.400000,5.033333
0.143321,5.426667,5.006667
0.143722,5.446666,5.093333
0.144124,5.480000,5.153333
0.144525,5.493333,5.133333
0.144926,5.466667,5.160000
0.145327,5.613333,5.220000
0.145728,5.546667,5.200000
0.146130,5.580000,5.233334
0.146532,5.600000,5.273333
0.146933,5.620000,5.273333
0.147339,5.726667,5.273333
0.147740,5.666667,5.300000
0.148143,5.666667,5.333333
0.148544,5.713333,5.360000
0.148946,5.746666,5.373333
0.149348,5.686666,5.433333
0.149749,5.793334,5.426667
0.150151,5.813333,5.453333
0.150552,5.793334,5.413333
0.150954,5.860000,5.486667
0.151355,5.860000,5.440000
0.151756,5.913333,5.533333
0.152158,6.033333,5.486667
0.152559,5.933333,5.560000
0.152961,5.953333,5.580000
0.153363,5.940000,5.586667
0.153764,5.966666,5.600000
0.154165,6.020000,5.640000
0.154566,6.193333,5.680000
0.154967,6.053333,5.706666
0.155368,6.100000,5.713333
0.155770,6.126667,5.760000
0.156172,6.133333,5.760000
0.156573,6.193333,5.793334
0.156975,6.200000,5.793334
0.157376,6.200000,5.760000
0.157778,6.253334,5.853333
0.158179,6.353333,5.866666
0.158582,6.453333,5.866666
0.158983,6.286667,5.846666
0.159385,6.320000,5.940000
0.159786,6.353333,6.180000
0.160188,6.500000,5.993333
0.160590,6.400000,5.946667
0.160991,6.406667,6.140000
0.161392,6.426666,6.006667
0.161793,6.306666,6.053333
0.162194,6.486667,6.106667
0.162595,6.520000,6.126667
0.162996,6.540000,6.113333
0.163398,6.573333,6.140000
0.163800,6.640000,6.173333
0.164201,6.640000,6.186666
0.164604,6.640000,6.346667
0.165005,6.686666,6.253334
0.165406,6.713333,6.286667
0.165808,6.773334,6.213333
0.166209,6.700000,6.293333
0.166610,6.800000,6.313334
0.167011,6.813333,6.406667
0.167413,6.860000,6.373333
0.167815,6.833333,6.286667
0.168217,6.826667,6.373333
0.168618,6.913333,6.413333
0.169020,6.866666,6.406667
0.169421,6.960000,6.466667
0.169822,7.006667,6.480000
0.170224,6.986666,6.546667
0.170625,6.993333,6.546667
0.171026,7.046667,6.546667
0.171428,7.020000,6.646667
0.171829,7.133334,6.640000
0.172232,7.119999,6.680000
0.172633,7.153333,6.680000
0.173035,7.160000,6.733333
0.173436,7.180000,6.686666
0.173837,7.200000,6.813333
0.174238,7.260000,6.760000
0.174640,7.286667,6.806667
0.175042,7.286667,6.773334
0.175444,7.306666,6.786666
0.175845,7.293333,6.813333
0.176248,7.360000,6.900000
0.176650,7.386667,6.953333
0.177052,7.386667,6.926667
0.177454,7.546666,6.926667
0.177856,7.526666,6.973333
0.178258,7.566667,7.013333
0.178659,7.500000,7.100000
0.179061,7.546666,7.086666
0.179462,7.533333,7.086666
0.179863,7.553333,7.226666
0.180265,7.586667,7.146667
0.180666,7.640000,7.166667
0.181070,7.660000,7.066666
0.181471,7.660000,7.193333
0.181872,7.693334,7.180000
0.182274,7.660000,7.333333
0.182675,7.820000,7.313333
0.183077,7.760000,7.293333
0.183478,7.840000,7.320000
0.183880,7.793334,7.333333
0.184282,7.846667,7.360000
0.184685,7.866666,7.373333
0.185086,7.893333,7.353333
0.185487,7.913333,7.280000
0.185888,8.000000,7.466667
0.186289,7.953333,7.480000
0.186690,7.926667,7.566667
0.187091,8.006666,7.506667
0.187492,8.040000,7.566667
0.187893,8.059999,7.533333
0.188294,8.113333,7.573333
0.188696,8.113333,7.600000
0.189097,8.139999,7.626667
0.189498,8.160000,7.686666
0.189900,8.193333,7.679999
0.190301,8.240000,7.686666
0.190703,8.240000,7.773333
0.191104,8.213333,7.753333
0.191505,8.293333,7.786666
0.191906,8.346666,7.880000
0.192307,8.280000,7.840000
0.192708,8.393332,7.866666
0.193110,8.386666,7.893333
0.193512,8.393332,7.866666
0.193914,8.400000,7.893333
0.194316,8.460000,7.953333
0.194719,8.500000,7.973333
0.195120,8.466666,8.013333
0.195522,8.520000,8.026667
0.195923,8.566667,8.026667
0.196324,8.573333,8.066667
0.196726,8.579999,8.080000
0.197127,8.639999,8.100000
0.197529,8.620000,8.179999
0.197930,8.680000,8.139999
0.198332,8.726666,8.153334
0.198735,8.700000,8.200000
0.199137,8.733333,8.220000
0.199538,8.773333,8.300000
0.199940,8.786666,8.266666
0.200342,8.846666,8.293333
0.200743,8.866667,8.393332
0.201145,8.900000,8.360000
0.201546,8.886666,8.393332
0.201948,8.946667,8.393332
0.202349,8.980000,8.360000
0.202752,8.980000,8.406667
0.203153,9.033333,8.480000
0.203555,8.986667,8.573333
0.203956,9.066667,8.493334
0.204357,9.080000,8.526667
0.204758,9.113333,8.546666
0.205159,9.146667,8.573333
0.205562,9.160000,8.680000
0.205963,9.213333,8.639999
0.206365,9.200000,8.606667
0.206768,9.173333,8.660000
0.207170,9.253333,8.680000
0.207571,9.233333,8.719999
0.207972,9.340000,8.740000
0.208374,9.299999,8.773333
0.208775,9.346666,8.780000
0.209176,9.346666,8.800000
0.209577,9.393333,8.813334
0.209978,9.453333,8.886666
0.210379,9.433332,8.886666
0.210780,9.559999,8.913333
0.211182,9.573333,8.946667
0.211585,9.473333,8.900000
0.211987,9.580000,8.953334
0.212388,9.613334,8.886666
0.212790,9.626666,9.000000
0.213195,9.660000,9.039999
0.213597,9.666667,9.033333
0.213998,9.766666,9.093333
0.214400,9.820000,9.126666
0.214801,9.786667,9.153334
0.215203,9.766666,9.186666
0.215606,9.893332,9.213333
0.216007,9.866667,9.166666
0.216408,9.880000,9.126666
0.216810,9.846666,9.293333
0.217212,9.913333,9.266666
0.217613,9.946667,9.280000
0.218014,9.880000,9.306666
0.218415,9.973333,9.299999
0.218818,9.820000,9.346666
0.219220,10.073334,9.346666
0.219621,10.059999,9.346666
0.220022,10.093333,9.446667
0.220424,10.106667,9.546667
0.220825,10.140000,9.506666
0.221227,10.146667,9.580000
0.221628,10.306666,9.593333
0.222030,10.166666,9.600000
0.222432,10.246666,9.620000
0.222833,10.260000,9.613334
0.223235,10.313334,9.620000
0.223636,10.333333,9.759999
0.224038,10.299999,9.660000
0.224439,10.260000,9.646667
0.224840,10.400000,9.740000
0.225242,10.386666,9.793333
0.225643,10.286666,9.813334
0.226044,10.419999,9.800000
0.226446,10.493333,9.813334
0.226847,10.466667,9.880000
0.227248,10.553332,9.940001
0.227649,10.580000,9.959999
0.228051,10.593333,9.966666
0.228453,10.520000,10.000000
0.228854,10.620000,9.920000
0.229256,10.660000,10.046666
0.229658,10.673333,10.033333
0.230059,10.720000,10.059999
0.230460,10.740000,10.080000
0.230861,10.746666,10.179999
0.231262,10.806666,10.179999
0.231663,10.833333,10.166666
0.232065,10.826666,10.179999
0.232466,10.780000,10.226666
0.232867,10.853333,10.299999
0.233268,11.000000,10.246666
0.233669,10.926667,10.313334
0.234071,10.980000,10.320000
0.234472,10.986667,10.320000
0.234874,11.006666,10.333333
0.235276,11.006666,10.380000
0.235678,10.946666,10.406667
0.236079,11.160000,10.440000
0.236482,11.146667,10.460000
0.236884,11.126667,10.460000
0.237286,11.160000,10.493333
0.237687,11.186666,10.780000
0.238088,11.200000,10.440000
0.238491,11.219999,10.553332
0.238894,11.233333,10.573333
0.239295,11.333333,10.613333
0.239697,11.326667,10.666667
0.240098,11.353333,10.639999
0.240499,11.373333,10.686666
0.240901,11.393333,10.666667
0.241302,11.413333,10.686666
0.241705,11.500000,10.793333
0.242106,11.480000,10.786667
0.242507,11.453334,10.833333
0.242910,11.520000,10.900000
0.243312,11.539999,10.879999
0.243713,11.559999,10.840000
0.244114,11.606667,10.926667
0.244516,11.446667,10.926667
0.244917,11.660000,10.926667
0.245319,11.700000,10.926667
0.245720,11.700000,10.966666
0.246121,11.713333,11.020000
0.246522,11.726666,11.033333
0.246924,11.753333,11.093333
0.247326,11.806666,11.079999
0.247727,11.820000,11.079999
0.248129,11.840000,11.146667
0.248531,11.900000,11.126667
0.248933,11.886666,11.246667
0.249335,11.906667,11.193334
0.249736,11.926666,11.233333
0.250138,11.953333,11.320000
0.250539,12.066666,11.246667
0.250941,12.013333,11.326667
0.251343,12.059999,11.366667
0.251744,11.986667,11.046666
0.252145,12.073333,11.353333
0.252546,12.106667,11.453334
0.252947,12.086666,11.386666
0.253349,12.219999,11.406666
0.253750,12.233334,11.473332
0.254152,12.226666,11.466666
0.254553,12.180000,11.539999
0.254955,12.273333,11.526667
0.255356,12.313334,11.539999
0.255757,12.333333,11.573333
0.256159,12.353333,11.580000
0.256562,12.406666,11.620000
0.256963,12.400000,11.633333
0.257365,12.453333,11.640000
0.257768,12.406666,11.686666
0.258170,12.506667,11.726666
0.258571,12.506667,11.713333
0.258973,12.493333,11.660000
0.259374,12.540000,11.773334
0.259775,12.586666,11.780000
0.260177,12.593333,11.813333
0.260579,12.540000,11.860000
0.260980,12.726666,11.886666
0.261381,12.666666,11.879999
0.261783,12.686666,11.900000
0.262185,12.719999,11.906667
0.262588,12.760000,12.093333
0.262989,12.753333,11.966666
0.263391,12.799999,11.999999
0.263793,12.893333,12.013333
0.264194,12.833333,12.020000
0.264595,12.846666,12.066666
0.264997,12.880000,12.073333
0.265399,12.906667,12.106667
0.265801,12.946667,12.240000
0.266203,12.960000,12.153333
0.266606,12.946667,12.253333
0.267007,12.973333,12.040000
0.267409,13.033334,12.259999
0.267811,13.066667,12.259999
0.268213,12.960000,12.226666
0.268614,13.133333,12.320000
0.269015,13.040000,12.339999
0.269416,13.133333,12.346666
0.269817,13.179999,12.406666
0.270219,13.160000,12.420000
0.270620,13.213333,12.420000
0.271021,13.233334,12.473333
0.271423,13.259999,12.480000
0.271824,13.286667,12.486667
0.272226,13.253333,12.546666
0.272628,13.333333,12.553333
0.273029,13.379999,12.580000
0.273431,13.373333,12.593333
0.273834,13.346667,12.593333
0.274236,13.453332,12.606667
0.274639,13.473332,12.520000
0.275040,13.466666,12.686666
0.275441,13.526667,12.719999
0.275842,13.500000,12.693334
0.276243,13.559999,12.753333
0.276646,13.579999,12.760000
0.277047,13.566667,12.773334
0.277448,13.633333,12.820000
0.277849,13.633333,12.826667
0.278251,13.740001,12.799999
0.278653,13.673334,12.826667
0.279055,13.720000,12.906667
0.279457,13.733333,12.893333
0.279858,13.766666,12.946667
0.280259,13.813334,12.953333
0.280660,13.793333,12.946667
0.281062,13.826666,13.040000
0.281463,13.839999,12.940000
0.281864,13.893333,13.013333
0.282266,13.846665,13.133333
0.282667,13.906666,13.093333
0.283071,13.946667,13.120000
0.283472,13.979999,13.133333
0.283873,13.986667,13.173333
0.284274,14.020000,13.193333
0.284675,14.033333,13.193333
0.285077,14.039999,13.206666
0.285479,14.086666,13.273334
0.285880,14.126666,13.226666
0.286282,14.153333,13.246666
0.286683,14.160000,13.400000
0.287084,14.153333,13.346667
0.287485,14.186666,13.333333
0.287886,14.239999,13.400000
0.288287,14.233333,13.400000
0.288688,14.266667,13.406666
0.289090,14.299999,13.420000
0.289492,14.299999,13.446666
0.289893,14.320000,13.466666
0.290294,14.306665,13.486667
0.290696,14.366666,13.506666
0.291099,14.393332,13.546667
0.291500,14.386666,13.500000
0.291901,14.513333,13.559999
0.292303,14.493333,13.606666
0.292705,14.446667,13.593333
0.293106,14.533334,13.646666
0.293507,14.526666,13.646666
0.293909,14.520000,13.720000
0.294312,14.633332,13.706666
0.294714,14.606667,13.733333
0.295116,14.573334,13.720000
0.295519,14.686666,13.820000
0.295921,14.653333,13.793333
0.296322,14.699999,13.826666
0.296723,14.713333,13.826666
0.297125,14.740000,13.893333
0.297526,14.726667,13.866666
0.297927,14.800000,13.906666
0.298328,14.753333,13.900000
0.298729,14.846666,13.926666
0.299131,14.866667,13.966666
0.299532,14.866667,13.979999
0.299934,14.860001,13.986667
0.300335,14.933333,14.020000
0.300736,14.953333,14.053333
0.301138,14.953333,14.039999
0.301540,14.953333,14.086666
0.301941,15.020000,14.113334
0.302343,14.953333,14.140000
0.302744,14.986666,14.026667
0.303145,15.106667,14.173332
0.303546,15.073333,14.173332
0.303947,15.133333,14.173332
0.304349,15.159999,14.206667
0.304750,15.186667,14.200001
0.305152,15.206666,14.253333
0.305553,15.053332,14.266667
0.305954,15.200000,14.320000
0.306356,15.260000,14.293333
0.306759,15.306666,14.346666
0.307160,15.333333,14.400001
0.307561,15.320001,14.353333
0.307962,15.359999,14.446667
0.308363,15.366667,14.580000
0.308764,15.393333,14.459999
0.309165,15.400000,14.466667
0.309566,15.419999,14.486667
0.309967,15.500000,14.526666
0.310369,15.500000,14.520000
0.310770,15.513332,14.533334
0.311172,15.506666,14.540000
0.311573,15.546666,14.600000
0.311975,15.546666,14.593332
0.312376,15.593333,14.633332
0.312777,15.586667,14.633332
0.313178,15.639999,14.693333
0.313579,15.599999,14.686666
0.313981,15.653334,14.693333
0.314382,15.700000,14.713333
0.314783,15.713334,14.733334
0.315185,15.746666,14.753333
0.315586,15.746666,14.719999
0.315988,15.733333,14.813333
0.316389,15.799999,14.800000
0.316790,15.826667,14.833332
0.317192,15.860000,14.846666
0.317593,15.833333,14.866667
0.317995,15.926666,14.886666
0.318397,15.913334,14.953333
0.318799,15.993333,14.873333
0.319200,15.960000,14.953333
0.319601,15.860000,14.953333
0.320002,15.966666,15.066667
0.320403,15.900000,14.953333
0.320805,16.020000,14.953333
0.321207,16.046667,15.066667
0.321608,16.073334,15.073333
0.322009,16.119999,15.126667
0.322410,16.106665,15.126667
0.322811,16.139999,15.159999
0.323213,16.173334,15.219999
0.323614,16.160000,15.166667
0.324015,16.206667,15.193334
0.324417,16.400000,15.219999
0.324819,16.253332,15.280000
0.325220,16.266666,15.300000
0.325621,16.279999,15.300000
0.326022,16.286667,15.306666
0.326424,16.340000,15.306666
0.326825,16.346666,15.326667
0.327226,16.386665,15.393333
0.327627,16.386665,15.320001
0.328030,16.346666,15.460000
0.328432,16.426666,15.466666
0.328833,16.453333,15.426665
0.329234,16.473333,15.466666
0.329635,16.493332,15.460000
0.330037,16.513332,15.480000
0.330438,16.526667,15.473333
0.330839,16.539999,15.533333
0.331240,16.566666,15.546666
0.331643,16.519999,15.573333
0.332044,16.559999,15.573333
0.332445,16.639999,15.579999
0.332846,16.639999,15.599999
0.333248,16.633331,15.633333
0.333649,16.693333,15.653334
0.334050,16.740000,15.733333
0.334451,16.733334,15.653334
0.334852,16.746666,15.700000
0.335253,16.766666,15.733333
0.335654,16.873333,15.626667
0.336055,16.840000,15.946666
0.336456,16.799999,15.733333
0.336857,16.833334,15.799999
0.337258,16.826666,15.799999
0.337659,16.873333,15.833333
0.338061,16.860001,15.813333
0.338462,16.833334,15.853333
0.338864,16.900000,15.866667
0.339266,16.893332,15.906666
0.339667,16.846666,15.920000
0.340070,16.933332,15.920000
0.340471,16.966667,15.940000
0.340873,16.920000,15.953332
0.341274,16.973333,15.980000
0.341675,16.986668,15.933333
0.342077,17.013332,16.006666
0.342479,17.066666,16.039999
0.342880,17.033333,16.053333
0.343281,17.053333,16.099998
0.343682,17.093332,16.099998
0.344084,17.139999,16.160000
0.344485,17.260000,16.099998
0.344886,17.106667,16.526667
0.345287,17.126667,16.206667
0.345688,17.139999,16.200001
0.346090,17.173332,16.193333
0.346491,17.179998,16.219999
0.346894,17.253334,16.246666
0.347295,17.199999,16.259998
0.347696,17.219999,16.313334
0.348098,17.273333,16.253332
0.348499,17.226667,16.313334
0.348900,17.279999,16.326666
0.349301,17.286665,16.346666
0.349702,17.353333,16.306667
0.350104,17.273333,16.366665
0.350505,17.400000,16.413332
0.350906,17.353333,16.426666
0.351308,17.386667,16.420000
0.351709,17.373333,16.466667
0.352111,17.313332,16.346666
0.352512,17.400000,16.373333
0.352914,17.446667,16.473333
0.353315,17.419998,16.526667
0.353717,17.360001,16.566666
0.354118,17.480000,16.526667
0.354519,17.446667,16.526667
0.354920,17.480000,16.573334
0.355321,17.526667,16.619999
0.355723,17.600000,16.619999
0.356125,17.539999,16.619999
0.356526,17.586666,16.633331
0.356927,17.606667,16.660000
0.357328,17.626667,16.700001
0.357729,17.639999,16.660000
0.358131,17.646667,16.639999
0.358532,17.639999,16.713333
0.358934,17.679998,16.726667
0.359335,17.706665,16.786665
0.359736,17.693333,16.773333
0.360137,17.733334,16.759998
0.360538,17.666666,16.786665
0.360940,17.713333,16.786665
0.361342,17.520000,16.806665
0.361743,17.780001,16.833334
0.362145,17.799999,16.833334
0.362546,17.799999,16.840000
0.362947,17.806665,16.846666
0.363348,17.820000,16.840000
0.363749,17.820000,16.886665
0.364151,17.933332,16.886665
0.364552,17.879999,16.906666
0.364954,17.913334,16.886665
0.365356,17.953333,16.920000
0.365757,17.920000,16.913332
0.366159,17.953333,16.846666
0.366560,17.920000,16.953333
0.366962,17.953333,16.986668
0.367363,17.933332,16.953333
0.367764,17.926666,16.926666
0.368166,17.973333,16.973333
0.368567,18.040001,16.986668
0.368968,18.046667,17.219999
0.369369,17.986666,17.026665
0.369770,18.020000,17.059999
0.370171,18.106667,17.073334
0.370572,18.059999,17.059999
0.370974,18.079998,17.073334
0.371375,18.099998,17.080000
0.371776,18.126667,17.106667
0.372177,18.139999,17.106667
0.372578,18.146666,17.159998
0.372979,18.166666,17.133333
0.373380,18.173334,17.173332
0.373782,18.186666,17.186666
0.374184,18.186666,17.219999
0.374585,18.199999,17.260000
0.374987,18.233332,17.186666
0.375388,18.240000,17.233334
0.375789,18.240000,17.233334
0.376191,18.253332,17.233334
0.376593,18.260000,17.266666
0.376995,18.280001,17.286665
0.377396,18.293333,17.346666
0.377797,18.226665,17.320000
0.378199,18.313334,17.326666
0.378600,18.299999,17.320000
0.379002,18.346666,17.346666
0.379404,18.346666,17.333332
0.379805,18.333332,17.333332
0.380206,18.366667,17.346666
0.380607,18.386665,17.386667
0.381009,18.393333,17.639999
0.381411,18.393333,17.400000
0.381813,18.413334,17.639999
0.382214,18.440001,17.400000
0.382615,18.446667,17.433332
0.383017,18.426666,17.459999
0.383419,18.466665,17.446667
0.383820,18.466665,17.486666
0.384221,18.553333,17.480000
0.384622,18.539999,17.526667
0.385023,18.526667,17.473333
0.385424,18.546667,17.486666
0.385826,18.559999,17.666666
0.386228,18.546667,17.426666
0.386629,18.586666,17.586666
0.387031,18.539999,17.520000
0.387433,18.573334,17.586666
0.387834,18.599998,17.600000
0.388236,18.626665,17.639999
0.388637,18.646666,17.539999
0.389039,18.773333,17.613333
0.389441,18.639999,17.493334
0.389842,18.646666,17.626667
0.390243,18.646666,17.626667
0.390645,18.686666,17.633333
0.391046,18.733332,17.613333
0.391448,18.706667,17.679998
0.391849,18.706667,17.679998
0.392251,18.753332,17.719999
0.392653,18.719999,17.699999
0.393055,18.713333,17.719999
0.393456,18.759998,17.726665
0.393857,18.753332,17.746666
0.394259,18.773333,17.760000
0.394660,18.706667,17.773333
0.395062,18.833334,17.766666
0.395463,18.793333,17.713333
0.395864,18.766666,17.806665
0.396265,18.826666,17.793333
0.396666,18.833334,17.793333
0.397070,18.853333,17.806665
0.397472,18.853333,17.833332
0.397873,18.859999,17.859999
0.398274,18.893333,18.106667
0.398676,18.886665,17.773333
0.399077,18.833334,17.859999
0.399478,18.886665,17.886667
0.399879,18.833334,17.886667
0.400281,18.900000,17.893333
0.400682,19.019999,17.893333
0.401083,18.960001,17.926666
0.401484,18.960001,17.886667
0.401885,18.973333,17.939999
0.402286,18.973333,17.893333
0.402687,18.893333,17.913334
0.403089,18.999998,18.000000
0.403490,18.953333,17.953333
0.403892,18.946667,17.966665
0.404294,19.046667,18.006666
0.404697,19.066666,17.966665
0.405098,19.046667,18.006666
0.405499,19.033333,17.993332
0.405901,19.086666,18.020000
0.406303,19.100000,18.020000
0.406705,19.059999,18.033333
0.407106,19.100000,18.046667
0.407507,19.133331,18.046667
0.407908,19.100000,18.046667
0.408309,19.259998,18.086666
0.408710,19.173332,18.046667
0.409111,19.133331,18.086666
0.409512,19.166666,18.119999
0.409914,19.146666,18.086666
0.410315,19.213333,18.079998
0.410716,19.139999,18.086666
0.411118,19.186666,18.146666
0.411519,19.119999,18.139999
0.411921,19.299999,18.126667
0.412323,19.219999,18.146666
0.412725,19.206667,18.146666
0.413126,19.233334,18.199999
0.413527,19.233334,18.153334
0.413928,19.253332,18.166666
0.414329,19.240000,18.180000
0.414731,19.266666,18.180000
0.415132,19.273333,18.173334
0.415534,19.246666,18.233332
0.415935,19.259998,18.199999
0.416336,19.326666,18.213333
0.416737,19.340000,18.139999
0.417139,19.306665,18.213333
0.417541,19.353334,18.226665
0.417942,19.279999,18.246666
0.418343,19.373333,18.273333
0.418744,19.333334,18.246666
0.419145,19.333334,18.273333
0.419546,19.346666,18.273333
0.419947,19.313334,18.273333
0.420349,19.346666,18.326666
0.420750,19.360001,18.273333
0.421152,19.353334,18.299999
0.421553,19.393332,18.299999
0.421955,19.360001,18.293333
0.422357,19.400000,18.313334
0.422759,19.413332,18.299999
0.423162,19.413332,18.339998
0.423563,19.420000,18.440001
0.423964,19.406666,18.339998
0.424365,19.480000,18.366667
0.424766,19.473333,18.359999
0.425167,19.406666,18.320000
0.425569,19.453333,18.353333
0.425970,19.500000,18.373333
0.426372,19.446667,18.379999
0.426773,19.480000,18.346666
0.427175,19.493334,18.379999
0.427576,19.420000,18.426666
0.427978,19.453333,18.400000
0.428380,19.559999,18.400000
0.428781,19.500000,18.413334
0.429183,19.526665,18.400000
0.429584,19.506666,18.420000
0.429985,19.539999,18.440001
0.430387,19.559999,18.466665
0.430788,19.539999,18.473331
0.431191,19.546665,18.459999
0.431592,19.446667,18.466665
0.431994,19.546665,18.466665
0.432395,19.546665,18.486666
0.432796,19.559999,18.453333
0.433197,19.559999,18.406666
0.433598,19.566666,18.493332
0.433999,19.620001,18.526667
0.434400,19.559999,18.520000
0.434801,19.593332,18.493332
0.435203,19.600000,18.493332
0.435604,19.613333,18.520000
0.436005,19.659998,18.506666
0.436406,19.673332,18.526667
0.436808,19.639999,18.586666
0.437209,19.633333,18.500000
0.437611,19.613333,18.520000
0.438012,19.639999,18.580000
0.438413,19.646666,18.493332
0.438814,19.659998,18.520000
0.439215,19.659998,18.539999
0.439616,19.693333,18.533333
0.440017,19.659998,18.559999
0.440418,19.639999,18.539999
0.440819,19.873333,18.573334
0.441220,19.686666,18.553333
0.441622,19.639999,18.586666
0.442024,19.659998,18.700001
0.442425,19.679998,18.520000
0.442826,19.693333,18.580000
0.443227,19.719999,18.593332
0.443628,19.699999,18.580000
0.444029,19.686666,18.606665
0.444430,19.766666,18.599998
0.444832,19.760000,18.586666
0.445233,19.726667,18.599998
0.445634,19.699999,18.566668
0.446035,19.726667,18.626665
0.446436,19.760000,18.693333
0.446838,19.740000,18.626665
0.447240,19.793333,18.626665
0.447641,19.779999,18.613333
0.448042,19.719999,18.639999
0.448443,19.733334,18.613333
0.448844,19.779999,18.619999
0.449245,19.766666,18.619999
0.449647,19.793333,18.639999
0.450048,19.740000,18.613333
0.450450,19.773333,18.626665
0.450852,19.773333,18.646666
0.451253,19.773333,18.646666
0.451654,19.766666,18.713333
0.452056,19.733334,18.686666
0.452458,19.806665,18.646666
0.452860,19.786665,18.646666
0.453262,19.793333,18.639999
0.453663,19.779999,18.586666
0.454064,19.786665,18.673334
0.454465,19.793333,18.660000
0.454867,19.813332,18.680000
0.455268,19.786665,18.673334
0.455670,19.746666,18.660000
0.456071,19.820000,18.646666
0.456473,19.826666,18.613333
0.456875,19.813332,18.680000
0.457276,19.773333,18.666666
0.457678,19.786665,18.713333
0.458079,19.793333,18.706667
0.458480,19.760000,18.693333
0.458881,19.793333,18.673334
0.459282,19.813332,18.673334
0.459683,19.746666,18.606665
0.460084,19.833332,18.706667
0.460486,19.826666,18.753332
0.460888,19.813332,18.686666
0.461289,19.833332,18.639999
0.461690,19.733334,18.706667
0.462091,19.833332,18.706667
0.462492,19.826666,18.673334
0.462893,19.846666,18.693333
0.463294,19.826666,18.706667
0.463696,19.813332,18.713333
0.464097,19.833332,18.706667
0.464498,19.820000,18.759998
0.464899,19.833332,18.686666
0.465300,19.833332,18.740000
0.465701,19.833332,18.653334
0.466104,19.840000,18.713333
0.466506,19.813332,18.713333
0.466907,19.840000,18.673334
0.467308,19.833332,18.626665
0.467709,19.846666,18.686666
0.468111,19.840000,18.646666
0.468513,19.853333,18.859999
0.468916,19.840000,18.713333
0.469318,19.846666,18.713333
0.469719,19.813332,18.713333
0.470120,19.833332,18.706667
0.470522,19.840000,18.613333
0.470923,19.833332,18.706667
0.471326,19.853333,18.713333
0.471728,19.820000,18.719999
0.472130,19.840000,18.706667
0.472532,19.840000,18.693333
0.472934,19.840000,18.686666
0.473335,19.846666,18.666666
0.473737,19.846666,18.719999
0.474138,19.840000,18.693333
0.474539,19.846666,18.646666
0.474940,19.893333,18.706667
0.475341,19.913332,18.646666
0.475743,19.933332,18.713333
0.476145,19.639999,18.713333
0.476546,19.826666,18.706667
0.476947,19.840000,18.700001
0.477349,19.846666,18.820000
0.477750,19.893333,18.746666
0.478151,19.906666,18.719999
0.478552,19.820000,18.733332
0.478953,19.833332,18.693333
0.479354,19.826666,18.646666
0.479755,19.813332,18.666666
0.480157,19.833332,18.666666
0.480558,19.806665,18.680000
0.480960,19.793333,18.693333
0.481361,19.813332,18.693333
0.481762,19.833332,18.713333
0.482164,19.846666,18.686666
0.482565,19.799999,18.713333
0.482966,19.786665,18.786667
0.483368,20.026667,18.719999
0.483769,19.786665,18.646666
0.484171,19.813332,18.400000
0.484572,19.793333,18.646666
0.484973,19.813332,18.666666
0.485374,19.880001,18.646666
0.485775,19.786665,18.666666
0.486177,19.806665,18.593332
0.486578,19.906666,18.693333
0.486980,19.813332,18.713333
0.487382,19.786665,18.660000
0.487784,19.793333,18.646666
0.488185,19.773333,18.686666
0.488587,19.786665,18.653334
0.488989,19.733334,18.666666
0.489391,19.773333,18.646666
0.489793,19.820000,18.626665
0.490194,19.733334,18.660000
0.490595,19.779999,18.653334
0.490996,19.766666,18.646666
0.491398,19.766666,18.639999
0.491799,19.746666,18.660000
0.492200,19.766666,18.653334
0.492601,19.753334,18.626665
0.493002,19.760000,18.613333
0.493404,19.726667,18.586666
0.493805,19.706667,18.660000
0.494206,19.846666,18.626665
0.494607,19.846666,18.586666
0.495009,19.733334,18.513332
0.495410,19.733334,18.520000
0.495811,19.740000,18.586666
0.496213,19.719999,18.639999
0.496614,19.726667,18.660000
0.497015,19.719999,18.613333
0.497416,19.699999,18.580000
0.497817,19.706667,18.580000
0.498219,19.726667,18.593332
0.498620,19.693333,18.613333
0.499022,19.699999,18.586666
0.499423,19.713333,18.566668
0.499824,19.693333,18.593332
0.500226,19.706667,18.593332
0.500627,19.666666,18.586666
0.501028,19.679998,18.639999
0.501429,19.666666,18.553333
0.501830,19.719999,18.559999
0.502232,19.766666,18.533333
0.502633,19.659998,18.513332
0.503035,19.693333,18.533333
0.503437,19.659998,18.553333
0.503838,19.653332,18.506666
0.504239,19.613333,18.553333
0.504640,19.646666,18.526667
0.505042,19.633333,18.539999
0.505443,19.626667,18.533333
0.505844,19.633333,18.506666
0.506245,19.633333,18.513332
0.506647,19.639999,18.526667
0.507048,19.626667,18.506666
0.507449,19.580000,18.500000
0.507850,19.600000,18.486666
0.508251,19.553333,18.513332
0.508652,19.593332,18.473331
0.509053,19.473333,18.493332
0.509454,19.646666,18.480000
0.509856,19.480000,18.506666
0.510258,19.566666,18.480000
0.510659,19.526665,18.459999
0.511061,19.406666,18.473331
0.511462,19.693333,18.400000
0.511863,19.539999,18.553333
0.512265,19.533333,18.486666
0.512666,19.539999,18.426666
0.513070,19.513332,18.413334
0.513471,19.500000,18.413334
0.513873,19.506666,18.420000
0.514274,19.493334,18.379999
0.514676,19.500000,18.406666
0.515078,19.526665,18.400000
0.515479,19.480000,18.420000
0.515881,19.506666,18.400000
0.516283,19.459999,18.393333
0.516684,19.466667,18.373333
0.517085,19.433332,18.366667
0.517486,19.453333,18.359999
0.517887,19.413332,18.366667
0.518289,19.420000,18.379999
0.518690,19.446667,18.379999
0.519091,19.433332,18.306667
0.519492,19.379999,18.346666
0.519893,19.400000,18.346666
0.520294,19.393332,18.293333
0.520696,19.400000,18.313334
0.521098,19.386665,18.320000
0.521500,19.386665,18.286667
0.521901,19.400000,18.293333
0.522303,19.373333,18.186666
0.522704,19.366667,18.286667
0.523105,19.360001,18.280001
0.523507,19.433332,18.273333
0.523909,19.333334,18.266666
0.524311,19.340000,18.213333
0.524713,19.353334,18.266666
0.525114,19.353334,18.246666
0.525515,19.299999,18.240000
0.525916,19.293333,18.206665
0.526318,19.340000,18.246666
0.526719,19.246666,18.226665
0.527120,19.279999,18.173334
0.527521,19.240000,18.226665
0.527922,19.259998,18.186666
0.528323,19.259998,18.186666
0.528724,19.233334,18.160000
0.529125,19.233334,18.180000
0.529527,19.233334,18.160000
0.529928,19.226667,18.146666
0.530329,19.240000,18.086666
0.530730,19.306665,18.133333
0.531131,19.213333,18.133333
0.531532,19.180000,18.119999
0.531934,19.206667,18.146666
0.532335,19.180000,18.079998
0.532736,19.180000,18.139999
0.533138,19.173332,18.153334
0.533539,19.180000,18.079998
0.533941,19.133331,18.086666
0.534343,19.153332,18.086666
0.534744,19.119999,18.046667
0.535145,19.139999,18.106667
0.535546,19.106667,18.066666
0.535947,19.219999,18.053333
0.536348,19.080000,18.046667
0.536749,19.053333,18.013332
0.537151,19.046667,18.006666
0.537552,19.093334,18.020000
0.537954,19.033333,18.006666
0.538355,19.086666,18.013332
0.538756,19.039999,18.006666
0.539158,19.026667,18.006666
0.539559,19.006666,17.926666
0.539961,19.033333,17.953333
0.540362,18.993332,17.946665
0.540764,18.973333,17.973333
0.541165,18.993332,17.953333
0.541567,18.946667,17.926666
0.541968,18.920000,17.926666
0.542369,18.966667,17.866667
0.542770,18.920000,17.926666
0.543172,18.900000,17.859999
0.543573,18.913332,17.879999
0.543976,18.893333,17.900000
0.544377,18.879999,17.873333
0.544778,18.793333,17.879999
0.545179,18.840000,17.826666
0.545580,18.893333,17.840000
0.545981,18.986666,17.820000
0.546382,18.859999,17.820000
0.546784,18.846666,17.820000
0.547186,18.813334,17.813332
0.547587,18.806667,17.746666
0.547989,18.793333,17.766666
0.548390,18.806667,17.713333
0.548791,18.806667,17.766666
0.549192,18.766666,17.780001
0.549593,18.726665,17.760000
0.549995,18.753332,17.726665
0.550396,18.779999,17.726665
0.550797,18.733332,17.713333
0.551199,18.706667,17.673332
0.551600,18.719999,17.693333
0.552002,18.726665,17.693333
0.552404,18.666666,17.686666
0.552805,18.693333,17.746666
0.553206,18.646666,17.653334
0.553607,18.680000,17.639999
0.554009,18.639999,17.613333
0.554410,18.626665,17.619999
0.554811,18.633333,17.613333
0.555212,18.613333,17.586666
0.555613,18.599998,17.586666
0.556015,18.626665,17.593332
0.556416,18.559999,17.539999
0.556817,18.546667,17.539999
0.557219,18.426666,17.539999
0.557622,18.533333,17.486666
0.558023,18.533333,17.539999
0.558424,18.466665,17.480000
0.558826,18.506666,17.466665
0.559228,18.520000,17.506666
0.559629,18.473331,17.459999
0.560031,18.459999,17.480000
0.560433,18.420000,17.453333
0.560834,18.533333,17.433332
0.561235,18.420000,17.406666
0.561636,18.420000,17.306665
0.562037,18.426666,17.406666
0.562439,18.400000,17.380001
0.562840,18.373333,17.386667
0.563241,18.353333,17.340000
0.563643,18.393333,17.340000
0.564045,18.339998,17.326666
0.564447,18.313334,17.333332
0.564848,18.306667,17.313332
0.565249,18.306667,17.313332
0.565651,18.299999,17.313332
0.566052,18.280001,17.273333
0.566454,18.273333,17.260000
0.566856,18.213333,17.266666
0.567257,18.246666,17.186666
0.567658,18.246666,17.219999
0.568059,18.199999,17.166666
0.568461,18.213333,17.213333
0.568862,18.160000,17.186666
0.569263,18.180000,17.113333
0.569664,18.193333,17.093332
0.570069,18.146666,17.039999
0.570470,18.173334,17.153332
0.570871,18.146666,17.146666
0.571273,18.126667,17.126667
0.571674,18.073332,17.093332
0.572076,18.079998,17.080000
0.572478,18.086666,17.086666
0.572879,18.046667,17.073334
0.573280,18.073332,17.046665
0.573681,18.026667,17.039999
0.574084,18.020000,16.986668
0.574485,18.020000,17.013332
0.574887,17.993332,16.953333
0.575289,17.986666,16.993334
0.575691,17.973333,16.913332
0.576092,17.953333,16.993334
0.576493,17.820000,16.993334
0.576894,17.926666,17.106667
0.577295,17.913334,16.920000
0.577697,17.820000,16.906666
0.578098,17.873333,16.973333
0.578499,17.873333,16.900000
0.578901,17.840000,16.879999
0.579302,17.820000,16.900000
0.579704,17.840000,16.860001
0.580106,17.820000,16.866667
0.580507,17.813332,16.853334
0.580908,17.833332,16.846666
0.581310,17.760000,16.826666
0.581711,17.766666,16.799999
0.582112,17.766666,16.799999
0.582513,17.740000,16.786665
0.582915,17.733334,16.773333
0.583316,17.706665,16.759998
0.583718,17.673332,16.680000
0.584119,17.686666,16.713333
0.584520,17.660000,16.733334
0.584921,17.633333,16.713333
0.585322,17.566666,16.693333
0.585723,17.673332,16.693333
0.586125,17.606667,16.660000
0.586526,17.613333,16.639999
0.586928,17.539999,16.740000
0.587329,17.580000,16.619999
0.587730,17.533333,16.626665
0.588132,17.513334,16.593334
0.588533,17.500000,16.553333
0.588935,17.473333,16.519999
0.589336,17.459999,16.539999
0.589737,17.466665,16.499998
0.590139,17.426666,16.446667
0.590540,17.419998,16.633331
0.590941,17.419998,16.480000
0.591342,17.400000,16.446667
0.591744,17.266666,16.420000
0.592145,17.353333,16.453333
0.592546,17.320000,16.373333
0.592948,17.333332,16.373333
0.593349,17.226667,16.373333
0.593750,17.279999,16.286667
0.594152,17.273333,16.306667
0.594554,17.240000,16.359999
0.594956,17.313332,16.286667
0.595357,17.246666,16.299999
0.595759,17.246666,16.253332
0.596160,17.226667,16.279999
0.596561,17.186666,16.219999
0.596963,17.173332,16.213333
0.597364,17.186666,16.273333
0.597766,17.133333,16.193333
0.598167,17.126667,16.166666
0.598568,17.100000,16.126665
0.598969,17.039999,16.106665
0.599370,17.106667,16.093332
0.599771,17.046665,16.099998
0.600172,17.059999,16.066668
0.600574,17.000000,16.059999
0.600976,16.986668,16.099998
0.601377,16.980000,16.006666
0.601778,17.000000,16.033333
0.602179,16.939999,16.000000
0.602580,17.039999,15.920000
0.602981,16.939999,15.980000
0.603382,16.913332,15.926666
0.603783,16.900000,15.913334
0.604185,16.900000,15.913334
0.604586,16.860001,15.866667
0.604988,16.860001,15.826667
0.605389,16.853334,15.860000
0.605790,16.806665,15.713334
0.606191,16.846666,15.826667
0.606592,16.813334,15.793333
0.606993,16.786665,15.773333
0.607394,16.786665,15.760000
0.607795,16.820000,15.740000
0.608197,16.746666,15.713334
0.608598,16.700001,15.726666
0.608999,16.719999,15.720000
0.609400,16.693333,15.660000
0.609801,16.680000,15.653334
0.610202,16.639999,15.586667
0.610603,16.626665,15.579999
0.611005,16.639999,15.573333
0.611406,16.406666,15.573333
0.611808,16.566666,15.546666
0.612209,16.539999,15.520000
0.612610,16.539999,15.500000
0.613011,16.513332,15.480000
0.613413,16.453333,15.460000
0.613814,16.493332,15.419999
0.614216,16.466667,15.193334
0.614618,16.480000,15.393333
0.615019,16.433332,15.393333
0.615420,16.386665,15.386667
0.615821,16.400000,15.346666
0.616222,16.346666,15.346666
0.616624,16.279999,15.333333
0.617025,16.320000,15.306666
0.617427,16.306667,15.280000
0.617829,16.240000,15.293332
0.618231,16.246666,15.300000
0.618632,16.180000,15.233334
0.619034,16.166666,15.253334
0.619435,16.206667,15.159999
0.619836,16.180000,15.206666
0.620238,16.126665,15.173333
0.620640,16.126665,14.953333
0.621041,16.113333,15.139999
0.621443,16.080000,15.060000
0.621844,16.073334,14.953333
0.622246,16.033333,14.953333
0.622647,15.993333,14.953333
0.623049,16.013332,14.953333
0.623450,15.980000,14.953333
0.623851,15.920000,14.940000
0.624253,15.920000,14.953333
0.624654,15.973332,14.873333
0.625056,15.920000,14.873333
0.625457,15.806666,14.873333
0.625858,15.860000,14.880000
0.626259,15.853333,14.853333
0.626660,15.846667,14.833332
0.627062,15.833333,14.873333
0.627463,15.773333,14.786666
0.627864,15.746666,14.806666
0.628265,15.753332,14.786666
0.628666,15.679999,14.699999
0.629070,15.713334,14.693333
0.629472,15.566667,14.659999
0.629873,15.626667,14.659999
0.630276,15.606667,14.666667
0.630677,15.586667,14.606667
0.631078,15.560000,14.600000
0.631479,15.566667,14.620000
0.631880,15.553332,14.526666
0.632281,15.506666,14.546666
0.632682,15.526667,14.520000
0.633084,15.480000,14.506667
0.633487,15.466666,14.506667
0.633888,15.413333,14.120000
0.634289,15.400000,14.393332
0.634691,15.320001,14.373332
0.635093,15.333333,14.446667
0.635495,15.460000,14.320000
0.635897,15.326667,14.320000
0.636298,15.359999,14.346666
0.636699,15.086666,14.326666
0.637100,15.240000,14.293333
0.637502,15.226665,14.020000
0.637903,15.240000,14.273334
0.638304,15.193334,14.246667
0.638706,15.173333,14.233333
0.639107,15.166667,14.133332
0.639508,15.106667,14.173332
0.639909,15.139999,14.206667
0.640311,15.106667,14.166666
0.640712,15.006666,14.080000
0.641113,14.953333,14.140000
0.641514,14.873333,13.993333
0.641915,14.913333,13.986667
0.642316,14.946667,14.006667
0.642717,14.899999,14.013333
0.643118,14.886666,14.013333
0.643519,14.893332,13.993333
0.643921,14.873333,13.979999
0.644323,14.846666,13.986667
0.644726,14.713333,13.906666
0.645127,14.793334,13.866666
0.645528,14.759999,13.873334
0.645930,14.873333,13.839999
0.646332,14.726667,13.820000
0.646733,14.679999,13.806667
0.647134,14.686666,13.820000
0.647537,14.673333,13.820000
0.647939,14.613333,13.733333
0.648340,14.626666,13.793333
0.648741,14.586666,13.706666
0.649144,14.540000,13.660000
0.649546,14.520000,13.666666
0.649947,14.520000,13.646666
0.650349,14.506667,13.559999
0.650751,14.466667,13.593333
0.651152,14.453333,13.559999
0.651555,14.433332,13.566667
0.651956,14.420000,13.539999
0.652357,14.386666,13.533333
0.652759,14.360000,13.533333
0.653160,14.346666,13.566667
0.653563,14.386666,13.420000
0.653964,14.266667,13.466666
0.654365,14.259999,13.366667
0.654766,14.299999,13.440000
0.655167,14.206667,13.466666
0.655570,14.200001,13.353333
0.655971,14.200001,13.346667
0.656373,14.126666,13.333333
0.656774,14.186666,13.293333
0.657175,14.106666,13.259999
0.657577,14.099999,13.273334
0.657978,14.120000,13.220000
0.658379,14.066666,13.233334
0.658780,14.033333,13.286667
0.659181,13.973332,13.166667
0.659582,13.986667,13.080000
0.659983,13.973332,13.146667
0.660385,13.920000,13.073333
0.660786,13.906666,13.220000
0.661188,13.839999,12.980000
0.661591,13.846665,13.113333
0.661992,13.953333,13.013333
0.662393,13.813334,12.953333
0.662794,13.799999,12.953333
0.663197,13.753333,12.946667
0.663600,13.720000,12.919999
0.664002,13.720000,12.893333
0.664404,13.713332,12.893333
0.664807,13.673334,12.846666
0.665208,13.646666,12.840000
0.665609,13.626666,12.706667
0.666011,13.513332,13.033334
0.666412,13.559999,12.766666
0.666814,13.553333,12.746666
0.667215,13.506666,12.706667
0.667616,13.493333,12.700000
0.668017,13.493333,12.673333
0.668418,13.466666,12.660000
0.668819,13.433333,12.633333
0.669221,13.413334,12.593333
0.669622,13.413334,12.566667
0.670024,13.373333,12.580000
0.670425,13.353333,12.540000
0.670826,13.313333,12.520000
0.671227,13.293333,12.506667
0.671629,13.273334,12.453333
0.672030,13.273334,12.426666
0.672432,13.193333,12.420000
0.672833,13.206666,12.413333
0.673234,13.193333,12.406666
0.673635,13.113333,12.366667
0.674037,13.166667,12.360000
0.674438,13.113333,12.326666
0.674840,13.066667,12.086666
0.675242,13.053332,12.280000
0.675645,12.986666,12.240000
0.676046,13.006666,12.246667
0.676448,13.000000,12.246667
0.676849,12.946667,12.153333
0.677250,12.946667,12.086666
0.677653,12.960000,11.973333
0.678055,12.900000,12.086666
0.678456,12.840000,12.059999
0.678859,12.853333,12.066666
0.679260,12.813334,12.006666
0.679661,12.799999,11.999999
0.680063,12.766666,11.999999
0.680464,12.760000,11.879999
0.680865,12.760000,11.953333
0.681266,12.713333,11.906667
0.681667,12.666666,11.926666
0.682071,12.640000,11.886666
0.682472,12.593333,11.780000
0.682873,12.566667,11.813333
0.683274,12.586666,11.793333
0.683675,12.566667,11.786667
0.684077,12.506667,11.780000
0.684478,12.446667,11.726666
0.684879,12.453333,11.713333
0.685281,12.486667,11.713333
0.685682,12.386666,11.640000
0.686085,12.420000,11.640000
0.686488,12.366667,11.599999
0.686890,12.360000,11.420000
0.687291,12.326666,11.546666
0.687692,12.313334,11.546666
0.688093,12.313334,11.539999
0.688494,12.259999,11.460000
0.688895,12.246667,11.486667
0.689298,12.313334,11.453334
0.689700,12.226666,11.420000
0.690102,12.073333,11.400000
0.690503,12.180000,11.406666
0.690905,12.066666,11.366667
0.691307,12.059999,11.360000
0.691708,12.046667,11.293333
0.692110,11.980000,11.300000
0.692511,11.993333,11.286666
0.692912,11.973333,11.300000
0.693313,11.920000,11.233333
0.693714,11.933332,11.206666
0.694116,11.886666,11.266666
0.694518,11.793333,11.240000
0.694920,11.833333,11.020000
0.695321,11.799999,11.099999
0.695722,11.806666,11.113334
0.696124,11.760000,11.053333
0.696525,11.746666,11.020000
0.696927,11.713333,11.020000
0.697329,11.693333,10.986667
0.697731,11.693333,10.993334
0.698132,11.660000,10.913333
0.698533,11.620000,10.900000
0.698935,11.599999,10.893332
0.699337,11.546666,10.840000
0.699738,11.506666,10.846666
0.700139,11.546666,10.900000
0.700540,11.520000,10.793333
0.700941,11.473332,10.986667
0.701343,11.500000,10.846666
0.701744,11.433333,10.740000
0.702145,11.373333,10.706666
0.702546,11.546666,10.740000
0.702947,11.346666,10.653334
0.703349,11.339999,10.639999
0.703750,11.306666,10.566667
0.704152,11.266666,10.626666
0.704553,11.253333,10.586667
0.704955,11.206666,10.533334
0.705356,11.219999,10.520000
0.705757,11.186666,10.500000
0.706159,11.126667,10.493333
0.706560,11.120000,10.413333
0.706961,11.073333,10.440000
0.707362,11.073333,10.386666
0.707763,11.033333,10.413333
0.708165,11.099999,10.320000
0.708566,11.020000,10.226666
0.708968,11.020000,10.333333
0.709369,11.026667,10.219999
0.709772,10.926667,10.260000
0.710174,10.900000,10.166666
0.710577,10.866667,10.246666
0.710979,10.766666,10.260000
0.711381,10.806666,10.193334
0.711782,10.726666,10.173333
0.712183,10.786667,10.133333
0.712585,10.753333,10.133333
0.712987,10.693333,10.053333
0.713388,10.706666,10.059999
0.713791,10.673333,10.026666
0.714192,10.666667,10.020000
0.714593,10.620000,9.993333
0.714994,10.600000,9.966666
0.715396,10.559999,9.953333
0.715798,10.573333,9.900000
0.716200,10.500000,9.893332
0.716601,10.500000,9.853333
0.717003,10.506666,9.873333
0.717405,10.419999,9.820000
0.717806,10.480000,9.780000
0.718207,10.480000,9.793333
0.718608,10.360000,9.700000
0.719009,10.346666,9.766666
0.719411,10.353333,9.680000
0.719812,10.380000,9.673333
0.720213,10.193334,9.719999
0.720614,10.253333,9.460000
0.721016,10.273334,9.626666
0.721418,10.206667,9.600000
0.721820,10.200000,9.646667
0.722222,10.146667,9.546667
0.722624,10.133333,9.566666
0.723025,10.120000,9.513333
0.723426,10.086666,9.480000
0.723828,10.059999,9.346666
0.724230,10.059999,9.346666
0.724631,10.133333,9.346666
0.725033,9.986667,9.346666
0.725435,9.940001,9.320000
0.725837,9.959999,9.346666
0.726238,9.886666,9.246666
0.726641,9.893332,9.266666
0.727043,9.860000,9.206667
0.727445,9.846666,9.226666
0.727846,9.806666,9.140000
0.728247,9.780000,9.186666
0.728648,9.746667,9.099999
0.729050,9.719999,9.106667
0.729452,9.726666,9.140000
0.729855,9.653333,9.066667
0.730256,9.753333,9.126666
0.730657,9.766666,9.039999
0.731058,9.600000,8.946667
0.731459,9.553333,8.953334
0.731861,9.573333,8.973332
0.732262,9.533333,8.913333
0.732665,9.526667,8.893333
0.733071,9.486667,8.880000
0.733472,9.493333,8.880000
0.733873,9.346666,8.853333
0.734274,9.393333,8.833333
0.734675,9.346666,8.746667
0.735077,9.333333,8.773333
0.735478,9.240000,8.793333
0.735879,9.286667,8.693334
0.736280,9.273334,8.740000
0.736682,9.153334,8.653333
0.737084,9.153334,8.393332
0.737486,9.193333,8.593333
0.737888,9.173333,8.593333
0.738289,9.153334,8.686666
0.738690,9.106667,8.626667
0.739091,9.086667,8.693334
0.739492,9.026667,8.513332
0.739893,9.013333,8.473333
0.740294,9.020000,8.480000
0.740696,8.993333,8.420000
0.741098,8.973332,8.393332
0.741499,8.940000,8.373333
0.741901,8.906666,8.393332
0.742302,8.839999,8.306666
0.742705,8.960000,8.306666
0.743106,8.893333,8.300000
0.743507,8.786666,8.220000
0.743910,8.773333,8.220000
0.744312,8.760000,8.133333
0.744714,8.806666,8.213333
0.745116,8.646667,8.166667
0.745517,8.686666,8.113333
0.745918,8.660000,8.126666
0.746320,8.573333,8.093333
0.746721,8.620000,8.073333
0.747123,8.573333,8.046666
0.747524,8.533333,8.026667
0.747925,8.546666,8.000000
0.748327,8.526667,7.986666
0.748728,8.500000,7.980000
0.749130,8.460000,7.966667
0.749531,8.446666,7.906666
0.749932,8.426667,7.813334
0.750334,8.386666,7.880000
0.750735,8.366667,7.860000
0.751137,8.306666,7.813334
0.751538,8.286667,7.786666
0.751939,8.280000,7.353333
0.752341,8.300000,7.793334
0.752743,8.226666,7.660000
0.753145,8.113333,7.686666
0.753546,8.046666,7.693334
0.753948,8.160000,7.626667
0.754350,8.120000,7.600000
0.754751,8.106667,7.600000
0.755152,8.073333,7.566667
0.755553,8.066667,7.573333
0.755954,8.040000,7.573333
0.756355,7.980000,7.513333
0.756756,7.973333,7.500000
0.757158,7.926667,7.373333
0.757559,7.940000,7.433333
0.757960,7.900000,7.346666
0.758361,7.906666,7.400000
0.758762,7.880000,7.413333
0.759164,7.840000,7.340000
0.759565,7.846667,7.253334
0.759967,7.806666,7.313333
0.760368,7.793334,7.219999
0.760771,7.773333,7.180000
0.761172,7.646666,7.260000
0.761573,7.713333,7.253334
0.761974,7.679999,7.173333
0.762375,7.613333,7.173333
0.762776,7.626667,7.140000
0.763179,7.593334,7.153333
0.763580,7.559999,7.100000
0.763982,7.520000,7.060000
0.764383,7.526666,7.040000
0.764786,7.533333,7.106667
0.765187,7.473333,7.006667
0.765588,7.466667,6.986666
0.765989,7.440000,6.960000
0.766391,7.426666,6.866666
0.766793,7.373333,6.920000
0.767195,7.353333,6.900000
0.767597,7.346666,6.866666
0.767999,7.286667,6.866666
0.768401,7.266667,6.813333
0.768802,7.219999,6.766666
0.769204,7.266667,6.820000
0.769606,7.166667,6.786666
0.770008,7.193333,6.773334
0.770409,7.173333,6.680000
0.770811,7.140000,6.700000
0.771212,7.113333,6.673334
0.771613,7.100000,6.653333
0.772014,7.053333,6.986666
0.772415,7.000000,6.620000
0.772816,6.993333,6.546667
0.773218,6.986666,6.466667
0.773619,6.980000,6.540000
0.774020,6.946667,6.466667
0.774421,6.853333,6.466667
0.774824,6.900000,6.433333
0.775226,6.886666,6.460000
0.775627,6.860000,6.380000
0.776028,6.773334,6.373333
0.776430,6.786666,6.360000
0.776832,6.786666,6.293333
0.777234,6.786666,6.300000
0.777635,6.780000,6.280000
0.778036,6.753333,6.400000
0.778438,6.826667,6.260000
0.778840,6.646667,6.200000
0.779241,6.646667,6.086667
0.779642,6.600000,6.166667
0.780043,6.686666,6.146667
0.780445,6.540000,6.133333
0.780846,6.526666,6.106667
0.781247,6.466667,6.100000
0.781648,6.500000,6.113333
0.782049,6.453333,6.046667
0.782451,6.433333,5.986667
0.782852,6.380000,6.020000
0.783253,6.353333,6.020000
0.783655,6.306666,5.946667
0.784057,6.333333,5.953333
0.784458,6.333333,5.913333
0.784860,6.293333,5.900000
0.785262,6.300000,5.853333
0.785665,6.260000,5.853333
0.786071,6.266666,5.846666
0.786472,6.153333,5.773333
0.786873,6.140000,5.766666
0.787274,6.140000,5.760000
0.787675,6.113333,5.740000
0.788077,6.106667,5.733333
0.788479,6.093333,5.673333
0.788880,6.026667,5.680000
0.789281,6.026667,5.646667
0.789683,5.973333,5.646667
0.790085,5.960000,5.600000
0.790486,5.966666,5.580000
0.790887,5.920000,5.566667
0.791288,5.926667,5.539999
0.791691,5.926667,5.493333
0.792092,5.880000,5.493333
0.792493,5.840000,5.426667
0.792895,5.826667,5.473333
0.793296,5.826667,5.433333
0.793698,5.793334,5.426667
0.794099,5.766666,5.406666
0.794501,5.766666,5.386667
0.794902,5.693333,5.366667
0.795303,5.660000,5.293334
0.795705,5.673333,5.300000
0.796106,5.620000,5.273333
0.796507,5.573333,5.273333
0.796908,5.593333,5.240000
0.797309,5.580000,5.240000
0.797712,5.513333,5.186666
0.798114,5.539999,5.180000
0.798516,5.533333,5.140000
0.798918,5.480000,5.153333
0.799320,5.460000,5.126667
0.799721,5.473333,5.100000
0.800123,5.426667,5.120000
0.800526,5.420000,5.073333
0.800927,5.306666,5.033333
0.801328,5.360000,5.006667
0.801729,5.320000,4.993333
0.802131,5.320000,5.000000
0.802532,5.286666,4.893333
0.802934,5.246666,4.973333
0.803336,5.186666,4.926667
0.803737,5.213333,4.880000
0.804138,5.226666,4.840000
0.804541,5.166667,4.880000
0.804943,5.140000,4.846666
0.805344,5.140000,4.813333
0.805745,5.133333,4.786666
0.806146,5.086667,4.786666
0.806547,5.066667,4.753333
0.806948,5.040000,4.726666
0.807349,5.033333,4.706666
0.807750,4.986667,4.693333
0.808151,5.073333,4.640000
0.808552,4.953333,4.593333
0.808954,4.926667,4.620000
0.809355,4.940000,4.593333
0.809756,4.913333,4.573333
0.810158,4.866667,4.593333
0.810560,4.846666,4.586667
0.810961,4.780000,4.540000
0.811362,4.793333,4.540000
0.811763,4.813333,4.493333
0.812165,4.786666,4.520000
0.812566,4.740000,4.446667
0.812968,4.733333,4.433333
0.813370,4.686666,4.413333
0.813771,4.713333,4.413333
0.814173,4.673333,4.400000
0.814574,4.653333,4.360000
0.814975,4.633333,4.360000
0.815376,4.753333,4.326666
0.815778,4.593333,4.280000
0.816179,4.573333,4.280000
0.816582,4.446667,4.346667
0.816983,4.273333,4.246667
0.817385,4.520000,4.233333
0.817787,4.560000,4.213334
0.818190,4.460000,4.186666
0.818591,4.446667,4.173333
0.818993,4.373333,4.160000
0.819395,4.453333,4.140000
0.819796,4.406667,4.040000
0.820198,4.400000,4.020000
0.820599,4.366666,4.080000
0.821001,4.333333,4.060000
0.821402,4.320000,4.020000
0.821803,4.273333,4.013333
0.822204,4.253333,3.993333
0.822605,4.240000,3.993333
0.823006,4.213334,4.053333
0.823408,4.193333,3.940000
0.823811,4.173333,3.913333
0.824213,4.160000,3.900000
0.824614,4.140000,3.960000
0.825016,4.060000,3.860000
0.825418,4.100000,3.873333
0.825819,4.060000,3.746666
0.826220,4.066667,3.746666
0.826621,4.053333,3.746666
0.827023,4.000000,3.746666
0.827424,3.993333,3.733333
0.827825,3.986666,3.713333
0.828226,3.933333,3.706666
0.828627,3.886667,3.660000
0.829029,3.926666,3.660000
0.829430,3.953333,3.646667
0.829831,3.853333,3.613333
0.830233,3.853333,3.626667
0.830634,3.780000,3.580000
0.831036,3.846667,3.566667
0.831438,3.820000,3.513333
0.831839,3.780000,3.606667
0.832240,3.746666,3.633333
0.832641,3.740000,3.466666
0.833043,3.780000,3.466666
0.833444,3.600000,3.420000
0.833846,3.660000,3.426666
0.834247,3.686666,3.406667
0.834648,3.646667,3.486667
0.835049,3.626667,3.393333
0.835450,3.573333,3.386667
0.835851,3.693333,3.273333
0.836253,3.646667,3.313333
0.836654,3.593333,3.353333
0.837056,3.460000,3.293333
0.837457,3.506667,3.260000
0.837858,3.480000,3.293333
0.838260,3.500000,3.286667
0.838661,3.453333,3.226667
0.839063,3.453333,3.193333
0.839464,3.400000,3.193333
0.839865,3.413333,3.133333
0.840267,3.413333,3.166667
0.840668,3.366667,3.133333
0.841070,3.360000,3.133333
0.841471,3.353333,3.120000
0.841873,3.313333,2.980000
0.842275,3.306667,3.053333
0.842677,3.300000,3.066667
0.843078,3.246666,3.060000
0.843479,3.226667,3.033333
0.843881,3.266667,3.013333
0.844283,3.166667,2.993333
0.844684,3.326667,2.953333
0.845085,3.186666,2.926667
0.845486,3.146667,2.946667
0.845887,3.133333,2.960000
0.846289,3.133333,2.953333
0.846690,3.106667,2.846667
0.847091,3.106667,2.960000
0.847492,3.073333,2.873333
0.847893,3.060000,2.846667
0.848294,3.060000,2.806667
0.848695,3.020000,2.800000
0.849097,3.006667,2.800000
0.849498,3.033333,2.793333
0.849899,2.933333,2.760000
0.850300,2.900000,2.773333
0.850701,2.953333,2.680000
0.851103,2.900000,2.720000
0.851504,2.940000,2.753333
0.851906,2.893333,2.673333
0.852307,2.760000,2.666667
0.852708,2.960000,2.673333
0.853110,2.820000,2.626667
0.853511,2.886667,2.620000
0.853913,2.800000,2.613333
0.854314,2.786667,2.580000
0.854715,2.800000,2.600000
0.855117,2.753333,2.553333
0.855518,2.720000,2.540000
0.855920,2.700000,2.526667
0.856322,2.726667,2.513333
0.856723,2.673333,2.593333
0.857125,2.666667,2.473333
0.857526,2.700000,2.500000
0.857927,2.620000,2.433333
0.858328,2.626667,2.426666
0.858729,2.600000,2.420000
0.859132,2.573333,2.433333
0.859533,2.553333,2.366667
0.859935,2.540000,2.400000
0.860336,2.526667,2.386667
0.860737,2.480000,2.360000
0.861138,2.600000,2.306667
0.861539,2.440000,2.340000
0.861941,2.433333,2.306667
0.862342,2.453333,2.293333
0.862744,2.440000,2.260000
0.863145,2.406667,2.253333
0.863548,2.406667,2.246667
0.863950,2.346667,2.173333
0.864351,2.400000,2.226666
0.864753,2.306667,2.200000
0.865154,2.360000,2.180000
0.865555,2.340000,2.180000
0.865957,2.326667,2.100000
0.866359,2.300000,2.146667
0.866760,2.266667,2.146667
0.867163,2.266667,2.093333
0.867564,2.246667,2.093333
0.867966,2.266667,2.086667
0.868368,2.286667,2.060000
0.868769,2.160000,1.973333
0.869171,2.180000,2.013333
0.869572,2.160000,2.026667
0.869973,2.146667,2.000000
0.870374,2.146667,2.026667
0.870775,2.146667,1.980000
0.871177,2.126667,1.993333
0.871578,2.113333,1.973333
0.871979,2.106667,1.946667
0.872381,2.086667,2.053333
0.872783,2.053333,1.940000
0.873185,2.080000,1.906667
0.873586,2.033333,1.906667
0.873988,2.046667,1.880000
0.874390,1.993333,1.840000
0.874791,1.900000,1.840000
0.875193,1.980000,1.820000
0.875594,1.980000,1.833333
0.875995,1.960000,1.806667
0.876396,1.946667,1.786667
0.876797,1.893333,1.666667
0.877199,1.933333,1.786667
0.877601,1.906667,1.773333
0.878002,1.900000,1.746667
0.878404,1.906667,1.733333
0.878805,1.886667,1.726667
0.879206,1.833333,1.706667
0.879608,1.860000,1.733333
0.880010,1.826667,1.733333
0.880411,1.806667,1.686667
0.880812,1.780000,1.600000
0.881213,1.766667,1.700000
0.881614,1.766667,1.613333
0.882015,1.740000,1.693333
0.882416,1.773333,1.560000
0.882817,1.746667,1.633333
0.883218,1.700000,1.593333
0.883619,1.693333,1.473333
0.884021,1.680000,1.740000
0.884423,1.686667,1.506667
0.884824,1.653333,1.553333
0.885226,1.660000,1.540000
0.885627,1.640000,1.433333
0.886029,1.626667,1.606667
0.886431,1.686667,1.500000
0.886833,1.600000,1.366667
0.887234,1.586667,1.360000
0.887635,1.566667,1.480000
0.888036,1.560000,1.433333
0.888438,1.560000,1.513333
0.888839,1.546667,1.420000
0.889240,1.506667,1.373333
0.889641,1.493333,1.506667
0.890042,1.493333,1.393333
0.890444,1.520000,1.193333
0.890846,1.406667,1.380000
0.891247,1.386667,1.360000
0.891648,1.446667,1.373333
0.892050,1.426667,1.326667
0.892451,1.420000,1.313333
0.892852,1.426667,1.386667
0.893253,1.386667,1.306667
0.893654,1.340000,1.293333
0.894055,1.486667,1.360000
0.894456,1.453333,1.286667
0.894859,1.226667,1.206667
0.895260,1.566667,1.226667
0.895661,1.326667,1.213333
0.896063,1.313333,1.300000
0.896464,1.306667,1.226667
0.896866,1.300000,1.226667
0.897267,1.326667,1.213333
0.897669,1.320000,1.200000
0.898071,1.313333,1.173333
0.898472,1.246667,1.153333
0.898874,1.273333,1.153333
0.899275,1.166667,1.140000
0.899677,1.213333,1.113333
0.900078,1.193333,1.120000
0.900479,1.226667,1.113333
0.900881,1.206667,1.086667
0.901282,1.220000,1.053333
0.901684,1.146667,1.093333
0.902085,1.153333,0.986667
0.902486,1.173333,1.086667
0.902889,1.140000,1.033333
0.903291,1.106667,1.000000
0.903692,1.113333,1.040000
0.904095,1.120000,0.993333
0.904497,1.160000,1.020000
0.904898,1.080000,0.986667
0.905300,1.106667,1.006667
0.905703,1.046667,0.986667
0.906104,1.046667,0.966667
0.906505,1.033333,0.946667
0.906907,1.040000,0.946667
0.907308,1.046667,0.946667
0.907709,0.980000,0.946667
0.908111,1.013333,0.946667
0.908512,1.106667,0.960000
0.908913,0.973333,0.946667
0.909314,0.980000,0.946667
0.909715,0.966667,0.946667
0.910117,0.973333,0.946667
0.910518,0.960000,0.946667
0.910920,0.980000,0.946667
0.911321,0.946667,0.946667
0.911722,0.986667,0.946667
0.912124,0.946667,0.946667
0.912525,0.946667,0.946667
0.912926,0.946667,0.946667
0.913327,0.946667,0.946667
0.913728,0.946667,0.946667
0.914130,0.946667,0.946667
0.914531,0.946667,0.946667
0.914932,0.946667,0.946667
0.915338,0.946667,0.946667
0.915739,0.946667,0.946667
0.916140,0.946667,0.946667
0.916542,0.946667,0.946667
0.916943,0.946667,0.946667
0.917344,0.946667,0.946667
0.917745,0.946667,0.946667
0.918146,0.960000,0.946667
0.918547,0.946667,0.946667
0.918948,0.946667,0.946667
0.919350,0.946667,0.946667
0.919752,0.946667,0.946667
0.920153,0.946667,0.946667
0.920556,0.946667,0.946667
0.920957,0.946667,0.946667
0.921359,0.946667,0.946667
0.921760,0.946667,0.946667
0.922162,0.946667,0.946667
0.922563,0.946667,0.946667
0.922964,0.946667,0.946667
0.923365,0.946667,0.946667
0.923768,0.946667,0.946667
0.924170,0.946667,0.946667
0.924571,0.946667,0.946667
0.924972,0.946667,0.946667
0.925373,0.946667,0.946667
0.925775,0.946667,0.946667
0.926177,0.946667,0.946667
0.926579,0.946667,0.946667
0.926981,0.946667,0.946667
0.927383,0.946667,0.946667
0.927784,0.946667,0.946667
0.928185,0.946667,0.946667
0.928586,0.946667,0.946667
0.928988,0.946667,0.946667
0.929390,0.946667,0.946667
0.929791,0.946667,0.946667
0.930192,0.946667,0.946667
0.930593,0.946667,0.946667
0.930994,0.946667,0.946667
0.931395,0.946667,0.946667
0.931796,0.946667,0.946667
0.932197,0.946667,0.946667
0.932598,0.946667,0.946667
0.933000,0.946667,0.946667
0.933401,0.946667,0.946667
0.933802,0.946667,0.946667
0.934203,0.946667,0.946667
0.934604,0.946667,0.946667
0.935005,0.946667,0.946667
0.935406,0.946667,0.946667
0.935807,0.946667,0.946667
0.936208,0.946667,0.946667
0.936609,0.946667,0.946667
0.937011,0.946667,0.946667
0.937412,0.946667,0.946667
0.937813,0.946667,0.946667
0.938215,0.946667,0.946667
0.938617,0.946667,0.946667
0.939018,0.946667,0.946667
0.939419,0.946667,0.946667
0.939820,0.946667,0.946667
0.940222,0.946667,0.946667
0.940623,0.946667,0.946667
0.941025,0.946667,0.946667
0.941426,0.946667,0.946667
0.941829,0.946667,0.946667
0.942230,0.946667,0.946667
0.942631,0.946667,0.946667
0.943033,0.946667,0.946667
0.943435,0.946667,0.946667
0.943838,0.946667,0.946667
0.944239,0.946667,0.946667
0.944640,0.946667,0.946667
0.945042,0.946667,0.946667
0.945443,0.946667,0.946667
0.945846,0.946667,0.946667
0.946247,0.946667,0.946667
0.946649,0.946667,0.946667
0.947050,0.946667,0.946667
0.947451,0.946667,0.946667
0.947852,0.946667,0.946667
0.948253,0.946667,0.946667
0.948656,0.946667,0.946667
0.949057,0.946667,0.946667
0.949459,0.946667,0.946667
0.949860,0.946667,0.946667
0.950261,0.946667,0.946667
0.950662,0.946667,0.946667
0.951063,0.946667,0.946667
0.951464,0.946667,0.946667
0.951865,0.946667,0.946667
0.952267,0.946667,0.946667
0.952670,0.946667,0.946667
0.953072,0.946667,0.946667
0.953473,0.946667,0.946667
0.953874,0.946667,0.946667
0.954276,0.946667,0.946667
0.954678,0.946667,0.946667
0.955079,0.946667,0.946667
0.955480,0.946667,0.946667
0.955881,0.946667,0.946667
0.956283,0.946667,0.946667
0.956684,0.946667,0.946667
0.957085,0.946667,0.946667
0.957487,0.946667,0.946667
0.957889,0.946667,0.946667
0.958291,0.946667,0.946667
0.958692,0.946667,0.946667
0.959093,0.946667,0.946667
0.959494,0.946667,0.946667
0.959896,0.946667,0.946667
0.960298,0.946667,0.946667
0.960699,0.946667,0.946667
0.961100,0.946667,0.946667
0.961501,0.946667,0.946667
0.961902,0.946667,0.946667
0.962303,0.946667,0.946667
0.962705,0.946667,0.946667
0.963107,0.946667,0.946667
0.963510,0.946667,0.946667
0.963912,0.946667,0.946667
0.964314,0.946667,0.946667
0.964715,0.946667,0.946667
0.965116,0.946667,0.946667
0.965517,0.946667,0.946667
0.965919,0.946667,0.946667
0.966320,0.946667,0.946667
0.966722,0.946667,0.946667
0.967124,0.946667,0.946667
0.967525,0.946667,0.946667
0.967926,0.946667,0.946667
0.968329,0.946667,0.946667
0.968731,0.946667,0.946667
0.969132,0.946667,0.946667
0.969533,0.946667,0.946667
0.969935,0.946667,0.946667
0.970336,0.946667,0.946667
0.970737,0.946667,0.946667
0.971139,0.946667,0.946667
0.971540,0.946667,0.946667
0.971941,0.946667,0.946667
0.972342,0.946667,0.946667
0.972743,0.946667,0.946667
0.973144,0.946667,0.946667
0.973547,0.946667,0.946667
0.973948,0.946667,0.946667
0.974350,0.946667,0.946667
0.974751,0.946667,0.946667
0.975152,0.946667,0.946667
0.975554,0.946667,0.946667
0.975955,0.946667,0.946667
0.976357,0.946667,0.946667
0.976758,0.946667,0.946667
0.977159,0.946667,0.946667
0.977560,0.946667,0.946667
0.977961,0.946667,0.946667
0.978362,0.946667,0.946667
0.978765,0.946667,0.946667
0.979166,0.946667,0.946667
0.979567,0.946667,0.946667
0.979969,0.946667,0.946667
0.980370,0.946667,0.946667
0.980772,0.946667,0.946667
0.981174,0.946667,0.946667
0.981575,0.946667,0.946667
0.981977,0.946667,0.946667
0.982378,0.946667,0.946667
0.982781,0.946667,0.946667
0.983182,0.946667,0.946667
0.983584,0.946667,0.946667
0.983985,0.946667,0.946667
0.984387,0.946667,0.946667
0.984788,0.946667,0.946667
0.985191,0.946667,0.946667
0.985592,0.946667,0.946667
0.985993,0.946667,0.946667
0.986395,0.946667,0.946667
0.986797,0.946667,0.946667
0.987198,0.946667,0.946667
0.987599,0.946667,0.946667
0.988001,0.946667,0.946667
0.988403,0.946667,0.946667
0.988805,0.946667,0.946667
0.989206,0.946667,0.946667
0.989607,0.946667,0.946667
0.990009,0.946667,0.946667
0.990411,0.946667,0.946667
0.990814,0.946667,0.946667
0.991215,0.946667,0.946667
0.991616,0.946667,0.946667
0.992017,0.946667,0.946667
0.992418,0.946667,0.946667
0.992820,0.946667,0.946667
0.993221,0.946667,0.946667
0.993624,0.946667,0.946667
0.994026,0.946667,0.946667
0.994428,0.946667,0.946667
0.994829,0.946667,0.946667
0.995230,0.946667,0.946667
0.995632,0.946667,0.946667
0.996033,0.946667,0.946667
0.996434,0.946667,0.946667
0.996835,0.946667,0.946667
0.997236,0.946667,0.946667
0.997639,0.946667,0.946667
0.998040,0.946667,0.946667
0.998442,0.946667,0.946667
0.998844,0.946667,0.946667
0.999246,0.946667,0.946667
0.999647,0.946667,0.946667
1.000049,0.946667,0.946667
1.000451,0.946667,0.946667
1.000853,0.946667,0.946667
1.001255,0.946667,0.946667
1.001656,0.946667,0.946667
1.002058,0.946667,0.946667
1.002460,0.946667,0.946667
1.002862,0.946667,0.946667
1.003264,0.946667,0.946667
1.003666,0.946667,0.946667
1.004071,0.946667,0.946667
1.004472,0.946667,0.946667
1.004873,0.946667,0.946667
1.005274,0.946667,0.946667
1.005675,0.946667,0.946667
1.006077,0.946667,0.946667
1.006478,0.946667,0.946667
1.006879,0.946667,0.946667
1.007280,0.946667,0.946667
1.007681,0.946667,0.946667
1.008082,0.946667,0.946667
1.008483,0.946667,0.946667
1.008884,0.946667,0.946667
1.009286,0.946667,0.946667
1.009687,0.946667,0.946667
1.010089,0.946667,0.946667
1.010491,0.946667,0.946667
1.010892,0.946667,0.946667
1.011294,0.946667,0.946667
1.011695,0.946667,0.946667
1.012097,0.946667,0.946667
1.012498,0.946667,0.946667
1.012899,0.946667,0.946667
1.013301,0.946667,0.946667
1.013702,0.946667,0.946667
1.014104,0.946667,0.946667
1.014505,0.946667,0.946667
1.014908,0.946667,0.946667
1.015310,0.946667,0.946667
1.015711,0.946667,0.946667
1.016112,0.946667,0.946667
1.016514,0.946667,0.946667
1.016915,0.946667,0.946667
1.017316,0.946667,0.946667
1.017717,0.946667,0.946667
1.018118,0.946667,0.946667
1.018519,0.946667,0.946667
1.018921,0.946667,0.946667
1.019323,0.946667,0.946667
1.019724,0.946667,0.946667
1.020125,0.946667,0.946667
1.020526,0.946667,0.946667
1.020928,0.946667,0.946667
1.021329,0.946667,0.946667
1.021731,0.946667,0.946667
1.022132,0.946667,0.946667
1.022533,0.946667,0.946667
1.022935,0.946667,0.946667
1.023336,0.946667,0.946667
1.023738,0.946667,0.946667
1.024139,0.946667,0.946667
1.024540,0.946667,0.946667
1.024942,0.946667,0.946667
1.025343,0.946667,0.946667
1.025744,0.946667,0.946667
1.026145,0.946667,0.946667
1.026546,0.946667,0.946667
1.026948,0.946667,0.946667
1.027350,0.966667,0.946667
1.027752,0.946667,0.946667
1.028153,0.946667,0.946667
1.028554,0.946667,0.946667
1.028956,0.946667,0.946667
1.029358,0.946667,0.946667
1.029760,0.946667,0.946667
1.030161,0.946667,0.946667
1.030563,0.946667,0.946667
1.030964,0.946667,0.946667
1.031365,0.946667,0.946667
1.031767,0.946667,0.946667
1.032168,0.946667,0.946667
1.032571,0.946667,0.946667
1.032972,0.953333,0.946667
1.033373,0.960000,0.946667
1.033775,0.980000,0.946667
1.034177,0.973333,0.946667
1.034580,0.993333,0.946667
1.034981,1.033333,0.946667
1.035383,0.986667,1.000000
1.035784,0.953333,0.953333
1.036187,1.026667,0.946667
1.036588,1.033333,0.960000
1.036989,1.033333,0.960000
1.037391,1.053333,1.086667
1.037792,1.046667,0.960000
1.038193,1.053333,1.026667
1.038594,1.046667,1.006667
1.038995,1.120000,1.040000
1.039397,1.120000,1.033333
1.039799,1.246667,1.033333
1.040200,1.133333,1.073333
1.040603,1.146667,1.053333
1.041004,1.180000,1.060000
1.041406,1.146667,1.040000
1.041807,1.193333,1.086667
1.042208,1.253333,1.086667
1.042611,1.213333,1.106667
1.043013,1.200000,1.120000
1.043415,1.206667,1.100000
1.043816,1.240000,1.060000
1.044218,1.226667,1.206667
1.044619,1.206667,1.173333
1.045021,1.266667,1.180000
1.045422,1.253333,1.173333
1.045823,1.293333,1.193333
1.046225,1.300000,1.206667
1.046627,1.306667,1.193333
1.047029,1.313333,1.213333
1.047430,1.360000,1.240000
1.047832,1.313333,1.266667
1.048233,1.360000,1.266667
1.048636,1.380000,1.253333
1.049037,1.413333,1.280000
1.049438,1.420000,1.300000
1.049840,1.393333,1.286667
1.050242,1.393333,1.353333
1.050643,1.426667,1.500000
1.051045,1.420000,1.360000
1.051446,1.466667,1.293333
1.051847,1.486667,1.326667
1.052249,1.460000,1.386667
1.052650,1.466667,1.386667
1.053051,1.413333,1.386667
1.053452,1.433333,1.400000
1.053853,1.520000,1.393333
1.054255,1.533333,1.406667
1.054656,1.533333,1.433333
1.055057,1.580000,1.393333
1.055459,1.560000,1.486667
1.055860,1.573333,1.440000
1.056261,1.553333,1.420000
1.056662,1.586667,1.460000
1.057063,1.640000,1.513333
1.057464,1.626667,1.580000
1.057867,1.613333,1.480000
1.058269,1.626667,1.553333
1.058670,1.900000,1.540000
1.059071,1.706667,1.553333
1.059472,1.680000,1.566667
1.059875,1.726667,1.573333
1.060277,1.720000,1.573333
1.060678,1.720000,1.633333
1.061079,1.706667,1.686667
1.061480,1.706667,1.633333
1.061881,1.866667,1.660000
1.062282,1.780000,1.686667
1.062683,1.906667,1.646667
1.063084,1.740000,1.660000
1.063485,1.833333,1.686667
1.063886,1.820000,1.706667
1.064287,1.846667,1.733333
1.064688,1.880000,1.726667
1.065090,1.853333,1.706667
1.065492,1.886667,1.693333
1.065894,1.926667,1.760000
1.066295,1.926667,1.786667
1.066696,1.940000,1.840000
1.067098,1.926667,1.806667
1.067499,1.960000,1.813333
1.067900,1.960000,1.826667
1.068302,1.966667,1.840000
1.068703,1.900000,1.900000
1.069104,2.080000,1.906667
1.069505,2.086667,1.860000
1.069906,1.986667,1.906667
1.070307,1.946667,1.900000
1.070709,2.053333,1.920000
1.071111,2.086667,1.946667
1.071512,2.086667,1.966667
1.071913,2.106667,2.000000
1.072314,2.113333,2.000000
1.072715,2.193333,1.966667
1.073118,2.140000,1.773333
1.073519,2.160000,2.006667
1.073921,2.200000,2.046667
1.074322,2.320000,2.086667
1.074723,2.226666,2.053333
1.075125,2.233333,2.080000
1.075526,2.286667,1.986667
1.075928,2.260000,2.086667
1.076329,2.246667,2.033333
1.076730,2.293333,2.153333
1.077131,2.353333,2.173333
1.077533,2.333333,2.100000
1.077935,2.346667,2.253333
1.078336,2.360000,2.200000
1.078737,2.373333,2.186667
1.079138,2.366667,2.220000
1.079539,2.380000,2.246667
1.079941,2.426666,2.300000
1.080342,2.440000,2.273333
1.080743,2.440000,2.266667
1.081144,2.446667,2.280000
1.081546,2.493333,2.300000
1.081947,2.493333,2.346667
1.082348,2.586667,2.366667
1.082749,2.520000,2.346667
1.083151,2.613333,2.300000
1.083552,2.546667,2.400000
1.083953,2.606667,2.400000
1.084355,2.580000,2.333333
1.084756,2.626667,2.433333
1.085158,2.620000,2.506666
1.085559,2.593333,2.433333
1.085960,2.626667,2.433333
1.086361,2.686666,2.500000
1.086762,2.766667,2.506666
1.087164,2.700000,2.506666
1.087565,2.713333,2.520000
1.087967,2.753333,2.560000
1.088368,2.746667,2.613333
1.088770,2.760000,2.613333
1.089171,2.786667,2.613333
1.089572,2.813333,2.613333
1.089973,2.833333,2.666667
1.090374,2.813333,2.646667
1.090775,2.833333,2.646667
1.091176,2.866667,2.680000
1.091579,2.940000,2.700000
1.091981,2.873333,2.680000
1.092383,2.933333,2.733333
1.092784,2.933333,2.713333
1.093185,2.913333,2.760000
1.093586,2.980000,2.780000
1.093987,2.980000,2.780000
1.094388,2.913333,2.766667
1.094789,3.040000,2.800000
1.095190,3.046667,2.813333
1.095593,3.053333,2.800000
1.095994,3.033333,2.873333
1.096395,3.120000,2.873333
1.096796,3.066667,2.900000
1.097198,3.180000,2.926667
1.097599,3.140000,2.966666
1.098001,3.166667,2.960000
1.098402,3.166667,2.980000
1.098804,3.166667,2.960000
1.099206,3.200000,3.000000
1.099608,3.233333,3.040000
1.100009,3.233333,3.060000
1.100411,3.273333,3.046667
1.100812,3.253333,3.080000
1.101214,3.306667,3.100000
1.101616,3.340000,3.080000
1.102017,3.353333,3.126667
1.102418,3.333333,3.300000
1.102819,3.346666,3.133333
1.103220,3.400000,3.200000
1.103622,3.506667,3.166667
1.104023,3.433333,3.206667
1.104425,3.453333,3.200000
1.104826,3.473333,3.246666
1.105227,3.493333,3.253333
1.105630,3.493333,3.280000
1.106032,3.500000,3.306667
1.106433,3.540000,3.393333
1.106834,3.540000,3.313333
1.107236,3.533333,3.306667
1.107639,3.620000,3.366667
1.108040,3.573333,3.373333
1.108441,3.613333,3.400000
1.108842,3.526666,3.366667
1.109243,3.660000,3.486667
1.109645,3.680000,3.486667
1.110047,3.860000,3.460000
1.110448,3.700000,3.446667
1.110849,3.833333,3.473333
1.111250,3.660000,3.520000
1.111651,3.820000,3.506667
1.112052,3.840000,3.573333
1.112453,3.840000,3.586667
1.112854,3.860000,3.593333
1.113256,3.880000,3.593333
1.113658,3.926666,3.633333
1.114059,3.926666,3.653333
1.114460,3.940000,3.673333
1.114861,4.000000,3.720000
1.115262,3.993333,3.746666
1.115663,4.000000,3.726667
1.116065,4.006667,3.833333
1.116466,4.040000,3.846667
1.116867,4.060000,3.860000
1.117269,4.053333,3.820000
1.117672,4.106667,3.826667
1.118073,4.086667,3.833333
1.118476,4.126667,3.866667
1.118877,4.213334,3.953333
1.119279,4.166667,3.913333
1.119682,4.226666,4.013333
1.120083,4.200000,3.980000
1.120484,4.206666,3.953333
1.120885,4.233333,4.020000
1.121287,4.253333,3.986666
1.121688,4.293333,4.020000
1.122090,4.300000,4.046667
1.122492,4.353333,4.173333
1.122895,4.353333,4.066667
1.123297,4.046667,4.066667
1.123699,4.386666,4.113333
1.124100,4.393333,4.066667
1.124503,4.386666,4.080000
1.124905,4.400000,4.193333
1.125307,4.486666,4.186666
1.125709,4.473333,4.240000
1.126111,4.533333,4.226666
1.126512,4.540000,4.200000
1.126913,4.540000,4.293333
1.127314,4.506667,4.286666
1.127715,4.600000,4.313334
1.128117,4.613333,4.300000
1.128518,4.673333,4.360000
1.128919,4.646667,4.380000
1.129321,4.666667,4.386666
1.129722,4.740000,4.400000
1.130124,4.680000,4.413333
1.130526,4.726666,4.453333
1.130928,4.773334,4.446667
1.131329,4.766666,4.540000
1.131730,4.766666,4.486666
1.132131,4.820000,4.540000
1.132532,4.886666,4.506667
1.132934,4.813333,4.660000
1.133337,4.893333,4.553333
1.133738,4.946666,4.686666
1.134139,4.940000,4.673333
1.134540,4.900000,4.660000
1.134941,4.973333,4.626667
1.135342,4.980000,4.626667
1.135743,5.060000,4.860000
1.136145,5.000000,4.720000
1.136546,5.153333,4.766666
1.136948,5.066667,4.753333
1.137349,5.106667,4.766666
1.137750,5.106667,4.800000
1.138152,5.140000,4.813333
1.138553,5.160000,4.833333
1.138955,5.180000,4.873333
1.139356,5.213333,4.873333
1.139759,5.213333,4.880000
1.140160,5.240000,4.926667
1.140561,5.246666,4.913333
1.140963,5.306666,4.940000
1.141365,5.333333,4.993333
1.141767,5.340000,5.013333
1.142168,5.380000,5.066667
1.142571,5.386667,5.120000
1.142972,5.393333,5.046667
1.143374,5.426667,5.080000
1.143776,5.313333,5.100000
1.144178,5.453333,5.146667
1.144580,5.513333,5.120000
1.144982,5.573333,5.140000
1.145383,5.506666,5.226666
1.145785,5.493333,5.213333
1.146186,5.580000,5.233334
1.146587,5.606667,5.240000
1.146989,5.600000,5.273333
1.147390,5.646667,5.293334
1.147792,5.673333,5.180000
1.148193,5.700000,5.326667
1.148594,5.686666,5.333333
1.148996,5.733333,5.400000
1.149397,5.746666,5.533333
1.149798,5.793334,5.420000
1.150200,5.760000,5.466667
1.150601,5.833333,5.413333
1.151003,5.880000,5.520000
1.151404,5.866666,5.506666
1.151805,5.920000,5.506666
1.152206,5.986667,5.586667
1.152607,5.953333,5.586667
1.153008,5.980000,5.580000
1.153409,5.960000,5.640000
1.153810,6.000000,5.613333
1.154211,6.040000,5.646667
1.154612,6.053333,5.666667
1.155013,6.093333,5.526667
1.155415,6.100000,5.700000
1.155816,6.133333,5.726667
1.156218,6.126667,5.580000
1.156619,6.186666,5.766666
1.157020,6.186666,5.760000
1.157421,6.200000,5.800000
1.157823,6.193333,5.840000
1.158225,6.246666,5.886667
1.158627,6.286667,5.880000
1.159028,6.313334,5.920000
1.159429,6.326666,5.946667
1.159830,6.353333,5.940000
1.160232,6.373333,5.966666
1.160633,6.266666,6.060000
1.161035,6.333333,6.033333
1.161436,6.440000,6.040000
1.161837,6.473333,6.113333
1.162239,6.493333,6.086667
1.162640,6.520000,6.113333
1.163042,6.540000,6.120000
1.163443,6.606667,6.120000
1.163844,6.660000,6.173333
1.164245,6.640000,6.200000
1.164646,6.646667,6.213333
1.165047,6.680000,6.286667
1.165448,6.753333,6.300000
1.165849,6.713333,6.280000
1.166251,6.760000,6.433333
1.166653,6.793334,6.340000
1.167055,6.793334,6.380000
1.167456,6.853333,6.466667
1.167857,6.853333,6.406667
1.168258,6.986666,6.393333
1.168659,6.960000,6.466667
1.169060,6.960000,6.413333
1.169461,6.913333,6.513333
1.169862,6.986666,6.486667
1.170264,6.986666,6.480000
1.170667,7.020000,6.526666
1.171071,7.033333,6.613333
1.171472,7.106667,6.640000
1.171874,7.119999,6.660000
1.172275,7.160000,6.726666
1.172677,7.153333,6.686666
1.173078,7.213333,6.700000
1.173479,7.193333,6.726666
1.173880,7.193333,6.713333
1.174282,7.246666,6.713333
1.174684,7.273333,6.806667
1.175085,7.153333,6.840000
1.175487,7.313333,6.866666
1.175888,7.346666,6.846666
1.176289,7.353333,6.833333
1.176690,7.360000,6.960000
1.177091,7.393333,6.926667
1.177494,7.426666,6.893333
1.177895,7.526666,6.986666
1.178296,7.500000,7.020000
1.178697,7.513333,7.020000
1.179099,7.520000,7.046667
1.179500,7.546666,7.106667
1.179903,7.579999,7.100000
1.180305,7.620000,7.146667
1.180706,7.600000,7.153333
1.181107,7.646666,7.160000
1.181510,7.586667,7.046667
1.181911,7.700000,7.240000
1.182313,7.720000,7.240000
1.182714,7.746666,7.260000
1.183117,7.760000,7.260000
1.183518,7.900000,7.333333
1.183919,7.826667,7.333333
1.184320,7.860000,7.353333
1.184721,7.860000,7.346666
1.185122,7.906666,7.406666
1.185524,8.046666,7.466667
1.185925,7.893333,7.446666
1.186327,8.066667,7.493333
1.186728,7.993333,7.446666
1.187130,8.026667,7.520000
1.187531,8.046666,7.526666
1.187932,8.033334,7.553333
1.188338,8.100000,7.593334
1.188739,8.126666,7.600000
1.189140,8.153334,7.613333
1.189543,8.186666,7.660000
1.189944,8.193333,7.686666
1.190345,8.213333,7.726667
1.190747,8.253333,7.720000
1.191148,8.246666,7.746666
1.191550,8.333333,7.786666
1.191952,8.300000,7.833333
1.192353,8.346666,7.813334
1.192754,8.400000,7.906666
1.193156,8.400000,7.860000
1.193557,8.446666,7.926667
1.193959,8.440000,7.946667
1.194361,8.560000,7.953333
1.194762,8.520000,7.966667
1.195164,8.473333,8.000000
1.195565,8.546666,7.980000
1.195966,8.566667,8.040000
1.196367,8.593333,7.813334
1.196768,8.613334,8.086667
1.197170,8.633333,8.120000
1.197572,8.693334,8.179999
1.197974,8.733333,8.146667
1.198375,8.719999,8.179999
1.198776,8.726666,8.206666
1.199179,8.766666,8.173333
1.199580,8.800000,8.226666
1.199982,8.806666,8.360000
1.200383,8.873333,8.300000
1.200786,8.820000,8.320000
1.201187,8.900000,8.333333
1.201590,8.913333,8.393332
1.201991,8.986667,8.420000
1.202393,9.039999,8.426667
1.202794,8.946667,8.446666
1.203195,8.906666,8.486667
1.203597,9.080000,8.540000
1.203998,9.073333,8.486667
1.204400,9.099999,8.546666
1.204801,9.106667,8.553333
1.205202,9.106667,8.566667
1.205604,9.206667,8.566667
1.206005,9.173333,8.646667
1.206406,9.260000,8.613334
1.206809,9.273334,8.706666
1.207211,9.220000,8.686666
1.207612,9.299999,8.733333
1.208013,9.320000,8.740000
1.208414,9.306666,8.760000
1.208815,9.346666,8.826667
1.209217,9.346666,8.760000
1.209618,9.440000,8.766666
1.210019,9.506666,8.839999
1.210421,9.520000,8.913333
1.210822,9.626666,8.846666
1.211223,9.566666,8.866667
1.211624,9.566666,9.033333
1.212025,9.606667,9.006666
1.212426,9.620000,9.020000
1.212827,9.620000,9.000000
1.213228,9.620000,9.039999
1.213631,9.706666,9.073333
1.214034,9.706666,9.099999
1.214435,9.793333,9.126666
1.214838,9.773333,9.146667
1.215240,9.786667,9.140000
1.215641,9.806666,9.220000
1.216042,9.846666,9.226666
1.216444,9.873333,9.253333
1.216845,9.880000,9.246666
1.217246,9.926666,9.253333
1.217647,9.959999,9.299999
1.218048,9.973333,9.346666
1.218449,9.953333,9.340000
1.218852,10.026666,9.340000
1.219254,10.099999,9.540000
1.219655,10.026666,9.493333
1.220057,10.099999,9.499999
1.220458,10.120000,9.473333
1.220859,10.099999,9.499999
1.221261,10.186666,9.559999
1.221664,10.213333,9.566666
1.222065,10.226666,9.606667
1.222466,10.266666,9.653333
1.222869,10.280000,9.620000
1.223271,10.306666,9.700000
1.223672,10.333333,9.753333
1.224073,10.353333,9.706666
1.224475,10.253333,9.773333
1.224876,10.406667,9.740000
1.225278,10.413333,9.793333
1.225679,10.440000,9.806666
1.226080,10.486666,9.833333
1.226481,10.486666,9.826666
1.226883,10.506666,9.913333
1.227285,10.626666,9.920000
1.227686,10.586667,9.953333
1.228088,10.513333,9.966666
1.228489,10.593333,10.080000
1.228891,10.653334,9.986667
1.229293,10.666667,10.046666
1.229694,10.686666,10.020000
1.230096,10.700000,10.026666
1.230497,10.879999,10.093333
1.230898,10.746666,10.113333
1.231299,10.706666,10.093333
1.231700,10.826666,10.186666
1.232102,10.846666,10.166666
1.232503,10.953333,10.366666
1.232904,10.940000,10.233333
1.233307,10.900000,10.313334
1.233708,10.946666,10.266666
1.234109,10.920000,10.320000
1.234510,10.966666,10.386666
1.234911,11.026667,10.346666
1.235313,11.026667,10.320000
1.235714,11.133333,10.400000
1.236115,11.079999,10.413333
1.236516,11.213333,10.453333
1.236917,11.153333,10.440000
1.237319,11.173333,10.440000
1.237721,11.153333,10.480000
1.238123,11.226666,10.533334
1.238524,11.306666,10.566667
1.238925,11.246667,10.793333
1.239327,11.326667,10.620000
1.239728,11.280000,10.613333
1.240130,11.339999,10.666667
1.240532,11.366667,10.666667
1.240933,11.400000,10.679999
1.241335,11.413333,10.706666
1.241736,11.420000,10.773334
1.242138,11.466666,10.746666
1.242539,11.513333,10.826666
1.242941,11.493333,10.766666
1.243343,11.539999,10.786667
1.243744,11.526667,11.020000
1.244145,11.606667,10.879999
1.244546,11.646667,10.933333
1.244949,11.633333,10.946666
1.245351,11.660000,10.986667
1.245752,11.700000,11.013332
1.246153,11.720000,11.020000
1.246554,11.746666,11.046666
1.246956,11.766666,11.066667
1.247357,11.780000,11.106667
1.247758,11.833333,11.106667
1.248159,11.860000,11.106667
1.248560,11.846666,11.166666
1.248961,11.833333,11.193334
1.249362,11.926666,11.193334
1.249765,11.926666,11.046666
1.250166,11.986667,11.246667
1.250569,11.986667,11.613333
1.250971,12.013333,11.293333
1.251372,12.053333,11.320000
1.251774,12.066666,11.339999
1.252175,12.213333,11.353333
1.252576,12.073333,11.406666
1.252977,12.106667,11.406666
1.253378,12.339999,11.440000
1.253781,12.180000,11.453334
1.254183,12.226666,11.466666
1.254585,12.246667,11.539999
1.254986,12.266666,11.513333
1.255387,12.313334,11.573333
1.255789,12.333333,11.539999
1.256191,12.373333,11.539999
1.256592,12.400000,11.606667
1.256994,12.453333,11.633333
1.257396,12.420000,11.706667
1.257797,12.473333,11.666666
1.258199,12.486667,11.700000
1.258600,12.520000,11.726666
1.259001,12.493333,11.720000
1.259403,12.553333,11.766666
1.259804,12.540000,11.799999
1.260206,12.646667,11.793333
1.260607,12.613333,11.926666
1.261009,12.640000,11.999999
1.261411,12.666666,11.913333
1.261812,12.593333,11.920000
1.262213,12.700000,11.900000
1.262614,12.746666,11.920000
1.263015,12.746666,11.966666
1.263416,12.786666,11.993333
1.263818,12.780000,12.033333
1.264219,12.826667,11.973333
1.264620,12.880000,12.059999
1.265022,12.880000,12.073333
1.265423,12.919999,12.133333
1.265824,12.953333,12.153333
1.266226,12.960000,12.153333
1.266627,12.986666,12.219999
1.267028,12.986666,12.233334
1.267430,13.033334,12.240000
1.267832,13.046666,12.259999
1.268235,13.046666,12.306666
1.268637,13.086667,12.326666
1.269038,13.220000,12.326666
1.269439,13.166667,12.293333
1.269840,13.240000,12.313334
1.270242,13.193333,12.466666
1.270644,13.160000,12.840000
1.271046,13.213333,12.486667
1.271448,13.280000,12.493333
1.271849,13.286667,12.333333
1.272251,13.306666,12.533333
1.272652,13.366667,12.559999
1.273053,13.366667,12.553333
1.273455,13.413334,12.593333
1.273857,13.406666,12.593333
1.274258,13.426666,12.646667
1.274661,13.453332,12.646667
1.275062,13.500000,12.673333
1.275463,13.546667,12.740000
1.275866,13.539999,12.719999
1.276267,13.573333,12.766666
1.276670,13.566667,12.766666
1.277071,13.620000,12.766666
1.277473,13.733333,12.833333
1.277875,13.646666,12.840000
1.278276,13.693333,12.860000
1.278677,13.653334,12.886666
1.279078,13.680000,12.886666
1.279479,13.733333,12.926666
1.279880,13.740001,12.946667
1.280282,13.799999,12.953333
1.280684,13.806667,13.000000
1.281085,13.833333,13.026667
1.281487,13.853333,13.013333
1.281888,13.880000,13.046666
1.282289,13.906666,13.226666
1.282691,13.920000,13.133333
1.283092,13.906666,13.120000
1.283493,13.946667,13.386665
1.283894,13.986667,13.233334
1.284296,14.020000,13.166667
1.284697,14.013333,13.200000
1.285098,13.993333,13.220000
1.285499,14.106666,13.246666
1.285900,14.186666,13.246666
1.286301,14.039999,13.246666
1.286702,14.166666,13.293333
1.287104,14.173332,13.373333
1.287505,14.186666,13.346667
1.287906,14.219999,13.393333
1.288308,14.226666,13.366667
1.288709,14.266667,13.406666
1.289111,14.266667,13.406666
1.289512,14.273334,13.460000
1.289914,14.333334,13.473332
1.290316,14.340000,13.533333
1.290717,14.346666,13.553333
1.291118,14.400001,13.646666
1.291519,14.413333,13.553333
1.291920,14.433332,13.533333
1.292323,14.453333,13.620000
1.292724,14.513333,13.613334
1.293125,14.520000,13.573333
1.293526,14.553333,13.653334
1.293928,14.606667,13.686666
1.294330,14.546666,13.693333
1.294731,14.633332,13.753333
1.295132,14.633332,13.759999
1.295533,14.679999,13.779999
1.295934,14.679999,13.806667
1.296335,14.706667,13.820000
1.296737,14.719999,13.826666
1.297138,14.780000,13.860000
1.297539,14.699999,13.846665
1.297941,14.773334,13.873334
1.298342,14.786666,13.873334
1.298744,14.833332,13.806667
1.299145,14.853333,13.926666
1.299546,14.873333,14.026667
1.299948,14.899999,13.966666
1.300350,15.080000,14.053333
1.300751,14.940000,14.006667
1.301152,14.953333,14.046667
1.301553,15.033334,14.080000
1.301955,14.953333,14.093333
1.302356,14.913333,14.113334
1.302757,14.953333,14.173332
1.303158,15.093332,14.266667
1.303559,15.113333,14.200001
1.303961,15.133333,14.173332
1.304363,15.179999,14.186666
1.304764,15.206666,14.233333
1.305165,15.186667,14.259999
1.305567,15.213333,14.293333
1.305968,15.226665,14.306665
1.306369,15.253334,14.340000
1.306770,15.266666,14.266667
1.307171,15.333333,14.346666
1.307572,15.306666,14.393332
1.307973,15.346666,14.366666
1.308375,15.359999,14.420000
1.308776,15.386667,14.433332
1.309178,15.419999,14.353333
1.309579,15.486666,14.493333
1.309981,15.440000,14.520000
1.310382,15.473333,14.466667
1.310783,15.526667,14.513333
1.311185,15.500000,14.553333
1.311586,15.633333,14.606667
1.311988,15.566667,14.573334
1.312389,15.599999,14.606667
1.312792,15.599999,14.633332
1.313193,15.626667,14.666667
1.313596,15.653334,14.693333
1.313997,15.686666,14.693333
1.314399,15.753332,14.693333
1.314800,15.713334,14.733334
1.315201,15.740000,14.800000
1.315602,15.753332,14.773334
1.316004,15.799999,14.860001
1.316405,15.780001,14.786666
1.316806,15.839999,14.786666
1.317208,15.780001,14.866667
1.317611,15.860000,14.933333
1.318012,15.913334,14.946667
1.318413,15.913334,14.953333
1.318815,15.940000,14.873333
1.319217,15.933333,14.953333
1.319619,15.986667,14.953333
1.320020,16.006666,14.953333
1.320421,16.006666,14.953333
1.320824,16.039999,15.080000
1.321226,16.053333,15.073333
1.321628,16.066668,15.113333
1.322029,16.106665,15.106667
1.322430,16.099998,14.953333
1.322833,16.173334,15.133333
1.323235,16.139999,15.159999
1.323636,16.266666,15.179999
1.324038,16.200001,15.213333
1.324439,16.240000,15.213333
1.324840,16.219999,15.333333
1.325241,16.273333,15.106667
1.325642,16.286667,15.253334
1.326044,16.279999,15.379999
1.326446,16.359999,15.313333
1.326847,16.340000,15.366667
1.327248,16.273333,15.366667
1.327649,16.326666,15.393333
1.328051,16.413332,15.393333
1.328453,16.386665,15.426665
1.328855,16.440001,15.393333
1.329257,16.440001,15.446666
1.329658,16.486666,15.446666
1.330059,16.513332,15.520000
1.330460,16.506666,15.513332
1.330862,16.546667,15.520000
1.331263,16.593334,15.500000
1.331664,16.613333,15.579999
1.332065,16.600000,15.619999
1.332466,16.593334,15.553332
1.332868,16.653332,15.579999
1.333269,16.633331,15.673333
1.333671,16.706667,15.606667
1.334072,16.706667,15.673333
1.334474,16.713333,15.673333
1.334876,16.779999,15.733333
1.335277,16.799999,15.740000
1.335678,16.786665,15.780001
1.336079,16.833334,15.760000
1.336481,16.820000,15.806666
1.336882,16.826666,15.806666
1.337285,16.833334,15.826667
1.337687,16.853334,15.833333
1.338089,16.846666,15.819999
1.338490,16.886665,15.886665
1.338892,16.893332,15.913334
1.339294,16.900000,15.913334
1.339695,16.906666,15.920000
1.340097,16.926666,15.920000
1.340498,16.926666,15.960000
1.340899,17.026665,16.006666
1.341300,16.959999,15.920000
1.341702,16.959999,16.026667
1.342104,17.026665,16.020000
1.342505,17.026665,16.046667
1.342908,17.066666,16.066668
1.343309,16.966667,16.080000
1.343710,17.059999,16.113333
1.344111,17.026665,16.093332
1.344512,17.173332,16.126665
1.344914,17.113333,16.173334
1.345315,17.126667,16.186666
1.345716,17.139999,16.166666
1.346118,17.173332,16.240000
1.346519,17.179998,16.213333
1.346920,17.186666,16.240000
1.347321,17.226667,16.286667
1.347723,17.246666,16.266666
1.348124,17.219999,16.453333
1.348525,17.266666,16.306667
1.348926,17.299999,16.273333
1.349327,17.293333,16.359999
1.349728,17.360001,16.346666
1.350130,17.353333,16.359999
1.350532,17.333332,16.233332
1.350933,17.313332,16.359999
1.351335,17.366667,16.433332
1.351737,17.386667,16.446667
1.352138,17.459999,16.466667
1.352539,17.413332,16.453333
1.352940,17.433332,16.466667
1.353342,17.466665,16.506666
1.353743,17.453333,16.539999
1.354145,17.493334,16.559999
1.354547,17.493334,16.546667
1.354949,17.513334,16.586666
1.355350,17.539999,16.619999
1.355752,17.559999,16.619999
1.356153,17.533333,16.619999
1.356554,17.559999,16.626665
1.356955,17.613333,16.680000
1.357356,17.626667,16.680000
1.357757,17.639999,16.700001
1.358159,17.699999,16.700001
1.358560,17.639999,16.700001
1.358961,17.679998,16.713333
1.359362,17.679998,16.753332
1.359763,17.699999,16.759998
1.360165,17.699999,16.786665
1.360566,17.733334,16.779999
1.360967,17.780001,16.740000
1.361369,17.766666,16.673332
1.361770,17.806665,16.779999
1.362171,17.799999,16.853334
1.362573,17.806665,16.826666
1.362975,17.813332,16.853334
1.363376,17.826666,16.860001
1.363777,17.846666,16.873333
1.364178,17.873333,16.900000
1.364580,17.920000,16.906666
1.364982,17.866667,16.906666
1.365384,17.886667,16.906666
1.365786,17.866667,16.973333
1.366187,17.959999,16.953333
1.366588,17.946665,16.953333
1.366990,17.966665,16.953333
1.367392,17.946665,16.959999
1.367793,18.000000,17.006666
1.368195,17.980000,16.993334
1.368597,17.913334,16.986668
1.368998,18.020000,17.026665
1.369400,18.059999,17.039999
1.369802,18.046667,17.026665
1.370204,18.053333,17.053333
1.370605,18.073332,17.046665
1.371006,18.073332,17.093332
1.371408,18.093332,17.113333
1.371810,18.119999,17.126667
1.372212,18.133333,17.139999
1.372614,18.133333,17.159998
1.373015,18.146666,17.186666
1.373417,18.166666,17.153332
1.373818,18.180000,17.400000
1.374219,18.193333,17.173332
1.374620,18.186666,17.159998
1.375022,18.233332,17.193333
1.375423,18.146666,17.240000
1.375824,18.219999,17.240000
1.376225,18.253332,17.253334
1.376626,18.233332,17.260000
1.377028,18.273333,17.293333
1.377429,18.320000,17.293333
1.377831,18.306667,17.306665
1.378233,18.413334,17.333332
1.378635,18.359999,17.313332
1.379036,18.353333,17.333332
1.379437,18.339998,17.340000
1.379838,18.333332,17.340000
1.380240,18.366667,17.380001
1.380641,18.359999,17.286665
1.381042,18.386665,17.346666
1.381444,18.413334,17.406666
1.381846,18.413334,17.453333
1.382248,18.353333,17.413332
1.382649,18.446667,17.433332
1.383050,18.473331,17.446667
1.383452,18.486666,17.446667
1.383853,18.473331,17.433332
1.384254,18.480000,17.473333
1.384656,18.520000,17.480000
1.385057,18.546667,17.526667
1.385458,18.553333,17.539999
1.385859,18.453333,17.506666
1.386260,18.420000,17.500000
1.386661,18.546667,17.486666
1.387062,18.606665,17.600000
1.387463,18.573334,17.573332
1.387865,18.606665,17.586666
1.388267,18.626665,17.526667
1.388668,18.626665,17.473333
1.389070,18.639999,17.619999
1.389471,18.633333,17.639999
1.389872,18.680000,17.633333
1.390273,18.686666,17.660000
1.390674,18.680000,17.619999
1.391076,18.693333,17.679998
1.391477,18.773333,17.746666
1.391878,18.733332,17.719999
1.392279,18.740000,17.726665
1.392680,18.773333,17.686666
1.393082,18.846666,17.740000
1.393483,18.773333,17.746666
1.393884,18.753332,17.733334
1.394286,18.766666,17.733334
1.394687,18.759998,17.760000
1.395089,18.799999,17.746666
1.395491,18.793333,17.753334
1.395892,18.813334,17.793333
1.396293,18.846666,17.760000
1.396694,18.813334,17.793333
1.397096,18.840000,17.806665
1.397497,18.873333,17.879999
1.397898,18.866665,17.820000
1.398300,18.953333,17.840000
1.398701,18.879999,17.846666
1.399103,18.913332,17.879999
1.399505,18.893333,17.886667
1.399906,18.926666,17.906668
1.400308,18.920000,18.166666
1.400709,18.940001,17.886667
1.401111,18.946667,17.906668
1.401512,18.920000,17.913334
1.401914,18.986666,17.946665
1.402315,18.993332,17.859999
1.402717,18.999998,17.973333
1.403118,18.933332,17.946665
1.403519,18.999998,17.973333
1.403921,18.973333,17.959999
1.404323,19.026667,18.000000
1.404724,19.033333,17.953333
1.405125,19.046667,18.000000
1.405526,19.059999,18.013332
1.405927,19.066666,18.006666
1.406329,19.053333,18.033333
1.406730,19.100000,18.040001
1.407132,19.073334,18.059999
1.407533,19.080000,18.033333
1.407935,19.166666,18.033333
1.408336,19.093334,18.040001
1.408737,19.119999,18.079998
1.409138,19.180000,18.066666
1.409539,19.160000,18.113333
1.409940,19.246666,18.086666
1.410342,19.160000,18.160000
1.410744,19.100000,18.093332
1.411145,19.213333,18.126667
1.411547,19.253332,18.160000
1.411948,19.253332,18.139999
1.412349,19.193333,18.146666
1.412750,19.213333,18.139999
1.413151,19.219999,18.160000
1.413552,19.259998,18.146666
1.413953,19.246666,18.166666
1.414354,19.240000,18.146666
1.414755,19.286665,18.173334
1.415157,19.266666,18.180000
1.415559,19.266666,18.213333
1.415960,19.346666,18.226665
1.416362,19.299999,18.233332
1.416763,19.253332,18.199999
1.417165,19.313334,18.226665
1.417566,19.293333,18.219999
1.417967,19.313334,18.219999
1.418369,19.360001,18.346666
1.418770,19.266666,18.253332
1.419172,19.333334,18.326666
1.419573,19.353334,18.246666
1.419975,19.346666,18.286667
1.420377,19.346666,18.273333
1.420778,19.366667,18.266666
1.421179,19.386665,18.299999
1.421580,19.373333,18.326666
1.421983,19.379999,18.293333
1.422384,19.406666,18.293333
1.422785,19.446667,18.326666
1.423186,19.426666,18.339998
1.423587,19.426666,18.273333
1.423988,19.426666,18.320000
1.424389,19.446667,18.353333
1.424790,19.433332,18.346666
1.425191,19.413332,18.359999
1.425592,19.439999,18.373333
1.425994,19.453333,18.400000
1.426395,19.459999,18.393333
1.426796,19.533333,18.346666
1.427197,19.459999,18.473331
1.427598,19.606667,18.393333
1.428000,19.566666,18.426666
1.428401,19.500000,18.379999
1.428802,19.506666,18.413334
1.429203,19.500000,18.400000
1.429605,19.500000,18.406666
1.430006,19.539999,18.446667
1.430408,19.533333,18.400000
1.430810,19.546665,18.413334
1.431212,19.393332,18.426666
1.431613,19.546665,18.440001
1.432015,19.546665,18.459999
1.432416,19.553333,18.459999
1.432818,19.559999,18.513332
1.433220,19.559999,18.520000
1.433621,19.573334,18.506666
1.434022,19.633333,18.466665
1.434423,19.580000,18.486666
1.434824,19.633333,18.359999
1.435226,19.580000,18.513332
1.435627,19.633333,18.526667
1.436028,19.586666,18.486666
1.436430,19.626667,18.520000
1.436831,19.626667,18.459999
1.437233,19.620001,18.520000
1.437634,19.626667,18.520000
1.438036,19.633333,18.533333
1.438437,19.659998,18.553333
1.438838,19.659998,18.533333
1.439239,19.646666,18.559999
1.439640,19.686666,18.639999
1.440042,19.713333,18.566668
1.440444,19.679998,18.553333
1.440846,19.673332,18.539999
1.441248,19.679998,18.606665
1.441650,19.740000,18.526667
1.442051,19.693333,18.599998
1.442452,19.693333,18.566668
1.442853,19.679998,18.646666
1.443254,19.706667,18.426666
1.443655,19.693333,18.639999
1.444056,19.686666,18.599998
1.444458,19.773333,18.599998
1.444860,19.566666,18.586666
1.445261,19.840000,18.606665
1.445662,19.706667,18.613333
1.446063,19.719999,18.613333
1.446464,19.733334,18.606665
1.446866,19.719999,18.613333
1.447267,19.733334,18.566668
1.447668,19.760000,18.993332
1.448070,19.733334,18.793333
1.448472,19.753334,18.646666
1.448874,19.740000,18.633333
1.449275,19.773333,18.613333
1.449676,19.740000,18.646666
1.450078,19.766666,18.653334
1.450479,19.779999,18.639999
1.450880,19.766666,18.639999
1.451281,19.793333,18.660000
1.451682,19.766666,18.646666
1.452084,19.833332,18.646666
1.452485,19.773333,18.599998
1.452887,19.779999,18.833334
1.453289,19.799999,18.666666
1.453690,19.779999,18.626665
1.454091,19.779999,18.653334
1.454492,19.779999,18.686666
1.454893,19.793333,18.653334
1.455294,19.786665,18.626665
1.455695,19.793333,18.673334
1.456096,19.793333,18.660000
1.456497,19.753334,18.680000
1.456898,19.793333,18.660000
1.457300,19.806665,18.680000
1.457701,19.793333,18.593332
1.458103,19.793333,18.660000
1.458504,19.799999,18.653334
1.458905,19.799999,18.673334
1.459306,19.806665,18.660000
1.459707,19.779999,18.706667
1.460108,19.860001,18.706667
1.460509,19.866667,18.686666
1.460911,19.860001,18.706667
1.461313,19.846666,18.693333
1.461715,19.860001,18.686666
1.462117,19.826666,18.740000
1.462519,19.840000,18.673334
1.462920,19.826666,18.686666
1.463321,19.840000,18.686666
1.463723,19.820000,18.726665
1.464125,19.833332,18.693333
1.464526,19.813332,18.673334
1.464928,19.806665,18.646666
1.465329,19.793333,18.733332
1.465730,19.840000,18.746666
1.466132,19.860001,18.746666
1.466533,19.853333,18.693333
1.466935,19.840000,18.733332
1.467337,19.826666,18.719999
1.467739,19.846666,18.693333
1.468140,19.826666,18.719999
1.468541,19.826666,18.746666
1.468943,19.906666,18.726665
1.469345,19.813332,18.713333
1.469746,19.840000,18.686666
1.470147,19.860001,18.706667
1.470549,19.860001,18.713333
1.470951,19.820000,18.686666
1.471352,19.840000,18.700001
1.471753,19.840000,18.719999
1.472154,19.840000,18.693333
1.472556,19.853333,18.726665
1.472957,19.826666,18.706667
1.473358,19.840000,18.706667
1.473759,19.840000,18.726665
1.474160,19.860001,18.706667
1.474562,19.813332,18.719999
1.474963,19.840000,18.713333
1.475365,19.760000,18.746666
1.475766,19.840000,18.626665
1.476167,19.840000,18.626665
1.476568,19.833332,18.706667
1.476969,19.866667,18.713333
1.477370,19.846666,18.826666
1.477771,19.840000,18.833334
1.478172,19.993334,18.733332
1.478573,19.760000,18.686666
1.478974,19.813332,18.693333
1.479375,19.833332,18.686666
1.479777,19.826666,18.719999
1.480178,19.820000,18.700001
1.480579,19.813332,18.673334
1.480981,19.846666,18.693333
1.481382,19.826666,18.706667
1.481784,19.813332,18.759998
1.482185,19.840000,18.713333
1.482586,19.866667,18.686666
1.482988,19.826666,18.713333
1.483389,19.873333,18.713333
1.483790,19.860001,18.553333
1.484192,19.799999,18.673334
1.484593,19.820000,18.646666
1.484995,19.820000,18.660000
1.485397,19.860001,18.653334
1.485799,19.740000,18.586666
1.486200,19.813332,18.879999
1.486602,19.820000,18.653334
1.487004,19.686666,18.686666
1.487405,19.799999,18.673334
1.487807,19.786665,18.653334
1.488208,19.793333,18.680000
1.488609,19.793333,18.646666
1.489010,19.779999,18.646666
1.489412,19.806665,18.673334
1.489813,19.766666,18.673334
1.490214,19.793333,18.673334
1.490615,19.820000,18.639999
1.491017,19.740000,18.646666
1.491418,19.773333,18.626665
1.491819,19.766666,18.666666
1.492220,19.753334,18.513332
1.492621,19.760000,18.613333
1.493023,19.686666,18.646666
1.493424,19.719999,18.646666
1.493825,19.719999,18.746666
1.494227,19.773333,18.613333
1.494628,19.740000,18.646666
1.495030,19.653332,18.599998
1.495431,19.726667,18.626665
1.495832,19.733334,18.613333
1.496233,19.740000,18.613333
1.496634,19.726667,18.626665
1.497035,19.740000,18.593332
1.497437,19.799999,18.593332
1.497839,19.733334,18.593332
1.498240,19.726667,18.586666
1.498642,19.686666,18.599998
1.499043,19.693333,18.573334
1.499444,19.679998,18.746666
1.499846,19.693333,18.566668
1.500247,19.719999,18.593332
1.500648,19.693333,18.566668
1.501049,19.693333,18.580000
1.501450,19.666666,18.573334
1.501852,19.673332,18.546667
1.502253,19.693333,18.566668
1.502654,19.673332,18.613333
1.503056,19.753334,18.533333
1.503457,19.626667,18.559999
1.503858,19.666666,18.559999
1.504260,19.646666,18.533333
1.504661,19.626667,18.533333
1.505063,19.659998,18.520000
1.505465,19.626667,18.526667
1.505867,19.633333,18.459999
1.506268,19.633333,18.486666
1.506669,19.633333,18.473331
1.507071,19.633333,18.493332
1.507472,19.620001,18.486666
1.507874,19.606667,18.453333
1.508275,19.613333,18.459999
1.508676,19.526665,18.353333
1.509077,19.586666,18.480000
1.509478,19.573334,18.500000
1.509879,19.573334,18.459999
1.510280,19.593332,18.533333
1.510682,19.586666,18.533333
1.511084,19.566666,18.453333
1.511486,19.613333,18.446667
1.511887,19.446667,18.506666
1.512288,19.539999,18.440001
1.512689,19.553333,18.413334
1.513091,19.506666,18.420000
1.513494,19.473333,18.400000
1.513896,19.513332,18.400000
1.514297,19.480000,18.426666
1.514698,19.500000,18.379999
1.515100,19.586666,18.393333
1.515502,19.519999,18.459999
1.515903,19.466667,18.379999
1.516304,19.453333,18.379999
1.516705,19.466667,18.406666
1.517106,19.439999,18.366667
1.517507,19.446667,18.346666
1.517908,19.426666,18.373333
1.518310,19.426666,18.233332
1.518711,19.493334,18.359999
1.519112,19.466667,18.333332
1.519513,19.420000,18.393333
1.519914,19.453333,18.320000
1.520316,19.426666,18.393333
1.520717,19.400000,18.333332
1.521118,19.386665,18.273333
1.521519,19.373333,18.393333
1.521921,19.366667,18.266666
1.522323,19.393332,18.286667
1.522725,19.393332,18.299999
1.523126,19.366667,18.273333
1.523527,19.340000,18.273333
1.523928,19.333334,18.280001
1.524329,19.333334,18.253332
1.524730,19.333334,18.266666
1.525132,19.279999,18.199999
1.525533,19.320000,18.240000
1.525935,19.286665,18.180000
1.526337,19.299999,18.213333
1.526739,19.333334,18.206665
1.527140,19.279999,18.193333
1.527542,19.386665,18.240000
1.527943,19.259998,18.079998
1.528344,19.273333,18.226665
1.528746,19.240000,18.180000
1.529147,19.240000,18.166666
1.529548,19.233334,18.166666
1.529949,19.253332,18.146666
1.530351,19.246666,18.139999
1.530753,19.206667,18.146666
1.531154,19.213333,18.146666
1.531556,19.186666,18.139999
1.531958,19.186666,18.126667
1.532359,19.139999,18.106667
1.532760,19.133331,18.113333
1.533162,19.133331,18.099998
1.533564,19.146666,18.099998
1.533965,19.126665,18.079998
1.534367,19.113333,18.086666
1.534769,19.113333,17.980000
1.535171,19.126665,18.026667
1.535572,19.080000,18.059999
1.535973,19.119999,18.013332
1.536374,19.046667,18.046667
1.536775,19.046667,18.040001
1.537177,19.059999,18.020000
1.537578,19.066666,18.020000
1.537979,19.039999,18.000000
1.538381,19.059999,18.006666
1.538782,19.026667,17.973333
1.539183,19.033333,17.973333
1.539584,18.940001,17.973333
1.539985,19.006666,17.993332
1.540386,18.960001,17.973333
1.540787,18.953333,17.939999
1.541188,18.980000,17.900000
1.541589,18.973333,17.906668
1.541991,18.893333,17.906668
1.542393,18.926666,17.859999
1.542794,18.879999,17.806665
1.543195,18.926666,17.846666
1.543596,18.893333,17.799999
1.543998,18.900000,17.793333
1.544400,18.893333,17.879999
1.544801,18.926666,17.873333
1.545203,18.866665,17.893333
1.545604,18.853333,17.840000
1.546005,18.853333,17.813332
1.546406,18.806667,17.799999
1.546807,18.833334,17.766666
1.547208,18.820000,17.786667
1.547609,18.826666,17.793333
1.548011,18.793333,17.753334
1.548413,18.779999,17.793333
1.548814,18.793333,17.746666
1.549216,18.733332,17.746666
1.549618,18.719999,17.719999
1.550019,18.759998,17.706665
1.550421,18.733332,17.699999
1.550822,18.713333,17.713333
1.551223,18.733332,17.660000
1.551624,18.680000,17.726665
1.552025,18.726665,17.753334
1.552426,18.706667,17.613333
1.552827,18.660000,17.639999
1.553229,18.653334,17.706665
1.553631,18.646666,17.613333
1.554032,18.646666,17.626667
1.554433,18.626665,17.613333
1.554835,18.633333,17.613333
1.555236,18.566668,17.586666
1.555638,18.673334,17.539999
1.556039,18.580000,17.586666
1.556440,18.573334,17.539999
1.556841,18.586666,17.533333
1.557242,18.526667,17.453333
1.557643,18.520000,17.539999
1.558044,18.513332,17.506666
1.558446,18.513332,17.500000
1.558847,18.520000,17.493334
1.559249,18.486666,17.473333
1.559650,18.500000,17.459999
1.560052,18.453333,17.473333
1.560453,18.400000,17.413332
1.560854,18.433334,17.426666
1.561255,18.379999,17.426666
1.561656,18.393333,17.400000
1.562058,18.426666,17.386667
1.562459,18.386665,17.393333
1.562860,18.379999,17.346666
1.563261,18.326666,17.333332
1.563663,18.326666,17.346666
1.564064,18.339998,17.340000
1.564465,18.326666,17.326666
1.564867,18.333332,17.306665
1.565269,18.326666,17.333332
1.565671,18.326666,17.266666
1.566072,18.280001,17.273333
1.566473,18.280001,17.279999
1.566874,18.260000,17.260000
1.567275,18.233332,17.219999
1.567677,18.226665,17.186666
1.568078,18.246666,17.206667
1.568479,18.199999,17.193333
1.568880,18.173334,17.126667
1.569281,18.160000,17.186666
1.569682,18.160000,17.139999
1.570084,18.146666,17.153332
1.570485,18.139999,17.153332
1.570886,18.133333,17.126667
1.571287,18.133333,17.120001
1.571688,18.086666,17.093332
1.572090,18.059999,17.100000
1.572491,18.026667,17.086666
1.572893,18.079998,17.026665
1.573294,18.073332,17.106667
1.573695,18.040001,17.039999
1.574097,18.026667,17.039999
1.574498,18.006666,16.993334
1.574899,18.000000,16.986668
1.575301,18.006666,16.980000
1.575702,17.973333,16.966667
1.576104,17.973333,16.953333
1.576505,17.953333,16.959999
1.576907,17.906668,16.926666
1.577308,17.879999,16.920000
1.577709,17.886667,16.826666
1.578111,17.820000,16.886665
1.578512,17.813332,16.900000
1.578913,17.873333,16.900000
1.579314,17.846666,16.886665
1.579716,17.846666,16.853334
1.580117,17.840000,16.879999
1.580518,17.806665,16.853334
1.580919,17.786667,16.786665
1.581321,17.793333,16.806665
1.581722,17.753334,16.806665
1.582124,17.753334,16.586666
1.582525,17.780001,16.806665
1.582926,17.713333,16.726667
1.583327,17.693333,16.773333
1.583728,17.686666,16.779999
1.584130,17.679998,16.726667
1.584531,17.666666,16.713333
1.584932,17.646667,16.713333
1.585337,17.520000,16.680000
1.585739,17.493334,16.653332
1.586140,17.626667,16.700001
1.586541,17.580000,16.606667
1.586943,17.573332,16.633331
1.587344,17.539999,16.606667
1.587745,17.539999,16.606667
1.588146,17.520000,16.586666
1.588548,17.506666,16.573334
1.588949,17.473333,16.433332
1.589350,17.446667,16.546667
1.589751,17.439999,16.546667
1.590153,17.426666,16.486666
1.590554,17.426666,16.480000
1.590955,17.346666,16.446667
1.591356,17.366667,16.406666
1.591757,17.380001,16.446667
1.592159,17.346666,16.386665
1.592560,17.240000,16.353333
1.592962,17.333332,16.400000
1.593363,17.320000,16.366665
1.593764,17.299999,16.386665
1.594166,17.333332,16.353333
1.594567,17.386667,16.359999
1.594968,17.286665,16.340000
1.595370,17.213333,16.273333
1.595771,17.206667,16.253332
1.596172,17.193333,16.246666
1.596574,17.179998,16.219999
1.596976,17.166666,16.180000
1.597377,17.179998,16.200001
1.597779,17.146666,16.219999
1.598181,17.120001,16.160000
1.598583,17.106667,16.146666
1.598984,17.066666,16.146666
1.599385,17.059999,16.119999
1.599787,17.053333,16.086666
1.600190,17.033333,16.046667
1.600592,17.013332,16.073334
1.600993,16.993334,16.066668
1.601394,17.073334,16.046667
1.601795,16.966667,15.953332
1.602196,16.939999,16.020000
1.602598,16.873333,15.926666
1.603000,16.939999,15.946666
1.603402,16.926666,15.926666
1.603803,16.893332,15.940000
1.604205,16.900000,15.893333
1.604607,16.893332,15.893333
1.605008,16.846666,15.826667
1.605409,16.846666,15.826667
1.605810,16.840000,15.833333
1.606212,16.833334,15.773333
1.606614,16.793333,15.873333
1.607016,16.773333,15.993333
1.607417,16.779999,15.839999
1.607819,16.773333,15.773333
1.608220,16.700001,15.886665
1.608622,16.733334,15.700000
1.609024,16.693333,15.673333
1.609426,16.653332,15.679999
1.609827,16.759998,15.639999
1.610228,16.639999,15.666666
1.610631,16.626665,15.599999
1.611032,16.619999,15.713334
1.611434,16.606667,15.573333
1.611835,16.566666,15.553332
1.612237,16.546667,15.540000
1.612640,16.533333,15.493332
1.613041,16.513332,15.313333
1.613442,16.480000,15.520000
1.613843,16.460001,15.433333
1.614244,16.420000,15.393333
1.614645,16.433332,15.786667
1.615047,16.420000,15.400000
1.615449,16.426666,15.273333
1.615850,16.366665,15.386667
1.616252,16.379999,15.333333
1.616653,16.340000,15.306666
1.617054,16.359999,15.300000
1.617456,16.279999,15.273333
1.617857,16.286667,15.306666
1.618258,16.200001,15.320001
1.618659,16.206667,15.226665
1.619060,16.160000,15.219999
1.619461,16.146666,15.213333
1.619862,16.126665,15.166667
1.620264,16.160000,15.213333
1.620665,16.126665,15.159999
1.621071,16.099998,15.119999
1.621472,16.026667,15.119999
1.621874,16.033333,14.953333
1.622275,16.039999,15.073333
1.622678,16.000000,14.953333
1.623079,15.993333,14.953333
1.623480,15.960000,15.173333
1.623881,15.860000,14.919999
1.624282,15.940000,14.913333
1.624683,15.879999,14.906667
1.625084,15.853333,14.866667
1.625485,15.813333,14.880000
1.625888,15.799999,14.860001
1.626289,15.860000,14.846666
1.626690,15.760000,14.793334
1.627091,15.873333,14.786666
1.627492,15.760000,14.766665
1.627893,15.819999,14.786666
1.628295,15.793333,14.580000
1.628696,15.720000,14.380000
1.629098,15.693334,14.693333
1.629499,15.633333,14.686666
1.629901,15.626667,14.646667
1.630302,15.613333,14.573334
1.630703,15.593333,14.633332
1.631105,15.566667,14.606667
1.631506,15.579999,14.593332
1.631907,15.533333,14.600000
1.632309,15.460000,14.559999
1.632712,15.553332,14.553333
1.633113,15.453334,14.486667
1.633514,15.480000,14.520000
1.633915,15.500000,14.386666
1.634316,15.400000,14.459999
1.634717,15.353333,14.406667
1.635118,15.386667,14.420000
1.635519,15.326667,14.413333
1.635921,15.320001,14.380000
1.636322,15.366667,14.386666
1.636723,15.340000,14.346666
1.637124,15.260000,14.313334
1.637525,15.226665,14.273334
1.637926,15.219999,14.266667
1.638327,15.159999,14.239999
1.638728,15.173333,14.226666
1.639130,15.146667,14.153333
1.639531,15.133333,14.180000
1.639933,15.106667,14.173332
1.640337,15.066667,14.166666
1.640738,15.020000,14.153333
1.641139,14.953333,14.099999
1.641541,14.953333,14.120000
1.641942,14.946667,14.053333
1.642343,14.953333,14.013333
1.642744,14.946667,14.053333
1.643145,14.866667,13.993333
1.643546,14.913333,13.993333
1.643948,14.866667,13.960000
1.644349,14.833332,13.900000
1.644750,14.740000,13.926666
1.645152,14.813333,13.880000
1.645553,14.759999,13.866666
1.645954,14.719999,13.880000
1.646355,14.719999,13.820000
1.646756,14.706667,13.793333
1.647158,14.706667,13.846665
1.647560,14.646667,13.746667
1.647962,14.593332,13.793333
1.648363,14.606667,13.700000
1.648764,14.613333,13.773333
1.649166,14.566666,13.680000
1.649567,14.559999,13.660000
1.649969,14.526666,13.626666
1.650370,14.493333,13.626666
1.650772,14.459999,13.660000
1.651174,14.466667,13.593333
1.651575,14.526666,13.566667
1.651976,14.426666,13.539999
1.652377,14.380000,13.526667
1.652779,14.353333,13.506666
1.653180,14.380000,13.466666
1.653582,14.313334,13.533333
1.653983,14.253333,13.453332
1.654384,14.246667,13.386665
1.654787,14.233333,13.393333
1.655189,14.219999,13.346667
1.655590,14.160000,13.353333
1.655991,14.173332,13.346667
1.656392,14.173332,13.293333
1.656794,14.153333,13.273334
1.657195,14.113334,13.313333
1.657596,14.080000,13.133333
1.657997,14.153333,13.179999
1.658399,14.046667,13.226666
1.658800,14.006667,13.179999
1.659202,14.053333,13.206666
1.659605,13.973332,13.120000
1.660006,13.979999,13.193333
1.660408,13.933332,13.113333
1.660810,13.906666,12.973333
1.661211,13.946667,13.100000
1.661612,13.846665,13.013333
1.662013,13.826666,13.020000
1.662415,13.806667,12.966667
1.662816,13.799999,12.980000
1.663218,13.766666,12.946667
1.663620,13.779999,12.940000
1.664021,13.740001,12.913333
1.664422,13.740001,12.860000
1.664823,13.660000,12.860000
1.665225,13.646666,12.820000
1.665627,13.639999,12.793333
1.666028,13.533333,12.766666
1.666430,13.626666,12.766666
1.666831,13.573333,12.766666
1.667233,13.520000,12.673333
1.667634,13.493333,12.706667
1.668036,13.486667,12.673333
1.668437,13.453332,12.679999
1.668839,13.406666,12.593333
1.669240,13.513332,12.593333
1.669641,13.420000,12.599999
1.670043,13.433333,12.586666
1.670445,13.353333,12.559999
1.670846,13.313333,12.520000
1.671247,13.339999,12.473333
1.671648,13.286667,12.480000
1.672050,13.280000,12.526666
1.672451,13.200000,12.420000
1.672853,13.200000,12.400000
1.673254,13.146667,12.420000
1.673655,13.126666,12.366667
1.674056,13.139999,12.360000
1.674458,13.106667,12.313334
1.674859,13.100000,12.259999
1.675262,13.053332,12.273333
1.675664,13.053332,12.280000
1.676065,13.026667,12.240000
1.676466,12.980000,12.253333
1.676867,12.986666,12.213333
1.677269,12.866666,12.246667
1.677671,12.886666,12.059999
1.678072,12.913333,12.106667
1.678473,12.906667,12.066666
1.678874,12.866666,12.066666
1.679276,12.826667,12.059999
1.679678,12.806666,12.006666
1.680079,12.766666,11.980000
1.680482,12.746666,11.933332
1.680884,12.793333,11.946667
1.681287,12.686666,11.920000
1.681688,12.646667,11.893333
1.682090,12.640000,11.873333
1.682491,12.633333,11.833333
1.682893,12.593333,11.806666
1.683294,12.599999,11.806666
1.683695,12.559999,11.833333
1.684097,12.506667,11.733333
1.684498,12.553333,11.733333
1.684899,12.493333,11.720000
1.685300,12.420000,11.806666
1.685701,12.420000,11.539999
1.686103,12.553333,11.633333
1.686504,12.386666,11.646667
1.686905,12.386666,11.580000
1.687307,12.360000,11.566667
1.687708,12.300000,11.539999
1.688111,12.300000,11.539999
1.688512,12.286667,11.480000
1.688913,12.233334,11.506666
1.689314,12.219999,11.453334
1.689715,12.153333,11.386666
1.690117,12.173333,11.406666
1.690518,12.120000,11.373333
1.690919,12.073333,11.559999
1.691320,12.066666,11.360000
1.691722,12.020000,11.293333
1.692124,11.999999,11.293333
1.692525,11.960000,11.273333
1.692926,11.980000,11.266666
1.693328,11.879999,11.173333
1.693729,11.906667,11.193334
1.694131,11.986667,11.193334
1.694533,11.886666,11.160000
1.694934,11.926666,11.093333
1.695335,11.813333,11.106667
1.695736,11.900000,11.086666
1.696138,11.773334,11.046666
1.696540,11.760000,11.020000
1.696941,11.720000,11.000000
1.697343,11.673333,10.986667
1.697745,11.686666,11.053333
1.698146,11.646667,10.900000
1.698549,11.613333,10.920000
1.698950,11.593333,10.913333
1.699351,11.573333,10.840000
1.699752,11.513333,10.873333
1.700153,11.533333,10.780000
1.700555,11.466666,10.773334
1.700956,11.480000,10.793333
1.701357,11.466666,10.733334
1.701759,11.373333,10.759999
1.702160,11.360000,10.720000
1.702562,11.346666,10.660000
1.702963,11.400000,10.660000
1.703364,11.360000,10.639999
1.703766,11.300000,10.613333
1.704167,11.266666,10.633333
1.704570,11.246667,10.573333
1.704971,11.200000,10.553332
1.705373,11.086666,10.493333
1.705774,11.186666,10.520000
1.706176,11.146667,10.493333
1.706577,11.139999,10.460000
1.706979,11.106667,10.453333
1.707380,11.046666,10.400000
1.707781,11.079999,10.326667
1.708183,11.040000,10.366666
1.708584,11.066667,10.340000
1.708985,10.973333,10.320000
1.709386,10.926667,10.306666
1.709788,10.900000,10.246666
1.710189,10.893332,10.173333
1.710590,10.793333,10.233333
1.710991,10.866667,10.233333
1.711393,10.840000,10.153333
1.711794,10.766666,10.133333
1.712196,10.753333,10.099999
1.712597,10.733334,10.113333
1.712998,10.706666,10.059999
1.713399,10.713333,10.040000
1.713800,10.686666,10.020000
1.714202,10.679999,9.986667
1.714604,10.639999,9.993333
1.715007,10.600000,9.953333
1.715409,10.580000,9.953333
1.715812,10.486666,9.913333
1.716213,10.600000,9.940001
1.716614,10.566667,9.933333
1.717015,10.466667,9.920000
1.717417,10.460000,9.800000
1.717818,10.419999,9.793333
1.718219,10.413333,9.860000
1.718620,10.386666,9.786667
1.719022,10.393333,9.753333
1.719424,10.426666,9.706666
1.719826,10.273334,9.740000
1.720228,10.293333,9.613334
1.720629,10.253333,9.646667
1.721031,10.233333,9.613334
1.721432,10.219999,9.606667
1.721834,10.200000,9.586666
1.722236,10.140000,9.533333
1.722637,10.133333,9.533333
1.723039,9.993333,9.499999
1.723440,10.093333,9.446667
1.723841,10.120000,9.446667
1.724243,10.080000,9.346666
1.724644,10.013333,9.340000
1.725045,9.993333,9.326667
1.725446,9.966666,9.293333
1.725847,9.953333,9.306666
1.726248,9.926666,9.273334
1.726650,9.913333,9.280000
1.727052,9.886666,9.179999
1.727454,9.833333,9.186666
1.727857,9.873333,9.160000
1.728259,9.806666,9.106667
1.728660,9.746667,9.126666
1.729062,9.713333,9.099999
1.729463,9.620000,9.086667
1.729864,9.700000,9.066667
1.730266,9.660000,9.066667
1.730667,9.620000,9.080000
1.731071,9.620000,8.886666
1.731472,9.606667,8.953334
1.731874,9.586666,8.946667
1.732276,9.453333,8.920000
1.732678,9.553333,8.953334
1.733079,9.493333,8.886666
1.733481,9.406667,8.839999
1.733882,9.480000,8.839999
1.734283,9.346666,8.826667
1.734685,9.346666,8.793333
1.735087,9.293333,8.773333
1.735490,9.260000,8.726666
1.735893,9.313333,8.686666
1.736294,9.306666,8.680000
1.736695,9.226666,8.566667
1.737098,9.233333,8.639999
1.737499,9.186666,8.613334
1.737900,9.113333,8.593333
1.738301,9.179999,8.593333
1.738702,9.106667,8.560000
1.739104,9.080000,8.533333
1.739505,9.033333,8.526667
1.739906,9.140000,8.453333
1.740307,9.146667,8.486667
1.740708,9.020000,8.473333
1.741110,8.960000,8.420000
1.741511,8.946667,8.400000
1.741913,8.900000,8.340000
1.742314,8.873333,8.286667
1.742716,8.873333,8.300000
1.743117,8.853333,8.253333
1.743518,8.826667,8.146667
1.743920,8.793333,8.333333
1.744321,8.760000,8.186666
1.744722,8.760000,8.213333
1.745124,8.719999,8.186666
1.745525,8.719999,8.146667
1.745926,8.673333,8.120000
1.746327,8.660000,8.120000
1.746728,8.633333,8.059999
1.747130,8.579999,8.046666
1.747531,8.560000,8.053332
1.747932,8.540000,8.013333
1.748337,8.520000,7.986666
1.748739,8.440000,7.966667
1.749140,8.466666,7.946667
1.749543,8.433333,7.906666
1.749944,8.413333,7.893333
1.750346,8.400000,7.873333
1.750747,8.379999,7.926667
1.751150,8.346666,7.826667
1.751551,8.400000,7.813334
1.751952,8.266666,7.800000
1.752354,8.340000,7.773333
1.752756,8.233334,7.753333
1.753158,8.173333,7.693334
1.753559,8.133333,7.700000
1.753960,8.160000,7.660000
1.754362,8.126666,7.606667
1.754763,8.106667,7.613333
1.755164,8.073333,7.553333
1.755565,8.059999,7.593334
1.755967,8.026667,7.593334
1.756368,8.033334,7.513333
1.756770,7.993333,7.513333
1.757171,7.966667,7.413333
1.757572,7.940000,7.566667
1.757973,7.733333,7.433333
1.758375,7.860000,7.400000
1.758776,7.966667,7.380000
1.759178,7.900000,7.353333
1.759579,7.826667,7.313333
1.759981,7.786666,7.326666
1.760383,7.800000,7.140000
1.760784,7.760000,7.253334
1.761186,7.673333,7.213333
1.761587,7.593334,7.219999
1.761988,7.640000,7.186666
1.762390,7.633333,7.166667
1.762791,7.633333,7.160000
1.763193,7.579999,7.126667
1.763594,7.559999,7.060000
1.763996,7.533333,7.046667
1.764397,7.520000,6.926667
1.764798,7.506667,6.986666
1.765199,7.453333,6.986666
1.765600,7.386667,6.980000
1.766001,7.446666,6.973333
1.766402,7.420000,6.893333
1.766805,7.360000,6.940000
1.767206,7.360000,6.893333
1.767607,7.340000,6.840000
1.768009,7.286667,6.886666
1.768410,7.293333,6.813333
1.768811,7.146667,6.813333
1.769213,7.240000,6.726666
1.769615,7.226666,6.733333
1.770016,7.180000,6.726666
1.770417,7.166667,6.720000
1.770818,7.146667,6.700000
1.771220,7.106667,6.673334
1.771621,7.106667,6.593333
1.772023,6.986666,6.640000
1.772424,7.006667,6.586667
1.772825,7.006667,6.586667
1.773227,6.986666,6.526666
1.773628,6.986666,6.506667
1.774030,6.940000,6.466667
1.774432,6.926667,6.446667
1.774833,6.906667,6.433333
1.775235,6.820000,6.440000
1.775636,6.880000,6.406667
1.776037,6.813333,6.320000
1.776439,6.806667,6.346667
1.776841,6.766666,6.320000
1.777243,6.766666,6.306666
1.777644,6.706667,6.286667
1.778045,6.733333,6.286667
1.778446,6.706667,6.220000
1.778847,6.646667,6.193333
1.779249,6.640000,6.220000
1.779651,6.633333,6.166667
1.780052,6.593333,6.133333
1.780453,6.593333,6.113333
1.780854,6.520000,6.126667
1.781255,6.486667,6.113333
1.781656,6.466667,6.060000
1.782058,6.493333,6.033333
1.782459,6.366666,6.026667
1.782862,6.420000,6.013333
1.783264,6.373333,5.966666
1.783665,6.353333,5.946667
1.784071,6.286667,5.940000
1.784472,6.300000,5.826667
1.784873,6.280000,5.906666
1.785274,6.366666,5.866666
1.785676,6.220000,5.826667
1.786077,6.093333,5.886667
1.786478,6.193333,5.826667
1.786879,6.180000,5.753333
1.787280,6.133333,5.746666
1.787681,6.113333,5.746666
1.788083,6.113333,5.733333
1.788484,6.086667,5.693333
1.788885,6.046667,5.500000
1.789287,6.013333,5.660000
1.789689,6.040000,5.613333
1.790091,5.986667,5.600000
1.790492,5.946667,5.593333
1.790893,5.853333,5.460000
1.791294,5.906666,5.533333
1.791695,5.886667,5.413333
1.792097,5.820000,5.506666
1.792498,5.840000,5.480000
1.792899,5.840000,5.493333
1.793301,5.773333,5.433333
1.793702,5.746666,5.466667
1.794104,5.760000,5.393333
1.794505,5.693333,5.366667
1.794906,5.773333,5.380000
1.795307,5.680000,5.260000
1.795708,5.686666,5.306666
1.796110,5.640000,5.300000
1.796511,5.620000,5.273333
1.796913,5.586667,5.240000
1.797315,5.593333,5.233334
1.797716,5.526667,5.240000
1.798118,5.539999,5.186666
1.798519,5.506666,5.153333
1.798921,5.506666,5.153333
1.799322,5.473333,5.640000
1.799723,5.480000,5.113333
1.800125,5.373333,5.060000
1.800526,5.400000,5.080000
1.800928,5.420000,5.066667
1.801329,5.340000,5.006667
1.801730,5.300000,5.000000
1.802131,5.253333,5.006667
1.802532,5.246666,4.926667
1.802933,5.326667,4.873333
1.803339,5.246666,4.906667
1.803740,5.233334,4.900000
1.804142,5.200000,4.873333
1.804544,5.206666,4.806667
1.804945,5.166667,4.873333
1.805346,5.140000,4.720000
1.805749,5.133333,4.813333
1.806151,5.086667,4.786666
1.806552,5.093333,4.746666
1.806954,5.053333,4.726666
1.807356,5.040000,4.713333
1.807758,5.006667,4.713333
1.808159,4.966667,4.686666
1.808560,4.960000,4.593333
1.808961,4.960000,4.573333
1.809362,4.986667,4.620000
1.809763,4.900000,4.660000
1.810165,4.860000,4.600000
1.810566,4.860000,4.560000
1.810967,4.780000,4.500000
1.811368,4.800000,4.520000
1.811771,4.786666,4.533333
1.812172,4.766666,4.506667
1.812575,4.766666,4.420000
1.812976,4.720000,4.420000
1.813377,4.780000,4.420000
1.813779,4.700000,4.413333
1.814180,4.686666,4.373333
1.814583,4.686666,4.373333
1.814984,4.620000,4.360000
1.815385,4.626667,4.333333
1.815786,4.580000,4.306667
1.816188,4.553333,4.280000
1.816589,4.553333,4.260000
1.816990,4.526667,4.220000
1.817391,4.473333,4.213334
1.817792,4.526667,4.206666
1.818193,4.553333,4.193333
1.818594,4.420000,4.180000
1.818996,4.413333,4.186666
1.819397,4.420000,4.260000
1.819799,4.273333,4.106667
1.820200,4.340000,4.100000
1.820601,4.340000,4.066667
1.821002,4.340000,4.066667
1.821404,4.306667,4.073333
1.821806,4.306667,4.020000
1.822207,4.266666,4.013333
1.822609,4.220000,3.973333
1.823010,4.220000,3.980000
1.823412,4.220000,3.953333
1.823813,4.193333,3.926666
1.824214,4.200000,3.946667
1.824617,4.146667,3.866667
1.825018,4.126667,3.840000
1.825419,4.133333,3.846667
1.825820,4.113333,3.840000
1.826221,4.086667,3.833333
1.826622,4.013333,3.733333
1.827023,3.986666,3.746666
1.827424,4.060000,3.740000
1.827825,3.993333,3.833333
1.828226,4.006667,3.686666
1.828627,3.880000,3.680000
1.829029,3.933333,3.660000
1.829430,3.893333,3.640000
1.829831,3.893333,3.626667
1.830232,3.866667,3.593333
1.830634,3.873333,3.580000
1.831035,3.826667,3.580000
1.831437,3.853333,3.540000
1.831839,3.793333,3.520000
1.832240,3.746666,3.500000
1.832641,3.740000,3.493333
1.833042,3.720000,3.653333
1.833443,3.706666,3.473333
1.833845,3.666667,3.580000
1.834246,3.646667,3.406667
1.834647,3.633333,3.400000
1.835049,3.580000,3.400000
1.835451,3.606667,3.393333
1.835852,3.726667,3.313333
1.836254,3.566667,3.273333
1.836655,3.740000,3.313333
1.837057,3.513333,3.306667
1.837459,3.506667,3.286667
1.837861,3.506667,3.286667
1.838262,3.500000,3.273333
1.838663,3.453333,3.226667
1.839065,3.440000,3.166667
1.839466,3.440000,3.193333
1.839867,3.406667,3.140000
1.840268,3.386667,3.173333
1.840671,3.366667,3.166667
1.841072,3.273333,3.133333
1.841475,3.320000,3.120000
1.841878,3.280000,3.133333
1.842280,3.300000,3.093333
1.842681,3.273333,3.040000
1.843083,3.260000,3.040000
1.843484,3.233333,2.993333
1.843885,3.200000,2.980000
1.844286,3.193333,2.886667
1.844687,3.180000,2.986667
1.845088,3.180000,2.980000
1.845490,3.153333,2.933333
1.845892,3.133333,2.913333
1.846293,3.120000,2.800000
1.846694,3.133333,2.886667
1.847096,3.086667,2.886667
1.847498,3.060000,2.533333
1.847899,3.086667,2.820000
1.848300,3.013333,2.833333
1.848701,3.020000,2.800000
1.849103,3.066667,2.826667
1.849504,3.060000,2.853333
1.849905,2.953333,2.766667
1.850307,2.973333,2.780000
1.850709,2.953333,2.766667
1.851110,2.926667,2.760000
1.851512,2.893333,2.720000
1.851913,2.773333,2.633333
1.852314,2.846667,2.646667
1.852715,2.926667,2.686666
1.853117,2.813333,2.626667
1.853519,2.820000,2.580000
1.853920,2.806667,2.666667
1.854321,2.786667,2.613333
1.854722,2.766667,2.573333
1.855124,2.726667,2.593333
1.855526,2.740000,2.546667
1.855928,2.726667,2.493333
1.856330,2.686666,2.513333
1.856731,2.746667,2.493333
1.857132,2.666667,2.493333
1.857533,2.660000,2.486667
1.857935,2.626667,2.433333
1.858336,2.640000,2.433333
1.858739,2.613333,2.406667
1.859140,2.553333,2.386667
1.859542,2.593333,2.380000
1.859944,2.393333,2.240000
1.860346,2.506666,2.306667
1.860747,2.526667,2.406667
1.861148,2.480000,2.280000
1.861550,2.506666,2.273333
1.861951,2.500000,2.300000
1.862352,2.446667,2.280000
1.862754,2.440000,2.260000
1.863156,2.426666,2.260000
1.863558,2.413333,2.226666
1.863960,2.440000,2.226666
1.864361,2.406667,2.200000
1.864762,2.306667,2.380000
1.865164,2.340000,2.260000
1.865567,2.346667,2.213333
1.865968,2.326667,2.233333
1.866369,2.306667,2.173333
1.866770,2.273333,2.146667
1.867172,2.273333,2.093333
1.867574,2.273333,2.093333
1.867976,2.333333,2.140000
1.868377,2.233333,2.066667
1.868779,2.206667,2.006667
1.869180,2.200000,2.000000
1.869583,2.146667,2.026667
1.869984,2.166667,2.013333
1.870385,2.153333,2.000000
1.870788,2.146667,2.000000
1.871190,2.140000,1.980000
1.871591,2.120000,1.940000
1.871992,2.073333,1.953333
1.872394,2.086667,2.013333
1.872796,2.073333,1.913333
1.873198,2.053333,1.900000
1.873599,2.040000,1.880000
1.874000,2.040000,1.893333
1.874402,1.933333,1.840000
1.874803,2.000000,1.846667
1.875204,1.980000,1.820000
1.875605,1.953333,1.806667
1.876007,1.953333,1.820000
1.876408,1.940000,1.806667
1.876810,1.906667,1.800000
1.877213,1.913333,1.786667
1.877615,1.886667,1.760000
1.878016,1.893333,1.733333
1.878418,1.860000,1.753333
1.878819,1.873333,1.686667
1.879220,1.853333,1.693333
1.879621,1.826667,1.700000
1.880023,1.820000,1.726667
1.880424,1.806667,1.573333
1.880826,1.766667,1.646667
1.881227,1.746667,1.646667
1.881628,1.746667,1.646667
1.882030,1.760000,1.620000
1.882432,1.720000,1.633333
1.882833,1.726667,1.600000
1.883234,1.693333,1.586667
1.883635,1.653333,1.593333
1.884036,1.666667,1.580000
1.884437,1.673333,1.526667
1.884838,1.673333,1.546667
1.885240,1.640000,1.546667
1.885641,1.606667,1.533333
1.886043,1.580000,1.660000
1.886444,1.613333,1.480000
1.886845,1.513333,1.506667
1.887246,1.573333,1.433333
1.887649,1.586667,1.446667
1.888050,1.573333,1.460000
1.888452,1.526667,1.413333
1.888853,1.560000,1.420000
1.889255,1.506667,1.393333
1.889657,1.533333,1.413333
1.890058,1.433333,1.366667
1.890459,1.493333,1.353333
1.890860,1.506667,1.373333
1.891261,1.453333,1.373333
1.891662,1.420000,1.326667
1.892063,1.446667,1.360000
1.892465,1.413333,1.313333
1.892866,1.406667,1.246667
1.893267,1.380000,1.306667
1.893669,1.340000,1.480000
1.894071,1.293333,1.300000
1.894472,1.353333,1.373333
1.894873,1.613333,1.266667
1.895274,1.353333,1.206667
1.895675,1.333333,1.206667
1.896078,1.353333,1.213333
1.896479,1.266667,1.206667
1.896881,1.320000,1.206667
1.897283,1.266667,1.206667
1.897684,1.266667,1.213333
1.898085,1.273333,1.193333
1.898487,1.273333,1.153333
1.898888,1.200000,1.206667
1.899289,1.266667,1.126667
1.899690,1.220000,1.133333
1.900091,1.233333,1.106667
1.900494,1.206667,1.113333
1.900895,1.153333,0.946667
1.901296,1.186667,1.093333
1.901699,1.193333,1.053333
1.902100,1.106667,1.033333
1.902503,1.146667,1.073333
1.902905,1.146667,1.046667
1.903307,1.080000,1.093333
1.903708,1.120000,1.033333
1.904110,1.120000,1.033333
1.904511,1.093333,1.033333
1.904912,1.060000,0.993333
1.905313,1.146667,1.013333
1.905714,1.026667,0.946667
1.906116,1.046667,0.953333
1.906518,1.053333,0.946667
1.906920,1.033333,0.953333
1.907321,1.026667,0.946667
1.907722,0.980000,1.033333
1.908124,1.000000,0.946667
1.908525,1.013333,0.946667
1.908926,0.973333,0.946667
1.909328,0.966667,0.946667
1.909729,0.953333,0.946667
1.910131,0.966667,0.946667
1.910532,0.960000,0.946667
1.910933,1.073333,0.946667
1.911338,0.946667,0.946667
1.911741,1.053333,0.946667
1.912143,0.946667,0.946667
1.912544,0.946667,0.946667
1.912947,0.946667,0.946667
1.913349,0.946667,0.946667
1.913750,0.946667,0.946667
1.914151,0.946667,0.946667
1.914552,0.946667,0.946667
1.914954,0.946667,0.946667
1.915355,0.946667,0.946667
1.915756,0.946667,0.946667
1.916158,0.946667,0.946667
1.916559,0.946667,0.946667
1.916961,0.946667,0.946667
1.917363,0.960000,0.946667
1.917765,0.946667,0.946667
1.918167,0.946667,0.946667
1.918568,0.946667,0.946667
1.918969,0.946667,0.946667
1.919371,0.946667,0.946667
1.919772,0.946667,0.946667
1.920173,0.946667,0.946667
1.920575,0.946667,0.946667
1.920976,0.946667,0.946667
1.921377,0.946667,0.946667
1.921778,0.946667,0.946667
1.922179,0.946667,0.946667
1.922582,0.946667,0.946667
1.922983,0.946667,0.946667
1.923384,0.946667,0.946667
1.923787,0.946667,0.946667
1.924188,0.946667,0.946667
1.924590,0.946667,0.946667
1.924991,0.946667,0.946667
1.925392,0.946667,0.946667
1.925794,0.946667,0.946667
1.926195,0.946667,0.946667
1.926596,0.946667,0.946667
1.926997,0.946667,0.946667
1.927399,0.946667,0.946667
1.927801,0.946667,0.946667
1.928203,0.946667,0.946667
1.928605,0.946667,0.946667
1.929006,0.946667,0.946667
1.929408,0.946667,0.946667
1.929809,0.946667,0.946667
1.930211,0.946667,0.946667
1.930612,0.946667,0.946667
1.931014,0.946667,0.946667
1.931416,0.946667,0.946667
1.931817,0.946667,0.946667
1.932219,0.946667,0.946667
1.932622,0.946667,0.946667
1.933024,0.946667,0.946667
1.933426,0.946667,0.946667
1.933827,0.946667,0.946667
1.934229,0.946667,0.946667
1.934631,0.946667,0.946667
1.935032,0.946667,0.946667
1.935433,0.946667,0.946667
1.935834,0.946667,0.946667
1.936236,0.946667,0.946667
1.936638,0.946667,0.946667
1.937039,0.946667,0.946667
1.937440,0.946667,0.946667
1.937843,0.946667,0.946667
1.938245,0.946667,0.946667
1.938646,0.946667,0.946667
1.939047,0.946667,0.946667
1.939449,0.946667,0.946667
1.939852,0.946667,0.946667
1.940254,0.946667,0.946667
1.940655,0.946667,0.946667
1.941057,0.946667,0.946667
1.941458,0.946667,0.946667
1.941859,0.946667,0.946667
1.942260,0.946667,0.946667
1.942661,0.946667,0.946667
1.943063,0.946667,0.946667
1.943465,0.946667,0.946667
1.943866,0.946667,0.946667
1.944267,0.946667,0.946667
1.944668,0.946667,0.946667
1.945071,0.946667,0.946667
1.945472,0.946667,0.946667
1.945873,0.946667,0.946667
1.946275,0.946667,0.946667
1.946676,0.946667,0.946667
1.947077,0.946667,0.946667
1.947478,0.946667,0.946667
1.947879,0.946667,0.946667
1.948280,0.946667,0.946667
1.948681,0.946667,0.946667
1.949083,0.946667,0.946667
1.949484,0.946667,0.946667
1.949885,0.946667,0.946667
1.950287,0.946667,0.946667
1.950688,0.946667,0.946667
1.951090,0.946667,0.946667
1.951491,0.946667,0.946667
1.951894,0.946667,0.946667
1.952296,0.946667,0.946667
1.952697,0.946667,0.946667
1.953098,0.946667,0.946667
1.953499,0.946667,0.946667
1.953902,0.946667,0.946667
1.954304,0.946667,0.946667
1.954705,0.946667,0.946667
1.955106,0.946667,0.946667
1.955507,0.946667,0.946667
1.955908,0.946667,0.946667
1.956310,0.946667,0.946667
1.956713,0.946667,0.946667
1.957114,0.946667,0.946667
1.957517,0.946667,0.946667
1.957919,0.946667,0.946667
1.958320,0.946667,0.946667
1.958721,0.946667,0.946667
1.959123,0.946667,0.946667
1.959525,0.946667,0.946667
1.959926,0.946667,0.946667
1.960328,0.946667,0.946667
1.960729,0.946667,0.946667
1.961131,0.946667,0.946667
1.961532,0.946667,0.946667
1.961934,0.946667,0.946667
1.962335,0.946667,0.946667
1.962736,0.946667,0.946667
1.963138,0.946667,0.946667
1.963539,0.946667,0.946667
1.963941,0.946667,0.946667
1.964342,0.946667,0.946667
1.964743,0.946667,0.946667
1.965146,0.946667,0.946667
1.965547,0.946667,0.946667
1.965949,0.946667,0.946667
1.966351,0.946667,0.946667
1.966752,0.946667,0.946667
1.967153,0.946667,0.946667
1.967554,0.946667,0.946667
1.967955,0.946667,0.946667
1.968357,0.946667,0.946667
1.968758,0.946667,0.946667
1.969159,0.946667,0.946667
1.969560,0.946667,0.946667
1.969962,0.946667,0.946667
1.970363,0.946667,0.946667
1.970765,0.946667,0.946667
1.971166,0.946667,0.946667
1.971567,0.946667,0.946667
1.971968,0.946667,0.946667
1.972370,0.946667,0.946667
1.972772,0.946667,0.946667
1.973173,0.946667,0.946667
1.973576,0.946667,0.946667
1.973977,0.946667,0.946667
1.974378,0.946667,0.946667
1.974781,0.946667,0.946667
1.975183,0.946667,0.946667
1.975584,0.946667,0.946667
1.975985,0.946667,0.946667
1.976386,0.946667,0.946667
1.976787,0.946667,0.946667
1.977189,0.946667,0.946667
1.977591,0.946667,0.946667
1.977992,0.946667,0.946667
1.978393,0.946667,0.946667
1.978794,0.946667,0.946667
1.979195,0.946667,0.946667
1.979596,0.946667,0.946667
1.979997,0.946667,0.946667
1.980398,0.946667,0.946667
1.980799,0.946667,0.946667
1.981200,0.946667,0.946667
1.981601,0.946667,0.946667
1.982003,0.946667,0.946667
1.982405,0.946667,0.946667
1.982807,0.946667,0.946667
1.983208,0.946667,0.946667
1.983611,0.946667,0.946667
1.984012,0.946667,0.946667
1.984413,0.946667,0.946667
1.984814,0.946667,0.946667
1.985215,0.946667,0.946667
1.985617,0.946667,0.946667
1.986018,0.946667,0.946667
1.986419,0.946667,0.946667
1.986822,0.946667,0.946667
1.987224,0.946667,0.946667
1.987625,0.946667,0.946667
1.988027,0.946667,0.946667
1.988428,0.946667,0.946667
1.988831,0.946667,0.946667
1.989233,0.946667,0.946667
1.989634,0.946667,0.946667
1.990035,0.946667,0.946667
1.990436,0.946667,0.946667
1.990837,0.946667,0.946667
1.991238,0.946667,0.946667
1.991639,0.946667,0.946667
1.992040,0.946667,0.946667
1.992441,0.946667,0.946667
1.992842,0.946667,0.946667
1.993244,0.946667,0.946667
1.993646,0.946667,0.946667
1.994048,0.946667,0.946667
1.994450,0.946667,0.946667
1.994852,0.946667,0.946667
1.995253,0.946667,0.946667
1.995654,0.946667,0.946667
1.996055,0.946667,0.946667
1.996456,0.946667,0.946667
1.996857,0.946667,0.946667
1.997259,0.946667,0.946667
1.997660,0.946667,0.946667
1.998062,0.946667,0.946667
1.998463,0.946667,0.946667
1.998865,0.946667,0.946667
1.999267,0.946667,0.946667
1.999668,0.946667,0.946667
2.000070,0.946667,0.946667
2.000472,0.946667,0.946667
2.000873,0.946667,0.946667
2.001275,0.946667,0.946667
2.001676,0.946667,0.946667
2.002077,0.946667,0.946667
2.002478,0.946667,0.946667
2.002879,0.946667,0.946667
2.003280,0.946667,0.946667
2.003681,0.946667,0.946667
2.004083,0.946667,0.946667
2.004484,0.946667,0.946667
2.004885,0.946667,0.946667
2.005287,0.946667,0.946667
2.005688,0.946667,0.946667
2.006090,0.946667,0.946667
2.006492,0.946667,0.946667
2.006894,0.946667,0.946667
