0.000000,6.920000,6.380000
0.000401,6.926667,6.386667
0.000802,7.026667,6.346667
0.001203,6.760000,6.306666
0.001604,6.840000,6.286667
0.002006,6.806667,6.280000
0.002407,6.766666,6.220000
0.002810,6.793334,6.226666
0.003211,6.733333,6.206666
0.003612,6.713333,6.106667
0.004013,6.686666,6.220000
0.004414,6.673334,6.140000
0.004815,6.633333,6.113333
0.005217,6.626667,6.113333
0.005620,6.573333,6.020000
0.006023,6.426666,6.073333
0.006424,6.520000,6.040000
0.006825,6.453333,5.973333
0.007226,6.466667,6.000000
0.007627,6.460000,5.973333
0.008029,6.433333,5.913333
0.008431,6.420000,5.933333
0.008833,6.366666,5.880000
0.009234,6.333333,5.826667
0.009635,6.306666,5.866666
0.010036,6.300000,5.860000
0.010437,6.326666,6.080000
0.010839,6.286667,5.760000
0.011240,6.233333,5.760000
0.011641,6.206666,5.666667
0.012043,6.173333,5.746666
0.012445,6.106667,5.700000
0.012846,6.160000,5.760000
0.013247,6.106667,5.626667
0.013650,6.080000,5.573333
0.014051,6.000000,5.613333
0.014453,6.013333,5.586667
0.014854,6.033333,5.586667
0.015256,5.960000,5.546667
0.015657,5.973333,5.526667
0.016059,5.953333,5.533333
0.016460,5.940000,5.460000
0.016863,5.926667,5.473333
0.017266,5.880000,5.466667
0.017667,5.860000,5.413333
0.018071,5.846666,5.400000
0.018472,5.833333,5.400000
0.018873,5.793334,5.400000
0.019274,5.786666,5.366667
0.019677,5.760000,5.320000
0.020078,5.733333,5.333333
0.020479,5.733333,5.273333
0.020880,5.680000,5.240000
0.021281,5.653333,5.226666
0.021684,5.646667,5.200000
0.022085,5.613333,5.173333
0.022486,5.586667,5.153333
0.022889,5.673333,5.140000
0.023291,5.666667,5.126667
0.023693,5.520000,5.100000
0.024094,5.506666,5.120000
0.024496,5.480000,5.046667
0.024897,5.440000,5.060000
0.025299,5.460000,5.060000
0.025700,5.420000,5.006667
0.026102,5.426667,4.966667
0.026503,5.393333,4.953333
0.026904,5.366667,4.940000
0.027305,5.320000,4.913333
0.027706,5.273333,4.913333
0.028107,5.266667,4.873333
0.028509,5.273333,4.900000
0.028910,5.240000,4.806667
0.029311,5.220000,4.793333
0.029712,5.173333,4.806667
0.030113,5.180000,4.880000
0.030514,5.213333,4.780000
0.030915,5.120000,4.760000
0.031317,5.173333,4.720000
0.031718,5.053333,4.693333
0.032119,5.073333,4.693333
0.032522,5.060000,4.640000
0.032923,5.046667,4.640000
0.033326,4.986667,4.600000
0.033727,4.946666,4.613333
0.034128,4.953333,4.573333
0.034530,4.893333,4.553333
0.034932,4.933333,4.560000
0.035334,4.893333,4.533333
0.035736,4.853333,4.540000
0.036138,4.853333,4.480000
0.036539,4.853333,4.480000
0.036940,4.793333,4.446667
0.037342,4.706666,4.420000
0.037743,4.840000,4.453333
0.038144,4.740000,4.373333
0.038545,4.713333,4.400000
0.038946,4.713333,4.360000
0.039348,4.700000,4.333333
0.039750,4.666667,4.333333
0.040151,4.686666,4.326666
0.040552,4.613333,4.260000
0.040954,4.653333,4.240000
0.041355,4.586667,4.200000
0.041756,4.546667,4.280000
0.042158,4.540000,4.186666
0.042559,4.493333,4.200000
0.042961,4.506667,4.160000
0.043362,4.473333,4.193333
0.043763,4.460000,4.220000
0.044165,4.453333,4.113333
0.044566,4.460000,4.086667
0.044967,4.520000,4.080000
0.045369,4.366666,4.026666
0.045771,4.360000,4.020000
0.046173,4.353333,4.013333
0.046574,4.266666,4.000000
0.046975,4.293333,3.960000
0.047376,4.366666,3.920000
0.047777,4.293333,3.953333
0.048179,4.353333,3.900000
0.048580,4.153333,3.926666
0.048981,4.200000,3.866667
0.049383,4.173333,3.840000
0.049784,4.166667,3.833333
0.050185,4.153333,3.833333
0.050587,4.126667,3.746666
0.050988,4.166667,3.653333
0.051389,4.073333,3.720000
0.051790,4.080000,3.720000
0.052192,4.053333,3.693333
0.052593,3.866667,3.693333
0.052994,4.013333,3.686666
0.053395,4.046667,3.646667
0.053798,3.926666,3.660000
0.054199,3.960000,3.613333
0.054600,3.946667,3.613333
0.055001,3.873333,3.606667
0.055402,3.973333,3.580000
0.055805,3.846667,3.506667
0.056206,3.833333,3.506667
0.056607,3.753333,3.486667
0.057008,3.826667,3.486667
0.057409,3.820000,3.473333
0.057810,3.740000,3.440000
0.058212,3.720000,3.400000
0.058613,3.700000,3.433333
0.059015,3.693333,3.380000
0.059416,3.733333,3.380000
0.059818,3.653333,3.373333
0.060219,3.646667,3.366667
0.060620,3.613333,3.313333
0.061022,3.586667,3.313333
0.061423,3.573333,3.306667
0.061825,3.566667,3.260000
0.062226,3.506667,3.266667
0.062629,3.493333,3.213333
0.063030,3.500000,3.220000
0.063431,3.493333,3.233333
0.063833,3.466666,3.120000
0.064234,3.393333,3.153333
0.064635,3.400000,3.133333
0.065036,3.340000,3.140000
0.065438,3.386667,2.960000
0.065839,3.386667,3.133333
0.066240,3.373333,3.086667
0.066641,3.353333,3.073333
0.067042,3.326667,3.053333
0.067444,3.300000,3.040000
0.067846,3.306667,3.000000
0.068247,3.286667,2.980000
0.068648,3.206667,2.980000
0.069049,3.253333,2.960000
0.069450,3.226667,2.960000
0.069851,3.200000,2.946667
0.070253,3.133333,2.800000
0.070655,3.193333,2.906667
0.071056,3.133333,2.880000
0.071457,3.146667,2.873333
0.071860,3.133333,2.880000
0.072261,3.060000,2.853333
0.072664,3.100000,2.786667
0.073065,3.066667,2.860000
0.073467,3.006667,2.786667
0.073868,3.046667,2.766667
0.074270,3.000000,2.760000
0.074672,3.006667,2.746667
0.075073,2.973333,2.733333
0.075474,2.953333,2.666667
0.075875,2.953333,2.760000
0.076276,2.913333,2.680000
0.076677,2.813333,2.646667
0.077078,2.900000,2.626667
0.077481,2.880000,2.620000
0.077883,2.826667,2.580000
0.078285,2.846667,2.600000
0.078686,2.806667,2.800000
0.079087,2.773333,2.673333
0.079490,2.780000,2.546667
0.079892,2.786667,2.560000
0.080293,2.753333,2.506666
0.080694,2.733333,2.506666
0.081096,2.706666,2.486667
0.081498,2.720000,2.440000
0.081899,2.706666,2.473333
0.082300,2.666667,2.433333
0.082701,2.653333,2.406667
0.083103,2.626667,2.426666
0.083504,2.633333,2.426666
0.083905,2.633333,2.413333
0.084306,2.593333,2.360000
0.084708,2.573333,2.346667
0.085110,2.573333,2.380000
0.085511,2.553333,2.340000
0.085913,2.526667,2.340000
0.086314,2.540000,2.280000
0.086715,2.506666,2.260000
0.087117,2.480000,2.226666
0.087519,2.400000,2.266667
0.087921,2.453333,2.273333
0.088322,2.440000,2.233333
0.088723,2.433333,2.186667
0.089125,2.373333,2.153333
0.089526,2.386667,2.173333
0.089927,2.380000,2.133333
0.090328,2.373333,2.153333
0.090729,2.346667,2.160000
0.091131,2.360000,2.093333
0.091532,2.320000,2.106667
0.091933,2.293333,2.060000
0.092336,2.273333,2.100000
0.092738,2.313333,2.066667
0.093139,2.260000,2.066667
0.093542,2.286667,1.940000
0.093943,2.280000,2.026667
0.094345,2.200000,2.013333
0.094746,2.200000,1.993333
0.095147,2.166667,1.973333
0.095550,2.206667,1.940000
0.095951,2.200000,1.960000
0.096352,2.140000,1.946667
0.096753,2.126667,1.906667
0.097154,2.120000,1.926667
0.097557,2.133333,1.973333
0.097958,2.006667,1.900000
0.098360,2.080000,1.733333
0.098761,2.006667,1.846667
0.099163,2.026667,1.786667
0.099565,2.020000,1.826667
0.099967,1.813333,1.833333
0.100368,1.973333,1.793333
0.100769,1.966667,1.786667
0.101172,1.946667,1.746667
0.101573,1.966667,1.766667
0.101975,1.926667,1.726667
0.102376,1.913333,1.733333
0.102777,1.920000,1.733333
0.103179,1.946667,1.733333
0.103580,1.853333,1.653333
0.103982,1.840000,1.666667
0.104383,1.840000,1.600000
0.104786,1.840000,1.646667
0.105188,1.826667,1.646667
0.105589,1.820000,1.586667
0.105991,1.780000,1.633333
0.106392,1.733333,1.626667
0.106795,1.600000,1.566667
0.107196,1.766667,1.593333
0.107597,1.740000,1.540000
0.107998,1.733333,1.546667
0.108400,1.726667,1.560000
0.108801,1.720000,1.546667
0.109203,1.626667,1.513333
0.109606,1.660000,1.513333
0.110008,1.673333,1.526667
0.110410,1.646667,1.473333
0.110812,1.640000,1.420000
0.111215,1.653333,1.413333
0.111618,1.580000,1.446667
0.112019,1.593333,1.360000
0.112421,1.633333,1.466667
0.112822,1.560000,1.413333
0.113224,1.573333,1.393333
0.113626,1.560000,1.420000
0.114028,1.526667,1.420000
0.114430,1.380000,1.380000
0.114832,1.506667,1.306667
0.115234,1.500000,1.306667
0.115636,1.486667,1.346667
0.116038,1.466667,1.346667
0.116439,1.446667,1.306667
0.116840,1.453333,1.326667
0.117241,1.420000,1.286667
0.117642,1.466667,1.300000
0.118044,1.400000,1.300000
0.118446,1.386667,1.240000
0.118847,1.393333,1.213333
0.119248,1.380000,1.240000
0.119649,1.386667,1.240000
0.120051,1.386667,1.226667
0.120452,1.366667,1.213333
0.120855,1.240000,1.153333
0.121257,1.293333,1.226667
0.121658,1.353333,1.193333
0.122060,1.300000,1.126667
0.122462,1.286667,1.033333
0.122863,1.200000,1.146667
0.123265,1.273333,1.113333
0.123668,1.273333,1.086667
0.124071,1.240000,1.133333
0.124474,1.253333,1.046667
0.124875,1.266667,1.086667
0.125276,1.220000,1.066667
0.125678,1.240000,1.053333
0.126079,1.240000,1.053333
0.126482,1.213333,1.066667
0.126884,1.193333,0.986667
0.127285,1.186667,0.953333
0.127686,1.160000,1.006667
0.128087,1.180000,1.040000
0.128490,1.146667,1.033333
0.128891,1.133333,0.993333
0.129292,1.146667,0.946667
0.129693,1.073333,0.973333
0.130096,1.146667,0.986667
0.130498,1.073333,1.033333
0.130899,1.113333,0.953333
0.131300,1.060000,0.946667
0.131701,1.040000,0.946667
0.132103,1.033333,0.946667
0.132505,1.033333,0.946667
0.132906,1.020000,0.946667
0.133308,1.033333,0.946667
0.133709,0.986667,0.946667
0.134111,1.033333,0.946667
0.134513,0.993333,0.993333
0.134916,0.986667,0.946667
0.135318,0.973333,0.946667
0.135719,0.966667,0.946667
0.136122,0.966667,0.946667
0.136523,0.946667,0.946667
0.136924,0.946667,0.946667
0.137325,0.973333,0.946667
0.137727,0.946667,0.946667
0.138129,0.946667,0.946667
0.138530,1.060000,0.946667
0.138931,0.946667,0.946667
0.139332,0.946667,0.946667
0.139733,0.946667,0.946667
0.140134,0.946667,0.946667
0.140536,0.946667,0.946667
0.140937,0.946667,0.946667
0.141338,0.946667,0.946667
0.141739,0.946667,0.946667
0.142140,0.946667,0.946667
0.142543,0.946667,0.946667
0.142944,0.946667,0.946667
0.143345,0.946667,0.946667
0.143746,0.946667,0.946667
0.144147,0.946667,0.946667
0.144549,0.946667,0.946667
0.144950,0.946667,0.946667
0.145351,0.946667,0.946667
0.145752,0.946667,0.946667
0.146153,0.946667,0.946667
0.146554,0.946667,0.946667
0.146955,1.093333,0.946667
0.147357,0.946667,0.946667
0.147759,0.946667,0.946667
0.148160,0.946667,0.946667
0.148561,0.946667,0.946667
0.148963,0.946667,0.946667
0.149364,0.946667,0.946667
0.149766,0.946667,0.946667
0.150168,0.946667,0.946667
0.150571,0.946667,0.946667
0.150972,0.946667,0.946667
0.151373,0.946667,0.946667
0.151774,0.946667,0.946667
0.152175,0.946667,0.946667
0.152577,0.946667,0.946667
0.152978,0.946667,0.946667
0.153380,0.946667,0.946667
0.153782,0.946667,0.946667
0.154184,0.946667,0.946667
0.154585,0.946667,0.946667
0.154986,0.946667,0.946667
0.155387,0.946667,0.946667
0.155788,0.946667,0.946667
0.156190,0.946667,0.946667
0.156591,0.946667,0.946667
0.156992,0.946667,0.946667
0.157393,0.946667,0.946667
0.157795,0.946667,0.946667
0.158196,0.946667,0.946667
0.158599,0.946667,0.946667
0.159000,0.946667,0.946667
0.159401,0.946667,0.946667
0.159802,0.946667,0.946667
0.160203,0.946667,0.946667
0.160604,0.946667,0.946667
0.161006,0.946667,0.946667
0.161408,0.946667,0.946667
0.161810,0.946667,0.946667
0.162212,0.946667,0.946667
0.162613,0.946667,0.946667
0.163015,0.946667,0.946667
0.163416,0.946667,0.946667
0.163817,0.946667,0.946667
0.164219,0.946667,0.946667
0.164620,0.946667,0.946667
0.165021,0.946667,0.946667
0.165422,0.946667,0.946667
0.165824,0.946667,0.946667
0.166226,0.946667,0.946667
0.166627,0.946667,0.946667
0.167029,0.946667,0.946667
0.167430,0.946667,0.946667
0.167831,0.946667,0.946667
0.168232,0.946667,0.946667
0.168633,0.946667,0.946667
0.169035,0.946667,0.946667
0.169437,0.946667,0.946667
0.169838,0.946667,0.946667
0.170239,0.946667,0.946667
0.170642,0.946667,0.946667
0.171043,0.946667,0.946667
0.171445,0.946667,0.946667
0.171846,0.946667,0.946667
0.172247,0.946667,0.946667
0.172650,0.946667,0.946667
0.173051,0.946667,0.946667
0.173453,0.946667,0.946667
0.173855,0.946667,0.946667
0.174257,0.946667,0.946667
0.174658,0.946667,0.946667
0.175059,0.946667,0.946667
0.175461,0.946667,0.946667
0.175863,0.946667,0.946667
0.176266,0.946667,0.946667
0.176667,0.946667,0.946667
0.177070,0.946667,0.946667
0.177472,0.946667,0.946667
0.177873,0.946667,0.946667
0.178274,0.946667,0.946667
0.178675,0.946667,0.946667
0.179077,0.946667,0.946667
0.179478,0.946667,0.946667
0.179879,0.946667,0.946667
0.180280,0.946667,0.946667
0.180681,0.946667,0.946667
0.181083,0.946667,0.946667
0.181484,0.946667,0.946667
0.181885,0.946667,0.946667
0.182287,0.946667,0.946667
0.182688,0.946667,0.946667
0.183090,0.946667,0.946667
0.183493,0.946667,0.946667
0.183894,0.946667,0.946667
0.184295,0.946667,0.946667
0.184696,0.946667,0.946667
0.185098,0.946667,0.946667
0.185499,0.946667,0.946667
0.185900,0.946667,0.946667
0.186301,0.946667,0.946667
0.186702,0.946667,0.946667
0.187104,0.946667,0.946667
0.187505,0.946667,0.946667
0.187906,0.946667,0.946667
0.188307,0.946667,0.946667
0.188708,0.946667,0.946667
0.189110,0.946667,0.946667
0.189511,0.946667,0.946667
0.189913,0.946667,0.946667
0.190314,0.946667,0.946667
0.190715,0.946667,0.946667
0.191117,0.946667,0.946667
0.191518,0.946667,0.946667
0.191920,0.946667,0.946667
0.192321,0.946667,0.946667
0.192722,0.946667,0.946667
0.193124,0.946667,0.946667
0.193525,0.946667,0.946667
0.193926,0.946667,0.946667
0.194327,0.946667,0.946667
0.194728,0.946667,0.946667
0.195130,0.946667,0.946667
0.195533,0.946667,0.946667
0.195935,0.946667,0.946667
0.196336,0.946667,0.946667
0.196737,0.946667,0.946667
0.197139,0.946667,0.946667
0.197541,0.946667,0.946667
0.197942,0.946667,0.946667
0.198344,0.946667,0.946667
0.198745,0.946667,0.946667
0.199146,0.946667,0.946667
0.199547,0.946667,0.946667
0.199948,0.946667,0.946667
0.200350,0.946667,0.946667
0.200751,0.946667,0.946667
0.201152,0.946667,0.946667
0.201553,0.946667,0.946667
0.201955,0.946667,0.946667
0.202356,0.946667,0.946667
0.202759,0.946667,0.946667
0.203160,0.946667,0.946667
0.203561,0.946667,0.946667
0.203962,0.946667,0.946667
0.204364,0.946667,0.946667
0.204766,0.946667,0.946667
0.205167,0.946667,0.946667
0.205568,0.946667,0.946667
0.205969,0.946667,0.946667
0.206371,0.946667,0.946667
0.206773,0.946667,0.946667
0.207175,0.946667,0.946667
0.207576,0.946667,0.946667
0.207977,0.946667,0.946667
0.208378,0.946667,0.946667
0.208779,0.946667,0.946667
0.209180,0.946667,0.946667
0.209583,0.946667,0.946667
0.209985,0.946667,0.946667
0.210387,0.946667,0.946667
0.210788,0.946667,0.946667
0.211190,0.946667,0.946667
0.211591,0.946667,0.946667
0.211992,0.946667,0.946667
0.212394,0.946667,0.946667
0.212795,0.946667,0.946667
0.213197,0.946667,0.946667
0.213598,0.946667,0.946667
0.213999,0.946667,0.946667
0.214400,0.946667,0.946667
0.214802,0.946667,0.946667
0.215204,0.946667,0.946667
0.215605,0.946667,0.946667
0.216006,0.946667,0.946667
0.216407,0.946667,0.946667
0.216808,0.946667,0.946667
0.217210,0.946667,0.946667
0.217611,0.946667,0.946667
0.218012,0.946667,0.946667
0.218414,0.946667,0.946667
0.218816,0.946667,0.946667
0.219218,0.946667,0.946667
0.219620,0.946667,0.946667
0.220021,0.946667,0.946667
0.220422,0.946667,0.946667
0.220823,0.946667,0.946667
0.221225,0.946667,0.946667
0.221626,0.946667,0.946667
0.222028,0.946667,0.946667
0.222430,0.946667,0.946667
0.222832,0.946667,0.946667
0.223233,0.946667,0.946667
0.223634,0.946667,0.946667
0.224036,0.946667,0.946667
0.224437,0.946667,0.946667
0.224838,0.946667,0.946667
0.225239,0.946667,0.946667
0.225640,0.946667,0.946667
0.226042,0.946667,0.946667
0.226443,0.946667,0.946667
0.226844,0.946667,0.946667
0.227246,0.946667,0.946667
0.227647,0.946667,0.946667
0.228048,0.946667,0.946667
0.228450,0.946667,0.946667
0.228851,0.946667,0.946667
0.229253,0.946667,0.946667
0.229654,0.946667,0.946667
0.230056,0.946667,0.946667
0.230458,0.946667,0.946667
0.230861,0.946667,0.946667
0.231262,0.946667,0.946667
0.231663,0.946667,0.946667
0.232064,0.946667,0.946667
0.232465,0.946667,0.946667
0.232866,0.946667,0.946667
0.233267,0.946667,0.946667
0.233670,0.946667,0.946667
0.234072,0.946667,0.946667
0.234473,0.946667,0.946667
0.234875,0.946667,0.946667
0.235276,0.946667,0.946667
0.235677,0.946667,0.946667
0.236078,0.946667,0.946667
0.236479,0.946667,0.946667
0.236880,0.946667,0.946667
0.237281,0.946667,0.946667
0.237683,0.946667,0.946667
0.238085,0.946667,0.946667
0.238487,0.946667,0.946667
0.238889,0.946667,0.946667
0.239291,0.946667,0.946667
0.239693,0.946667,0.946667
0.240094,0.946667,0.946667
0.240496,0.946667,0.946667
0.240897,0.946667,0.946667
0.241299,0.946667,0.946667
0.241702,0.946667,0.946667
0.242104,0.946667,0.946667
0.242505,0.946667,0.946667
0.242907,0.946667,0.946667
0.243308,0.946667,0.946667
0.243710,0.946667,0.946667
0.244111,0.946667,0.946667
0.244512,0.946667,0.946667
0.244913,0.946667,0.946667
0.245314,0.946667,0.946667
0.245715,0.946667,0.946667
0.246117,0.946667,0.946667
0.246518,0.946667,0.946667
0.246920,0.946667,0.946667
0.247321,0.946667,0.946667
0.247722,0.946667,0.946667
0.248124,0.946667,0.946667
0.248525,0.946667,0.946667
0.248926,0.946667,0.946667
0.249328,0.946667,0.946667
0.249730,0.946667,0.946667
0.250132,0.946667,0.946667
0.250533,0.946667,0.946667
0.250934,0.946667,0.946667
0.251335,0.946667,0.946667
0.251736,0.946667,0.946667
0.252138,0.946667,0.946667
0.252540,0.946667,0.946667
0.252942,1.120000,0.946667
0.253343,0.946667,0.946667
0.253745,0.946667,0.946667
0.254146,0.946667,0.946667
0.254547,0.946667,0.946667
0.254949,0.946667,0.946667
0.255351,0.946667,0.946667
0.255753,0.946667,0.946667
0.256154,0.946667,0.946667
0.256556,0.946667,0.946667
0.256958,0.946667,0.946667
0.257359,0.946667,0.946667
0.257760,0.946667,0.946667
0.258163,0.946667,0.946667
0.258565,0.960000,0.946667
0.258966,0.953333,0.946667
0.259367,0.973333,0.946667
0.259768,1.086667,0.946667
0.260169,1.226667,0.946667
0.260570,1.020000,0.946667
0.260971,0.980000,0.946667
0.261373,1.013333,0.946667
0.261775,1.033333,0.946667
0.262178,1.040000,0.946667
0.262579,1.046667,0.946667
0.262981,1.066667,0.946667
0.263383,1.126667,0.946667
0.263784,1.073333,0.953333
0.264186,1.100000,1.026667
0.264587,1.113333,1.000000
0.264988,1.113333,1.160000
0.265389,1.113333,0.946667
0.265790,1.120000,1.006667
0.266192,1.126667,1.020000
0.266593,1.253333,1.013333
0.266995,1.140000,1.020000
0.267396,1.166667,1.053333
0.267798,1.166667,1.053333
0.268199,1.186667,1.026667
0.268600,1.220000,1.133333
0.269001,1.206667,1.113333
0.269402,1.226667,1.086667
0.269804,1.213333,1.100000
0.270205,1.240000,1.113333
0.270606,1.240000,1.053333
0.271008,1.266667,1.053333
0.271409,1.280000,1.126667
0.271810,1.260000,1.153333
0.272212,1.320000,1.193333
0.272613,1.406667,1.033333
0.273015,1.393333,1.226667
0.273416,1.340000,1.193333
0.273819,1.340000,1.200000
0.274220,1.360000,1.226667
0.274621,1.360000,1.206667
0.275023,1.393333,1.206667
0.275424,1.386667,1.226667
0.275826,1.393333,1.246667
0.276227,1.433333,1.246667
0.276630,1.440000,1.280000
0.277031,1.446667,1.300000
0.277432,1.426667,1.300000
0.277833,1.480000,1.306667
0.278234,1.486667,1.326667
0.278635,1.460000,1.286667
0.279036,1.513333,1.360000
0.279437,1.520000,1.360000
0.279838,1.586667,1.360000
0.280239,1.500000,1.386667
0.280640,1.566667,1.386667
0.281042,1.620000,1.380000
0.281443,1.546667,1.420000
0.281844,1.533333,1.386667
0.282246,1.586667,1.426667
0.282647,1.620000,1.480000
0.283049,1.620000,1.466667
0.283450,1.620000,1.453333
0.283851,1.646667,1.513333
0.284253,1.660000,1.500000
0.284655,1.653333,1.520000
0.285056,1.713333,1.480000
0.285457,1.706667,1.546667
0.285858,1.693333,1.573333
0.286260,1.680000,1.566667
0.286661,1.740000,1.566667
0.287062,1.726667,1.573333
0.287463,1.760000,1.613333
0.287865,1.780000,1.640000
0.288267,1.773333,1.826667
0.288668,1.840000,1.620000
0.289070,1.813333,1.646667
0.289471,1.833333,1.666667
0.289872,1.833333,1.726667
0.290274,1.880000,1.693333
0.290676,1.880000,1.693333
0.291077,1.893333,1.680000
0.291478,1.866667,1.726667
0.291879,1.966667,1.733333
0.292280,1.906667,1.733333
0.292681,1.960000,1.760000
0.293083,1.946667,1.760000
0.293484,1.980000,1.706667
0.293885,1.980000,1.753333
0.294287,1.980000,1.800000
0.294690,2.020000,1.786667
0.295091,1.953333,1.846667
0.295492,2.040000,1.846667
0.295893,2.080000,1.840000
0.296294,2.086667,1.880000
0.296695,2.120000,1.906667
0.297097,1.960000,1.793333
0.297499,1.940000,1.893333
0.297900,2.080000,1.946667
0.298302,2.160000,1.940000
0.298704,2.160000,1.973333
0.299105,2.160000,1.986667
0.299506,2.180000,2.000000
0.299907,2.220000,2.013333
0.300308,2.226666,2.033333
0.300709,2.226666,2.013333
0.301111,2.260000,2.046667
0.301513,2.266667,2.080000
0.301914,2.280000,2.033333
0.302316,2.266667,2.073333
0.302717,2.266667,2.080000
0.303118,2.346667,2.093333
0.303519,2.320000,2.133333
0.303921,2.326667,2.126667
0.304322,2.360000,2.166667
0.304725,2.393333,2.173333
0.305126,2.413333,2.186667
0.305529,2.420000,2.180000
0.305930,2.433333,2.233333
0.306331,2.466667,2.246667
0.306732,2.446667,2.226666
0.307133,2.466667,2.260000
0.307534,2.493333,2.280000
0.307936,2.513333,2.246667
0.308337,2.533333,2.280000
0.308738,2.546667,2.306667
0.309140,2.540000,2.333333
0.309541,2.566667,2.326667
0.309942,2.520000,2.360000
0.310343,2.546667,2.386667
0.310745,2.620000,2.400000
0.311146,2.633333,2.426666
0.311547,2.600000,2.406667
0.311949,2.660000,2.420000
0.312351,2.686666,2.473333
0.312752,2.733333,2.500000
0.313153,2.720000,2.460000
0.313555,2.740000,2.380000
0.313956,2.733333,2.540000
0.314357,2.740000,2.520000
0.314758,2.653333,2.586667
0.315159,2.853333,2.540000
0.315562,2.813333,2.580000
0.315963,2.833333,2.613333
0.316364,2.846667,2.613333
0.316765,2.880000,2.613333
0.317167,2.886667,2.613333
0.317569,2.873333,2.653333
0.317971,2.940000,2.706666
0.318373,2.946667,2.686666
0.318774,2.953333,2.700000
0.319175,2.960000,2.706666
0.319576,3.000000,2.726667
0.319978,2.986667,2.793333
0.320380,3.033333,2.760000
0.320781,3.066667,2.820000
0.321183,3.060000,2.793333
0.321584,3.006667,2.793333
0.321986,3.133333,2.866667
0.322387,3.093333,2.846667
0.322789,3.133333,2.800000
0.323192,3.133333,2.880000
0.323593,3.140000,2.906667
0.323994,3.186666,2.913333
0.324395,3.200000,2.946667
0.324796,3.180000,2.920000
0.325197,3.260000,2.960000
0.325600,3.260000,2.960000
0.326001,3.293333,3.000000
0.326402,3.293333,2.980000
0.326803,3.320000,3.040000
0.327205,3.320000,3.073333
0.327606,3.353333,3.053333
0.328008,3.340000,3.086667
0.328410,3.406667,3.020000
0.328812,3.400000,3.120000
0.329213,3.426666,3.140000
0.329614,3.440000,3.133333
0.330016,3.426666,3.080000
0.330418,3.486667,3.126667
0.330821,3.480000,3.133333
0.331224,3.406667,3.146667
0.331625,3.560000,3.220000
0.332027,3.593333,3.233333
0.332428,3.526666,3.286667
0.332829,3.520000,3.300000
0.333231,3.593333,3.313333
0.333632,3.600000,3.313333
0.334033,3.633333,3.360000
0.334435,3.646667,3.353333
0.334836,3.686666,3.366667
0.335238,3.666667,3.373333
0.335639,3.726667,3.486667
0.336041,3.706666,3.380000
0.336442,3.786667,3.426666
0.336843,3.766667,3.446667
0.337245,3.786667,3.480000
0.337646,3.826667,3.486667
0.338048,3.880000,3.500000
0.338449,3.900000,3.486667
0.338852,3.886667,3.500000
0.339253,3.873333,3.560000
0.339654,4.006667,3.620000
0.340056,3.913333,3.493333
0.340458,3.966667,3.620000
0.340861,3.986666,3.633333
0.341262,4.006667,3.560000
0.341665,4.020000,3.666667
0.342070,4.026666,3.673333
0.342471,4.060000,3.740000
0.342872,4.053333,3.720000
0.343273,4.100000,3.733333
0.343674,4.133333,3.733333
0.344076,4.120000,3.886667
0.344477,4.126667,3.826667
0.344878,4.173333,3.806666
0.345280,4.146667,3.886667
0.345681,4.126667,3.880000
0.346083,4.240000,3.986666
0.346484,4.240000,3.913333
0.346885,4.280000,3.926666
0.347286,4.320000,3.920000
0.347687,4.300000,3.993333
0.348089,4.320000,3.933333
0.348490,4.420000,4.013333
0.348892,4.420000,4.020000
0.349293,4.380000,4.033333
0.349694,4.406667,4.053333
0.350096,4.426666,4.093333
0.350498,4.466667,4.080000
0.350899,4.460000,4.113333
0.351301,4.500000,4.113333
0.351702,4.533333,4.186666
0.352104,4.540000,4.173333
0.352505,4.493333,4.173333
0.352908,4.553333,4.206666
0.353309,4.620000,4.266666
0.353711,4.600000,4.280000
0.354112,4.646667,4.293333
0.354513,4.660000,4.280000
0.354916,4.613333,4.293333
0.355318,4.693333,4.366666
0.355719,4.693333,4.406667
0.356120,4.753333,4.386666
0.356521,4.786666,4.353333
0.356922,4.826666,4.420000
0.357324,4.800000,4.426666
0.357726,4.853333,4.446667
0.358127,4.853333,4.453333
0.358529,4.840000,4.500000
0.358930,4.873333,4.506667
0.359332,4.913333,4.453333
0.359734,4.926667,4.460000
0.360137,4.913333,4.540000
0.360539,4.980000,4.700000
0.360941,4.986667,4.546667
0.361342,5.060000,4.646667
0.361744,5.013333,4.653333
0.362146,5.060000,4.660000
0.362547,5.080000,4.666667
0.362948,5.120000,4.680000
0.363350,5.100000,4.713333
0.363751,5.020000,4.740000
0.364152,5.226666,4.793333
0.364553,5.186666,4.786666
0.364955,5.133333,4.853333
0.365357,5.333333,4.813333
0.365758,5.246666,4.840000
0.366159,5.253333,4.873333
0.366560,5.300000,4.953333
0.366961,5.320000,4.906667
0.367362,5.360000,4.940000
0.367763,5.353333,4.926667
0.368165,5.393333,5.053333
0.368566,5.400000,4.966667
0.368968,5.426667,5.060000
0.369369,5.426667,5.026667
0.369771,5.493333,5.040000
0.370173,5.506666,5.060000
0.370576,5.533333,5.046667
0.370977,5.513333,5.100000
0.371379,5.533333,5.140000
0.371780,5.613333,5.180000
0.372182,5.733333,5.186666
0.372584,5.606667,5.200000
0.372985,5.713333,5.273333
0.373386,5.626667,5.240000
0.373787,5.686666,5.273333
0.374188,5.700000,5.300000
0.374591,5.753333,5.320000
0.374992,5.766666,5.340000
0.375394,5.780000,5.353333
0.375796,5.786666,5.360000
0.376198,5.833333,5.406666
0.376601,5.840000,5.406666
0.377002,5.873333,5.426667
0.377403,5.900000,5.446666
0.377804,5.900000,5.486667
0.378206,5.846666,5.493333
0.378607,5.966666,5.573333
0.379009,5.993333,5.553333
0.379410,6.000000,5.553333
0.379811,6.013333,5.580000
0.380212,6.060000,5.593333
0.380613,6.133333,5.733333
0.381014,6.060000,5.686666
0.381416,6.120000,5.760000
0.381817,6.146667,5.686666
0.382220,6.186666,5.700000
0.382621,6.180000,5.746666
0.383023,6.213333,5.760000
0.383424,6.220000,5.760000
0.383825,6.273333,5.786666
0.384226,6.286667,5.833333
0.384627,6.286667,5.853333
0.385029,6.320000,5.880000
0.385430,6.366666,5.866666
0.385831,6.353333,5.980000
0.386233,6.406667,5.940000
0.386635,6.453333,5.940000
0.387037,6.453333,5.886667
0.387438,6.493333,5.846666
0.387841,6.553333,6.020000
0.388242,6.520000,6.053333
0.388644,6.506667,6.240000
0.389046,6.560000,6.126667
0.389448,6.646667,6.073333
0.389849,6.680000,6.120000
0.390250,6.653333,6.140000
0.390651,6.686666,6.146667
0.391052,6.720000,6.120000
0.391454,6.700000,6.200000
0.391855,6.700000,6.226666
0.392257,6.780000,6.226666
0.392658,6.813333,6.286667
0.393059,6.840000,6.326666
0.393461,6.853333,6.306666
0.393863,6.880000,6.313334
0.394265,6.906667,6.340000
0.394666,6.940000,6.413333
0.395071,6.913333,6.426666
0.395472,6.980000,6.446667
0.395873,6.993333,6.466667
0.396274,7.006667,6.466667
0.396677,7.040000,6.473333
0.397078,6.993333,6.500000
0.397479,7.060000,6.546667
0.397881,7.040000,6.540000
0.398282,7.106667,6.633333
0.398684,7.166667,6.740000
0.399085,7.180000,6.673334
0.399486,7.219999,6.786666
0.399888,7.253334,6.780000
0.400290,7.266667,6.760000
0.400693,7.300000,6.800000
0.401095,7.280000,6.800000
0.401496,7.340000,6.806667
0.401899,7.353333,6.826667
0.402301,7.366667,6.893333
0.402702,7.340000,6.926667
0.403104,7.466667,6.873333
0.403505,7.453333,6.926667
0.403906,7.493333,6.940000
0.404308,7.506667,6.966666
0.404709,7.566667,6.986666
0.405110,7.526666,7.006667
0.405511,7.513333,7.073333
0.405912,7.606667,6.986666
0.406313,7.633333,7.160000
0.406714,7.706666,7.140000
0.407115,7.660000,6.993333
0.407517,7.686666,7.160000
0.407918,7.753333,7.166667
0.408319,7.713333,7.200000
0.408720,7.766666,7.200000
0.409121,7.793334,7.193333
0.409522,7.793334,7.246666
0.409924,7.893333,7.306666
0.410326,7.873333,7.260000
0.410729,7.886666,7.346666
0.411131,7.886666,7.340000
0.411533,7.980000,7.386667
0.411934,7.960000,7.413333
0.412335,7.973333,7.500000
0.412737,8.053332,7.373333
0.413138,8.040000,7.486667
0.413539,8.066667,7.466667
0.413941,8.073333,7.533333
0.414343,8.193333,7.533333
0.414745,8.120000,7.866666
0.415146,8.146667,7.573333
0.415548,8.200000,7.600000
0.415949,8.220000,7.620000
0.416351,8.220000,7.626667
0.416753,8.273334,7.686666
0.417156,8.400000,7.633333
0.417557,8.306666,7.686666
0.417960,8.346666,7.706666
0.418362,8.366667,7.746666
0.418763,8.346666,7.813334
0.419165,8.453333,7.853333
0.419566,8.420000,7.880000
0.419968,8.460000,7.866666
0.420370,8.506666,7.900000
0.420771,8.506666,7.900000
0.421172,8.566667,7.953333
0.421573,8.560000,7.960000
0.421976,8.560000,7.946667
0.422377,8.620000,8.006666
0.422778,8.586666,8.013333
0.423179,8.813334,8.040000
0.423580,8.673333,8.120000
0.423982,8.740000,8.053332
0.424383,8.853333,8.113333
0.424785,8.746667,8.106667
0.425186,8.780000,8.160000
0.425587,8.826667,8.253333
0.425988,8.833333,8.200000
0.426390,8.853333,8.206666
0.426791,8.933333,8.286667
0.427192,8.920000,8.300000
0.427593,8.719999,8.300000
0.427995,8.946667,8.360000
0.428396,8.960000,8.333333
0.428797,9.013333,8.386666
0.429200,9.039999,8.460000
0.429601,9.066667,8.420000
0.430002,9.086667,8.453333
0.430403,9.066667,8.453333
0.430805,9.186666,8.486667
0.431206,9.066667,8.506666
0.431608,9.200000,8.553333
0.432009,9.140000,8.560000
0.432410,9.246666,8.613334
0.432811,9.260000,8.653333
0.433213,9.260000,8.579999
0.433614,9.340000,8.653333
0.434016,9.306666,8.653333
0.434418,9.320000,8.733333
0.434819,9.346666,8.746667
0.435220,9.400000,8.740000
0.435621,9.460000,8.780000
0.436023,9.466666,8.793333
0.436424,9.526667,8.820000
0.436825,9.540000,8.913333
0.437226,9.566666,8.913333
0.437628,9.566666,8.906666
0.438029,9.653333,8.860000
0.438431,9.586666,8.933333
0.438832,9.666667,8.946667
0.439233,9.606667,9.000000
0.439634,9.713333,8.913333
0.440035,9.733334,8.953334
0.440436,9.780000,9.146667
0.440837,9.786667,9.013333
0.441238,9.820000,9.080000
0.441639,9.853333,9.093333
0.442041,9.853333,9.126666
0.442442,9.900000,9.193333
0.442845,9.920000,9.206667
0.443246,9.933333,9.233333
0.443647,9.973333,9.266666
0.444049,10.013333,9.280000
0.444451,9.993333,9.293333
0.444852,10.066667,9.340000
0.445253,10.040000,9.340000
0.445654,10.073334,9.346666
0.446056,10.106667,9.346666
0.446458,10.140000,9.346666
0.446859,10.173333,9.453333
0.447260,10.120000,9.553333
0.447661,10.179999,9.493333
0.448062,10.240000,9.606667
0.448463,10.186666,9.613334
0.448864,10.313334,9.593333
0.449265,10.240000,9.600000
0.449666,10.340000,9.613334
0.450071,10.360000,9.613334
0.450472,10.413333,9.673333
0.450875,10.400000,9.706666
0.451277,10.426666,9.706666
0.451678,10.480000,9.773333
0.452079,10.500000,9.759999
0.452480,10.426666,9.793333
0.452883,10.580000,9.753333
0.453285,10.506666,9.826666
0.453686,10.586667,9.753333
0.454089,10.613333,9.793333
0.454490,10.639999,9.906666
0.454891,10.673333,9.959999
0.455292,10.733334,10.053333
0.455693,10.700000,10.000000
0.456095,10.759999,10.120000
0.456496,10.740000,10.040000
0.456898,10.780000,10.046666
0.457300,10.833333,10.073334
0.457702,10.840000,10.093333
0.458104,10.866667,10.133333
0.458505,10.946666,10.126667
0.458906,10.946666,10.153333
0.459307,10.953333,10.166666
0.459708,11.000000,10.219999
0.460110,11.006666,10.240000
0.460511,11.040000,10.226666
0.460913,11.033333,10.320000
0.461314,11.060000,10.146667
0.461715,11.093333,10.320000
0.462117,11.120000,10.380000
0.462518,11.139999,10.393333
0.462919,11.133333,10.406667
0.463320,11.166666,10.446667
0.463721,11.219999,10.493333
0.464124,11.240000,10.480000
0.464525,11.260000,10.500000
0.464926,11.293333,10.533334
0.465327,11.313334,10.500000
0.465730,11.366667,10.566667
0.466131,11.420000,10.613333
0.466532,11.400000,10.620000
0.466933,11.440000,10.653334
0.467335,11.460000,10.679999
0.467738,11.480000,10.679999
0.468139,11.520000,10.766666
0.468540,11.486667,10.786667
0.468942,11.539999,10.786667
0.469343,11.686666,10.780000
0.469746,11.646667,10.806666
0.470147,11.626666,10.806666
0.470548,11.720000,10.840000
0.470949,11.706667,10.840000
0.471351,11.700000,10.913333
0.471752,11.720000,10.913333
0.472153,11.626666,11.020000
0.472554,11.746666,10.986667
0.472955,11.726666,10.966666
0.473356,11.780000,11.020000
0.473757,11.840000,11.053333
0.474158,11.866666,11.033333
0.474559,11.886666,11.099999
0.474960,11.913333,11.113334
0.475361,11.920000,11.153333
0.475762,11.960000,11.173333
0.476164,11.973333,11.193334
0.476567,11.999999,11.120000
0.476968,11.900000,11.206666
0.477369,12.066666,11.253333
0.477770,12.106667,11.300000
0.478172,12.106667,11.313334
0.478573,12.093333,11.280000
0.478975,12.213333,11.366667
0.479376,12.206666,11.313334
0.479777,12.246667,11.360000
0.480179,12.246667,11.446667
0.480580,12.240000,11.373333
0.480981,12.273333,11.480000
0.481382,12.346666,11.453334
0.481784,12.393332,11.513333
0.482185,12.406666,11.513333
0.482588,12.426666,11.533333
0.482989,12.420000,11.539999
0.483391,12.459999,11.580000
0.483792,12.459999,11.599999
0.484193,12.513333,11.666666
0.484594,12.546666,11.740000
0.484995,12.513333,11.679999
0.485396,12.593333,11.733333
0.485797,12.593333,11.726666
0.486199,12.620000,11.746666
0.486600,12.646667,11.746666
0.487001,12.693334,11.753333
0.487403,12.706667,11.820000
0.487804,12.746666,11.906667
0.488206,12.760000,11.879999
0.488607,12.820000,11.893333
0.489009,12.833333,11.733333
0.489410,12.813334,11.946667
0.489812,12.846666,12.033333
0.490213,12.866666,11.999999
0.490615,12.873333,12.006666
0.491016,12.926666,11.999999
0.491417,12.933333,11.999999
0.491818,12.946667,12.059999
0.492219,13.046666,12.093333
0.492622,12.960000,12.333333
0.493023,13.026667,12.106667
0.493425,13.033334,12.273333
0.493827,12.966667,12.206666
0.494228,13.053332,12.240000
0.494629,13.139999,12.246667
0.495030,12.993333,12.246667
0.495432,13.233334,12.280000
0.495834,13.200000,12.326666
0.496237,13.206666,12.339999
0.496638,13.246666,12.339999
0.497039,13.226666,12.326666
0.497440,13.246666,12.346666
0.497841,13.400000,12.613333
0.498243,13.393333,12.453333
0.498644,13.360000,12.433333
0.499045,13.393333,12.506667
0.499446,13.373333,12.493333
0.499847,13.453332,12.559999
0.500248,13.460000,12.566667
0.500649,13.506666,12.586666
0.501051,13.520000,12.613333
0.501452,13.546667,12.626667
0.501853,13.586667,12.666666
0.502255,13.559999,12.733333
0.502656,13.633333,12.686666
0.503058,13.693333,12.806666
0.503459,13.653334,12.740000
0.503860,13.666666,12.760000
0.504261,13.686666,12.766666
0.504664,13.753333,12.946667
0.505065,13.686666,12.799999
0.505466,13.759999,12.826667
0.505867,13.793333,12.926666
0.506268,13.753333,12.886666
0.506669,13.733333,12.926666
0.507071,13.853333,12.946667
0.507472,13.873334,12.940000
0.507874,13.886666,12.953333
0.508275,13.913332,13.000000
0.508676,13.920000,12.973333
0.509078,13.986667,13.046666
0.509479,14.006667,13.040000
0.509880,13.966666,13.059999
0.510281,14.080000,13.006666
0.510682,14.053333,13.133333
0.511084,14.073334,13.146667
0.511485,14.113334,13.026667
0.511886,14.140000,13.193333
0.512287,14.153333,13.200000
0.512688,14.173332,13.240000
0.513090,14.200001,13.179999
0.513491,14.180000,13.213333
0.513893,14.226666,13.259999
0.514294,14.233333,13.266666
0.514695,14.273334,13.313333
0.515097,14.340000,13.366667
0.515498,14.320000,13.346667
0.515899,14.353333,13.426666
0.516301,14.380000,13.440000
0.516703,14.386666,13.440000
0.517104,14.420000,13.460000
0.517505,14.526666,13.460000
0.517906,14.486667,13.506666
0.518307,14.506667,13.520000
0.518708,14.520000,13.539999
0.519110,14.540000,13.559999
0.519511,14.573334,13.593333
0.519912,14.546666,13.653334
0.520314,14.606667,13.440000
0.520715,14.613333,13.646666
0.521117,14.646667,13.733333
0.521518,14.679999,13.700000
0.521920,14.659999,13.700000
0.522321,14.713333,13.759999
0.522722,14.733334,13.759999
0.523125,14.753333,13.799999
0.523526,14.826666,13.820000
0.523928,14.800000,13.820000
0.524330,14.880000,13.793333
0.524731,14.873333,13.906666
0.525132,15.213333,13.866666
0.525533,14.873333,13.900000
0.525935,14.899999,13.940001
0.526336,14.919999,13.960000
0.526737,14.946667,13.966666
0.527139,14.953333,13.966666
0.527540,14.953333,13.886666
0.527942,14.953333,14.006667
0.528343,15.006666,14.033333
0.528744,15.033334,14.046667
0.529145,15.113333,14.093333
0.529548,15.153333,14.113334
0.529949,15.139999,14.120000
0.530351,15.146667,14.140000
0.530752,15.213333,14.166666
0.531153,15.293332,14.153333
0.531554,15.240000,14.173332
0.531956,15.266666,14.386666
0.532358,15.280000,14.253333
0.532761,15.306666,14.306665
0.533162,15.300000,14.293333
0.533564,15.373333,14.353333
0.533965,15.386667,14.433332
0.534367,15.393333,14.346666
0.534768,15.393333,14.353333
0.535169,15.440000,14.413333
0.535571,15.460000,14.413333
0.535972,15.440000,14.506667
0.536374,15.520000,14.433332
0.536775,15.526667,14.433332
0.537176,15.560000,14.540000
0.537578,15.579999,14.513333
0.537979,15.593333,14.533334
0.538381,15.626667,14.540000
0.538784,15.586667,14.573334
0.539185,15.593333,14.580000
0.539586,15.733333,14.633332
0.539988,15.706666,14.646667
0.540389,15.726666,14.646667
0.540790,15.753332,14.640000
0.541192,15.766666,14.659999
0.541593,15.780001,14.719999
0.541994,15.806666,14.706667
0.542396,15.866667,14.713333
0.542797,15.860000,14.719999
0.543199,15.866667,14.780000
0.543600,15.893333,14.813333
0.544002,15.886665,14.813333
0.544404,15.933333,14.846666
0.544806,15.946666,14.853333
0.545208,16.320000,14.866667
0.545609,16.006666,14.906667
0.546011,16.013332,14.926667
0.546413,16.046667,14.886666
0.546814,16.053333,14.953333
0.547217,16.080000,14.953333
0.547618,16.106665,14.899999
0.548020,16.119999,14.906667
0.548422,16.139999,15.073333
0.548824,16.166666,15.080000
0.549225,16.186666,15.060000
0.549626,16.206667,15.106667
0.550028,16.219999,15.126667
0.550429,16.259998,15.153333
0.550830,16.366665,15.173333
0.551232,16.233332,15.153333
0.551633,16.313334,15.213333
0.552035,16.320000,15.106667
0.552437,16.326666,15.219999
0.552838,16.359999,15.206666
0.553239,16.353333,15.333333
0.553640,16.413332,15.133333
0.554042,16.480000,15.306666
0.554443,16.446667,15.313333
0.554846,16.539999,15.466666
0.555247,16.506666,15.366667
0.555648,16.519999,15.213333
0.556049,16.533333,15.393333
0.556450,16.546667,15.460000
0.556851,16.559999,15.466666
0.557252,16.600000,15.460000
0.557653,16.633331,15.493332
0.558055,16.660000,15.486666
0.558457,16.633331,15.493332
0.558859,16.680000,15.533333
0.559260,16.719999,15.546666
0.559662,16.700001,15.573333
0.560063,16.740000,15.586667
0.560464,16.759998,15.660000
0.560865,16.766666,15.660000
0.561266,16.786665,15.646666
0.561668,16.766666,15.700000
0.562071,16.786665,15.720000
0.562472,16.820000,15.686666
0.562873,16.826666,15.673333
0.563274,16.860001,15.740000
0.563675,16.866667,15.833333
0.564077,16.826666,15.746666
0.564478,16.906666,15.799999
0.564880,16.920000,15.826667
0.565281,16.900000,15.786667
0.565682,16.946667,15.819999
0.566084,16.939999,15.826667
0.566485,16.953333,15.833333
0.566886,16.953333,15.886665
0.567287,16.986668,15.906666
0.567688,17.019999,15.946666
0.568090,17.033333,16.026667
0.568491,17.033333,15.973332
0.568893,17.053333,15.980000
0.569294,17.046665,15.973332
0.569695,17.100000,16.006666
0.570097,17.100000,16.059999
0.570498,17.133333,16.046667
0.570900,17.133333,16.066668
0.571301,17.173332,16.099998
0.571702,17.179998,16.126665
0.572104,17.179998,16.180000
0.572505,17.133333,16.113333
0.572906,17.073334,16.153334
0.573308,17.073334,16.133333
0.573710,17.293333,16.219999
0.574111,17.266666,16.186666
0.574513,17.279999,16.219999
0.574915,17.299999,16.259998
0.575318,17.286665,16.246666
0.575720,17.313332,16.266666
0.576121,17.326666,16.259998
0.576523,17.346666,16.286667
0.576924,17.346666,16.340000
0.577326,17.380001,16.293333
0.577727,17.413332,16.346666
0.578129,17.426666,16.366665
0.578531,17.473333,16.486666
0.578932,17.439999,16.333334
0.579338,17.426666,16.499998
0.579739,17.473333,16.420000
0.580140,17.486666,16.353333
0.580541,17.580000,16.446667
0.580943,17.533333,16.473333
0.581344,17.666666,16.466667
0.581745,17.466665,16.473333
0.582146,17.566666,16.473333
0.582547,17.606667,16.526667
0.582948,17.613333,16.526667
0.583349,17.606667,16.593334
0.583750,17.646667,16.653332
0.584151,17.653334,16.593334
0.584553,17.693333,16.626665
0.584954,17.693333,16.639999
0.585356,17.699999,16.653332
0.585758,17.753334,16.619999
0.586160,17.733334,16.673332
0.586561,17.726665,16.719999
0.586962,17.753334,16.713333
0.587364,17.753334,16.740000
0.587765,17.793333,16.766666
0.588166,17.799999,16.806665
0.588567,17.840000,16.853334
0.588969,17.826666,16.806665
0.589370,17.853333,16.779999
0.589771,17.879999,16.786665
0.590173,17.886667,16.840000
0.590575,17.900000,16.833334
0.590977,17.893333,16.846666
0.591378,17.900000,16.853334
0.591779,17.906668,16.833334
0.592180,17.946665,16.860001
0.592581,17.913334,16.853334
0.592982,17.893333,16.886665
0.593384,17.966665,16.900000
0.593785,17.986666,16.926666
0.594186,18.006666,16.900000
0.594588,18.013332,16.920000
0.594989,17.959999,16.959999
0.595391,18.033333,16.946667
0.595792,18.040001,16.920000
0.596193,18.059999,16.986668
0.596595,18.073332,16.980000
0.596996,18.106667,16.959999
0.597397,18.073332,17.046665
0.597798,18.099998,17.046665
0.598200,18.133333,17.013332
0.598602,18.146666,17.139999
0.599004,18.153334,17.053333
0.599406,18.166666,17.046665
0.599807,18.199999,17.113333
0.600208,18.193333,17.106667
0.600610,18.199999,17.126667
0.601011,18.233332,17.106667
0.601412,18.219999,17.126667
0.601813,18.273333,17.120001
0.602214,18.206665,17.240000
0.602616,18.280001,17.166666
0.603018,18.293333,17.186666
0.603420,18.299999,17.213333
0.603821,18.326666,17.233334
0.604223,18.333332,17.219999
0.604624,18.426666,17.219999
0.605025,18.339998,17.253334
0.605426,18.313334,17.260000
0.605827,18.386665,17.253334
0.606228,18.393333,17.293333
0.606630,18.393333,17.266666
0.607032,18.393333,17.306665
0.607433,18.406666,17.326666
0.607834,18.413334,17.333332
0.608236,18.420000,17.326666
0.608637,18.446667,17.366667
0.609038,18.480000,17.333332
0.609439,18.500000,17.386667
0.609840,18.446667,17.320000
0.610241,18.513332,17.333332
0.610642,18.486666,17.400000
0.611044,18.513332,17.386667
0.611445,18.440001,17.373333
0.611846,18.553333,17.446667
0.612247,18.580000,17.433332
0.612648,18.473331,17.473333
0.613050,18.593332,17.459999
0.613452,18.606665,17.513334
0.613854,18.626665,17.433332
0.614256,18.606665,17.539999
0.614657,18.633333,17.506666
0.615058,18.660000,17.606667
0.615460,18.660000,17.513334
0.615861,18.666666,17.526667
0.616262,18.646666,17.613333
0.616663,18.693333,17.539999
0.617065,18.719999,17.533333
0.617467,18.680000,17.606667
0.617868,18.753332,17.593332
0.618269,18.706667,17.506666
0.618670,18.746666,17.673332
0.619072,18.740000,17.639999
0.619473,18.766666,17.639999
0.619874,18.733332,17.653334
0.620275,18.766666,17.639999
0.620677,18.799999,17.626667
0.621078,18.820000,17.753334
0.621479,18.813334,17.693333
0.621880,18.826666,17.686666
0.622281,18.833334,17.666666
0.622682,18.920000,17.740000
0.623083,18.840000,17.733334
0.623484,18.820000,17.726665
0.623885,18.879999,17.746666
0.624286,18.886665,17.746666
0.624688,18.900000,17.793333
0.625090,18.893333,17.766666
0.625491,18.920000,17.813332
0.625892,18.933332,17.786667
0.626293,18.946667,17.799999
0.626694,18.953333,17.833332
0.627096,19.046667,17.753334
0.627497,18.980000,17.813332
0.627899,18.980000,17.859999
0.628300,18.986666,17.840000
0.628701,18.966667,17.826666
0.629104,19.073334,17.859999
0.629506,19.013332,17.846666
0.629908,19.013332,17.886667
0.630309,19.059999,17.886667
0.630710,19.093334,17.886667
0.631111,18.926666,17.906668
0.631512,19.033333,17.920000
0.631913,19.080000,17.913334
0.632314,19.086666,17.953333
0.632715,19.106667,17.926666
0.633117,19.033333,18.020000
0.633519,19.119999,17.973333
0.633921,19.093334,17.946665
0.634322,19.139999,17.966665
0.634724,19.093334,18.020000
0.635126,19.160000,17.980000
0.635527,19.153332,17.980000
0.635929,19.173332,18.020000
0.636331,19.206667,18.013332
0.636732,19.193333,18.020000
0.637133,19.259998,18.026667
0.637534,19.219999,18.086666
0.637936,19.219999,18.059999
0.638337,19.219999,18.040001
0.638739,19.213333,18.020000
0.639140,19.233334,18.079998
0.639542,19.266666,18.099998
0.639943,19.266666,18.079998
0.640344,19.253332,18.086666
0.640746,19.259998,18.086666
0.641147,19.293333,18.086666
0.641549,19.259998,18.106667
0.641950,19.299999,18.119999
0.642351,19.286665,18.106667
0.642753,19.306665,18.106667
0.643154,19.313334,18.146666
0.643555,19.299999,18.160000
0.643957,19.346666,18.599998
0.644358,19.360001,18.146666
0.644759,19.333334,18.126667
0.645160,19.340000,18.153334
0.645562,19.473333,18.160000
0.645963,19.360001,18.213333
0.646364,19.353334,18.180000
0.646765,19.386665,18.199999
0.647166,19.400000,18.173334
0.647567,19.379999,18.266666
0.647969,19.486668,18.226665
0.648371,19.379999,18.226665
0.648773,19.420000,18.233332
0.649174,19.420000,18.213333
0.649575,19.426666,18.286667
0.649976,19.433332,18.273333
0.650378,19.493334,18.173334
0.650779,19.459999,18.206665
0.651181,19.446667,18.273333
0.651583,19.559999,18.240000
0.651984,19.466667,18.253332
0.652385,19.466667,18.286667
0.652786,19.459999,18.280001
0.653187,19.506666,18.293333
0.653588,19.473333,18.320000
0.653989,19.446667,18.306667
0.654390,19.506666,18.280001
0.654791,19.480000,18.233332
0.655192,19.466667,18.286667
0.655593,19.486668,18.306667
0.655994,19.506666,18.293333
0.656395,19.533333,18.333332
0.656796,19.533333,18.199999
0.657197,19.573334,18.346666
0.657598,19.553333,18.373333
0.657999,19.580000,18.359999
0.658400,19.586666,18.346666
0.658801,19.486668,18.359999
0.659202,19.580000,18.386665
0.659604,19.586666,18.386665
0.660005,19.620001,18.359999
0.660407,19.559999,18.393333
0.660808,19.626667,18.453333
0.661210,19.620001,18.359999
0.661611,19.613333,18.393333
0.662012,19.626667,18.400000
0.662414,19.699999,18.406666
0.662815,19.626667,18.400000
0.663216,19.626667,18.473331
0.663618,19.719999,18.426666
0.664019,19.580000,18.420000
0.664420,19.633333,18.413334
0.664821,19.659998,18.500000
0.665222,19.659998,18.553333
0.665623,19.646666,18.420000
0.666024,19.639999,18.426666
0.666425,19.673332,18.440001
0.666826,19.679998,18.493332
0.667228,19.740000,18.459999
0.667630,19.679998,18.440001
0.668031,19.626667,18.406666
0.668432,19.639999,18.473331
0.668833,19.633333,18.473331
0.669235,19.686666,18.500000
0.669636,19.760000,18.566668
0.670037,19.706667,18.426666
0.670438,19.733334,18.506666
0.670839,19.713333,18.506666
0.671240,19.573334,18.426666
0.671641,19.713333,18.486666
0.672042,19.713333,18.493332
0.672443,19.740000,18.440001
0.672844,19.786665,18.446667
0.673246,19.746666,18.333332
0.673647,19.733334,18.459999
0.674048,19.746666,18.526667
0.674449,19.753334,18.526667
0.674850,19.740000,18.506666
0.675252,19.746666,18.526667
0.675654,19.760000,18.520000
0.676056,19.786665,18.539999
0.676457,19.733334,18.539999
0.676858,19.826666,18.520000
0.677259,19.799999,18.559999
0.677661,19.733334,18.520000
0.678063,19.753334,18.400000
0.678464,19.786665,18.559999
0.678866,19.779999,18.539999
0.679267,19.779999,18.520000
0.679668,19.793333,18.539999
0.680071,19.740000,18.539999
0.680472,19.686666,18.553333
0.680874,19.779999,18.453333
0.681275,19.753334,18.539999
0.681676,19.793333,18.446667
0.682077,19.799999,18.586666
0.682478,19.806665,18.533333
0.682880,19.786665,18.566668
0.683281,19.840000,18.593332
0.683682,19.813332,18.553333
0.684084,19.813332,18.546667
0.684485,19.786665,18.580000
0.684887,19.833332,18.586666
0.685289,19.833332,18.593332
0.685690,19.806665,18.573334
0.686091,19.833332,18.566668
0.686493,19.799999,18.693333
0.686894,19.826666,18.566668
0.687295,19.793333,18.599998
0.687696,19.773333,18.566668
0.688097,19.786665,18.593332
0.688499,19.840000,18.580000
0.688901,19.799999,18.606665
0.689302,19.866667,18.580000
0.689703,19.813332,18.553333
0.690104,19.833332,18.586666
0.690505,19.840000,18.599998
0.690906,19.826666,18.580000
0.691308,19.906666,18.599998
0.691709,19.840000,18.606665
0.692111,19.820000,18.613333
0.692512,19.840000,18.593332
0.692913,19.820000,18.646666
0.693314,19.806665,18.593332
0.693716,19.799999,18.639999
0.694118,19.853333,18.606665
0.694519,19.833332,18.619999
0.694920,19.806665,18.593332
0.695321,19.846666,18.613333
0.695722,19.840000,18.593332
0.696124,19.840000,18.599998
0.696525,19.833332,18.599998
0.696926,19.933332,18.586666
0.697327,19.840000,18.446667
0.697728,19.766666,18.593332
0.698130,19.813332,18.599998
0.698532,19.880001,18.633333
0.698934,19.820000,18.580000
0.699335,19.833332,18.613333
0.699737,19.826666,18.586666
0.700138,19.806665,18.586666
0.700539,19.840000,18.626665
0.700941,19.840000,18.526667
0.701342,19.806665,18.599998
0.701743,19.873333,18.599998
0.702145,19.840000,18.613333
0.702546,19.833332,18.606665
0.702948,19.840000,18.613333
0.703350,19.833332,18.613333
0.703752,19.846666,18.613333
0.704153,19.833332,18.599998
0.704554,19.826666,18.599998
0.704955,19.833332,18.599998
0.705356,19.833332,18.586666
0.705757,19.886667,18.613333
0.706158,19.799999,18.553333
0.706559,19.846666,18.586666
0.706960,19.946667,18.580000
0.707361,19.846666,18.586666
0.707762,19.826666,18.599998
0.708164,19.826666,18.593332
0.708565,19.820000,18.539999
0.708966,19.833332,18.580000
0.709367,19.813332,18.586666
0.709768,19.799999,18.553333
0.710170,19.766666,18.586666
0.710571,19.773333,18.586666
0.710972,19.840000,18.580000
0.711373,19.806665,18.599998
0.711775,19.813332,18.586666
0.712177,19.820000,18.466665
0.712578,19.820000,18.573334
0.712979,19.799999,18.486666
0.713380,19.786665,18.566668
0.713782,19.779999,18.553333
0.714184,19.713333,18.553333
0.714585,19.793333,18.599998
0.714986,19.753334,18.566668
0.715387,19.786665,18.546667
0.715788,19.786665,18.533333
0.716189,19.773333,18.526667
0.716590,19.753334,18.400000
0.716992,19.786665,18.553333
0.717393,19.793333,18.566668
0.717794,19.786665,18.520000
0.718195,19.753334,18.546667
0.718596,19.753334,18.526667
0.718997,19.746666,18.473331
0.719398,19.746666,18.526667
0.719799,19.746666,18.533333
0.720200,19.760000,18.566668
0.720601,19.733334,18.493332
0.721002,19.740000,18.520000
0.721403,19.733334,18.520000
0.721804,19.686666,18.459999
0.722206,19.793333,18.513332
0.722607,19.646666,18.486666
0.723009,20.000000,18.486666
0.723410,19.713333,18.500000
0.723811,19.726667,18.453333
0.724212,19.699999,18.473331
0.724613,19.686666,18.446667
0.725014,19.659998,18.513332
0.725415,19.653332,18.466665
0.725816,19.679998,18.466665
0.726218,19.686666,18.446667
0.726619,19.686666,18.493332
0.727020,19.686666,18.453333
0.727421,19.706667,18.446667
0.727822,19.646666,18.453333
0.728224,19.659998,18.406666
0.728626,19.659998,18.420000
0.729028,19.653332,18.506666
0.729430,19.646666,18.440001
0.729831,19.633333,18.420000
0.730233,19.580000,18.493332
0.730634,19.606667,18.406666
0.731035,19.679998,18.400000
0.731436,19.393332,18.400000
0.731837,19.539999,18.393333
0.732239,19.639999,18.400000
0.732640,19.593332,18.406666
0.733042,19.593332,18.393333
0.733443,19.613333,18.400000
0.733845,19.593332,18.400000
0.734246,19.606667,18.400000
0.734647,19.580000,18.359999
0.735049,19.573334,18.366667
0.735450,19.559999,18.346666
0.735851,19.620001,18.379999
0.736253,19.553333,18.379999
0.736654,19.519999,18.346666
0.737055,19.546665,18.333332
0.737456,19.533333,18.359999
0.737857,19.506666,18.320000
0.738259,19.480000,18.353333
0.738660,19.539999,18.333332
0.739062,19.586666,18.206665
0.739463,19.539999,18.486666
0.739865,19.500000,18.293333
0.740267,19.459999,18.280001
0.740668,19.506666,18.273333
0.741071,19.533333,18.280001
0.741472,19.466667,18.286667
0.741873,19.466667,18.286667
0.742274,19.473333,18.313334
0.742676,19.433332,18.280001
0.743078,19.459999,18.273333
0.743480,19.453333,18.280001
0.743881,19.426666,18.253332
0.744282,19.420000,18.266666
0.744683,19.473333,18.233332
0.745084,19.420000,18.226665
0.745486,19.406666,18.233332
0.745887,19.413332,18.273333
0.746288,19.386665,18.226665
0.746689,19.360001,18.186666
0.747091,19.393332,18.213333
0.747492,19.340000,18.160000
0.747893,19.293333,18.193333
0.748294,19.200001,18.180000
0.748696,19.333334,18.186666
0.749097,19.340000,18.160000
0.749498,19.386665,18.146666
0.749900,19.326666,18.153334
0.750302,19.313334,18.160000
0.750703,19.306665,18.146666
0.751105,19.333334,18.093332
0.751507,19.326666,18.126667
0.751908,19.259998,18.139999
0.752309,19.306665,18.160000
0.752710,19.253332,18.099998
0.753111,19.273333,18.099998
0.753513,19.266666,18.086666
0.753915,19.253332,18.086666
0.754317,19.253332,17.973333
0.754718,19.253332,18.046667
0.755119,19.226667,18.033333
0.755520,19.226667,18.099998
0.755921,19.226667,18.093332
0.756323,19.160000,18.033333
0.756725,19.219999,18.020000
0.757126,19.180000,18.020000
0.757527,19.193333,18.020000
0.757929,19.173332,18.000000
0.758331,19.173332,18.000000
0.758732,19.160000,18.006666
0.759133,19.173332,18.013332
0.759534,19.139999,17.986666
0.759935,19.139999,17.986666
0.760336,19.113333,17.973333
0.760737,19.113333,17.939999
0.761138,19.066666,17.973333
0.761539,19.106667,17.946665
0.761941,19.086666,17.906668
0.762343,19.080000,17.920000
0.762744,19.046667,17.893333
0.763146,19.066666,17.886667
0.763547,19.053333,17.853333
0.763948,19.206667,17.886667
0.764349,18.999998,17.840000
0.764750,19.026667,17.853333
0.765151,19.006666,17.753334
0.765552,18.993332,17.840000
0.765953,18.986666,17.826666
0.766354,18.980000,17.806665
0.766755,18.986666,17.813332
0.767157,18.879999,17.813332
0.767558,18.946667,17.826666
0.767959,18.913332,17.760000
0.768361,18.940001,17.746666
0.768763,18.920000,17.760000
0.769165,18.913332,17.760000
0.769567,18.866665,17.746666
0.769968,18.886665,17.746666
0.770370,18.893333,17.746666
0.770772,18.866665,17.746666
0.771173,18.879999,17.746666
0.771574,18.840000,17.706665
0.771975,18.853333,17.673332
0.772376,18.813334,17.693333
0.772778,18.806667,17.719999
0.773179,18.833334,17.733334
0.773580,18.779999,17.753334
0.773981,18.693333,17.686666
0.774382,18.746666,17.639999
0.774784,18.759998,17.639999
0.775185,18.759998,17.586666
0.775586,18.740000,17.613333
0.775988,18.746666,17.606667
0.776390,18.726665,17.619999
0.776792,18.706667,17.606667
0.777193,18.719999,17.600000
0.777594,18.680000,17.539999
0.777996,18.686666,17.539999
0.778398,18.686666,17.613333
0.778800,18.613333,17.526667
0.779202,18.639999,17.533333
0.779604,18.633333,17.526667
0.780005,18.633333,17.473333
0.780406,18.633333,17.506666
0.780807,18.633333,17.473333
0.781209,18.606665,17.260000
0.781610,18.553333,17.459999
0.782011,18.559999,17.453333
0.782412,18.559999,17.419998
0.782813,18.539999,17.426666
0.783214,18.526667,17.433332
0.783615,18.533333,17.426666
0.784017,18.500000,17.380001
0.784418,18.500000,17.340000
0.784820,18.500000,17.373333
0.785221,18.453333,17.346666
0.785623,18.639999,17.333332
0.786024,18.466665,17.313332
0.786426,18.466665,17.320000
0.786827,18.406666,17.313332
0.787229,18.420000,17.286665
0.787631,18.406666,17.279999
0.788032,18.400000,17.266666
0.788433,18.393333,17.286665
0.788834,18.353333,17.240000
0.789236,18.293333,17.253334
0.789638,18.320000,17.193333
0.790039,18.306667,17.253334
0.790440,18.326666,17.186666
0.790841,18.306667,17.366667
0.791242,18.280001,17.126667
0.791644,18.280001,17.186666
0.792046,18.299999,17.153332
0.792447,18.280001,17.153332
0.792848,18.233332,17.106667
0.793250,18.226665,17.186666
0.793651,18.213333,17.093332
0.794052,18.173334,17.073334
0.794453,18.153334,17.093332
0.794854,18.166666,17.059999
0.795256,18.146666,17.039999
0.795658,18.146666,17.046665
0.796059,18.160000,17.039999
0.796460,18.166666,17.026665
0.796861,18.113333,17.013332
0.797263,18.086666,17.039999
0.797664,18.093332,16.900000
0.798065,18.073332,16.959999
0.798466,18.046667,17.026665
0.798867,17.946665,16.933332
0.799268,18.046667,16.926666
0.799669,18.026667,16.939999
0.800071,18.013332,16.939999
0.800474,18.000000,16.879999
0.800875,17.966665,16.900000
0.801277,17.959999,16.900000
0.801678,17.939999,16.900000
0.802079,17.859999,16.860001
0.802480,17.913334,17.066666
0.802882,17.873333,16.840000
0.803284,17.833332,16.826666
0.803685,17.866667,16.799999
0.804087,17.840000,16.759998
0.804488,17.900000,16.806665
0.804890,17.866667,16.806665
0.805291,17.826666,16.733334
0.805692,17.879999,16.786665
0.806093,17.806665,16.733334
0.806495,17.820000,16.753332
0.806896,17.806665,16.753332
0.807297,17.753334,16.713333
0.807699,17.773333,16.713333
0.808100,17.740000,16.586666
0.808501,17.713333,16.706667
0.808903,17.679998,16.626665
0.809305,17.679998,16.619999
0.809707,17.780001,16.626665
0.810109,17.660000,16.606667
0.810510,17.653334,16.600000
0.810911,17.613333,16.559999
0.811312,17.520000,16.559999
0.811713,17.539999,16.553333
0.812114,17.533333,16.733334
0.812515,17.573332,16.446667
0.812916,17.520000,16.499998
0.813317,17.553331,16.653332
0.813718,17.500000,16.446667
0.814119,17.566666,16.153334
0.814520,17.466665,16.406666
0.814923,17.459999,16.386665
0.815325,17.466665,16.393333
0.815726,17.419998,16.373333
0.816127,17.413332,16.366665
0.816528,17.406666,16.373333
0.816929,17.373333,16.333334
0.817331,17.353333,16.313334
0.817732,17.366667,16.313334
0.818134,17.333332,16.279999
0.818535,17.320000,16.273333
0.818936,17.299999,16.253332
0.819337,17.266666,16.219999
0.819739,17.326666,16.233332
0.820140,17.260000,16.039999
0.820541,17.299999,16.240000
0.820942,17.253334,16.180000
0.821343,17.213333,16.166666
0.821744,17.186666,16.106665
0.822145,17.199999,16.099998
0.822546,17.146666,15.946666
0.822948,17.213333,16.066668
0.823349,17.133333,16.099998
0.823751,17.120001,16.039999
0.824152,17.106667,16.066668
0.824554,17.093332,16.020000
0.824956,17.073334,15.980000
0.825357,17.073334,16.006666
0.825759,17.019999,15.980000
0.826160,17.013332,15.920000
0.826561,17.006666,15.960000
0.826962,16.959999,15.913334
0.827363,16.939999,15.846667
0.827764,16.933332,15.780001
0.828166,16.933332,15.839999
0.828567,16.926666,15.920000
0.828969,16.893332,15.866667
0.829371,16.913332,15.773333
0.829772,16.873333,15.733333
0.830173,16.926666,15.753332
0.830575,16.860001,15.573333
0.830977,16.853334,15.686666
0.831378,16.840000,15.746666
0.831779,16.826666,15.713334
0.832181,16.786665,15.679999
0.832582,16.813334,15.646666
0.832984,16.773333,15.553332
0.833386,16.753332,15.633333
0.833787,16.759998,15.573333
0.834189,16.719999,15.573333
0.834590,16.713333,15.566667
0.834991,16.713333,15.473333
0.835393,16.660000,15.533333
0.835795,16.680000,15.520000
0.836197,16.593334,15.486666
0.836598,16.559999,15.460000
0.837000,16.519999,15.500000
0.837401,16.646666,15.393333
0.837802,16.553333,15.406667
0.838204,16.526667,15.393333
0.838605,16.513332,15.379999
0.839006,16.359999,15.340000
0.839407,16.626665,15.393333
0.839809,16.433332,15.306666
0.840211,16.460001,15.326667
0.840613,16.373333,15.300000
0.841014,16.400000,15.253334
0.841416,16.353333,15.246666
0.841817,16.340000,15.246666
0.842219,16.366665,15.219999
0.842622,16.273333,15.246666
0.843023,16.279999,15.159999
0.843425,16.279999,15.186667
0.843826,16.246666,15.133333
0.844228,16.240000,15.119999
0.844630,16.119999,15.133333
0.845032,16.133333,15.086666
0.845434,16.173334,14.953333
0.845835,16.099998,15.080000
0.846236,16.099998,14.953333
0.846638,16.213333,14.953333
0.847040,16.099998,14.953333
0.847442,16.099998,14.953333
0.847844,16.053333,14.886666
0.848246,15.993333,14.880000
0.848647,16.006666,14.866667
0.849049,15.966666,14.873333
0.849450,15.933333,14.853333
0.849851,15.920000,14.833332
0.850253,15.900000,14.766665
0.850654,15.879999,14.719999
0.851056,15.860000,14.786666
0.851458,15.846667,14.733334
0.851859,15.920000,14.713333
0.852260,15.780001,14.659999
0.852662,15.773333,14.713333
0.853064,15.813333,14.659999
0.853465,15.766666,14.659999
0.853868,15.746666,14.640000
0.854269,15.679999,14.573334
0.854670,15.666666,14.633332
0.855072,15.773333,14.573334
0.855473,15.679999,14.559999
0.855874,15.633333,14.540000
0.856275,15.546666,14.540000
0.856676,15.513332,14.499999
0.857077,15.633333,14.480000
0.857478,15.546666,14.446667
0.857879,15.486666,14.420000
0.858280,15.500000,14.393332
0.858683,15.500000,14.406667
0.859084,15.406667,14.373332
0.859485,15.406667,14.420000
0.859886,15.393333,14.340000
0.860288,15.386667,14.346666
0.860689,15.340000,14.286666
0.861091,15.333333,14.273334
0.861493,15.320001,14.293333
0.861894,15.313333,14.259999
0.862296,15.219999,14.206667
0.862698,15.233334,14.200001
0.863099,15.219999,14.173332
0.863500,15.219999,14.186666
0.863901,15.159999,14.140000
0.864302,15.040000,14.173332
0.864703,15.126667,14.086666
0.865105,15.126667,14.080000
0.865508,15.166667,14.080000
0.865909,15.106667,14.033333
0.866310,14.953333,14.020000
0.866711,14.926667,13.993333
0.867112,14.953333,13.966666
0.867513,14.926667,13.946667
0.867914,14.953333,13.940001
0.868316,14.913333,13.986667
0.868717,14.893332,13.906666
0.869119,14.886666,13.880000
0.869520,14.860001,13.833333
0.869921,14.846666,13.820000
0.870322,14.759999,13.820000
0.870724,14.800000,13.820000
0.871125,14.766665,13.793333
0.871528,14.726667,13.740001
0.871929,14.726667,13.820000
0.872331,14.673333,13.786667
0.872732,14.773334,13.720000
0.873133,14.533334,13.660000
0.873534,14.580000,13.646666
0.873935,14.600000,13.606666
0.874336,14.600000,13.633333
0.874739,14.533334,13.573333
0.875140,14.526666,13.553333
0.875541,14.506667,13.559999
0.875943,14.506667,13.553333
0.876345,14.473333,13.486667
0.876747,14.473333,13.466666
0.877148,14.433332,13.553333
0.877549,14.393332,13.460000
0.877950,14.400001,13.373333
0.878351,14.353333,13.406666
0.878752,14.340000,13.400000
0.879154,14.306665,13.320000
0.879557,14.273334,13.320000
0.879958,14.226666,13.259999
0.880359,14.226666,13.293333
0.880760,14.153333,13.293333
0.881161,14.219999,13.206666
0.881562,14.180000,13.220000
0.881964,14.166666,13.253333
0.882365,14.140000,13.200000
0.882766,14.106666,13.160000
0.883168,14.080000,13.133333
0.883569,14.053333,13.106667
0.883971,14.026667,13.093333
0.884372,14.020000,13.059999
0.884773,13.993333,13.073333
0.885174,13.966666,13.026667
0.885575,13.973332,13.033334
0.885977,13.946667,12.993333
0.886379,13.886666,12.960000
0.886780,13.833333,12.940000
0.887182,13.853333,12.913333
0.887584,13.813334,12.946667
0.887985,13.799999,12.886666
0.888386,13.753333,12.860000
0.888787,13.753333,12.886666
0.889188,13.599999,12.826667
0.889590,13.633333,12.793333
0.889991,13.646666,12.760000
0.890392,13.653334,12.719999
0.890793,13.639999,12.693334
0.891194,13.626666,12.706667
0.891595,13.586667,12.660000
0.891996,13.599999,12.673333
0.892398,13.526667,12.660000
0.892800,13.520000,12.613333
0.893202,13.520000,12.593333
0.893603,13.506666,12.580000
0.894005,13.486667,12.553333
0.894407,13.440000,12.559999
0.894809,13.400000,12.526666
0.895211,13.379999,12.493333
0.895612,13.379999,12.573334
0.896014,13.320000,12.553333
0.896415,13.306666,12.420000
0.896816,13.273334,12.580000
0.897218,13.240000,12.353333
0.897620,13.266666,12.339999
0.898022,13.133333,12.360000
0.898424,13.193333,12.153333
0.898826,13.173333,12.293333
0.899227,13.126666,12.280000
0.899628,13.113333,12.240000
0.900030,13.080000,12.240000
0.900431,13.080000,12.206666
0.900832,13.066667,12.153333
0.901233,13.006666,12.139999
0.901634,12.973333,12.086666
0.902035,12.980000,12.073333
0.902437,12.946667,12.033333
0.902838,13.020000,12.013333
0.903240,12.926666,12.040000
0.903641,12.906667,11.999999
0.904043,12.919999,11.760000
0.904445,12.846666,11.966666
0.904846,12.813334,11.893333
0.905247,12.719999,11.893333
0.905648,12.773334,11.906667
0.906049,12.673333,11.833333
0.906450,12.726666,11.833333
0.906852,12.753333,11.879999
0.907253,12.633333,11.773334
0.907654,12.640000,11.786667
0.908055,12.599999,11.746666
0.908456,12.593333,11.720000
0.908857,12.553333,11.720000
0.909259,12.559999,11.666666
0.909661,12.533333,11.660000
0.910062,12.526666,11.626666
0.910463,12.480000,11.613333
0.910866,12.526666,11.640000
0.911267,12.420000,11.546666
0.911668,12.420000,11.506666
0.912071,12.380000,11.533333
0.912473,12.306666,11.473332
0.912874,12.313334,11.460000
0.913275,12.306666,11.446667
0.913676,12.280000,11.400000
0.914077,12.093333,11.393333
0.914480,12.160000,11.326667
0.914882,12.306666,11.366667
0.915283,12.126666,11.193334
0.915686,12.133333,11.300000
0.916089,12.126666,11.306666
0.916490,12.080000,11.266666
0.916891,12.073333,11.280000
0.917293,12.080000,11.200000
0.917694,12.026667,11.206666
0.918095,11.993333,11.173333
0.918497,11.986667,11.160000
0.918898,11.920000,11.180000
0.919300,11.920000,11.126667
0.919701,11.926666,11.086666
0.920103,11.866666,11.073333
0.920505,11.873333,11.040000
0.920906,11.833333,11.046666
0.921307,11.806666,10.900000
0.921708,11.786667,11.006666
0.922110,11.799999,10.940000
0.922511,11.700000,10.933333
0.922913,11.640000,10.920000
0.923314,11.726666,10.846666
0.923715,11.720000,10.866667
0.924117,11.626666,10.806666
0.924519,11.633333,10.813333
0.924920,11.606667,10.813333
0.925321,11.506666,10.746666
0.925723,11.500000,10.759999
0.926125,11.500000,10.693333
0.926526,11.500000,10.700000
0.926927,11.426666,10.693333
0.927328,11.413333,10.653334
0.927731,11.413333,10.633333
0.928132,11.366667,10.593333
0.928533,11.373333,10.566667
0.928935,11.126667,10.520000
0.929336,11.286666,10.506666
0.929737,11.253333,10.506666
0.930139,11.266666,10.440000
0.930540,11.219999,10.466667
0.930941,11.253333,10.393333
0.931342,11.266666,10.419999
0.931743,11.126667,10.400000
0.932146,11.126667,10.353333
0.932547,11.099999,10.320000
0.932949,11.053333,10.320000
0.933350,11.033333,10.280000
0.933751,11.040000,10.286666
0.934152,11.013332,10.246666
0.934553,10.980000,10.219999
0.934954,10.953333,10.193334
0.935355,10.873333,10.126667
0.935756,10.906667,10.146667
0.936158,10.800000,10.046666
0.936559,10.860000,10.133333
0.936960,10.820000,10.106667
0.937362,10.806666,9.880000
0.937764,10.766666,10.046666
0.938165,10.780000,10.026666
0.938568,10.780000,9.966666
0.938969,10.666667,9.906666
0.939370,10.700000,9.886666
0.939771,10.720000,9.893332
0.940172,10.553332,9.893332
0.940575,10.580000,9.866667
0.940977,10.566667,9.860000
0.941379,10.546666,9.800000
0.941781,10.513333,9.806666
0.942182,10.506666,9.793333
0.942585,10.440000,9.733334
0.942988,10.433333,9.706666
0.943389,10.446667,9.680000
0.943790,10.406667,9.740000
0.944192,10.386666,9.700000
0.944593,10.326667,9.793333
0.944995,10.280000,9.639999
0.945396,10.293333,9.566666
0.945798,10.333333,9.559999
0.946199,10.240000,9.526667
0.946600,10.280000,9.613334
0.947002,10.179999,9.340000
0.947404,10.186666,9.526667
0.947806,10.233333,9.346666
0.948207,10.093333,9.346666
0.948610,10.066667,9.266666
0.949012,10.080000,9.346666
0.949413,10.066667,9.299999
0.949815,10.026666,9.306666
0.950217,10.000000,9.266666
0.950618,9.973333,9.273334
0.951019,9.913333,9.246666
0.951420,9.933333,9.246666
0.951822,9.893332,9.173333
0.952224,9.860000,9.126666
0.952627,9.860000,9.126666
0.953028,9.820000,9.113333
0.953429,9.826666,8.986667
0.953830,9.826666,9.093333
0.954232,9.753333,9.093333
0.954633,9.719999,9.013333
0.955035,9.686666,9.006666
0.955437,9.700000,8.973332
0.955838,9.719999,8.966666
0.956240,9.666667,8.966666
0.956641,9.559999,8.900000
0.957042,9.573333,8.900000
0.957444,9.566666,8.966666
0.957845,9.540000,8.826667
0.958246,9.580000,8.833333
0.958647,9.413333,8.813334
0.959049,9.400000,8.746667
0.959450,9.346666,8.740000
0.959851,9.346666,8.706666
0.960253,9.346666,8.680000
0.960654,9.346666,8.646667
0.961056,9.240000,8.639999
0.961458,9.280000,8.633333
0.961861,9.246666,8.606667
0.962262,9.246666,8.566667
0.962665,9.200000,8.586666
0.963071,9.179999,8.566667
0.963472,9.153334,8.666666
0.963873,9.126666,8.480000
0.964274,9.106667,8.566667
0.964676,9.073333,8.426667
0.965077,9.140000,8.386666
0.965479,9.059999,8.393332
0.965881,9.000000,8.393332
0.966283,8.980000,8.340000
0.966684,8.873333,8.306666
0.967085,8.946667,8.213333
0.967487,8.853333,8.253333
0.967888,8.880000,8.280000
0.968289,8.846666,8.233334
0.968690,8.826667,8.206666
0.969092,8.760000,8.040000
0.969494,8.773333,8.186666
0.969896,8.713333,8.120000
0.970298,8.740000,8.100000
0.970701,8.693334,8.086667
0.971103,8.673333,8.046666
0.971504,8.719999,8.040000
0.971905,8.653333,7.980000
0.972307,8.606667,8.026667
0.972709,8.606667,7.933333
0.973110,8.446666,7.933333
0.973511,8.520000,7.906666
0.973912,8.506666,7.906666
0.974313,8.466666,7.866666
0.974714,8.460000,7.860000
0.975117,8.433333,7.880000
0.975519,8.400000,7.866666
0.975921,8.379999,7.673333
0.976323,8.373333,7.806666
0.976724,8.326666,7.740000
0.977125,8.266666,7.720000
0.977526,8.293333,7.600000
0.977928,8.259999,7.686666
0.978330,8.220000,7.626667
0.978731,8.246666,7.640000
0.979132,8.193333,7.613333
0.979533,8.186666,7.600000
0.979934,8.126666,7.566667
0.980335,8.106667,7.446666
0.980736,8.033334,7.513333
0.981137,8.226666,7.446666
0.981538,8.013333,7.520000
0.981939,8.020000,7.413333
0.982340,8.013333,7.426666
0.982742,7.973333,7.373333
0.983145,7.953333,7.366667
0.983546,7.920000,7.340000
0.983948,7.886666,7.293333
0.984349,7.860000,7.186666
0.984750,7.880000,7.306666
0.985151,7.840000,7.260000
0.985552,7.800000,7.246666
0.985954,7.793334,7.540000
0.986356,7.673333,7.173333
0.986757,7.700000,7.180000
0.987158,7.626667,7.153333
0.987559,7.626667,7.133334
0.987960,7.566667,7.093333
0.988362,7.613333,7.073333
0.988763,7.606667,7.006667
0.989164,7.546666,7.046667
0.989565,7.579999,7.000000
0.989967,7.513333,6.926667
0.990369,7.500000,7.066666
0.990771,7.480000,6.926667
0.991172,7.446666,6.900000
0.991573,7.400000,6.913333
0.991975,7.380000,6.846666
0.992376,7.380000,6.840000
0.992778,7.353333,6.833333
0.993179,7.340000,6.873333
0.993580,7.313333,6.806667
0.993982,7.246666,6.753333
0.994383,7.226666,6.720000
0.994784,7.260000,6.653333
0.995186,7.180000,6.673334
0.995587,7.240000,6.666667
0.995988,7.213333,6.640000
0.996389,7.140000,6.546667
0.996790,7.106667,6.600000
0.997191,7.100000,6.666667
0.997592,7.200000,6.533333
0.997994,7.006667,6.500000
0.998395,7.073333,6.466667
0.998798,6.913333,6.440000
0.999199,6.966666,6.446667
0.999601,6.933333,6.400000
1.000002,6.920000,6.373333
1.000403,6.880000,6.373333
1.000805,6.860000,6.346667
1.001206,6.853333,6.300000
1.001607,6.820000,6.273333
1.002009,6.800000,6.346667
1.002410,6.786666,6.240000
1.002812,6.773334,6.173333
1.003213,6.720000,6.213333
1.003615,6.766666,6.186666
1.004017,6.706667,6.140000
1.004418,6.640000,6.480000
1.004820,6.753333,6.113333
1.005221,6.613333,6.133333
1.005622,6.706667,6.066667
1.006023,6.520000,6.100000
1.006424,6.580000,6.033333
1.006825,6.473333,6.033333
1.007226,6.466667,5.980000
1.007627,6.446667,5.966666
1.008029,6.413333,5.933333
1.008431,6.380000,5.926667
1.008833,6.333333,5.880000
1.009235,6.286667,5.860000
1.009637,6.320000,5.840000
1.010038,6.293333,5.826667
1.010440,6.266666,5.693333
1.010841,6.273333,5.773333
1.011242,6.226666,5.760000
1.011644,6.206666,5.740000
1.012046,6.153333,5.760000
1.012448,6.126667,5.613333
1.012851,6.113333,5.680000
1.013252,6.106667,5.600000
1.013654,6.113333,5.646667
1.014056,6.100000,5.393333
1.014458,6.040000,5.693333
1.014859,5.966666,5.546667
1.015260,6.053333,5.560000
1.015661,5.980000,5.500000
1.016062,5.946667,5.493333
1.016464,5.940000,5.539999
1.016865,5.920000,5.386667
1.017266,5.880000,5.473333
1.017667,5.853333,5.413333
1.018071,5.846666,5.413333
1.018473,5.860000,5.393333
1.018874,5.800000,5.393333
1.019275,5.780000,5.333333
1.019678,5.766666,5.300000
1.020079,5.746666,5.320000
1.020480,5.720000,5.260000
1.020881,5.686666,5.240000
1.021282,5.666667,5.240000
1.021684,5.606667,5.186666
1.022085,5.586667,5.240000
1.022486,5.586667,5.140000
1.022887,5.586667,5.166667
1.023288,5.473333,5.080000
1.023690,5.620000,5.106667
1.024091,5.506666,5.113333
1.024492,5.500000,5.060000
1.024895,5.426667,5.046667
1.025297,5.440000,5.033333
1.025698,5.413333,5.026667
1.026099,5.413333,4.966667
1.026500,5.373333,4.946666
1.026901,5.366667,4.920000
1.027303,5.333333,4.906667
1.027704,5.273333,4.966667
1.028105,5.273333,4.853333
1.028506,5.253333,4.873333
1.028908,5.240000,4.833333
1.029309,5.146667,4.813333
1.029712,5.193333,4.880000
1.030113,5.173333,4.733333
1.030514,5.153333,4.793333
1.030915,5.133333,4.693333
1.031316,5.113333,4.760000
1.031717,5.086667,4.693333
1.032118,5.073333,4.673333
1.032519,5.046667,4.653333
1.032920,5.046667,4.660000
1.033321,4.980000,4.626667
1.033722,4.940000,4.620000
1.034124,4.973333,4.586667
1.034525,4.980000,4.593333
1.034926,4.906667,4.540000
1.035327,4.893333,4.540000
1.035728,4.893333,4.613333
1.036130,4.860000,4.486666
1.036532,4.860000,4.566667
1.036933,4.800000,4.440000
1.037334,4.760000,4.520000
1.037735,4.820000,4.453333
1.038137,4.746666,4.426666
1.038538,4.720000,4.333333
1.038939,4.760000,4.346667
1.039340,4.686666,4.393333
1.039741,4.700000,4.293333
1.040143,4.693333,4.293333
1.040544,4.613333,4.253333
1.040945,4.620000,4.280000
1.041347,4.593333,4.220000
1.041749,4.553333,4.206666
1.042151,4.540000,4.173333
1.042552,4.533333,4.180000
1.042954,4.520000,4.173333
1.043356,4.466667,4.133333
1.043759,4.480000,4.106667
1.044160,4.373333,4.100000
1.044561,4.413333,4.066667
1.044962,4.400000,4.060000
1.045364,4.426666,4.020000
1.045765,4.393333,3.926666
1.046166,4.346667,4.193333
1.046567,4.346667,4.120000
1.046969,4.286666,3.960000
1.047370,4.226666,3.926666
1.047771,4.293333,3.933333
1.048172,4.193333,3.900000
1.048573,4.206666,3.866667
1.048975,4.193333,3.886667
1.049376,4.180000,3.833333
1.049777,4.180000,3.826667
1.050179,4.153333,3.826667
1.050580,4.113333,3.746666
1.050982,4.120000,3.713333
1.051383,4.073333,3.726667
1.051784,4.053333,3.700000
1.052185,4.286666,3.680000
1.052587,4.020000,3.660000
1.052988,4.020000,3.746666
1.053389,4.013333,3.673333
1.053790,3.960000,3.620000
1.054191,3.993333,3.680000
1.054593,3.960000,3.680000
1.054994,3.846667,3.486667
1.055395,3.893333,3.520000
1.055796,3.793333,3.746666
1.056198,3.753333,3.513333
1.056599,3.953333,3.586667
1.057001,3.826667,3.486667
1.057403,3.746666,3.466666
1.057804,3.733333,3.453333
1.058206,3.740000,3.426666
1.058607,3.700000,3.406667
1.059008,3.673333,3.386667
1.059409,3.766667,3.360000
1.059811,3.660000,3.366667
1.060213,3.626667,3.340000
1.060614,3.620000,3.320000
1.061016,3.613333,3.313333
1.061418,3.606667,3.280000
1.061820,3.566667,3.253333
1.062221,3.566667,3.213333
1.062624,3.513333,3.233333
1.063025,3.493333,3.133333
1.063426,3.493333,3.186666
1.063827,3.546667,3.213333
1.064228,3.446667,3.086667
1.064629,3.473333,3.106667
1.065030,3.426666,3.133333
1.065432,3.400000,3.100000
1.065834,3.473333,3.133333
1.066236,3.400000,3.086667
1.066638,3.373333,3.086667
1.067039,3.320000,2.900000
1.067441,3.253333,3.040000
1.067844,3.393333,2.960000
1.068246,3.266667,3.013333
1.068647,3.240000,2.973333
1.069049,3.220000,2.960000
1.069451,3.220000,2.933333
1.069853,3.260000,2.906667
1.070254,3.173333,2.933333
1.070657,3.146667,3.013333
1.071059,3.133333,2.833333
1.071460,3.113333,2.886667
1.071861,3.120000,2.860000
1.072262,3.100000,3.193333
1.072663,3.080000,2.826667
1.073064,3.060000,2.786667
1.073465,3.046667,2.753333
1.073867,3.026667,2.786667
1.074269,3.000000,2.686666
1.074670,3.006667,2.706666
1.075071,2.993333,2.713333
1.075472,2.953333,2.700000
1.075873,2.953333,2.686666
1.076275,2.946667,2.700000
1.076676,2.940000,2.666667
1.077077,2.893333,2.666667
1.077479,2.886667,2.613333
1.077880,2.853333,2.613333
1.078281,2.853333,2.640000
1.078682,3.000000,2.586667
1.079084,2.860000,2.546667
1.079485,2.786667,2.553333
1.079886,2.773333,2.546667
1.080287,2.753333,2.506666
1.080688,2.773333,2.540000
1.081091,2.713333,2.553333
1.081492,2.740000,2.426666
1.081893,2.666667,2.446667
1.082295,2.686666,2.433333
1.082696,2.666667,2.433333
1.083097,2.633333,2.420000
1.083498,2.626667,2.406667
1.083899,2.660000,2.366667
1.084300,2.600000,2.366667
1.084701,2.593333,2.346667
1.085103,2.560000,2.366667
1.085505,2.553333,2.306667
1.085906,2.526667,2.320000
1.086307,2.520000,2.273333
1.086708,2.493333,2.260000
1.087110,2.533333,2.253333
1.087511,2.466667,2.240000
1.087912,2.446667,2.246667
1.088314,2.380000,2.220000
1.088715,2.426666,2.086667
1.089117,2.413333,2.166667
1.089518,2.400000,2.266667
1.089920,2.373333,2.173333
1.090321,2.366667,2.220000
1.090723,2.366667,2.126667
1.091125,2.333333,2.113333
1.091526,2.320000,2.113333
1.091927,2.273333,2.100000
1.092329,2.280000,2.086667
1.092731,2.273333,2.046667
1.093132,2.260000,2.053333
1.093533,2.260000,2.046667
1.093935,2.286667,2.026667
1.094336,2.246667,2.020000
1.094739,2.233333,1.906667
1.095140,2.193333,1.940000
1.095543,2.173333,1.986667
1.095945,2.146667,1.620000
1.096346,2.140000,1.946667
1.096747,2.120000,1.926667
1.097148,2.180000,1.940000
1.097549,2.093333,1.846667
1.097950,2.086667,1.826667
1.098351,2.073333,1.933333
1.098752,2.060000,1.846667
1.099153,2.020000,1.820000
1.099554,1.986667,1.820000
1.099956,2.006667,1.826667
1.100358,2.000000,1.820000
1.100759,1.980000,1.786667
1.101160,1.940000,1.733333
1.101561,1.966667,1.740000
1.101962,1.946667,1.726667
1.102365,1.906667,1.820000
1.102766,1.906667,1.646667
1.103167,1.906667,1.726667
1.103570,1.893333,1.746667
1.103971,1.893333,1.733333
1.104372,1.980000,1.660000
1.104774,1.820000,1.626667
1.105177,1.880000,1.666667
1.105578,1.893333,1.646667
1.105980,1.793333,1.613333
1.106381,1.800000,1.600000
1.106782,1.746667,1.560000
1.107184,1.693333,1.580000
1.107585,1.740000,1.573333
1.107987,1.726667,1.560000
1.108388,1.726667,1.566667
1.108789,1.713333,1.560000
1.109191,1.700000,1.566667
1.109593,1.666667,1.760000
1.109994,1.653333,1.513333
1.110395,1.600000,1.486667
1.110797,1.640000,1.473333
1.111199,1.633333,1.466667
1.111600,1.626667,1.453333
1.112002,1.533333,1.446667
1.112404,1.766667,1.386667
1.112805,1.480000,1.413333
1.113206,1.560000,1.386667
1.113607,1.560000,1.420000
1.114008,1.613333,1.386667
1.114410,1.533333,1.380000
1.114812,1.613333,1.373333
1.115214,1.526667,1.380000
1.115616,1.500000,1.306667
1.116017,1.473333,1.326667
1.116418,1.453333,1.420000
1.116819,1.446667,1.320000
1.117221,1.433333,1.300000
1.117622,1.406667,1.206667
1.118024,1.373333,1.306667
1.118425,1.393333,1.240000
1.118826,1.386667,1.246667
1.119227,1.380000,1.213333
1.119628,1.353333,1.206667
1.120029,1.380000,1.206667
1.120430,1.340000,1.193333
1.120833,1.366667,1.206667
1.121234,1.313333,1.200000
1.121636,1.306667,1.173333
1.122037,1.313333,1.086667
1.122439,1.300000,1.160000
1.122840,1.293333,1.193333
1.123241,1.226667,1.126667
1.123642,1.360000,1.133333
1.124043,1.280000,1.113333
1.124445,1.240000,1.026667
1.124848,1.166667,1.120000
1.125249,1.180000,1.073333
1.125651,1.213333,1.086667
1.126052,1.200000,1.040000
1.126454,1.213333,1.046667
1.126855,1.166667,1.066667
1.127257,1.193333,1.033333
1.127658,1.180000,1.040000
1.128059,1.153333,1.033333
1.128460,1.120000,1.026667
1.128862,1.133333,0.946667
1.129264,1.126667,0.980000
1.129665,1.093333,0.960000
1.130071,1.113333,0.946667
1.130472,1.066667,0.946667
1.130873,1.093333,0.946667
1.131276,1.100000,0.966667
1.131677,1.040000,0.946667
1.132079,0.993333,0.946667
1.132482,1.073333,0.946667
1.132883,1.026667,0.946667
1.133285,1.040000,0.946667
1.133687,1.020000,0.946667
1.134088,1.020000,0.946667
1.134490,0.986667,0.946667
1.134891,0.986667,0.946667
1.135292,0.986667,0.946667
1.135693,0.986667,0.946667
1.136094,0.973333,0.946667
1.136495,0.946667,0.946667
1.136896,0.973333,0.946667
1.137298,0.946667,0.946667
1.137699,0.946667,0.946667
1.138100,0.946667,0.946667
1.138501,0.946667,0.946667
1.138902,0.986667,0.946667
1.139304,0.946667,0.946667
1.139707,0.946667,0.946667
1.140108,0.946667,0.946667
1.140510,0.946667,0.946667
1.140912,0.946667,0.946667
1.141314,0.946667,0.946667
1.141715,0.946667,0.946667
1.142117,0.946667,0.946667
1.142518,0.946667,0.946667
1.142920,0.946667,0.946667
1.143321,0.946667,0.946667
1.143722,0.946667,0.946667
1.144124,0.946667,0.946667
1.144526,0.946667,0.946667
1.144927,0.946667,0.946667
1.145328,0.946667,0.946667
1.145729,0.946667,0.946667
1.146131,0.946667,0.946667
1.146532,0.946667,0.946667
1.146934,0.946667,0.946667
1.147336,0.946667,0.946667
1.147738,0.946667,0.946667
1.148139,0.946667,0.946667
1.148540,0.946667,0.946667
1.148942,0.946667,0.946667
1.149344,0.946667,0.946667
1.149747,0.946667,0.946667
1.150148,0.946667,0.946667
1.150549,0.946667,0.946667
1.150950,0.946667,0.946667
1.151352,0.946667,0.946667
1.151755,0.946667,0.946667
1.152157,0.946667,0.946667
1.152558,0.946667,0.946667
1.152959,0.946667,0.946667
1.153360,0.946667,0.946667
1.153761,0.946667,0.946667
1.154163,0.946667,0.946667
1.154565,0.946667,0.946667
1.154967,0.946667,0.946667
1.155369,0.946667,0.946667
1.155771,0.946667,0.946667
1.156172,0.946667,0.946667
1.156573,0.946667,0.946667
1.156974,0.946667,0.946667
1.157375,0.946667,0.946667
1.157776,0.946667,0.946667
1.158177,0.946667,0.946667
1.158578,0.946667,0.946667
1.158979,0.946667,0.946667
1.159381,0.946667,0.946667
1.159782,0.946667,0.946667
1.160184,0.946667,0.946667
1.160585,0.946667,0.946667
1.160987,0.946667,0.946667
1.161388,0.946667,0.946667
1.161789,0.946667,0.946667
1.162191,0.946667,0.946667
1.162593,0.946667,0.946667
1.162994,0.946667,0.946667
1.163395,0.946667,0.946667
1.163798,0.946667,0.946667
1.164199,0.946667,0.946667
1.164602,0.946667,0.946667
1.165003,0.946667,0.946667
1.165405,0.946667,0.946667
1.165807,0.946667,0.946667
1.166208,0.946667,0.946667
1.166609,0.946667,0.946667
1.167011,0.946667,0.946667
1.167412,0.946667,0.946667
1.167813,0.946667,0.946667
1.168214,0.946667,0.946667
1.168617,0.946667,0.946667
1.169018,0.946667,0.946667
1.169420,0.946667,0.946667
1.169822,0.946667,0.946667
1.170224,0.946667,0.946667
1.170625,0.946667,0.946667
1.171026,0.946667,0.946667
1.171427,0.946667,0.946667
1.171829,0.946667,0.946667
1.172231,0.946667,0.946667
1.172632,0.946667,0.946667
1.173033,0.946667,0.946667
1.173434,0.946667,0.946667
1.173836,0.946667,0.946667
1.174237,0.946667,0.946667
1.174639,0.946667,0.946667
1.175041,0.946667,0.946667
1.175443,0.946667,0.946667
1.175846,0.946667,0.946667
1.176247,0.946667,0.946667
1.176648,0.946667,0.946667
1.177049,0.946667,0.946667
1.177450,0.946667,0.946667
1.177851,0.946667,0.946667
1.178253,0.946667,0.946667
1.178654,0.946667,0.946667
1.179056,0.946667,0.946667
1.179458,0.946667,0.946667
1.179859,0.946667,0.946667
1.180260,0.946667,0.946667
1.180661,0.946667,0.946667
1.181063,0.946667,0.946667
1.181465,0.946667,0.946667
1.181866,0.946667,0.946667
1.182267,0.946667,0.946667
1.182668,0.946667,0.946667
1.183071,0.946667,0.946667
1.183472,0.946667,0.946667
1.183873,0.946667,0.946667
1.184275,0.946667,0.946667
1.184676,0.946667,0.946667
1.185077,0.946667,0.946667
1.185478,0.946667,0.946667
1.185879,0.946667,0.946667
1.186280,0.946667,0.946667
1.186681,0.946667,0.946667
1.187083,0.946667,0.946667
1.187484,0.946667,0.946667
1.187886,0.946667,0.946667
1.188287,0.946667,0.946667
1.188689,0.946667,0.946667
1.189091,0.946667,0.946667
1.189492,0.946667,0.946667
1.189895,0.946667,0.946667
1.190296,0.946667,0.946667
1.190698,0.946667,0.946667
1.191099,0.946667,0.946667
1.191500,0.946667,0.946667
1.191901,0.946667,0.946667
1.192302,0.946667,0.946667
1.192703,0.946667,0.946667
1.193105,0.946667,0.946667
1.193506,0.946667,0.946667
1.193907,0.946667,0.946667
1.194309,0.946667,0.946667
1.194711,0.946667,0.946667
1.195112,0.946667,0.946667
1.195515,0.946667,0.946667
1.195916,0.946667,0.946667
1.196317,0.946667,0.946667
1.196719,0.946667,0.946667
1.197120,0.946667,0.946667
1.197521,0.946667,0.946667
1.197923,0.946667,0.946667
1.198324,0.946667,0.946667
1.198725,0.946667,0.946667
1.199126,0.946667,0.946667
1.199527,0.946667,0.946667
1.199929,0.946667,0.946667
1.200331,0.946667,0.946667
1.200732,0.946667,0.946667
1.201133,0.946667,0.946667
1.201536,0.946667,0.946667
1.201937,0.946667,0.946667
1.202338,0.946667,0.946667
1.202739,0.946667,0.946667
1.203140,0.946667,0.946667
1.203542,0.946667,0.946667
1.203943,0.946667,0.946667
1.204344,0.946667,0.946667
1.204745,0.946667,0.946667
1.205146,0.946667,0.946667
1.205547,0.946667,0.946667
1.205948,0.946667,0.946667
1.206349,0.946667,0.946667
1.206751,0.946667,0.946667
1.207153,0.946667,0.946667
1.207554,0.946667,0.946667
1.207956,0.946667,0.946667
1.208358,0.946667,0.946667
1.208761,0.946667,0.946667
1.209163,0.946667,0.946667
1.209564,0.946667,0.946667
1.209966,0.946667,0.946667
1.210367,0.946667,0.946667
1.210770,0.946667,0.946667
1.211172,0.946667,0.946667
1.211573,0.946667,0.946667
1.211975,0.946667,0.946667
1.212376,0.946667,0.946667
1.212777,0.946667,0.946667
1.213179,0.946667,0.946667
1.213580,0.946667,0.946667
1.213981,0.946667,0.946667
1.214383,0.946667,0.946667
1.214784,0.946667,0.946667
1.215186,0.946667,0.946667
1.215588,0.946667,0.946667
1.215989,0.946667,0.946667
1.216390,0.946667,0.946667
1.216791,0.946667,0.946667
1.217192,0.946667,0.946667
1.217593,0.946667,0.946667
1.217995,0.946667,0.946667
1.218397,0.946667,0.946667
1.218798,0.946667,0.946667
1.219200,0.946667,0.946667
1.219601,0.946667,0.946667
1.220003,0.946667,0.946667
1.220404,0.946667,0.946667
1.220806,0.946667,0.946667
1.221207,0.946667,0.946667
1.221608,0.946667,0.946667
1.222009,0.946667,0.946667
1.222410,0.946667,0.946667
1.222811,0.946667,0.946667
1.223213,0.946667,0.946667
1.223615,0.946667,0.946667
1.224016,0.946667,0.946667
1.224418,0.946667,0.946667
1.224819,0.946667,0.946667
1.225220,0.946667,0.946667
1.225621,0.946667,0.946667
1.226022,0.946667,0.946667
1.226423,0.946667,0.946667
1.226824,0.946667,0.946667
1.227226,0.946667,0.946667
1.227627,0.946667,0.946667
1.228029,0.946667,0.946667
1.228431,0.946667,0.946667
1.228833,0.946667,0.946667
1.229235,0.946667,0.946667
1.229636,0.946667,0.946667
1.230038,0.946667,0.946667
1.230439,0.946667,0.946667
1.230840,0.946667,0.946667
1.231242,0.946667,0.946667
1.231645,0.946667,0.946667
1.232046,0.946667,0.946667
1.232447,0.946667,0.946667
1.232850,0.946667,0.946667
1.233252,0.946667,0.946667
1.233654,0.946667,0.946667
1.234056,0.946667,0.946667
1.234457,0.946667,0.946667
1.234858,0.946667,0.946667
1.235260,0.946667,0.946667
1.235661,0.946667,0.946667
1.236062,0.946667,0.946667
1.236463,0.946667,0.946667
1.236864,0.946667,0.946667
1.237266,0.946667,0.946667
1.237667,0.946667,0.946667
1.238071,0.946667,0.946667
1.238472,0.946667,0.946667
1.238875,0.946667,0.946667
1.239276,0.946667,0.946667
1.239678,0.946667,0.946667
1.240079,0.946667,0.946667
1.240482,0.946667,0.946667
1.240883,0.946667,0.946667
1.241284,0.946667,0.946667
1.241686,0.946667,0.946667
1.242089,0.946667,0.946667
1.242492,0.946667,0.946667
1.242893,0.946667,0.946667
1.243294,0.946667,0.946667
1.243696,0.946667,0.946667
1.244098,0.946667,0.946667
1.244499,0.946667,0.946667
1.244900,0.946667,0.946667
1.245301,0.946667,0.946667
1.245704,0.946667,0.946667
1.246105,0.946667,0.946667
1.246507,0.946667,0.946667
1.246909,0.946667,0.946667
1.247310,0.946667,0.946667
1.247713,0.946667,0.946667
1.248114,0.946667,0.946667
1.248517,0.946667,0.946667
1.248919,0.946667,0.946667
1.249320,0.946667,0.946667
1.249721,0.946667,0.946667
1.250123,0.946667,0.946667
1.250524,0.946667,0.946667
1.250925,0.946667,0.946667
1.251326,0.946667,0.946667
1.251727,0.946667,0.946667
1.252129,0.946667,0.946667
1.252531,0.946667,0.946667
1.252933,0.946667,0.946667
1.253339,0.946667,0.946667
1.253741,0.960000,0.946667
1.254143,0.946667,0.946667
1.254544,0.953333,0.946667
1.254945,0.946667,0.946667
1.255346,0.946667,0.946667
1.255749,0.946667,0.946667
1.256151,0.946667,0.946667
1.256552,0.946667,0.946667
1.256953,0.946667,0.946667
1.257354,0.946667,0.946667
1.257755,0.946667,0.946667
1.258157,0.953333,0.946667
1.258559,0.953333,0.946667
1.258961,0.966667,0.946667
1.259363,0.973333,0.946667
1.259764,1.006667,0.946667
1.260165,1.000000,0.946667
1.260566,1.000000,0.946667
1.260968,1.013333,0.946667
1.261369,0.960000,0.946667
1.261770,1.026667,0.946667
1.262172,1.026667,0.946667
1.262573,1.006667,0.946667
1.262974,1.040000,0.960000
1.263375,1.020000,0.966667
1.263776,1.166667,0.986667
1.264179,1.100000,1.066667
1.264581,1.033333,0.953333
1.264982,1.126667,0.993333
1.265383,1.220000,1.013333
1.265784,1.146667,1.033333
1.266186,1.086667,0.993333
1.266587,1.153333,1.033333
1.266989,1.160000,1.020000
1.267391,1.173333,1.033333
1.267793,1.193333,1.080000
1.268195,1.200000,1.040000
1.268597,1.206667,1.066667
1.268999,1.220000,1.086667
1.269400,1.300000,1.113333
1.269801,1.240000,1.086667
1.270202,1.233333,1.120000
1.270604,1.253333,1.140000
1.271005,1.253333,1.126667
1.271407,1.280000,1.120000
1.271809,1.260000,1.173333
1.272211,1.360000,1.140000
1.272613,1.300000,1.180000
1.273015,1.346667,1.200000
1.273417,1.373333,1.206667
1.273818,1.346667,1.206667
1.274219,1.373333,1.133333
1.274620,1.373333,1.306667
1.275021,1.393333,1.220000
1.275422,1.373333,1.246667
1.275824,1.520000,1.246667
1.276226,1.420000,1.313333
1.276627,1.413333,1.300000
1.277029,1.440000,1.280000
1.277431,1.433333,1.293333
1.277832,1.426667,1.300000
1.278233,1.473333,1.320000
1.278635,1.466667,1.320000
1.279037,1.480000,1.246667
1.279438,1.500000,1.360000
1.279839,1.533333,1.326667
1.280240,1.506667,1.386667
1.280641,1.526667,1.326667
1.281043,1.560000,1.260000
1.281444,1.513333,1.386667
1.281845,1.666667,1.386667
1.282246,1.586667,1.413333
1.282647,1.613333,1.433333
1.283049,1.613333,1.420000
1.283450,1.633333,1.453333
1.283851,1.660000,1.473333
1.284253,1.660000,1.586667
1.284654,1.646667,1.513333
1.285056,1.680000,1.540000
1.285457,1.713333,1.533333
1.285858,1.740000,1.513333
1.286260,1.706667,1.546667
1.286661,1.733333,1.560000
1.287062,1.740000,1.546667
1.287463,1.773333,1.546667
1.287864,1.826667,1.673333
1.288266,1.860000,1.593333
1.288668,1.820000,1.526667
1.289071,1.793333,1.646667
1.289472,1.900000,1.633333
1.289873,1.840000,1.646667
1.290274,1.986667,1.653333
1.290676,1.893333,1.686667
1.291077,1.893333,1.700000
1.291478,1.893333,1.686667
1.291879,1.906667,1.733333
1.292280,1.913333,1.733333
1.292681,1.920000,1.733333
1.293083,1.960000,1.773333
1.293484,1.980000,1.780000
1.293886,1.940000,1.773333
1.294288,2.000000,1.733333
1.294689,2.000000,1.826667
1.295091,2.026667,1.746667
1.295492,2.040000,1.840000
1.295893,2.066667,1.880000
1.296294,2.053333,1.920000
1.296696,2.106667,1.840000
1.297097,2.093333,2.020000
1.297498,2.086667,1.906667
1.297899,2.113333,1.980000
1.298300,2.220000,1.940000
1.298701,2.166667,1.940000
1.299104,2.180000,1.973333
1.299505,2.173333,1.973333
1.299906,2.200000,2.000000
1.300307,2.233333,2.026667
1.300708,2.260000,2.013333
1.301110,2.246667,2.013333
1.301511,2.253333,2.066667
1.301912,2.300000,2.053333
1.302314,2.306667,2.093333
1.302715,2.286667,2.093333
1.303117,2.326667,2.120000
1.303519,2.373333,2.100000
1.303921,2.346667,2.126667
1.304323,2.360000,2.146667
1.304724,2.413333,2.140000
1.305125,2.393333,2.186667
1.305528,2.420000,2.186667
1.305929,2.440000,2.213333
1.306330,2.460000,2.200000
1.306732,2.460000,2.246667
1.307134,2.446667,2.260000
1.307536,2.426666,2.273333
1.307937,2.520000,2.293333
1.308339,2.520000,2.320000
1.308740,2.566667,2.426666
1.309141,2.553333,2.380000
1.309542,2.573333,2.346667
1.309944,2.640000,2.300000
1.310346,2.626667,2.406667
1.310747,2.613333,2.406667
1.311148,2.640000,2.366667
1.311550,2.613333,2.253333
1.311951,2.640000,2.433333
1.312352,2.653333,2.460000
1.312753,2.706666,2.460000
1.313155,2.713333,2.486667
1.313558,2.713333,2.493333
1.313960,2.753333,2.460000
1.314361,2.706666,2.520000
1.314762,2.760000,2.553333
1.315165,2.793333,2.580000
1.315566,2.826667,2.586667
1.315968,2.833333,2.520000
1.316370,2.840000,2.600000
1.316771,2.820000,2.613333
1.317172,2.886667,2.766667
1.317573,2.926667,2.626667
1.317975,2.906667,2.660000
1.318376,2.940000,2.700000
1.318778,2.953333,2.700000
1.319181,2.966666,2.726667
1.319582,2.993333,2.746667
1.319983,2.953333,2.753333
1.320384,3.013333,2.726667
1.320787,3.080000,2.793333
1.321190,3.053333,2.753333
1.321592,3.033333,2.813333
1.321994,3.106667,2.813333
1.322395,3.266667,2.866667
1.322796,2.960000,2.860000
1.323198,3.146667,2.800000
1.323599,3.153333,2.893333
1.324001,3.193333,2.906667
1.324402,3.193333,2.906667
1.324803,3.220000,2.953333
1.325205,3.233333,2.960000
1.325606,3.293333,2.966666
1.326007,3.220000,3.040000
1.326408,3.266667,3.013333
1.326809,3.306667,3.006667
1.327210,3.293333,3.040000
1.327611,3.340000,3.046667
1.328012,3.333333,3.060000
1.328413,3.353333,3.080000
1.328814,3.353333,3.133333
1.329215,3.426666,3.133333
1.329616,3.453333,3.153333
1.330017,3.466666,3.173333
1.330418,3.700000,3.160000
1.330820,3.560000,3.346666
1.331221,3.453333,3.200000
1.331622,3.526666,3.193333
1.332023,3.553333,3.253333
1.332424,3.586667,3.240000
1.332825,3.566667,3.146667
1.333227,3.606667,3.313333
1.333628,3.593333,3.313333
1.334029,3.633333,3.320000
1.334431,3.660000,3.340000
1.334833,3.686666,3.380000
1.335234,3.680000,3.386667
1.335635,3.726667,3.393333
1.336036,3.693333,3.393333
1.336438,3.746666,3.460000
1.336841,3.780000,3.480000
1.337243,3.793333,3.440000
1.337644,3.873333,3.493333
1.338046,3.860000,3.486667
1.338447,3.860000,3.513333
1.338848,3.873333,3.553333
1.339250,3.906667,3.566667
1.339651,3.980000,3.573333
1.340053,3.966667,3.713333
1.340454,3.986666,3.653333
1.340855,3.980000,3.613333
1.341257,4.006667,3.666667
1.341658,4.013333,3.660000
1.342059,4.066667,3.600000
1.342460,4.066667,3.680000
1.342861,4.046667,3.720000
1.343262,4.106667,3.746666
1.343664,4.106667,3.746666
1.344065,4.140000,3.840000
1.344466,4.166667,3.833333
1.344868,4.153333,3.746666
1.345269,4.206666,3.840000
1.345672,4.213334,3.900000
1.346074,4.246667,3.893333
1.346476,4.253333,3.940000
1.346878,4.266666,3.946667
1.347280,4.266666,4.006667
1.347681,4.306667,3.973333
1.348083,4.246667,3.926666
1.348484,4.520000,4.000000
1.348885,4.373333,4.026666
1.349287,4.386666,4.053333
1.349688,4.400000,4.093333
1.350090,4.433333,4.093333
1.350491,4.466667,4.100000
1.350892,4.466667,4.126667
1.351293,4.493333,4.180000
1.351694,4.493333,4.153333
1.352096,4.533333,4.186666
1.352497,4.553333,4.220000
1.352898,4.553333,4.186666
1.353300,4.773334,4.260000
1.353701,4.586667,4.246667
1.354103,4.660000,4.266666
1.354505,4.660000,4.280000
1.354906,4.686666,4.306667
1.355307,4.700000,4.306667
1.355709,4.720000,4.333333
1.356111,4.760000,4.366666
1.356512,4.700000,4.480000
1.356913,4.700000,4.426666
1.357314,4.793333,4.380000
1.357715,4.840000,4.480000
1.358117,4.846666,4.506667
1.358520,4.873333,4.540000
1.358922,4.880000,4.533333
1.359324,4.906667,4.540000
1.359725,4.933333,4.546667
1.360126,4.960000,4.573333
1.360527,4.980000,4.693333
1.360929,4.980000,4.633333
1.361330,5.000000,4.640000
1.361731,5.060000,4.633333
1.362133,5.073333,4.660000
1.362536,5.046667,4.673333
1.362937,5.086667,4.713333
1.363338,5.073333,4.773334
1.363739,5.146667,4.753333
1.364140,5.260000,4.813333
1.364541,5.173333,4.733333
1.364943,5.206666,4.813333
1.365344,5.220000,4.773334
1.365745,5.246666,4.873333
1.366146,5.273333,4.873333
1.366547,5.293334,4.880000
1.366949,5.320000,4.886666
1.367350,5.440000,4.920000
1.367751,5.373333,4.960000
1.368153,5.400000,4.980000
1.368554,5.426667,4.980000
1.368955,5.420000,5.000000
1.369356,5.440000,5.046667
1.369757,5.473333,4.980000
1.370159,5.460000,5.060000
1.370560,5.506666,5.093333
1.370961,5.646667,5.153333
1.371362,5.600000,5.126667
1.371763,5.593333,5.100000
1.372165,5.620000,5.146667
1.372566,5.526667,5.180000
1.372968,5.640000,5.286666
1.373369,5.673333,5.220000
1.373771,5.713333,5.266667
1.374173,5.720000,5.253333
1.374574,5.753333,5.320000
1.374975,5.746666,5.326667
1.375377,5.766666,5.333333
1.375778,5.826667,5.346666
1.376179,5.833333,5.413333
1.376580,5.900000,5.413333
1.376981,5.880000,5.420000
1.377382,5.880000,5.426667
1.377783,5.933333,5.466667
1.378185,5.986667,5.506666
1.378586,5.966666,5.480000
1.378988,5.980000,5.566667
1.379390,6.146667,5.566667
1.379791,6.020000,5.606667
1.380192,6.080000,5.586667
1.380593,6.106667,5.673333
1.380994,6.100000,5.673333
1.381395,6.126667,5.773333
1.381797,6.133333,5.546667
1.382199,6.220000,5.693333
1.382600,6.173333,5.733333
1.383001,6.213333,5.733333
1.383402,6.240000,5.760000
1.383803,6.226666,5.820000
1.384205,6.293333,5.820000
1.384607,6.306666,5.840000
1.385009,6.300000,5.853333
1.385410,6.333333,5.886667
1.385813,6.400000,5.906666
1.386214,6.393333,5.926667
1.386615,6.413333,6.106667
1.387016,6.473333,5.980000
1.387418,6.433333,6.033333
1.387820,6.480000,5.946667
1.388221,6.553333,6.040000
1.388622,6.533333,6.066667
1.389023,6.706667,6.100000
1.389424,6.566667,6.113333
1.389827,6.626667,6.193333
1.390228,6.586667,6.133333
1.390631,6.680000,6.160000
1.391032,6.713333,6.186666
1.391434,6.713333,6.193333
1.391835,6.766666,6.200000
1.392237,6.853333,6.253334
1.392638,6.813333,6.260000
1.393039,6.826667,6.313334
1.393440,6.846666,6.306666
1.393841,6.893333,6.346667
1.394242,6.893333,6.373333
1.394643,6.913333,6.346667
1.395045,6.953333,6.406667
1.395446,6.966666,6.466667
1.395847,7.026667,6.466667
1.396249,6.880000,6.466667
1.396652,7.073333,6.466667
1.397053,7.080000,6.500000
1.397454,7.040000,6.526666
1.397855,7.033333,6.513333
1.398256,7.153333,6.726666
1.398658,7.180000,6.646667
1.399059,7.186666,6.646667
1.399461,7.226666,6.706667
1.399862,7.213333,6.733333
1.400264,7.240000,6.720000
1.400665,7.313333,6.753333
1.401071,7.273333,6.786666
1.401472,7.346666,6.800000
1.401874,7.353333,6.853333
1.402275,7.406666,6.813333
1.402677,7.406666,6.873333
1.403078,7.406666,6.880000
1.403479,7.466667,6.906667
1.403880,7.493333,6.940000
1.404282,7.473333,6.986666
1.404683,7.513333,6.986666
1.405084,7.540000,7.013333
1.405485,7.613333,7.020000
1.405886,7.573333,7.060000
1.406287,7.633333,7.086666
1.406688,7.673333,7.233334
1.407090,7.673333,7.006667
1.407493,7.700000,7.160000
1.407894,7.713333,7.180000
1.408295,7.760000,7.166667
1.408697,7.793334,7.213333
1.409099,7.773333,7.240000
1.409500,7.766666,7.240000
1.409901,7.866666,7.326666
1.410303,7.866666,7.293333
1.410704,7.906666,7.333333
1.411105,7.926667,7.340000
1.411506,7.926667,7.346666
1.411907,7.906666,7.440000
1.412308,8.053332,7.453333
1.412709,8.026667,7.446666
1.413112,8.086667,7.446666
1.413513,8.066667,7.486667
1.413916,7.993333,7.440000
1.414317,8.139999,7.533333
1.414719,8.120000,7.520000
1.415120,8.179999,7.740000
1.415521,8.193333,7.600000
1.415922,8.220000,7.620000
1.416323,8.233334,7.626667
1.416724,8.286667,7.686666
1.417125,8.266666,7.706666
1.417526,8.326666,7.686666
1.417928,8.326666,7.753333
1.418330,8.379999,7.780000
1.418731,8.393332,7.780000
1.419132,8.420000,7.813334
1.419533,8.420000,7.900000
1.419934,8.453333,7.866666
1.420335,8.493334,7.873333
1.420737,8.473333,7.900000
1.421139,8.546666,7.893333
1.421540,8.633333,7.986666
1.421941,8.579999,7.980000
1.422343,8.599999,8.040000
1.422745,8.653333,8.026667
1.423146,8.646667,8.020000
1.423547,8.693334,8.080000
1.423949,8.706666,8.100000
1.424350,8.713333,8.120000
1.424752,8.753333,8.160000
1.425153,8.760000,8.120000
1.425554,8.813334,8.200000
1.425956,8.853333,8.213333
1.426358,8.860000,8.213333
1.426759,8.833333,8.273334
1.427160,8.906666,8.300000
1.427563,8.873333,8.333333
1.427964,8.966666,8.393332
1.428365,8.993333,8.353333
1.428766,9.000000,8.360000
1.429167,9.033333,8.393332
1.429568,9.020000,8.393332
1.429970,9.086667,8.406667
1.430372,9.099999,8.340000
1.430774,9.086667,8.513332
1.431175,9.186666,8.566667
1.431577,9.206667,8.533333
1.431978,9.266666,8.546666
1.432379,9.220000,8.586666
1.432781,9.266666,8.606667
1.433183,9.286667,8.639999
1.433584,9.340000,8.666666
1.433986,9.326667,8.666666
1.434387,9.346666,8.713333
1.434789,9.346666,8.713333
1.435191,9.406667,8.740000
1.435594,9.400000,8.760000
1.435996,9.466666,8.800000
1.436397,9.493333,8.813334
1.436798,9.513333,8.853333
1.437200,9.559999,8.860000
1.437601,9.606667,8.913333
1.438003,9.626666,8.913333
1.438404,9.653333,8.933333
1.438806,9.686666,9.033333
1.439207,9.833333,9.006666
1.439608,9.766666,9.020000
1.440010,9.746667,9.073333
1.440411,9.533333,9.073333
1.440812,9.766666,9.080000
1.441213,9.813334,9.126666
1.441614,9.826666,9.140000
1.442016,9.866667,9.160000
1.442417,9.886666,9.186666
1.442820,9.926666,9.206667
1.443222,9.953333,9.266666
1.443625,9.880000,9.266666
1.444026,9.959999,9.340000
1.444427,10.013333,9.273334
1.444829,10.080000,9.346666
1.445232,10.059999,9.340000
1.445633,10.080000,9.346666
1.446034,10.140000,9.346666
1.446436,10.140000,9.346666
1.446838,10.146667,9.440000
1.447239,10.193334,9.480000
1.447640,10.219999,9.499999
1.448042,10.240000,9.526667
1.448443,10.326667,9.593333
1.448844,10.273334,9.839999
1.449246,10.320000,9.540000
1.449649,10.333333,9.620000
1.450050,10.353333,9.653333
1.450452,10.393333,9.693333
1.450853,10.493333,9.680000
1.451255,10.413333,9.740000
1.451658,10.480000,9.766666
1.452059,10.480000,9.766666
1.452461,10.533334,9.793333
1.452862,10.600000,9.793333
1.453265,10.559999,9.846666
1.453666,10.613333,9.906666
1.454070,10.653334,9.740000
1.454471,10.653334,9.893332
1.454874,10.673333,9.959999
1.455275,10.693333,9.966666
1.455676,10.726666,9.973333
1.456077,10.759999,10.026666
1.456478,10.780000,10.006667
1.456880,10.846666,10.120000
1.457281,10.840000,10.080000
1.457682,10.820000,10.120000
1.458084,10.893332,10.126667
1.458485,10.913333,10.140000
1.458887,10.906667,10.153333
1.459288,10.940000,10.200000
1.459689,10.960000,10.226666
1.460091,11.000000,10.213333
1.460492,11.020000,10.306666
1.460894,11.099999,10.313334
1.461295,11.073333,10.493333
1.461698,11.079999,10.346666
1.462099,11.106667,10.320000
1.462500,11.253333,10.400000
1.462901,11.160000,10.400000
1.463303,11.206666,10.419999
1.463704,11.233333,10.466667
1.464105,11.260000,10.513333
1.464506,11.286666,10.506666
1.464907,11.306666,10.546666
1.465308,11.353333,10.566667
1.465709,11.360000,10.566667
1.466111,11.366667,10.606667
1.466512,11.426666,10.626666
1.466913,11.420000,10.620000
1.467314,11.453334,10.720000
1.467715,11.500000,10.673333
1.468117,11.520000,10.720000
1.468519,11.559999,10.726666
1.468920,11.539999,10.759999
1.469321,11.573333,10.773334
1.469722,11.573333,10.806666
1.470124,11.640000,10.840000
1.470525,11.606667,10.840000
1.470926,11.580000,10.906667
1.471327,11.673333,10.860000
1.471729,11.713333,10.913333
1.472131,11.706667,10.940000
1.472533,11.760000,10.980000
1.472934,11.753333,10.980000
1.473335,11.820000,11.020000
1.473737,11.920000,11.040000
1.474138,11.840000,11.053333
1.474539,11.893333,11.073333
1.474940,11.920000,11.153333
1.475341,11.946667,11.133333
1.475744,11.940000,11.133333
1.476146,11.960000,11.193334
1.476547,12.006666,11.206666
1.476948,12.053333,11.206666
1.477350,12.080000,11.240000
1.477752,12.033333,11.293333
1.478153,12.113334,11.293333
1.478554,12.146667,11.320000
1.478955,12.146667,11.453334
1.479356,12.219999,11.366667
1.479758,12.219999,11.313334
1.480160,12.259999,11.440000
1.480561,12.273333,11.440000
1.480963,12.320000,11.460000
1.481364,12.373333,11.493333
1.481767,12.306666,11.493333
1.482168,12.380000,11.539999
1.482569,12.406666,11.539999
1.482971,12.420000,11.580000
1.483372,12.453333,11.573333
1.483775,12.459999,11.620000
1.484177,12.493333,11.626666
1.484578,12.526666,11.646667
1.484979,12.559999,11.666666
1.485381,12.620000,11.713333
1.485782,12.599999,11.713333
1.486185,12.626667,11.773334
1.486586,12.653333,11.773334
1.486987,12.660000,11.820000
1.487389,12.666666,11.820000
1.487790,12.719999,11.820000
1.488192,12.833333,11.866666
1.488593,12.746666,11.886666
1.488994,12.753333,11.893333
1.489395,12.793333,11.686666
1.489796,12.746666,11.926666
1.490198,12.893333,11.900000
1.490599,12.860000,11.980000
1.491000,12.900000,12.013333
1.491401,12.913333,12.013333
1.491802,12.946667,12.066666
1.492204,12.973333,12.086666
1.492605,12.980000,12.080000
1.493006,12.993333,12.153333
1.493407,13.033334,12.133333
1.493808,13.066667,12.153333
1.494209,13.106667,12.213333
1.494611,13.026667,12.273333
1.495012,13.153334,12.246667
1.495413,13.186666,12.139999
1.495814,13.186666,12.346666
1.496215,13.173333,12.339999
1.496618,13.213333,12.366667
1.497019,13.240000,12.400000
1.497421,13.306666,12.266666
1.497822,13.186666,12.426666
1.498223,13.346667,12.420000
1.498624,13.373333,12.433333
1.499025,13.393333,12.520000
1.499426,13.360000,12.493333
1.499827,13.440000,12.440001
1.500229,13.453332,12.553333
1.500630,13.466666,12.580000
1.501032,13.539999,12.386666
1.501433,13.473332,12.626667
1.501834,13.526667,12.606667
1.502235,13.566667,12.666666
1.502637,13.586667,12.686666
1.503039,13.593333,12.713333
1.503441,13.646666,12.760000
1.503842,13.666666,12.719999
1.504244,13.713332,12.780000
1.504645,13.713332,12.946667
1.505046,13.720000,12.806666
1.505447,13.766666,12.833333
1.505849,13.799999,12.880000
1.506250,13.860000,12.933333
1.506652,13.813334,12.906667
1.507053,13.866666,12.940000
1.507454,13.880000,12.946667
1.507855,13.886666,13.053332
1.508257,13.926666,13.013333
1.508658,13.933332,12.993333
1.509059,13.973332,13.013333
1.509460,13.999999,13.073333
1.509861,13.966666,13.073333
1.510262,13.986667,13.100000
1.510664,14.066666,13.120000
1.511071,14.099999,13.120000
1.511472,14.120000,13.179999
1.511873,14.166666,13.193333
1.512274,14.113334,13.220000
1.512676,14.180000,13.266666
1.513078,14.080000,13.233334
1.513479,14.206667,13.286667
1.513881,14.286666,13.246666
1.514282,14.246667,13.286667
1.514683,14.246667,13.333333
1.515085,14.346666,13.353333
1.515486,14.333334,13.393333
1.515889,14.353333,13.453332
1.516290,14.360000,13.440000
1.516692,14.386666,13.406666
1.517093,14.413333,13.466666
1.517495,14.439999,13.646666
1.517898,14.506667,13.546667
1.518299,14.486667,13.520000
1.518700,14.513333,13.546667
1.519101,14.513333,13.593333
1.519503,14.573334,13.613334
1.519904,14.553333,13.646666
1.520306,14.600000,13.646666
1.520707,14.566666,13.646666
1.521108,14.659999,13.586667
1.521510,14.666667,13.693333
1.521912,14.693333,13.700000
1.522313,14.759999,13.646666
1.522714,14.753333,13.773333
1.523115,14.766665,13.820000
1.523518,14.806666,13.793333
1.523919,14.820000,13.786667
1.524320,14.853333,13.846665
1.524722,14.866667,13.873334
1.525124,14.899999,13.920000
1.525526,14.893332,13.900000
1.525927,14.933333,13.933332
1.526328,14.940000,13.933332
1.526729,14.953333,13.986667
1.527131,14.953333,13.993333
1.527532,14.953333,13.993333
1.527933,14.953333,14.006667
1.528340,15.026666,14.053333
1.528741,15.093332,14.053333
1.529142,15.040000,14.093333
1.529544,15.126667,14.093333
1.529945,15.166667,14.080000
1.530347,15.260000,14.113334
1.530748,15.213333,14.160000
1.531150,15.206666,14.173332
1.531551,15.233334,14.180000
1.531953,15.253334,14.206667
1.532354,15.286666,14.226666
1.532756,15.326667,14.266667
1.533158,15.313333,14.293333
1.533561,15.333333,14.293333
1.533962,15.240000,14.320000
1.534364,15.400000,14.346666
1.534765,15.406667,14.320000
1.535166,15.460000,14.439999
1.535567,15.466666,14.406667
1.535969,15.413333,14.346666
1.536371,15.500000,14.360000
1.536773,15.506666,14.480000
1.537174,15.560000,14.506667
1.537577,15.566667,14.520000
1.537978,15.586667,14.520000
1.538380,15.606667,14.533334
1.538783,15.626667,14.580000
1.539185,15.679999,14.580000
1.539586,15.660000,14.480000
1.539988,15.686666,14.600000
1.540389,15.606667,14.633332
1.540791,15.799999,14.679999
1.541192,15.753332,14.679999
1.541593,15.793333,14.693333
1.541994,15.819999,14.713333
1.542395,15.846667,14.726667
1.542798,15.893333,14.740000
1.543199,15.886665,14.766665
1.543600,15.873333,14.753333
1.544002,15.926666,14.806666
1.544404,15.966666,14.820000
1.544806,15.946666,14.786666
1.545207,16.053333,14.873333
1.545608,15.993333,15.073333
1.546010,16.013332,14.886666
1.546412,16.020000,14.953333
1.546813,16.026667,14.953333
1.547214,16.006666,14.926667
1.547615,16.059999,14.953333
1.548016,16.133333,14.953333
1.548418,16.166666,15.113333
1.548820,16.133333,15.086666
1.549222,16.180000,15.073333
1.549623,16.213333,15.119999
1.550025,16.233332,15.139999
1.550426,16.266666,15.153333
1.550827,16.273333,15.173333
1.551228,16.286667,15.186667
1.551629,16.333334,15.219999
1.552030,16.340000,15.219999
1.552431,16.373333,15.233334
1.552832,16.373333,15.240000
1.553233,16.373333,15.273333
1.553635,16.413332,15.306666
1.554036,16.440001,15.313333
1.554437,16.433332,15.306666
1.554840,16.453333,15.406667
1.555241,16.526667,15.393333
1.555642,16.646666,15.346666
1.556043,16.513332,15.346666
1.556444,16.519999,15.413333
1.556845,16.573334,15.486666
1.557246,16.573334,15.433333
1.557647,16.613333,15.486666
1.558049,16.633331,15.520000
1.558450,16.633331,15.500000
1.558851,16.673332,15.546666
1.559252,16.706667,15.566667
1.559653,16.713333,15.579999
1.560055,16.746666,15.579999
1.560457,16.759998,15.579999
1.560858,16.759998,15.619999
1.561259,16.773333,15.900000
1.561661,16.806665,15.639999
1.562063,16.806665,15.660000
1.562465,16.826666,15.733333
1.562866,16.826666,15.746666
1.563267,16.846666,15.733333
1.563669,16.900000,15.746666
1.564071,16.786665,15.940000
1.564472,16.906666,15.766666
1.564874,16.893332,15.713334
1.565275,16.846666,15.806666
1.565676,16.920000,15.833333
1.566078,16.939999,15.833333
1.566479,16.959999,15.873333
1.566881,16.953333,15.873333
1.567282,16.986668,15.920000
1.567684,17.026665,15.920000
1.568085,16.993334,15.953332
1.568486,17.039999,15.946666
1.568887,17.013332,16.006666
1.569288,17.066666,15.980000
1.569689,17.113333,15.920000
1.570090,17.120001,16.039999
1.570491,17.126667,16.093332
1.570892,17.153332,16.099998
1.571293,17.166666,16.099998
1.571694,17.193333,16.099998
1.572096,17.179998,15.986667
1.572498,17.173332,16.153334
1.572899,17.213333,16.126665
1.573301,17.253334,16.046667
1.573702,17.226667,16.193333
1.574104,17.286665,16.213333
1.574505,17.266666,16.200001
1.574906,17.293333,16.233332
1.575307,17.306665,16.233332
1.575708,17.320000,16.259998
1.576110,17.320000,16.266666
1.576511,17.353333,16.293333
1.576913,17.366667,16.326666
1.577314,17.386667,16.353333
1.577715,17.400000,16.353333
1.578117,17.433332,16.373333
1.578519,17.446667,16.366665
1.578921,17.439999,16.279999
1.579322,17.459999,16.393333
1.579724,17.486666,16.433332
1.580125,17.500000,16.440001
1.580527,17.480000,16.446667
1.580928,17.600000,16.513332
1.581329,17.526667,16.473333
1.581731,17.533333,16.519999
1.582132,17.553331,16.473333
1.582533,17.606667,16.539999
1.582935,17.613333,16.566666
1.583336,17.626667,16.586666
1.583738,17.726665,16.606667
1.584139,17.646667,16.546667
1.584541,17.673332,16.619999
1.584942,17.686666,16.646666
1.585343,17.699999,16.680000
1.585744,17.740000,16.653332
1.586146,17.733334,16.646666
1.586548,17.766666,16.653332
1.586949,17.753334,16.706667
1.587350,17.713333,16.680000
1.587752,17.780001,16.733334
1.588153,17.873333,16.786665
1.588554,17.820000,16.759998
1.588955,17.733334,16.786665
1.589357,17.900000,16.806665
1.589758,17.853333,16.786665
1.590159,17.886667,16.806665
1.590560,17.893333,16.846666
1.590962,17.853333,16.840000
1.591363,17.926666,16.846666
1.591765,17.920000,16.853334
1.592166,17.966665,16.853334
1.592568,17.953333,16.966667
1.592969,17.953333,16.913332
1.593371,17.926666,16.846666
1.593772,17.973333,16.906666
1.594173,17.993332,16.926666
1.594575,18.020000,16.906666
1.594977,17.980000,16.926666
1.595379,18.040001,16.973333
1.595780,18.066666,16.993334
1.596181,18.133333,16.986668
1.596583,17.953333,16.980000
1.596984,18.226665,17.019999
1.597385,18.073332,17.026665
1.597787,18.086666,16.993334
1.598188,18.126667,17.026665
1.598590,18.106667,17.026665
1.598991,18.153334,17.059999
1.599393,18.173334,17.106667
1.599794,18.186666,17.059999
1.600195,18.199999,17.100000
1.600597,18.206665,17.059999
1.600998,18.213333,17.106667
1.601399,18.219999,17.113333
1.601800,18.273333,17.153332
1.602201,18.280001,17.153332
1.602603,18.280001,17.199999
1.603004,18.273333,17.186666
1.603405,18.306667,17.266666
1.603807,18.293333,17.213333
1.604209,18.320000,17.199999
1.604611,18.306667,17.219999
1.605012,18.293333,17.240000
1.605413,18.286667,17.186666
1.605814,18.379999,17.219999
1.606215,18.413334,17.273333
1.606616,18.353333,17.286665
1.607017,18.400000,17.206667
1.607418,18.420000,17.313332
1.607819,18.446667,17.306665
1.608220,18.453333,17.320000
1.608622,18.500000,17.333332
1.609023,18.459999,17.333332
1.609424,18.453333,17.346666
1.609826,18.486666,17.386667
1.610228,18.513332,17.366667
1.610630,18.446667,17.400000
1.611031,18.526667,17.419998
1.611434,18.559999,17.406666
1.611835,18.533333,17.406666
1.612237,18.586666,17.500000
1.612638,18.586666,17.473333
1.613039,18.639999,17.433332
1.613440,18.599998,17.480000
1.613841,18.633333,17.593332
1.614242,18.613333,17.533333
1.614643,18.713333,17.473333
1.615045,18.639999,17.506666
1.615446,18.673334,17.473333
1.615847,18.666666,17.539999
1.616248,18.666666,17.539999
1.616649,18.686666,17.539999
1.617050,18.706667,17.613333
1.617451,18.653334,17.586666
1.617852,18.726665,17.639999
1.618253,18.719999,17.619999
1.618654,18.759998,17.619999
1.619055,18.766666,17.886667
1.619456,18.759998,17.673332
1.619857,18.786667,17.666666
1.620259,18.773333,17.653334
1.620660,18.786667,17.666666
1.621062,18.806667,17.686666
1.621463,18.820000,17.686666
1.621864,18.840000,17.619999
1.622266,18.833334,17.746666
1.622667,18.846666,17.740000
1.623071,19.026667,17.699999
1.623472,18.853333,17.719999
1.623873,18.886665,17.753334
1.624274,18.879999,17.753334
1.624675,18.906666,17.746666
1.625077,18.926666,17.780001
1.625479,18.920000,17.760000
1.625881,18.933332,17.793333
1.626282,18.900000,17.766666
1.626683,18.946667,17.799999
1.627084,18.980000,17.820000
1.627486,18.986666,17.826666
1.627887,18.960001,17.820000
1.628288,19.013332,17.840000
1.628689,18.993332,17.846666
1.629091,18.999998,17.853333
1.629492,18.993332,17.886667
1.629893,19.033333,17.886667
1.630294,19.046667,17.873333
1.630695,19.080000,18.379999
1.631097,18.999998,18.000000
1.631498,19.080000,17.906668
1.631899,19.093334,18.006666
1.632300,19.093334,17.913334
1.632701,19.100000,17.933332
1.633103,19.106667,17.953333
1.633504,19.180000,17.966665
1.633906,19.100000,17.953333
1.634308,19.126665,18.006666
1.634710,19.133331,17.913334
1.635111,19.146666,18.006666
1.635513,19.139999,18.020000
1.635914,19.166666,17.973333
1.636315,19.160000,18.020000
1.636716,19.193333,18.026667
1.637118,19.160000,17.953333
1.637521,19.219999,18.020000
1.637923,19.226667,18.020000
1.638324,19.393332,18.006666
1.638726,19.146666,18.186666
1.639127,19.233334,18.079998
1.639528,19.306665,18.086666
1.639929,19.246666,18.086666
1.640330,19.366667,18.066666
1.640731,19.273333,18.079998
1.641132,19.273333,18.106667
1.641533,19.279999,18.099998
1.641934,19.320000,18.126667
1.642335,19.293333,18.126667
1.642736,19.313334,18.126667
1.643138,19.306665,18.146666
1.643539,19.299999,18.146666
1.643941,19.320000,18.113333
1.644342,19.340000,18.146666
1.644744,19.326666,18.206665
1.645146,19.353334,18.059999
1.645547,19.340000,18.193333
1.645949,19.333334,18.193333
1.646351,19.373333,18.180000
1.646752,19.400000,18.266666
1.647153,19.386665,18.173334
1.647555,19.373333,18.206665
1.647956,19.366667,18.273333
1.648358,19.453333,18.246666
1.648759,19.473333,18.266666
1.649160,19.420000,18.226665
1.649561,19.439999,18.226665
1.649962,19.439999,18.260000
1.650364,19.413332,18.226665
1.650766,19.493334,18.146666
1.651167,19.466667,18.266666
1.651568,19.426666,18.266666
1.651969,19.433332,18.246666
1.652370,19.480000,18.273333
1.652771,19.433332,18.293333
1.653172,19.513332,18.260000
1.653573,19.466667,18.306667
1.653975,19.480000,18.333332
1.654376,19.519999,18.339998
1.654777,19.533333,18.346666
1.655178,19.506666,18.286667
1.655579,19.506666,18.326666
1.655980,19.400000,18.320000
1.656382,19.573334,18.326666
1.656783,19.473333,18.346666
1.657185,19.539999,18.333332
1.657586,19.586666,18.346666
1.657987,19.573334,18.346666
1.658388,19.546665,18.353333
1.658789,19.559999,18.379999
1.659191,19.593332,18.373333
1.659592,19.653332,18.353333
1.659993,19.586666,18.393333
1.660395,19.639999,18.400000
1.660796,19.620001,18.400000
1.661198,19.586666,18.406666
1.661600,19.593332,18.400000
1.662001,19.626667,18.413334
1.662402,19.646666,18.406666
1.662804,19.633333,18.400000
1.663206,19.613333,18.440001
1.663607,19.633333,18.400000
1.664009,19.633333,18.426666
1.664410,19.659998,18.420000
1.664811,19.646666,18.433334
1.665212,19.673332,18.513332
1.665614,19.639999,18.446667
1.666015,19.646666,18.453333
1.666416,19.666666,18.420000
1.666817,19.693333,18.466665
1.667219,19.679998,18.459999
1.667620,19.686666,18.406666
1.668022,19.666666,18.433334
1.668423,19.659998,18.486666
1.668825,19.699999,18.473331
1.669226,19.699999,18.486666
1.669627,19.539999,18.473331
1.670029,19.699999,18.513332
1.670430,19.786665,18.506666
1.670831,19.686666,18.493332
1.671233,19.699999,18.526667
1.671634,19.726667,18.573334
1.672036,19.679998,18.566668
1.672437,19.766666,18.553333
1.672838,19.840000,18.493332
1.673239,19.760000,18.513332
1.673640,19.799999,18.526667
1.674041,19.746666,18.599998
1.674442,19.766666,18.526667
1.674843,19.746666,18.526667
1.675245,19.746666,18.526667
1.675646,19.760000,18.520000
1.676047,19.786665,18.539999
1.676449,19.766666,18.539999
1.676851,19.773333,18.533333
1.677253,19.746666,18.526667
1.677654,19.779999,18.473331
1.678056,19.760000,18.526667
1.678458,19.786665,18.553333
1.678860,19.793333,18.553333
1.679262,19.693333,18.559999
1.679663,19.786665,18.566668
1.680064,19.786665,18.793333
1.680465,19.740000,18.546667
1.680866,19.860001,18.546667
1.681267,19.786665,18.513332
1.681668,19.813332,18.580000
1.682070,19.719999,18.606665
1.682471,19.793333,18.580000
1.682873,19.820000,18.533333
1.683274,19.820000,18.586666
1.683675,19.806665,18.573334
1.684077,19.806665,18.593332
1.684478,19.786665,18.580000
1.684879,19.793333,18.553333
1.685280,19.846666,18.539999
1.685681,19.806665,18.646666
1.686083,19.760000,18.580000
1.686484,19.833332,18.599998
1.686886,19.840000,18.586666
1.687287,19.826666,18.580000
1.687689,19.826666,18.593332
1.688090,19.793333,18.646666
1.688491,19.806665,18.593332
1.688892,19.799999,18.593332
1.689294,19.926666,18.593332
1.689695,19.793333,18.580000
1.690097,19.840000,18.553333
1.690498,19.846666,18.593332
1.690900,19.840000,18.613333
1.691301,19.793333,18.626665
1.691702,19.840000,18.613333
1.692104,19.840000,18.639999
1.692505,19.846666,18.599998
1.692906,19.840000,18.606665
1.693308,19.846666,18.599998
1.693709,19.853333,18.626665
1.694111,19.846666,18.626665
1.694512,20.073332,18.713333
1.694913,19.853333,18.599998
1.695314,19.860001,18.646666
1.695716,19.880001,18.606665
1.696118,19.840000,18.606665
1.696519,19.840000,18.606665
1.696921,19.840000,18.599998
1.697323,19.833332,18.680000
1.697724,19.846666,18.613333
1.698125,19.853333,18.586666
1.698526,19.840000,18.599998
1.698928,19.900000,18.639999
1.699330,19.840000,18.613333
1.699731,19.840000,18.599998
1.700132,19.840000,18.606665
1.700533,19.860001,18.599998
1.700935,19.840000,18.606665
1.701336,19.840000,18.586666
1.701737,19.906666,18.599998
1.702138,19.913332,18.866665
1.702539,19.573334,18.586666
1.702941,19.833332,18.606665
1.703342,19.840000,18.566668
1.703744,19.853333,18.613333
1.704145,19.846666,18.599998
1.704546,19.793333,18.533333
1.704948,19.806665,18.553333
1.705350,19.799999,18.580000
1.705751,19.853333,18.473331
1.706152,19.760000,18.586666
1.706553,19.746666,18.586666
1.706955,19.833332,18.580000
1.707357,19.820000,18.593332
1.707758,19.826666,18.593332
1.708159,19.833332,18.580000
1.708560,19.806665,18.586666
1.708961,19.826666,18.593332
1.709363,19.833332,18.593332
1.709764,19.826666,18.580000
1.710165,19.813332,18.553333
1.710566,19.820000,18.580000
1.710967,19.786665,18.553333
1.711369,19.779999,18.580000
1.711770,19.820000,18.580000
1.712172,19.820000,18.526667
1.712573,19.793333,18.586666
1.712974,19.760000,18.539999
1.713376,19.626667,18.546667
1.713777,19.686666,18.539999
1.714179,19.799999,18.526667
1.714580,19.753334,18.553333
1.714981,19.786665,18.566668
1.715383,19.740000,18.586666
1.715784,19.766666,18.506666
1.716185,19.753334,18.553333
1.716586,19.733334,18.546667
1.716988,19.753334,18.533333
1.717390,19.760000,18.526667
1.717792,19.766666,18.533333
1.718193,19.760000,18.533333
1.718594,19.733334,18.526667
1.718996,19.786665,18.539999
1.719397,19.746666,18.466665
1.719798,19.633333,18.493332
1.720200,19.733334,18.566668
1.720601,19.659998,18.486666
1.721002,19.740000,18.486666
1.721403,19.746666,18.520000
1.721804,19.740000,18.566668
1.722206,19.740000,18.466665
1.722609,19.740000,18.493332
1.723010,19.760000,18.393333
1.723411,19.740000,18.500000
1.723812,19.726667,18.333332
1.724213,19.633333,18.486666
1.724614,19.740000,18.493332
1.725016,19.699999,18.459999
1.725418,19.719999,18.486666
1.725819,19.699999,18.486666
1.726220,19.699999,18.506666
1.726621,19.673332,18.400000
1.727022,19.679998,18.446667
1.727423,19.673332,18.420000
1.727824,19.693333,18.466665
1.728226,19.646666,18.406666
1.728628,19.606667,18.440001
1.729029,19.626667,18.586666
1.729430,19.653332,18.440001
1.729831,19.666666,18.426666
1.730232,19.659998,18.539999
1.730634,19.666666,18.426666
1.731036,19.706667,18.459999
1.731438,19.726667,18.426666
1.731840,19.666666,18.426666
1.732241,19.606667,18.400000
1.732642,19.600000,18.406666
1.733043,19.566666,18.213333
1.733444,19.620001,18.400000
1.733846,19.633333,18.359999
1.734248,19.600000,18.373333
1.734649,19.653332,18.326666
1.735050,19.580000,18.379999
1.735451,19.673332,18.359999
1.735852,19.566666,18.359999
1.736254,19.553333,18.359999
1.736655,19.559999,18.333332
1.737056,19.580000,18.353333
1.737458,19.546665,18.346666
1.737860,19.506666,18.326666
1.738261,19.526665,18.326666
1.738662,19.526665,18.326666
1.739063,19.486668,18.326666
1.739464,19.506666,18.320000
1.739866,19.480000,18.299999
1.740267,19.553333,18.266666
1.740668,19.513332,18.313334
1.741071,19.506666,18.293333
1.741472,19.466667,18.273333
1.741874,19.473333,18.273333
1.742276,19.473333,18.273333
1.742677,19.446667,18.240000
1.743078,19.446667,18.266666
1.743479,19.433332,18.240000
1.743880,19.433332,18.273333
1.744281,19.446667,18.266666
1.744682,19.426666,18.233332
1.745084,19.433332,18.213333
1.745486,19.453333,18.193333
1.745887,19.406666,18.219999
1.746289,19.466667,18.246666
1.746690,19.406666,18.180000
1.747091,19.426666,18.193333
1.747492,19.379999,18.193333
1.747893,19.393332,18.166666
1.748294,19.373333,18.219999
1.748695,19.293333,18.146666
1.749097,19.340000,18.160000
1.749498,19.333334,18.146666
1.749899,19.360001,18.146666
1.750300,19.346666,18.146666
1.750701,19.326666,18.139999
1.751103,19.333334,18.139999
1.751504,19.313334,18.119999
1.751906,19.293333,18.113333
1.752308,19.306665,18.126667
1.752709,19.279999,18.126667
1.753111,19.273333,18.126667
1.753512,19.313334,18.086666
1.753913,19.226667,18.126667
1.754314,19.253332,18.046667
1.754715,19.266666,17.980000
1.755117,19.226667,18.033333
1.755518,19.246666,18.053333
1.755919,19.213333,18.079998
1.756320,19.186666,18.020000
1.756721,19.033333,18.020000
1.757123,19.080000,17.953333
1.757524,19.186666,18.020000
1.757925,19.193333,18.013332
1.758327,19.193333,18.006666
1.758729,19.139999,18.006666
1.759131,19.160000,18.013332
1.759532,19.126665,17.953333
1.759933,19.113333,17.973333
1.760335,19.113333,17.926666
1.760736,19.139999,17.966665
1.761138,19.119999,17.920000
1.761539,19.133331,17.953333
1.761940,19.093334,17.926666
1.762341,19.086666,17.926666
1.762742,19.080000,17.873333
1.763144,19.066666,17.926666
1.763545,19.046667,17.886667
1.763947,19.013332,17.873333
1.764348,18.933332,17.859999
1.764749,18.980000,17.879999
1.765151,19.059999,17.859999
1.765552,19.006666,17.859999
1.765953,18.986666,17.886667
1.766354,18.980000,17.826666
1.766755,18.973333,17.826666
1.767157,18.913332,17.813332
1.767558,18.900000,17.813332
1.767960,18.926666,17.766666
1.768361,18.920000,17.799999
1.768762,18.933332,17.760000
1.769164,18.900000,17.766666
1.769565,18.866665,17.773333
1.769966,18.900000,17.760000
1.770367,18.913332,17.746666
1.770768,18.866665,17.786667
1.771170,18.820000,17.699999
1.771572,18.866665,17.719999
1.771973,18.820000,17.740000
1.772375,18.840000,17.699999
1.772776,18.806667,17.686666
1.773178,18.833334,17.686666
1.773579,18.793333,17.619999
1.773981,18.786667,17.660000
1.774382,18.766666,17.660000
1.774784,18.773333,17.653334
1.775185,18.766666,17.653334
1.775587,18.726665,17.613333
1.775988,18.686666,17.619999
1.776389,18.700001,17.539999
1.776790,18.686666,17.520000
1.777191,18.719999,17.633333
1.777592,18.686666,17.606667
1.777994,18.700001,17.446667
1.778395,18.666666,17.520000
1.778796,18.653334,17.673332
1.779197,18.646666,17.473333
1.779599,18.646666,17.500000
1.780001,18.606665,17.506666
1.780402,18.646666,17.486666
1.780803,18.626665,17.340000
1.781205,18.606665,17.426666
1.781607,18.599998,17.459999
1.782008,18.566668,17.453333
1.782410,18.546667,17.433332
1.782811,18.533333,17.419998
1.783213,18.653334,17.400000
1.783614,18.513332,17.393333
1.784015,18.513332,17.400000
1.784416,18.480000,17.380001
1.784817,18.486666,17.366667
1.785219,18.473331,17.360001
1.785620,18.453333,17.333332
1.786021,18.420000,17.346666
1.786423,18.433334,17.326666
1.786825,18.466665,17.326666
1.787226,18.400000,17.346666
1.787627,18.440001,17.279999
1.788028,18.386665,17.266666
1.788429,18.379999,17.266666
1.788831,18.353333,17.260000
1.789233,18.346666,17.513334
1.789634,18.333332,17.159998
1.790035,18.346666,17.219999
1.790436,18.306667,17.213333
1.790837,18.306667,17.193333
1.791239,18.286667,17.186666
1.791640,18.280001,17.186666
1.792042,18.233332,17.166666
1.792444,18.253332,17.120001
1.792846,18.306667,17.120001
1.793247,18.233332,17.139999
1.793648,18.153334,16.993334
1.794049,18.186666,17.159998
1.794450,18.213333,17.106667
1.794851,18.293333,17.139999
1.795252,18.153334,17.059999
1.795653,18.153334,17.039999
1.796054,18.153334,17.066666
1.796455,18.146666,17.039999
1.796856,18.119999,17.013332
1.797257,18.073332,16.986668
1.797658,18.119999,16.980000
1.798060,18.146666,16.959999
1.798462,18.059999,16.959999
1.798863,18.046667,16.953333
1.799265,18.020000,16.946667
1.799666,18.013332,16.920000
1.800070,18.013332,16.926666
1.800471,18.006666,16.920000
1.800873,17.973333,16.886665
1.801274,17.953333,16.900000
1.801675,17.906668,16.866667
1.802077,17.873333,16.879999
1.802478,17.900000,16.860001
1.802880,17.900000,16.633331
1.803281,17.893333,16.853334
1.803682,17.866667,16.820000
1.804083,17.813332,16.806665
1.804485,17.859999,16.786665
1.804886,17.833332,16.786665
1.805287,17.833332,16.793333
1.805688,17.813332,16.740000
1.806090,17.813332,16.759998
1.806491,17.793333,16.759998
1.806892,17.753334,16.733334
1.807294,17.753334,16.706667
1.807695,17.753334,16.733334
1.808096,17.740000,16.499998
1.808498,17.706665,16.680000
1.808900,17.699999,16.646666
1.809301,17.679998,16.646666
1.809702,17.660000,16.619999
1.810104,17.653334,16.673332
1.810505,17.626667,16.566666
1.810907,17.626667,16.573334
1.811308,17.613333,16.526667
1.811709,17.573332,16.653332
1.812111,17.533333,16.539999
1.812512,17.506666,16.486666
1.812914,17.526667,16.506666
1.813315,17.513334,16.486666
1.813717,17.493334,16.446667
1.814118,17.480000,16.506666
1.814520,17.533333,16.486666
1.814921,17.446667,16.499998
1.815323,17.473333,16.460001
1.815725,17.419998,16.433332
1.816126,17.426666,16.359999
1.816528,17.419998,16.353333
1.816929,17.386667,16.333334
1.817330,17.340000,16.279999
1.817731,17.360001,16.299999
1.818132,17.326666,16.420000
1.818533,17.320000,16.273333
1.818935,17.293333,16.266666
1.819336,17.273333,16.200001
1.819737,17.286665,16.213333
1.820138,17.260000,16.240000
1.820539,17.179998,16.186666
1.820940,17.159998,16.166666
1.821342,17.213333,16.099998
1.821744,17.186666,16.113333
1.822145,17.219999,16.106665
1.822546,17.179998,16.133333
1.822947,17.159998,16.106665
1.823348,17.153332,16.006666
1.823750,17.106667,16.000000
1.824151,17.100000,16.026667
1.824553,17.080000,15.986667
1.824954,17.059999,15.953332
1.825355,17.039999,15.960000
1.825756,17.039999,15.920000
1.826158,17.026665,15.926666
1.826560,17.000000,15.926666
1.826961,16.986668,15.913334
1.827362,16.959999,15.860000
1.827763,16.953333,15.860000
1.828165,16.946667,15.860000
1.828567,16.933332,15.853333
1.828968,16.893332,15.906666
1.829369,16.893332,15.760000
1.829771,16.879999,15.740000
1.830172,16.886665,15.920000
1.830573,16.820000,15.746666
1.830974,16.799999,15.760000
1.831375,16.840000,15.753332
1.831776,16.766666,15.679999
1.832178,16.793333,15.660000
1.832580,16.786665,15.639999
1.832981,16.793333,15.639999
1.833382,16.766666,15.626667
1.833784,16.753332,15.599999
1.834185,16.726667,15.599999
1.834586,16.740000,15.520000
1.834987,16.700001,15.553332
1.835388,16.653332,15.540000
1.835789,16.666666,15.506666
1.836190,16.626665,15.473333
1.836592,16.619999,15.473333
1.836993,16.600000,15.433333
1.837394,16.539999,15.340000
1.837795,16.526667,15.393333
1.838197,16.506666,14.953333
1.838598,16.506666,15.326667
1.838999,16.653332,15.366667
1.839400,16.440001,15.406667
1.839801,16.420000,15.346666
1.840202,16.433332,15.313333
1.840604,16.406666,15.253334
1.841006,16.406666,15.273333
1.841408,16.359999,15.233334
1.841809,16.346666,15.226665
1.842210,16.340000,15.219999
1.842611,16.293333,15.213333
1.843012,16.266666,15.173333
1.843413,16.273333,15.159999
1.843814,16.193333,15.139999
1.844216,16.173334,15.139999
1.844618,16.206667,15.119999
1.845019,16.166666,15.106667
1.845420,16.173334,14.953333
1.845821,16.113333,14.953333
1.846222,16.139999,14.953333
1.846623,16.086666,14.946667
1.847024,16.153334,14.880000
1.847425,16.039999,14.940000
1.847828,16.059999,14.946667
1.848230,16.000000,14.940000
1.848631,16.013332,14.873333
1.849032,15.986667,14.766665
1.849433,15.966666,14.853333
1.849834,15.926666,14.840000
1.850235,15.926666,14.813333
1.850638,15.893333,14.800000
1.851039,15.906666,14.766665
1.851441,15.839999,14.786666
1.851842,15.839999,14.699999
1.852244,15.799999,14.693333
1.852646,15.760000,14.693333
1.853047,15.833333,14.626666
1.853448,15.726666,14.640000
1.853849,15.746666,14.640000
1.854251,15.700000,14.600000
1.854652,15.733333,14.593332
1.855053,15.653334,14.553333
1.855455,15.619999,14.540000
1.855856,15.613333,14.573334
1.856258,15.593333,14.526666
1.856659,15.579999,14.526666
1.857061,15.540000,14.446667
1.857462,15.546666,14.486667
1.857863,15.506666,14.406667
1.858265,15.453334,14.420000
1.858668,15.426665,14.353333
1.859070,15.440000,14.393332
1.859471,15.406667,14.340000
1.859873,15.393333,14.266667
1.860275,15.386667,14.346666
1.860676,15.359999,14.320000
1.861078,15.326667,14.373332
1.861479,15.313333,14.273334
1.861881,15.306666,14.253333
1.862283,15.260000,14.166666
1.862685,15.260000,14.206667
1.863086,15.206666,14.173332
1.863489,15.219999,14.160000
1.863891,15.159999,14.153333
1.864292,15.159999,14.120000
1.864693,15.280000,14.099999
1.865094,15.193334,14.113334
1.865496,15.133333,14.053333
1.865898,15.100000,13.993333
1.866301,15.013333,13.999999
1.866702,14.953333,13.993333
1.867104,14.953333,13.993333
1.867507,14.899999,13.986667
1.867908,14.933333,13.933332
1.868310,14.913333,13.906666
1.868711,14.873333,13.900000
1.869112,14.886666,13.873334
1.869514,14.846666,13.860000
1.869916,14.833332,13.820000
1.870318,14.679999,13.806667
1.870719,14.793334,13.813334
1.871122,14.766665,13.779999
1.871523,14.759999,13.660000
1.871924,14.699999,13.740001
1.872326,14.693333,13.620000
1.872727,14.646667,13.773333
1.873129,14.646667,13.533333
1.873531,14.613333,13.593333
1.873932,14.586666,13.626666
1.874338,14.493333,13.633333
1.874739,14.673333,13.586667
1.875140,14.526666,13.586667
1.875543,14.526666,13.546667
1.875945,14.480000,13.500000
1.876346,14.466667,13.379999
1.876747,14.433332,13.473332
1.877148,14.400001,13.753333
1.877551,14.420000,13.440000
1.877953,14.340000,13.420000
1.878354,14.366666,13.413334
1.878755,14.360000,13.433333
1.879157,14.239999,13.333333
1.879558,14.299999,13.320000
1.879959,14.280000,13.420000
1.880360,14.253333,13.280000
1.880761,14.219999,13.286667
1.881162,14.293333,13.293333
1.881565,14.186666,13.226666
1.881966,14.126666,13.213333
1.882368,14.126666,13.193333
1.882769,14.093333,13.146667
1.883171,14.093333,13.120000
1.883573,14.033333,13.100000
1.883974,14.066666,13.133333
1.884377,14.013333,13.106667
1.884778,13.946667,13.033334
1.885179,13.979999,13.066667
1.885580,13.946667,13.013333
1.885981,13.906666,12.953333
1.886384,13.906666,12.960000
1.886785,13.866666,12.993333
1.887186,13.873334,12.919999
1.887587,13.820000,12.913333
1.887988,13.806667,12.860000
1.888389,13.779999,12.840000
1.888791,13.806667,12.833333
1.889192,13.706666,12.826667
1.889593,13.813334,12.799999
1.889994,13.526667,12.833333
1.890396,13.579999,12.766666
1.890797,13.646666,12.686666
1.891199,13.639999,12.719999
1.891602,13.579999,12.673333
1.892003,13.559999,12.673333
1.892404,13.546667,12.613333
1.892805,13.539999,12.626667
1.893207,13.586667,12.660000
1.893608,13.420000,12.546666
1.894009,13.493333,12.520000
1.894411,13.420000,12.540000
1.894812,13.420000,12.506667
1.895213,13.373333,12.493333
1.895615,13.366667,12.433333
1.896016,13.333333,12.426666
1.896417,13.306666,12.400000
1.896818,13.293333,12.406666
1.897219,13.293333,12.366667
1.897620,13.246666,12.306666
1.898021,13.193333,12.339999
1.898423,13.186666,12.346666
1.898824,13.160000,12.280000
1.899226,13.120000,12.253333
1.899627,13.120000,12.213333
1.900029,13.100000,12.213333
1.900430,13.093333,12.219999
1.900831,13.046666,12.066666
1.901232,13.006666,12.133333
1.901633,13.006666,12.200000
1.902035,12.986666,12.100000
1.902436,12.960000,12.033333
1.902837,12.946667,12.033333
1.903239,12.906667,11.993333
1.903640,12.786666,12.006666
1.904042,12.853333,11.980000
1.904444,12.866666,11.940000
1.904845,12.813334,11.913333
1.905246,12.746666,11.900000
1.905647,12.766666,11.840000
1.906049,12.786666,11.866666
1.906450,12.853333,11.846666
1.906853,12.760000,11.846666
1.907254,12.646667,11.820000
1.907657,12.666666,11.799999
1.908058,12.626667,11.760000
1.908459,12.640000,11.746666
1.908862,12.573334,11.726666
1.909264,12.506667,11.686666
1.909666,12.566667,11.686666
1.910070,12.500000,11.706667
1.910471,12.493333,11.666666
1.910873,12.453333,11.580000
1.911274,12.440001,11.553333
1.911675,12.366667,11.539999
1.912077,12.380000,11.526667
1.912478,12.360000,11.473332
1.912879,12.326666,11.460000
1.913280,12.313334,11.493333
1.913681,12.326666,11.406666
1.914083,12.219999,11.406666
1.914484,12.346666,11.380000
1.914886,12.226666,11.380000
1.915287,12.160000,11.346666
1.915688,12.186666,11.339999
1.916090,12.100000,11.293333
1.916492,12.093333,11.253333
1.916895,12.066666,11.300000
1.917296,12.066666,11.219999
1.917697,12.013333,11.193334
1.918099,12.006666,11.193334
1.918501,11.946667,11.153333
1.918902,11.946667,11.139999
1.919303,11.906667,11.113334
1.919706,11.873333,11.066667
1.920107,11.893333,11.120000
1.920508,11.846666,11.079999
1.920909,11.799999,11.120000
1.921310,11.806666,11.020000
1.921711,11.820000,10.960000
1.922112,11.660000,10.933333
1.922515,11.753333,10.960000
1.922916,11.713333,10.866667
1.923317,11.700000,10.900000
1.923718,11.620000,10.860000
1.924119,11.626666,10.813333
1.924520,11.599999,10.813333
1.924921,11.580000,10.840000
1.925323,11.539999,10.766666
1.925724,11.546666,10.740000
1.926125,11.480000,10.780000
1.926526,11.513333,10.686666
1.926927,11.433333,10.679999
1.927328,11.426666,10.679999
1.927729,11.460000,10.600000
1.928131,11.373333,10.593333
1.928532,11.326667,10.553332
1.928934,11.333333,10.546666
1.929335,11.273333,10.493333
1.929737,11.280000,10.493333
1.930138,11.246667,10.466667
1.930539,11.219999,10.440000
1.930941,11.200000,10.393333
1.931342,11.180000,10.333333
1.931745,11.146667,10.353333
1.932146,11.139999,10.413333
1.932547,11.099999,10.386666
1.932948,11.066667,10.406667
1.933349,11.046666,10.333333
1.933750,11.013332,10.293333
1.934152,11.020000,10.260000
1.934553,10.973333,10.179999
1.934954,10.946666,10.213333
1.935355,10.893332,10.166666
1.935756,10.900000,10.140000
1.936158,10.873333,10.140000
1.936559,10.840000,10.106667
1.936961,10.820000,10.059999
1.937362,10.793333,10.080000
1.937763,10.759999,10.020000
1.938165,10.740000,9.980000
1.938566,10.720000,9.980000
1.938968,10.679999,9.940001
1.939369,10.673333,9.940001
1.939770,10.806666,9.826666
1.940173,10.733334,10.133333
1.940574,10.600000,9.326667
1.940975,10.613333,9.860000
1.941376,10.540000,9.800000
1.941777,10.540000,9.833333
1.942179,10.493333,9.980000
1.942580,10.446667,9.766666
1.942982,10.493333,9.713333
1.943383,10.440000,9.686666
1.943784,10.406667,9.680000
1.944185,10.386666,9.680000
1.944586,10.360000,9.446667
1.944988,10.320000,9.613334
1.945390,10.313334,9.559999
1.945791,10.299999,9.566666
1.946192,10.246666,9.526667
1.946593,10.240000,9.526667
1.946995,10.260000,9.466666
1.947396,10.173333,9.499999
1.947799,10.126667,9.346666
1.948201,10.133333,9.346666
1.948603,10.133333,9.346666
1.949005,10.099999,9.346666
1.949406,10.053333,9.346666
1.949807,10.020000,9.326667
1.950209,10.020000,9.280000
1.950610,9.986667,9.266666
1.951011,9.966666,9.266666
1.951413,9.920000,9.160000
1.951815,9.946667,9.226666
1.952217,9.886666,9.160000
1.952618,9.866667,9.160000
1.953019,9.893332,9.073333
1.953421,9.793333,9.106667
1.953822,9.786667,9.093333
1.954223,9.780000,9.066667
1.954624,9.719999,9.066667
1.955025,9.633333,9.006666
1.955426,9.660000,8.980000
1.955827,9.719999,8.913333
1.956228,9.666667,8.926666
1.956629,9.566666,8.913333
1.957031,9.593333,8.913333
1.957432,9.580000,8.913333
1.957833,9.533333,8.839999
1.958234,9.533333,8.780000
1.958637,9.493333,8.820000
1.959038,9.400000,8.746667
1.959440,9.346666,8.746667
1.959841,9.346666,8.646667
1.960242,9.346666,8.680000
1.960643,9.333333,8.693334
1.961045,9.313333,8.666666
1.961446,9.280000,8.606667
1.961847,9.266666,8.646667
1.962249,9.220000,8.513332
1.962650,9.200000,8.560000
1.963052,9.140000,8.533333
1.963453,9.113333,8.486667
1.963854,9.220000,8.506666
1.964255,9.099999,8.393332
1.964656,9.080000,8.533333
1.965057,9.093333,8.453333
1.965458,9.026667,8.393332
1.965859,9.020000,8.379999
1.966260,8.980000,8.340000
1.966661,8.960000,8.333333
1.967062,8.926666,8.293333
1.967463,8.893333,8.293333
1.967864,8.860000,8.240000
1.968265,8.860000,8.026667
1.968667,8.826667,8.186666
1.969070,8.793333,8.186666
1.969471,8.773333,8.153334
1.969872,8.746667,8.053332
1.970273,8.740000,8.200000
1.970674,8.726666,8.126666
1.971076,8.706666,8.040000
1.971479,8.673333,7.846667
1.971880,8.633333,8.026667
1.972282,8.566667,8.006666
1.972683,8.540000,7.953333
1.973084,8.520000,7.926667
1.973485,8.440000,7.906666
1.973886,8.506666,8.120000
1.974288,8.473333,7.873333
1.974689,8.446666,7.866666
1.975090,8.340000,7.860000
1.975491,8.393332,7.813334
1.975892,8.400000,7.786666
1.976294,8.366667,7.753333
1.976695,8.340000,7.706666
1.977098,8.306666,7.746666
1.977499,8.320000,7.780000
1.977900,8.259999,7.673333
1.978301,8.220000,7.646666
1.978703,8.220000,7.573333
1.979105,8.173333,7.606667
1.979506,8.120000,7.579999
1.979909,8.139999,7.566667
1.980311,8.120000,7.533333
1.980714,8.153334,7.493333
1.981116,8.133333,7.600000
1.981517,8.086667,7.353333
1.981919,8.000000,7.406666
1.982320,8.000000,7.426666
1.982721,7.926667,7.400000
1.983123,7.933333,7.913333
1.983524,7.886666,7.293333
1.983925,7.820000,7.333333
1.984326,7.853333,7.253334
1.984727,7.840000,7.286667
1.985128,7.746666,7.066666
1.985531,7.800000,7.233334
1.985933,7.840000,7.193333
1.986335,7.733333,7.166667
1.986737,7.733333,7.166667
1.987138,7.700000,7.133334
1.987539,7.666667,7.106667
1.987941,7.613333,7.160000
1.988342,7.600000,7.066666
1.988744,7.586667,7.026667
1.989145,7.613333,7.000000
1.989548,7.480000,6.993333
1.989949,7.340000,6.893333
1.990351,7.393333,6.953333
1.990752,7.206666,6.913333
1.991153,7.433333,6.900000
1.991554,7.433333,6.900000
1.991955,7.406666,6.840000
1.992357,7.360000,6.840000
1.992758,7.346666,6.813333
1.993159,7.346666,6.800000
1.993560,7.266667,6.740000
1.993961,7.273333,6.740000
1.994363,7.266667,6.740000
1.994764,7.226666,6.700000
1.995165,7.233334,6.653333
1.995567,7.226666,6.646667
1.995968,7.153333,6.726666
1.996369,7.100000,6.626667
1.996770,7.093333,6.546667
1.997173,7.000000,6.466667
1.997574,7.060000,6.513333
1.997976,6.906667,6.500000
1.998377,6.993333,6.466667
1.998778,7.000000,6.460000
1.999179,6.806667,6.440000
1.999582,6.940000,6.413333
1.999983,6.920000,6.500000
2.000384,6.893333,6.346667
2.000787,6.853333,6.346667
2.001189,6.853333,6.326666
2.001590,6.806667,6.293333
2.001992,6.806667,6.280000
2.002394,6.786666,6.253334
2.002797,6.760000,6.273333
2.003198,6.680000,6.086667
2.003599,6.693333,6.306666
2.004000,6.720000,6.113333
2.004402,6.646667,6.133333
2.004804,6.660000,6.120000
2.005206,6.673334,6.113333
2.005607,6.646667,6.066667
2.006008,6.533333,6.040000
2.006409,6.506667,5.906666
2.006810,6.486667,6.006667
