0.000000,19.493334,18.160000
0.000401,19.546665,18.126667
0.000802,19.533333,18.313334
0.001204,19.539999,18.099998
0.001605,19.533333,18.126667
0.002006,19.480000,18.146666
0.002407,19.519999,18.139999
0.002808,19.486668,18.126667
0.003210,19.559999,18.146666
0.003611,19.566666,18.126667
0.004012,19.573334,18.193333
0.004414,19.580000,18.186666
0.004815,19.600000,18.166666
0.005216,19.573334,18.139999
0.005617,19.600000,18.086666
0.006018,19.620001,18.073332
0.006419,19.539999,18.273333
0.006820,19.506666,18.186666
0.007222,19.639999,18.219999
0.007623,19.626667,18.186666
0.008024,19.626667,18.213333
0.008425,19.639999,18.206665
0.008826,19.633333,18.233332
0.009228,19.860001,18.246666
0.009629,19.653332,18.213333
0.010031,19.653332,18.240000
0.010433,19.719999,18.240000
0.010834,19.626667,18.219999
0.011235,19.633333,18.226665
0.011636,19.679998,18.253332
0.012037,19.679998,18.246666
0.012439,19.673332,18.273333
0.012840,19.633333,18.079998
0.013244,19.679998,18.266666
0.013645,19.686666,18.266666
0.014046,19.699999,18.273333
0.014448,19.639999,18.273333
0.014849,19.693333,18.280001
0.015251,19.726667,18.286667
0.015652,19.693333,18.306667
0.016053,19.693333,18.286667
0.016454,19.686666,18.299999
0.016855,19.746666,18.273333
0.017257,19.726667,18.286667
0.017659,19.559999,18.339998
0.018061,19.726667,18.293333
0.018463,19.726667,18.286667
0.018865,19.746666,18.313334
0.019266,19.740000,18.339998
0.019667,19.713333,18.313334
0.020068,19.746666,18.333332
0.020469,19.726667,18.320000
0.020871,19.733334,18.320000
0.021272,19.686666,18.346666
0.021673,19.786665,18.326666
0.022074,19.753334,18.186666
0.022476,19.786665,18.446667
0.022879,19.699999,18.346666
0.023280,19.779999,18.286667
0.023681,19.740000,18.373333
0.024082,19.760000,18.353333
0.024483,19.766666,18.333332
0.024884,19.799999,18.353333
0.025285,19.760000,18.339998
0.025686,19.766666,18.346666
0.026087,19.799999,18.333332
0.026488,19.793333,18.346666
0.026890,19.793333,18.359999
0.027292,19.766666,18.379999
0.027693,19.719999,18.393333
0.028095,19.779999,18.379999
0.028497,19.786665,18.373333
0.028899,19.813332,18.359999
0.029300,19.793333,18.333332
0.029701,19.813332,18.366667
0.030103,19.779999,18.226665
0.030505,19.786665,18.406666
0.030906,19.820000,18.299999
0.031307,19.866667,18.366667
0.031708,19.773333,18.379999
0.032111,19.840000,18.379999
0.032512,19.826666,18.400000
0.032913,19.813332,18.400000
0.033315,19.820000,18.379999
0.033717,19.773333,18.386665
0.034119,19.826666,18.466665
0.034521,19.820000,18.373333
0.034922,19.840000,18.346666
0.035324,19.846666,18.366667
0.035725,19.833332,18.366667
0.036127,19.826666,18.400000
0.036528,19.840000,18.400000
0.036930,19.793333,18.400000
0.037332,20.080000,18.393333
0.037735,19.846666,18.400000
0.038136,19.840000,18.466665
0.038538,19.966665,18.440001
0.038940,19.860001,18.393333
0.039341,19.806665,18.366667
0.039743,19.873333,18.420000
0.040144,19.833332,18.400000
0.040546,19.826666,18.366667
0.040947,19.833332,18.379999
0.041348,19.833332,18.333332
0.041749,19.840000,18.406666
0.042150,19.846666,18.400000
0.042551,19.840000,18.420000
0.042952,19.880001,18.526667
0.043353,19.860001,18.400000
0.043754,19.840000,18.400000
0.044155,19.820000,18.400000
0.044558,19.786665,18.400000
0.044959,19.926666,18.400000
0.045360,19.840000,18.400000
0.045761,19.833332,18.400000
0.046162,19.826666,18.413334
0.046563,19.860001,18.400000
0.046964,19.833332,18.400000
0.047366,19.833332,18.400000
0.047767,19.786665,18.273333
0.048169,19.799999,18.440001
0.048571,19.880001,18.400000
0.048973,19.826666,18.400000
0.049374,19.826666,18.393333
0.049775,19.833332,18.393333
0.050176,19.826666,18.400000
0.050577,19.813332,18.386665
0.050978,19.820000,18.493332
0.051380,19.826666,18.393333
0.051781,19.833332,18.366667
0.052182,19.826666,18.379999
0.052583,19.813332,18.493332
0.052984,19.813332,18.373333
0.053386,19.820000,18.400000
0.053788,19.793333,18.379999
0.054190,19.833332,18.400000
0.054592,19.806665,18.400000
0.054993,19.793333,18.393333
0.055394,19.846666,18.386665
0.055795,19.806665,18.353333
0.056197,19.799999,18.359999
0.056598,19.913332,18.379999
0.057000,19.813332,18.366667
0.057401,19.806665,18.420000
0.057802,19.799999,18.533333
0.058204,19.766666,18.346666
0.058605,19.786665,18.359999
0.059006,19.779999,18.233332
0.059408,19.766666,18.353333
0.059809,19.779999,18.333332
0.060210,19.726667,18.393333
0.060612,19.753334,18.346666
0.061014,19.740000,18.339998
0.061416,19.740000,18.333332
0.061817,19.746666,18.333332
0.062219,19.793333,18.233332
0.062620,19.760000,18.313334
0.063021,19.746666,18.306667
0.063422,19.806665,18.333332
0.063823,19.693333,18.333332
0.064225,19.746666,18.146666
0.064626,19.740000,18.359999
0.065028,19.779999,18.286667
0.065429,19.713333,18.286667
0.065830,19.733334,18.299999
0.066231,19.740000,18.293333
0.066633,19.779999,18.313334
0.067034,19.726667,18.326666
0.067435,19.713333,18.306667
0.067836,19.713333,18.280001
0.068237,19.699999,18.273333
0.068639,19.686666,18.299999
0.069040,19.719999,18.299999
0.069441,19.653332,18.273333
0.069843,19.580000,18.266666
0.070245,19.659998,18.333332
0.070646,19.686666,18.246666
0.071047,19.686666,18.273333
0.071448,19.646666,18.266666
0.071849,19.653332,18.306667
0.072251,19.779999,18.313334
0.072652,19.646666,18.246666
0.073053,19.659998,18.126667
0.073455,19.713333,18.233332
0.073856,19.639999,18.253332
0.074257,19.653332,18.233332
0.074658,19.633333,18.206665
0.075059,19.639999,18.213333
0.075461,19.653332,18.286667
0.075862,19.639999,18.273333
0.076264,19.633333,18.213333
0.076665,19.633333,18.213333
0.077066,19.586666,18.226665
0.077467,19.593332,18.193333
0.077869,19.620001,18.186666
0.078271,19.626667,18.160000
0.078672,19.613333,18.160000
0.079073,19.600000,18.099998
0.079475,19.580000,18.139999
0.079876,19.593332,18.126667
0.080278,19.580000,18.146666
0.080680,19.473333,18.119999
0.081082,19.553333,18.160000
0.081483,19.566666,18.146666
0.081885,19.559999,18.146666
0.082286,19.566666,18.146666
0.082688,19.539999,18.153334
0.083090,19.466667,18.139999
0.083492,19.533333,18.113333
0.083895,19.493334,18.146666
0.084297,19.480000,18.106667
0.084698,19.480000,18.106667
0.085099,19.473333,18.086666
0.085500,19.466667,18.073332
0.085901,19.480000,18.146666
0.086303,19.459999,18.093332
0.086704,19.433332,18.053333
0.087105,19.466667,18.146666
0.087507,19.433332,18.086666
0.087908,19.426666,17.973333
0.088310,19.439999,18.059999
0.088711,19.373333,18.040001
0.089112,19.366667,18.046667
0.089513,19.400000,18.046667
0.089914,19.420000,17.893333
0.090315,19.426666,18.020000
0.090717,19.386665,18.020000
0.091118,19.400000,18.013332
0.091520,19.340000,18.006666
0.091922,19.379999,18.006666
0.092324,19.393332,17.980000
0.092725,19.373333,18.020000
0.093126,19.360001,17.993332
0.093527,19.340000,17.966665
0.093928,19.306665,17.939999
0.094330,19.320000,17.966665
0.094732,19.320000,17.986666
0.095133,19.400000,17.939999
0.095534,19.266666,17.939999
0.095935,19.253332,17.946665
0.096337,19.299999,17.939999
0.096738,19.253332,17.920000
0.097139,19.340000,17.886667
0.097541,19.313334,17.886667
0.097942,19.266666,17.886667
0.098344,19.379999,17.886667
0.098745,19.233334,17.873333
0.099147,19.233334,17.859999
0.099548,19.233334,17.859999
0.099949,19.226667,17.873333
0.100350,19.219999,17.873333
0.100751,19.219999,17.859999
0.101153,19.206667,17.886667
0.101554,19.166666,17.820000
0.101955,19.233334,17.826666
0.102357,19.173332,17.826666
0.102758,19.206667,17.846666
0.103159,19.173332,17.766666
0.103560,19.160000,17.793333
0.103961,19.146666,17.753334
0.104363,19.133331,17.746666
0.104765,19.113333,17.746666
0.105166,18.973333,17.746666
0.105568,18.973333,17.746666
0.105969,19.106667,17.733334
0.106371,19.113333,17.746666
0.106772,19.073334,17.746666
0.107173,19.059999,17.760000
0.107574,19.046667,17.693333
0.107975,19.046667,17.673332
0.108377,19.006666,17.539999
0.108778,19.026667,17.673332
0.109179,19.013332,17.613333
0.109581,19.013332,17.679998
0.109983,19.006666,17.666666
0.110385,18.999998,17.673332
0.110787,18.986666,17.639999
0.111188,19.039999,17.619999
0.111589,18.960001,17.626667
0.111990,18.966667,17.619999
0.112392,18.973333,17.619999
0.112793,18.973333,17.633333
0.113194,18.933332,17.619999
0.113596,18.853333,17.586666
0.113997,18.960001,17.539999
0.114399,18.879999,17.673332
0.114800,18.879999,17.493334
0.115202,18.859999,17.513334
0.115604,18.873333,17.686666
0.116005,18.866665,17.500000
0.116407,18.846666,17.486666
0.116808,18.853333,17.473333
0.117209,18.820000,17.500000
0.117611,18.826666,17.486666
0.118013,18.806667,17.486666
0.118414,18.786667,17.466665
0.118815,18.786667,17.459999
0.119216,18.773333,17.446667
0.119618,18.746666,17.406666
0.120020,18.753332,17.386667
0.120421,18.719999,17.400000
0.120822,18.740000,17.406666
0.121224,18.740000,17.400000
0.121625,18.719999,17.380001
0.122026,18.726665,17.346666
0.122428,18.673334,17.380001
0.122829,18.693333,17.333332
0.123231,18.660000,17.426666
0.123632,18.660000,17.340000
0.124034,18.660000,17.313332
0.124435,18.633333,17.320000
0.124836,18.626665,17.306665
0.125238,18.626665,17.306665
0.125639,18.606665,17.293333
0.126040,18.606665,17.279999
0.126441,18.633333,17.306665
0.126842,18.533333,17.240000
0.127245,18.506666,17.173332
0.127646,18.559999,17.219999
0.128048,18.526667,17.240000
0.128449,18.520000,17.186666
0.128850,18.480000,17.206667
0.129251,18.453333,17.166666
0.129652,18.506666,17.186666
0.130054,18.440001,17.133333
0.130456,18.459999,17.139999
0.130857,18.553333,17.120001
0.131258,18.480000,17.139999
0.131659,18.546667,17.080000
0.132060,18.413334,17.106667
0.132461,18.506666,17.080000
0.132863,18.393333,17.073334
0.133265,18.393333,17.093332
0.133666,18.379999,17.073334
0.134067,18.373333,17.039999
0.134468,18.346666,17.086666
0.134869,18.326666,17.039999
0.135271,18.293333,17.013332
0.135672,18.293333,17.013332
0.136073,18.273333,17.013332
0.136475,18.273333,16.926666
0.136877,18.266666,16.920000
0.137278,18.260000,16.926666
0.137679,18.206665,16.906666
0.138080,18.253332,16.939999
0.138481,18.260000,16.906666
0.138882,18.233332,16.939999
0.139284,18.333332,16.906666
0.139685,18.180000,16.900000
0.140087,18.226665,16.873333
0.140489,18.146666,16.866667
0.140890,18.146666,16.886665
0.141292,18.133333,16.853334
0.141693,18.093332,16.846666
0.142094,18.093332,16.846666
0.142495,18.099998,16.826666
0.142896,18.073332,16.826666
0.143297,18.073332,16.786665
0.143699,18.026667,16.793333
0.144100,18.033333,16.786665
0.144501,17.980000,16.680000
0.144902,18.006666,16.700001
0.145304,17.980000,16.680000
0.145706,17.993332,16.759998
0.146108,17.986666,16.719999
0.146509,18.026667,16.733334
0.146910,17.939999,16.660000
0.147312,17.939999,16.653332
0.147713,17.939999,16.646666
0.148114,17.826666,16.680000
0.148515,17.813332,16.646666
0.148916,17.859999,16.619999
0.149318,17.879999,16.626665
0.149720,17.846666,16.600000
0.150121,17.813332,16.573334
0.150523,17.766666,16.546667
0.150925,17.826666,16.546667
0.151326,17.773333,16.566666
0.151727,17.766666,16.513332
0.152129,17.760000,16.460001
0.152530,17.753334,16.473333
0.152931,17.746666,16.499998
0.153332,17.713333,16.453333
0.153734,17.699999,16.446667
0.154135,17.713333,16.420000
0.154536,17.666666,16.406666
0.154938,17.653334,16.466667
0.155339,17.773333,16.366665
0.155740,17.500000,16.353333
0.156142,17.573332,16.366665
0.156543,17.586666,16.526667
0.156944,17.553331,16.320000
0.157346,17.573332,16.313334
0.157748,17.539999,16.279999
0.158150,17.513334,16.233332
0.158552,17.506666,16.279999
0.158954,17.493334,16.106665
0.159355,17.500000,16.253332
0.159756,17.473333,16.213333
0.160157,17.439999,16.166666
0.160559,17.419998,16.219999
0.160961,17.419998,16.146666
0.161362,17.406666,16.133333
0.161763,17.346666,16.153334
0.162165,17.366667,16.306667
0.162566,17.346666,16.099998
0.162967,17.333332,16.086666
0.163368,17.360001,16.006666
0.163769,17.340000,16.013332
0.164170,17.299999,16.000000
0.164572,17.279999,15.993333
0.164975,17.260000,15.980000
0.165376,17.233334,16.000000
0.165777,17.240000,15.953332
0.166178,17.213333,15.920000
0.166579,17.213333,15.933333
0.166981,17.159998,15.920000
0.167383,17.219999,15.860000
0.167785,17.166666,15.860000
0.168186,17.153332,15.826667
0.168588,17.126667,15.793333
0.168989,17.093332,15.799999
0.169391,17.073334,15.793333
0.169793,17.033333,15.786667
0.170194,17.126667,15.713334
0.170595,17.026665,15.753332
0.170996,17.166666,15.686666
0.171399,16.993334,15.693334
0.171800,16.993334,15.666666
0.172202,16.959999,15.673333
0.172603,16.993334,15.753332
0.173004,17.139999,15.653334
0.173406,16.846666,15.613333
0.173808,16.953333,15.599999
0.174209,16.906666,15.579999
0.174610,16.893332,15.566667
0.175011,16.879999,15.540000
0.175413,16.866667,15.520000
0.175815,16.833334,15.560000
0.176216,16.846666,15.480000
0.176618,16.840000,15.486666
0.177019,16.866667,15.393333
0.177420,16.779999,15.433333
0.177821,16.786665,15.426665
0.178222,16.779999,15.433333
0.178623,16.686666,15.400000
0.179025,16.713333,15.373333
0.179427,16.713333,15.406667
0.179828,16.719999,15.206666
0.180230,16.686666,15.313333
0.180631,16.746666,15.320001
0.181032,16.606667,15.293332
0.181433,16.619999,15.226665
0.181834,16.613333,15.240000
0.182236,16.566666,15.273333
0.182637,16.566666,15.213333
0.183038,16.546667,15.253334
0.183441,16.486666,15.159999
0.183842,16.466667,15.193334
0.184245,16.499998,15.159999
0.184646,16.526667,15.106667
0.185049,16.446667,15.106667
0.185451,16.440001,15.073333
0.185852,16.366665,14.953333
0.186254,16.333334,15.133333
0.186655,16.313334,14.953333
0.187056,16.353333,14.953333
0.187457,16.379999,14.953333
0.187859,16.286667,14.946667
0.188261,16.233332,14.940000
0.188664,16.346666,14.893332
0.189065,16.200001,14.953333
0.189467,16.233332,14.853333
0.189870,16.193333,14.873333
0.190272,16.173334,14.853333
0.190675,16.099998,14.846666
0.191076,16.093332,14.793334
0.191478,16.113333,14.766665
0.191881,16.099998,14.780000
0.192282,16.080000,14.733334
0.192684,16.113333,14.753333
0.193085,16.026667,14.713333
0.193487,15.906666,14.693333
0.193888,15.980000,14.659999
0.194290,15.980000,14.620000
0.194691,15.933333,14.699999
0.195092,15.913334,14.573334
0.195494,15.926666,14.506667
0.195895,15.833333,14.553333
0.196297,15.833333,14.546666
0.196698,15.873333,14.533334
0.197100,15.913334,14.520000
0.197501,15.766666,14.433332
0.197902,15.773333,14.506667
0.198305,15.706666,14.486667
0.198708,15.713334,14.446667
0.199109,15.733333,14.420000
0.199511,15.693334,14.406667
0.199912,15.646666,14.373332
0.200313,15.673333,14.393332
0.200716,15.593333,14.346666
0.201118,15.599999,14.346666
0.201520,15.599999,14.273334
0.201921,15.506666,14.286666
0.202323,15.513332,14.246667
0.202725,15.533333,14.266667
0.203127,15.486666,14.186666
0.203528,15.480000,14.246667
0.203930,15.426665,14.373332
0.204332,15.419999,14.226666
0.204733,15.419999,14.140000
0.205135,15.393333,14.080000
0.205537,15.300000,14.146667
0.205938,15.313333,14.120000
0.206339,15.306666,14.006667
0.206740,15.293332,14.053333
0.207142,15.266666,14.026667
0.207544,15.226665,13.993333
0.207946,15.240000,13.993333
0.208347,15.213333,13.960000
0.208748,15.226665,13.946667
0.209150,15.159999,13.926666
0.209551,15.133333,13.900000
0.209952,15.126667,13.913332
0.210353,15.086666,13.860000
0.210756,14.953333,13.826666
0.211158,14.953333,13.820000
0.211560,14.953333,13.820000
0.211961,14.953333,13.773333
0.212362,14.953333,13.786667
0.212765,14.940000,13.813334
0.213166,14.919999,13.946667
0.213567,14.906667,13.706666
0.213969,14.866667,13.559999
0.214370,14.800000,13.646666
0.214771,14.786666,13.700000
0.215172,14.806666,13.593333
0.215573,14.780000,13.633333
0.215974,14.746666,13.573333
0.216375,14.766665,13.559999
0.216776,14.699999,13.539999
0.217177,14.693333,13.526667
0.217578,14.659999,13.559999
0.217979,14.679999,13.480000
0.218380,14.613333,13.480000
0.218781,14.633332,13.500000
0.219183,14.586666,13.406666
0.219584,14.553333,13.413334
0.219987,14.546666,13.366667
0.220388,14.540000,13.379999
0.220791,14.499999,13.333333
0.221192,14.480000,13.313333
0.221593,14.453333,13.293333
0.221994,14.473333,13.326666
0.222396,14.380000,13.313333
0.222797,14.340000,13.346667
0.223199,14.400001,13.200000
0.223600,14.353333,13.213333
0.224001,14.286666,13.146667
0.224403,14.280000,13.133333
0.224804,14.266667,12.946667
0.225205,14.219999,13.120000
0.225607,14.253333,13.066667
0.226009,14.200001,13.073333
0.226411,14.173332,13.066667
0.226812,14.166666,13.046666
0.227213,14.153333,13.006666
0.227615,14.073334,12.946667
0.228016,14.093333,12.960000
0.228418,14.033333,12.940000
0.228819,14.039999,12.886666
0.229221,14.020000,12.880000
0.229622,13.940001,12.860000
0.230023,13.986667,12.840000
0.230425,13.933332,12.846666
0.230826,13.953333,12.780000
0.231228,13.913332,12.773334
0.231629,13.846665,12.766666
0.232030,13.833333,12.693334
0.232432,13.846665,12.733333
0.232833,13.813334,12.719999
0.233234,13.839999,12.706667
0.233635,13.753333,12.673333
0.234037,13.759999,12.599999
0.234439,13.720000,12.493333
0.234841,13.673334,12.666666
0.235244,13.686666,12.580000
0.235645,13.626666,12.533333
0.236046,13.626666,12.520000
0.236447,13.573333,12.493333
0.236850,13.573333,12.500000
0.237251,13.573333,12.453333
0.237653,13.579999,12.480000
0.238054,13.506666,12.433333
0.238455,13.473332,12.493333
0.238856,13.406666,12.366667
0.239258,13.433333,12.280000
0.239660,13.433333,12.339999
0.240063,13.473332,12.333333
0.240465,13.353333,12.306666
0.240866,13.360000,12.273333
0.241267,13.306666,12.246667
0.241669,13.286667,12.246667
0.242071,13.293333,12.219999
0.242473,13.246666,12.146667
0.242874,13.220000,12.126666
0.243275,13.186666,12.246667
0.243676,13.166667,12.080000
0.244077,13.160000,12.046667
0.244480,13.160000,11.973333
0.244881,13.106667,12.053333
0.245283,13.100000,11.886666
0.245685,13.080000,11.966666
0.246087,13.020000,11.906667
0.246488,13.033334,11.879999
0.246890,12.973333,11.906667
0.247292,12.946667,11.879999
0.247693,13.059999,11.866666
0.248094,12.786666,11.720000
0.248495,12.919999,11.866666
0.248896,12.866666,11.786667
0.249298,12.853333,11.766666
0.249699,12.826667,11.733333
0.250100,12.773334,11.720000
0.250501,12.740000,11.766666
0.250902,12.740000,11.686666
0.251304,12.760000,11.713333
0.251705,12.679999,11.573333
0.252106,12.679999,11.539999
0.252511,12.653333,11.539999
0.252912,12.586666,11.573333
0.253313,12.599999,11.539999
0.253714,12.586666,11.573333
0.254115,12.546666,11.493333
0.254516,12.533333,11.460000
0.254918,12.540000,11.493333
0.255319,12.533333,11.446667
0.255720,12.459999,11.366667
0.256122,12.313334,11.366667
0.256524,12.433333,11.266666
0.256927,12.386666,11.360000
0.257328,12.360000,11.300000
0.257729,12.353333,11.313334
0.258130,12.313334,11.233333
0.258532,12.180000,11.280000
0.258935,12.326666,11.219999
0.259337,12.233334,11.193334
0.259740,12.226666,11.206666
0.260142,12.153333,11.173333
0.260544,12.100000,11.106667
0.260945,12.073333,11.133333
0.261346,12.073333,11.106667
0.261747,12.059999,11.053333
0.262149,12.066666,11.020000
0.262550,11.999999,10.946666
0.262952,11.999999,11.020000
0.263353,11.980000,10.786667
0.263754,11.980000,11.020000
0.264156,11.906667,10.940000
0.264557,11.926666,10.913333
0.264958,11.886666,10.886666
0.265360,11.846666,10.846666
0.265761,11.813333,10.826666
0.266162,11.813333,10.806666
0.266563,11.766666,10.793333
0.266965,11.706667,10.759999
0.267366,11.753333,10.740000
0.267767,11.666666,10.733334
0.268168,11.679999,10.693333
0.268570,11.646667,10.566667
0.268971,11.599999,10.626666
0.269373,11.593333,10.613333
0.269774,11.559999,10.586667
0.270175,11.553333,10.573333
0.270576,11.493333,10.553332
0.270977,11.500000,10.526667
0.271378,11.453334,10.493333
0.271779,11.426666,10.486666
0.272180,11.446667,10.353333
0.272581,11.400000,10.440000
0.272982,11.373333,10.286666
0.273384,11.173333,10.393333
0.273785,11.286666,10.366666
0.274186,11.313334,10.373333
0.274587,11.273333,10.320000
0.274988,11.260000,10.313334
0.275389,11.226666,10.306666
0.275791,11.180000,10.246666
0.276192,11.160000,10.246666
0.276594,11.139999,10.226666
0.276997,11.160000,10.193334
0.277398,11.066667,10.140000
0.277799,11.086666,10.140000
0.278200,11.066667,10.140000
0.278601,11.020000,10.066667
0.279002,11.006666,10.073334
0.279404,10.993334,10.286666
0.279806,10.953333,10.059999
0.280207,10.953333,9.966666
0.280608,10.920000,10.053333
0.281011,10.860000,9.953333
0.281412,10.780000,9.966666
0.281813,10.833333,9.926666
0.282215,10.820000,9.886666
0.282616,10.780000,9.873333
0.283017,10.753333,9.800000
0.283418,10.746666,9.820000
0.283819,10.713333,9.806666
0.284220,10.679999,9.746667
0.284622,10.626666,9.793333
0.285023,10.620000,9.740000
0.285425,10.639999,9.700000
0.285826,10.573333,9.693333
0.286229,10.546666,9.680000
0.286631,10.500000,9.620000
0.287032,10.500000,9.613334
0.287433,10.486666,9.540000
0.287834,10.419999,9.559999
0.288236,10.513333,9.540000
0.288638,10.520000,9.493333
0.289040,10.406667,9.506666
0.289441,10.340000,9.466666
0.289843,10.380000,9.346666
0.290245,10.266666,9.346666
0.290646,10.299999,9.346666
0.291047,10.253333,9.346666
0.291448,10.240000,9.306666
0.291849,10.200000,9.280000
0.292251,10.179999,9.286667
0.292654,10.146667,9.620000
0.293056,10.106667,9.226666
0.293458,10.133333,9.233333
0.293859,10.140000,9.160000
0.294260,10.053333,9.166666
0.294661,10.046666,9.146667
0.295062,9.986667,9.093333
0.295463,9.973333,9.093333
0.295865,9.959999,9.073333
0.296266,9.873333,9.033333
0.296667,9.940001,9.006666
0.297070,10.040000,9.000000
0.297472,9.839999,9.039999
0.297873,9.913333,8.946667
0.298274,9.813334,8.853333
0.298677,9.793333,8.913333
0.299079,9.773333,8.886666
0.299480,9.740000,8.833333
0.299883,9.719999,8.846666
0.300285,9.686666,8.820000
0.300686,9.680000,8.820000
0.301087,9.620000,8.740000
0.301488,9.620000,8.713333
0.301889,9.586666,8.726666
0.302291,9.520000,8.666666
0.302692,9.546667,8.700000
0.303094,9.540000,8.726666
0.303495,9.506666,8.626667
0.303896,9.473333,8.606667
0.304298,9.413333,8.533333
0.304699,9.346666,8.440000
0.305100,9.346666,8.579999
0.305503,9.340000,8.546666
0.305904,9.326667,8.433333
0.306305,9.413333,8.320000
0.306706,9.206667,8.426667
0.307108,9.240000,8.420000
0.307509,9.206667,8.379999
0.307910,9.173333,8.360000
0.308311,9.153334,8.333333
0.308714,9.160000,8.293333
0.309115,9.093333,8.300000
0.309516,9.093333,8.233334
0.309919,9.073333,8.240000
0.310320,9.039999,8.233334
0.310723,9.006666,8.206666
0.311124,9.039999,8.206666
0.311525,8.946667,8.153334
0.311926,8.953334,8.113333
0.312328,8.913333,8.113333
0.312731,8.886666,7.946667
0.313133,8.880000,8.013333
0.313534,8.813334,8.026667
0.313935,8.773333,8.053332
0.314337,8.806666,8.220000
0.314739,8.833333,7.960000
0.315140,8.726666,7.946667
0.315542,8.726666,7.906666
0.315943,8.673333,7.893333
0.316345,8.653333,7.860000
0.316747,8.646667,7.873333
0.317149,8.599999,7.840000
0.317550,8.533333,7.833333
0.317952,8.560000,7.773333
0.318354,8.540000,7.693334
0.318755,8.553333,7.720000
0.319157,8.486667,7.686666
0.319558,8.453333,7.700000
0.319959,8.400000,7.626667
0.320362,8.400000,7.620000
0.320763,8.400000,7.713333
0.321165,8.366667,7.600000
0.321567,8.326666,7.546666
0.321969,8.346666,7.526666
0.322370,8.300000,7.500000
0.322772,8.206666,7.500000
0.323173,8.240000,7.506667
0.323574,8.200000,7.440000
0.323975,8.179999,7.446666
0.324377,8.173333,7.413333
0.324778,8.133333,7.413333
0.325179,8.120000,7.626667
0.325580,8.053332,7.380000
0.325982,8.093333,7.326666
0.326384,8.040000,7.313333
0.326785,7.946667,7.253334
0.327187,8.013333,7.260000
0.327588,8.000000,7.153333
0.327989,7.920000,7.173333
0.328391,7.960000,7.166667
0.328792,7.873333,7.166667
0.329194,7.906666,7.166667
0.329595,7.806666,7.126667
0.329996,7.840000,7.106667
0.330398,7.633333,7.040000
0.330800,7.820000,7.073333
0.331202,7.766666,6.860000
0.331604,7.760000,7.053333
0.332005,7.713333,6.986666
0.332407,7.679999,6.953333
0.332809,7.579999,6.906667
0.333210,7.606667,6.906667
0.333612,7.586667,6.873333
0.334014,7.613333,6.846666
0.334415,7.540000,6.860000
0.334816,7.520000,6.806667
0.335217,7.506667,6.806667
0.335618,7.473333,6.806667
0.336019,7.400000,6.726666
0.336420,7.433333,6.813333
0.336823,7.426666,6.713333
0.337225,7.320000,6.740000
0.337626,7.353333,6.713333
0.338029,7.333333,6.673334
0.338431,7.326666,6.640000
0.338832,7.233334,6.546667
0.339234,7.340000,6.546667
0.339635,7.233334,6.486667
0.340036,7.226666,6.480000
0.340438,7.166667,6.466667
0.340840,7.180000,6.433333
0.341245,7.166667,6.480000
0.341647,7.080000,6.386667
0.342048,7.093333,6.406667
0.342449,7.053333,6.406667
0.342850,7.026667,6.340000
0.343252,7.020000,6.406667
0.343653,6.973333,6.293333
0.344054,6.986666,6.273333
0.344456,6.933333,6.386667
0.344858,6.940000,6.206666
0.345259,6.893333,6.280000
0.345660,6.860000,6.186666
0.346061,6.826667,6.166667
0.346462,6.813333,6.133333
0.346865,6.786666,6.040000
0.347266,6.760000,6.126667
0.347667,6.753333,6.060000
0.348068,6.740000,6.040000
0.348470,6.713333,6.020000
0.348871,6.680000,6.040000
0.349272,6.600000,5.973333
0.349675,6.640000,5.960000
0.350076,6.580000,6.020000
0.350478,6.613333,5.920000
0.350879,6.540000,5.906666
0.351280,6.506667,5.886667
0.351683,6.493333,5.853333
0.352084,6.426666,5.760000
0.352486,6.440000,5.820000
0.352887,6.446667,5.780000
0.353288,6.346667,5.766666
0.353689,6.393333,5.753333
0.354090,6.353333,5.760000
0.354492,6.320000,5.746666
0.354893,6.273333,5.680000
0.355294,6.260000,5.766666
0.355695,6.226666,5.626667
0.356097,6.393333,5.613333
0.356499,6.140000,5.560000
0.356900,6.200000,5.586667
0.357302,6.193333,5.553333
0.357703,6.113333,5.539999
0.358105,6.126667,5.560000
0.358507,6.053333,5.493333
0.358908,6.073333,5.486667
0.359309,6.080000,5.426667
0.359711,6.013333,5.406666
0.360112,6.006667,5.400000
0.360513,5.973333,5.386667
0.360915,5.933333,5.346666
0.361317,5.940000,5.420000
0.361718,5.926667,5.353333
0.362119,5.826667,5.306666
0.362520,5.873333,5.200000
0.362922,5.866666,5.240000
0.363324,5.786666,5.173333
0.363726,5.773333,5.186666
0.364128,5.773333,5.073333
0.364529,5.760000,5.240000
0.364932,5.746666,5.166667
0.365333,5.726667,5.153333
0.365736,5.673333,5.066667
0.366138,5.680000,5.086667
0.366540,5.640000,5.060000
0.366941,5.606667,5.040000
0.367342,5.600000,5.033333
0.367744,5.580000,5.013333
0.368145,5.600000,4.966667
0.368547,5.539999,4.966667
0.368948,5.506666,4.893333
0.369350,5.513333,4.940000
0.369751,5.446666,4.893333
0.370152,5.500000,4.886666
0.370553,5.473333,4.880000
0.370954,5.406666,4.873333
0.371355,5.293334,4.813333
0.371758,5.346666,4.853333
0.372161,5.346666,4.760000
0.372562,5.340000,4.786666
0.372963,5.280000,4.633333
0.373365,5.260000,4.713333
0.373768,5.246666,4.713333
0.374169,5.226666,4.706666
0.374571,5.206666,4.640000
0.374972,5.033333,4.660000
0.375374,5.133333,4.606667
0.375775,5.133333,4.600000
0.376177,5.100000,4.573333
0.376578,5.080000,4.686666
0.376979,5.113333,4.553333
0.377380,4.960000,4.600000
0.377781,5.033333,4.506667
0.378182,5.020000,4.500000
0.378584,4.980000,4.480000
0.378985,4.940000,4.440000
0.379387,4.946666,4.366666
0.379788,4.906667,4.386666
0.380190,4.926667,4.366666
0.380591,4.886666,4.400000
0.380992,4.913333,4.353333
0.381393,4.886666,4.333333
0.381794,4.820000,4.286666
0.382195,4.800000,4.293333
0.382596,4.840000,4.246667
0.382999,4.773334,4.253333
0.383401,4.726666,4.213334
0.383802,4.753333,4.206666
0.384203,4.700000,4.160000
0.384605,4.673333,4.080000
0.385006,4.646667,4.053333
0.385407,4.633333,4.126667
0.385810,4.606667,4.113333
0.386211,4.573333,4.080000
0.386612,4.606667,4.073333
0.387015,4.513333,4.026666
0.387418,4.520000,4.133333
0.387819,4.433333,4.013333
0.388221,4.520000,4.000000
0.388623,4.506667,4.013333
0.389024,4.473333,3.946667
0.389426,4.500000,3.926666
0.389827,4.480000,3.746666
0.390229,4.386666,3.920000
0.390630,4.366666,3.873333
0.391033,4.326666,3.840000
0.391434,4.260000,3.853333
0.391835,4.333333,3.846667
0.392236,4.313334,3.746666
0.392637,4.280000,3.713333
0.393038,4.226666,3.746666
0.393440,4.160000,3.740000
0.393843,4.193333,3.700000
0.394245,4.193333,3.700000
0.394646,4.053333,3.680000
0.395047,4.220000,3.613333
0.395448,4.126667,3.613333
0.395851,4.146667,3.606667
0.396252,4.073333,3.633333
0.396655,4.173333,3.546667
0.397057,4.020000,3.646667
0.397459,4.020000,3.500000
0.397861,4.013333,3.560000
0.398263,4.053333,3.520000
0.398664,3.986666,3.486667
0.399066,3.933333,3.466666
0.399467,3.960000,3.640000
0.399870,3.866667,3.413333
0.400271,3.880000,3.406667
0.400672,3.880000,3.373333
0.401073,3.846667,3.380000
0.401475,3.786667,3.340000
0.401876,3.833333,3.320000
0.402278,3.820000,3.346666
0.402679,3.780000,3.400000
0.403080,3.713333,3.373333
0.403481,3.733333,3.373333
0.403882,3.673333,3.253333
0.404284,3.653333,3.240000
0.404685,3.700000,3.253333
0.405087,3.726667,3.133333
0.405488,3.660000,3.186666
0.405889,3.606667,3.100000
0.406291,3.580000,3.126667
0.406692,3.573333,3.133333
0.407094,3.573333,3.133333
0.407495,3.520000,3.073333
0.407896,3.413333,3.133333
0.408298,3.486667,3.106667
0.408699,3.486667,3.040000
0.409100,3.460000,3.040000
0.409503,3.433333,3.040000
0.409904,3.426666,3.040000
0.410306,3.433333,3.006667
0.410707,3.360000,2.960000
0.411109,3.046667,2.946667
0.411511,3.320000,2.873333
0.411912,3.340000,2.873333
0.412313,3.313333,2.906667
0.412714,3.300000,2.886667
0.413115,3.280000,2.860000
0.413516,3.266667,2.886667
0.413917,3.240000,2.820000
0.414319,3.220000,2.860000
0.414720,3.166667,2.800000
0.415122,3.213333,2.786667
0.415523,3.166667,2.786667
0.415924,3.146667,2.760000
0.416325,3.126667,2.726667
0.416726,3.120000,2.733333
0.417127,3.080000,2.700000
0.417528,3.093333,2.766667
0.417929,3.053333,2.526667
0.418331,3.040000,2.633333
0.418732,3.020000,2.626667
0.419133,3.020000,2.640000
0.419534,2.960000,2.620000
0.419935,2.973333,2.613333
0.420336,2.893333,2.580000
0.420737,2.940000,2.620000
0.421139,2.940000,2.540000
0.421541,2.860000,2.646667
0.421942,2.920000,2.366667
0.422344,2.906667,2.613333
0.422746,2.886667,2.520000
0.423148,2.766667,2.493333
0.423549,2.813333,2.433333
0.423952,2.800000,2.433333
0.424353,2.793333,2.453333
0.424754,2.780000,2.393333
0.425156,2.746667,2.420000
0.425558,2.753333,2.373333
0.425961,2.720000,2.346667
0.426362,2.706666,2.346667
0.426764,2.660000,2.346667
0.427165,2.726667,2.266667
0.427566,2.673333,2.300000
0.427967,2.633333,2.306667
0.428368,2.633333,2.286667
0.428771,2.606667,2.233333
0.429173,2.566667,2.260000
0.429574,2.540000,2.233333
0.429975,2.553333,2.220000
0.430376,2.586667,2.173333
0.430778,2.773333,2.186667
0.431179,2.326667,2.593333
0.431581,2.593333,2.180000
0.431982,2.453333,2.140000
0.432384,2.453333,2.120000
0.432785,2.386667,2.093333
0.433186,2.426666,2.093333
0.433588,2.393333,2.086667
0.433989,2.413333,2.100000
0.434391,2.393333,2.046667
0.434792,2.353333,2.053333
0.435194,2.346667,2.086667
0.435595,2.346667,2.000000
0.435996,2.340000,1.973333
0.436397,2.300000,1.986667
0.436800,2.300000,1.940000
0.437201,2.286667,1.980000
0.437602,2.280000,1.940000
0.438003,2.253333,1.913333
0.438404,2.213333,1.893333
0.438805,2.220000,1.833333
0.439207,2.146667,1.900000
0.439609,2.166667,1.840000
0.440012,2.193333,1.820000
0.440413,2.166667,1.840000
0.440814,2.126667,1.820000
0.441215,2.120000,1.840000
0.441617,2.100000,1.766667
0.442019,2.100000,1.753333
0.442420,2.100000,1.800000
0.442822,2.086667,1.800000
0.443223,2.060000,1.733333
0.443624,1.973333,1.733333
0.444026,2.026667,1.726667
0.444427,2.013333,1.826667
0.444828,2.006667,1.693333
0.445230,1.966667,1.726667
0.445632,1.920000,1.633333
0.446033,1.980000,1.666667
0.446434,1.946667,1.620000
0.446835,1.953333,1.693333
0.447236,1.940000,1.480000
0.447637,1.920000,1.606667
0.448039,1.866667,1.606667
0.448440,1.860000,1.566667
0.448843,1.873333,1.553333
0.449245,1.846667,1.546667
0.449646,1.793333,1.526667
0.450047,1.800000,1.466667
0.450448,1.806667,1.513333
0.450849,1.773333,1.513333
0.451251,1.780000,1.473333
0.451652,1.753333,1.426667
0.452053,1.713333,1.480000
0.452455,1.733333,1.453333
0.452856,1.706667,1.033333
0.453259,1.686667,1.380000
0.453660,1.706667,1.413333
0.454061,1.700000,1.393333
0.454462,1.706667,1.393333
0.454863,1.680000,1.360000
0.455265,1.793333,1.366667
0.455666,1.613333,1.386667
0.456067,1.660000,1.326667
0.456468,1.640000,1.326667
0.456869,1.613333,1.326667
0.457271,1.540000,1.300000
0.457673,1.580000,1.313333
0.458074,1.553333,1.293333
0.458476,1.553333,1.260000
0.458878,1.546667,1.273333
0.459279,1.560000,1.300000
0.459680,1.500000,1.426667
0.460081,1.493333,1.260000
0.460482,1.480000,1.206667
0.460883,1.486667,1.226667
0.461285,1.466667,1.193333
0.461686,1.453333,1.146667
0.462087,1.446667,1.206667
0.462488,1.420000,1.153333
0.462889,1.413333,1.160000
0.463291,1.433333,1.266667
0.463692,1.533333,1.133333
0.464094,1.386667,1.173333
0.464497,1.340000,1.206667
0.464899,1.340000,1.106667
0.465300,1.340000,1.093333
0.465703,1.320000,1.073333
0.466104,1.313333,1.040000
0.466506,1.320000,1.160000
0.466907,1.300000,1.020000
0.467309,1.293333,1.033333
0.467711,1.253333,1.040000
0.468112,1.260000,1.013333
0.468513,1.253333,1.020000
0.468914,1.226667,1.006667
0.469316,1.220000,1.033333
0.469717,1.266667,0.980000
0.470118,1.240000,1.020000
0.470520,1.200000,0.966667
0.470921,1.160000,0.946667
0.471324,1.200000,0.946667
0.471726,1.300000,0.973333
0.472127,1.166667,0.946667
0.472529,1.113333,0.946667
0.472930,1.113333,0.946667
0.473332,1.146667,0.946667
0.473733,1.120000,0.946667
0.474135,1.166667,0.946667
0.474537,1.100000,0.946667
0.474938,1.080000,0.946667
0.475339,1.053333,0.946667
0.475740,1.073333,0.946667
0.476141,1.060000,0.946667
0.476543,1.126667,0.946667
0.476946,1.040000,0.946667
0.477348,1.040000,0.946667
0.477751,1.026667,0.946667
0.478152,0.986667,0.946667
0.478553,0.980000,0.946667
0.478955,1.026667,0.946667
0.479357,1.006667,0.946667
0.479760,1.066667,0.946667
0.480162,0.946667,0.946667
0.480563,0.960000,0.946667
0.480966,1.006667,0.946667
0.481367,0.946667,0.946667
0.481770,0.946667,0.946667
0.482172,0.946667,0.946667
0.482574,0.946667,0.946667
0.482976,0.946667,0.946667
0.483378,0.946667,0.946667
0.483779,0.946667,0.946667
0.484181,0.946667,0.946667
0.484582,0.946667,0.946667
0.484983,0.946667,0.946667
0.485386,0.946667,0.946667
0.485787,0.946667,0.946667
0.486189,0.946667,0.946667
0.486590,0.946667,0.946667
0.486991,0.946667,0.946667
0.487393,0.946667,0.946667
0.487795,0.946667,0.946667
0.488196,0.946667,0.946667
0.488597,0.946667,0.946667
0.488998,0.946667,0.946667
0.489400,0.946667,0.946667
0.489801,0.946667,0.946667
0.490202,0.946667,0.946667
0.490603,0.946667,0.946667
0.491006,0.946667,0.946667
0.491407,0.946667,0.946667
0.491808,0.946667,0.946667
0.492210,0.946667,0.946667
0.492611,0.946667,0.946667
0.493013,0.946667,0.946667
0.493414,0.946667,0.946667
0.493815,0.946667,0.946667
0.494217,0.946667,0.946667
0.494619,0.946667,0.946667
0.495020,0.946667,0.946667
0.495421,0.946667,0.946667
0.495823,0.946667,0.946667
0.496225,0.946667,0.946667
0.496627,0.946667,0.946667
0.497028,0.946667,0.946667
0.497429,0.946667,0.946667
0.497832,0.946667,0.946667
0.498234,0.946667,0.946667
0.498636,0.946667,0.946667
0.499039,0.946667,0.946667
0.499441,0.946667,0.946667
0.499842,0.946667,0.946667
0.500245,0.946667,0.946667
0.500646,0.946667,0.946667
0.501047,0.946667,0.946667
0.501448,0.946667,0.946667
0.501850,0.946667,0.946667
0.502251,0.946667,0.946667
0.502652,0.946667,0.946667
0.503055,0.946667,0.946667
0.503456,0.946667,0.946667
0.503859,0.946667,0.946667
0.504260,0.946667,0.946667
0.504663,0.946667,0.946667
0.505064,0.946667,0.946667
0.505466,0.946667,0.946667
0.505867,0.946667,0.946667
0.506268,0.946667,0.946667
0.506669,0.946667,0.946667
0.507070,0.946667,0.946667
0.507471,0.946667,0.946667
0.507872,0.946667,0.946667
0.508273,0.946667,0.946667
0.508674,0.946667,0.946667
0.509075,0.946667,0.946667
0.509476,0.946667,0.946667
0.509878,0.946667,0.946667
0.510279,0.946667,0.946667
0.510681,0.946667,0.946667
0.511082,0.946667,0.946667
0.511483,0.946667,0.946667
0.511885,0.946667,0.946667
0.512286,0.946667,0.946667
0.512688,0.946667,0.946667
0.513089,0.946667,0.946667
0.513491,0.946667,0.946667
0.513893,0.946667,0.946667
0.514294,0.946667,0.946667
0.514695,0.946667,0.946667
0.515097,0.946667,0.946667
0.515499,0.946667,0.946667
0.515900,0.946667,0.946667
0.516301,0.946667,0.946667
0.516704,0.946667,0.946667
0.517105,0.946667,0.946667
0.517506,0.946667,0.946667
0.517907,0.946667,0.946667
0.518308,0.946667,0.946667
0.518709,0.946667,0.946667
0.519111,0.946667,0.946667
0.519513,0.946667,0.946667
0.519914,0.946667,0.946667
0.520315,0.946667,0.946667
0.520716,0.946667,0.946667
0.521117,0.946667,0.946667
0.521519,0.946667,0.946667
0.521920,0.946667,0.946667
0.522321,0.946667,0.946667
0.522723,0.946667,0.946667
0.523125,0.946667,0.946667
0.523526,0.946667,0.946667
0.523927,0.946667,0.946667
0.524328,0.946667,0.946667
0.524731,0.946667,0.946667
0.525133,0.946667,0.946667
0.525535,0.946667,0.946667
0.525936,0.946667,0.946667
0.526339,0.946667,0.946667
0.526740,0.946667,0.946667
0.527142,0.946667,0.946667
0.527543,0.946667,0.946667
0.527944,0.946667,0.946667
0.528347,0.946667,0.946667
0.528748,0.946667,0.946667
0.529149,0.946667,0.946667
0.529551,0.946667,0.946667
0.529952,0.946667,0.946667
0.530353,0.946667,0.946667
0.530754,0.946667,0.946667
0.531156,0.946667,0.946667
0.531557,0.946667,0.946667
0.531958,0.946667,0.946667
0.532360,0.946667,0.946667
0.532761,0.946667,0.946667
0.533163,0.946667,0.946667
0.533565,0.946667,0.946667
0.533966,0.946667,0.946667
0.534367,0.946667,0.946667
0.534768,0.946667,0.946667
0.535170,0.946667,0.946667
0.535571,0.946667,0.946667
0.535972,0.946667,0.946667
0.536373,0.946667,0.946667
0.536776,0.946667,0.946667
0.537178,0.946667,0.946667
0.537579,0.946667,0.946667
0.537980,0.946667,0.946667
0.538381,0.946667,0.946667
0.538782,0.946667,0.946667
0.539183,0.946667,0.946667
0.539584,0.946667,0.946667
0.539985,0.946667,0.946667
0.540387,0.946667,0.946667
0.540790,0.946667,0.946667
0.541192,0.946667,0.946667
0.541594,0.946667,0.946667
0.541996,0.946667,0.946667
0.542397,0.946667,0.946667
0.542798,0.946667,0.946667
0.543200,0.946667,0.946667
0.543601,0.946667,0.946667
0.544003,0.946667,0.946667
0.544405,0.946667,0.946667
0.544806,0.946667,0.946667
0.545207,0.946667,0.946667
0.545609,0.946667,0.946667
0.546010,0.946667,0.946667
0.546412,0.946667,0.946667
0.546815,0.946667,0.946667
0.547216,0.946667,0.946667
0.547617,0.946667,0.946667
0.548019,0.946667,0.946667
0.548421,0.946667,0.946667
0.548823,0.946667,0.946667
0.549225,0.946667,0.946667
0.549627,0.946667,0.946667
0.550029,0.946667,0.946667
0.550431,0.946667,0.946667
0.550832,0.946667,0.946667
0.551233,0.946667,0.946667
0.551635,0.946667,0.946667
0.552037,0.946667,0.946667
0.552438,0.946667,0.946667
0.552841,0.946667,0.946667
0.553245,0.946667,0.946667
0.553646,0.946667,0.946667
0.554047,0.946667,0.946667
0.554448,0.946667,0.946667
0.554849,0.946667,0.946667
0.555251,0.946667,0.946667
0.555652,0.946667,0.946667
0.556053,0.946667,0.946667
0.556455,0.946667,0.946667
0.556856,0.946667,0.946667
0.557258,0.946667,0.946667
0.557659,0.946667,0.946667
0.558061,0.946667,0.946667
0.558462,0.946667,0.946667
0.558865,0.946667,0.946667
0.559267,0.946667,0.946667
0.559669,0.946667,0.946667
0.560071,0.946667,0.946667
0.560473,0.946667,0.946667
0.560874,0.946667,0.946667
0.561276,0.946667,0.946667
0.561678,0.946667,0.946667
0.562081,0.946667,0.946667
0.562483,0.946667,0.946667
0.562884,0.946667,0.946667
0.563286,0.946667,0.946667
0.563687,0.946667,0.946667
0.564088,0.946667,0.946667
0.564490,0.946667,0.946667
0.564891,0.946667,0.946667
0.565292,0.946667,0.946667
0.565693,0.946667,0.946667
0.566094,0.946667,0.946667
0.566495,0.946667,0.946667
0.566896,0.946667,0.946667
0.567298,0.946667,0.946667
0.567699,0.946667,0.946667
0.568100,0.946667,0.946667
0.568502,0.946667,0.946667
0.568904,0.946667,0.946667
0.569306,0.946667,0.946667
0.569707,0.946667,0.946667
0.570108,0.946667,0.946667
0.570509,0.946667,0.946667
0.570910,0.946667,0.946667
0.571312,0.946667,0.946667
0.571713,0.946667,0.946667
0.572115,0.946667,0.946667
0.572517,0.946667,0.946667
0.572918,0.946667,0.946667
0.573319,0.946667,0.946667
0.573720,0.946667,0.946667
0.574121,0.946667,0.946667
0.574522,0.946667,0.946667
0.574924,0.946667,0.946667
0.575325,0.946667,0.946667
0.575726,0.946667,0.946667
0.576128,0.946667,0.946667
0.576529,0.946667,0.946667
0.576932,0.946667,0.946667
0.577333,0.946667,0.946667
0.577734,0.946667,0.946667
0.578135,0.946667,0.946667
0.578537,0.946667,0.946667
0.578938,0.946667,0.946667
0.579339,0.946667,0.946667
0.579740,0.946667,0.946667
0.580142,0.946667,0.946667
0.580544,0.946667,0.946667
0.580945,0.946667,0.946667
0.581346,0.946667,0.946667
0.581749,0.946667,0.946667
0.582150,0.946667,0.946667
0.582552,0.946667,0.946667
0.582953,0.946667,0.946667
0.583355,0.946667,0.946667
0.583757,0.946667,0.946667
0.584158,0.946667,0.946667
0.584559,0.946667,0.946667
0.584960,0.946667,0.946667
0.585361,0.946667,0.946667
0.585762,0.946667,0.946667
0.586163,0.946667,0.946667
0.586565,0.946667,0.946667
0.586967,0.946667,0.946667
0.587368,0.946667,0.946667
0.587769,0.946667,0.946667
0.588170,0.946667,0.946667
0.588572,0.946667,0.946667
0.588973,0.946667,0.946667
0.589374,0.946667,0.946667
0.589776,0.946667,0.946667
0.590178,0.946667,0.946667
0.590580,0.946667,0.946667
0.590981,0.946667,0.946667
0.591384,0.946667,0.946667
0.591787,0.946667,0.946667
0.592189,0.946667,0.946667
0.592590,0.946667,0.946667
0.592991,0.946667,0.946667
0.593393,0.946667,0.946667
0.593795,0.946667,0.946667
0.594196,0.946667,0.946667
0.594598,0.946667,0.946667
0.594999,0.946667,0.946667
0.595400,0.946667,0.946667
0.595802,0.946667,0.946667
0.596203,0.946667,0.946667
0.596605,0.946667,0.946667
0.597007,0.946667,0.946667
0.597409,0.946667,0.946667
0.597811,0.946667,0.946667
0.598212,0.946667,0.946667
0.598613,0.946667,0.946667
0.599014,0.946667,0.946667
0.599415,0.946667,0.946667
0.599816,0.946667,0.946667
0.600218,0.946667,0.946667
0.600619,0.946667,0.946667
0.601020,0.946667,0.946667
0.601421,0.946667,0.946667
0.601823,0.946667,0.946667
0.602224,0.946667,0.946667
0.602625,0.946667,0.946667
0.603026,0.946667,0.946667
0.603428,0.946667,0.946667
0.603829,0.960000,0.946667
0.604230,0.973333,0.946667
0.604631,0.960000,0.946667
0.605033,0.960000,0.946667
0.605435,0.946667,0.946667
0.605838,0.980000,0.946667
0.606239,1.006667,0.946667
0.606640,1.006667,0.946667
0.607041,1.026667,0.946667
0.607442,1.033333,0.946667
0.607844,1.040000,0.946667
0.608245,1.053333,0.946667
0.608648,1.066667,0.946667
0.609051,1.066667,0.946667
0.609453,1.086667,0.946667
0.609854,1.100000,0.946667
0.610256,1.100000,0.946667
0.610658,1.120000,0.946667
0.611059,1.093333,0.946667
0.611461,1.146667,0.953333
0.611862,1.160000,0.946667
0.612264,1.186667,0.946667
0.612665,1.180000,0.946667
0.613067,1.253333,0.946667
0.613468,1.200000,0.946667
0.613869,1.180000,0.966667
0.614271,1.100000,0.980000
0.614672,1.273333,0.966667
0.615073,1.200000,1.020000
0.615475,1.253333,1.020000
0.615876,1.273333,1.020000
0.616278,1.246667,0.973333
0.616679,1.280000,1.033333
0.617080,1.300000,1.033333
0.617481,1.293333,1.033333
0.617884,1.300000,1.040000
0.618286,1.320000,1.046667
0.618687,1.320000,1.206667
0.619090,1.313333,1.093333
0.619492,1.373333,1.093333
0.619895,1.326667,1.093333
0.620297,1.373333,1.046667
0.620698,1.346667,1.093333
0.621099,1.386667,1.133333
0.621501,1.413333,1.100000
0.621904,1.400000,1.180000
0.622305,1.406667,1.180000
0.622706,1.460000,1.206667
0.623108,1.340000,1.206667
0.623509,1.473333,1.213333
0.623910,1.500000,1.233333
0.624312,1.473333,1.246667
0.624713,1.506667,1.246667
0.625115,1.533333,1.253333
0.625517,1.486667,1.240000
0.625919,1.560000,1.240000
0.626320,1.566667,1.313333
0.626723,1.573333,1.280000
0.627124,1.580000,1.300000
0.627525,1.573333,1.326667
0.627926,1.626667,1.326667
0.628327,1.633333,1.373333
0.628728,1.646667,1.360000
0.629129,1.640000,1.366667
0.629531,1.646667,1.820000
0.629933,1.653333,1.420000
0.630334,1.666667,1.413333
0.630735,1.580000,1.420000
0.631136,1.720000,1.386667
0.631538,1.793333,1.473333
0.631939,1.733333,1.446667
0.632340,1.733333,1.453333
0.632741,1.740000,1.446667
0.633142,1.766667,1.480000
0.633543,1.760000,1.500000
0.633944,1.773333,1.480000
0.634346,1.813333,1.513333
0.634747,1.806667,1.586667
0.635149,1.873333,1.600000
0.635551,1.840000,1.560000
0.635952,1.853333,1.573333
0.636353,1.906667,1.560000
0.636756,1.846667,1.546667
0.637158,1.826667,1.600000
0.637559,1.913333,1.633333
0.637960,1.933333,1.620000
0.638361,1.906667,1.640000
0.638764,1.980000,1.633333
0.639165,1.980000,1.646667
0.639566,2.013333,1.666667
0.639967,2.000000,1.726667
0.640368,2.026667,1.726667
0.640769,2.060000,1.713333
0.641170,2.066667,1.733333
0.641571,2.060000,1.733333
0.641972,2.100000,1.766667
0.642374,2.093333,1.786667
0.642775,2.093333,1.786667
0.643176,2.100000,1.793333
0.643577,2.120000,1.813333
0.643978,2.146667,1.840000
0.644379,2.180000,1.826667
0.644780,2.166667,1.813333
0.645182,2.253333,1.706667
0.645583,2.233333,1.900000
0.645986,2.300000,1.893333
0.646387,2.166667,1.906667
0.646788,2.380000,1.920000
0.647190,2.280000,1.973333
0.647592,2.280000,2.020000
0.647993,2.253333,2.000000
0.648394,2.280000,1.986667
0.648797,2.326667,2.006667
0.649199,2.346667,2.006667
0.649600,2.373333,2.060000
0.650003,2.373333,2.033333
0.650405,2.406667,2.053333
0.650807,2.420000,2.026667
0.651208,2.440000,2.106667
0.651610,2.453333,2.093333
0.652011,2.506666,2.120000
0.652412,2.486667,2.140000
0.652813,2.526667,2.106667
0.653214,2.513333,2.146667
0.653616,2.526667,2.366667
0.654017,2.553333,2.186667
0.654419,2.566667,2.193333
0.654822,2.553333,2.253333
0.655223,2.593333,2.126667
0.655624,2.586667,2.233333
0.656027,2.553333,2.260000
0.656428,2.660000,2.346667
0.656829,2.653333,2.306667
0.657231,2.653333,2.300000
0.657633,2.680000,2.320000
0.658034,2.700000,2.333333
0.658435,2.726667,2.386667
0.658836,2.740000,2.346667
0.659237,2.760000,2.413333
0.659639,2.780000,2.473333
0.660040,2.833333,2.440000
0.660441,2.806667,2.426666
0.660842,2.820000,2.446667
0.661245,2.826667,2.433333
0.661646,2.820000,2.466667
0.662047,2.873333,2.466667
0.662449,2.846667,2.520000
0.662851,2.886667,2.533333
0.663252,2.926667,2.586667
0.663653,2.953333,2.613333
0.664056,3.006667,2.586667
0.664459,2.880000,2.613333
0.664860,2.966666,2.613333
0.665263,3.000000,2.620000
0.665666,3.026667,2.640000
0.666067,3.040000,2.646667
0.666469,3.053333,2.673333
0.666872,3.100000,2.680000
0.667273,3.146667,2.700000
0.667676,3.106667,2.713333
0.668079,3.100000,2.753333
0.668481,3.133333,2.760000
0.668883,3.133333,2.793333
0.669285,3.193333,2.786667
0.669686,3.106667,2.820000
0.670087,3.193333,2.813333
0.670488,3.240000,2.626667
0.670890,3.233333,2.873333
0.671292,3.246666,2.860000
0.671693,3.306667,2.880000
0.672095,3.260000,2.900000
0.672496,3.273333,2.926667
0.672898,3.253333,2.993333
0.673299,3.360000,2.933333
0.673700,3.386667,2.960000
0.674102,3.353333,2.993333
0.674503,3.400000,2.986667
0.674904,3.420000,2.986667
0.675305,3.466666,3.040000
0.675706,3.453333,3.040000
0.676108,3.533333,3.066667
0.676509,3.513333,3.100000
0.676910,3.520000,3.106667
0.677312,3.533333,3.113333
0.677713,3.546667,3.133333
0.678114,3.566667,3.140000
0.678515,3.593333,3.166667
0.678916,3.546667,3.166667
0.679318,3.653333,3.400000
0.679719,3.686666,3.226667
0.680120,3.666667,3.140000
0.680521,3.626667,3.300000
0.680923,3.686666,3.293333
0.681325,3.713333,3.226667
0.681726,3.740000,3.313333
0.682128,3.780000,3.313333
0.682529,3.813334,3.313333
0.682930,3.786667,3.320000
0.683332,3.840000,3.366667
0.683733,3.853333,3.393333
0.684134,3.873333,3.413333
0.684535,3.913333,3.433333
0.684936,3.940000,3.460000
0.685338,3.940000,3.500000
0.685739,3.960000,3.500000
0.686140,3.993333,3.500000
0.686541,4.000000,3.506667
0.686942,4.013333,3.626667
0.687343,4.053333,3.546667
0.687744,4.073333,3.580000
0.688145,4.040000,3.673333
0.688546,4.100000,3.626667
0.688947,4.126667,3.626667
0.689348,4.140000,3.653333
0.689751,4.180000,3.673333
0.690152,4.173333,3.653333
0.690553,4.186666,3.700000
0.690954,4.293333,3.726667
0.691356,4.226666,3.833333
0.691758,4.220000,3.826667
0.692159,4.293333,3.746666
0.692561,4.280000,3.820000
0.692962,4.286666,4.020000
0.693363,4.326666,3.840000
0.693766,4.333333,3.880000
0.694167,4.346667,3.913333
0.694569,4.373333,3.920000
0.694970,4.453333,3.986666
0.695372,4.420000,3.960000
0.695773,4.446667,3.986666
0.696175,4.480000,3.960000
0.696577,4.533333,4.026666
0.696978,4.506667,4.013333
0.697380,4.553333,4.113333
0.697783,4.573333,4.106667
0.698185,4.580000,4.073333
0.698587,4.600000,4.100000
0.698989,4.646667,4.086667
0.699391,4.626667,4.113333
0.699792,4.693333,4.173333
0.700194,4.666667,4.153333
0.700596,4.706666,4.173333
0.700998,4.726666,4.226666
0.701400,4.733333,4.233333
0.701801,4.760000,4.293333
0.702202,4.726666,4.280000
0.702604,4.753333,4.260000
0.703006,4.760000,4.293333
0.703407,4.853333,4.246667
0.703808,4.846666,4.360000
0.704210,4.893333,4.380000
0.704611,4.893333,4.353333
0.705012,4.926667,4.486666
0.705414,4.953333,4.366666
0.705815,5.013333,4.446667
0.706216,5.006667,4.433333
0.706617,5.013333,4.500000
0.707018,5.046667,4.506667
0.707420,5.060000,4.533333
0.707821,5.140000,4.553333
0.708223,5.080000,4.540000
0.708624,5.120000,4.600000
0.709027,5.146667,4.640000
0.709428,5.153333,4.633333
0.709829,5.180000,4.693333
0.710230,5.226666,4.686666
0.710631,5.320000,4.526667
0.711033,5.240000,4.746666
0.711434,5.266667,4.720000
0.711836,5.313333,4.746666
0.712238,5.320000,4.773334
0.712639,5.373333,4.673333
0.713041,5.360000,4.820000
0.713442,5.366667,4.860000
0.713843,5.413333,5.000000
0.714245,5.373333,4.826666
0.714646,5.466667,4.900000
0.715047,5.566667,4.880000
0.715448,5.520000,4.926667
0.715849,5.360000,4.960000
0.716251,5.553333,4.973333
0.716652,5.539999,4.986667
0.717053,5.580000,5.006667
0.717454,5.586667,5.086667
0.717856,5.620000,5.066667
0.718258,5.666667,5.080000
0.718659,5.673333,5.000000
0.719060,5.666667,5.140000
0.719461,5.726667,5.180000
0.719864,5.740000,5.253333
0.720265,5.726667,5.193333
0.720666,5.780000,5.206666
0.721067,5.820000,5.240000
0.721468,5.880000,5.246666
0.721869,5.833333,5.253333
0.722271,5.886667,5.306666
0.722672,5.886667,5.326667
0.723073,5.973333,5.326667
0.723476,5.953333,5.386667
0.723877,5.953333,5.366667
0.724279,5.986667,5.393333
0.724680,6.026667,5.420000
0.725081,6.040000,5.413333
0.725482,6.060000,5.440000
0.725883,6.093333,5.486667
0.726285,6.100000,5.493333
0.726686,6.133333,5.520000
0.727087,6.166667,5.526667
0.727488,6.240000,5.673333
0.727889,6.206666,5.586667
0.728291,6.286667,5.680000
0.728694,6.233333,5.660000
0.729096,6.300000,5.586667
0.729497,6.320000,5.660000
0.729898,6.320000,5.753333
0.730299,6.286667,5.646667
0.730700,6.393333,5.780000
0.731103,6.326666,5.753333
0.731504,6.406667,5.766666
0.731905,6.433333,5.793334
0.732306,6.540000,5.826667
0.732707,6.480000,5.886667
0.733108,6.513333,5.860000
0.733509,6.540000,5.900000
0.733911,6.533333,5.900000
0.734312,6.620000,5.933333
0.734713,6.626667,6.013333
0.735115,6.640000,5.960000
0.735516,6.680000,6.020000
0.735917,6.706667,6.033333
0.736319,6.720000,6.040000
0.736720,6.733333,6.033333
0.737121,6.773334,6.066667
0.737523,6.860000,6.066667
0.737924,6.780000,6.126667
0.738326,6.900000,6.113333
0.738727,6.833333,6.153333
0.739128,6.920000,6.233333
0.739529,6.886666,6.220000
0.739930,6.933333,6.280000
0.740332,6.953333,6.260000
0.740733,6.980000,6.253334
0.741135,7.000000,6.313334
0.741536,7.026667,6.326666
0.741938,7.040000,6.360000
0.742339,7.073333,6.346667
0.742742,7.140000,6.426666
0.743143,7.093333,6.426666
0.743544,7.206666,6.433333
0.743945,7.153333,6.466667
0.744347,7.186666,6.433333
0.744748,7.233334,6.526666
0.745149,7.226666,6.526666
0.745551,7.266667,6.606667
0.745952,7.306666,6.526666
0.746353,7.326666,6.646667
0.746755,7.280000,6.646667
0.747157,7.260000,6.693333
0.747558,7.400000,6.726666
0.747960,7.366667,6.740000
0.748361,7.426666,6.746666
0.748764,7.466667,6.780000
0.749165,7.480000,6.813333
0.749567,7.506667,6.813333
0.749968,7.520000,6.833333
0.750369,7.553333,6.840000
0.750771,7.600000,6.913333
0.751172,7.593334,6.900000
0.751574,7.586667,6.900000
0.751975,7.646666,7.080000
0.752376,7.686666,6.946667
0.752778,7.713333,6.986666
0.753179,7.760000,6.986666
0.753581,7.753333,7.006667
0.753982,7.753333,7.166667
0.754384,7.826667,7.066666
0.754785,7.866666,7.073333
0.755187,7.840000,7.133334
0.755589,7.866666,7.020000
0.755990,7.913333,7.166667
0.756392,7.906666,7.173333
0.756793,7.946667,7.219999
0.757195,7.966667,7.226666
0.757596,8.006666,7.273333
0.757997,8.033334,7.293333
0.758399,8.040000,7.286667
0.758800,8.080000,7.313333
0.759202,8.106667,7.353333
0.759603,8.113333,7.413333
0.760006,8.193333,7.426666
0.760408,8.213333,7.433333
0.760809,8.206666,7.473333
0.761211,8.233334,7.500000
0.761613,8.166667,7.460000
0.762014,8.259999,7.566667
0.762416,8.320000,7.486667
0.762817,8.306666,7.533333
0.763218,8.360000,7.640000
0.763620,8.360000,7.620000
0.764021,8.413333,7.686666
0.764422,8.353333,7.640000
0.764824,8.486667,7.686666
0.765226,8.500000,8.006666
0.765628,8.520000,7.720000
0.766029,8.533333,7.726667
0.766430,8.620000,7.780000
0.766833,8.566667,7.720000
0.767234,8.599999,7.826667
0.767636,8.626667,7.873333
0.768037,8.599999,7.860000
0.768439,8.666666,7.886666
0.768840,8.706666,7.913333
0.769245,8.719999,7.933333
0.769647,8.746667,7.980000
0.770048,8.753333,7.960000
0.770449,8.800000,8.013333
0.770850,8.833333,8.046666
0.771251,8.866667,8.053332
0.771652,8.893333,8.093333
0.772055,8.933333,8.033334
0.772456,8.993333,8.053332
0.772857,8.946667,8.293333
0.773258,8.980000,8.206666
0.773659,8.973332,8.206666
0.774060,9.026667,8.213333
0.774461,9.039999,8.246666
0.774864,9.080000,8.240000
0.775265,9.106667,8.300000
0.775666,9.120000,8.033334
0.776067,9.126666,8.233334
0.776468,9.186666,8.393332
0.776869,9.193333,8.340000
0.777272,9.233333,8.400000
0.777673,9.233333,8.446666
0.778074,9.280000,8.446666
0.778475,9.299999,8.506666
0.778876,9.326667,8.393332
0.779278,9.340000,8.493334
0.779679,9.346666,8.546666
0.780081,9.373333,8.406667
0.780482,9.413333,8.500000
0.780883,9.460000,8.933333
0.781285,9.473333,8.646667
0.781686,9.506666,8.660000
0.782087,9.540000,8.646667
0.782488,9.613334,8.713333
0.782890,9.613334,8.766666
0.783292,9.620000,8.760000
0.783693,9.639999,8.706666
0.784094,9.686666,8.813334
0.784495,9.713333,8.839999
0.784896,9.733334,8.900000
0.785298,9.766666,8.900000
0.785701,9.759999,8.920000
0.786102,9.733334,8.913333
0.786503,9.846666,8.933333
0.786904,9.846666,8.986667
0.787306,9.860000,8.953334
0.787707,9.913333,9.126666
0.788109,9.920000,9.033333
0.788511,9.973333,9.066667
0.788912,10.040000,9.346666
0.789313,9.993333,9.093333
0.789714,10.040000,8.986667
0.790116,10.040000,9.140000
0.790517,10.066667,9.173333
0.790918,10.113333,9.220000
0.791320,10.099999,9.193333
0.791721,10.140000,9.266666
0.792122,10.173333,9.266666
0.792524,10.166666,9.293333
0.792926,10.206667,9.326667
0.793328,10.253333,9.346666
0.793731,10.260000,9.346666
0.794132,10.320000,9.346666
0.794534,10.313334,9.346666
0.794936,10.340000,9.453333
0.795338,10.400000,9.480000
0.795741,10.400000,9.346666
0.796142,10.413333,9.540000
0.796543,10.480000,9.593333
0.796946,10.473333,9.559999
0.797347,10.533334,9.526667
0.797748,10.460000,9.626666
0.798150,10.506666,9.653333
0.798551,10.586667,9.700000
0.798953,10.600000,9.666667
0.799355,10.633333,9.733334
0.799756,10.666667,9.620000
0.800158,10.673333,9.786667
0.800560,10.700000,9.773333
0.800963,10.720000,9.800000
0.801365,10.706666,9.800000
0.801766,10.780000,9.839999
0.802168,10.800000,9.893332
0.802569,10.933333,9.920000
0.802970,10.840000,9.946667
0.803371,10.873333,9.966666
0.803774,10.793333,9.966666
0.804175,10.946666,10.013333
0.804576,10.960000,10.093333
0.804978,11.026667,10.046666
0.805379,11.020000,10.046666
0.805780,11.026667,10.046666
0.806182,10.966666,10.046666
0.806584,11.079999,10.280000
0.806986,11.093333,10.153333
0.807387,11.160000,10.173333
0.807790,11.146667,10.213333
0.808192,11.180000,10.233333
0.808593,11.193334,10.266666
0.808994,11.240000,10.246666
0.809395,11.253333,10.266666
0.809796,11.280000,10.320000
0.810197,11.313334,10.353333
0.810598,11.273333,10.413333
0.810999,11.333333,10.400000
0.811400,11.380000,10.426666
0.811802,11.440000,10.440000
0.812203,11.440000,10.600000
0.812604,11.426666,10.486666
0.813005,11.506666,10.493333
0.813406,11.539999,10.500000
0.813807,11.580000,10.613333
0.814209,11.580000,10.593333
0.814610,11.593333,10.606667
0.815013,11.593333,10.639999
0.815414,11.640000,10.666667
0.815815,11.640000,10.673333
0.816216,11.666666,10.706666
0.816617,11.713333,10.746666
0.817020,11.720000,10.740000
0.817421,11.740000,10.780000
0.817822,11.773334,10.806666
0.818223,11.793333,10.826666
0.818624,11.826667,10.840000
0.819027,11.873333,10.900000
0.819428,11.886666,10.900000
0.819829,12.026667,10.846666
0.820230,11.893333,10.920000
0.820632,11.926666,10.960000
0.821033,11.973333,10.946666
0.821434,11.906667,11.020000
0.821835,12.046667,11.020000
0.822237,12.020000,11.106667
0.822639,12.073333,11.073333
0.823041,12.106667,11.113334
0.823442,12.106667,11.099999
0.823843,12.133333,11.133333
0.824245,12.166667,11.146667
0.824646,12.240000,11.186666
0.825047,12.246667,11.219999
0.825448,12.273333,11.193334
0.825849,12.240000,11.266666
0.826251,12.333333,11.273333
0.826652,12.346666,11.300000
0.827053,12.373333,11.219999
0.827454,12.386666,11.360000
0.827855,12.406666,11.373333
0.828257,12.426666,11.286666
0.828658,12.433333,11.460000
0.829059,12.520000,11.433333
0.829461,12.480000,11.453334
0.829862,12.459999,11.453334
0.830264,12.573334,11.406666
0.830666,12.486667,11.520000
0.831067,12.500000,11.539999
0.831469,12.620000,11.559999
0.831872,12.626667,11.606667
0.832273,12.673333,11.599999
0.832675,12.719999,11.633333
0.833078,12.640000,11.646667
0.833481,12.740000,11.666666
0.833883,12.766666,11.780000
0.834285,12.780000,11.720000
0.834686,12.806666,11.760000
0.835087,12.773334,11.746666
0.835488,12.873333,11.786667
0.835889,12.886666,11.786667
0.836291,12.926666,11.886666
0.836693,12.946667,11.846666
0.837095,13.073333,11.893333
0.837496,12.973333,11.906667
0.837899,13.013333,11.900000
0.838300,13.126666,11.973333
0.838701,13.059999,11.953333
0.839103,13.100000,12.040000
0.839505,13.113333,11.993333
0.839906,13.126666,12.033333
0.840307,13.160000,12.053333
0.840710,13.179999,12.066666
0.841111,13.233334,12.213333
0.841513,13.273334,12.093333
0.841915,13.233334,12.186666
0.842316,13.266666,12.186666
0.842718,13.286667,12.153333
0.843119,13.326666,12.246667
0.843521,13.326666,12.280000
0.843923,13.339999,12.246667
0.844325,13.420000,12.313334
0.844726,13.366667,12.366667
0.845128,13.453332,12.393332
0.845530,13.466666,12.420000
0.845931,13.533333,12.413333
0.846332,13.579999,12.413333
0.846733,13.460000,12.446667
0.847135,13.579999,12.553333
0.847536,13.566667,12.453333
0.847939,13.746667,12.533333
0.848340,13.633333,12.520000
0.848741,13.639999,12.559999
0.849142,13.666666,12.593333
0.849544,13.706666,12.613333
0.849947,13.726666,12.626667
0.850348,13.726666,12.646667
0.850749,13.806667,12.733333
0.851150,13.866666,12.760000
0.851551,13.820000,12.679999
0.851954,13.826666,12.766666
0.852357,13.833333,12.780000
0.852758,13.853333,12.766666
0.853159,13.900000,12.793333
0.853560,13.940001,12.826667
0.853961,13.933332,12.773334
0.854362,13.993333,12.886666
0.854763,13.993333,12.860000
0.855165,13.999999,12.826667
0.855567,14.020000,12.826667
0.855969,14.066666,13.366667
0.856372,14.066666,12.966667
0.856773,14.113334,12.973333
0.857175,14.213333,13.000000
0.857576,14.173332,13.040000
0.857977,14.186666,13.040000
0.858378,14.180000,13.066667
0.858779,14.213333,13.073333
0.859180,14.293333,13.120000
0.859581,14.280000,13.160000
0.859984,14.213333,13.179999
0.860386,14.233333,13.213333
0.860787,14.340000,13.146667
0.861189,14.360000,13.253333
0.861590,14.386666,13.213333
0.861992,14.446667,13.246666
0.862393,14.433332,13.253333
0.862794,14.453333,13.286667
0.863196,14.480000,13.300000
0.863597,14.326666,13.346667
0.863998,14.600000,13.386665
0.864400,14.439999,13.366667
0.864801,14.559999,13.379999
0.865202,14.566666,13.413334
0.865604,14.606667,13.440000
0.866005,14.626666,13.473332
0.866407,14.646667,13.466666
0.866808,14.693333,13.486667
0.867210,14.693333,13.553333
0.867611,14.706667,13.539999
0.868012,14.740000,13.539999
0.868414,14.759999,13.586667
0.868815,14.793334,13.746667
0.869216,14.820000,13.646666
0.869617,14.806666,13.646666
0.870018,14.840000,13.680000
0.870420,14.866667,13.653334
0.870822,14.880000,13.653334
0.871224,14.899999,13.773333
0.871625,15.026666,13.773333
0.872026,14.953333,13.786667
0.872427,14.953333,13.813334
0.872828,15.020000,13.826666
0.873229,15.013333,13.833333
0.873630,15.086666,13.839999
0.874033,15.113333,13.820000
0.874434,15.133333,13.893333
0.874835,15.166667,13.920000
0.875236,15.133333,13.900000
0.875637,15.213333,13.946667
0.876038,15.226665,13.993333
0.876439,15.219999,14.013333
0.876840,15.240000,14.020000
0.877245,15.266666,14.113334
0.877646,15.346666,14.046667
0.878047,15.320001,14.053333
0.878448,15.466666,14.073334
0.878851,15.400000,14.113334
0.879252,15.393333,14.140000
0.879654,15.393333,14.173332
0.880055,15.413333,14.173332
0.880456,15.353333,14.206667
0.880859,15.453334,14.239999
0.881260,15.480000,14.200001
0.881661,15.493332,14.239999
0.882062,15.633333,14.259999
0.882463,15.560000,14.293333
0.882864,15.586667,14.346666
0.883265,15.579999,14.306665
0.883666,15.626667,14.346666
0.884067,15.639999,14.366666
0.884468,15.660000,14.380000
0.884871,15.679999,14.426666
0.885273,15.646666,14.420000
0.885674,15.679999,14.439999
0.886076,15.626667,14.439999
0.886478,15.760000,14.486667
0.886879,15.833333,14.513333
0.887280,15.813333,14.520000
0.887681,15.826667,14.540000
0.888082,15.826667,14.466667
0.888483,15.900000,14.573334
0.888884,15.826667,14.580000
0.889286,15.926666,14.633332
0.889687,16.039999,14.640000
0.890088,16.113333,14.640000
0.890490,15.986667,14.626666
0.890892,15.986667,14.693333
0.891293,16.033333,14.693333
0.891694,16.039999,14.719999
0.892095,16.080000,14.766665
0.892496,16.099998,14.766665
0.892897,16.099998,14.713333
0.893298,16.139999,14.786666
0.893699,16.119999,14.873333
0.894100,16.213333,14.780000
0.894501,16.219999,14.820000
0.894902,16.193333,14.866667
0.895304,16.233332,14.953333
0.895705,16.246666,14.899999
0.896106,16.266666,14.953333
0.896511,16.259998,14.940000
0.896912,16.279999,14.946667
0.897313,16.340000,14.953333
0.897714,16.366665,14.953333
0.898116,16.359999,14.953333
0.898517,16.406666,15.093332
0.898920,16.420000,15.093332
0.899321,16.446667,15.119999
0.899722,16.440001,15.106667
0.900123,16.400000,15.139999
0.900525,16.493332,15.159999
0.900926,16.493332,15.193334
0.901327,16.519999,15.213333
0.901728,16.546667,15.280000
0.902129,16.580000,15.340000
0.902531,16.573334,15.226665
0.902933,16.626665,15.246666
0.903334,16.660000,15.260000
0.903735,16.633331,15.293332
0.904136,16.686666,15.366667
0.904538,16.766666,15.393333
0.904941,16.713333,15.366667
0.905342,16.719999,15.306666
0.905744,16.773333,15.313333
0.906145,16.740000,15.393333
0.906546,16.786665,15.433333
0.906948,16.753332,15.433333
0.907349,16.799999,15.460000
0.907751,16.553333,15.480000
0.908152,16.840000,15.486666
0.908553,16.846666,15.500000
0.908954,16.860001,15.646666
0.909355,16.886665,15.566667
0.909757,16.886665,15.760000
0.910159,16.893332,15.593333
0.910561,16.893332,15.613333
0.910962,16.959999,15.639999
0.911365,16.939999,15.639999
0.911767,16.959999,15.666666
0.912169,16.966667,15.660000
0.912570,16.973333,15.673333
0.912971,17.006666,15.733333
0.913372,17.100000,15.740000
0.913773,17.039999,15.579999
0.914174,17.120001,15.746666
0.914575,17.086666,15.793333
0.914976,17.066666,15.786667
0.915377,17.100000,15.806666
0.915778,17.106667,15.826667
0.916179,17.113333,15.873333
0.916581,17.173332,15.886665
0.916983,17.179998,15.860000
0.917385,17.226667,15.913334
0.917787,17.173332,15.920000
0.918188,17.320000,15.926666
0.918589,17.213333,15.920000
0.918990,17.273333,15.980000
0.919392,17.273333,15.993333
0.919793,17.266666,16.006666
0.920194,17.293333,16.026667
0.920596,17.306665,16.013332
0.920998,17.353333,16.193333
0.921400,17.299999,16.193333
0.921801,17.400000,16.186666
0.922202,17.240000,16.106665
0.922604,17.380001,16.093332
0.923005,17.360001,16.099998
0.923407,17.400000,16.133333
0.923809,17.426666,16.133333
0.924211,17.459999,16.186666
0.924612,17.646667,16.219999
0.925013,17.473333,16.200001
0.925414,17.473333,16.213333
0.925815,17.520000,16.273333
0.926217,17.520000,16.273333
0.926618,17.520000,16.279999
0.927019,17.593332,16.353333
0.927420,17.613333,16.286667
0.927822,17.606667,16.359999
0.928223,17.626667,16.340000
0.928624,17.633333,16.366665
0.929025,17.613333,16.440001
0.929426,17.666666,16.426666
0.929827,17.666666,16.420000
0.930229,17.706665,16.340000
0.930630,17.740000,16.413332
0.931032,17.853333,16.486666
0.931434,17.726665,16.460001
0.931836,17.766666,16.473333
0.932237,17.766666,16.513332
0.932638,17.773333,16.506666
0.933039,17.760000,16.539999
0.933440,17.786667,16.526667
0.933841,17.806665,16.546667
0.934244,17.820000,16.586666
0.934646,17.840000,16.573334
0.935048,17.853333,16.619999
0.935450,17.853333,16.619999
0.935852,17.853333,16.719999
0.936253,17.886667,16.660000
0.936655,17.900000,16.719999
0.937056,17.939999,16.693333
0.937459,17.939999,16.693333
0.937860,17.926666,16.713333
0.938261,18.013332,16.726667
0.938662,18.079998,16.726667
0.939064,18.000000,16.806665
0.939465,18.006666,16.753332
0.939866,18.033333,16.779999
0.940267,18.026667,16.799999
0.940669,18.020000,16.786665
0.941070,18.073332,16.786665
0.941472,18.106667,16.840000
0.941873,18.053333,16.806665
0.942274,18.160000,16.833334
0.942675,18.126667,16.840000
0.943076,18.160000,16.866667
0.943477,18.139999,16.873333
0.943878,18.160000,16.853334
0.944279,18.153334,16.913332
0.944680,18.180000,16.913332
0.945082,18.260000,16.906666
0.945483,18.186666,16.920000
0.945884,18.186666,16.906666
0.946286,18.246666,16.946667
0.946687,18.299999,16.946667
0.947089,18.313334,16.933332
0.947490,18.260000,16.939999
0.947891,18.273333,16.946667
0.948292,18.286667,17.006666
0.948693,18.280001,16.986668
0.949094,18.326666,17.033333
0.949496,18.320000,17.026665
0.949897,18.313334,17.039999
0.950299,18.333332,17.039999
0.950700,18.359999,17.059999
0.951102,18.353333,17.093332
0.951504,18.393333,17.066666
0.951906,18.393333,17.046665
0.952307,18.413334,17.106667
0.952709,18.406666,17.153332
0.953110,18.440001,17.120001
0.953511,18.426666,17.153332
0.953912,18.459999,17.120001
0.954313,18.446667,17.179998
0.954714,18.520000,17.186666
0.955115,18.486666,17.186666
0.955516,18.520000,17.113333
0.955918,18.520000,17.213333
0.956319,18.553333,17.213333
0.956720,18.546667,17.253334
0.957121,18.566668,17.260000
0.957522,18.573334,17.253334
0.957923,18.580000,17.279999
0.958325,18.559999,17.260000
0.958726,18.673334,17.266666
0.959128,18.593332,17.333332
0.959529,18.606665,17.286665
0.959930,18.626665,17.293333
0.960332,18.646666,17.333332
0.960733,18.633333,17.166666
0.961134,18.713333,17.340000
0.961536,18.673334,17.360001
0.961937,18.706667,17.373333
0.962339,18.673334,17.346666
0.962740,18.706667,17.380001
0.963141,18.719999,17.413332
0.963543,18.653334,17.413332
0.963945,18.740000,17.419998
0.964346,18.746666,17.419998
0.964747,18.766666,17.459999
0.965148,18.779999,17.453333
0.965549,18.746666,17.466665
0.965950,18.759998,17.459999
0.966352,18.813334,17.600000
0.966753,18.846666,17.486666
0.967154,18.813334,17.539999
0.967555,18.846666,17.480000
0.967956,18.873333,17.526667
0.968358,18.859999,17.533333
0.968760,18.826666,17.486666
0.969161,18.873333,17.526667
0.969562,18.886665,17.593332
0.969963,18.873333,17.613333
0.970366,18.913332,17.606667
0.970768,18.920000,17.593332
0.971169,18.913332,17.613333
0.971570,19.053333,17.593332
0.971971,18.933332,17.539999
0.972373,19.013332,17.626667
0.972776,19.013332,17.613333
0.973177,18.980000,17.639999
0.973578,18.999998,17.626667
0.973979,18.999998,17.639999
0.974380,18.993332,17.713333
0.974781,19.013332,17.679998
0.975183,19.046667,17.633333
0.975584,19.080000,17.619999
0.975985,19.053333,17.713333
0.976387,19.039999,17.939999
0.976788,19.053333,17.719999
0.977189,19.086666,17.719999
0.977590,19.080000,17.746666
0.977991,19.086666,17.719999
0.978393,19.113333,17.793333
0.978794,19.073334,17.753334
0.979195,19.113333,17.766666
0.979596,19.139999,17.713333
0.979997,19.133331,17.879999
0.980399,19.193333,17.740000
0.980800,19.166666,17.866667
0.981201,19.166666,17.633333
0.981603,19.166666,17.820000
0.982004,19.166666,17.813332
0.982406,19.186666,17.793333
0.982807,19.213333,17.840000
0.983209,19.206667,17.840000
0.983610,19.206667,17.820000
0.984011,18.960001,17.859999
0.984413,19.219999,17.893333
0.984814,19.233334,17.873333
0.985215,19.266666,17.906668
0.985616,19.253332,17.846666
0.986018,19.273333,17.886667
0.986420,19.240000,17.886667
0.986822,19.259998,17.886667
0.987223,19.293333,17.926666
0.987624,19.279999,17.859999
0.988025,19.313334,17.926666
0.988427,19.293333,17.886667
0.988828,19.320000,17.813332
0.989230,19.333334,18.020000
0.989631,19.313334,17.953333
0.990032,19.326666,17.980000
0.990433,19.340000,17.993332
0.990834,19.353334,17.993332
0.991235,19.353334,17.980000
0.991636,19.340000,17.973333
0.992038,19.459999,18.013332
0.992440,19.379999,17.973333
0.992841,19.400000,18.020000
0.993245,19.386665,18.020000
0.993647,19.426666,18.006666
0.994049,19.413332,18.040001
0.994450,19.426666,18.020000
0.994851,19.446667,18.026667
0.995252,19.453333,18.026667
0.995653,19.413332,18.046667
0.996054,19.439999,18.020000
0.996455,19.426666,18.146666
0.996857,19.453333,18.026667
0.997258,19.466667,18.033333
0.997660,19.453333,18.026667
0.998061,19.486668,18.066666
0.998463,19.480000,18.086666
0.998865,19.466667,18.106667
0.999266,19.506666,18.086666
0.999667,19.500000,18.113333
1.000068,19.486668,18.113333
1.000469,19.493334,18.099998
1.000870,19.533333,18.119999
1.001272,19.539999,18.126667
1.001673,19.533333,18.086666
1.002075,19.513332,18.033333
1.002477,19.559999,18.139999
1.002878,19.539999,18.126667
1.003279,19.513332,18.180000
1.003680,19.546665,18.146666
1.004081,19.553333,18.180000
1.004482,19.559999,18.213333
1.004883,19.593332,18.246666
1.005285,19.586666,18.186666
1.005687,19.606667,18.139999
1.006088,19.659998,18.160000
1.006489,19.686666,18.193333
1.006890,19.620001,18.213333
1.007292,19.633333,18.199999
1.007693,19.606667,18.206665
1.008094,19.613333,18.126667
1.008495,19.633333,18.226665
1.008896,19.693333,18.213333
1.009298,19.659998,18.186666
1.009699,19.679998,18.206665
1.010100,19.666666,18.146666
1.010501,19.673332,18.273333
1.010902,19.673332,18.253332
1.011304,19.666666,18.233332
1.011706,19.653332,18.266666
1.012107,19.666666,18.253332
1.012509,19.653332,18.086666
1.012911,19.646666,18.320000
1.013312,19.673332,18.273333
1.013713,19.553333,18.293333
1.014114,19.679998,18.186666
1.014515,19.713333,18.233332
1.014916,19.693333,18.273333
1.015318,19.766666,18.286667
1.015719,19.699999,18.286667
1.016121,19.699999,18.273333
1.016523,19.693333,18.273333
1.016924,19.733334,18.273333
1.017325,19.699999,18.280001
1.017726,19.760000,18.286667
1.018128,19.719999,18.326666
1.018529,19.679998,18.186666
1.018931,19.646666,18.280001
1.019332,19.740000,18.333332
1.019733,19.733334,18.180000
1.020135,19.733334,18.326666
1.020537,19.740000,18.320000
1.020938,19.746666,18.286667
1.021340,19.733334,18.346666
1.021741,19.746666,18.299999
1.022142,19.786665,18.339998
1.022543,19.766666,18.373333
1.022945,19.746666,18.306667
1.023347,19.746666,18.353333
1.023748,19.773333,18.346666
1.024149,19.786665,18.333332
1.024551,19.786665,18.346666
1.024952,19.786665,18.346666
1.025353,19.746666,18.379999
1.025754,19.793333,18.359999
1.026155,19.793333,18.273333
1.026557,19.806665,18.393333
1.026958,19.799999,18.420000
1.027360,19.820000,18.366667
1.027762,19.726667,18.379999
1.028163,19.793333,18.353333
1.028564,19.760000,18.346666
1.028965,19.799999,18.379999
1.029367,19.793333,18.373333
1.029768,19.840000,18.379999
1.030169,19.826666,18.400000
1.030571,19.886667,18.393333
1.030972,19.833332,18.266666
1.031374,19.806665,18.400000
1.031775,19.813332,18.379999
1.032176,19.813332,18.426666
1.032577,19.826666,18.366667
1.032978,19.806665,18.353333
1.033380,19.820000,18.359999
1.033781,19.833332,18.366667
1.034182,19.799999,18.393333
1.034583,19.813332,18.333332
1.034984,19.846666,18.253332
1.035385,19.833332,18.400000
1.035786,19.840000,18.406666
1.036188,19.813332,18.400000
1.036589,19.893333,18.453333
1.036990,19.779999,18.400000
1.037392,19.813332,18.533333
1.037794,19.799999,18.400000
1.038195,19.826666,18.379999
1.038596,19.826666,18.373333
1.038997,19.826666,18.513332
1.039398,19.833332,18.286667
1.039799,19.840000,18.400000
1.040200,19.799999,18.400000
1.040601,19.833332,18.400000
1.041002,19.860001,18.400000
1.041403,19.840000,18.400000
1.041804,19.806665,18.400000
1.042205,19.833332,18.446667
1.042606,19.840000,18.393333
1.043007,19.813332,18.400000
1.043409,19.733334,18.313334
1.043811,19.826666,18.353333
1.044212,19.886667,18.400000
1.044614,19.840000,18.400000
1.045016,19.820000,18.413334
1.045417,19.833332,18.393333
1.045818,19.826666,18.400000
1.046220,19.833332,18.400000
1.046622,19.840000,18.440001
1.047024,19.846666,18.346666
1.047426,19.966665,18.400000
1.047828,19.906666,18.420000
1.048229,19.860001,18.366667
1.048631,19.820000,18.393333
1.049032,19.833332,18.400000
1.049433,19.826666,18.253332
1.049835,19.806665,18.006666
1.050236,19.820000,18.359999
1.050637,19.799999,18.379999
1.051038,19.820000,18.373333
1.051439,19.746666,18.379999
1.051841,19.806665,18.373333
1.052245,19.833332,18.386665
1.052647,19.826666,18.406666
1.053048,19.826666,18.400000
1.053449,19.813332,18.393333
1.053850,19.833332,18.386665
1.054251,19.799999,18.393333
1.054652,19.840000,18.400000
1.055053,19.866667,18.373333
1.055454,19.773333,18.379999
1.055855,19.760000,18.379999
1.056257,19.826666,18.273333
1.056658,19.786665,18.346666
1.057059,19.786665,18.353333
1.057461,19.793333,18.359999
1.057863,20.026667,18.359999
1.058264,19.779999,18.346666
1.058665,19.760000,18.333332
1.059066,19.746666,18.373333
1.059468,19.766666,18.379999
1.059869,19.806665,18.359999
1.060271,19.766666,18.379999
1.060672,19.613333,18.273333
1.061073,19.733334,18.346666
1.061475,19.746666,18.346666
1.061876,19.726667,18.326666
1.062278,19.766666,18.753332
1.062679,19.766666,18.333332
1.063080,19.666666,18.400000
1.063482,19.719999,18.293333
1.063883,19.793333,18.293333
1.064285,19.719999,18.400000
1.064687,19.740000,18.313334
1.065088,19.719999,18.313334
1.065489,19.740000,18.306667
1.065890,19.773333,18.313334
1.066292,19.726667,18.286667
1.066694,19.806665,18.286667
1.067095,19.713333,18.306667
1.067497,19.740000,18.313334
1.067898,19.693333,18.280001
1.068299,19.699999,18.273333
1.068700,19.646666,18.379999
1.069101,19.646666,18.266666
1.069502,19.719999,18.286667
1.069904,19.686666,18.273333
1.070305,19.713333,18.233332
1.070706,19.686666,18.273333
1.071108,19.679998,18.273333
1.071509,19.666666,18.233332
1.071910,19.806665,18.333332
1.072311,19.653332,18.233332
1.072712,19.679998,18.273333
1.073114,19.633333,18.246666
1.073516,19.639999,18.240000
1.073917,19.646666,18.219999
1.074319,19.666666,18.240000
1.074720,19.639999,18.273333
1.075121,19.633333,18.213333
1.075522,19.633333,18.226665
1.075923,19.626667,18.193333
1.076325,19.500000,18.119999
1.076727,19.539999,18.199999
1.077129,19.626667,18.199999
1.077531,19.606667,18.106667
1.077932,19.553333,18.153334
1.078333,19.586666,18.193333
1.078734,19.600000,18.139999
1.079136,19.586666,18.173334
1.079537,19.573334,18.180000
1.079939,19.606667,18.286667
1.080340,19.393332,18.146666
1.080741,19.519999,18.160000
1.081143,19.573334,18.173334
1.081545,19.559999,18.180000
1.081947,19.553333,18.146666
1.082348,19.459999,18.139999
1.082750,19.526665,18.086666
1.083151,19.506666,18.046667
1.083553,19.533333,18.146666
1.083955,19.500000,18.126667
1.084357,19.526665,18.146666
1.084758,19.480000,18.166666
1.085160,19.446667,18.126667
1.085562,19.459999,18.086666
1.085963,19.539999,18.079998
1.086364,19.466667,18.093332
1.086765,19.466667,18.066666
1.087166,19.446667,18.079998
1.087567,19.513332,18.066666
1.087968,19.439999,18.079998
1.088370,19.433332,18.193333
1.088771,19.493334,18.053333
1.089172,19.413332,18.086666
1.089574,19.413332,18.053333
1.089975,19.486668,18.046667
1.090377,19.406666,18.046667
1.090778,19.400000,18.020000
1.091179,19.386665,18.013332
1.091581,19.373333,18.000000
1.091983,19.373333,18.006666
1.092385,19.366667,17.993332
1.092786,19.366667,18.006666
1.093188,19.333334,18.099998
1.093590,19.353334,17.946665
1.093992,19.333334,17.980000
1.094394,19.313334,17.993332
1.094795,19.333334,17.973333
1.095196,19.320000,18.020000
1.095599,19.313334,17.946665
1.096000,19.299999,17.893333
1.096402,19.320000,17.939999
1.096803,19.273333,17.913334
1.097204,19.306665,17.926666
1.097606,19.353334,17.886667
1.098008,19.266666,17.893333
1.098409,19.259998,17.893333
1.098811,19.259998,17.906668
1.099212,19.233334,17.879999
1.099613,19.226667,17.799999
1.100014,19.219999,17.859999
1.100415,19.213333,17.873333
1.100816,19.193333,17.826666
1.101217,19.219999,17.833332
1.101619,19.180000,17.813332
1.102020,19.166666,17.780001
1.102422,19.193333,17.826666
1.102823,19.119999,17.826666
1.103225,19.186666,17.799999
1.103627,19.360001,17.793333
1.104029,19.139999,17.799999
1.104430,19.139999,17.766666
1.104831,19.139999,17.780001
1.105233,19.133331,17.773333
1.105635,19.106667,17.846666
1.106036,19.073334,17.746666
1.106437,19.086666,17.746666
1.106839,19.013332,17.713333
1.107244,19.073334,17.740000
1.107645,19.053333,17.699999
1.108046,19.053333,17.686666
1.108448,19.039999,17.686666
1.108849,19.039999,17.673332
1.109251,19.006666,17.699999
1.109652,19.039999,17.699999
1.110054,19.013332,17.653334
1.110456,19.006666,17.686666
1.110857,18.993332,17.639999
1.111258,18.986666,17.626667
1.111659,18.960001,17.619999
1.112060,18.960001,17.613333
1.112461,18.953333,17.613333
1.112862,18.853333,17.586666
1.113264,18.980000,17.613333
1.113665,18.926666,17.613333
1.114066,18.913332,17.606667
1.114467,18.886665,17.373333
1.114868,18.906666,17.593332
1.115270,18.873333,17.539999
1.115671,18.879999,17.533333
1.116072,18.873333,17.533333
1.116474,18.866665,17.539999
1.116875,18.846666,17.520000
1.117277,19.039999,17.480000
1.117678,18.846666,17.419998
1.118079,18.873333,17.473333
1.118481,18.799999,17.473333
1.118882,18.793333,17.446667
1.119284,18.773333,17.500000
1.119685,18.766666,17.380001
1.120087,18.706667,17.406666
1.120489,18.779999,17.406666
1.120890,18.753332,17.406666
1.121292,18.740000,17.433332
1.121693,18.726665,17.406666
1.122094,18.706667,17.433332
1.122495,18.719999,17.333332
1.122896,18.653334,17.366667
1.123298,18.700001,17.333332
1.123700,18.646666,17.333332
1.124101,18.646666,17.333332
1.124502,18.593332,17.306665
1.124903,18.613333,17.313332
1.125305,18.573334,17.293333
1.125707,18.586666,17.279999
1.126108,18.619999,17.293333
1.126509,18.573334,17.373333
1.126910,18.513332,17.346666
1.127311,18.546667,17.266666
1.127712,18.526667,17.199999
1.128113,18.506666,17.206667
1.128514,18.493332,17.240000
1.128915,18.513332,17.206667
1.129317,18.480000,17.166666
1.129719,18.539999,17.159998
1.130120,18.453333,17.139999
1.130522,18.440001,17.186666
1.130923,18.400000,17.146666
1.131325,18.413334,17.126667
1.131726,18.413334,17.126667
1.132128,18.406666,17.106667
1.132529,18.393333,17.073334
1.132930,18.400000,17.039999
1.133332,18.386665,17.073334
1.133733,18.353333,17.093332
1.134135,18.353333,17.179998
1.134536,18.339998,17.026665
1.134938,18.333332,17.013332
1.135339,18.326666,16.959999
1.135740,18.246666,17.026665
1.136141,18.260000,16.939999
1.136542,18.273333,16.946667
1.136944,18.266666,16.939999
1.137345,18.240000,16.953333
1.137746,18.246666,16.959999
1.138147,18.266666,16.920000
1.138548,18.199999,16.906666
1.138950,18.193333,16.906666
1.139351,18.160000,16.906666
1.139753,18.166666,16.886665
1.140154,18.160000,16.886665
1.140555,18.166666,16.879999
1.140957,18.139999,16.866667
1.141360,18.113333,16.860001
1.141761,18.113333,16.846666
1.142163,18.079998,16.826666
1.142565,18.086666,16.820000
1.142966,18.059999,16.793333
1.143367,18.026667,16.786665
1.143768,18.066666,16.786665
1.144169,18.026667,16.799999
1.144571,18.020000,16.786665
1.144972,17.946665,16.740000
1.145373,17.993332,16.733334
1.145774,17.973333,16.733334
1.146175,17.926666,16.713333
1.146576,18.059999,16.733334
1.146977,17.913334,16.660000
1.147379,18.013332,16.660000
1.147780,17.886667,16.653332
1.148182,17.886667,16.619999
1.148583,17.886667,16.619999
1.148984,17.873333,16.600000
1.149385,17.873333,16.593334
1.149786,17.866667,16.613333
1.150188,17.826666,16.559999
1.150589,17.773333,16.519999
1.150990,17.773333,16.559999
1.151391,17.780001,16.559999
1.151793,17.760000,16.526667
1.152194,17.740000,16.453333
1.152595,17.746666,16.486666
1.152996,17.633333,16.473333
1.153398,17.719999,16.433332
1.153799,17.706665,16.426666
1.154200,17.679998,16.420000
1.154602,17.713333,16.420000
1.155003,17.646667,16.446667
1.155405,17.600000,16.446667
1.155806,17.719999,16.346666
1.156208,17.613333,16.326666
1.156609,17.566666,16.279999
1.157011,17.566666,16.333334
1.157413,17.533333,16.273333
1.157814,17.459999,16.279999
1.158216,17.526667,16.366665
1.158617,17.459999,16.253332
1.159018,17.480000,16.193333
1.159419,17.466665,16.219999
1.159820,17.446667,16.219999
1.160221,17.453333,16.186666
1.160622,17.433332,16.126665
1.161025,17.433332,16.119999
1.161427,17.360001,16.113333
1.161828,17.400000,16.119999
1.162229,17.353333,16.006666
1.162631,17.400000,16.106665
1.163032,17.333332,16.080000
1.163433,17.386667,16.059999
1.163834,17.260000,16.113333
1.164235,17.273333,15.860000
1.164636,17.293333,15.993333
1.165037,17.266666,15.986667
1.165439,17.199999,15.953332
1.165841,17.233334,15.946666
1.166244,17.199999,15.926666
1.166646,17.186666,15.906666
1.167048,17.179998,15.893333
1.167449,17.173332,15.933333
1.167850,17.173332,15.866667
1.168251,17.166666,15.826667
1.168652,17.146666,15.773333
1.169053,17.100000,15.799999
1.169454,17.120001,15.826667
1.169855,17.059999,15.760000
1.170257,17.039999,15.746666
1.170658,17.100000,15.686666
1.171059,16.973333,15.753332
1.171460,16.939999,15.653334
1.171861,16.939999,15.720000
1.172263,16.966667,15.686666
1.172664,17.006666,15.780001
1.173066,16.926666,15.660000
1.173468,16.926666,15.606667
1.173870,16.913332,15.606667
1.174271,16.920000,15.606667
1.174672,16.926666,15.573333
1.175074,16.866667,15.553332
1.175475,16.879999,15.553332
1.175876,16.873333,15.533333
1.176278,16.873333,15.480000
1.176679,16.806665,15.480000
1.177081,16.820000,15.413333
1.177482,16.806665,15.493332
1.177884,16.779999,15.119999
1.178285,16.759998,15.386667
1.178686,16.746666,15.393333
1.179088,16.633331,15.379999
1.179489,16.700001,15.386667
1.179892,16.686666,15.306666
1.180293,16.706667,15.300000
1.180696,16.713333,15.446666
1.181097,16.639999,15.273333
1.181499,16.646666,15.273333
1.181900,16.593334,15.260000
1.182301,16.493332,15.206666
1.182704,16.539999,15.219999
1.183105,16.519999,15.219999
1.183507,16.513332,15.186667
1.183908,16.466667,15.133333
1.184310,16.453333,15.159999
1.184713,16.400000,15.100000
1.185114,16.460001,15.100000
1.185515,16.539999,15.119999
1.185917,16.333334,14.953333
1.186319,16.413332,15.086666
1.186720,16.366665,14.953333
1.187122,16.333334,14.953333
1.187524,16.259998,15.073333
1.187925,16.219999,14.946667
1.188326,16.119999,15.226665
1.188727,16.240000,14.926667
1.189128,16.233332,14.860001
1.189529,16.200001,14.906667
1.189930,16.180000,14.873333
1.190332,16.139999,14.860001
1.190733,16.126665,14.813333
1.191135,16.113333,14.873333
1.191536,16.093332,14.786666
1.191939,16.073334,14.786666
1.192340,16.066668,14.719999
1.192741,16.013332,14.706667
1.193143,16.020000,14.693333
1.193545,16.000000,14.659999
1.193947,15.946666,14.693333
1.194348,15.953332,14.633332
1.194749,15.946666,14.633332
1.195150,15.819999,14.600000
1.195551,15.920000,14.586666
1.195952,15.853333,14.553333
1.196353,15.860000,14.540000
1.196754,15.860000,14.540000
1.197156,15.786667,14.493333
1.197557,15.860000,14.459999
1.197960,15.746666,14.420000
1.198362,15.706666,14.426666
1.198764,15.720000,14.426666
1.199165,15.713334,14.420000
1.199566,15.673333,14.360000
1.199968,15.660000,14.366666
1.200369,15.626667,14.320000
1.200770,15.599999,14.306665
1.201172,15.586667,14.280000
1.201573,15.573333,14.313334
1.201975,15.520000,14.286666
1.202377,15.500000,14.253333
1.202778,15.526667,14.239999
1.203179,15.480000,14.200001
1.203581,15.453334,14.200001
1.203982,15.486666,14.173332
1.204384,15.320001,14.239999
1.204785,15.340000,14.173332
1.205186,15.366667,14.113334
1.205588,15.346666,14.073334
1.205989,15.440000,14.086666
1.206390,15.306666,14.113334
1.206791,15.293332,14.046667
1.207193,15.260000,13.993333
1.207594,15.246666,13.993333
1.207995,15.226665,13.986667
1.208397,15.226665,14.020000
1.208798,15.159999,13.926666
1.209200,15.206666,13.920000
1.209602,15.173333,13.900000
1.210003,15.106667,13.893333
1.210405,15.093332,13.873334
1.210806,15.086666,13.860000
1.211208,14.953333,13.813334
1.211610,15.206666,13.773333
1.212011,14.906667,13.826666
1.212412,14.940000,13.799999
1.212815,14.940000,13.740001
1.213217,14.913333,13.753333
1.213618,14.873333,13.673334
1.214021,15.006666,13.653334
1.214422,14.853333,13.813334
1.214823,14.860001,13.653334
1.215225,14.826666,13.620000
1.215627,14.813333,13.573333
1.216028,14.773334,13.593333
1.216430,14.746666,13.573333
1.216832,14.693333,13.486667
1.217233,14.659999,13.500000
1.217635,14.666667,13.553333
1.218036,14.626666,13.420000
1.218438,14.640000,13.466666
1.218839,14.620000,13.460000
1.219245,14.593332,13.440000
1.219646,14.513333,13.379999
1.220047,14.533334,13.406666
1.220448,14.540000,13.353333
1.220851,14.493333,13.346667
1.221252,14.499999,13.433333
1.221653,14.453333,13.313333
1.222054,14.433332,13.240000
1.222456,14.406667,13.306666
1.222857,14.406667,13.253333
1.223258,14.353333,13.266666
1.223659,14.346666,13.206666
1.224060,14.320000,13.166667
1.224461,14.306665,13.193333
1.224862,14.286666,13.120000
1.225264,14.219999,13.126666
1.225665,14.046667,13.020000
1.226066,14.226666,13.066667
1.226467,14.180000,13.046666
1.226868,14.173332,12.960000
1.227270,14.160000,13.013333
1.227671,14.099999,12.946667
1.228072,14.066666,12.940000
1.228473,14.059999,12.926666
1.228874,14.033333,12.946667
1.229277,14.033333,12.873333
1.229678,13.993333,12.980000
1.230079,13.966666,12.880000
1.230481,13.906666,12.853333
1.230883,13.946667,12.893333
1.231285,13.913332,12.780000
1.231686,13.886666,12.780000
1.232087,13.820000,12.733333
1.232488,13.839999,12.713333
1.232889,13.753333,12.700000
1.233291,13.799999,12.673333
1.233693,13.779999,12.613333
1.234095,13.726666,12.613333
1.234497,13.686666,12.553333
1.234898,13.693333,12.580000
1.235299,13.653334,12.593333
1.235700,13.639999,12.533333
1.236101,13.639999,12.513333
1.236502,13.740001,12.513333
1.236904,13.579999,12.493333
1.237305,13.573333,12.513333
1.237708,13.559999,12.433333
1.238109,13.473332,12.380000
1.238510,13.639999,12.420000
1.238911,13.460000,12.393332
1.239313,13.426666,12.326666
1.239714,13.386665,12.126666
1.240116,13.346667,12.246667
1.240518,13.353333,12.273333
1.240919,13.346667,12.273333
1.241320,13.306666,12.240000
1.241721,13.293333,12.246667
1.242123,13.233334,12.193333
1.242524,13.259999,12.126666
1.242925,13.233334,12.139999
1.243327,13.146667,12.093333
1.243730,13.146667,12.066666
1.244131,13.213333,12.126666
1.244533,13.126666,11.966666
1.244934,13.106667,11.986667
1.245335,13.059999,11.999999
1.245736,13.066667,11.966666
1.246138,13.040000,11.900000
1.246539,13.113333,11.906667
1.246941,12.953333,11.893333
1.247342,12.919999,11.920000
1.247743,12.946667,11.840000
1.248144,12.919999,11.813333
1.248545,12.893333,11.820000
1.248946,12.840000,11.753333
1.249348,12.833333,11.773334
1.249751,12.793333,11.726666
1.250152,12.873333,11.726666
1.250553,12.746666,11.746666
1.250954,12.753333,11.693333
1.251357,12.753333,11.713333
1.251758,12.686666,11.660000
1.252159,12.673333,11.633333
1.252560,12.733333,11.533333
1.252963,12.633333,11.539999
1.253365,12.599999,11.539999
1.253766,12.580000,11.500000
1.254168,12.580000,11.539999
1.254569,12.526666,11.400000
1.254970,12.406666,11.426666
1.255371,12.453333,11.426666
1.255772,12.500000,11.406666
1.256174,12.420000,11.366667
1.256576,12.433333,11.366667
1.256977,12.266666,11.320000
1.257379,12.353333,11.320000
1.257781,12.339999,11.273333
1.258182,12.306666,11.260000
1.258583,12.286667,11.246667
1.258984,12.259999,11.193334
1.259386,12.233334,11.200000
1.259787,12.193333,11.180000
1.260188,12.200000,11.193334
1.260589,12.113334,11.113334
1.260990,12.086666,11.153333
1.261392,12.080000,11.113334
1.261795,12.040000,11.079999
1.262197,12.033333,11.033333
1.262598,11.993333,10.993334
1.263001,11.966666,10.853333
1.263402,11.946667,10.933333
1.263803,11.946667,10.920000
1.264205,11.946667,10.879999
1.264607,11.886666,10.879999
1.265008,11.873333,10.900000
1.265409,11.833333,10.840000
1.265810,11.840000,10.840000
1.266212,11.793333,10.833333
1.266613,11.760000,10.773334
1.267014,11.733333,10.746666
1.267416,11.626666,10.746666
1.267817,11.679999,10.726666
1.268218,11.693333,10.720000
1.268619,11.679999,10.666667
1.269020,11.626666,10.639999
1.269421,11.606667,10.666667
1.269823,11.566667,10.593333
1.270225,11.539999,10.593333
1.270627,11.520000,10.566667
1.271028,11.500000,10.566667
1.271429,11.460000,10.493333
1.271832,11.446667,10.493333
1.272233,11.413333,10.493333
1.272635,11.393333,10.406667
1.273037,11.380000,10.419999
1.273439,11.339999,10.413333
1.273841,11.306666,10.380000
1.274245,11.300000,10.353333
1.274647,11.273333,10.326667
1.275048,11.219999,10.320000
1.275450,11.200000,10.286666
1.275852,11.186666,10.200000
1.276253,11.166666,10.273334
1.276654,11.120000,10.213333
1.277056,11.073333,10.173333
1.277458,11.086666,10.173333
1.277859,11.086666,10.140000
1.278260,11.033333,10.179999
1.278663,11.026667,10.053333
1.279065,10.920000,10.086666
1.279467,10.986667,9.993333
1.279868,10.953333,10.040000
1.280270,10.940000,9.966666
1.280671,10.993334,9.980000
1.281072,10.853333,9.959999
1.281474,10.840000,9.920000
1.281875,10.826666,9.893332
1.282277,10.793333,9.833333
1.282678,10.806666,9.866667
1.283079,10.746666,9.806666
1.283480,10.706666,9.740000
1.283883,10.686666,9.793333
1.284285,10.673333,9.733334
1.284687,10.600000,9.740000
1.285089,10.639999,9.713333
1.285491,10.626666,9.626666
1.285892,10.559999,9.673333
1.286293,10.553332,9.653333
1.286694,10.520000,9.626666
1.287095,10.553332,9.586666
1.287496,10.473333,9.553333
1.287897,10.406667,9.533333
1.288299,10.446667,9.526667
1.288700,10.393333,9.600000
1.289102,10.400000,9.460000
1.289503,10.393333,9.499999
1.289904,10.320000,9.446667
1.290305,10.320000,9.346666
1.290706,10.306666,9.346666
1.291107,10.246666,9.320000
1.291513,10.233333,9.306666
1.291914,10.206667,9.286667
1.292315,10.133333,9.273334
1.292716,10.146667,9.253333
1.293117,10.093333,9.246666
1.293518,10.120000,9.193333
1.293919,10.113333,9.173333
1.294320,10.099999,9.173333
1.294721,10.053333,9.153334
1.295122,10.006667,9.126666
1.295523,9.986667,9.093333
1.295924,9.953333,9.080000
1.296326,9.980000,9.033333
1.296727,10.006667,9.046666
1.297128,9.813334,9.000000
1.297529,9.813334,8.993333
1.297930,9.813334,8.926666
1.298332,9.793333,8.926666
1.298733,9.793333,8.866667
1.299135,9.773333,8.860000
1.299537,9.740000,8.853333
1.299938,9.666667,8.833333
1.300339,9.680000,8.806666
1.300742,9.653333,8.800000
1.301143,9.633333,8.740000
1.301545,9.680000,8.566667
1.301946,9.593333,8.706666
1.302347,9.626666,8.646667
1.302748,9.520000,8.666666
1.303150,9.499999,8.620000
1.303551,9.313333,8.620000
1.303953,9.559999,8.579999
1.304354,9.346666,8.553333
1.304755,9.406667,8.553333
1.305156,9.346666,8.486667
1.305557,9.320000,8.493334
1.305960,9.360000,8.426667
1.306362,9.273334,8.473333
1.306763,9.266666,8.466666
1.307165,9.246666,8.393332
1.307567,9.206667,8.360000
1.307969,9.160000,8.360000
1.308371,9.146667,8.333333
1.308772,9.146667,8.166667
1.309174,9.106667,8.400000
1.309575,9.086667,8.300000
1.309977,9.113333,8.233334
1.310378,9.026667,8.240000
1.310779,9.066667,8.206666
1.311181,8.986667,8.200000
1.311582,8.960000,8.200000
1.311985,8.940000,8.133333
1.312387,8.913333,7.993333
1.312790,8.880000,8.053332
1.313191,8.880000,8.106667
1.313593,8.839999,8.013333
1.313995,8.806666,8.006666
1.314396,8.686666,7.966667
1.314797,8.746667,7.966667
1.315198,8.733333,7.926667
1.315600,8.726666,7.933333
1.316001,8.666666,7.873333
1.316403,8.866667,7.920000
1.316804,8.646667,7.866666
1.317205,8.579999,7.793334
1.317607,8.660000,7.806666
1.318008,8.566667,7.780000
1.318410,8.560000,7.780000
1.318811,8.506666,7.780000
1.319212,8.540000,7.700000
1.319614,8.466666,7.740000
1.320016,8.393332,7.673333
1.320418,8.426667,7.633333
1.320819,8.393332,7.620000
1.321222,8.266666,7.586667
1.321623,8.373333,7.540000
1.322024,8.346666,7.540000
1.322426,8.273334,7.553333
1.322829,8.273334,7.500000
1.323231,8.213333,7.486667
1.323632,8.213333,7.460000
1.324034,8.193333,7.413333
1.324437,8.166667,6.980000
1.324838,8.120000,7.373333
1.325239,8.106667,7.340000
1.325641,8.073333,7.333333
1.326042,8.040000,7.333333
1.326444,7.953333,7.293333
1.326845,8.026667,7.273333
1.327246,7.973333,7.166667
1.327647,7.953333,7.166667
1.328048,7.906666,7.253334
1.328449,7.893333,7.166667
1.328850,7.846667,7.160000
1.329251,7.853333,7.146667
1.329652,7.846667,7.100000
1.330053,7.826667,7.166667
1.330454,7.880000,7.080000
1.330855,7.786666,7.020000
1.331257,7.760000,7.026667
1.331658,7.713333,7.013333
1.332059,7.693334,7.020000
1.332461,7.613333,6.920000
1.332862,7.679999,6.906667
1.333264,7.600000,6.893333
1.333665,7.620000,6.893333
1.334067,7.559999,6.840000
1.334468,7.540000,6.846666
1.334869,7.466667,6.813333
1.335271,7.500000,6.766666
1.335672,7.486667,6.813333
1.336073,7.453333,6.640000
1.336474,7.426666,6.713333
1.336875,7.406666,6.713333
1.337277,7.326666,6.680000
1.337678,7.333333,6.500000
1.338079,7.306666,6.640000
1.338481,7.286667,6.626667
1.338882,7.280000,6.640000
1.339284,7.260000,6.546667
1.339686,7.226666,6.506667
1.340087,7.173333,6.473333
1.340489,7.180000,6.466667
1.340891,7.160000,6.460000
1.341292,7.146667,6.453333
1.341693,7.093333,6.406667
1.342094,7.033333,6.386667
1.342495,7.060000,6.366666
1.342896,7.046667,6.373333
1.343298,6.993333,6.286667
1.343699,6.986666,6.280000
1.344100,6.986666,6.286667
1.344501,6.926667,6.253334
1.344902,6.933333,6.286667
1.345304,6.893333,6.253334
1.345705,6.840000,6.153333
1.346106,6.853333,6.153333
1.346512,6.893333,6.040000
1.346913,6.786666,6.126667
1.347315,6.780000,6.100000
1.347717,6.753333,6.100000
1.348118,6.733333,6.060000
1.348520,6.726666,6.033333
1.348921,6.666667,5.973333
1.349322,6.646667,5.953333
1.349723,6.653333,5.966666
1.350124,6.566667,5.966666
1.350526,6.613333,5.926667
1.350927,6.460000,5.900000
1.351328,6.520000,5.880000
1.351729,6.480000,5.860000
1.352130,6.440000,5.793334
1.352531,6.446667,5.860000
1.352932,6.400000,5.800000
1.353334,6.420000,5.766666
1.353735,6.360000,5.646667
1.354137,6.373333,5.766666
1.354538,6.306666,5.653333
1.354939,6.273333,5.560000
1.355340,6.260000,5.640000
1.355741,6.213333,5.620000
1.356142,6.253334,5.613333
1.356543,6.206666,5.593333
1.356944,6.193333,5.580000
1.357346,6.146667,5.539999
1.357748,6.133333,5.533333
1.358149,6.120000,5.500000
1.358550,6.113333,5.500000
1.358953,6.040000,5.440000
1.359354,6.026667,5.413333
1.359757,5.960000,5.413333
1.360159,5.980000,5.420000
1.360560,5.986667,5.613333
1.360961,5.966666,5.413333
1.361362,5.940000,5.333333
1.361765,5.900000,5.320000
1.362167,5.900000,5.273333
1.362568,5.820000,5.286666
1.362969,5.853333,5.213333
1.363371,5.700000,5.253333
1.363774,5.813333,5.226666
1.364176,5.853333,5.180000
1.364577,5.753333,5.166667
1.364978,5.760000,5.126667
1.365380,5.706666,5.120000
1.365781,5.700000,5.060000
1.366182,5.673333,5.093333
1.366583,5.633333,5.093333
1.366984,5.606667,4.973333
1.367386,5.600000,5.093333
1.367787,5.593333,5.053333
1.368189,5.573333,5.006667
1.368590,5.426667,5.026667
1.368991,5.526667,4.900000
1.369392,5.500000,4.926667
1.369793,5.453333,4.886666
1.370194,5.420000,4.873333
1.370595,5.413333,4.880000
1.370996,5.386667,4.880000
1.371398,5.366667,4.833333
1.371801,5.360000,4.793333
1.372203,5.213333,4.746666
1.372604,5.273333,4.746666
1.373005,5.273333,4.726666
1.373407,5.260000,4.706666
1.373808,5.233334,4.686666
1.374209,5.226666,4.680000
1.374610,5.180000,4.753333
1.375011,5.180000,4.660000
1.375412,5.173333,4.606667
1.375813,5.060000,4.553333
1.376215,5.106667,4.553333
1.376616,5.193333,4.593333
1.377017,5.060000,4.440000
1.377418,5.053333,4.540000
1.377819,5.040000,4.473333
1.378220,4.980000,4.446667
1.378621,4.966667,4.453333
1.379022,4.953333,4.440000
1.379423,4.966667,4.446667
1.379825,4.900000,4.373333
1.380227,4.960000,4.366666
1.380629,4.800000,4.333333
1.381030,4.880000,4.333333
1.381431,4.866667,4.340000
1.381832,4.793333,4.360000
1.382233,4.786666,4.306667
1.382634,4.780000,4.186666
1.383035,4.760000,4.233333
1.383436,4.713333,4.193333
1.383837,4.686666,4.186666
1.384239,4.633333,4.200000
1.384641,4.666667,4.280000
1.385042,4.633333,4.146667
1.385443,4.653333,4.113333
1.385844,4.580000,4.093333
1.386245,4.560000,4.100000
1.386646,4.566667,4.086667
1.387048,4.533333,4.026666
1.387450,4.533333,4.020000
1.387851,4.466667,4.053333
1.388252,4.420000,4.000000
1.388653,4.460000,4.020000
1.389054,4.386666,3.980000
1.389456,4.466667,3.926666
1.389857,4.380000,3.926666
1.390258,4.366666,3.873333
1.390659,4.353333,3.873333
1.391060,4.340000,3.866667
1.391461,4.333333,3.833333
1.391862,4.326666,3.813334
1.392264,4.253333,3.820000
1.392665,4.280000,3.746666
1.393066,4.220000,3.746666
1.393468,4.233333,3.733333
1.393869,4.200000,3.713333
1.394271,4.186666,3.686666
1.394672,4.180000,3.660000
1.395075,4.140000,3.626667
1.395476,4.340000,3.646667
1.395877,4.113333,3.620000
1.396278,4.080000,3.560000
1.396679,4.073333,3.520000
1.397080,3.966667,3.540000
1.397481,4.073333,3.460000
1.397884,4.020000,3.526666
1.398285,4.006667,3.486667
1.398686,3.953333,3.566667
1.399089,3.946667,3.540000
1.399490,3.913333,3.393333
1.399892,3.880000,3.473333
1.400293,3.873333,3.406667
1.400694,3.786667,3.386667
1.401095,3.866667,3.393333
1.401497,3.786667,3.406667
1.401898,3.833333,3.333333
1.402299,3.820000,3.326667
1.402700,3.700000,3.306667
1.403102,3.746666,3.313333
1.403503,3.713333,3.286667
1.403906,3.680000,3.260000
1.404307,3.666667,3.346666
1.404710,3.673333,3.273333
1.405111,3.653333,3.206667
1.405512,3.620000,3.140000
1.405913,3.593333,3.173333
1.406315,3.526666,3.133333
1.406718,3.566667,3.153333
1.407120,3.533333,3.133333
1.407522,3.513333,3.093333
1.407923,3.513333,3.080000
1.408325,3.506667,3.060000
1.408726,3.526666,3.053333
1.409128,3.433333,3.040000
1.409529,3.433333,3.046667
1.409930,3.386667,2.993333
1.410332,3.393333,3.013333
1.410734,3.366667,2.960000
1.411135,3.353333,2.760000
1.411536,3.413333,2.913333
1.411937,3.313333,2.906667
1.412339,3.313333,2.886667
1.412741,3.480000,2.906667
1.413142,3.273333,2.786667
1.413543,3.280000,2.860000
1.413946,3.240000,2.846667
1.414348,3.226667,2.800000
1.414750,3.200000,2.800000
1.415151,3.173333,2.793333
1.415552,3.106667,2.780000
1.415953,3.146667,2.760000
1.416355,3.126667,2.726667
1.416756,3.086667,2.726667
1.417157,3.100000,2.673333
1.417558,3.066667,2.673333
1.417959,3.020000,2.706666
1.418360,3.033333,2.673333
1.418763,2.993333,2.626667
1.419164,3.013333,2.646667
1.419565,2.980000,2.613333
1.419966,3.013333,2.606667
1.420367,2.953333,2.593333
1.420768,2.906667,2.580000
1.421169,2.940000,2.560000
1.421571,2.906667,2.520000
1.421973,2.846667,2.506666
1.422374,2.853333,2.493333
1.422775,2.860000,2.506666
1.423177,2.780000,2.453333
1.423579,2.966666,2.433333
1.423982,2.800000,2.433333
1.424384,2.786667,2.400000
1.424786,2.780000,2.380000
1.425187,2.766667,2.386667
1.425589,2.760000,2.366667
1.425990,2.733333,2.353333
1.426392,2.720000,2.373333
1.426793,2.700000,2.326667
1.427194,2.646667,2.293333
1.427596,2.620000,2.286667
1.427997,2.673333,2.266667
1.428399,2.620000,2.280000
1.428800,2.626667,2.253333
1.429201,2.653333,2.260000
1.429602,2.573333,2.240000
1.430005,2.626667,2.213333
1.430407,2.540000,2.246667
1.430808,2.526667,2.146667
1.431209,2.486667,2.146667
1.431610,2.513333,2.126667
1.432011,2.506666,2.113333
1.432413,2.466667,2.113333
1.432815,2.506666,2.093333
1.433216,2.433333,2.086667
1.433618,2.386667,2.086667
1.434020,2.420000,2.073333
1.434421,2.400000,2.000000
1.434822,2.380000,2.033333
1.435223,2.346667,2.033333
1.435625,2.266667,1.993333
1.436027,2.273333,2.000000
1.436428,2.300000,1.980000
1.436830,2.313333,1.973333
1.437232,2.286667,1.973333
1.437633,2.273333,1.913333
1.438035,2.260000,1.973333
1.438436,2.200000,1.906667
1.438837,2.273333,1.893333
1.439239,2.200000,1.880000
1.439640,2.193333,1.873333
1.440043,2.180000,1.860000
1.440444,2.146667,1.833333
1.440847,2.146667,1.813333
1.441249,2.133333,1.820000
1.441651,2.113333,1.693333
1.442052,2.060000,1.773333
1.442454,2.080000,1.760000
1.442856,2.086667,1.760000
1.443258,2.033333,1.666667
1.443659,2.046667,1.700000
1.444060,2.013333,1.753333
1.444461,2.020000,1.806667
1.444863,1.986667,1.713333
1.445264,1.980000,1.680000
1.445665,2.013333,1.593333
1.446066,1.813333,1.640000
1.446468,1.980000,1.646667
1.446870,1.926667,1.553333
1.447271,1.920000,1.606667
1.447674,1.960000,1.606667
1.448076,1.906667,1.593333
1.448478,1.893333,1.566667
1.448879,1.853333,1.566667
1.449280,1.813333,1.560000
1.449683,1.840000,1.540000
1.450086,1.820000,1.520000
1.450488,1.820000,1.500000
1.450889,1.813333,1.493333
1.451291,1.746667,1.473333
1.451692,1.806667,1.460000
1.452093,1.720000,1.460000
1.452494,1.740000,1.453333
1.452895,1.733333,1.506667
1.453298,1.726667,1.440000
1.453699,1.700000,1.420000
1.454101,1.686667,1.393333
1.454503,1.826667,1.393333
1.454904,1.633333,1.346667
1.455306,1.660000,1.386667
1.455708,1.546667,1.353333
1.456110,1.613333,1.420000
1.456512,1.633333,1.360000
1.456913,1.593333,1.300000
1.457314,1.573333,1.273333
1.457715,1.513333,1.300000
1.458117,1.566667,1.300000
1.458519,1.546667,1.266667
1.458920,1.553333,1.206667
1.459321,1.520000,1.193333
1.459723,1.420000,1.240000
1.460124,1.493333,1.226667
1.460525,1.520000,1.206667
1.460927,1.460000,1.206667
1.461328,1.493333,1.206667
1.461729,1.453333,1.193333
1.462130,1.453333,1.173333
1.462532,1.420000,1.193333
1.462933,1.300000,1.140000
1.463334,1.566667,1.166667
1.463735,1.373333,1.173333
1.464136,1.373333,1.073333
1.464537,1.380000,1.140000
1.464939,1.353333,1.033333
1.465340,1.293333,1.113333
1.465743,1.313333,1.093333
1.466145,1.320000,1.073333
1.466546,1.326667,1.060000
1.466947,1.300000,1.046667
1.467348,1.293333,1.033333
1.467750,1.280000,1.033333
1.468151,1.260000,1.033333
1.468552,1.166667,1.020000
1.468954,1.360000,0.980000
1.469356,1.240000,0.973333
1.469757,1.160000,0.960000
1.470159,1.233333,0.993333
1.470560,1.200000,0.973333
1.470961,1.180000,0.946667
1.471362,1.073333,0.993333
1.471764,1.140000,0.960000
1.472166,1.166667,0.946667
1.472567,1.153333,0.960000
1.472968,1.133333,0.946667
1.473369,1.133333,0.946667
1.473772,1.133333,0.946667
1.474173,1.073333,0.946667
1.474574,1.080000,0.946667
1.474975,1.086667,0.946667
1.475377,1.080000,0.946667
1.475780,1.086667,0.946667
1.476181,1.033333,0.946667
1.476583,1.033333,0.946667
1.476985,1.013333,0.946667
1.477387,1.073333,0.946667
1.477790,1.026667,0.946667
1.478191,1.060000,0.946667
1.478593,0.980000,0.946667
1.478996,0.986667,0.946667
1.479398,1.053333,0.946667
1.479799,1.073333,0.946667
1.480201,0.966667,0.946667
1.480603,0.946667,0.946667
1.481006,0.973333,0.946667
1.481407,0.946667,0.946667
1.481808,0.946667,0.946667
1.482209,0.946667,0.946667
1.482610,0.946667,0.946667
1.483011,0.946667,0.946667
1.483412,0.946667,0.946667
1.483813,0.946667,0.946667
1.484215,0.946667,0.946667
1.484616,0.946667,0.946667
1.485017,0.993333,0.946667
1.485418,0.946667,0.946667
1.485819,0.946667,0.946667
1.486221,0.946667,0.946667
1.486623,0.946667,0.946667
1.487024,0.946667,0.946667
1.487426,0.946667,0.946667
1.487827,0.946667,0.946667
1.488229,0.946667,0.946667
1.488630,0.946667,0.946667
1.489031,0.946667,0.946667
1.489432,0.973333,0.946667
1.489833,0.946667,0.946667
1.490235,0.946667,0.946667
1.490636,0.946667,0.946667
1.491037,0.946667,0.946667
1.491439,0.946667,0.946667
1.491841,0.946667,0.946667
1.492245,0.946667,0.946667
1.492647,0.946667,0.946667
1.493049,0.946667,0.946667
1.493451,0.946667,0.946667
1.493853,0.946667,0.946667
1.494254,0.946667,0.946667
1.494655,0.946667,0.946667
1.495056,0.946667,0.946667
1.495457,0.946667,0.946667
1.495858,0.946667,0.946667
1.496259,0.946667,0.946667
1.496660,0.946667,0.946667
1.497061,0.946667,0.946667
1.497462,0.946667,0.946667
1.497863,0.946667,0.946667
1.498265,0.946667,0.946667
1.498667,0.946667,0.946667
1.499068,0.946667,0.946667
1.499470,0.946667,0.946667
1.499871,0.946667,0.946667
1.500272,0.946667,0.946667
1.500673,0.946667,0.946667
1.501074,0.946667,0.946667
1.501475,0.946667,0.946667
1.501876,0.946667,0.946667
1.502278,0.946667,0.946667
1.502679,0.946667,0.946667
1.503080,0.946667,0.946667
1.503481,0.946667,0.946667
1.503882,0.946667,0.946667
1.504284,0.946667,0.946667
1.504687,0.946667,0.946667
1.505089,0.946667,0.946667
1.505490,0.946667,0.946667
1.505891,0.946667,0.946667
1.506293,0.946667,0.946667
1.506694,0.946667,0.946667
1.507097,0.946667,0.946667
1.507498,0.946667,0.946667
1.507900,0.946667,0.946667
1.508301,0.946667,0.946667
1.508702,0.946667,0.946667
1.509103,0.946667,0.946667
1.509504,0.946667,0.946667
1.509905,0.946667,0.946667
1.510306,0.946667,0.946667
1.510709,0.946667,0.946667
1.511110,0.946667,0.946667
1.511512,0.946667,0.946667
1.511913,0.946667,0.946667
1.512314,0.946667,0.946667
1.512715,0.946667,0.946667
1.513117,0.946667,0.946667
1.513519,0.946667,0.946667
1.513921,0.946667,0.946667
1.514323,0.946667,0.946667
1.514724,0.946667,0.946667
1.515125,0.946667,0.946667
1.515526,0.946667,0.946667
1.515927,0.946667,0.946667
1.516328,0.946667,0.946667
1.516729,0.946667,0.946667
1.517131,0.946667,0.946667
1.517532,0.946667,0.946667
1.517934,0.946667,0.946667
1.518337,0.946667,0.946667
1.518738,0.946667,0.946667
1.519140,0.946667,0.946667
1.519541,0.946667,0.946667
1.519943,0.946667,0.946667
1.520345,0.946667,0.946667
1.520746,0.946667,0.946667
1.521148,0.946667,0.946667
1.521549,0.946667,0.946667
1.521950,0.946667,0.946667
1.522351,0.946667,0.946667
1.522752,0.946667,0.946667
1.523155,0.946667,0.946667
1.523556,0.946667,0.946667
1.523957,0.946667,0.946667
1.524359,0.946667,0.946667
1.524761,0.946667,0.946667
1.525163,0.946667,0.946667
1.525565,0.946667,0.946667
1.525966,0.946667,0.946667
1.526367,0.946667,0.946667
1.526768,0.946667,0.946667
1.527170,0.946667,0.946667
1.527571,0.946667,0.946667
1.527972,0.946667,0.946667
1.528373,0.946667,0.946667
1.528774,0.946667,0.946667
1.529175,0.946667,0.946667
1.529577,0.946667,0.946667
1.529978,0.946667,0.946667
1.530380,0.946667,0.946667
1.530781,0.946667,0.946667
1.531183,0.946667,0.946667
1.531584,0.946667,0.946667
1.531986,0.946667,0.946667
1.532387,0.946667,0.946667
1.532788,0.946667,0.946667
1.533190,0.946667,0.946667
1.533591,0.946667,0.946667
1.533993,0.946667,0.946667
1.534394,0.946667,0.946667
1.534797,0.946667,0.946667
1.535198,0.946667,0.946667
1.535601,0.946667,0.946667
1.536003,0.946667,0.946667
1.536405,0.946667,0.946667
1.536808,0.946667,0.946667
1.537210,0.946667,0.946667
1.537612,0.946667,0.946667
1.538014,0.946667,0.946667
1.538416,0.946667,0.946667
1.538817,0.946667,0.946667
1.539218,0.946667,0.946667
1.539620,0.946667,0.946667
1.540021,0.946667,0.946667
1.540422,0.946667,0.946667
1.540824,0.946667,0.946667
1.541225,0.946667,0.946667
1.541626,0.946667,0.946667
1.542027,0.946667,0.946667
1.542428,0.946667,0.946667
1.542829,0.946667,0.946667
1.543230,0.946667,0.946667
1.543631,0.946667,0.946667
1.544033,0.946667,0.946667
1.544434,0.946667,0.946667
1.544835,0.946667,0.946667
1.545237,0.946667,0.946667
1.545639,0.946667,0.946667
1.546040,0.946667,0.946667
1.546441,0.946667,0.946667
1.546842,0.946667,0.946667
1.547245,0.946667,0.946667
1.547646,0.946667,0.946667
1.548047,0.946667,0.946667
1.548448,0.946667,0.946667
1.548849,0.946667,0.946667
1.549251,0.946667,0.946667
1.549652,0.946667,0.946667
1.550053,0.946667,0.946667
1.550455,0.946667,0.946667
1.550856,0.946667,0.946667
1.551258,0.946667,0.946667
1.551659,0.946667,0.946667
1.552061,0.946667,0.946667
1.552462,0.946667,0.946667
1.552863,0.946667,0.946667
1.553264,0.946667,0.946667
1.553665,0.946667,0.946667
1.554067,0.946667,0.946667
1.554468,0.946667,0.946667
1.554869,0.946667,0.946667
1.555272,0.946667,0.946667
1.555673,0.946667,0.946667
1.556074,0.946667,0.946667
1.556475,0.946667,0.946667
1.556877,0.946667,0.946667
1.557278,0.946667,0.946667
1.557680,0.946667,0.946667
1.558081,0.946667,0.946667
1.558482,0.946667,0.946667
1.558883,0.946667,0.946667
1.559285,0.946667,0.946667
1.559686,0.946667,0.946667
1.560087,0.946667,0.946667
1.560488,0.946667,0.946667
1.560891,0.946667,0.946667
1.561293,0.946667,0.946667
1.561694,0.946667,0.946667
1.562095,0.946667,0.946667
1.562497,0.946667,0.946667
1.562899,0.946667,0.946667
1.563300,0.946667,0.946667
1.563701,0.946667,0.946667
1.564102,0.946667,0.946667
1.564503,0.946667,0.946667
1.564904,0.946667,0.946667
1.565305,0.946667,0.946667
1.565706,0.946667,0.946667
1.566107,0.946667,0.946667
1.566509,0.946667,0.946667
1.566912,0.946667,0.946667
1.567313,0.946667,0.946667
1.567714,0.946667,0.946667
1.568116,0.946667,0.946667
1.568517,0.946667,0.946667
1.568918,0.946667,0.946667
1.569320,0.946667,0.946667
1.569721,0.946667,0.946667
1.570122,0.946667,0.946667
1.570524,0.946667,0.946667
1.570926,0.946667,0.946667
1.571327,0.946667,0.946667
1.571729,0.946667,0.946667
1.572131,0.946667,0.946667
1.572533,0.946667,0.946667
1.572934,0.946667,0.946667
1.573335,0.946667,0.946667
1.573738,0.946667,0.946667
1.574139,0.946667,0.946667
1.574540,0.946667,0.946667
1.574941,0.946667,0.946667
1.575342,0.946667,0.946667
1.575743,0.946667,0.946667
1.576145,0.946667,0.946667
1.576546,0.946667,0.946667
1.576949,0.946667,0.946667
1.577352,0.946667,0.946667
1.577753,0.946667,0.946667
1.578155,0.946667,0.946667
1.578557,0.946667,0.946667
1.578958,0.946667,0.946667
1.579359,0.946667,0.946667
1.579760,0.946667,0.946667
1.580161,0.946667,0.946667
1.580562,0.946667,0.946667
1.580963,0.946667,0.946667
1.581367,0.986667,0.946667
1.581768,0.946667,0.946667
1.582170,0.946667,0.946667
1.582572,0.946667,0.946667
1.582974,0.946667,0.946667
1.583376,0.946667,0.946667
1.583778,0.946667,0.946667
1.584179,0.946667,0.946667
1.584581,0.946667,0.946667
1.584982,0.946667,0.946667
1.585385,0.946667,0.946667
1.585786,0.946667,0.946667
1.586187,0.946667,0.946667
1.586588,0.946667,0.946667
1.586990,0.946667,0.946667
1.587391,0.946667,0.946667
1.587792,0.946667,0.946667
1.588193,0.946667,0.946667
1.588594,0.946667,0.946667
1.588997,0.946667,0.946667
1.589399,0.946667,0.946667
1.589802,0.946667,0.946667
1.590203,0.946667,0.946667
1.590604,0.946667,0.946667
1.591005,0.946667,0.946667
1.591407,0.946667,0.946667
1.591808,0.946667,0.946667
1.592209,0.946667,0.946667
1.592611,0.946667,0.946667
1.593012,0.946667,0.946667
1.593413,0.946667,0.946667
1.593814,0.946667,0.946667
1.594215,0.946667,0.946667
1.594616,0.946667,0.946667
1.595019,0.946667,0.946667
1.595420,0.946667,0.946667
1.595821,0.946667,0.946667
1.596222,0.946667,0.946667
1.596624,0.946667,0.946667
1.597027,0.946667,0.946667
1.597428,0.946667,0.946667
1.597829,0.946667,0.946667
1.598230,0.946667,0.946667
1.598632,0.946667,0.946667
1.599033,0.946667,0.946667
1.599434,0.946667,0.946667
1.599835,0.946667,0.946667
1.600237,0.946667,0.946667
1.600638,0.946667,0.946667
1.601041,0.946667,0.946667
1.601442,0.960000,0.946667
1.601843,0.946667,0.946667
1.602245,0.946667,0.946667
1.602646,0.946667,0.946667
1.603048,0.946667,0.946667
1.603449,0.946667,0.946667
1.603852,0.966667,0.946667
1.604253,0.953333,0.946667
1.604654,0.986667,0.946667
1.605055,0.953333,0.946667
1.605456,1.006667,0.946667
1.605857,0.946667,0.946667
1.606258,1.020000,0.946667
1.606660,1.013333,0.946667
1.607062,1.026667,0.946667
1.607463,1.033333,0.946667
1.607864,1.033333,0.946667
1.608265,1.066667,0.946667
1.608666,1.046667,0.946667
1.609067,1.040000,0.946667
1.609468,1.086667,0.946667
1.609871,1.193333,0.993333
1.610272,1.113333,0.946667
1.610674,1.173333,0.946667
1.611077,1.080000,0.946667
1.611479,1.133333,0.946667
1.611880,1.173333,0.946667
1.612281,1.153333,0.946667
1.612682,1.146667,0.946667
1.613083,1.193333,0.960000
1.613485,1.293333,0.966667
1.613886,1.206667,0.980000
1.614287,1.226667,0.946667
1.614689,1.213333,0.960000
1.615091,1.213333,0.946667
1.615493,1.233333,1.020000
1.615894,1.233333,1.020000
1.616296,1.280000,1.033333
1.616697,1.326667,1.033333
1.617098,1.273333,1.033333
1.617500,1.280000,1.033333
1.617901,1.300000,1.100000
1.618303,1.306667,1.060000
1.618704,1.373333,1.100000
1.619106,1.340000,1.106667
1.619508,1.340000,1.066667
1.619909,1.373333,1.106667
1.620311,1.373333,1.126667
1.620712,1.386667,1.160000
1.621113,1.386667,1.206667
1.621515,1.386667,1.146667
1.621916,1.493333,1.173333
1.622318,1.460000,1.146667
1.622719,1.460000,1.180000
1.623121,1.466667,1.206667
1.623522,1.460000,1.226667
1.623923,1.486667,1.340000
1.624325,1.506667,1.240000
1.624726,1.506667,1.233333
1.625127,1.540000,1.200000
1.625528,1.473333,1.260000
1.625929,1.600000,1.286667
1.626331,1.566667,1.300000
1.626732,1.580000,1.300000
1.627133,1.580000,1.226667
1.627535,1.606667,1.286667
1.627936,1.586667,1.320000
1.628338,1.633333,1.353333
1.628739,1.660000,1.353333
1.629140,1.713333,1.373333
1.629541,1.686667,1.366667
1.629942,1.620000,1.273333
1.630343,1.713333,1.440000
1.630744,1.760000,1.406667
1.631145,1.726667,1.433333
1.631546,1.726667,1.420000
1.631947,1.740000,1.420000
1.632349,1.740000,1.440000
1.632750,1.740000,1.480000
1.633152,1.726667,1.493333
1.633553,1.760000,1.480000
1.633954,1.860000,1.500000
1.634355,1.813333,1.520000
1.634758,1.840000,1.560000
1.635159,1.853333,1.666667
1.635560,1.840000,1.593333
1.635961,1.886667,1.606667
1.636362,1.893333,1.620000
1.636764,1.906667,1.560000
1.637165,1.913333,1.586667
1.637567,1.933333,1.580000
1.637968,1.873333,1.673333
1.638370,1.940000,1.700000
1.638772,1.980000,1.700000
1.639173,1.986667,1.640000
1.639575,1.966667,1.680000
1.639976,2.000000,1.706667
1.640378,2.020000,1.733333
1.640780,2.280000,1.733333
1.641182,2.046667,1.740000
1.641583,2.086667,1.733333
1.641984,2.093333,1.746667
1.642386,2.086667,1.753333
1.642788,2.106667,1.786667
1.643190,2.113333,1.786667
1.643592,2.120000,1.826667
1.643993,2.106667,1.880000
1.644396,2.220000,2.153333
1.644797,2.193333,1.846667
1.645198,2.233333,1.893333
1.645599,2.220000,1.906667
1.646002,2.166667,1.893333
1.646403,2.253333,1.926667
1.646804,2.313333,1.893333
1.647206,2.213333,1.900000
1.647607,2.293333,1.966667
1.648009,2.313333,1.973333
1.648411,2.293333,1.973333
1.648813,2.340000,1.986667
1.649214,2.353333,2.000000
1.649615,2.380000,2.033333
1.650016,2.380000,2.086667
1.650418,2.440000,2.066667
1.650820,2.413333,2.086667
1.651221,2.420000,2.086667
1.651623,2.500000,2.093333
1.652025,2.460000,2.086667
1.652427,2.466667,2.126667
1.652830,2.506666,2.153333
1.653231,2.520000,2.180000
1.653632,2.573333,2.173333
1.654033,2.506666,2.186667
1.654434,2.593333,2.246667
1.654837,2.566667,2.153333
1.655239,2.620000,2.200000
1.655640,2.613333,2.180000
1.656041,2.613333,2.266667
1.656442,2.620000,2.273333
1.656845,2.666667,2.286667
1.657246,2.673333,2.286667
1.657647,2.680000,2.306667
1.658049,2.693333,2.246667
1.658450,2.706666,2.353333
1.658853,2.740000,2.340000
1.659256,2.720000,2.373333
1.659657,2.786667,2.440000
1.660059,2.753333,2.433333
1.660461,2.786667,2.433333
1.660864,2.800000,2.460000
1.661265,2.853333,2.460000
1.661666,2.846667,2.446667
1.662068,2.866667,2.486667
1.662470,2.986667,2.486667
1.662873,2.973333,2.473333
1.663274,2.860000,2.540000
1.663676,2.966666,2.500000
1.664079,3.006667,2.580000
1.664481,2.966666,2.600000
1.664882,2.980000,2.606667
1.665285,3.020000,2.613333
1.665686,3.006667,2.646667
1.666088,3.040000,2.600000
1.666489,3.060000,2.693333
1.666890,3.066667,2.673333
1.667292,3.100000,2.700000
1.667693,2.946667,2.686666
1.668094,3.126667,2.760000
1.668496,3.173333,2.793333
1.668897,3.193333,2.760000
1.669299,3.153333,2.880000
1.669700,3.160000,2.686666
1.670102,3.220000,2.786667
1.670503,3.273333,2.820000
1.670905,3.266667,2.813333
1.671306,3.286667,2.906667
1.671707,3.266667,2.866667
1.672109,3.300000,2.873333
1.672511,3.320000,2.960000
1.672912,3.326667,2.833333
1.673313,3.333333,2.940000
1.673714,3.393333,2.960000
1.674115,3.406667,2.980000
1.674516,3.400000,3.013333
1.674917,3.400000,3.000000
1.675318,3.373333,3.033333
1.675719,3.473333,3.040000
1.676120,3.486667,3.053333
1.676521,3.513333,3.100000
1.676924,3.520000,3.106667
1.677326,3.586667,3.126667
1.677727,3.573333,3.173333
1.678129,3.660000,3.280000
1.678530,3.573333,3.133333
1.678931,3.613333,3.206667
1.679332,3.520000,3.226667
1.679733,3.686666,3.166667
1.680135,3.626667,3.173333
1.680537,3.700000,3.233333
1.680938,3.646667,3.313333
1.681340,3.726667,3.286667
1.681741,3.746666,3.313333
1.682142,3.746666,3.326667
1.682543,3.740000,3.346666
1.682944,3.793333,3.346666
1.683346,3.873333,3.346666
1.683747,3.866667,3.400000
1.684150,3.880000,3.413333
1.684552,3.946667,3.433333
1.684953,3.906667,3.446667
1.685355,4.026666,3.486667
1.685757,3.973333,3.520000
1.686159,3.986666,3.473333
1.686561,4.013333,3.513333
1.686962,4.086667,3.486667
1.687364,4.026666,3.733333
1.687766,4.040000,3.533333
1.688168,4.153333,3.466666
1.688569,4.106667,3.660000
1.688971,3.973333,3.626667
1.689373,4.133333,3.653333
1.689775,4.140000,3.660000
1.690176,4.186666,3.673333
1.690578,4.166667,3.693333
1.690979,4.193333,3.726667
1.691380,4.240000,3.746666
1.691781,4.253333,3.746666
1.692183,4.266666,3.833333
1.692584,4.273333,3.746666
1.692985,4.353333,3.660000
1.693387,4.346667,3.746666
1.693788,4.353333,4.173333
1.694189,4.360000,3.913333
1.694591,4.400000,3.900000
1.694992,4.426666,3.953333
1.695393,4.426666,3.960000
1.695794,4.466667,3.940000
1.696196,4.480000,4.100000
1.696597,4.480000,3.973333
1.696998,4.506667,4.013333
1.697400,4.533333,4.053333
1.697801,4.540000,4.053333
1.698202,4.540000,4.093333
1.698604,4.653333,4.100000
1.699005,4.640000,4.113333
1.699406,4.626667,4.126667
1.699807,4.653333,4.326666
1.700208,4.666667,4.173333
1.700610,4.713333,4.213334
1.701011,4.720000,4.193333
1.701413,4.733333,4.213334
1.701815,4.780000,4.260000
1.702216,4.793333,4.266666
1.702618,4.780000,4.293333
1.703019,4.800000,4.353333
1.703420,4.853333,4.360000
1.703821,4.873333,4.360000
1.704223,4.980000,4.380000
1.704625,4.900000,4.313334
1.705027,4.886666,4.380000
1.705428,4.953333,4.513333
1.705829,4.980000,4.446667
1.706230,4.926667,4.473333
1.706632,5.013333,4.486666
1.707033,5.033333,4.533333
1.707434,5.060000,4.540000
1.707835,5.086667,4.606667
1.708236,5.173333,4.540000
1.708637,5.126667,4.606667
1.709039,5.160000,4.566667
1.709441,5.086667,4.606667
1.709842,5.106667,4.660000
1.710245,5.206666,4.680000
1.710646,5.233334,4.686666
1.711047,5.240000,4.653333
1.711448,5.266667,4.706666
1.711849,5.366667,4.773334
1.712251,5.340000,4.766666
1.712652,5.360000,4.720000
1.713054,5.353333,4.800000
1.713455,5.353333,4.853333
1.713858,5.413333,4.866667
1.714259,5.426667,4.866667
1.714660,5.453333,4.886666
1.715061,5.446666,4.880000
1.715462,5.493333,4.926667
1.715863,5.520000,5.033333
1.716265,5.546667,4.966667
1.716666,5.539999,4.926667
1.717067,5.513333,5.033333
1.717468,5.473333,5.073333
1.717870,5.620000,5.060000
1.718271,5.660000,5.060000
1.718672,5.680000,5.240000
1.719073,5.686666,5.133333
1.719474,5.766666,5.113333
1.719875,5.733333,5.153333
1.720277,5.760000,5.186666
1.720678,5.900000,5.186666
1.721079,5.740000,5.186666
1.721481,5.833333,5.340000
1.721882,5.893333,5.273333
1.722284,5.780000,5.293334
1.722686,5.886667,5.300000
1.723089,5.946667,5.320000
1.723492,5.940000,5.360000
1.723893,5.960000,5.366667
1.724294,5.986667,5.560000
1.724696,6.026667,5.413333
1.725097,6.000000,5.539999
1.725498,6.093333,5.480000
1.725900,6.100000,5.460000
1.726302,6.126667,5.373333
1.726704,6.126667,5.520000
1.727105,6.153333,5.539999
1.727508,6.166667,5.586667
1.727909,6.200000,5.506666
1.728311,6.213333,5.593333
1.728712,6.220000,5.613333
1.729114,6.320000,5.640000
1.729516,6.240000,5.660000
1.729919,6.293333,5.700000
1.730320,6.293333,5.700000
1.730721,6.380000,5.753333
1.731123,6.380000,5.753333
1.731525,6.420000,5.786666
1.731926,6.440000,5.793334
1.732327,6.466667,5.766666
1.732729,6.466667,5.840000
1.733130,6.493333,5.866666
1.733532,6.500000,5.866666
1.733933,6.560000,5.900000
1.734334,6.593333,5.940000
1.734735,6.620000,5.946667
1.735137,6.713333,6.286667
1.735538,6.686666,6.026667
1.735941,6.686666,6.026667
1.736342,6.660000,6.066667
1.736744,6.680000,6.100000
1.737145,6.793334,6.106667
1.737546,6.733333,6.066667
1.737949,6.813333,6.113333
1.738351,6.786666,6.126667
1.738752,6.880000,6.193333
1.739155,6.886666,6.200000
1.739556,6.913333,6.220000
1.739958,6.920000,6.253334
1.740360,6.946667,6.253334
1.740761,6.966666,6.366666
1.741163,7.020000,6.346667
1.741565,7.033333,6.346667
1.741967,7.040000,6.346667
1.742368,7.060000,6.373333
1.742770,7.100000,6.373333
1.743171,7.093333,6.440000
1.743573,7.153333,6.406667
1.743974,7.186666,6.480000
1.744375,7.193333,6.500000
1.744776,7.233334,6.533333
1.745177,7.240000,6.546667
1.745579,7.260000,6.546667
1.745980,7.366667,6.633333
1.746383,7.286667,6.640000
1.746785,7.320000,6.640000
1.747187,7.353333,6.633333
1.747588,7.380000,6.693333
1.747989,7.420000,6.720000
1.748390,7.453333,6.726666
1.748791,7.480000,6.766666
1.749193,7.506667,6.793334
1.749594,7.486667,6.813333
1.749995,7.559999,6.833333
1.750396,7.559999,6.900000
1.750797,7.593334,6.893333
1.751199,7.546666,6.853333
1.751600,7.640000,6.813333
1.752001,7.646666,6.986666
1.752402,7.693334,6.913333
1.752805,7.700000,7.020000
1.753206,7.720000,6.986666
1.753607,7.746666,7.033333
1.754008,7.766666,7.060000
1.754409,7.760000,7.086666
1.754811,7.826667,7.086666
1.755212,7.980000,7.153333
1.755614,7.813334,7.140000
1.756016,7.913333,7.186666
1.756418,8.040000,7.186666
1.756821,7.940000,7.206666
1.757223,7.960000,7.246666
1.757624,8.000000,7.260000
1.758027,8.033334,7.293333
1.758428,7.766666,7.366667
1.758829,8.053332,7.413333
1.759231,8.066667,7.380000
1.759632,8.113333,7.353333
1.760034,8.160000,7.413333
1.760437,8.193333,7.433333
1.760838,8.226666,7.373333
1.761243,8.220000,7.493333
1.761646,8.246666,7.513333
1.762047,8.240000,7.520000
1.762449,8.360000,7.633333
1.762850,8.326666,7.526666
1.763252,8.353333,7.713333
1.763653,8.373333,7.686666
1.764054,8.393332,7.640000
1.764455,8.406667,7.660000
1.764856,8.460000,7.666667
1.765259,8.480000,7.693334
1.765660,8.533333,7.740000
1.766061,8.520000,7.720000
1.766462,8.593333,7.906666
1.766864,8.573333,7.753333
1.767266,8.599999,7.833333
1.767668,8.646667,7.846667
1.768070,8.639999,7.866666
1.768472,8.660000,7.866666
1.768873,8.686666,7.913333
1.769274,8.700000,7.953333
1.769675,8.740000,7.966667
1.770076,8.766666,8.000000
1.770478,8.900000,8.006666
1.770880,8.833333,7.966667
1.771281,8.839999,8.033334
1.771684,8.880000,7.986666
1.772085,8.900000,8.139999
1.772486,9.000000,8.086667
1.772887,8.940000,8.179999
1.773288,8.940000,8.179999
1.773690,9.006666,8.213333
1.774091,9.000000,8.213333
1.774493,9.066667,8.246666
1.774895,9.086667,8.293333
1.775296,9.099999,8.300000
1.775699,9.093333,8.353333
1.776100,9.140000,8.313333
1.776502,9.173333,8.360000
1.776903,9.153334,8.393332
1.777306,9.240000,8.393332
1.777708,9.253333,8.406667
1.778109,9.293333,8.393332
1.778510,9.266666,8.480000
1.778913,9.340000,8.540000
1.779314,9.340000,8.453333
1.779715,9.379999,8.639999
1.780116,9.340000,8.573333
1.780518,9.393333,8.579999
1.780920,9.480000,8.606667
1.781321,9.466666,8.646667
1.781724,9.533333,8.666666
1.782125,9.506666,8.673333
1.782527,9.586666,8.733333
1.782928,9.613334,8.733333
1.783331,9.613334,8.753333
1.783732,9.653333,8.800000
1.784135,9.666667,8.793333
1.784537,9.706666,8.833333
1.784938,9.746667,8.853333
1.785340,9.740000,8.839999
1.785743,9.766666,8.913333
1.786144,9.573333,8.920000
1.786546,9.806666,8.926666
1.786947,9.860000,9.160000
1.787348,9.886666,9.006666
1.787750,9.959999,8.986667
1.788151,10.006667,9.039999
1.788553,9.940001,9.066667
1.788955,9.913333,9.166666
1.789357,9.986667,9.133333
1.789758,10.026666,9.113333
1.790159,10.046666,9.160000
1.790560,10.086666,9.213333
1.790963,10.099999,9.206667
1.791365,10.133333,9.206667
1.791766,10.140000,9.280000
1.792167,10.166666,9.266666
1.792568,10.153333,9.280000
1.792969,10.260000,9.246666
1.793370,10.273334,9.340000
1.793772,10.286666,9.346666
1.794173,10.320000,9.346666
1.794575,10.326667,9.346666
1.794976,10.373333,9.453333
1.795378,10.386666,9.473333
1.795779,10.400000,9.466666
1.796180,10.393333,9.626666
1.796581,10.340000,9.559999
1.796982,10.493333,9.566666
1.797384,10.500000,9.633333
1.797785,10.533334,9.680000
1.798186,10.553332,9.626666
1.798587,10.606667,9.719999
1.798989,10.613333,9.706666
1.799391,10.646667,9.719999
1.799793,10.660000,9.733334
1.800194,10.673333,9.740000
1.800595,10.693333,9.786667
1.800996,10.746666,9.800000
1.801397,10.759999,9.853333
1.801799,10.780000,9.820000
1.802200,10.813333,9.966666
1.802602,10.840000,9.953333
1.803003,10.786667,10.146667
1.803405,11.013332,9.906666
1.803806,10.886666,9.973333
1.804208,10.906667,9.980000
1.804610,11.033333,10.040000
1.805012,10.986667,10.106667
1.805413,10.933333,10.086666
1.805814,11.060000,10.086666
1.806216,11.026667,10.140000
1.806617,11.046666,10.140000
1.807020,11.093333,10.146667
1.807422,11.139999,10.200000
1.807824,11.186666,10.226666
1.808225,11.300000,10.266666
1.808627,11.186666,10.226666
1.809028,11.240000,10.266666
1.809429,11.213333,10.293333
1.809831,11.300000,10.299999
1.810232,11.346666,10.326667
1.810634,11.360000,10.406667
1.811035,11.366667,10.400000
1.811436,11.366667,10.413333
1.811837,11.380000,10.480000
1.812239,11.440000,10.460000
1.812641,11.506666,10.493333
1.813042,11.360000,10.526667
1.813444,11.500000,10.493333
1.813846,11.493333,10.566667
1.814247,11.553333,10.573333
1.814648,11.566667,10.600000
1.815049,11.586667,10.620000
1.815450,11.640000,10.666667
1.815853,11.640000,10.673333
1.816254,11.693333,10.706666
1.816655,11.640000,10.720000
1.817057,11.706667,10.746666
1.817459,11.713333,10.893332
1.817862,11.780000,10.806666
1.818265,11.799999,10.833333
1.818666,11.820000,10.860000
1.819069,11.853333,10.846666
1.819470,11.873333,10.920000
1.819872,11.920000,10.913333
1.820274,11.913333,10.926667
1.820676,11.886666,10.946666
1.821077,11.993333,11.053333
1.821478,11.999999,10.913333
1.821880,12.006666,11.020000
1.822281,12.046667,11.066667
1.822682,12.066666,11.053333
1.823083,12.113334,11.033333
1.823484,12.113334,11.120000
1.823885,12.146667,11.180000
1.824286,12.213333,11.166666
1.824687,12.213333,11.193334
1.825089,12.266666,11.233333
1.825490,12.246667,11.253333
1.825892,12.100000,11.266666
1.826293,12.320000,11.313334
1.826694,12.380000,11.300000
1.827095,12.320000,11.300000
1.827496,12.393332,11.420000
1.827897,12.420000,11.366667
1.828299,12.433333,11.393333
1.828700,12.486667,11.420000
1.829101,12.480000,11.453334
1.829502,12.493333,11.426666
1.829903,12.520000,11.513333
1.830306,12.533333,11.593333
1.830707,12.520000,11.506666
1.831108,12.593333,11.539999
1.831509,12.666666,11.566667
1.831910,12.660000,11.606667
1.832313,12.713333,11.613333
1.832714,12.679999,11.633333
1.833115,12.746666,11.693333
1.833517,12.753333,11.679999
1.833919,12.846666,11.706667
1.834320,12.806666,11.726666
1.834721,12.826667,11.820000
1.835122,12.880000,11.786667
1.835524,12.880000,11.793333
1.835926,12.873333,11.806666
1.836327,12.946667,11.866666
1.836728,12.986666,11.879999
1.837129,12.933333,11.879999
1.837531,13.000000,11.893333
1.837933,13.006666,11.740000
1.838334,13.033334,11.886666
1.838735,13.053332,11.940000
1.839137,13.086667,11.946667
1.839538,13.100000,11.999999
1.839939,13.133333,12.053333
1.840340,13.166667,12.093333
1.840743,13.146667,12.066666
1.841144,13.206666,12.093333
1.841546,13.173333,12.139999
1.841948,13.253333,12.146667
1.842350,13.233334,12.193333
1.842751,13.280000,12.246667
1.843153,13.306666,12.393332
1.843554,13.266666,12.246667
1.843955,13.420000,12.306666
1.844357,13.393333,12.366667
1.844759,13.420000,12.339999
1.845160,13.400000,12.313334
1.845561,13.466666,12.393332
1.845963,13.473332,12.320000
1.846365,13.673334,12.420000
1.846767,13.533333,12.580000
1.847168,13.493333,12.493333
1.847570,13.539999,12.506667
1.847972,13.613334,12.533333
1.848374,13.633333,12.506667
1.848777,13.633333,12.546666
1.849179,13.660000,12.566667
1.849581,13.660000,12.580000
1.849982,13.666666,12.613333
1.850384,13.660000,12.633333
1.850786,13.786667,12.653333
1.851187,13.826666,12.700000
1.851588,13.813334,12.646667
1.851989,13.826666,12.733333
1.852391,13.873334,12.766666
1.852792,13.860000,12.740000
1.853194,13.906666,12.786666
1.853595,13.999999,12.793333
1.853996,13.940001,12.826667
1.854397,14.093333,12.826667
1.854798,14.026667,12.866666
1.855199,14.020000,12.866666
1.855600,14.126666,12.919999
1.856001,14.066666,12.946667
1.856402,14.113334,12.946667
1.856803,14.099999,12.946667
1.857204,14.093333,13.013333
1.857606,14.166666,13.040000
1.858007,14.173332,13.026667
1.858408,14.200001,13.093333
1.858809,14.219999,13.113333
1.859210,14.253333,13.093333
1.859611,14.406667,13.106667
1.860014,14.293333,13.160000
1.860415,14.346666,13.133333
1.860818,14.266667,13.173333
1.861219,14.346666,13.220000
1.861620,14.360000,13.246666
1.862021,14.453333,13.259999
1.862423,14.426666,13.160000
1.862825,14.486667,13.293333
1.863226,14.459999,13.179999
1.863628,14.513333,13.320000
1.864029,14.480000,13.366667
1.864431,14.546666,13.406666
1.864833,14.580000,13.400000
1.865235,14.593332,13.660000
1.865636,14.593332,13.520000
1.866037,14.620000,13.593333
1.866439,14.640000,13.440000
1.866841,14.693333,13.413334
1.867244,14.706667,13.533333
1.867646,14.706667,13.546667
1.868047,14.719999,13.559999
1.868448,14.773334,13.593333
1.868849,14.733334,13.613334
1.869252,14.840000,13.646666
1.869655,14.906667,13.620000
1.870056,14.880000,13.713332
1.870457,14.873333,13.700000
1.870859,14.933333,13.720000
1.871261,14.926667,13.693333
1.871663,14.946667,13.900000
1.872064,15.013333,13.813334
1.872466,14.919999,13.820000
1.872867,14.953333,13.826666
1.873268,14.953333,13.826666
1.873670,15.020000,13.860000
1.874071,15.113333,13.900000
1.874473,15.113333,13.880000
1.874876,15.153333,13.913332
1.875278,15.053332,13.826666
1.875679,15.080000,13.960000
1.876080,15.233334,13.926666
1.876482,15.219999,13.993333
1.876883,15.286666,14.059999
1.877285,15.300000,14.033333
1.877686,15.306666,14.073334
1.878087,15.273333,14.239999
1.878489,15.340000,14.253333
1.878890,15.359999,14.113334
1.879291,15.446666,14.140000
1.879692,15.386667,14.113334
1.880095,15.400000,14.173332
1.880497,15.480000,14.180000
1.880898,15.466666,14.173332
1.881299,15.486666,14.233333
1.881700,15.500000,14.253333
1.882102,15.560000,14.266667
1.882504,15.546666,14.439999
1.882905,15.553332,14.326666
1.883306,15.646666,14.333334
1.883707,15.633333,14.353333
1.884109,15.646666,14.353333
1.884510,15.679999,14.393332
1.884911,15.713334,14.420000
1.885312,15.746666,14.433332
1.885713,15.740000,14.526666
1.886115,15.740000,14.953333
1.886516,15.766666,14.499999
1.886917,15.786667,14.486667
1.887319,15.799999,14.520000
1.887721,15.819999,14.546666
1.888122,15.846667,14.506667
1.888523,15.906666,14.620000
1.888924,15.860000,14.580000
1.889326,15.933333,14.633332
1.889727,15.933333,14.606667
1.890128,15.940000,14.626666
1.890529,15.953332,14.693333
1.890930,15.973332,14.693333
1.891332,16.026667,14.713333
1.891734,16.046667,14.600000
1.892136,16.066668,14.733334
1.892537,16.093332,14.813333
1.892940,16.086666,14.659999
1.893341,16.113333,14.786666
1.893742,16.106665,14.946667
1.894144,16.153334,14.833332
1.894545,16.186666,14.873333
1.894946,16.173334,14.873333
1.895347,16.226665,14.880000
1.895748,16.259998,14.919999
1.896150,16.233332,14.906667
1.896552,16.386665,14.953333
1.896953,16.320000,14.813333
1.897354,16.366665,14.953333
1.897756,16.353333,14.953333
1.898158,16.353333,14.953333
1.898559,16.400000,15.073333
1.898960,16.420000,15.106667
1.899361,16.480000,15.113333
1.899763,16.453333,15.219999
1.900164,16.493332,15.106667
1.900565,16.513332,15.193334
1.900966,16.460001,15.206666
1.901367,16.526667,15.186667
1.901769,16.606667,15.219999
1.902170,16.613333,15.246666
1.902572,16.606667,15.226665
1.902974,16.619999,15.280000
1.903376,16.626665,15.260000
1.903777,16.633331,15.273333
1.904178,16.693333,15.280000
1.904580,16.633331,15.400000
1.904981,16.753332,15.393333
1.905383,16.746666,15.460000
1.905784,16.753332,15.393333
1.906185,16.773333,15.393333
1.906587,16.799999,15.393333
1.906988,16.786665,15.413333
1.907390,16.813334,15.480000
1.907792,16.813334,15.486666
1.908193,16.860001,15.446666
1.908596,16.866667,15.520000
1.908997,16.886665,15.546666
1.909399,16.906666,15.553332
1.909801,16.886665,15.639999
1.910203,16.926666,15.579999
1.910605,16.853334,15.593333
1.911006,16.986668,15.639999
1.911407,16.966667,15.673333
1.911808,16.993334,15.673333
1.912209,17.000000,15.886665
1.912610,16.973333,15.780001
1.913012,17.019999,15.606667
1.913413,17.000000,15.713334
1.913814,17.100000,15.720000
1.914215,17.039999,15.760000
1.914616,17.106667,15.780001
1.915018,17.106667,15.806666
1.915420,17.173332,15.819999
1.915822,17.133333,15.846667
1.916223,17.120001,15.766666
1.916624,17.153332,15.860000
1.917025,17.173332,15.886665
1.917426,17.179998,15.920000
1.917827,17.226667,15.920000
1.918228,17.113333,15.906666
1.918630,17.253334,15.886665
1.919032,17.286665,15.980000
1.919434,17.273333,16.013332
1.919836,17.293333,15.993333
1.920237,17.286665,16.006666
1.920638,17.320000,15.973332
1.921039,17.406666,15.940000
1.921440,17.313332,16.160000
1.921842,17.360001,16.080000
1.922244,17.366667,16.099998
1.922646,17.380001,16.119999
1.923048,17.393333,16.113333
1.923449,17.426666,16.106665
1.923850,17.413332,16.233332
1.924251,17.453333,16.093332
1.924652,17.459999,16.200001
1.925053,17.480000,16.219999
1.925454,17.473333,16.253332
1.925856,17.433332,16.286667
1.926259,17.646667,16.273333
1.926661,17.533333,16.246666
1.927063,17.559999,16.393333
1.927464,17.566666,16.353333
1.927866,17.613333,16.333334
1.928267,17.626667,16.379999
1.928668,17.559999,16.366665
1.929069,17.600000,16.373333
1.929471,17.766666,16.386665
1.929872,17.686666,16.406666
1.930273,17.679998,16.440001
1.930674,17.673332,16.440001
1.931075,17.713333,16.446667
1.931476,17.740000,16.473333
1.931877,17.753334,16.506666
1.932278,17.746666,16.473333
1.932679,17.799999,16.526667
1.933080,17.753334,16.446667
1.933482,17.793333,16.566666
1.933884,17.813332,16.533333
1.934285,17.813332,16.513332
1.934686,17.853333,16.619999
1.935087,17.840000,16.586666
1.935489,17.859999,16.719999
1.935890,17.879999,16.619999
1.936292,17.920000,16.639999
1.936693,17.920000,16.686666
1.937095,17.926666,16.686666
1.937496,17.946665,16.646666
1.937897,17.959999,16.746666
1.938299,17.993332,16.733334
1.938701,17.953333,16.759998
1.939102,17.973333,16.753332
1.939503,17.993332,16.773333
1.939905,18.000000,16.779999
1.940306,18.033333,16.786665
1.940708,18.040001,16.786665
1.941110,18.040001,16.793333
1.941511,18.099998,16.846666
1.941912,18.079998,16.826666
1.942313,18.213333,16.853334
1.942714,18.106667,16.826666
1.943115,18.139999,16.553333
1.943517,18.106667,16.926666
1.943920,18.253332,16.846666
1.944321,18.146666,16.833334
1.944722,18.153334,16.900000
1.945124,18.180000,16.906666
1.945526,18.193333,16.900000
1.945927,18.313334,16.893332
1.946328,18.139999,16.953333
1.946730,18.213333,16.946667
1.947132,18.139999,16.959999
1.947533,18.260000,16.953333
1.947934,18.286667,16.959999
1.948336,18.299999,16.993334
1.948738,18.320000,16.959999
1.949140,18.333332,17.013332
1.949542,18.326666,17.039999
1.949943,18.320000,17.046665
1.950345,18.346666,17.053333
1.950746,18.373333,17.059999
1.951148,18.373333,17.066666
1.951550,18.393333,17.080000
1.951951,18.413334,17.093332
1.952353,18.459999,17.233334
1.952754,18.426666,17.106667
1.953155,18.433334,17.153332
1.953556,18.526667,17.146666
1.953958,18.446667,17.146666
1.954359,18.473331,17.013332
1.954760,18.613333,17.173332
1.955162,18.533333,17.186666
1.955563,18.520000,17.206667
1.955965,18.520000,17.193333
1.956367,18.526667,17.219999
1.956768,18.500000,17.206667
1.957169,18.553333,17.260000
1.957570,18.599998,17.260000
1.957972,18.573334,17.260000
1.958373,18.593332,17.273333
1.958774,18.586666,17.266666
1.959175,18.633333,17.286665
1.959576,18.633333,17.273333
1.959978,18.639999,17.333332
1.960379,18.646666,17.313332
1.960780,18.653334,17.333332
1.961181,18.673334,17.346666
1.961582,18.700001,17.433332
1.961983,18.680000,17.413332
1.962384,18.700001,17.366667
1.962785,18.706667,17.366667
1.963186,18.706667,17.393333
1.963588,18.746666,17.380001
1.963989,18.759998,17.426666
1.964391,18.753332,17.426666
1.964793,18.793333,17.446667
1.965194,18.773333,17.453333
1.965595,18.786667,17.453333
1.965997,18.799999,17.466665
1.966399,18.786667,17.473333
1.966800,18.820000,17.473333
1.967202,18.820000,17.433332
1.967604,18.846666,17.500000
1.968005,18.853333,17.500000
1.968407,18.846666,17.506666
1.968809,18.853333,17.500000
1.969210,18.853333,17.593332
1.969612,18.886665,17.613333
1.970013,18.840000,17.520000
1.970414,18.920000,17.619999
1.970815,18.940001,17.539999
1.971216,18.920000,17.586666
1.971617,18.946667,17.606667
1.972019,18.960001,17.613333
1.972422,18.973333,17.653334
1.972823,18.946667,17.613333
1.973225,18.999998,17.639999
1.973626,18.993332,17.633333
1.974027,18.999998,17.679998
1.974428,19.026667,17.673332
1.974829,19.026667,17.673332
1.975231,19.019999,17.673332
1.975632,19.126665,17.686666
1.976034,19.019999,17.666666
1.976436,19.066666,17.693333
1.976837,19.053333,17.719999
1.977239,19.066666,17.606667
1.977640,19.073334,17.746666
1.978042,19.100000,17.733334
1.978444,19.106667,17.746666
1.978845,19.113333,17.760000
1.979246,19.100000,17.813332
1.979647,19.119999,17.760000
1.980048,19.160000,17.753334
1.980450,19.166666,17.806665
1.980852,19.166666,17.813332
1.981253,19.173332,17.813332
1.981654,19.173332,17.820000
1.982055,19.160000,17.866667
1.982457,19.340000,17.806665
1.982858,19.219999,17.853333
1.983260,19.200001,17.926666
1.983662,19.153332,17.853333
1.984063,19.226667,17.786667
1.984466,19.246666,17.806665
1.984868,19.240000,17.873333
1.985269,19.286665,17.886667
1.985671,19.279999,17.886667
1.986072,19.233334,17.873333
1.986473,19.279999,17.893333
1.986874,19.279999,17.906668
1.987276,19.279999,17.913334
1.987677,19.320000,17.920000
1.988078,19.279999,17.893333
1.988479,19.313334,17.939999
1.988880,19.306665,17.939999
1.989282,19.366667,17.939999
1.989685,19.333334,17.953333
1.990086,19.346666,18.020000
1.990487,19.360001,17.973333
1.990888,19.353334,18.006666
1.991290,19.340000,17.953333
1.991691,19.393332,17.973333
1.992093,19.386665,18.013332
1.992494,19.406666,18.006666
1.992895,19.400000,18.020000
1.993297,19.406666,18.006666
1.993698,19.393332,18.020000
1.994099,19.393332,18.020000
1.994500,19.366667,18.053333
1.994901,19.413332,18.026667
1.995303,19.426666,18.046667
1.995705,19.400000,18.086666
1.996106,19.433332,18.099998
1.996511,19.446667,18.059999
1.996912,19.480000,18.046667
1.997313,19.459999,18.079998
1.997714,19.466667,18.079998
1.998116,19.473333,18.079998
1.998518,19.473333,18.126667
1.998919,19.473333,18.086666
1.999320,19.473333,18.146666
1.999721,19.513332,18.106667
2.000122,19.480000,18.086666
2.000523,19.533333,18.126667
2.000924,19.533333,18.206665
2.001326,19.506666,18.146666
2.001729,19.559999,18.146666
2.002131,19.546665,18.146666
2.002532,19.519999,18.146666
2.002933,19.566666,18.126667
2.003334,19.519999,18.153334
2.003735,19.559999,18.180000
2.004136,19.493334,18.113333
2.004537,19.573334,18.193333
2.004938,19.580000,18.173334
2.005339,19.593332,18.193333
2.005740,19.600000,18.273333
2.006142,19.613333,18.166666
2.006543,19.613333,18.213333
2.006945,19.573334,18.206665
