0.000000,6.933333,6.526666
0.000402,7.200000,6.606667
0.000803,7.126667,6.546667
0.001204,7.160000,6.626667
0.001605,7.193333,6.640000
0.002006,7.213333,6.666667
0.002407,7.260000,6.700000
0.002808,7.273333,6.713333
0.003211,7.320000,6.760000
0.003613,7.333333,6.773334
0.004014,7.333333,6.800000
0.004415,7.373333,6.826667
0.004816,7.386667,6.840000
0.005217,7.433333,6.786666
0.005618,7.420000,6.753333
0.006019,7.493333,6.866666
0.006420,7.506667,6.920000
0.006821,7.513333,6.940000
0.007222,7.520000,7.026667
0.007624,7.540000,6.913333
0.008025,7.413333,7.026667
0.008427,7.613333,7.060000
0.008829,7.600000,7.080000
0.009231,7.666667,7.066666
0.009633,7.679999,7.080000
0.010035,7.746666,7.106667
0.010438,7.726667,7.153333
0.010839,7.713333,7.166667
0.011240,7.766666,7.180000
0.011641,7.786666,7.200000
0.012043,7.840000,7.226666
0.012444,7.853333,7.246666
0.012845,7.866666,7.293333
0.013247,7.900000,7.320000
0.013648,7.913333,7.353333
0.014049,7.993333,7.360000
0.014450,7.966667,7.393333
0.014852,7.973333,7.406666
0.015253,8.026667,7.366667
0.015654,8.026667,7.413333
0.016055,8.220000,7.473333
0.016456,8.059999,7.506667
0.016858,8.179999,7.506667
0.017260,8.186666,7.553333
0.017661,8.166667,7.526666
0.018063,8.193333,7.586667
0.018464,8.206666,7.613333
0.018865,8.220000,7.626667
0.019266,8.240000,7.660000
0.019667,8.320000,7.686666
0.020068,8.306666,7.586667
0.020469,8.360000,7.786666
0.020871,8.373333,7.753333
0.021272,8.379999,7.753333
0.021677,8.406667,7.813334
0.022078,8.433333,7.813334
0.022480,8.506666,7.860000
0.022882,8.480000,7.873333
0.023283,8.493334,7.873333
0.023684,8.560000,7.920000
0.024085,8.579999,7.953333
0.024486,8.566667,7.960000
0.024887,8.520000,7.946667
0.025288,8.540000,8.026667
0.025690,8.653333,8.026667
0.026091,8.700000,8.053332
0.026492,8.713333,8.186666
0.026893,8.740000,7.966667
0.027294,8.753333,8.113333
0.027696,8.793333,8.139999
0.028097,8.833333,8.179999
0.028498,8.839999,8.206666
0.028900,8.853333,8.179999
0.029301,8.900000,8.213333
0.029703,8.906666,8.240000
0.030105,8.986667,8.300000
0.030506,8.966666,8.300000
0.030907,8.993333,8.333333
0.031308,9.006666,8.373333
0.031710,8.933333,8.373333
0.032111,9.066667,8.386666
0.032512,9.073333,8.360000
0.032913,9.133333,8.426667
0.033314,9.000000,8.453333
0.033716,9.200000,8.493334
0.034119,9.059999,8.506666
0.034520,9.213333,8.540000
0.034921,9.253333,8.579999
0.035324,9.240000,8.566667
0.035725,9.280000,8.626667
0.036126,9.333333,8.646667
0.036527,9.340000,8.660000
0.036929,9.340000,8.693334
0.037330,9.346666,8.713333
0.037731,9.346666,8.746667
0.038134,9.413333,8.726666
0.038536,9.480000,8.773333
0.038939,9.493333,8.833333
0.039340,9.559999,8.833333
0.039741,9.600000,8.886666
0.040143,9.600000,8.793333
0.040544,9.660000,8.833333
0.040946,9.673333,8.913333
0.041348,9.673333,8.913333
0.041750,9.733334,8.973332
0.042151,9.726666,8.913333
0.042552,9.753333,8.993333
0.042954,9.773333,9.033333
0.043356,9.706666,9.033333
0.043757,9.806666,9.093333
0.044158,9.839999,9.206667
0.044560,9.880000,9.120000
0.044961,9.900000,9.179999
0.045364,9.926666,9.206667
0.045765,9.959999,9.179999
0.046166,9.993333,9.240000
0.046568,10.073334,9.299999
0.046969,10.026666,9.306666
0.047371,10.066667,9.326667
0.047772,10.080000,9.340000
0.048173,10.006667,9.346666
0.048574,10.126667,9.346666
0.048975,10.146667,9.346666
0.049377,10.153333,9.346666
0.049778,10.193334,9.566666
0.050180,10.240000,9.493333
0.050581,10.293333,9.473333
0.050982,10.286666,9.553333
0.051384,10.346666,9.559999
0.051785,10.313334,9.620000
0.052186,10.353333,9.613334
0.052588,10.333333,9.626666
0.052990,10.433333,9.673333
0.053391,10.440000,9.653333
0.053792,10.460000,9.686666
0.054193,10.486666,9.793333
0.054594,10.460000,9.786667
0.054996,10.513333,9.773333
0.055397,10.606667,9.806666
0.055798,10.566667,9.740000
0.056199,10.606667,9.880000
0.056601,10.626666,9.853333
0.057002,10.606667,9.886666
0.057403,10.679999,9.906666
0.057805,10.660000,9.906666
0.058206,10.753333,9.953333
0.058607,10.706666,9.986667
0.059009,10.773334,9.966666
0.059410,10.780000,10.006667
0.059811,10.820000,10.053333
0.060212,10.840000,10.126667
0.060614,10.893332,10.126667
0.061015,10.906667,10.126667
0.061417,10.960000,10.140000
0.061818,10.933333,10.146667
0.062219,10.973333,9.686666
0.062620,10.966666,10.153333
0.063022,10.926667,10.200000
0.063424,11.013332,10.246666
0.063826,11.093333,10.286666
0.064227,11.106667,10.320000
0.064629,11.139999,10.320000
0.065030,11.153333,10.373333
0.065431,11.120000,10.413333
0.065833,11.246667,10.419999
0.066234,11.246667,10.413333
0.066635,11.273333,10.413333
0.067036,11.193334,10.440000
0.067437,11.286666,10.493333
0.067839,11.333333,10.500000
0.068240,11.366667,10.620000
0.068641,11.373333,10.566667
0.069042,11.393333,10.573333
0.069443,11.440000,10.600000
0.069844,11.446667,10.666667
0.070245,11.473332,10.679999
0.070646,11.520000,10.686666
0.071048,11.480000,10.720000
0.071449,11.553333,10.753333
0.071851,11.573333,10.793333
0.072252,11.586667,10.786667
0.072654,11.626666,10.840000
0.073056,11.693333,10.853333
0.073459,11.720000,10.826666
0.073860,11.746666,10.840000
0.074261,11.746666,10.900000
0.074662,11.713333,10.920000
0.075064,11.793333,10.913333
0.075465,11.786667,11.106667
0.075866,11.806666,11.006666
0.076267,11.820000,11.020000
0.076668,11.853333,11.020000
0.077070,11.893333,11.113334
0.077472,11.913333,11.086666
0.077873,11.940000,11.106667
0.078274,11.966666,11.153333
0.078676,11.980000,11.166666
0.079077,12.013333,11.173333
0.079478,12.040000,11.180000
0.079879,12.059999,11.193334
0.080280,12.106667,11.253333
0.080682,12.113334,11.280000
0.081084,12.106667,11.286666
0.081486,12.166667,11.326667
0.081887,12.226666,11.313334
0.082288,12.206666,11.360000
0.082690,12.259999,11.373333
0.083091,12.280000,11.360000
0.083493,12.333333,11.660000
0.083894,12.413333,11.366667
0.084295,12.400000,11.513333
0.084697,12.406666,11.513333
0.085098,12.413333,11.493333
0.085499,12.533333,11.539999
0.085900,12.459999,11.566667
0.086301,12.459999,11.573333
0.086704,12.506667,11.626666
0.087105,12.533333,11.640000
0.087508,12.586666,11.646667
0.087910,12.593333,11.686666
0.088311,12.613333,11.706667
0.088712,12.620000,11.760000
0.089113,12.640000,11.720000
0.089514,12.706667,11.766666
0.089915,12.673333,11.780000
0.090316,12.760000,11.799999
0.090717,12.766666,11.860000
0.091118,12.760000,11.693333
0.091519,12.773334,11.820000
0.091920,12.813334,11.893333
0.092323,12.786666,11.953333
0.092724,12.880000,11.933332
0.093125,12.866666,11.986667
0.093526,12.913333,11.980000
0.093927,12.933333,12.013333
0.094328,12.940000,12.033333
0.094731,12.980000,12.059999
0.095132,12.973333,12.080000
0.095534,13.040000,12.093333
0.095936,12.993333,12.100000
0.096337,13.046666,12.126666
0.096738,13.093333,12.233334
0.097139,13.126666,12.320000
0.097541,13.179999,12.006666
0.097942,13.179999,12.339999
0.098343,13.193333,12.273333
0.098744,13.226666,12.420000
0.099145,13.233334,12.339999
0.099547,13.386665,12.400000
0.099949,13.233334,12.373333
0.100350,13.360000,12.433333
0.100752,13.333333,12.333333
0.101153,13.333333,12.453333
0.101554,13.413334,12.506667
0.101955,13.406666,12.513333
0.102356,13.460000,12.513333
0.102757,13.446666,12.520000
0.103158,13.460000,12.553333
0.103560,13.513332,12.593333
0.103961,13.660000,12.620000
0.104363,13.546667,12.606667
0.104764,13.553333,12.633333
0.105165,13.586667,12.700000
0.105567,13.626666,12.646667
0.105968,13.626666,12.826667
0.106371,13.646666,12.733333
0.106772,13.686666,12.753333
0.107174,13.660000,12.793333
0.107575,13.813334,12.673333
0.107976,13.773333,12.833333
0.108377,13.773333,12.866666
0.108778,13.813334,12.940000
0.109179,13.786667,12.873333
0.109580,13.839999,12.886666
0.109981,13.886666,12.919999
0.110384,13.920000,12.940000
0.110785,13.873334,12.966667
0.111186,13.873334,12.980000
0.111588,13.986667,13.013333
0.111989,13.986667,13.040000
0.112392,13.993333,13.026667
0.112793,14.066666,13.020000
0.113194,14.033333,13.100000
0.113595,14.080000,13.226666
0.113997,14.080000,13.193333
0.114398,14.160000,13.173333
0.114799,14.106666,13.133333
0.115200,14.280000,13.206666
0.115601,14.200001,13.206666
0.116002,14.193333,13.240000
0.116405,14.239999,13.320000
0.116806,14.320000,13.293333
0.117207,14.299999,13.306666
0.117608,14.320000,13.313333
0.118009,14.313334,13.320000
0.118410,14.333334,13.393333
0.118811,14.360000,13.379999
0.119213,14.386666,13.440000
0.119615,14.406667,13.440000
0.120017,14.439999,13.446666
0.120420,14.433332,13.466666
0.120821,14.513333,13.500000
0.121222,14.513333,13.526667
0.121624,14.526666,13.533333
0.122025,14.573334,13.586667
0.122426,14.593332,13.466666
0.122827,14.606667,13.546667
0.123230,14.640000,13.633333
0.123631,14.673333,13.646666
0.124033,14.713333,13.686666
0.124434,14.646667,13.686666
0.124835,14.820000,13.693333
0.125236,14.759999,13.733333
0.125637,14.766665,13.799999
0.126038,14.780000,13.793333
0.126439,14.800000,13.813334
0.126840,14.826666,13.820000
0.127241,14.826666,13.826666
0.127642,14.873333,13.860000
0.128044,14.880000,13.866666
0.128447,14.913333,13.926666
0.128848,14.926667,13.806667
0.129249,14.940000,13.933332
0.129650,14.953333,13.960000
0.130052,15.046666,13.826666
0.130453,14.953333,13.913332
0.130854,15.020000,14.006667
0.131255,15.133333,13.999999
0.131657,15.119999,14.066666
0.132058,15.146667,14.053333
0.132460,15.213333,14.073334
0.132861,15.159999,14.113334
0.133263,15.186667,14.173332
0.133664,15.240000,14.113334
0.134065,15.240000,14.173332
0.134466,15.280000,14.239999
0.134868,15.266666,14.206667
0.135270,15.326667,14.246667
0.135671,15.366667,14.259999
0.136072,15.393333,14.373332
0.136473,15.366667,14.293333
0.136874,15.419999,14.320000
0.137276,15.493332,14.360000
0.137677,15.419999,14.346666
0.138078,15.473333,14.386666
0.138479,15.460000,14.366666
0.138880,15.520000,14.420000
0.139281,15.526667,14.413333
0.139683,15.573333,14.466667
0.140084,15.573333,14.459999
0.140486,15.599999,14.573334
0.140887,15.593333,14.406667
0.141288,15.619999,14.513333
0.141689,15.660000,14.520000
0.142090,15.626667,14.580000
0.142491,15.720000,14.540000
0.142892,15.720000,14.600000
0.143293,15.753332,14.606667
0.143695,15.753332,14.600000
0.144096,15.833333,14.659999
0.144499,15.813333,14.699999
0.144900,15.860000,14.713333
0.145301,15.853333,14.713333
0.145703,15.879999,14.733334
0.146105,15.886665,14.753333
0.146508,15.933333,14.773334
0.146910,15.926666,14.693333
0.147311,15.966666,14.813333
0.147712,15.953332,14.846666
0.148115,15.993333,14.873333
0.148517,16.000000,14.933333
0.148918,16.026667,14.873333
0.149319,16.066668,14.953333
0.149720,16.080000,15.100000
0.150121,16.099998,14.953333
0.150523,16.113333,14.953333
0.150925,16.066668,14.953333
0.151327,16.173334,14.953333
0.151729,16.193333,15.073333
0.152130,16.219999,15.106667
0.152531,16.213333,15.080000
0.152933,16.259998,15.106667
0.153334,16.266666,15.133333
0.153736,16.213333,15.173333
0.154137,16.346666,15.200000
0.154539,16.346666,15.219999
0.154945,16.353333,15.173333
0.155346,16.406666,15.246666
0.155749,16.366665,15.219999
0.156151,16.400000,15.306666
0.156552,16.346666,15.300000
0.156953,16.486666,15.280000
0.157355,16.486666,15.226665
0.157758,16.359999,15.326667
0.158161,16.533333,15.326667
0.158562,16.499998,15.393333
0.158963,16.600000,15.406667
0.159364,16.600000,15.400000
0.159765,16.593334,15.406667
0.160166,16.580000,15.433333
0.160568,16.626665,15.486666
0.160970,16.646666,15.480000
0.161371,16.673332,15.486666
0.161772,16.639999,15.546666
0.162174,16.740000,15.573333
0.162576,16.719999,15.566667
0.162977,16.746666,15.586667
0.163378,16.779999,15.586667
0.163779,16.773333,15.653334
0.164181,16.793333,15.646666
0.164582,16.813334,15.646666
0.164983,16.813334,15.666666
0.165385,16.840000,15.673333
0.165786,16.826666,15.720000
0.166187,16.873333,15.746666
0.166589,16.873333,15.740000
0.166990,16.913332,15.853333
0.167391,16.926666,15.806666
0.167792,16.913332,15.766666
0.168193,16.920000,15.786667
0.168594,16.920000,15.786667
0.168995,16.959999,15.826667
0.169396,16.980000,15.853333
0.169797,16.953333,15.866667
0.170199,17.000000,15.900000
0.170601,17.006666,15.920000
0.171002,17.033333,15.960000
0.171404,17.046665,15.940000
0.171806,17.019999,15.960000
0.172207,17.080000,15.619999
0.172609,17.106667,15.980000
0.173010,17.073334,15.993333
0.173411,17.106667,15.946666
0.173812,17.133333,16.073334
0.174213,17.100000,16.046667
0.174614,17.173332,16.099998
0.175015,17.193333,16.106665
0.175416,17.233334,16.066668
0.175818,17.219999,16.099998
0.176220,17.273333,16.160000
0.176621,17.199999,16.153334
0.177022,17.279999,16.193333
0.177423,17.293333,16.273333
0.177825,17.320000,16.233332
0.178226,17.326666,16.240000
0.178627,17.326666,16.266666
0.179028,17.353333,16.266666
0.179430,17.353333,16.273333
0.179832,17.419998,16.126665
0.180233,17.413332,16.320000
0.180634,17.439999,16.359999
0.181035,17.439999,16.279999
0.181437,17.413332,16.353333
0.181838,17.413332,16.413332
0.182239,17.473333,16.393333
0.182640,17.486666,16.506666
0.183041,17.506666,16.466667
0.183442,17.613333,16.413332
0.183845,17.539999,16.526667
0.184246,17.566666,16.526667
0.184648,17.593332,16.473333
0.185049,17.606667,16.506666
0.185450,17.613333,16.539999
0.185851,17.619999,16.553333
0.186252,17.639999,16.586666
0.186654,17.660000,16.553333
0.187055,17.660000,16.653332
0.187456,17.679998,16.613333
0.187858,17.713333,16.639999
0.188259,17.753334,16.713333
0.188661,17.679998,16.666666
0.189062,17.699999,16.619999
0.189463,17.766666,16.680000
0.189865,17.760000,16.693333
0.190267,17.760000,16.706667
0.190668,17.780001,16.646666
0.191069,17.806665,16.759998
0.191470,17.826666,16.833334
0.191871,17.893333,16.786665
0.192273,17.846666,16.793333
0.192677,17.879999,16.786665
0.193080,17.846666,16.826666
0.193481,17.900000,16.820000
0.193882,17.913334,16.826666
0.194284,17.920000,16.806665
0.194685,17.966665,16.799999
0.195087,17.906668,16.886665
0.195488,17.986666,16.886665
0.195889,18.006666,16.900000
0.196290,18.006666,16.900000
0.196691,18.013332,16.920000
0.197093,18.006666,16.913332
0.197494,18.033333,16.946667
0.197896,18.026667,16.786665
0.198297,18.073332,16.953333
0.198698,18.099998,16.959999
0.199100,18.146666,16.959999
0.199501,18.106667,16.946667
0.199902,18.166666,16.980000
0.200303,18.126667,17.039999
0.200704,18.180000,16.980000
0.201105,18.146666,17.019999
0.201507,18.160000,17.039999
0.201908,18.173334,17.039999
0.202309,18.193333,16.986668
0.202710,18.180000,17.113333
0.203112,18.219999,17.100000
0.203514,18.219999,17.066666
0.203915,18.233332,17.173332
0.204316,18.253332,17.113333
0.204717,18.273333,17.106667
0.205118,18.359999,17.233334
0.205519,18.273333,17.173332
0.205921,18.293333,17.186666
0.206322,18.293333,17.153332
0.206724,18.420000,17.199999
0.207126,18.320000,17.219999
0.207527,18.280001,17.219999
0.207928,18.280001,17.266666
0.208329,18.373333,17.106667
0.208731,18.393333,17.279999
0.209133,18.393333,17.206667
0.209535,18.426666,17.279999
0.209937,18.433334,17.293333
0.210338,18.426666,17.293333
0.210739,18.433334,17.313332
0.211140,18.433334,17.313332
0.211542,18.480000,17.293333
0.211943,18.493332,17.346666
0.212344,18.513332,17.333332
0.212745,18.520000,17.313332
0.213146,18.500000,17.320000
0.213548,18.420000,17.413332
0.213950,18.546667,17.400000
0.214351,18.553333,17.380001
0.214752,18.599998,17.419998
0.215153,18.593332,17.159998
0.215555,18.580000,17.413332
0.215956,18.613333,17.419998
0.216357,18.599998,17.453333
0.216758,18.593332,17.486666
0.217160,18.626665,17.473333
0.217561,18.759998,17.466665
0.217962,18.646666,17.486666
0.218363,18.673334,17.513334
0.218765,18.673334,17.533333
0.219166,18.686666,17.539999
0.219567,18.700001,17.513334
0.219969,18.666666,17.593332
0.220370,18.713333,17.533333
0.220772,18.680000,17.593332
0.221173,18.853333,17.606667
0.221575,18.746666,17.606667
0.221976,18.753332,17.613333
0.222377,18.773333,17.493334
0.222778,18.793333,17.619999
0.223179,18.799999,17.633333
0.223581,18.820000,17.719999
0.223982,18.826666,17.619999
0.224383,18.846666,17.686666
0.224784,18.766666,17.693333
0.225186,18.813334,17.746666
0.225587,18.906666,17.693333
0.225988,18.866665,17.719999
0.226389,18.879999,17.733334
0.226791,18.879999,17.706665
0.227193,18.900000,17.760000
0.227594,18.926666,17.673332
0.227995,18.920000,17.733334
0.228396,18.873333,17.746666
0.228797,18.920000,17.786667
0.229198,19.019999,17.806665
0.229600,18.980000,17.780001
0.230001,18.993332,17.793333
0.230402,18.973333,17.793333
0.230804,18.999998,17.813332
0.231205,19.026667,17.840000
0.231607,19.013332,17.886667
0.232008,19.019999,17.813332
0.232409,19.019999,17.846666
0.232811,19.033333,17.846666
0.233212,19.059999,17.886667
0.233614,19.066666,18.020000
0.234016,19.059999,17.853333
0.234417,19.093334,17.886667
0.234819,19.080000,17.913334
0.235220,19.106667,17.926666
0.235622,19.066666,17.906668
0.236024,18.960001,17.913334
0.236426,19.113333,17.913334
0.236828,19.133331,17.966665
0.237229,19.119999,17.953333
0.237631,19.153332,17.913334
0.238033,19.153332,17.973333
0.238434,19.193333,17.973333
0.238836,19.146666,17.939999
0.239237,19.166666,17.959999
0.239639,19.180000,18.020000
0.240041,19.193333,18.026667
0.240442,19.213333,18.000000
0.240845,19.293333,17.926666
0.241246,19.166666,18.020000
0.241648,19.233334,18.000000
0.242050,19.226667,18.020000
0.242452,19.240000,17.939999
0.242853,19.266666,18.033333
0.243254,19.266666,18.079998
0.243656,19.279999,18.073332
0.244058,19.306665,18.099998
0.244459,19.286665,18.086666
0.244860,19.293333,18.086666
0.245262,19.340000,17.966665
0.245663,19.299999,18.126667
0.246065,19.393332,18.099998
0.246466,19.206667,18.099998
0.246867,19.326666,18.126667
0.247268,19.366667,18.139999
0.247669,19.173332,18.059999
0.248071,19.340000,17.926666
0.248473,19.353334,18.253332
0.248874,19.360001,18.186666
0.249275,19.340000,18.106667
0.249677,19.393332,18.206665
0.250078,19.373333,18.160000
0.250480,19.393332,18.193333
0.250881,19.286665,18.160000
0.251282,19.420000,18.226665
0.251683,19.439999,18.193333
0.252084,19.439999,18.213333
0.252485,19.426666,18.240000
0.252887,19.446667,18.206665
0.253288,19.433332,18.213333
0.253690,19.459999,18.226665
0.254091,19.446667,18.233332
0.254492,19.433332,18.166666
0.254893,19.446667,18.246666
0.255295,19.466667,18.253332
0.255697,19.480000,18.266666
0.256099,19.659998,18.273333
0.256500,19.453333,18.253332
0.256901,19.506666,18.273333
0.257302,19.459999,18.286667
0.257704,19.539999,18.273333
0.258105,19.519999,18.293333
0.258507,19.593332,18.320000
0.258909,19.453333,18.286667
0.259310,19.566666,18.473331
0.259711,19.546665,18.326666
0.260112,19.533333,18.326666
0.260514,19.553333,18.333332
0.260915,19.459999,18.333332
0.261316,19.559999,18.333332
0.261718,19.580000,18.346666
0.262119,19.613333,18.373333
0.262521,19.573334,18.339998
0.262922,19.533333,18.306667
0.263324,19.639999,18.379999
0.263726,19.653332,18.373333
0.264127,19.593332,18.359999
0.264528,19.633333,18.400000
0.264930,19.626667,18.379999
0.265331,19.620001,18.493332
0.265732,19.633333,18.406666
0.266133,19.519999,18.400000
0.266535,19.646666,18.400000
0.266936,19.773333,18.386665
0.267337,19.639999,18.400000
0.267738,19.666666,18.426666
0.268139,19.639999,18.406666
0.268541,19.673332,18.446667
0.268943,19.686666,18.400000
0.269345,19.673332,18.333332
0.269746,19.653332,18.413334
0.270147,19.679998,18.426666
0.270548,19.699999,18.406666
0.270950,19.740000,18.453333
0.271351,19.713333,18.393333
0.271752,19.686666,18.459999
0.272153,19.713333,18.459999
0.272555,19.706667,18.459999
0.272957,19.719999,18.466665
0.273358,19.706667,18.440001
0.273759,19.726667,18.446667
0.274160,19.673332,18.506666
0.274561,19.740000,18.506666
0.274963,19.760000,18.486666
0.275364,19.740000,18.566668
0.275765,19.740000,18.520000
0.276166,19.733334,18.520000
0.276567,19.740000,18.486666
0.276969,19.753334,18.473331
0.277371,19.760000,18.586666
0.277772,19.746666,18.466665
0.278173,19.713333,18.566668
0.278574,19.746666,18.513332
0.278975,19.793333,18.526667
0.279376,19.786665,18.513332
0.279778,19.753334,18.526667
0.280180,19.740000,18.526667
0.280581,19.779999,18.486666
0.280983,19.806665,18.546667
0.281384,19.746666,18.559999
0.281785,19.793333,18.520000
0.282186,19.840000,18.526667
0.282588,19.820000,18.566668
0.282989,19.866667,18.366667
0.283390,19.786665,18.613333
0.283792,19.760000,18.526667
0.284193,19.753334,18.459999
0.284594,19.793333,18.526667
0.284995,19.806665,18.506666
0.285396,19.733334,18.526667
0.285797,19.793333,18.526667
0.286198,19.799999,18.526667
0.286600,19.806665,18.539999
0.287002,19.820000,18.553333
0.287404,19.813332,18.526667
0.287806,19.806665,18.566668
0.288207,19.833332,18.586666
0.288608,19.820000,18.566668
0.289010,19.853333,18.566668
0.289411,19.806665,18.599998
0.289812,19.786665,18.566668
0.290213,19.826666,18.486666
0.290615,19.833332,18.566668
0.291016,19.773333,18.553333
0.291417,19.860001,18.553333
0.291818,19.779999,18.853333
0.292219,19.813332,18.553333
0.292621,19.833332,18.700001
0.293022,19.846666,18.580000
0.293423,19.846666,18.580000
0.293825,19.860001,18.680000
0.294227,19.833332,18.566668
0.294628,19.840000,18.526667
0.295030,19.833332,18.580000
0.295432,19.880001,18.606665
0.295834,19.840000,18.573334
0.296235,19.846666,18.580000
0.296637,19.893333,18.566668
0.297038,19.886667,18.566668
0.297440,19.860001,18.566668
0.297841,19.833332,18.553333
0.298242,19.886667,18.646666
0.298644,19.793333,18.586666
0.299045,19.840000,18.539999
0.299446,19.813332,18.580000
0.299847,19.820000,18.553333
0.300249,19.840000,18.546667
0.300650,19.779999,18.553333
0.301052,19.840000,18.586666
0.301454,19.826666,18.580000
0.301856,19.840000,18.566668
0.302258,19.860001,18.566668
0.302659,19.840000,18.566668
0.303061,19.799999,18.553333
0.303463,19.626667,18.553333
0.303864,19.840000,18.580000
0.304265,19.833332,18.580000
0.304667,19.900000,18.646666
0.305069,19.833332,18.566668
0.305470,19.833332,18.653334
0.305872,19.846666,18.599998
0.306274,19.853333,18.493332
0.306676,19.840000,18.580000
0.307077,19.833332,18.533333
0.307478,19.886667,18.566668
0.307880,19.820000,18.580000
0.308282,19.853333,18.553333
0.308684,19.826666,18.539999
0.309085,19.806665,18.566668
0.309486,19.813332,18.580000
0.309887,19.840000,18.539999
0.310288,19.820000,18.566668
0.310690,19.820000,18.553333
0.311091,19.840000,18.586666
0.311492,19.840000,18.513332
0.311893,19.820000,18.580000
0.312294,19.813332,18.526667
0.312696,19.766666,18.526667
0.313097,19.806665,18.553333
0.313498,19.806665,18.559999
0.313900,19.806665,18.580000
0.314301,19.793333,18.553333
0.314703,19.813332,18.546667
0.315104,19.793333,18.546667
0.315505,19.793333,18.459999
0.315906,19.880001,18.526667
0.316307,19.699999,18.553333
0.316709,19.786665,18.526667
0.317111,19.533333,18.539999
0.317512,19.820000,18.533333
0.317914,19.786665,18.526667
0.318315,19.753334,18.539999
0.318717,19.766666,18.520000
0.319118,19.760000,18.566668
0.319520,19.719999,18.426666
0.319921,19.760000,18.520000
0.320322,19.746666,18.526667
0.320725,19.726667,18.480000
0.321126,19.746666,18.506666
0.321527,19.773333,18.493332
0.321928,19.740000,18.493332
0.322329,19.740000,18.513332
0.322731,19.753334,18.520000
0.323133,19.733334,18.473331
0.323534,19.740000,18.533333
0.323936,19.833332,18.513332
0.324337,19.726667,18.613333
0.324738,19.719999,18.453333
0.325139,19.699999,18.466665
0.325541,19.726667,18.426666
0.325942,19.706667,18.500000
0.326343,19.713333,18.466665
0.326744,19.699999,18.446667
0.327145,19.693333,18.420000
0.327547,19.693333,18.313334
0.327948,19.699999,18.426666
0.328349,19.693333,18.453333
0.328751,19.713333,18.446667
0.329153,19.673332,18.459999
0.329554,19.679998,18.426666
0.329955,19.666666,18.459999
0.330356,19.659998,18.440001
0.330757,19.659998,18.400000
0.331158,19.659998,18.413334
0.331560,19.653332,18.406666
0.331961,19.646666,18.379999
0.332362,19.639999,18.400000
0.332765,19.679998,18.440001
0.333166,19.626667,18.406666
0.333567,19.633333,18.400000
0.333968,19.733334,18.393333
0.334369,19.633333,18.400000
0.334771,19.626667,18.400000
0.335172,19.600000,18.373333
0.335573,19.593332,18.359999
0.335974,19.620001,18.379999
0.336375,19.573334,18.333332
0.336777,19.593332,18.339998
0.337179,19.593332,18.353333
0.337580,19.566666,18.333332
0.337981,19.573334,18.346666
0.338382,19.553333,18.333332
0.338784,19.539999,18.393333
0.339185,19.546665,18.313334
0.339586,19.593332,18.273333
0.339987,19.546665,18.313334
0.340388,19.539999,18.313334
0.340789,19.553333,18.286667
0.341190,19.480000,18.306667
0.341591,19.593332,18.280001
0.341992,19.480000,18.306667
0.342393,19.533333,18.339998
0.342795,19.506666,18.206665
0.343196,19.493334,18.266666
0.343598,19.486668,18.266666
0.343999,19.533333,18.266666
0.344400,19.506666,18.266666
0.344802,19.500000,18.260000
0.345204,19.446667,18.233332
0.345605,19.466667,18.233332
0.346006,19.426666,18.219999
0.346407,19.433332,18.213333
0.346809,19.466667,18.206665
0.347211,19.379999,18.213333
0.347612,19.446667,18.186666
0.348014,19.426666,18.359999
0.348415,19.413332,18.199999
0.348817,19.413332,18.186666
0.349218,19.373333,18.186666
0.349619,19.386665,18.146666
0.350020,19.379999,18.199999
0.350421,19.366667,18.219999
0.350822,19.379999,18.180000
0.351223,19.360001,18.180000
0.351624,19.340000,18.146666
0.352025,19.346666,18.126667
0.352426,19.333334,18.139999
0.352828,19.326666,18.139999
0.353229,19.313334,18.106667
0.353630,19.320000,18.126667
0.354031,19.313334,18.086666
0.354433,19.286665,18.093332
0.354835,19.293333,18.106667
0.355236,19.333334,18.079998
0.355637,19.279999,18.346666
0.356039,19.253332,18.020000
0.356441,19.226667,18.046667
0.356843,19.246666,18.033333
0.357245,19.186666,18.126667
0.357646,19.279999,18.033333
0.358048,19.213333,18.033333
0.358450,19.259998,18.020000
0.358852,19.206667,17.886667
0.359253,19.186666,18.020000
0.359655,19.200001,18.013332
0.360057,19.200001,18.006666
0.360458,19.160000,18.006666
0.360859,19.166666,17.973333
0.361260,19.146666,18.006666
0.361662,19.139999,17.946665
0.362063,19.113333,17.939999
0.362465,19.126665,17.939999
0.362866,19.106667,17.920000
0.363268,19.119999,17.926666
0.363670,19.133331,17.893333
0.364071,19.046667,17.980000
0.364472,19.073334,17.893333
0.364873,19.046667,17.893333
0.365274,19.066666,17.886667
0.365676,19.133331,17.886667
0.366078,19.053333,17.846666
0.366479,19.006666,17.886667
0.366880,19.026667,17.813332
0.367281,18.993332,17.853333
0.367683,18.999998,17.840000
0.368084,19.026667,17.813332
0.368485,18.986666,17.846666
0.368887,18.986666,17.813332
0.369288,18.986666,17.813332
0.369690,18.946667,17.746666
0.370091,18.953333,17.793333
0.370492,18.940001,17.780001
0.370893,18.926666,17.766666
0.371294,18.873333,17.746666
0.371696,18.893333,17.859999
0.372098,18.906666,17.746666
0.372499,18.866665,17.726665
0.372900,18.893333,17.726665
0.373302,18.866665,17.706665
0.373704,18.846666,17.673332
0.374105,18.866665,17.813332
0.374507,18.826666,17.613333
0.374908,18.786667,17.673332
0.375309,18.993332,17.673332
0.375710,18.826666,17.653334
0.376111,18.806667,17.619999
0.376512,18.793333,17.639999
0.376914,18.806667,17.606667
0.377315,18.766666,17.619999
0.377717,18.766666,17.619999
0.378118,18.753332,17.600000
0.378519,18.726665,17.593332
0.378920,18.713333,17.539999
0.379322,18.646666,17.593332
0.379724,18.719999,17.539999
0.380125,18.680000,17.533333
0.380527,18.680000,17.500000
0.380928,18.673334,17.520000
0.381329,18.660000,17.526667
0.381731,18.626665,17.486666
0.382132,18.646666,17.473333
0.382534,18.573334,17.600000
0.382935,18.680000,17.473333
0.383337,18.606665,17.466665
0.383738,18.586666,17.373333
0.384140,18.580000,17.360001
0.384541,18.573334,17.400000
0.384943,18.573334,17.360001
0.385344,18.546667,17.419998
0.385745,18.533333,17.333332
0.386147,18.539999,17.380001
0.386549,18.520000,17.366667
0.386950,18.493332,17.333332
0.387352,18.459999,17.346666
0.387753,18.480000,17.333332
0.388155,18.480000,17.313332
0.388556,18.459999,17.306665
0.388957,18.473331,17.320000
0.389358,18.400000,17.286665
0.389759,18.413334,17.266666
0.390160,18.433334,17.306665
0.390561,18.373333,17.253334
0.390962,18.400000,17.240000
0.391363,18.359999,17.219999
0.391764,18.366667,17.179998
0.392165,18.393333,17.219999
0.392567,18.313334,17.179998
0.392968,18.299999,17.186666
0.393369,18.313334,17.173332
0.393771,18.286667,17.166666
0.394172,18.293333,17.159998
0.394574,18.273333,17.166666
0.394975,18.266666,17.073334
0.395376,18.213333,17.100000
0.395778,18.206665,17.106667
0.396179,18.213333,17.093332
0.396581,18.219999,17.059999
0.396983,18.180000,16.906666
0.397384,18.180000,17.039999
0.397785,18.166666,17.039999
0.398186,18.046667,17.039999
0.398588,18.126667,17.039999
0.398989,18.146666,16.986668
0.399390,18.119999,16.926666
0.399792,18.046667,16.973333
0.400193,18.066666,16.953333
0.400594,18.059999,16.920000
0.400995,18.073332,17.039999
0.401396,18.040001,16.906666
0.401797,18.059999,16.926666
0.402199,18.020000,16.926666
0.402600,18.013332,16.900000
0.403001,17.766666,16.860001
0.403402,17.959999,16.900000
0.403803,17.953333,16.860001
0.404204,17.920000,16.833334
0.404605,17.959999,16.886665
0.405008,17.959999,16.846666
0.405409,17.920000,16.833334
0.405811,17.886667,16.806665
0.406212,17.846666,16.793333
0.406613,17.893333,16.786665
0.407015,17.859999,16.786665
0.407417,17.846666,16.786665
0.407818,17.879999,16.779999
0.408220,17.786667,16.713333
0.408621,17.826666,16.713333
0.409022,17.773333,16.706667
0.409424,17.760000,16.713333
0.409826,17.746666,16.680000
0.410228,17.753334,16.666666
0.410629,17.746666,16.673332
0.411031,17.713333,16.619999
0.411432,17.706665,16.646666
0.411834,17.693333,16.619999
0.412235,17.760000,16.619999
0.412637,17.646667,16.626665
0.413038,17.406666,16.420000
0.413439,17.606667,16.526667
0.413841,17.619999,16.460001
0.414243,17.593332,16.526667
0.414644,17.559999,16.446667
0.415045,17.520000,16.506666
0.415446,17.480000,16.453333
0.415847,17.513334,16.453333
0.416248,17.520000,16.440001
0.416649,17.466665,16.193333
0.417050,17.500000,16.400000
0.417451,17.439999,16.466667
0.417853,17.453333,16.359999
0.418255,17.439999,16.353333
0.418657,17.400000,16.299999
0.419058,17.386667,16.346666
0.419460,17.386667,16.346666
0.419861,17.393333,16.266666
0.420262,17.313332,16.273333
0.420664,17.340000,16.333334
0.421065,17.333332,16.313334
0.421466,17.333332,16.213333
0.421867,17.326666,16.193333
0.422268,17.279999,16.193333
0.422669,17.279999,16.186666
0.423070,17.260000,16.000000
0.423471,17.219999,16.233332
0.423872,17.226667,16.080000
0.424274,17.186666,16.080000
0.424676,17.066666,16.066668
0.425077,17.093332,16.099998
0.425478,17.179998,16.059999
0.425880,17.139999,16.099998
0.426281,17.106667,16.006666
0.426683,17.066666,15.980000
0.427085,17.080000,15.980000
0.427486,17.100000,15.960000
0.427888,17.053333,15.946666
0.428289,17.006666,15.926666
0.428690,16.993334,15.913334
0.429092,17.013332,15.920000
0.429493,16.993334,15.893333
0.429895,16.953333,15.920000
0.430296,16.926666,15.780001
0.430697,16.920000,15.786667
0.431099,16.920000,15.773333
0.431500,16.900000,15.786667
0.431901,16.900000,15.740000
0.432303,16.846666,15.673333
0.432704,16.893332,15.740000
0.433105,16.813334,15.606667
0.433506,16.846666,15.839999
0.433907,16.873333,15.693334
0.434308,16.826666,15.639999
0.434710,16.799999,15.646666
0.435112,16.786665,15.653334
0.435513,16.786665,15.633333
0.435915,16.766666,15.606667
0.436316,16.746666,15.833333
0.436717,16.713333,15.560000
0.437119,16.680000,15.566667
0.437521,16.700001,15.520000
0.437923,16.680000,15.500000
0.438326,16.573334,15.480000
0.438728,16.619999,15.433333
0.439129,16.613333,15.386667
0.439530,16.613333,15.379999
0.439933,16.600000,15.393333
0.440334,16.573334,15.400000
0.440736,16.626665,15.473333
0.441137,16.499998,15.433333
0.441538,16.580000,15.340000
0.441944,16.279999,15.260000
0.442347,16.440001,15.293332
0.442749,16.446667,15.300000
0.443150,16.386665,15.246666
0.443551,16.400000,15.219999
0.443953,16.346666,15.240000
0.444354,16.353333,15.219999
0.444756,16.313334,15.219999
0.445158,16.299999,14.946667
0.445560,16.266666,15.126667
0.445961,16.259998,15.106667
0.446363,16.166666,15.086666
0.446765,16.219999,15.073333
0.447166,16.219999,15.080000
0.447567,16.139999,14.953333
0.447969,16.133333,14.953333
0.448371,16.139999,14.953333
0.448772,16.126665,14.953333
0.449173,16.139999,14.906667
0.449575,16.046667,14.933333
0.449977,16.266666,14.933333
0.450379,15.953332,14.873333
0.450780,16.006666,14.860001
0.451182,16.006666,14.873333
0.451583,15.966666,14.813333
0.451984,15.940000,14.813333
0.452387,15.946666,14.813333
0.452789,15.940000,14.786666
0.453192,15.886665,14.719999
0.453594,15.860000,14.753333
0.453995,15.846667,14.693333
0.454396,15.833333,14.766665
0.454798,15.846667,14.693333
0.455199,15.780001,14.693333
0.455601,15.786667,14.659999
0.456002,15.726666,14.679999
0.456403,15.733333,14.673333
0.456806,15.700000,14.606667
0.457207,15.786667,14.513333
0.457608,15.653334,14.553333
0.458009,15.633333,14.540000
0.458411,15.606667,14.499999
0.458812,15.546666,14.486667
0.459213,15.433333,14.540000
0.459615,15.546666,14.446667
0.460016,15.546666,14.446667
0.460417,15.486666,14.420000
0.460818,15.506666,14.433332
0.461220,15.480000,14.386666
0.461621,15.433333,14.326666
0.462023,15.393333,14.286666
0.462426,15.460000,14.346666
0.462828,15.373333,14.293333
0.463231,15.346666,14.239999
0.463632,15.313333,14.259999
0.464034,15.313333,14.206667
0.464436,15.306666,14.200001
0.464838,15.173333,14.173332
0.465239,15.240000,14.140000
0.465640,15.200000,14.200001
0.466041,15.213333,14.160000
0.466442,15.179999,14.099999
0.466844,15.026666,14.080000
0.467245,15.040000,14.013333
0.467647,15.100000,14.033333
0.468048,15.100000,14.046667
0.468449,15.006666,14.033333
0.468851,14.953333,14.006667
0.469252,14.953333,13.960000
0.469653,14.953333,13.966666
0.470055,14.893332,13.900000
0.470456,14.886666,13.900000
0.470858,14.926667,13.880000
0.471259,14.893332,13.880000
0.471661,14.866667,13.833333
0.472062,14.846666,13.860000
0.472463,14.713333,13.820000
0.472865,14.773334,13.786667
0.473266,14.773334,13.779999
0.473668,14.719999,13.806667
0.474070,14.726667,13.353333
0.474471,14.726667,13.593333
0.474872,14.866667,13.693333
0.475273,14.593332,13.673334
0.475676,14.666667,13.740001
0.476077,14.626666,13.633333
0.476479,14.600000,13.593333
0.476880,14.600000,13.613334
0.477281,14.533334,13.553333
0.477683,14.520000,13.533333
0.478084,14.513333,13.533333
0.478485,14.486667,13.473332
0.478886,14.446667,13.466666
0.479287,14.520000,13.453332
0.479689,14.420000,13.393333
0.480092,14.380000,13.393333
0.480493,14.380000,13.393333
0.480894,14.326666,13.266666
0.481295,14.313334,13.393333
0.481697,14.273334,13.313333
0.482098,14.140000,13.293333
0.482499,14.246667,13.293333
0.482900,14.206667,13.280000
0.483302,14.206667,13.240000
0.483704,14.126666,13.206666
0.484105,14.113334,13.200000
0.484506,14.166666,13.233334
0.484909,14.153333,13.179999
0.485310,14.133332,13.146667
0.485711,14.059999,13.113333
0.486113,14.126666,13.093333
0.486515,14.026667,13.046666
0.486917,13.999999,13.066667
0.487318,13.986667,13.026667
0.487719,13.933332,12.980000
0.488120,13.960000,12.553333
0.488521,13.913332,12.940000
0.488923,13.900000,12.953333
0.489325,13.606666,12.926666
0.489726,13.880000,12.926666
0.490128,13.813334,12.873333
0.490529,13.806667,12.866666
0.490931,13.700000,12.826667
0.491333,13.733333,12.826667
0.491734,13.700000,12.786666
0.492135,13.713332,12.740000
0.492536,13.700000,12.780000
0.492938,13.646666,12.740000
0.493339,13.633333,12.706667
0.493740,13.620000,12.700000
0.494141,13.579999,12.646667
0.494542,13.586667,12.646667
0.494943,13.546667,12.593333
0.495344,13.446666,12.606667
0.495746,13.486667,12.580000
0.496149,13.506666,12.553333
0.496550,13.453332,12.520000
0.496952,13.406666,12.486667
0.497353,13.339999,12.513333
0.497754,13.420000,12.426666
0.498156,13.360000,12.459999
0.498557,13.326666,12.420000
0.498958,13.300000,12.420000
0.499359,13.293333,12.393332
0.499760,13.213333,12.400000
0.500163,13.273334,12.313334
0.500564,13.206666,12.346666
0.500965,13.193333,12.346666
0.501366,13.133333,12.259999
0.501769,13.100000,12.240000
0.502170,13.153334,12.273333
0.502571,13.080000,12.153333
0.502972,13.080000,12.186666
0.503375,13.046666,12.093333
0.503777,13.040000,12.066666
0.504178,12.986666,12.066666
0.504579,12.966667,12.020000
0.504980,12.946667,12.059999
0.505381,12.946667,12.020000
0.505783,12.893333,12.013333
0.506185,12.820000,11.973333
0.506587,12.840000,11.920000
0.506989,12.826667,11.933332
0.507390,12.880000,11.893333
0.507792,12.799999,11.893333
0.508193,12.746666,11.873333
0.508595,12.766666,11.753333
0.508997,12.693334,11.640000
0.509399,12.679999,11.799999
0.509800,12.673333,11.786667
0.510202,12.660000,11.726666
0.510603,12.606667,11.713333
0.511005,12.593333,11.726666
0.511406,12.573334,11.679999
0.511807,12.540000,11.660000
0.512209,12.500000,11.620000
0.512611,12.500000,11.626666
0.513012,12.533333,11.580000
0.513413,12.426666,11.553333
0.513815,12.426666,11.539999
0.514217,12.413333,11.866666
0.514618,12.300000,11.486667
0.515019,12.366667,11.473332
0.515421,12.380000,11.460000
0.515823,12.246667,11.453334
0.516224,12.280000,11.440000
0.516626,12.226666,11.360000
0.517028,12.253333,11.446667
0.517431,12.213333,11.353333
0.517832,12.200000,11.326667
0.518233,12.113334,11.286666
0.518634,12.120000,11.266666
0.519036,12.073333,11.233333
0.519439,12.086666,11.233333
0.519841,12.053333,11.193334
0.520243,12.046667,11.173333
0.520644,11.986667,11.146667
0.521046,11.953333,11.433333
0.521447,11.933332,11.053333
0.521848,11.906667,11.079999
0.522251,11.860000,11.033333
0.522652,11.873333,11.079999
0.523054,11.840000,11.020000
0.523455,11.846666,11.006666
0.523857,11.820000,10.960000
0.524258,11.700000,10.926667
0.524660,11.713333,10.933333
0.525061,11.706667,10.893332
0.525462,11.726666,10.860000
0.525864,11.679999,10.900000
0.526266,11.646667,10.840000
0.526668,11.626666,10.726666
0.527069,11.593333,10.773334
0.527471,11.539999,10.840000
0.527872,11.500000,10.706666
0.528273,11.520000,10.700000
0.528677,11.513333,10.706666
0.529078,11.413333,10.660000
0.529479,11.480000,10.660000
0.529881,11.400000,10.613333
0.530282,11.400000,10.593333
0.530684,11.413333,10.533334
0.531085,11.386666,10.520000
0.531486,11.366667,10.513333
0.531888,11.280000,10.480000
0.532289,11.273333,10.480000
0.532690,11.400000,10.480000
0.533091,11.193334,10.406667
0.533492,11.273333,10.320000
0.533894,11.160000,10.320000
0.534295,11.139999,10.353333
0.534697,11.113334,10.493333
0.535098,11.106667,10.326667
0.535501,11.066667,10.320000
0.535903,11.073333,10.246666
0.536305,11.020000,10.246666
0.536706,11.000000,10.233333
0.537107,10.913333,10.179999
0.537508,10.893332,10.173333
0.537909,10.933333,10.140000
0.538312,10.886666,10.126667
0.538713,10.840000,10.086666
0.539114,10.840000,10.106667
0.539515,10.800000,10.046666
0.539917,10.793333,10.040000
0.540318,10.766666,10.006667
0.540719,10.740000,9.973333
0.541120,10.720000,9.966666
0.541521,10.726666,9.820000
0.541922,10.700000,9.959999
0.542325,10.673333,9.860000
0.542726,10.600000,9.860000
0.543127,10.600000,9.826666
0.543529,10.573333,9.806666
0.543930,10.533334,9.793333
0.544333,10.486666,9.740000
0.544735,10.473333,9.740000
0.545137,10.466667,9.733334
0.545538,10.473333,9.706666
0.545944,10.413333,9.680000
0.546347,10.360000,9.606667
0.546749,10.306666,9.633333
0.547150,10.266666,9.613334
0.547551,10.353333,9.553333
0.547953,10.286666,9.586666
0.548355,10.253333,9.580000
0.548757,10.179999,9.646667
0.549159,10.233333,9.520000
0.549561,10.240000,9.346666
0.549963,10.153333,9.473333
0.550365,10.140000,9.346666
0.550766,10.133333,9.346666
0.551168,10.093333,9.346666
0.551569,10.080000,9.346666
0.551970,10.000000,9.313333
0.552372,10.033333,9.273334
0.552773,9.986667,9.320000
0.553176,9.959999,9.193333
0.553577,9.940001,9.206667
0.553979,9.940001,9.213333
0.554381,9.920000,9.166666
0.554783,9.839999,9.106667
0.555184,9.846666,9.106667
0.555585,9.793333,9.093333
0.555987,9.793333,9.066667
0.556388,9.800000,9.066667
0.556789,9.766666,9.006666
0.557190,9.726666,9.006666
0.557591,9.553333,8.986667
0.557992,9.686666,8.953334
0.558393,9.713333,9.006666
0.558794,9.660000,8.839999
0.559197,9.613334,8.866667
0.559598,9.593333,8.880000
0.559999,9.553333,8.826667
0.560400,9.533333,8.760000
0.560802,9.480000,8.793333
0.561203,9.473333,8.740000
0.561604,9.320000,8.833333
0.562006,9.400000,8.660000
0.562408,9.346666,8.733333
0.562810,9.326667,8.666666
0.563212,9.340000,8.646667
0.563613,9.320000,8.639999
0.564015,9.273334,8.626667
0.564416,9.253333,8.546666
0.564817,9.240000,8.566667
0.565218,9.226666,8.546666
0.565619,9.400000,8.406667
0.566020,9.146667,8.393332
0.566422,9.200000,8.393332
0.566824,9.099999,8.393332
0.567225,8.966666,8.393332
0.567627,9.133333,8.379999
0.568028,9.020000,8.353333
0.568431,9.020000,8.360000
0.568833,8.973332,8.340000
0.569234,8.940000,8.293333
0.569636,8.906666,8.280000
0.570037,8.873333,8.220000
0.570438,8.893333,8.213333
0.570839,8.839999,8.206666
0.571240,8.813334,8.173333
0.571642,8.833333,8.139999
0.572044,8.780000,8.133333
0.572445,8.713333,8.113333
0.572846,8.733333,8.273334
0.573249,8.719999,8.073333
0.573650,8.660000,8.026667
0.574051,8.746667,8.040000
0.574452,8.526667,7.966667
0.574853,8.673333,8.026667
0.575255,8.586666,7.900000
0.575656,8.586666,7.913333
0.576058,8.526667,7.873333
0.576460,8.540000,7.873333
0.576861,8.453333,7.860000
0.577264,8.433333,7.866666
0.577665,8.413333,7.780000
0.578066,8.433333,7.866666
0.578467,8.379999,7.780000
0.578868,8.340000,7.740000
0.579270,8.326666,7.713333
0.579671,8.293333,7.686666
0.580073,8.286667,7.686666
0.580475,8.266666,7.679999
0.580876,8.100000,7.600000
0.581277,8.139999,7.600000
0.581679,8.186666,7.593334
0.582082,8.160000,7.540000
0.582484,8.126666,7.526666
0.582886,8.033334,7.460000
0.583287,8.093333,7.480000
0.583690,8.059999,7.393333
0.584091,8.033334,7.360000
0.584494,8.020000,7.453333
0.584896,7.986666,7.446666
0.585299,7.946667,7.373333
0.585700,7.933333,7.353333
0.586101,7.893333,7.266667
0.586504,7.880000,7.313333
0.586906,7.853333,7.233334
0.587307,7.846667,7.246666
0.587710,7.833333,7.233334
0.588111,7.833333,7.180000
0.588512,7.633333,7.193333
0.588913,7.733333,7.166667
0.589316,7.700000,7.226666
0.589717,7.700000,7.133334
0.590118,7.620000,7.066666
0.590519,7.633333,7.093333
0.590920,7.593334,7.073333
0.591321,7.559999,6.993333
0.591724,7.559999,6.986666
0.592126,7.526666,6.906667
0.592527,7.440000,6.906667
0.592929,7.506667,6.933333
0.593330,7.486667,6.900000
0.593731,7.426666,6.900000
0.594133,7.393333,6.886666
0.594535,7.393333,6.833333
0.594936,7.373333,6.826667
0.595338,7.326666,6.813333
0.595740,7.300000,6.800000
0.596142,7.286667,6.740000
0.596544,7.260000,6.726666
0.596946,7.266667,6.786666
0.597347,7.206666,6.773334
0.597749,7.219999,6.680000
0.598151,7.166667,6.633333
0.598553,7.126667,6.626667
0.598955,7.160000,6.586667
0.599358,6.993333,6.633333
0.599759,7.026667,6.520000
0.600162,7.086666,6.606667
0.600564,7.060000,6.493333
0.600966,7.006667,6.460000
0.601367,6.986666,6.406667
0.601768,6.953333,6.406667
0.602171,6.920000,6.360000
0.602572,6.913333,6.360000
0.602974,6.920000,6.313334
0.603376,6.880000,6.300000
0.603777,6.833333,6.293333
0.604179,6.820000,6.286667
0.604581,6.813333,6.266666
0.604983,6.773334,6.233333
0.605385,6.766666,6.546667
0.605787,6.726666,6.186666
0.606188,6.646667,6.186666
0.606589,6.646667,6.153333
0.606991,6.633333,6.100000
0.607393,6.620000,6.073333
0.607795,6.466667,6.033333
0.608196,6.620000,5.980000
0.608598,6.500000,6.080000
0.608999,6.533333,6.033333
0.609400,6.473333,5.946667
0.609801,6.480000,5.953333
0.610203,6.446667,5.940000
0.610604,6.393333,5.886667
0.611006,6.386667,5.853333
0.611407,6.373333,5.886667
0.611808,6.320000,5.853333
0.612209,6.306666,5.880000
0.612610,6.286667,5.826667
0.613011,6.260000,5.760000
0.613413,6.260000,5.780000
0.613814,6.260000,5.733333
0.614215,6.200000,5.713333
0.614616,6.186666,5.706666
0.615018,6.113333,5.706666
0.615419,6.153333,5.626667
0.615820,6.113333,5.600000
0.616221,6.106667,5.626667
0.616622,5.993333,5.520000
0.617023,6.120000,5.593333
0.617425,6.133333,5.520000
0.617828,6.000000,5.560000
0.618231,5.980000,5.500000
0.618633,5.940000,5.473333
0.619034,5.913333,5.426667
0.619435,5.920000,5.426667
0.619837,5.880000,5.426667
0.620238,5.866666,5.400000
0.620640,5.833333,5.386667
0.621042,5.800000,5.380000
0.621443,5.793334,5.413333
0.621844,5.773333,5.320000
0.622245,5.753333,5.266667
0.622646,5.713333,5.273333
0.623047,5.686666,5.246666
0.623448,5.666667,5.240000
0.623850,5.653333,5.226666
0.624253,5.600000,5.186666
0.624654,5.660000,5.166667
0.625055,5.573333,5.120000
0.625456,5.566667,5.086667
0.625857,5.500000,5.060000
0.626259,5.546667,5.060000
0.626661,5.493333,5.066667
0.627062,5.500000,5.100000
0.627463,5.453333,5.000000
0.627864,5.333333,5.006667
0.628265,5.400000,4.986667
0.628667,5.393333,4.906667
0.629068,5.360000,4.946666
0.629469,5.366667,5.113333
0.629870,5.313333,4.906667
0.630271,5.346666,4.886666
0.630677,5.313333,4.880000
0.631078,5.253333,4.900000
0.631480,5.240000,4.820000
0.631882,5.233334,4.793333
0.632283,5.186666,4.786666
0.632684,5.153333,4.746666
0.633085,5.113333,4.726666
0.633486,5.106667,4.706666
0.633888,5.140000,4.720000
0.634289,5.106667,4.660000
0.634690,5.060000,4.693333
0.635091,5.053333,4.660000
0.635492,4.980000,4.626667
0.635893,5.040000,4.606667
0.636294,4.960000,4.573333
0.636696,4.966667,4.540000
0.637098,4.913333,4.540000
0.637499,4.926667,4.540000
0.637901,4.886666,4.566667
0.638304,4.866667,4.486666
0.638705,4.860000,4.420000
0.639106,4.840000,4.446667
0.639507,4.806667,4.420000
0.639909,4.793333,4.440000
0.640310,4.773334,4.360000
0.640711,4.746666,4.366666
0.641112,4.720000,4.386666
0.641515,4.673333,4.366666
0.641917,4.686666,4.326666
0.642318,4.820000,4.253333
0.642719,4.640000,4.266666
0.643120,4.626667,4.226666
0.643521,4.606667,4.213334
0.643922,4.586667,4.133333
0.644324,4.560000,4.186666
0.644726,4.540000,4.160000
0.645127,4.500000,4.140000
0.645528,4.520000,4.153333
0.645929,4.486666,4.113333
0.646330,4.453333,4.126667
0.646731,4.426666,4.086667
0.647132,4.353333,4.033333
0.647533,4.400000,4.033333
0.647934,4.326666,4.040000
0.648335,4.353333,4.013333
0.648737,4.306667,4.000000
0.649138,4.293333,3.966667
0.649540,4.086667,3.953333
0.649941,4.326666,3.913333
0.650342,4.166667,3.833333
0.650744,4.220000,3.853333
0.651147,4.220000,3.893333
0.651549,4.173333,3.860000
0.651951,4.133333,3.833333
0.652352,4.146667,3.806666
0.652753,4.133333,3.820000
0.653155,4.133333,3.580000
0.653556,4.100000,3.733333
0.653958,4.086667,3.713333
0.654359,4.060000,3.686666
0.654760,4.033333,3.666667
0.655163,4.000000,3.660000
0.655564,3.980000,3.633333
0.655965,4.006667,3.606667
0.656366,3.946667,3.593333
0.656767,3.960000,3.600000
0.657169,3.960000,3.520000
0.657570,3.806666,3.580000
0.657972,3.880000,3.413333
0.658373,3.866667,3.520000
0.658774,3.886667,3.480000
0.659175,3.840000,3.473333
0.659576,3.820000,3.453333
0.659977,3.780000,3.426666
0.660378,3.746666,3.440000
0.660779,3.720000,3.413333
0.661180,3.686666,3.393333
0.661581,3.706666,3.366667
0.661983,3.666667,3.360000
0.662384,3.626667,3.366667
0.662785,3.620000,3.286667
0.663187,3.613333,3.293333
0.663589,3.626667,3.286667
0.663991,3.600000,3.293333
0.664392,3.513333,3.266667
0.664794,3.520000,3.273333
0.665196,3.506667,3.206667
0.665597,3.466666,3.133333
0.665999,3.446667,3.153333
0.666400,3.433333,3.220000
0.666801,3.413333,3.140000
0.667204,3.420000,3.133333
0.667605,3.453333,3.126667
0.668007,3.393333,3.073333
0.668408,3.366667,3.113333
0.668809,3.366667,3.073333
0.669212,3.326667,3.026667
0.669614,3.353333,3.026667
0.670015,3.313333,2.980000
0.670416,3.286667,2.973333
0.670817,3.253333,2.960000
0.671219,3.240000,2.980000
0.671620,3.280000,2.973333
0.672021,3.206667,2.953333
0.672422,3.220000,2.873333
0.672824,3.153333,2.880000
0.673225,3.200000,2.880000
0.673626,3.106667,2.860000
0.674028,3.140000,2.786667
0.674429,3.120000,2.880000
0.674830,3.080000,2.786667
0.675231,3.026667,2.873333
0.675632,3.093333,2.786667
0.676033,3.046667,2.766667
0.676436,3.040000,2.726667
0.676838,3.060000,2.733333
0.677239,3.006667,2.706666
0.677641,2.966666,2.733333
0.678042,2.980000,2.693333
0.678443,2.913333,2.686666
0.678845,2.913333,2.706666
0.679247,2.953333,2.613333
0.679648,3.000000,2.640000
0.680049,2.853333,2.660000
0.680450,2.893333,2.573333
0.680852,2.840000,2.600000
0.681253,2.826667,2.513333
0.681654,2.780000,2.546667
0.682055,2.773333,2.526667
0.682456,2.780000,2.526667
0.682858,2.733333,2.500000
0.683259,2.733333,2.493333
0.683661,2.773333,2.460000
0.684063,2.693333,2.433333
0.684464,2.680000,2.440000
0.684865,2.700000,2.426666
0.685266,2.666667,2.400000
0.685668,2.640000,2.426666
0.686069,2.586667,2.380000
0.686470,2.593333,2.373333
0.686873,2.593333,2.333333
0.687274,2.573333,2.333333
0.687677,2.540000,2.280000
0.688078,2.546667,2.313333
0.688479,2.526667,2.273333
0.688880,2.506666,2.293333
0.689281,2.506666,2.253333
0.689683,2.460000,2.260000
0.690085,2.446667,2.246667
0.690487,2.420000,2.126667
0.690889,2.433333,2.233333
0.691291,2.400000,2.200000
0.691692,2.320000,2.193333
0.692095,2.400000,2.146667
0.692496,2.493333,1.733333
0.692898,2.360000,2.060000
0.693300,2.353333,2.100000
0.693702,2.353333,2.093333
0.694104,2.313333,2.093333
0.694505,2.300000,2.093333
0.694907,2.260000,2.066667
0.695308,2.246667,2.006667
0.695710,2.273333,2.046667
0.696112,2.286667,2.013333
0.696513,2.220000,1.986667
0.696915,2.273333,1.986667
0.697316,2.193333,1.946667
0.697717,2.166667,2.013333
0.698118,2.166667,1.913333
0.698519,2.206667,1.846667
0.698920,2.120000,1.920000
0.699321,2.133333,1.826667
0.699724,2.186667,1.880000
0.700127,2.086667,1.880000
0.700528,2.053333,1.726667
0.700929,2.040000,1.786667
0.701330,2.060000,1.853333
0.701731,2.033333,1.820000
0.702134,2.020000,1.820000
0.702535,2.020000,1.800000
0.702936,2.000000,1.753333
0.703339,1.973333,1.733333
0.703740,1.933333,1.753333
0.704141,1.953333,1.733333
0.704543,2.000000,1.753333
0.704944,1.906667,1.726667
0.705345,1.893333,1.653333
0.705746,1.840000,1.673333
0.706147,1.880000,1.573333
0.706549,1.860000,1.540000
0.706950,1.886667,1.673333
0.707351,1.820000,1.686667
0.707752,1.766667,1.620000
0.708155,1.666667,1.640000
0.708556,1.826667,1.580000
0.708958,1.753333,1.600000
0.709359,1.746667,1.573333
0.709761,1.753333,1.560000
0.710162,1.753333,1.560000
0.710563,1.720000,1.560000
0.710964,1.760000,1.560000
0.711365,1.720000,1.500000
0.711766,1.753333,1.466667
0.712167,1.680000,1.560000
0.712569,1.653333,1.386667
0.712971,1.660000,1.480000
0.713372,1.626667,1.500000
0.713773,1.660000,1.406667
0.714174,1.586667,1.440000
0.714575,1.593333,1.420000
0.714976,1.593333,1.420000
0.715378,1.566667,1.386667
0.715780,1.553333,1.386667
0.716183,1.560000,1.386667
0.716584,1.546667,1.353333
0.716985,1.520000,1.360000
0.717386,1.533333,1.360000
0.717787,1.513333,1.333333
0.718189,1.533333,1.320000
0.718590,1.466667,1.300000
0.718991,1.466667,1.266667
0.719392,1.460000,1.286667
0.719793,1.426667,1.293333
0.720194,1.426667,1.293333
0.720595,1.433333,1.266667
0.720996,1.413333,1.126667
0.721399,1.386667,1.213333
0.721800,1.386667,1.233333
0.722202,1.360000,1.206667
0.722604,1.380000,1.206667
0.723006,1.386667,1.160000
0.723407,1.366667,1.193333
0.723809,1.333333,1.180000
0.724210,1.320000,1.153333
0.724612,1.266667,1.140000
0.725014,1.333333,1.233333
0.725415,1.280000,1.146667
0.725816,1.373333,1.086667
0.726217,1.253333,1.086667
0.726618,1.246667,1.053333
0.727019,1.213333,1.033333
0.727422,1.226667,1.180000
0.727824,1.206667,1.053333
0.728225,1.206667,1.060000
0.728626,1.253333,1.033333
0.729027,1.153333,1.033333
0.729428,1.213333,1.026667
0.729830,1.193333,1.033333
0.730231,1.080000,1.013333
0.730632,1.100000,0.960000
0.731033,1.093333,1.033333
0.731435,1.113333,0.946667
0.731837,1.120000,0.993333
0.732238,1.026667,0.946667
0.732639,1.166667,0.946667
0.733041,1.086667,0.960000
0.733442,1.060000,0.946667
0.733843,1.046667,0.946667
0.734244,1.140000,0.946667
0.734645,1.066667,0.946667
0.735047,1.033333,0.946667
0.735448,1.020000,0.946667
0.735849,1.033333,0.946667
0.736251,1.006667,0.946667
0.736652,1.006667,0.946667
0.737054,0.973333,0.946667
0.737457,0.973333,0.946667
0.737858,0.960000,0.946667
0.738259,0.953333,0.946667
0.738660,0.946667,0.946667
0.739061,0.946667,0.946667
0.739464,0.946667,0.946667
0.739866,0.946667,0.946667
0.740267,0.946667,0.946667
0.740668,0.946667,0.946667
0.741069,0.946667,0.946667
0.741470,0.946667,0.946667
0.741872,0.946667,0.946667
0.742273,0.946667,0.946667
0.742676,0.946667,0.946667
0.743077,0.946667,0.946667
0.743478,0.946667,0.946667
0.743880,0.946667,0.946667
0.744281,0.946667,0.946667
0.744683,0.946667,0.946667
0.745084,0.946667,0.946667
0.745485,0.946667,0.946667
0.745886,0.946667,0.946667
0.746289,0.946667,0.946667
0.746690,0.946667,0.946667
0.747091,0.946667,0.946667
0.747493,0.946667,0.946667
0.747894,0.946667,0.946667
0.748295,0.946667,0.946667
0.748698,0.946667,0.946667
0.749099,0.946667,0.946667
0.749500,0.946667,0.946667
0.749902,0.946667,0.946667
0.750303,0.946667,0.946667
0.750705,0.946667,0.946667
0.751106,0.946667,0.946667
0.751508,0.946667,0.946667
0.751910,0.946667,0.946667
0.752311,0.946667,0.946667
0.752712,0.946667,0.946667
0.753115,0.946667,0.946667
0.753516,0.946667,0.946667
0.753918,0.946667,0.946667
0.754319,0.946667,0.946667
0.754720,0.946667,0.946667
0.755121,0.946667,0.946667
0.755523,0.946667,0.946667
0.755924,0.946667,0.946667
0.756325,0.946667,0.946667
0.756726,0.946667,0.946667
0.757127,0.946667,0.946667
0.757528,0.946667,0.946667
0.757930,0.946667,0.946667
0.758331,0.946667,0.946667
0.758732,0.946667,0.946667
0.759134,0.946667,0.946667
0.759535,0.946667,0.946667
0.759937,0.946667,0.946667
0.760338,0.946667,0.946667
0.760739,0.946667,0.946667
0.761142,0.946667,0.946667
0.761543,0.946667,0.946667
0.761945,0.946667,0.946667
0.762347,0.946667,0.946667
0.762749,0.946667,0.946667
0.763150,0.946667,0.946667
0.763552,0.946667,0.946667
0.763953,0.946667,0.946667
0.764355,0.946667,0.946667
0.764757,0.946667,0.946667
0.765158,0.946667,0.946667
0.765559,0.946667,0.946667
0.765961,0.946667,0.946667
0.766363,0.946667,0.946667
0.766764,0.946667,0.946667
0.767166,0.946667,0.946667
0.767567,0.946667,0.946667
0.767968,0.946667,0.946667
0.768370,0.946667,0.946667
0.768771,0.946667,0.946667
0.769172,0.946667,0.946667
0.769574,0.946667,0.946667
0.769975,0.946667,0.946667
0.770376,0.946667,0.946667
0.770778,0.946667,0.946667
0.771179,0.946667,0.946667
0.771580,0.946667,0.946667
0.771982,0.946667,0.946667
0.772384,0.946667,0.946667
0.772785,0.946667,0.946667
0.773187,0.946667,0.946667
0.773588,0.946667,0.946667
0.773989,0.946667,0.946667
0.774390,0.946667,0.946667
0.774792,0.946667,0.946667
0.775193,0.946667,0.946667
0.775594,0.946667,0.946667
0.775995,0.946667,0.946667
0.776396,0.946667,0.946667
0.776798,0.946667,0.946667
0.777199,0.946667,0.946667
0.777601,0.946667,0.946667
0.778003,0.946667,0.946667
0.778404,0.946667,0.946667
0.778805,0.946667,0.946667
0.779206,0.946667,0.946667
0.779607,0.946667,0.946667
0.780009,0.946667,0.946667
0.780410,0.946667,0.946667
0.780812,0.946667,0.946667
0.781213,0.946667,0.946667
0.781614,0.946667,0.946667
0.782015,0.946667,0.946667
0.782416,0.946667,0.946667
0.782817,0.946667,0.946667
0.783218,0.946667,0.946667
0.783619,0.946667,0.946667
0.784020,0.946667,0.946667
0.784422,0.946667,0.946667
0.784824,0.946667,0.946667
0.785225,0.946667,0.946667
0.785626,0.946667,0.946667
0.786028,0.946667,0.946667
0.786429,0.946667,0.946667
0.786831,0.946667,0.946667
0.787232,0.946667,0.946667
0.787633,0.946667,0.946667
0.788034,0.946667,0.946667
0.788435,0.946667,0.946667
0.788837,0.946667,0.946667
0.789240,0.946667,0.946667
0.789642,0.946667,0.946667
0.790043,0.946667,0.946667
0.790444,0.946667,0.946667
0.790845,0.946667,0.946667
0.791246,0.946667,0.946667
0.791648,0.946667,0.946667
0.792049,0.946667,0.946667
0.792450,0.946667,0.946667
0.792852,0.946667,0.946667
0.793254,0.946667,0.946667
0.793656,0.946667,0.946667
0.794058,0.946667,0.946667
0.794459,0.946667,0.946667
0.794860,0.946667,0.946667
0.795261,0.946667,0.946667
0.795662,0.946667,0.946667
0.796063,0.946667,0.946667
0.796464,0.946667,0.946667
0.796866,0.946667,0.946667
0.797267,0.946667,0.946667
0.797668,0.946667,0.946667
0.798069,0.946667,0.946667
0.798472,0.946667,0.946667
0.798873,0.946667,0.946667
0.799275,0.946667,0.946667
0.799677,0.946667,0.946667
0.800078,0.946667,0.946667
0.800479,0.946667,0.946667
0.800880,0.946667,0.946667
0.801282,0.946667,0.946667
0.801683,0.946667,0.946667
0.802085,0.946667,0.946667
0.802486,0.946667,0.946667
0.802887,0.946667,0.946667
0.803288,0.946667,0.946667
0.803690,0.946667,0.946667
0.804093,0.946667,0.946667
0.804494,0.946667,0.946667
0.804896,0.946667,0.946667
0.805297,0.946667,0.946667
0.805698,0.946667,0.946667
0.806099,0.946667,0.946667
0.806500,0.946667,0.946667
0.806901,0.946667,0.946667
0.807302,0.946667,0.946667
0.807703,0.946667,0.946667
0.808104,0.946667,0.946667
0.808505,0.946667,0.946667
0.808908,0.946667,0.946667
0.809309,0.946667,0.946667
0.809710,0.946667,0.946667
0.810111,0.946667,0.946667
0.810514,0.946667,0.946667
0.810915,0.946667,0.946667
0.811316,0.946667,0.946667
0.811717,0.946667,0.946667
0.812118,0.946667,0.946667
0.812520,0.946667,0.946667
0.812922,0.946667,0.946667
0.813324,0.946667,0.946667
0.813726,0.946667,0.946667
0.814127,0.946667,0.946667
0.814528,0.946667,0.946667
0.814930,0.946667,0.946667
0.815331,0.946667,0.946667
0.815732,0.946667,0.946667
0.816134,0.946667,0.946667
0.816535,0.946667,0.946667
0.816936,0.946667,0.946667
0.817337,0.946667,0.946667
0.817739,0.946667,0.946667
0.818142,0.946667,0.946667
0.818543,0.946667,0.946667
0.818944,0.946667,0.946667
0.819347,0.946667,0.946667
0.819748,0.946667,0.946667
0.820150,0.946667,0.946667
0.820551,0.946667,0.946667
0.820952,0.946667,0.946667
0.821353,0.946667,0.946667
0.821754,0.946667,0.946667
0.822157,0.946667,0.946667
0.822558,0.946667,0.946667
0.822959,0.946667,0.946667
0.823361,0.946667,0.946667
0.823763,0.946667,0.946667
0.824166,0.946667,0.946667
0.824567,0.946667,0.946667
0.824969,0.946667,0.946667
0.825370,0.946667,0.946667
0.825772,0.946667,0.946667
0.826173,0.946667,0.946667
0.826574,0.946667,0.946667
0.826976,0.946667,0.946667
0.827378,0.946667,0.946667
0.827779,0.946667,0.946667
0.828180,0.946667,0.946667
0.828582,0.946667,0.946667
0.828983,0.946667,0.946667
0.829384,0.946667,0.946667
0.829785,0.946667,0.946667
0.830186,0.946667,0.946667
0.830587,0.946667,0.946667
0.830988,0.946667,0.946667
0.831389,0.946667,0.946667
0.831791,0.946667,0.946667
0.832192,0.946667,0.946667
0.832593,0.946667,0.946667
0.832994,0.946667,0.946667
0.833395,0.946667,0.946667
0.833797,0.946667,0.946667
0.834198,0.946667,0.946667
0.834599,0.946667,0.946667
0.835001,0.946667,0.946667
0.835402,0.946667,0.946667
0.835804,0.946667,0.946667
0.836207,0.946667,0.946667
0.836608,0.946667,0.946667
0.837010,0.946667,0.946667
0.837411,0.946667,0.946667
0.837813,0.946667,0.946667
0.838214,0.946667,0.946667
0.838615,0.946667,0.946667
0.839017,0.946667,0.946667
0.839418,0.946667,0.946667
0.839819,0.946667,0.946667
0.840220,0.946667,0.946667
0.840621,0.946667,0.946667
0.841023,0.946667,0.946667
0.841425,0.946667,0.946667
0.841826,0.946667,0.946667
0.842228,0.946667,0.946667
0.842629,0.946667,0.946667
0.843030,0.946667,0.946667
0.843431,0.946667,0.946667
0.843833,0.946667,0.946667
0.844234,0.946667,0.946667
0.844635,0.946667,0.946667
0.845037,0.946667,0.946667
0.845439,0.946667,0.946667
0.845841,0.946667,0.946667
0.846242,0.946667,0.946667
0.846644,0.946667,0.946667
0.847045,0.946667,0.946667
0.847446,0.946667,0.946667
0.847847,0.946667,0.946667
0.848249,0.946667,0.946667
0.848650,0.946667,0.946667
0.849051,0.946667,0.946667
0.849452,0.946667,0.946667
0.849853,0.946667,0.946667
0.850254,0.946667,0.946667
0.850655,0.946667,0.946667
0.851057,0.946667,0.946667
0.851460,0.946667,0.946667
0.851861,0.946667,0.946667
0.852263,0.946667,0.946667
0.852664,0.946667,0.946667
0.853065,0.946667,0.946667
0.853467,0.946667,0.946667
0.853868,0.946667,0.946667
0.854270,0.946667,0.946667
0.854671,0.946667,0.946667
0.855072,0.946667,0.946667
0.855473,0.946667,0.946667
0.855874,0.946667,0.946667
0.856275,0.946667,0.946667
0.856677,0.946667,0.946667
0.857078,0.946667,0.946667
0.857479,0.946667,0.946667
0.857880,0.946667,0.946667
0.858283,0.946667,0.946667
0.858684,0.946667,0.946667
0.859085,0.960000,0.946667
0.859486,0.946667,0.946667
0.859888,0.946667,0.946667
0.860289,0.946667,0.946667
0.860691,0.946667,0.946667
0.861092,0.953333,0.946667
0.861494,0.946667,0.946667
0.861895,0.973333,0.946667
0.862298,0.953333,0.946667
0.862699,0.966667,0.946667
0.863100,1.020000,0.946667
0.863501,1.000000,0.946667
0.863903,0.980000,0.946667
0.864304,0.986667,0.946667
0.864705,1.093333,0.946667
0.865106,1.060000,0.946667
0.865507,1.073333,0.946667
0.865908,1.046667,1.013333
0.866309,1.060000,0.946667
0.866710,1.166667,0.960000
0.867111,1.046667,0.946667
0.867512,1.213333,0.953333
0.867913,1.093333,0.993333
0.868316,1.133333,0.986667
0.868717,1.126667,0.966667
0.869118,1.140000,1.033333
0.869519,1.166667,1.020000
0.869921,1.173333,1.026667
0.870322,1.206667,1.140000
0.870725,1.186667,1.046667
0.871126,1.226667,1.086667
0.871527,1.213333,1.060000
0.871928,1.080000,1.026667
0.872330,1.313333,1.060000
0.872731,1.240000,0.960000
0.873132,1.226667,1.100000
0.873534,1.280000,1.120000
0.873935,1.340000,1.086667
0.874338,1.280000,1.153333
0.874739,1.220000,1.140000
0.875140,1.346667,1.146667
0.875541,1.286667,1.180000
0.875943,1.306667,1.206667
0.876345,1.333333,1.193333
0.876746,1.366667,1.206667
0.877149,1.360000,1.220000
0.877550,1.453333,1.226667
0.877952,1.346667,1.206667
0.878353,1.386667,1.206667
0.878754,1.446667,1.266667
0.879156,1.433333,1.246667
0.879557,1.440000,1.260000
0.879959,1.406667,1.260000
0.880361,1.486667,1.280000
0.880763,1.473333,1.306667
0.881164,1.406667,1.306667
0.881566,1.446667,1.320000
0.881967,1.513333,1.353333
0.882368,1.526667,1.360000
0.882770,1.526667,1.373333
0.883173,1.640000,1.320000
0.883575,1.560000,1.460000
0.883976,1.573333,1.353333
0.884377,1.626667,1.393333
0.884778,1.593333,1.400000
0.885179,1.586667,1.393333
0.885581,1.593333,1.420000
0.885982,1.626667,1.480000
0.886383,1.640000,1.433333
0.886785,1.633333,1.533333
0.887186,1.713333,1.493333
0.887587,1.673333,1.513333
0.887989,1.733333,1.466667
0.888390,1.766667,1.533333
0.888791,1.726667,1.553333
0.889192,1.746667,1.573333
0.889594,1.733333,1.560000
0.889996,1.773333,1.546667
0.890398,1.766667,1.620000
0.890799,1.760000,1.566667
0.891200,1.866667,1.646667
0.891602,1.800000,1.626667
0.892004,1.960000,1.633333
0.892405,1.840000,1.653333
0.892806,1.833333,1.633333
0.893207,1.866667,1.693333
0.893609,1.886667,1.673333
0.894011,1.900000,1.686667
0.894412,1.946667,1.726667
0.894814,1.926667,1.726667
0.895215,1.893333,1.733333
0.895617,1.966667,1.773333
0.896019,1.980000,1.773333
0.896422,2.133333,1.766667
0.896823,1.980000,1.906667
0.897224,2.053333,2.446667
0.897627,2.013333,1.840000
0.898028,2.093333,1.833333
0.898429,2.060000,1.846667
0.898830,2.086667,1.893333
0.899232,2.073333,1.886667
0.899633,2.093333,1.846667
0.900034,2.126667,1.906667
0.900435,2.126667,1.906667
0.900837,2.160000,1.940000
0.901240,2.133333,1.920000
0.901642,2.180000,1.960000
0.902044,2.206667,1.966667
0.902445,2.193333,1.906667
0.902846,2.226666,2.086667
0.903247,2.226666,2.033333
0.903648,2.466667,2.066667
0.904049,2.233333,2.080000
0.904450,2.326667,2.026667
0.904852,2.280000,2.086667
0.905255,2.306667,2.053333
0.905656,2.333333,2.080000
0.906057,2.366667,2.120000
0.906458,2.346667,2.113333
0.906861,2.386667,2.140000
0.907262,2.400000,2.146667
0.907663,2.413333,2.206667
0.908065,2.320000,2.173333
0.908466,2.426666,2.186667
0.908867,2.360000,2.240000
0.909268,2.453333,2.140000
0.909670,2.466667,2.226666
0.910071,2.480000,2.260000
0.910473,2.540000,2.340000
0.910874,2.533333,2.286667
0.911277,2.573333,2.260000
0.911678,2.526667,2.313333
0.912079,2.586667,2.333333
0.912480,2.566667,2.346667
0.912881,2.613333,2.353333
0.913282,2.613333,2.346667
0.913684,2.660000,2.373333
0.914085,2.660000,2.426666
0.914486,2.713333,2.420000
0.914887,2.666667,2.433333
0.915288,2.646667,2.433333
0.915690,2.753333,2.460000
0.916091,2.706666,2.486667
0.916492,2.726667,2.613333
0.916893,2.780000,2.500000
0.917294,2.786667,2.640000
0.917696,2.793333,2.540000
0.918097,2.813333,2.560000
0.918498,2.820000,2.580000
0.918900,2.846667,2.673333
0.919301,2.853333,2.580000
0.919703,2.906667,2.613333
0.920105,2.913333,2.646667
0.920506,2.933333,2.666667
0.920907,2.933333,2.693333
0.921308,2.973333,2.706666
0.921709,2.966666,2.706666
0.922110,3.060000,2.733333
0.922511,3.006667,2.706666
0.922912,3.026667,2.766667
0.923314,3.046667,2.753333
0.923716,3.126667,2.766667
0.924118,3.073333,2.800000
0.924519,3.100000,2.820000
0.924920,3.233333,2.906667
0.925321,3.133333,2.933333
0.925723,3.140000,2.866667
0.926126,3.160000,2.880000
0.926527,3.193333,2.886667
0.926929,3.220000,2.926667
0.927330,3.220000,2.926667
0.927731,3.233333,2.960000
0.928134,3.240000,2.960000
0.928536,3.246666,2.960000
0.928937,3.253333,2.960000
0.929338,3.293333,3.066667
0.929739,3.266667,3.020000
0.930140,3.313333,3.046667
0.930541,3.106667,3.053333
0.930943,3.386667,3.100000
0.931344,3.386667,3.113333
0.931745,3.400000,3.120000
0.932146,3.426666,3.133333
0.932547,3.420000,3.173333
0.932949,3.486667,3.253333
0.933350,3.460000,3.166667
0.933751,3.486667,3.100000
0.934154,3.493333,3.206667
0.934556,3.546667,3.246666
0.934958,3.553333,3.226667
0.935359,3.560000,3.246666
0.935760,3.600000,3.233333
0.936163,3.613333,3.293333
0.936564,3.586667,3.313333
0.936966,3.666667,3.320000
0.937368,3.660000,3.360000
0.937770,3.673333,3.413333
0.938172,3.700000,3.306667
0.938573,3.760000,3.246666
0.938975,3.733333,3.400000
0.939377,3.773333,3.433333
0.939778,3.860000,3.426666
0.940179,3.833333,3.133333
0.940581,3.860000,3.446667
0.940982,3.860000,3.600000
0.941383,3.980000,3.500000
0.941785,3.906667,3.540000
0.942186,3.893333,3.560000
0.942587,3.980000,3.600000
0.942988,3.960000,3.593333
0.943389,4.173333,3.620000
0.943790,3.940000,3.660000
0.944191,4.046667,3.660000
0.944593,4.033333,3.660000
0.944994,4.040000,3.653333
0.945395,4.080000,3.706666
0.945797,4.080000,3.733333
0.946198,4.113333,3.746666
0.946600,4.153333,3.746666
0.947001,4.160000,3.833333
0.947403,4.246667,3.813334
0.947805,4.120000,3.853333
0.948206,4.200000,3.893333
0.948608,4.213334,3.840000
0.949009,4.260000,3.973333
0.949411,4.213334,3.926666
0.949812,4.293333,3.993333
0.950214,4.420000,3.980000
0.950615,4.420000,3.986666
0.951017,4.353333,4.020000
0.951418,4.366666,4.013333
0.951819,4.420000,4.020000
0.952220,4.406667,4.053333
0.952621,4.413333,4.060000
0.953022,4.466667,4.113333
0.953424,4.466667,4.206666
0.953825,4.520000,4.173333
0.954227,4.526667,4.120000
0.954628,4.533333,4.166667
0.955029,4.546667,4.186666
0.955430,4.580000,4.186666
0.955831,4.526667,4.206666
0.956232,4.606667,4.233333
0.956634,4.626667,4.280000
0.957035,4.653333,4.266666
0.957436,4.720000,4.293333
0.957838,4.706666,4.326666
0.958240,4.680000,4.420000
0.958641,4.800000,4.333333
0.959043,4.766666,4.360000
0.959444,4.793333,4.420000
0.959845,4.813333,4.393333
0.960246,4.826666,4.466667
0.960647,4.853333,4.493333
0.961049,4.886666,4.386666
0.961450,4.886666,4.633333
0.961852,4.893333,4.486666
0.962254,4.940000,4.540000
0.962655,4.953333,4.553333
0.963056,4.946666,4.566667
0.963458,4.986667,4.573333
0.963859,5.026667,4.620000
0.964260,5.040000,4.640000
0.964662,5.033333,4.660000
0.965064,5.093333,4.686666
0.965465,5.180000,4.726666
0.965866,5.040000,4.700000
0.966267,5.153333,4.733333
0.966668,5.153333,4.720000
0.967069,5.206666,4.786666
0.967470,5.180000,4.786666
0.967872,5.226666,4.826666
0.968274,5.240000,4.860000
0.968676,5.266667,4.886666
0.969077,5.306666,4.873333
0.969478,5.266667,4.886666
0.969879,5.346666,4.906667
0.970280,5.366667,4.926667
0.970682,5.400000,4.960000
0.971083,5.406666,4.966667
0.971485,5.553333,4.993333
0.971886,5.453333,5.033333
0.972289,5.480000,5.040000
0.972690,5.446666,5.060000
0.973093,5.506666,5.100000
0.973494,5.520000,5.093333
0.973895,5.586667,5.153333
0.974298,5.580000,5.180000
0.974699,5.546667,5.200000
0.975102,5.680000,5.293334
0.975503,5.693333,5.240000
0.975905,5.646667,5.200000
0.976306,5.733333,5.273333
0.976708,5.720000,5.240000
0.977110,5.753333,5.300000
0.977513,5.760000,5.320000
0.977916,5.780000,5.313333
0.978318,5.786666,5.340000
0.978719,5.846666,5.406666
0.979120,5.840000,5.400000
0.979522,5.906666,5.433333
0.979924,5.893333,5.413333
0.980326,5.900000,5.486667
0.980727,5.986667,5.486667
0.981130,5.986667,5.586667
0.981531,5.973333,5.513333
0.981933,5.993333,5.486667
0.982334,6.033333,5.580000
0.982736,6.053333,5.586667
0.983139,5.980000,5.573333
0.983541,6.026667,5.620000
0.983942,6.126667,5.680000
0.984343,6.160000,5.673333
0.984744,6.180000,5.693333
0.985145,6.193333,5.733333
0.985546,6.220000,5.773333
0.985948,6.246666,5.793334
0.986349,6.266666,6.066667
0.986751,6.280000,5.793334
0.987152,6.286667,5.826667
0.987553,6.333333,5.713333
0.987954,6.393333,5.946667
0.988357,6.380000,5.880000
0.988758,6.406667,5.913333
0.989159,6.406667,5.926667
0.989561,6.473333,5.946667
0.989963,6.473333,5.980000
0.990366,6.493333,6.006667
0.990767,6.486667,6.040000
0.991169,6.480000,6.053333
0.991570,6.506667,5.913333
0.991972,6.633333,6.113333
0.992373,6.640000,6.060000
0.992774,6.666667,6.166667
0.993176,6.693333,6.133333
0.993577,6.700000,6.193333
0.993979,6.720000,6.193333
0.994381,6.760000,6.240000
0.994783,6.786666,6.200000
0.995184,6.813333,6.253334
0.995585,6.840000,6.293333
0.995987,6.793334,6.313334
0.996388,6.873333,6.313334
0.996790,6.886666,6.320000
0.997191,6.940000,6.286667
0.997592,6.973333,6.360000
0.997993,6.980000,6.413333
0.998394,6.986666,6.460000
0.998796,7.013333,6.500000
0.999198,7.020000,6.500000
0.999599,7.080000,6.500000
1.000000,7.140000,6.500000
1.000401,7.133334,6.646667
1.000802,7.140000,6.640000
1.001204,7.240000,6.633333
1.001606,7.193333,6.653333
1.002008,7.206666,6.666667
1.002410,7.246666,6.713333
1.002812,7.266667,6.713333
1.003213,7.280000,6.760000
1.003615,7.320000,6.733333
1.004016,7.353333,6.773334
1.004417,7.373333,6.833333
1.004818,7.380000,6.833333
1.005219,7.366667,6.833333
1.005621,7.453333,6.840000
1.006023,7.493333,6.906667
1.006424,7.500000,6.913333
1.006826,7.526666,6.940000
1.007227,7.526666,6.986666
1.007628,7.526666,6.960000
1.008029,7.653333,7.000000
1.008430,7.600000,7.126667
1.008832,7.646666,7.060000
1.009233,7.673333,7.060000
1.009635,7.653333,7.080000
1.010037,7.693334,7.133334
1.010439,7.720000,7.166667
1.010841,7.793334,7.166667
1.011243,7.786666,7.200000
1.011644,7.793334,7.213333
1.012045,7.820000,7.240000
1.012446,7.826667,7.260000
1.012847,7.873333,7.253334
1.013248,7.893333,7.266667
1.013649,7.953333,7.340000
1.014051,7.933333,7.366667
1.014454,7.926667,7.480000
1.014856,7.993333,7.440000
1.015257,8.040000,7.413333
1.015658,8.033334,7.420000
1.016059,8.013333,7.500000
1.016460,8.086667,7.506667
1.016861,8.120000,7.513333
1.017264,8.093333,7.553333
1.017665,8.173333,7.520000
1.018066,8.200000,7.620000
1.018468,8.193333,7.600000
1.018870,8.240000,7.613333
1.019272,8.286667,7.673333
1.019677,8.286667,7.686666
1.020078,8.346666,7.700000
1.020480,8.346666,7.726667
1.020881,8.393332,7.760000
1.021283,8.386666,7.780000
1.021684,8.406667,7.833333
1.022085,8.400000,7.866666
1.022486,8.446666,7.813334
1.022887,8.500000,7.873333
1.023288,8.520000,7.906666
1.023691,8.520000,7.906666
1.024092,8.573333,7.940000
1.024493,8.566667,7.926667
1.024895,8.639999,8.013333
1.025297,8.646667,7.946667
1.025698,8.680000,8.026667
1.026099,8.700000,8.046666
1.026500,8.686666,8.053332
1.026901,8.740000,8.066667
1.027303,8.753333,8.120000
1.027704,8.853333,8.139999
1.028105,8.833333,8.186666
1.028508,8.853333,8.186666
1.028909,8.853333,8.220000
1.029310,8.920000,8.259999
1.029711,8.920000,8.213333
1.030112,8.906666,8.273334
1.030515,8.960000,8.273334
1.030916,9.006666,8.320000
1.031317,8.953334,8.353333
1.031718,9.020000,8.360000
1.032119,9.053333,8.393332
1.032520,9.206667,8.426667
1.032922,9.099999,8.486667
1.033323,9.213333,8.639999
1.033725,9.253333,8.660000
1.034126,9.186666,8.526667
1.034527,9.186666,8.560000
1.034928,9.246666,8.586666
1.035330,9.206667,8.579999
1.035731,9.280000,8.620000
1.036132,9.326667,8.653333
1.036534,9.320000,8.653333
1.036935,9.346666,8.666666
1.037337,9.346666,8.460000
1.037738,9.406667,8.740000
1.038139,9.473333,8.733333
1.038540,9.420000,8.760000
1.038941,9.446667,8.793333
1.039342,9.580000,8.826667
1.039744,9.559999,8.866667
1.040145,9.600000,8.793333
1.040547,9.680000,8.920000
1.040948,9.620000,8.880000
1.041349,9.680000,8.946667
1.041751,9.673333,8.980000
1.042152,9.499999,8.913333
1.042554,9.753333,9.033333
1.042955,9.773333,9.026667
1.043356,9.806666,9.053333
1.043757,9.820000,9.073333
1.044158,9.853333,9.120000
1.044559,9.880000,9.160000
1.044961,9.920000,9.220000
1.045362,9.906666,9.173333
1.045764,9.906666,9.193333
1.046166,9.966666,9.206667
1.046567,9.966666,9.266666
1.046969,10.020000,9.280000
1.047370,10.053333,9.306666
1.047771,10.059999,9.340000
1.048172,10.080000,9.346666
1.048574,10.126667,9.346666
1.048976,10.133333,9.233333
1.049377,10.179999,9.280000
1.049778,10.213333,9.460000
1.050180,10.173333,9.346666
1.050581,10.266666,9.346666
1.050983,10.126667,9.526667
1.051384,10.293333,9.553333
1.051786,10.320000,9.613334
1.052187,10.333333,9.613334
1.052588,10.366666,9.620000
1.052989,10.426666,9.680000
1.053390,10.419999,9.693333
1.053792,10.380000,9.733334
1.054194,10.493333,9.733334
1.054595,10.493333,9.733334
1.054996,10.493333,9.793333
1.055397,10.533334,9.766666
1.055799,10.406667,9.860000
1.056200,10.580000,9.873333
1.056602,10.633333,9.873333
1.057003,10.633333,9.880000
1.057404,10.666667,9.933333
1.057806,10.673333,9.933333
1.058207,10.673333,9.966666
1.058609,10.686666,9.966666
1.059010,10.780000,10.106667
1.059411,10.833333,10.020000
1.059812,10.840000,10.053333
1.060213,10.840000,10.080000
1.060614,10.900000,10.113333
1.061016,10.906667,10.133333
1.061419,10.920000,10.153333
1.061820,10.946666,10.193334
1.062221,10.993334,10.193334
1.062623,11.020000,10.240000
1.063025,11.033333,10.166666
1.063427,11.026667,10.273334
1.063828,11.106667,10.286666
1.064229,11.099999,10.260000
1.064631,11.106667,10.333333
1.065032,11.160000,10.353333
1.065433,11.166666,10.400000
1.065834,11.193334,10.413333
1.066235,11.219999,10.353333
1.066636,11.219999,10.433333
1.067038,11.286666,10.433333
1.067440,11.266666,10.493333
1.067842,11.333333,10.606667
1.068243,11.353333,10.540000
1.068644,11.366667,10.553332
1.069046,11.393333,10.553332
1.069447,11.393333,10.626666
1.069848,11.446667,10.720000
1.070251,11.466666,10.753333
1.070653,11.493333,10.686666
1.071055,11.426666,10.686666
1.071457,11.539999,10.720000
1.071859,11.580000,10.780000
1.072260,11.586667,10.793333
1.072661,11.586667,10.793333
1.073063,11.640000,10.900000
1.073464,11.693333,10.846666
1.073865,11.706667,10.826666
1.074266,11.726666,10.853333
1.074667,11.820000,10.846666
1.075068,11.740000,10.946666
1.075469,11.793333,10.853333
1.075871,11.833333,10.866667
1.076273,11.840000,11.020000
1.076677,11.860000,11.026667
1.077078,11.900000,11.079999
1.077481,11.913333,11.086666
1.077882,11.879999,11.093333
1.078285,11.953333,11.099999
1.078687,11.980000,11.133333
1.079088,12.013333,11.166666
1.079489,12.093333,11.193334
1.079891,12.046667,11.206666
1.080294,12.086666,11.233333
1.080696,12.126666,11.273333
1.081097,12.139999,11.320000
1.081498,12.166667,11.286666
1.081899,12.233334,11.313334
1.082300,12.226666,11.366667
1.082702,12.339999,11.373333
1.083104,12.280000,11.440000
1.083505,12.293333,11.513333
1.083907,12.253333,11.460000
1.084308,12.440001,11.493333
1.084710,12.413333,11.526667
1.085111,12.406666,11.526667
1.085514,12.420000,11.539999
1.085915,12.480000,11.546666
1.086317,12.473333,11.580000
1.086718,12.526666,11.640000
1.087121,12.506667,11.573333
1.087522,12.573334,11.626666
1.087923,12.620000,11.693333
1.088324,12.580000,11.653334
1.088725,12.599999,11.720000
1.089126,12.666666,11.726666
1.089527,12.713333,11.773334
1.089928,12.653333,11.813333
1.090331,12.740000,11.799999
1.090732,12.766666,11.826667
1.091135,12.773334,11.846666
1.091536,12.786666,11.893333
1.091939,12.786666,11.906667
1.092340,12.820000,11.900000
1.092742,12.900000,11.966666
1.093145,12.880000,11.926666
1.093547,12.926666,12.013333
1.093949,12.940000,12.020000
1.094350,12.953333,12.020000
1.094752,13.033334,12.059999
1.095153,12.993333,12.086666
1.095554,12.973333,12.086666
1.095956,13.046666,12.139999
1.096359,13.080000,12.219999
1.096760,13.106667,12.246667
1.097161,13.120000,12.246667
1.097563,13.146667,12.246667
1.097964,13.193333,12.246667
1.098366,13.139999,12.273333
1.098767,13.213333,12.339999
1.099169,13.233334,12.339999
1.099570,13.286667,12.400000
1.099972,13.366667,12.300000
1.100374,13.280000,12.406666
1.100776,13.306666,12.526666
1.101177,13.346667,12.433333
1.101579,13.393333,12.466666
1.101980,13.420000,12.493333
1.102381,13.440000,12.513333
1.102783,13.460000,12.520000
1.103185,13.480000,12.559999
1.103586,13.500000,12.573334
1.103988,13.520000,12.599999
1.104391,13.566667,12.606667
1.104792,13.566667,12.666666
1.105194,13.626666,12.653333
1.105595,13.626666,12.719999
1.105996,13.693333,12.766666
1.106397,13.606666,12.733333
1.106798,13.666666,12.766666
1.107199,13.713332,12.766666
1.107601,13.726666,12.760000
1.108002,13.773333,12.786666
1.108403,13.639999,12.846666
1.108805,13.886666,12.893333
1.109206,13.833333,12.873333
1.109608,13.860000,12.913333
1.110009,13.873334,12.946667
1.110410,13.900000,12.933333
1.110812,13.926666,12.980000
1.111213,13.933332,13.000000
1.111615,13.953333,13.040000
1.112016,13.986667,13.033334
1.112417,14.026667,13.066667
1.112819,14.020000,13.080000
1.113220,14.046667,13.120000
1.113621,14.086666,13.120000
1.114022,14.093333,13.133333
1.114423,14.173332,13.160000
1.114825,14.153333,13.193333
1.115228,14.173332,13.220000
1.115630,14.180000,13.220000
1.116032,14.313334,13.179999
1.116435,14.233333,13.160000
1.116837,14.280000,13.253333
1.117240,14.320000,13.300000
1.117641,14.273334,13.306666
1.118042,14.320000,13.346667
1.118445,14.333334,13.373333
1.118847,14.360000,13.466666
1.119248,14.393332,13.379999
1.119649,14.420000,13.413334
1.120050,14.446667,13.466666
1.120452,14.473333,13.466666
1.120854,14.520000,13.500000
1.121255,14.526666,13.546667
1.121656,14.506667,13.533333
1.122057,14.580000,13.566667
1.122460,14.580000,13.593333
1.122861,14.546666,13.639999
1.123263,14.626666,13.633333
1.123664,14.646667,13.646666
1.124066,14.659999,13.653334
1.124468,14.686666,13.673334
1.124870,14.693333,13.733333
1.125271,14.746666,13.706666
1.125677,14.746666,13.653334
1.126078,14.813333,13.786667
1.126479,14.793334,13.806667
1.126880,14.833332,13.806667
1.127282,14.860001,13.820000
1.127683,14.873333,13.833333
1.128084,14.880000,13.880000
1.128486,14.886666,13.900000
1.128887,14.953333,13.906666
1.129288,14.953333,13.913332
1.129690,14.953333,13.960000
1.130091,15.040000,13.946667
1.130492,15.013333,13.993333
1.130893,15.026666,14.033333
1.131294,15.046666,14.113334
1.131696,15.106667,14.080000
1.132098,15.186667,14.066666
1.132500,15.053332,14.020000
1.132901,15.179999,14.140000
1.133302,15.219999,14.120000
1.133704,15.233334,14.239999
1.134105,15.106667,14.173332
1.134506,15.300000,14.186666
1.134909,15.286666,14.200001
1.135310,15.313333,14.253333
1.135711,15.333333,14.266667
1.136112,15.353333,14.259999
1.136513,15.346666,14.306665
1.136915,15.379999,14.326666
1.137317,15.393333,14.293333
1.137718,15.480000,14.353333
1.138121,15.460000,14.346666
1.138522,15.473333,14.320000
1.138924,15.500000,14.506667
1.139327,15.493332,14.406667
1.139729,15.560000,14.473333
1.140130,15.553332,14.486667
1.140531,15.619999,14.506667
1.140933,15.619999,14.493333
1.141334,15.613333,14.520000
1.141736,15.593333,14.573334
1.142138,15.679999,14.566666
1.142540,15.726666,14.613333
1.142942,15.720000,14.606667
1.143344,15.746666,14.646667
1.143745,15.753332,14.646667
1.144146,15.773333,14.693333
1.144547,15.786667,14.673333
1.144948,15.819999,14.693333
1.145349,15.846667,14.606667
1.145751,15.873333,14.813333
1.146152,15.906666,14.719999
1.146553,15.913334,14.780000
1.146954,15.980000,14.840000
1.147355,15.940000,14.786666
1.147757,15.966666,14.846666
1.148158,16.039999,14.873333
1.148560,16.046667,14.786666
1.148961,15.980000,14.886666
1.149363,16.053333,14.953333
1.149764,16.080000,14.953333
1.150165,16.106665,14.953333
1.150567,16.066668,14.953333
1.150969,16.126665,14.940000
1.151370,16.193333,14.953333
1.151771,16.180000,14.953333
1.152172,16.219999,15.153333
1.152574,16.193333,15.093332
1.152975,16.253332,15.240000
1.153376,16.266666,15.159999
1.153779,16.273333,15.153333
1.154180,16.286667,15.206666
1.154581,16.293333,15.419999
1.154983,16.326666,15.186667
1.155385,16.359999,14.953333
1.155786,16.386665,15.253334
1.156188,16.400000,15.293332
1.156590,16.426666,15.280000
1.156991,16.493332,15.313333
1.157394,16.460001,15.366667
1.157795,16.506666,15.373333
1.158196,16.486666,15.359999
1.158598,16.633331,15.386667
1.159000,16.566666,15.393333
1.159401,16.580000,15.393333
1.159802,16.580000,15.426665
1.160203,16.613333,15.433333
1.160604,16.653332,15.473333
1.161005,16.633331,15.500000
1.161406,16.673332,15.520000
1.161807,16.706667,15.553332
1.162208,16.713333,15.573333
1.162609,16.753332,15.573333
1.163010,16.746666,15.553332
1.163411,16.746666,15.639999
1.163813,16.840000,15.606667
1.164214,16.840000,15.606667
1.164616,16.773333,15.639999
1.165017,16.820000,15.633333
1.165418,16.799999,15.679999
1.165819,16.886665,15.673333
1.166220,16.913332,15.733333
1.166622,16.873333,15.740000
1.167024,16.879999,15.746666
1.167425,16.873333,15.700000
1.167827,16.913332,15.793333
1.168228,16.926666,15.826667
1.168630,16.946667,15.826667
1.169031,16.933332,15.873333
1.169432,16.959999,15.893333
1.169833,17.019999,15.913334
1.170234,16.986668,15.873333
1.170635,17.019999,15.906666
1.171037,17.006666,15.920000
1.171439,17.059999,15.940000
1.171840,17.073334,15.960000
1.172241,17.093332,15.980000
1.172642,17.179998,16.013332
1.173043,17.113333,16.020000
1.173444,17.126667,16.099998
1.173846,17.173332,16.046667
1.174247,17.166666,16.039999
1.174649,17.279999,16.099998
1.175050,17.273333,16.093332
1.175451,17.206667,16.113333
1.175853,17.226667,16.253332
1.176255,17.266666,16.166666
1.176657,17.266666,16.146666
1.177058,17.299999,16.193333
1.177459,17.299999,16.219999
1.177860,17.313332,16.213333
1.178261,17.326666,16.240000
1.178663,17.333332,16.253332
1.179064,17.360001,16.273333
1.179465,17.353333,16.193333
1.179866,17.353333,16.279999
1.180267,17.406666,16.333334
1.180669,17.513334,16.333334
1.181071,17.433332,16.373333
1.181472,17.459999,16.353333
1.181873,17.453333,16.313334
1.182274,17.480000,16.393333
1.182676,17.493334,16.313334
1.183077,17.539999,16.433332
1.183478,17.653334,16.446667
1.183880,17.626667,16.440001
1.184281,17.600000,16.453333
1.184683,17.539999,16.480000
1.185085,17.606667,16.499998
1.185486,17.626667,16.539999
1.185887,17.653334,16.559999
1.186289,17.660000,16.573334
1.186690,17.653334,16.573334
1.187091,17.766666,16.553333
1.187492,17.699999,16.619999
1.187893,17.693333,16.586666
1.188295,17.713333,16.619999
1.188696,17.740000,16.619999
1.189097,17.733334,16.660000
1.189499,17.746666,16.660000
1.189900,17.780001,16.713333
1.190301,17.799999,16.733334
1.190702,17.813332,16.619999
1.191103,17.859999,16.786665
1.191505,17.799999,16.740000
1.191906,17.820000,16.806665
1.192307,17.866667,16.793333
1.192709,17.886667,16.793333
1.193110,17.879999,16.799999
1.193511,17.900000,16.833334
1.193912,17.893333,16.766666
1.194314,17.906668,16.820000
1.194716,17.893333,16.860001
1.195117,17.886667,16.860001
1.195518,17.993332,16.879999
1.195920,17.986666,16.873333
1.196322,17.939999,16.873333
1.196724,18.053333,16.806665
1.197125,18.013332,16.906666
1.197526,18.099998,16.906666
1.197927,18.033333,16.920000
1.198328,18.059999,16.933332
1.198730,18.073332,16.959999
1.199132,18.086666,16.980000
1.199533,18.006666,16.840000
1.199934,18.000000,16.993334
1.200335,18.033333,16.993334
1.200738,18.040001,16.993334
1.201139,18.153334,17.026665
1.201541,18.180000,17.033333
1.201943,18.073332,17.073334
1.202344,18.206665,17.073334
1.202745,18.199999,17.093332
1.203146,18.226665,17.093332
1.203548,18.219999,17.100000
1.203949,18.233332,16.980000
1.204350,18.226665,17.046665
1.204752,18.266666,17.106667
1.205153,18.266666,17.146666
1.205554,18.280001,17.186666
1.205956,18.313334,17.166666
1.206357,18.246666,17.213333
1.206758,18.326666,17.166666
1.207159,18.339998,17.193333
1.207560,18.353333,17.219999
1.207961,18.320000,17.240000
1.208362,18.526667,17.240000
1.208764,18.553333,17.233334
1.209167,18.373333,17.266666
1.209568,18.386665,17.260000
1.209970,18.473331,17.293333
1.210373,18.433334,17.273333
1.210774,18.446667,17.293333
1.211176,18.466665,17.313332
1.211577,18.466665,17.333332
1.211978,18.379999,17.333332
1.212379,18.573334,17.360001
1.212780,18.526667,17.340000
1.213182,18.559999,17.373333
1.213583,18.613333,17.346666
1.213985,18.559999,17.413332
1.214387,18.553333,17.446667
1.214789,18.559999,17.473333
1.215191,18.573334,17.386667
1.215593,18.593332,17.459999
1.215994,18.533333,17.473333
1.216395,18.586666,17.466665
1.216797,18.586666,17.406666
1.217199,18.646666,17.406666
1.217601,18.580000,17.593332
1.218002,18.653334,17.486666
1.218403,18.639999,17.539999
1.218805,18.666666,17.539999
1.219207,18.700001,17.600000
1.219608,18.726665,17.539999
1.220009,18.713333,17.533333
1.220410,18.713333,17.539999
1.220812,18.719999,17.600000
1.221213,18.693333,17.619999
1.221615,18.706667,17.639999
1.222016,18.746666,17.619999
1.222417,18.786667,17.639999
1.222819,18.740000,17.673332
1.223220,18.840000,17.619999
1.223621,18.813334,17.606667
1.224023,18.813334,17.639999
1.224424,18.826666,17.619999
1.224825,18.906666,17.686666
1.225226,18.846666,17.653334
1.225627,18.893333,17.699999
1.226028,18.799999,17.726665
1.226430,18.879999,17.726665
1.226831,18.879999,17.733334
1.227232,18.893333,17.726665
1.227634,18.900000,17.746666
1.228035,18.906666,17.746666
1.228436,18.933332,17.760000
1.228838,18.920000,17.760000
1.229239,18.960001,17.820000
1.229640,18.980000,17.799999
1.230041,18.886665,17.793333
1.230442,18.953333,17.766666
1.230844,18.999998,17.826666
1.231245,19.006666,17.846666
1.231646,19.046667,17.826666
1.232047,18.993332,17.840000
1.232449,19.019999,17.846666
1.232851,19.066666,17.773333
1.233253,19.119999,17.886667
1.233654,19.066666,17.966665
1.234055,19.026667,17.886667
1.234456,19.073334,17.886667
1.234857,19.073334,17.886667
1.235259,19.093334,17.906668
1.235661,19.100000,17.913334
1.236063,19.113333,17.966665
1.236464,19.139999,18.026667
1.236866,19.153332,18.020000
1.237267,19.133331,17.959999
1.237668,19.126665,17.939999
1.238069,19.059999,17.966665
1.238470,19.139999,18.006666
1.238872,19.146666,17.993332
1.239273,19.206667,17.939999
1.239677,19.173332,18.000000
1.240080,19.246666,18.020000
1.240481,19.206667,18.020000
1.240882,19.213333,18.073332
1.241284,19.193333,18.026667
1.241685,19.233334,18.033333
1.242086,19.240000,18.066666
1.242487,19.246666,18.053333
1.242888,19.273333,18.053333
1.243289,19.246666,18.040001
1.243690,19.273333,18.066666
1.244092,19.266666,18.020000
1.244494,19.293333,18.106667
1.244895,19.320000,18.086666
1.245296,19.299999,18.113333
1.245698,19.326666,18.146666
1.246099,19.320000,18.186666
1.246500,19.333334,18.073332
1.246901,19.366667,18.146666
1.247302,19.346666,18.146666
1.247704,19.333334,18.139999
1.248105,19.346666,18.146666
1.248506,19.326666,18.146666
1.248907,19.360001,18.146666
1.249308,19.353334,18.180000
1.249710,19.306665,18.186666
1.250111,19.373333,18.160000
1.250512,19.353334,18.166666
1.250913,19.459999,18.146666
1.251315,19.420000,18.186666
1.251717,19.386665,18.193333
1.252118,19.413332,18.213333
1.252520,19.433332,18.219999
1.252922,19.426666,18.373333
1.253324,19.433332,18.233332
1.253725,19.500000,18.186666
1.254126,19.459999,18.126667
1.254528,19.459999,18.226665
1.254929,19.453333,18.246666
1.255330,19.466667,18.293333
1.255731,19.480000,18.273333
1.256133,19.400000,18.273333
1.256535,19.500000,18.266666
1.256936,19.506666,18.280001
1.257337,19.480000,18.293333
1.257738,19.500000,18.273333
1.258139,19.533333,18.266666
1.258541,19.493334,18.280001
1.258943,19.446667,18.313334
1.259344,19.546665,18.333332
1.259745,19.553333,18.326666
1.260146,19.546665,18.313334
1.260547,19.573334,18.346666
1.260948,19.566666,18.313334
1.261349,19.593332,18.333332
1.261751,19.580000,18.253332
1.262152,19.593332,18.359999
1.262554,19.566666,18.353333
1.262955,19.580000,18.339998
1.263356,19.606667,18.273333
1.263758,19.553333,18.379999
1.264159,19.606667,18.379999
1.264561,19.626667,18.400000
1.264962,19.626667,18.379999
1.265363,19.626667,18.346666
1.265765,19.686666,18.440001
1.266168,19.666666,18.400000
1.266569,19.633333,18.400000
1.266971,19.639999,18.400000
1.267372,19.760000,18.400000
1.267773,19.666666,18.400000
1.268174,19.666666,18.440001
1.268576,19.673332,18.406666
1.268977,19.659998,18.420000
1.269378,19.699999,18.406666
1.269779,19.673332,18.426666
1.270180,19.693333,18.406666
1.270582,19.686666,18.440001
1.270984,19.693333,18.446667
1.271385,19.713333,18.440001
1.271787,19.693333,18.453333
1.272188,19.706667,18.473331
1.272589,19.713333,18.493332
1.272990,19.679998,18.466665
1.273391,19.666666,18.486666
1.273792,19.706667,18.466665
1.274193,19.719999,18.473331
1.274595,19.826666,18.406666
1.274996,19.753334,18.546667
1.275397,19.826666,18.486666
1.275798,19.746666,18.580000
1.276200,19.740000,18.486666
1.276602,19.699999,18.493332
1.277003,19.746666,18.506666
1.277404,19.673332,18.473331
1.277806,19.753334,18.506666
1.278209,19.740000,18.520000
1.278610,19.766666,18.520000
1.279011,19.773333,18.526667
1.279413,19.760000,18.526667
1.279815,19.753334,18.520000
1.280217,19.726667,18.506666
1.280619,19.779999,18.506666
1.281021,19.779999,18.393333
1.281422,19.786665,18.520000
1.281824,19.773333,18.546667
1.282225,19.779999,18.520000
1.282626,19.786665,18.526667
1.283028,19.806665,18.553333
1.283429,19.786665,18.473331
1.283830,19.766666,18.533333
1.284231,19.893333,18.533333
1.284632,19.806665,18.580000
1.285033,19.799999,18.539999
1.285435,19.813332,18.553333
1.285837,19.813332,18.553333
1.286238,19.799999,18.533333
1.286639,19.806665,18.533333
1.287040,19.799999,18.566668
1.287441,19.826666,18.559999
1.287842,19.820000,18.526667
1.288243,19.820000,18.539999
1.288644,19.946667,18.533333
1.289046,19.833332,18.546667
1.289448,19.840000,18.599998
1.289850,19.833332,18.400000
1.290251,19.820000,18.553333
1.290653,19.833332,18.553333
1.291054,19.813332,18.613333
1.291455,19.833332,18.566668
1.291856,19.833332,18.673334
1.292257,19.753334,18.559999
1.292658,19.826666,18.599998
1.293060,19.833332,18.586666
1.293462,19.840000,18.606665
1.293863,19.833332,18.586666
1.294264,19.846666,18.593332
1.294665,19.840000,18.586666
1.295067,19.840000,18.586666
1.295468,19.726667,18.586666
1.295869,19.833332,18.599998
1.296270,19.833332,18.593332
1.296675,19.853333,18.539999
1.297076,19.833332,18.466665
1.297478,19.820000,18.546667
1.297880,19.846666,18.586666
1.298283,19.820000,18.580000
1.298684,19.820000,18.566668
1.299085,19.846666,18.613333
1.299486,19.840000,18.606665
1.299887,19.833332,18.526667
1.300288,19.786665,18.580000
1.300690,19.786665,18.566668
1.301091,19.806665,18.586666
1.301492,19.813332,18.566668
1.301894,19.826666,18.586666
1.302295,19.840000,18.586666
1.302697,19.853333,18.546667
1.303098,19.840000,18.566668
1.303499,19.846666,18.526667
1.303900,19.840000,18.586666
1.304301,19.786665,18.606665
1.304703,19.826666,18.559999
1.305104,19.813332,18.586666
1.305505,19.826666,18.580000
1.305906,19.840000,18.586666
1.306308,19.840000,18.586666
1.306710,19.840000,18.566668
1.307111,19.826666,18.546667
1.307512,19.820000,18.546667
1.307913,19.813332,18.526667
1.308314,19.833332,18.566668
1.308716,19.813332,18.606665
1.309118,19.786665,18.473331
1.309520,19.826666,18.546667
1.309921,19.840000,18.566668
1.310322,19.806665,18.566668
1.310724,19.799999,18.566668
1.311125,19.833332,18.580000
1.311527,19.880001,18.539999
1.311929,19.766666,18.580000
1.312330,19.760000,18.546667
1.312731,19.893333,18.553333
1.313133,19.806665,18.406666
1.313535,19.773333,18.473331
1.313937,19.813332,18.580000
1.314338,19.799999,18.566668
1.314739,19.806665,18.580000
1.315141,19.880001,18.420000
1.315542,19.886667,18.520000
1.315944,19.793333,18.526667
1.316346,19.773333,18.566668
1.316747,19.779999,18.520000
1.317149,19.666666,18.533333
1.317550,19.779999,18.539999
1.317952,19.779999,18.533333
1.318354,19.753334,18.513332
1.318756,19.760000,18.493332
1.319157,19.760000,18.526667
1.319559,19.766666,18.513332
1.319960,19.766666,18.520000
1.320362,19.753334,18.486666
1.320764,19.746666,18.486666
1.321165,19.746666,18.486666
1.321567,19.760000,18.486666
1.321969,19.880001,18.553333
1.322371,19.753334,18.486666
1.322772,19.773333,18.459999
1.323173,19.760000,18.493332
1.323575,19.733334,18.486666
1.323976,19.733334,18.486666
1.324378,19.706667,18.493332
1.324779,19.740000,18.580000
1.325180,19.600000,18.446667
1.325581,19.733334,18.466665
1.325982,19.719999,18.446667
1.326383,19.706667,18.459999
1.326784,19.719999,18.446667
1.327186,19.706667,18.459999
1.327588,19.693333,18.459999
1.327990,19.693333,18.440001
1.328391,19.740000,18.386665
1.328792,19.746666,18.400000
1.329193,19.679998,18.446667
1.329595,19.686666,18.420000
1.329996,19.646666,18.413334
1.330397,19.666666,18.406666
1.330799,19.699999,18.426666
1.331200,19.659998,18.353333
1.331602,19.606667,18.413334
1.332004,19.633333,18.393333
1.332405,19.673332,18.379999
1.332806,19.633333,18.406666
1.333207,19.653332,18.400000
1.333609,19.459999,18.373333
1.334010,19.620001,18.386665
1.334412,19.626667,18.359999
1.334813,19.620001,18.366667
1.335214,19.600000,18.353333
1.335615,19.606667,18.379999
1.336017,19.620001,18.366667
1.336418,19.586666,18.353333
1.336819,19.566666,18.346666
1.337220,19.580000,18.359999
1.337621,19.559999,18.333332
1.338023,19.559999,18.339998
1.338425,19.553333,18.313334
1.338826,19.573334,18.379999
1.339227,19.600000,18.326666
1.339629,19.566666,18.366667
1.340030,19.593332,18.320000
1.340431,19.519999,18.313334
1.340832,19.533333,18.306667
1.341233,19.506666,18.286667
1.341634,19.480000,18.273333
1.342035,19.533333,18.206665
1.342436,19.480000,18.313334
1.342838,19.473333,18.213333
1.343240,19.480000,18.273333
1.343642,19.473333,18.333332
1.344044,19.426666,18.273333
1.344445,19.453333,18.206665
1.344846,19.433332,18.260000
1.345247,19.466667,18.260000
1.345648,19.566666,18.266666
1.346049,19.426666,18.213333
1.346450,19.480000,18.160000
1.346851,19.426666,18.180000
1.347252,19.433332,18.219999
1.347654,19.446667,18.233332
1.348055,19.459999,18.193333
1.348457,19.486668,18.186666
1.348859,19.406666,18.180000
1.349260,19.333334,18.173334
1.349661,19.366667,18.180000
1.350062,19.293333,18.146666
1.350464,19.366667,18.146666
1.350866,19.393332,18.139999
1.351268,19.340000,18.126667
1.351669,19.346666,18.126667
1.352071,19.346666,18.126667
1.352472,19.353334,18.139999
1.352873,19.333334,18.106667
1.353275,19.273333,18.099998
1.353677,19.306665,18.073332
1.354078,19.320000,18.093332
1.354479,19.293333,18.079998
1.354881,19.413332,18.086666
1.355282,19.279999,18.079998
1.355683,19.273333,18.086666
1.356084,19.253332,17.893333
1.356485,19.253332,18.033333
1.356887,19.226667,18.033333
1.357289,19.253332,18.026667
1.357690,19.193333,18.020000
1.358091,19.360001,18.040001
1.358492,19.240000,18.033333
1.358893,19.219999,18.006666
1.359294,19.200001,17.926666
1.359697,19.193333,18.000000
1.360098,19.180000,17.973333
1.360499,19.166666,17.966665
1.360900,19.173332,17.939999
1.361301,19.153332,17.946665
1.361703,19.139999,17.953333
1.362104,19.139999,17.973333
1.362506,19.119999,17.939999
1.362909,19.113333,17.886667
1.363310,19.073334,17.846666
1.363711,19.100000,17.959999
1.364113,19.113333,17.946665
1.364516,19.093334,17.886667
1.364918,19.146666,17.893333
1.365319,19.119999,17.886667
1.365721,19.066666,17.886667
1.366122,18.999998,17.840000
1.366524,19.053333,17.906668
1.366925,19.013332,17.793333
1.367326,19.026667,17.866667
1.367729,18.999998,17.826666
1.368130,18.986666,17.799999
1.368531,18.993332,17.813332
1.368932,18.986666,17.793333
1.369333,18.973333,17.813332
1.369735,18.966667,17.806665
1.370137,18.966667,17.760000
1.370538,18.933332,17.773333
1.370944,18.920000,17.760000
1.371345,18.953333,17.699999
1.371746,18.906666,17.719999
1.372147,18.900000,17.726665
1.372549,18.900000,17.733334
1.372951,18.879999,17.539999
1.373352,18.853333,17.693333
1.373753,18.833334,17.686666
1.374154,18.920000,17.733334
1.374556,18.759998,17.719999
1.374957,18.820000,17.613333
1.375358,18.953333,17.633333
1.375759,18.813334,17.666666
1.376160,18.799999,17.653334
1.376561,18.793333,17.639999
1.376963,18.766666,17.673332
1.377364,18.746666,17.606667
1.377765,18.759998,17.593332
1.378166,18.753332,17.593332
1.378568,18.706667,17.593332
1.378969,18.706667,17.586666
1.379370,18.713333,17.526667
1.379771,18.686666,17.433332
1.380172,18.686666,17.539999
1.380575,18.653334,17.486666
1.380976,18.693333,17.466665
1.381378,18.633333,17.500000
1.381779,18.633333,17.473333
1.382181,18.633333,17.480000
1.382582,18.626665,17.486666
1.382983,18.666666,17.453333
1.383384,18.593332,17.453333
1.383785,18.599998,17.426666
1.384186,18.586666,17.453333
1.384588,18.573334,17.406666
1.384989,18.533333,17.406666
1.385390,18.546667,17.400000
1.385791,18.520000,17.373333
1.386192,18.459999,17.380001
1.386594,18.553333,17.333332
1.386996,18.440001,17.366667
1.387397,18.493332,17.333332
1.387798,18.459999,17.346666
1.388199,18.446667,17.326666
1.388601,18.446667,17.306665
1.389002,18.386665,17.266666
1.389403,18.453333,17.186666
1.389805,18.386665,17.286665
1.390206,18.366667,17.266666
1.390608,18.386665,17.240000
1.391010,18.359999,17.233334
1.391411,18.339998,17.260000
1.391812,18.353333,17.173332
1.392213,18.333332,17.219999
1.392615,18.306667,17.106667
1.393016,18.306667,17.173332
1.393418,18.240000,17.106667
1.393819,18.266666,17.159998
1.394220,18.280001,17.159998
1.394621,18.266666,17.066666
1.395023,18.260000,17.179998
1.395424,18.186666,17.100000
1.395825,18.260000,17.086666
1.396226,18.213333,17.039999
1.396627,18.193333,17.059999
1.397028,18.186666,17.066666
1.397429,18.206665,17.039999
1.397831,18.126667,17.039999
1.398233,18.146666,17.013332
1.398634,18.133333,16.980000
1.399035,18.113333,17.019999
1.399436,18.186666,16.959999
1.399838,18.093332,16.913332
1.400240,18.146666,16.946667
1.400642,18.126667,16.920000
1.401043,18.040001,16.926666
1.401444,18.046667,16.913332
1.401846,18.033333,16.906666
1.402249,18.020000,16.913332
1.402651,18.020000,16.906666
1.403053,18.026667,16.900000
1.403454,17.959999,16.886665
1.403856,17.920000,16.873333
1.404257,17.933332,16.846666
1.404658,17.920000,16.853334
1.405059,17.920000,16.826666
1.405460,17.966665,16.820000
1.405862,17.886667,16.820000
1.406263,17.886667,16.793333
1.406664,17.859999,16.826666
1.407065,17.866667,16.786665
1.407466,17.706665,16.786665
1.407867,17.786667,16.766666
1.408269,17.799999,16.759998
1.408670,17.686666,16.713333
1.409072,17.786667,16.713333
1.409475,17.793333,16.706667
1.409876,17.753334,16.786665
1.410278,17.733334,16.700001
1.410679,17.733334,16.646666
1.411080,17.959999,16.680000
1.411481,17.693333,16.706667
1.411882,17.673332,16.593334
1.412283,17.660000,16.613333
1.412684,17.653334,16.566666
1.413085,17.613333,16.533333
1.413487,17.619999,16.553333
1.413888,17.619999,16.453333
1.414289,17.606667,16.519999
1.414690,17.679998,16.473333
1.415091,17.500000,16.486666
1.415493,17.566666,16.466667
1.415895,17.566666,16.446667
1.416296,17.666666,16.440001
1.416697,17.459999,16.386665
1.417099,17.306665,16.366665
1.417500,17.419998,16.353333
1.417901,17.439999,16.413332
1.418302,17.419998,16.353333
1.418704,17.400000,16.299999
1.419105,17.400000,16.333334
1.419506,17.353333,16.320000
1.419907,17.366667,16.273333
1.420309,17.333332,16.273333
1.420710,17.306665,16.219999
1.421111,17.306665,16.233332
1.421512,17.340000,16.240000
1.421913,17.279999,16.180000
1.422315,17.279999,16.200001
1.422717,17.260000,16.166666
1.423118,17.240000,16.173334
1.423520,17.246666,16.133333
1.423921,17.213333,16.113333
1.424323,17.213333,16.080000
1.424724,17.186666,16.039999
1.425125,17.173332,16.093332
1.425527,17.139999,16.046667
1.425929,17.193333,16.039999
1.426330,17.166666,15.993333
1.426731,17.080000,15.960000
1.427132,17.019999,15.980000
1.427534,17.073334,15.920000
1.427936,17.146666,15.920000
1.428338,17.026665,15.940000
1.428739,17.033333,15.933333
1.429141,16.993334,15.873333
1.429542,16.959999,15.886665
1.429944,17.006666,15.853333
1.430346,16.953333,15.826667
1.430747,16.946667,15.760000
1.431148,16.926666,15.753332
1.431549,16.926666,15.839999
1.431951,16.906666,15.826667
1.432353,16.853334,15.753332
1.432754,16.886665,15.753332
1.433156,16.833334,15.700000
1.433557,16.820000,15.700000
1.433958,16.799999,15.693334
1.434359,16.840000,15.673333
1.434760,16.806665,15.633333
1.435162,16.786665,15.606667
1.435564,16.746666,15.633333
1.435966,16.733334,15.573333
1.436367,16.746666,15.579999
1.436769,16.740000,15.546666
1.437171,16.686666,15.533333
1.437573,16.680000,15.500000
1.437974,16.660000,15.540000
1.438375,16.600000,15.493332
1.438777,16.626665,15.573333
1.439180,16.619999,15.433333
1.439581,16.626665,15.426665
1.439983,16.566666,15.393333
1.440384,16.546667,15.393333
1.440785,16.526667,15.333333
1.441186,16.539999,15.306666
1.441588,16.473333,15.426665
1.441989,16.480000,15.320001
1.442390,16.526667,15.320001
1.442792,16.433332,15.273333
1.443193,16.433332,15.280000
1.443594,16.386665,15.219999
1.443995,16.359999,15.219999
1.444396,16.340000,15.219999
1.444798,16.366665,15.213333
1.445199,16.299999,15.153333
1.445601,16.293333,15.213333
1.446003,16.226665,15.133333
1.446404,16.273333,15.080000
1.446806,16.193333,15.119999
1.447207,16.139999,14.953333
1.447608,16.186666,15.066667
1.448009,16.146666,14.953333
1.448411,16.119999,14.953333
1.448812,16.133333,14.953333
1.449213,16.106665,14.933333
1.449614,16.006666,14.933333
1.450015,16.133333,14.953333
1.450416,16.059999,14.899999
1.450819,16.006666,14.780000
1.451220,15.980000,14.866667
1.451621,15.980000,14.820000
1.452023,15.940000,14.806666
1.452425,15.913334,14.786666
1.452826,15.913334,14.886666
1.453227,15.893333,15.080000
1.453629,15.893333,14.753333
1.454030,15.860000,14.726667
1.454431,15.799999,14.693333
1.454833,15.799999,14.626666
1.455234,15.766666,14.626666
1.455635,15.780001,14.659999
1.456037,15.720000,14.600000
1.456438,15.713334,14.613333
1.456839,15.713334,14.553333
1.457240,15.686666,14.553333
1.457642,15.753332,14.520000
1.458043,15.526667,14.520000
1.458444,15.593333,14.473333
1.458846,15.586667,14.693333
1.459248,15.560000,14.506667
1.459649,15.553332,14.420000
1.460050,15.506666,14.400001
1.460451,15.513332,14.406667
1.460853,15.520000,14.386666
1.461255,15.419999,14.366666
1.461656,15.426665,14.446667
1.462057,15.426665,14.326666
1.462458,15.393333,14.326666
1.462859,15.373333,14.306665
1.463260,15.353333,14.273334
1.463662,15.333333,14.266667
1.464063,15.293332,14.233333
1.464464,15.280000,14.200001
1.464865,15.306666,14.186666
1.465266,15.266666,14.173332
1.465668,15.166667,14.173332
1.466069,15.193334,14.120000
1.466471,15.146667,13.986667
1.466873,15.173333,14.120000
1.467274,15.073333,14.080000
1.467677,15.106667,13.993333
1.468078,15.139999,14.026667
1.468481,15.006666,14.080000
1.468882,15.006666,13.993333
1.469284,14.953333,13.979999
1.469685,14.953333,13.979999
1.470086,15.000000,13.913332
1.470487,14.940000,13.913332
1.470888,14.899999,13.839999
1.471291,14.853333,13.886666
1.471692,14.873333,13.846665
1.472093,14.813333,13.826666
1.472495,14.840000,13.820000
1.472897,14.853333,13.820000
1.473299,14.759999,13.779999
1.473700,14.786666,13.813334
1.474101,14.706667,13.673334
1.474503,14.600000,13.779999
1.474904,14.693333,13.639999
1.475305,14.719999,13.653334
1.475706,14.713333,13.646666
1.476109,14.620000,13.626666
1.476511,14.586666,13.573333
1.476912,14.580000,13.573333
1.477313,14.546666,13.559999
1.477715,14.526666,13.526667
1.478118,14.520000,13.500000
1.478519,14.513333,13.500000
1.478920,14.480000,13.486667
1.479322,14.446667,13.440000
1.479723,14.400001,13.586667
1.480125,14.446667,13.433333
1.480526,14.326666,13.326666
1.480927,14.346666,13.460000
1.481328,14.293333,13.346667
1.481731,14.299999,13.320000
1.482132,14.293333,13.300000
1.482533,14.273334,13.280000
1.482934,14.286666,13.226666
1.483336,14.213333,13.286667
1.483737,14.186666,13.233334
1.484138,14.206667,13.200000
1.484539,14.153333,13.166667
1.484941,14.126666,13.126666
1.485343,14.093333,13.133333
1.485744,14.140000,13.113333
1.486147,14.066666,12.906667
1.486549,14.013333,13.066667
1.486950,14.013333,12.973333
1.487352,13.986667,13.020000
1.487753,13.946667,13.020000
1.488154,13.926666,12.980000
1.488555,13.886666,12.993333
1.488956,13.893333,12.946667
1.489359,14.006667,12.893333
1.489760,13.839999,12.919999
1.490162,13.820000,12.786666
1.490563,13.813334,12.860000
1.490964,13.860000,12.866666
1.491365,13.606666,12.799999
1.491766,13.740001,12.780000
1.492168,13.806667,12.753333
1.492569,13.639999,12.760000
1.492971,13.646666,12.713333
1.493374,13.646666,12.673333
1.493776,13.626666,12.673333
1.494178,13.573333,12.586666
1.494579,13.566667,12.633333
1.494980,13.539999,12.653333
1.495381,13.533333,12.613333
1.495782,13.539999,12.586666
1.496183,13.500000,12.553333
1.496584,13.466666,12.533333
1.496986,13.513332,12.506667
1.497387,13.393333,12.500000
1.497789,13.379999,12.453333
1.498190,13.366667,12.433333
1.498591,13.339999,12.426666
1.498992,13.300000,12.420000
1.499393,13.326666,12.413333
1.499794,13.146667,12.339999
1.500197,13.293333,12.366667
1.500599,13.226666,12.306666
1.501000,13.200000,12.233334
1.501402,13.179999,12.213333
1.501805,13.153334,12.253333
1.502206,13.146667,12.233334
1.502607,13.100000,12.226666
1.503009,13.073333,12.126666
1.503411,13.006666,12.126666
1.503812,13.020000,12.093333
1.504213,12.986666,12.080000
1.504614,12.960000,12.053333
1.505015,12.946667,12.059999
1.505416,12.953333,11.993333
1.505818,12.953333,11.940000
1.506219,12.940000,11.973333
1.506621,12.853333,11.920000
1.507022,12.893333,11.893333
1.507423,12.786666,11.893333
1.507825,12.606667,11.879999
1.508226,12.773334,11.933332
1.508628,12.846666,11.820000
1.509029,12.746666,11.780000
1.509432,12.719999,11.793333
1.509833,12.653333,11.760000
1.510234,12.640000,11.753333
1.510635,12.606667,11.720000
1.511036,12.593333,11.693333
1.511438,12.593333,11.666666
1.511839,12.546666,11.666666
1.512240,12.493333,11.626666
1.512642,12.506667,11.599999
1.513044,12.440001,11.573333
1.513445,12.466666,11.553333
1.513846,12.420000,11.539999
1.514249,12.400000,11.526667
1.514650,12.400000,11.493333
1.515052,12.306666,11.673333
1.515453,12.333333,11.473332
1.515855,12.326666,11.366667
1.516257,12.320000,11.400000
1.516658,12.259999,11.406666
1.517059,12.246667,11.360000
1.517460,12.253333,11.366667
1.517861,12.193333,11.513333
1.518263,12.133333,11.286666
1.518664,12.206666,11.253333
1.519065,12.086666,11.240000
1.519468,12.080000,11.193334
1.519869,11.999999,11.193334
1.520271,11.973333,11.180000
1.520677,11.966666,11.246667
1.521078,11.966666,11.339999
1.521480,11.960000,11.099999
1.521882,11.913333,11.026667
1.522283,11.879999,11.046666
1.522684,11.866666,11.020000
1.523085,11.833333,11.013332
1.523486,11.853333,10.966666
1.523887,11.786667,10.960000
1.524288,11.773334,10.960000
1.524690,11.660000,10.920000
1.525091,11.646667,10.780000
1.525492,11.706667,10.866667
1.525893,11.586667,10.840000
1.526294,11.586667,10.826666
1.526696,11.599999,10.793333
1.527097,11.593333,10.773334
1.527498,11.566667,10.720000
1.527900,11.553333,10.726666
1.528301,11.513333,10.686666
1.528703,11.473332,10.686666
1.529104,11.433333,10.700000
1.529506,11.446667,10.639999
1.529907,11.413333,10.593333
1.530309,11.406666,10.620000
1.530710,11.360000,10.566667
1.531111,11.346666,10.520000
1.531512,11.320000,10.500000
1.531914,11.260000,10.480000
1.532315,11.280000,10.486666
1.532717,11.093333,10.533334
1.533118,11.366667,10.440000
1.533521,11.206666,10.419999
1.533922,11.339999,10.386666
1.534323,11.146667,10.400000
1.534724,11.139999,10.320000
1.535125,11.073333,10.313334
1.535526,11.053333,10.226666
1.535927,11.046666,10.306666
1.536329,11.006666,10.226666
1.536730,10.980000,10.140000
1.537131,11.013332,10.200000
1.537534,10.940000,10.160000
1.537935,10.906667,10.113333
1.538336,10.906667,10.120000
1.538737,10.840000,10.166666
1.539138,10.866667,10.053333
1.539539,10.806666,10.046666
1.539941,10.786667,10.013333
1.540342,10.833333,10.013333
1.540743,10.679999,9.933333
1.541144,10.606667,9.980000
1.541546,10.686666,9.973333
1.541947,10.673333,9.933333
1.542348,10.786667,9.966666
1.542750,10.653334,9.853333
1.543151,10.586667,9.873333
1.543552,10.613333,9.793333
1.543953,10.533334,9.786667
1.544354,10.506666,9.766666
1.544756,10.500000,9.780000
1.545157,10.473333,9.693333
1.545559,10.453333,9.633333
1.545961,10.413333,9.686666
1.546362,10.386666,9.680000
1.546764,10.380000,9.626666
1.547165,10.333333,9.533333
1.547567,10.320000,9.586666
1.547968,10.313334,9.553333
1.548369,10.280000,9.600000
1.548771,10.226666,9.526667
1.549172,10.226666,9.493333
1.549574,10.386666,9.446667
1.549975,10.373333,9.460000
1.550377,10.140000,9.346666
1.550778,10.133333,9.346666
1.551179,10.093333,9.346666
1.551581,10.106667,9.340000
1.551982,9.926666,9.266666
1.552383,10.020000,9.266666
1.552784,10.000000,9.266666
1.553187,9.973333,9.240000
1.553588,9.953333,9.220000
1.553989,9.946667,9.173333
1.554390,9.886666,9.153334
1.554791,9.860000,9.120000
1.555192,9.873333,9.120000
1.555594,9.886666,9.213333
1.555996,9.780000,9.086667
1.556397,9.793333,9.073333
1.556798,9.759999,9.039999
1.557199,9.719999,8.993333
1.557600,9.700000,9.179999
1.558001,9.660000,9.033333
1.558402,9.639999,9.153334
1.558804,9.680000,8.906666
1.559205,9.546667,8.913333
1.559607,9.586666,8.886666
1.560009,9.553333,8.826667
1.560410,9.506666,8.813334
1.560812,9.513333,8.780000
1.561213,9.466666,8.733333
1.561614,9.453333,8.706666
1.562015,9.346666,8.726666
1.562417,9.340000,8.726666
1.562819,9.333333,8.700000
1.563220,9.333333,8.646667
1.563622,9.293333,8.639999
1.564023,9.266666,8.599999
1.564424,9.260000,8.566667
1.564826,9.246666,8.526667
1.565227,9.206667,8.706666
1.565628,9.153334,8.526667
1.566029,9.120000,8.480000
1.566430,9.120000,8.513332
1.566831,9.053333,8.393332
1.567233,9.080000,8.420000
1.567634,9.106667,8.393332
1.568035,8.973332,8.373333
1.568437,9.013333,8.340000
1.568839,8.980000,8.300000
1.569241,8.960000,8.326666
1.569642,8.926666,8.300000
1.570043,8.906666,8.213333
1.570444,8.846666,8.213333
1.570846,8.860000,8.213333
1.571247,8.826667,8.153334
1.571648,8.793333,8.146667
1.572049,8.753333,8.200000
1.572450,8.800000,8.139999
1.572852,8.806666,7.966667
1.573253,8.633333,8.040000
1.573655,8.733333,8.026667
1.574056,8.646667,8.026667
1.574459,8.633333,7.920000
1.574860,8.566667,7.966667
1.575261,8.500000,7.953333
1.575663,8.566667,7.906666
1.576064,8.406667,7.873333
1.576465,8.506666,7.873333
1.576866,8.493334,7.846667
1.577268,8.460000,7.866666
1.577669,8.420000,7.780000
1.578071,8.426667,7.800000
1.578472,8.406667,7.753333
1.578873,8.346666,7.720000
1.579275,8.333333,7.720000
1.579677,8.306666,7.686666
1.580080,8.253333,7.660000
1.580482,8.273334,7.646666
1.580883,8.259999,7.520000
1.581285,8.273334,7.593334
1.581686,8.153334,7.586667
1.582088,8.080000,7.540000
1.582491,8.133333,7.626667
1.582893,8.046666,7.500000
1.583294,8.000000,7.506667
1.583696,7.886666,7.453333
1.584099,8.100000,7.426666
1.584500,8.006666,7.386667
1.584901,7.973333,7.373333
1.585302,7.946667,7.353333
1.585704,7.940000,7.340000
1.586105,7.913333,7.286667
1.586506,7.813334,7.240000
1.586907,7.853333,7.166667
1.587308,7.773333,7.266667
1.587710,7.846667,7.219999
1.588111,7.820000,7.126667
1.588512,7.766666,7.180000
1.588913,7.760000,7.166667
1.589314,7.700000,7.160000
1.589716,7.693334,7.146667
1.590117,7.640000,7.106667
1.590518,7.573333,7.080000
1.590920,7.559999,7.046667
1.591321,7.586667,6.886666
1.591723,7.613333,6.986666
1.592124,7.533333,6.986666
1.592525,7.513333,7.020000
1.592926,7.493333,6.953333
1.593327,7.480000,6.933333
1.593729,7.446666,6.733333
1.594132,7.406666,6.920000
1.594534,7.386667,6.820000
1.594935,7.360000,6.766666
1.595336,7.340000,6.780000
1.595737,7.320000,6.786666
1.596138,7.286667,6.726666
1.596540,7.266667,6.693333
1.596942,7.246666,6.673334
1.597343,7.180000,6.726666
1.597745,7.266667,6.666667
1.598146,7.173333,6.620000
1.598547,7.160000,6.600000
1.598948,7.146667,6.586667
1.599350,7.060000,6.466667
1.599751,7.119999,6.600000
1.600152,7.040000,6.686666
1.600553,7.006667,6.460000
1.600954,6.980000,6.520000
1.601356,6.973333,6.433333
1.601757,6.940000,6.386667
1.602158,6.913333,6.386667
1.602560,6.906667,6.326666
1.602961,6.880000,6.286667
1.603363,6.846666,6.286667
1.603764,6.833333,6.286667
1.604165,6.840000,6.260000
1.604567,6.813333,6.266666
1.604968,6.780000,6.253334
1.605369,6.760000,6.240000
1.605771,6.726666,6.173333
1.606174,6.693333,6.180000
1.606575,6.660000,6.133333
1.606976,6.673334,6.173333
1.607378,6.573333,6.080000
1.607779,6.600000,6.046667
1.608180,6.546667,6.060000
1.608581,6.573333,6.006667
1.608983,6.493333,6.040000
1.609385,6.473333,5.886667
1.609787,6.460000,5.940000
1.610189,6.433333,5.940000
1.610590,6.420000,5.880000
1.610991,6.433333,5.920000
1.611392,6.360000,5.913333
1.611794,6.300000,5.880000
1.612195,6.253334,5.800000
1.612596,6.273333,5.786666
1.612998,6.280000,5.780000
1.613399,6.280000,5.760000
1.613801,6.200000,5.726667
1.614202,6.200000,5.713333
1.614603,6.186666,6.026667
1.615004,6.146667,5.653333
1.615405,6.193333,5.646667
1.615806,6.013333,5.660000
1.616207,6.033333,5.600000
1.616608,6.073333,5.606667
1.617009,6.046667,5.473333
1.617410,6.166667,5.526667
1.617812,6.006667,5.566667
1.618213,5.980000,5.506666
1.618615,5.946667,5.500000
1.619017,5.940000,5.453333
1.619419,5.900000,5.453333
1.619820,5.866666,5.413333
1.620221,5.853333,5.413333
1.620622,5.853333,5.373333
1.621024,5.820000,5.380000
1.621425,5.866666,5.313333
1.621826,5.760000,5.326667
1.622227,5.753333,5.240000
1.622628,5.746666,5.306666
1.623029,5.726667,5.253333
1.623431,5.686666,5.240000
1.623833,5.733333,5.213333
1.624234,5.633333,5.213333
1.624635,5.600000,5.133333
1.625036,5.606667,5.160000
1.625439,5.626667,5.146667
1.625841,5.440000,5.033333
1.626242,5.553333,5.073333
1.626644,5.526667,5.060000
1.627046,5.486667,5.060000
1.627447,5.426667,4.980000
1.627848,5.440000,5.040000
1.628250,5.386667,4.980000
1.628651,5.393333,4.966667
1.629052,5.373333,4.966667
1.629453,5.266667,4.960000
1.629854,5.360000,4.946666
1.630257,5.306666,4.893333
1.630658,5.266667,4.873333
1.631060,5.253333,4.720000
1.631461,5.240000,4.813333
1.631862,5.233334,4.813333
1.632264,5.153333,4.786666
1.632666,5.120000,4.840000
1.633068,5.153333,4.760000
1.633469,5.140000,4.686666
1.633870,5.073333,4.713333
1.634271,5.086667,4.660000
1.634676,5.060000,4.680000
1.635079,5.046667,4.640000
1.635482,5.033333,4.606667
1.635883,5.020000,4.600000
1.636284,4.946666,4.626667
1.636687,4.966667,4.600000
1.637088,4.940000,4.600000
1.637489,4.913333,4.540000
1.637892,4.800000,4.506667
1.638293,4.780000,4.466667
1.638695,4.846666,4.446667
1.639096,4.933333,4.453333
1.639499,4.786666,4.420000
1.639900,4.813333,4.473333
1.640301,4.753333,4.360000
1.640703,4.733333,4.353333
1.641104,4.760000,4.393333
1.641505,4.700000,4.260000
1.641906,4.713333,4.313334
1.642307,4.720000,4.280000
1.642709,4.633333,4.306667
1.643110,4.600000,4.246667
1.643511,4.586667,4.226666
1.643913,4.593333,4.193333
1.644314,4.566667,4.186666
1.644716,4.540000,4.186666
1.645117,4.513333,4.173333
1.645519,4.506667,4.140000
1.645921,4.506667,4.066667
1.646324,4.446667,4.266666
1.646725,4.433333,4.013333
1.647126,4.386666,4.020000
1.647527,4.406667,3.940000
1.647928,4.360000,4.086667
1.648329,4.340000,4.046667
1.648731,4.346667,4.000000
1.649132,4.306667,3.946667
1.649533,4.286666,3.946667
1.649934,4.273333,4.000000
1.650335,4.246667,3.840000
1.650737,4.353333,3.866667
1.651139,4.206666,3.826667
1.651541,4.220000,3.846667
1.651942,4.173333,3.833333
1.652343,4.160000,3.820000
1.652744,4.166667,3.800000
1.653146,4.113333,3.746666
1.653548,4.100000,3.740000
1.653950,4.093333,3.626667
1.654352,4.073333,3.813334
1.654753,4.040000,3.660000
1.655154,4.013333,3.660000
1.655556,4.006667,3.626667
1.655957,3.993333,3.560000
1.656358,3.980000,3.733333
1.656759,3.933333,3.586667
1.657162,3.926666,3.580000
1.657563,3.920000,3.520000
1.657965,3.880000,3.540000
1.658367,3.900000,3.500000
1.658768,3.773333,3.406667
1.659169,3.786667,3.440000
1.659570,3.860000,3.466666
1.659971,3.746666,3.466666
1.660372,3.740000,3.426666
1.660773,3.720000,3.400000
1.661176,3.706666,3.400000
1.661577,3.680000,3.400000
1.661979,3.660000,3.286667
1.662380,3.640000,3.346666
1.662781,3.620000,3.313333
1.663184,3.606667,3.313333
1.663586,3.620000,3.240000
1.663987,3.593333,3.313333
1.664388,3.533333,3.253333
1.664789,3.526666,3.253333
1.665190,3.520000,3.160000
1.665591,3.506667,3.173333
1.665993,3.500000,3.166667
1.666394,3.546667,3.186666
1.666796,3.433333,3.133333
1.667197,3.446667,3.113333
1.667599,3.333333,3.133333
1.668001,3.400000,3.100000
1.668402,3.373333,3.080000
1.668803,3.373333,2.960000
1.669204,3.366667,3.053333
1.669605,3.326667,3.013333
1.670006,3.313333,3.040000
1.670407,3.320000,3.000000
1.670809,3.406667,2.980000
1.671211,3.240000,2.960000
1.671612,3.220000,2.960000
1.672014,3.226667,2.946667
1.672415,3.206667,2.920000
1.672816,3.160000,2.920000
1.673218,3.060000,2.920000
1.673620,3.213333,2.786667
1.674021,3.133333,2.833333
1.674422,3.013333,2.853333
1.674825,3.113333,2.900000
1.675226,3.060000,2.780000
1.675628,3.066667,2.786667
1.676030,3.033333,2.726667
1.676431,3.026667,2.753333
1.676832,3.006667,2.746667
1.677233,2.973333,2.713333
1.677635,2.973333,2.700000
1.678036,2.940000,2.673333
1.678438,2.940000,2.660000
1.678840,2.926667,2.660000
1.679243,2.873333,2.646667
1.679644,2.853333,2.626667
1.680045,2.860000,2.613333
1.680446,2.866667,2.606667
1.680848,2.833333,2.553333
1.681249,2.806667,2.553333
1.681651,2.793333,2.520000
1.682053,2.793333,2.346667
1.682454,2.786667,2.506666
1.682856,2.773333,2.520000
1.683257,2.780000,2.460000
1.683658,2.700000,2.453333
1.684060,2.640000,2.460000
1.684461,2.686666,2.533333
1.684863,2.686666,2.426666
1.685265,2.673333,2.420000
1.685667,2.653333,2.386667
1.686068,2.606667,2.366667
1.686471,2.726667,2.373333
1.686872,2.586667,2.280000
1.687273,2.580000,2.300000
1.687677,2.566667,2.280000
1.688078,2.546667,2.246667
1.688479,2.580000,2.273333
1.688880,2.520000,2.280000
1.689281,2.486667,2.206667
1.689683,2.513333,2.200000
1.690086,2.480000,2.260000
1.690487,2.480000,2.220000
1.690888,2.400000,2.220000
1.691289,2.426666,2.200000
1.691690,2.340000,2.093333
1.692091,2.380000,2.126667
1.692492,2.400000,2.146667
1.692893,2.346667,2.126667
1.693294,2.333333,2.086667
1.693696,2.406667,2.106667
1.694098,2.273333,2.100000
1.694500,2.340000,2.086667
1.694902,2.273333,1.753333
1.695303,2.253333,2.060000
1.695704,2.260000,2.073333
1.696105,2.433333,2.033333
1.696506,2.133333,2.000000
1.696907,2.193333,1.993333
1.697309,2.220000,1.940000
1.697710,2.160000,2.020000
1.698113,2.160000,1.913333
1.698514,2.153333,1.920000
1.698916,2.126667,1.906667
1.699318,2.106667,1.820000
1.699720,2.120000,1.820000
1.700121,2.086667,1.940000
1.700523,2.086667,1.853333
1.700924,1.940000,1.826667
1.701325,2.060000,1.840000
1.701726,2.020000,1.820000
1.702128,2.006667,1.846667
1.702529,2.013333,1.673333
1.702930,2.020000,1.766667
1.703331,1.973333,1.773333
1.703732,1.980000,1.733333
1.704134,1.993333,1.773333
1.704535,1.933333,1.753333
1.704937,1.913333,1.573333
1.705338,1.866667,1.686667
1.705739,1.893333,1.680000
1.706141,1.880000,1.700000
1.706542,1.866667,1.653333
1.706943,1.846667,1.686667
1.707344,1.846667,1.566667
1.707745,1.760000,1.646667
1.708146,1.813333,1.660000
1.708547,1.800000,1.506667
1.708948,1.793333,1.593333
1.709349,1.806667,1.573333
1.709751,1.760000,1.566667
1.710152,1.753333,1.573333
1.710554,1.733333,1.560000
1.710956,1.746667,1.513333
1.711358,1.706667,1.526667
1.711759,1.686667,1.520000
1.712160,1.660000,1.473333
1.712561,1.673333,1.486667
1.712963,1.646667,1.526667
1.713364,1.593333,1.493333
1.713765,1.613333,1.446667
1.714167,1.620000,1.453333
1.714568,1.560000,1.386667
1.714970,1.573333,1.406667
1.715372,1.526667,1.393333
1.715773,1.560000,1.453333
1.716175,1.460000,1.360000
1.716577,1.560000,1.373333
1.716979,1.540000,1.560000
1.717380,1.513333,1.333333
1.717783,1.513333,1.326667
1.718185,1.506667,1.326667
1.718587,1.493333,1.293333
1.718988,1.460000,1.300000
1.719389,1.446667,1.326667
1.719791,1.413333,1.306667
1.720192,1.466667,1.266667
1.720593,1.400000,1.260000
1.720995,1.380000,1.220000
1.721396,1.406667,1.220000
1.721798,1.386667,1.373333
1.722199,1.386667,1.166667
1.722600,1.353333,1.200000
1.723002,1.333333,1.206667
1.723403,1.366667,1.326667
1.723805,1.353333,1.140000
1.724206,1.340000,1.173333
1.724608,1.326667,1.160000
1.725010,1.246667,1.146667
1.725411,1.300000,1.213333
1.725812,1.246667,1.106667
1.726214,1.253333,1.113333
1.726616,1.233333,1.066667
1.727018,1.213333,1.073333
1.727419,1.213333,1.086667
1.727820,1.233333,1.053333
1.728223,1.213333,1.033333
1.728624,1.200000,1.026667
1.729025,1.206667,1.033333
1.729426,1.213333,1.040000
1.729828,1.186667,1.046667
1.730230,1.140000,0.960000
1.730631,1.153333,1.020000
1.731032,1.186667,0.973333
1.731433,1.040000,0.953333
1.731835,1.120000,0.973333
1.732237,1.100000,0.953333
1.732638,1.093333,0.946667
1.733040,1.000000,0.946667
1.733441,1.040000,0.953333
1.733843,1.093333,0.946667
1.734245,1.066667,0.946667
1.734646,1.033333,0.946667
1.735047,1.033333,0.946667
1.735448,1.020000,0.946667
1.735849,1.026667,0.946667
1.736251,1.006667,0.946667
1.736652,1.006667,0.946667
1.737054,1.000000,0.946667
1.737456,0.966667,0.946667
1.737857,0.953333,0.946667
1.738258,0.980000,0.946667
1.738659,0.946667,0.946667
1.739060,0.946667,0.946667
1.739461,0.946667,0.946667
1.739862,0.946667,0.946667
1.740264,0.946667,0.946667
1.740665,0.946667,0.946667
1.741066,0.946667,0.946667
1.741468,0.946667,0.946667
1.741871,0.946667,0.946667
1.742272,0.946667,0.946667
1.742677,0.946667,0.946667
1.743078,0.946667,0.946667
1.743481,0.946667,0.946667
1.743882,0.946667,0.946667
1.744283,0.946667,0.946667
1.744684,0.946667,0.946667
1.745085,0.946667,0.946667
1.745486,0.946667,0.946667
1.745888,0.946667,0.946667
1.746289,0.946667,0.946667
1.746690,0.946667,0.946667
1.747091,0.946667,0.946667
1.747492,0.946667,0.946667
1.747893,0.946667,0.946667
1.748294,0.946667,0.946667
1.748696,0.946667,0.946667
1.749097,0.946667,0.946667
1.749498,0.946667,0.946667
1.749899,0.946667,0.946667
1.750300,0.946667,0.946667
1.750702,0.946667,0.946667
1.751103,0.946667,0.946667
1.751504,0.946667,0.946667
1.751906,0.946667,0.946667
1.752307,0.946667,0.946667
1.752709,0.946667,0.946667
1.753110,0.946667,0.946667
1.753511,0.946667,0.946667
1.753912,0.946667,0.946667
1.754315,0.946667,0.946667
1.754717,0.946667,0.946667
1.755118,0.946667,0.946667
1.755519,0.946667,0.946667
1.755920,0.946667,0.946667
1.756321,0.946667,0.946667
1.756723,0.946667,0.946667
1.757124,0.946667,0.946667
1.757526,0.946667,0.946667
1.757927,0.946667,0.946667
1.758328,0.946667,0.946667
1.758731,0.946667,0.946667
1.759133,0.946667,0.946667
1.759534,0.946667,0.946667
1.759935,0.946667,0.946667
1.760338,0.946667,0.946667
1.760739,0.946667,0.946667
1.761140,0.946667,0.946667
1.761541,0.946667,0.946667
1.761943,0.946667,0.946667
1.762344,0.946667,0.946667
1.762745,0.946667,0.946667
1.763146,0.946667,0.946667
1.763548,0.946667,0.946667
1.763949,0.946667,0.946667
1.764350,0.946667,0.946667
1.764752,0.946667,0.946667
1.765154,0.946667,0.946667
1.765555,0.946667,0.946667
1.765956,0.946667,0.946667
1.766357,0.946667,0.946667
1.766758,0.946667,0.946667
1.767159,0.946667,0.946667
1.767560,0.946667,0.946667
1.767961,0.946667,0.946667
1.768364,0.946667,0.946667
1.768765,0.946667,0.946667
1.769166,0.946667,0.946667
1.769567,0.946667,0.946667
1.769968,0.946667,0.946667
1.770369,0.946667,0.946667
1.770771,0.946667,0.946667
1.771172,0.946667,0.946667
1.771574,0.946667,0.946667
1.771976,0.946667,0.946667
1.772377,0.946667,0.946667
1.772778,0.946667,0.946667
1.773179,0.946667,0.946667
1.773581,0.946667,0.946667
1.773982,0.946667,0.946667
1.774383,0.946667,0.946667
1.774785,0.946667,0.946667
1.775187,0.946667,0.946667
1.775588,0.946667,0.946667
1.775990,0.946667,0.946667
1.776391,0.946667,0.946667
1.776793,0.946667,0.946667
1.777194,0.946667,0.946667
1.777595,0.946667,0.946667
1.777997,0.946667,0.946667
1.778398,0.946667,0.946667
1.778799,0.946667,0.946667
1.779200,0.946667,0.946667
1.779601,0.946667,0.946667
1.780003,0.946667,0.946667
1.780404,0.946667,0.946667
1.780805,0.946667,0.946667
1.781208,0.946667,0.946667
1.781609,0.946667,0.946667
1.782010,0.946667,0.946667
1.782411,0.946667,0.946667
1.782812,0.946667,0.946667
1.783213,0.946667,0.946667
1.783615,0.946667,0.946667
1.784016,0.946667,0.946667
1.784417,0.946667,0.946667
1.784819,0.946667,0.946667
1.785221,0.946667,0.946667
1.785622,0.946667,0.946667
1.786023,0.946667,0.946667
1.786425,0.946667,0.946667
1.786826,0.946667,0.946667
1.787227,0.946667,0.946667
1.787628,0.946667,0.946667
1.788030,0.946667,0.946667
1.788432,0.946667,0.946667
1.788833,0.946667,0.946667
1.789234,0.946667,0.946667
1.789635,0.946667,0.946667
1.790036,0.946667,0.946667
1.790438,0.946667,0.946667
1.790840,0.946667,0.946667
1.791241,0.946667,0.946667
1.791642,0.946667,0.946667
1.792044,0.946667,0.946667
1.792445,0.946667,0.946667
1.792846,0.946667,0.946667
1.793247,0.946667,0.946667
1.793649,0.946667,0.946667
1.794051,0.946667,0.946667
1.794452,0.946667,0.946667
1.794853,0.946667,0.946667
1.795254,0.946667,0.946667
1.795655,0.946667,0.946667
1.796057,0.946667,0.946667
1.796458,0.946667,0.946667
1.796859,0.946667,0.946667
1.797260,0.946667,0.946667
1.797662,0.946667,0.946667
1.798064,0.946667,0.946667
1.798466,0.946667,0.946667
1.798867,0.946667,0.946667
1.799270,0.946667,0.946667
1.799671,0.946667,0.946667
1.800072,0.946667,0.946667
1.800474,0.946667,0.946667
1.800876,0.946667,0.946667
1.801277,0.946667,0.946667
1.801678,0.946667,0.946667
1.802079,0.946667,0.946667
1.802482,0.946667,0.946667
1.802884,0.946667,0.946667
1.803286,0.946667,0.946667
1.803688,0.946667,0.946667
1.804090,0.946667,0.946667
1.804491,0.946667,0.946667
1.804893,0.946667,0.946667
1.805294,0.946667,0.946667
1.805696,0.946667,0.946667
1.806098,0.946667,0.946667
1.806499,0.946667,0.946667
1.806900,0.946667,0.946667
1.807301,0.946667,0.946667
1.807704,0.946667,0.946667
1.808105,0.946667,0.946667
1.808506,0.946667,0.946667
1.808908,0.946667,0.946667
1.809311,0.946667,0.946667
1.809712,0.946667,0.946667
1.810113,0.946667,0.946667
1.810516,0.946667,0.946667
1.810918,0.946667,0.946667
1.811319,0.946667,0.946667
1.811722,0.946667,0.946667
1.812123,0.946667,0.946667
1.812524,0.946667,0.946667
1.812926,0.946667,0.946667
1.813327,0.946667,0.946667
1.813729,0.946667,0.946667
1.814130,0.946667,0.946667
1.814531,0.946667,0.946667
1.814933,0.946667,0.946667
1.815334,0.946667,0.946667
1.815736,0.946667,0.946667
1.816137,0.946667,0.946667
1.816538,0.946667,0.946667
1.816943,0.946667,0.946667
1.817344,0.946667,0.946667
1.817745,0.946667,0.946667
1.818146,0.946667,0.946667
1.818547,0.946667,0.946667
1.818948,0.946667,0.946667
1.819349,0.946667,0.946667
1.819751,0.946667,0.946667
1.820152,0.946667,0.946667
1.820554,0.946667,0.946667
1.820955,0.946667,0.946667
1.821356,0.946667,0.946667
1.821758,0.946667,0.946667
1.822159,0.946667,0.946667
1.822560,0.946667,0.946667
1.822961,0.946667,0.946667
1.823362,0.946667,0.946667
1.823764,0.946667,0.946667
1.824165,0.946667,0.946667
1.824566,0.946667,0.946667
1.824968,0.946667,0.946667
1.825369,0.946667,0.946667
1.825771,0.946667,0.946667
1.826172,0.946667,0.946667
1.826574,0.946667,0.946667
1.826975,0.946667,0.946667
1.827376,0.946667,0.946667
1.827778,0.946667,0.946667
1.828179,0.946667,0.946667
1.828581,0.946667,0.946667
1.828983,0.946667,0.946667
1.829385,0.946667,0.946667
1.829786,0.946667,0.946667
1.830187,0.946667,0.946667
1.830589,0.946667,0.946667
1.830990,0.946667,0.946667
1.831391,0.946667,0.946667
1.831792,0.946667,0.946667
1.832193,0.946667,0.946667
1.832594,0.946667,0.946667
1.832995,0.946667,0.946667
1.833396,0.946667,0.946667
1.833797,0.946667,0.946667
1.834198,0.946667,0.946667
1.834600,0.946667,0.946667
1.835002,0.946667,0.946667
1.835403,0.946667,0.946667
1.835805,0.946667,0.946667
1.836207,0.946667,0.946667
1.836608,0.946667,0.946667
1.837010,0.946667,0.946667
1.837411,0.946667,0.946667
1.837812,0.946667,0.946667
1.838213,0.946667,0.946667
1.838615,0.946667,0.946667
1.839017,0.946667,0.946667
1.839418,0.946667,0.946667
1.839819,0.946667,0.946667
1.840222,0.946667,0.946667
1.840623,0.946667,0.946667
1.841024,0.946667,0.946667
1.841425,0.946667,0.946667
1.841826,0.946667,0.946667
1.842229,0.946667,0.946667
1.842631,0.946667,0.946667
1.843032,0.946667,0.946667
1.843434,0.946667,0.946667
1.843836,0.946667,0.946667
1.844238,0.946667,0.946667
1.844639,0.946667,0.946667
1.845040,0.946667,0.946667
1.845441,0.946667,0.946667
1.845842,0.946667,0.946667
1.846243,0.946667,0.946667
1.846645,0.946667,0.946667
1.847047,0.946667,0.946667
1.847449,0.946667,0.946667
1.847850,0.946667,0.946667
1.848253,0.946667,0.946667
1.848655,0.946667,0.946667
1.849056,0.946667,0.946667
1.849459,0.946667,0.946667
1.849861,0.946667,0.946667
1.850262,0.946667,0.946667
1.850663,0.946667,0.946667
1.851064,0.946667,0.946667
1.851466,0.946667,0.946667
1.851867,0.946667,0.946667
1.852268,0.946667,0.946667
1.852669,0.946667,0.946667
1.853070,0.946667,0.946667
1.853471,0.946667,0.946667
1.853873,0.946667,0.946667
1.854276,0.946667,0.946667
1.854677,0.946667,0.946667
1.855080,0.946667,0.946667
1.855481,0.946667,0.946667
1.855882,0.946667,0.946667
1.856283,0.946667,0.946667
1.856684,0.946667,0.946667
1.857085,0.946667,0.946667
1.857486,0.946667,0.946667
1.857888,0.946667,0.946667
1.858289,0.946667,0.946667
1.858690,0.946667,0.946667
1.859091,0.960000,0.946667
1.859492,0.946667,0.946667
1.859893,0.946667,0.946667
1.860296,0.953333,0.946667
1.860697,0.953333,0.946667
1.861098,0.960000,0.946667
1.861500,0.973333,0.946667
1.861902,0.966667,0.946667
1.862303,1.026667,0.946667
1.862704,0.993333,0.946667
1.863105,1.013333,0.946667
1.863506,1.013333,0.946667
1.863907,1.033333,0.946667
1.864309,1.013333,0.946667
1.864710,1.033333,0.946667
1.865113,1.040000,0.946667
1.865514,1.053333,0.946667
1.865915,1.040000,0.946667
1.866318,1.066667,0.946667
1.866719,1.080000,0.953333
1.867122,1.086667,0.946667
1.867523,1.126667,0.993333
1.867924,1.113333,0.953333
1.868325,1.140000,0.986667
1.868726,1.140000,0.986667
1.869129,1.140000,1.020000
1.869530,1.166667,1.146667
1.869931,1.093333,1.033333
1.870332,1.206667,1.033333
1.870735,1.126667,1.033333
1.871136,1.240000,1.066667
1.871537,1.180000,1.053333
1.871938,1.226667,1.133333
1.872340,1.240000,1.053333
1.872742,1.240000,1.086667
1.873143,1.240000,1.133333
1.873545,1.286667,1.086667
1.873947,1.273333,1.120000
1.874348,1.280000,1.160000
1.874750,1.273333,1.173333
1.875152,1.273333,1.193333
1.875553,1.333333,1.093333
1.875955,1.333333,1.466667
1.876356,1.360000,1.193333
1.876759,1.313333,1.206667
1.877160,1.366667,1.206667
1.877562,1.380000,1.200000
1.877964,1.380000,1.213333
1.878367,1.440000,1.226667
1.878769,1.400000,1.266667
1.879170,1.466667,1.240000
1.879572,1.500000,1.240000
1.879974,1.453333,1.226667
1.880376,1.466667,1.300000
1.880778,1.460000,0.946667
1.881180,1.480000,1.373333
1.881581,1.500000,1.326667
1.881982,1.533333,1.326667
1.882385,1.533333,1.346667
1.882787,1.473333,1.373333
1.883189,1.613333,1.353333
1.883590,1.560000,1.386667
1.883991,1.580000,1.386667
1.884392,1.566667,1.386667
1.884794,1.580000,1.460000
1.885195,1.613333,1.440000
1.885597,1.606667,1.420000
1.885999,1.626667,1.453333
1.886402,1.653333,1.473333
1.886803,1.646667,1.453333
1.887204,1.653333,1.473333
1.887605,1.680000,1.486667
1.888006,1.706667,1.566667
1.888407,1.653333,1.566667
1.888809,1.746667,1.560000
1.889211,1.660000,1.560000
1.889612,1.766667,1.586667
1.890013,1.780000,1.633333
1.890416,1.800000,1.606667
1.890818,1.800000,1.653333
1.891219,1.820000,1.606667
1.891620,1.806667,1.633333
1.892021,1.820000,1.640000
1.892422,1.846667,1.633333
1.892824,1.846667,1.673333
1.893225,1.873333,1.646667
1.893627,1.893333,1.646667
1.894028,1.906667,1.633333
1.894429,1.906667,1.826667
1.894831,1.906667,1.693333
1.895232,1.926667,1.740000
1.895634,1.940000,1.760000
1.896036,1.953333,1.773333
1.896437,1.980000,1.786667
1.896838,1.966667,1.786667
1.897239,2.026667,1.720000
1.897641,2.040000,2.033333
1.898043,2.026667,1.833333
1.898444,2.060000,1.926667
1.898845,2.146667,1.866667
1.899246,2.120000,1.760000
1.899648,2.113333,1.880000
1.900050,2.113333,1.826667
1.900451,2.106667,1.906667
1.900852,2.146667,1.940000
1.901254,2.153333,1.940000
1.901655,2.166667,1.973333
1.902057,2.180000,1.960000
1.902458,2.266667,2.040000
1.902859,2.333333,2.000000
1.903260,2.240000,2.026667
1.903662,2.313333,2.013333
1.904064,2.260000,2.053333
1.904465,2.273333,2.033333
1.904866,2.266667,2.060000
1.905267,2.333333,2.073333
1.905668,2.320000,2.100000
1.906069,2.340000,2.140000
1.906472,2.313333,2.106667
1.906873,2.366667,2.100000
1.907274,2.380000,2.153333
1.907677,2.513333,2.153333
1.908078,2.426666,2.186667
1.908479,2.346667,2.213333
1.908880,2.426666,1.940000
1.909281,2.346667,2.233333
1.909683,2.460000,2.233333
1.910085,2.426666,2.266667
1.910486,2.500000,2.280000
1.910887,2.526667,2.280000
1.911288,2.546667,2.246667
1.911690,2.553333,2.320000
1.912092,2.580000,2.433333
1.912493,2.573333,2.340000
1.912894,2.620000,2.433333
1.913295,2.513333,2.380000
1.913697,2.633333,2.413333
1.914098,2.660000,2.426666
1.914499,2.693333,2.426666
1.914900,2.700000,2.406667
1.915302,2.706666,2.486667
1.915704,2.706666,2.453333
1.916105,2.840000,2.253333
1.916507,2.766667,2.520000
1.916909,2.793333,2.526667
1.917312,2.840000,2.546667
1.917713,2.793333,2.540000
1.918116,2.806667,2.560000
1.918518,2.846667,2.593333
1.918919,2.846667,2.606667
1.919322,2.873333,2.600000
1.919724,2.893333,2.520000
1.920125,2.873333,2.613333
1.920526,2.933333,2.673333
1.920928,2.953333,2.680000
1.921330,2.966666,2.786667
1.921731,2.973333,2.700000
1.922132,2.980000,2.706666
1.922534,3.013333,2.793333
1.922935,2.826667,2.860000
1.923336,3.020000,2.800000
1.923738,3.046667,2.786667
1.924139,3.066667,2.786667
1.924540,3.086667,2.893333
1.924941,3.140000,2.826667
1.925343,3.126667,2.846667
1.925745,3.146667,2.860000
1.926146,3.153333,2.880000
1.926548,3.173333,2.880000
1.926949,3.186666,2.893333
1.927351,3.120000,2.933333
1.927753,3.240000,2.940000
1.928154,3.260000,2.973333
1.928556,3.233333,2.946667
1.928958,3.326667,2.993333
1.929359,3.346666,2.980000
1.929760,3.320000,2.993333
1.930161,3.326667,3.033333
1.930563,3.360000,3.053333
1.930964,3.380000,3.080000
1.931365,3.440000,3.100000
1.931766,3.386667,3.146667
1.932168,3.460000,3.133333
1.932569,3.380000,3.166667
1.932970,3.546667,3.133333
1.933372,3.513333,3.160000
1.933773,3.540000,3.193333
1.934175,3.413333,3.206667
1.934577,3.540000,3.253333
1.934978,3.540000,3.253333
1.935379,3.566667,3.220000
1.935780,3.606667,3.313333
1.936181,3.606667,3.293333
1.936582,3.646667,3.313333
1.936983,3.660000,3.346666
1.937385,3.660000,3.360000
1.937786,3.666667,3.386667
1.938187,3.773333,3.406667
1.938589,3.660000,3.400000
1.938991,3.726667,3.426666
1.939393,3.780000,3.546667
1.939794,3.833333,3.453333
1.940195,3.833333,3.460000
1.940596,3.846667,3.433333
1.940998,3.880000,3.486667
1.941399,3.866667,3.560000
1.941800,3.926666,3.560000
1.942201,3.920000,3.500000
1.942602,3.973333,3.593333
1.943004,3.980000,3.593333
1.943405,4.000000,3.566667
1.943807,3.986666,3.660000
1.944209,3.940000,3.660000
1.944610,4.020000,3.660000
1.945011,4.053333,3.700000
1.945412,4.086667,3.700000
1.945813,4.133333,3.746666
1.946215,4.106667,3.746666
1.946616,4.133333,3.746666
1.947018,4.080000,3.746666
1.947419,4.173333,3.713333
1.947821,4.186666,3.833333
1.948224,4.200000,3.846667
1.948625,4.233333,3.926666
1.949026,4.266666,3.986666
1.949427,4.273333,3.920000
1.949828,4.300000,4.013333
1.950231,4.313334,3.946667
1.950632,4.340000,3.986666
1.951034,4.353333,4.006667
1.951435,4.360000,4.013333
1.951837,4.393333,4.013333
1.952238,4.420000,4.040000
1.952639,4.433333,3.866667
1.953041,4.446667,4.106667
1.953443,4.480000,4.100000
1.953845,4.526667,4.133333
1.954246,4.460000,4.113333
1.954647,4.533333,4.140000
1.955049,4.546667,4.186666
1.955451,4.526667,4.100000
1.955852,4.633333,4.233333
1.956253,4.633333,4.213334
1.956655,4.626667,4.266666
1.957057,4.666667,4.293333
1.957458,4.733333,4.266666
1.957859,4.626667,4.340000
1.958260,4.713333,4.360000
1.958661,4.746666,4.353333
1.959062,4.726666,4.346667
1.959463,4.800000,4.420000
1.959865,4.793333,4.386666
1.960266,4.826666,4.433333
1.960668,4.866667,4.446667
1.961069,4.880000,4.466667
1.961470,4.886666,4.486666
1.961871,4.913333,4.533333
1.962272,4.960000,4.540000
1.962677,4.960000,4.540000
1.963078,4.973333,4.580000
1.963479,4.986667,4.613333
1.963881,5.020000,4.500000
1.964282,5.040000,4.600000
1.964684,5.066667,4.633333
1.965085,5.060000,4.706666
1.965486,5.033333,4.640000
1.965888,5.126667,4.760000
1.966289,5.160000,4.720000
1.966691,5.200000,4.686666
1.967092,5.013333,4.713333
1.967494,5.146667,4.793333
1.967895,5.226666,4.813333
1.968298,5.266667,4.866667
1.968699,5.266667,4.873333
1.969101,5.273333,4.880000
1.969503,5.320000,4.886666
1.969904,5.353333,4.820000
1.970305,5.346666,4.920000
1.970706,5.353333,5.040000
1.971109,5.400000,4.920000
1.971511,5.426667,5.000000
1.971913,5.426667,5.026667
1.972315,5.506666,5.013333
1.972717,5.526667,4.940000
1.973118,5.520000,5.166667
1.973520,5.539999,5.093333
1.973923,5.573333,5.100000
1.974324,5.580000,5.153333
1.974725,5.593333,5.153333
1.975126,5.646667,5.173333
1.975527,5.646667,5.120000
1.975928,5.646667,5.213333
1.976331,5.686666,5.146667
1.976732,5.713333,5.273333
1.977133,5.706666,5.286666
1.977534,5.766666,5.300000
1.977936,5.760000,5.313333
1.978337,5.800000,5.273333
1.978738,5.840000,5.333333
1.979139,5.846666,5.386667
1.979540,5.880000,5.413333
1.979941,5.893333,5.426667
1.980342,5.900000,5.440000
1.980744,5.940000,5.473333
1.981145,5.960000,5.486667
1.981548,6.000000,5.520000
1.981950,5.973333,5.566667
1.982351,6.053333,5.446666
1.982752,6.040000,5.586667
1.983153,6.093333,5.546667
1.983554,6.106667,5.626667
1.983955,6.153333,5.646667
1.984356,6.126667,5.646667
1.984758,6.173333,5.706666
1.985159,6.186666,5.693333
1.985561,6.066667,5.746666
1.985962,6.213333,5.740000
1.986365,6.280000,5.760000
1.986767,6.293333,5.780000
1.987169,6.326666,5.820000
1.987571,6.313334,5.820000
1.987972,6.133333,5.860000
1.988373,6.386667,5.846666
1.988776,6.413333,5.900000
1.989179,6.473333,5.886667
1.989580,6.400000,5.800000
1.989981,6.480000,5.946667
1.990382,6.500000,5.973333
1.990783,6.520000,6.020000
1.991184,6.500000,6.046667
1.991586,6.573333,6.046667
1.991987,6.640000,6.133333
1.992388,6.620000,6.146667
1.992789,6.666667,6.133333
1.993191,6.706667,6.133333
1.993592,6.726666,6.200000
1.993994,6.713333,6.200000
1.994395,6.766666,6.220000
1.994799,6.786666,6.253334
1.995202,6.806667,6.286667
1.995603,6.853333,6.286667
1.996004,6.866666,6.280000
1.996406,6.880000,6.346667
1.996808,6.920000,6.373333
1.997210,6.900000,6.280000
1.997611,6.960000,6.380000
1.998012,6.986666,6.400000
1.998413,6.986666,6.433333
1.998815,6.993333,6.473333
1.999216,7.053333,6.546667
1.999617,7.166667,6.520000
2.000018,7.113333,6.546667
2.000420,7.133334,6.613333
2.000821,7.200000,6.600000
2.001222,7.246666,6.713333
2.001624,7.193333,6.753333
2.002027,7.206666,6.646667
2.002428,7.253334,6.706667
2.002829,7.253334,6.753333
2.003232,7.286667,6.733333
2.003633,7.326666,6.766666
2.004035,7.346666,6.813333
2.004436,7.360000,6.820000
2.004838,7.426666,6.780000
2.005239,7.400000,6.833333
2.005641,7.406666,6.886666
2.006043,7.453333,6.913333
2.006445,7.493333,6.933333
2.006847,7.513333,7.026667
