0.000000,19.753334,18.753332
0.000401,19.719999,18.726665
0.000802,19.706667,18.766666
0.001203,19.733334,18.733332
0.001605,19.673332,18.773333
0.002007,19.733334,18.726665
0.002408,19.760000,18.606665
0.002814,19.746666,18.753332
0.003215,19.699999,18.660000
0.003616,19.539999,18.706667
0.004019,19.820000,18.759998
0.004420,19.699999,18.706667
0.004821,19.706667,18.733332
0.005222,19.673332,18.726665
0.005623,19.719999,18.693333
0.006025,19.686666,18.653334
0.006426,19.666666,18.680000
0.006827,19.679998,18.646666
0.007228,19.659998,18.686666
0.007629,19.673332,18.660000
0.008030,19.693333,18.686666
0.008431,19.659998,18.660000
0.008833,19.646666,18.653334
0.009234,19.653332,18.660000
0.009636,19.606667,18.646666
0.010038,19.646666,18.646666
0.010440,19.633333,18.653334
0.010841,19.639999,18.866665
0.011242,19.626667,18.626665
0.011643,19.639999,18.646666
0.012044,19.606667,18.613333
0.012445,19.613333,18.639999
0.012847,19.573334,18.646666
0.013248,19.613333,18.546667
0.013649,19.606667,18.626665
0.014051,19.620001,18.586666
0.014452,19.613333,18.566668
0.014854,19.613333,18.593332
0.015255,19.600000,18.606665
0.015657,19.580000,18.593332
0.016058,19.553333,18.606665
0.016459,19.559999,18.580000
0.016861,19.546665,18.759998
0.017262,19.633333,18.580000
0.017663,19.559999,18.539999
0.018065,19.533333,18.566668
0.018466,19.533333,18.586666
0.018868,19.533333,18.580000
0.019270,19.413332,18.526667
0.019671,19.500000,18.526667
0.020072,19.480000,18.526667
0.020474,19.453333,18.473331
0.020875,19.473333,18.566668
0.021276,19.480000,18.500000
0.021677,19.459999,18.466665
0.022078,19.459999,18.493332
0.022479,19.466667,18.473331
0.022881,19.473333,18.466665
0.023282,19.473333,18.493332
0.023684,19.433332,18.493332
0.024085,19.420000,18.473331
0.024487,19.446667,18.473331
0.024888,19.420000,18.420000
0.025289,19.406666,18.459999
0.025690,19.413332,18.440001
0.026091,19.406666,18.446667
0.026492,19.393332,18.420000
0.026894,19.379999,18.406666
0.027295,19.320000,18.426666
0.027697,19.360001,18.400000
0.028099,19.286665,18.393333
0.028500,19.406666,18.400000
0.028902,19.360001,18.400000
0.029303,19.386665,18.400000
0.029705,19.353334,18.393333
0.030107,19.320000,18.359999
0.030509,19.346666,18.359999
0.030910,19.306665,18.346666
0.031311,19.313334,18.359999
0.031712,19.313334,18.326666
0.032113,19.286665,18.333332
0.032515,19.279999,18.333332
0.032917,19.306665,18.339998
0.033318,19.273333,18.313334
0.033719,19.233334,18.293333
0.034121,19.200001,18.306667
0.034523,19.266666,18.253332
0.034925,19.259998,18.273333
0.035326,19.226667,18.280001
0.035727,19.240000,18.273333
0.036128,19.193333,18.266666
0.036530,19.200001,18.233332
0.036931,19.286665,18.253332
0.037333,19.233334,18.226665
0.037734,19.186666,18.240000
0.038135,19.160000,18.206665
0.038536,19.180000,18.206665
0.038938,19.139999,18.180000
0.039339,19.173332,18.199999
0.039740,19.139999,18.186666
0.040142,19.133331,18.226665
0.040543,19.113333,18.173334
0.040945,19.126665,18.153334
0.041346,19.059999,18.213333
0.041748,19.093334,18.139999
0.042150,19.046667,18.139999
0.042551,19.080000,18.126667
0.042953,19.059999,18.113333
0.043354,19.059999,18.113333
0.043755,19.046667,18.106667
0.044156,19.046667,18.106667
0.044557,19.073334,18.099998
0.044959,19.046667,18.079998
0.045361,19.013332,18.046667
0.045762,19.006666,18.139999
0.046164,19.013332,18.020000
0.046566,18.980000,18.046667
0.046968,18.980000,18.199999
0.047369,18.980000,18.053333
0.047770,18.946667,18.046667
0.048172,18.940001,18.020000
0.048574,18.980000,18.020000
0.048976,18.906666,18.006666
0.049377,18.920000,17.980000
0.049779,18.900000,17.973333
0.050181,18.906666,18.020000
0.050582,18.873333,18.006666
0.050983,18.820000,17.946665
0.051384,18.773333,17.953333
0.051786,18.846666,17.906668
0.052188,18.820000,17.926666
0.052589,18.893333,17.939999
0.052991,18.859999,17.953333
0.053393,18.820000,17.939999
0.053794,18.799999,17.886667
0.054196,18.786667,17.886667
0.054597,18.773333,17.873333
0.054998,18.826666,17.846666
0.055399,18.766666,17.840000
0.055800,18.759998,17.813332
0.056202,18.740000,17.826666
0.056603,18.713333,17.813332
0.057005,18.700001,17.793333
0.057407,18.706667,17.799999
0.057808,18.660000,17.653334
0.058209,18.700001,17.760000
0.058611,18.653334,17.760000
0.059012,18.639999,17.746666
0.059413,18.646666,17.826666
0.059814,18.673334,17.746666
0.060215,18.646666,17.853333
0.060616,18.613333,17.719999
0.061017,18.593332,17.760000
0.061418,18.606665,17.693333
0.061820,18.559999,17.679998
0.062221,18.586666,17.706665
0.062623,18.566668,17.660000
0.063024,18.546667,17.653334
0.063426,18.520000,17.613333
0.063827,18.546667,17.660000
0.064228,18.513332,17.619999
0.064629,18.500000,17.593332
0.065030,18.473331,17.586666
0.065432,18.486666,17.539999
0.065834,18.440001,17.606667
0.066235,18.440001,17.486666
0.066637,18.453333,17.513334
0.067038,18.339998,17.520000
0.067440,18.406666,17.513334
0.067841,18.400000,17.500000
0.068242,18.400000,17.506666
0.068644,18.453333,17.486666
0.069046,18.400000,17.459999
0.069447,18.346666,17.486666
0.069848,18.379999,17.426666
0.070249,18.293333,17.433332
0.070651,18.313334,17.400000
0.071052,18.280001,17.413332
0.071454,18.280001,17.400000
0.071855,18.273333,17.373333
0.072256,18.266666,17.346666
0.072657,18.240000,17.333332
0.073059,18.199999,17.320000
0.073460,18.240000,17.333332
0.073862,18.206665,17.293333
0.074263,18.226665,17.273333
0.074664,18.186666,17.206667
0.075066,18.173334,17.266666
0.075469,18.153334,17.253334
0.075870,18.153334,17.266666
0.076272,18.153334,17.293333
0.076673,18.146666,17.240000
0.077075,18.086666,17.253334
0.077476,18.119999,17.253334
0.077877,18.073332,17.219999
0.078279,18.079998,17.186666
0.078680,18.099998,17.179998
0.079081,18.046667,17.166666
0.079482,18.086666,17.126667
0.079883,17.966665,17.166666
0.080284,18.006666,17.126667
0.080685,18.000000,17.120001
0.081087,17.966665,17.066666
0.081489,17.959999,17.073334
0.081891,17.966665,17.093332
0.082293,17.926666,17.039999
0.082694,17.946665,17.039999
0.083095,17.966665,17.033333
0.083496,17.873333,17.046665
0.083897,17.913334,16.993334
0.084298,17.900000,16.986668
0.084700,17.820000,16.966667
0.085101,17.853333,16.993334
0.085503,17.793333,16.953333
0.085904,17.813332,16.959999
0.086306,17.806665,16.920000
0.086708,17.866667,16.920000
0.087110,17.780001,16.906666
0.087512,17.753334,16.906666
0.087914,17.726665,16.873333
0.088315,17.746666,16.886665
0.088716,17.713333,16.866667
0.089117,17.686666,16.846666
0.089518,17.686666,16.846666
0.089920,17.673332,16.820000
0.090321,17.619999,16.786665
0.090722,17.660000,16.799999
0.091123,17.646667,16.793333
0.091524,17.626667,16.846666
0.091925,17.573332,16.853334
0.092326,17.559999,16.773333
0.092727,17.539999,16.759998
0.093129,17.533333,16.726667
0.093530,17.513334,16.713333
0.093931,17.619999,16.700001
0.094333,17.466665,16.566666
0.094735,17.459999,16.619999
0.095136,17.486666,16.633331
0.095538,17.446667,16.619999
0.095939,17.426666,16.619999
0.096340,17.439999,16.600000
0.096741,17.393333,16.619999
0.097142,17.373333,16.706667
0.097544,17.373333,16.499998
0.097946,17.353333,16.519999
0.098347,17.313332,16.506666
0.098748,17.340000,16.513332
0.099149,17.313332,16.499998
0.099551,17.293333,16.446667
0.099953,17.293333,16.433332
0.100355,17.293333,16.400000
0.100757,17.253334,16.426666
0.101158,17.213333,16.373333
0.101559,17.199999,16.366665
0.101961,17.260000,16.366665
0.102362,17.186666,16.386665
0.102763,17.173332,16.333334
0.103165,17.153332,16.186666
0.103566,17.053333,16.286667
0.103968,17.139999,16.273333
0.104370,17.106667,16.266666
0.104771,17.106667,16.219999
0.105173,17.059999,16.213333
0.105575,17.066666,16.320000
0.105976,17.039999,16.166666
0.106377,17.033333,16.160000
0.106778,16.986668,16.126665
0.107179,16.993334,16.099998
0.107580,16.966667,16.126665
0.107982,16.933332,16.093332
0.108383,16.933332,16.066668
0.108784,16.906666,16.086666
0.109185,17.019999,16.039999
0.109586,16.906666,16.006666
0.109988,16.906666,16.006666
0.110389,16.886665,15.993333
0.110790,16.913332,15.993333
0.111191,16.786665,15.953332
0.111592,16.840000,15.960000
0.111994,16.806665,15.946666
0.112396,16.733334,15.860000
0.112798,16.793333,15.893333
0.113199,16.773333,15.853333
0.113601,16.759998,15.839999
0.114003,16.733334,15.813333
0.114404,16.746666,15.733333
0.114806,16.693333,15.780001
0.115207,16.706667,15.746666
0.115608,16.673332,15.746666
0.116009,16.633331,15.806666
0.116410,16.626665,15.733333
0.116814,16.639999,15.713334
0.117215,16.633331,15.673333
0.117616,16.553333,15.700000
0.118017,16.553333,15.486666
0.118418,16.586666,15.573333
0.118819,16.526667,15.599999
0.119222,16.466667,15.599999
0.119624,16.486666,15.606667
0.120025,16.440001,15.573333
0.120427,16.460001,15.553332
0.120828,16.433332,15.506666
0.121229,16.393333,15.500000
0.121630,16.386665,15.466666
0.122031,16.279999,15.466666
0.122432,16.279999,15.433333
0.122834,16.340000,15.493332
0.123235,16.286667,15.393333
0.123636,16.246666,15.379999
0.124038,16.266666,15.393333
0.124440,16.213333,15.340000
0.124841,16.206667,15.293332
0.125242,16.186666,15.313333
0.125643,16.166666,14.786666
0.126045,16.200001,15.326667
0.126447,16.113333,15.240000
0.126848,16.219999,15.246666
0.127249,16.093332,15.219999
0.127650,16.073334,15.200000
0.128052,16.180000,15.173333
0.128453,16.026667,15.139999
0.128855,15.993333,15.273333
0.129256,15.993333,15.113333
0.129657,15.913334,15.073333
0.130059,15.920000,15.086666
0.130461,15.920000,14.953333
0.130862,15.893333,14.953333
0.131264,15.886665,14.953333
0.131666,15.860000,14.946667
0.132067,15.833333,14.899999
0.132469,15.786667,14.940000
0.132870,15.773333,14.906667
0.133272,15.726666,14.886666
0.133673,15.720000,14.873333
0.134074,15.746666,14.840000
0.134475,15.706666,14.873333
0.134876,15.713334,14.800000
0.135278,15.639999,14.800000
0.135679,15.673333,14.786666
0.136080,15.646666,14.713333
0.136481,15.573333,14.686666
0.136883,15.500000,14.753333
0.137286,15.526667,14.693333
0.137687,15.566667,14.686666
0.138088,15.526667,14.659999
0.138490,15.500000,14.633332
0.138891,15.453334,14.559999
0.139293,15.446666,14.553333
0.139695,15.406667,14.546666
0.140096,15.426665,14.620000
0.140497,15.406667,14.520000
0.140900,15.320001,14.466667
0.141301,15.333333,14.373332
0.141702,15.293332,14.513333
0.142104,15.286666,14.459999
0.142505,15.293332,14.420000
0.142907,15.286666,14.420000
0.143309,15.226665,14.393332
0.143711,15.179999,14.346666
0.144112,15.219999,14.346666
0.144514,15.173333,14.346666
0.144915,15.053332,14.293333
0.145316,15.139999,14.273334
0.145717,15.113333,14.160000
0.146119,15.013333,14.246667
0.146520,14.953333,14.226666
0.146921,14.953333,14.200001
0.147323,14.926667,14.173332
0.147724,14.946667,14.033333
0.148127,14.933333,14.160000
0.148528,14.926667,14.133332
0.148929,14.899999,14.120000
0.149330,14.919999,14.113334
0.149731,14.899999,14.066666
0.150133,14.826666,14.026667
0.150535,14.800000,14.006667
0.150937,14.766665,13.926666
0.151338,14.786666,13.966666
0.151739,14.686666,13.860000
0.152141,14.719999,13.833333
0.152542,14.586666,13.913332
0.152943,14.693333,13.960000
0.153344,14.666667,13.873334
0.153746,14.606667,13.833333
0.154147,14.620000,13.833333
0.154548,14.600000,13.833333
0.154949,14.540000,13.806667
0.155350,14.526666,13.746667
0.155752,14.540000,13.713332
0.156153,14.506667,13.746667
0.156554,14.480000,13.713332
0.156956,14.480000,13.653334
0.157359,14.433332,13.646666
0.157761,14.446667,13.646666
0.158163,14.406667,13.646666
0.158564,14.346666,13.620000
0.158965,14.293333,13.539999
0.159368,14.346666,13.466666
0.159769,14.320000,13.546667
0.160170,14.259999,13.493333
0.160571,14.246667,13.480000
0.160973,14.186666,13.480000
0.161374,14.193333,13.446666
0.161775,14.226666,13.420000
0.162176,14.160000,13.313333
0.162577,14.153333,13.373333
0.162979,14.113334,13.353333
0.163381,14.099999,13.373333
0.163782,14.059999,13.266666
0.164183,14.046667,13.293333
0.164586,13.993333,13.266666
0.164988,13.993333,13.253333
0.165389,13.960000,13.226666
0.165790,13.966666,13.206666
0.166191,13.920000,13.246666
0.166592,13.953333,13.040000
0.166995,13.880000,13.106667
0.167396,13.900000,13.133333
0.167798,13.853333,13.113333
0.168200,13.773333,13.059999
0.168601,13.806667,13.200000
0.169003,13.746667,13.026667
0.169405,13.759999,12.953333
0.169806,13.839999,13.020000
0.170208,13.506666,12.980000
0.170609,13.566667,12.980000
0.171010,13.666666,12.926666
0.171411,13.613334,12.886666
0.171814,13.586667,12.893333
0.172216,13.599999,12.873333
0.172617,13.539999,12.813334
0.173018,13.533333,12.766666
0.173420,13.513332,12.780000
0.173821,13.466666,12.753333
0.174224,13.460000,12.766666
0.174626,13.446666,12.700000
0.175028,13.413334,12.760000
0.175430,13.420000,12.666666
0.175831,13.339999,12.673333
0.176234,13.366667,12.646667
0.176635,13.353333,12.606667
0.177037,13.286667,12.599999
0.177438,13.293333,12.573334
0.177840,13.246666,12.646667
0.178241,13.173333,12.506667
0.178642,13.186666,12.446667
0.179043,13.186666,12.400000
0.179445,13.146667,12.453333
0.179847,13.160000,12.426666
0.180248,13.106667,12.420000
0.180651,13.086667,12.406666
0.181052,13.066667,12.380000
0.181453,13.026667,12.346666
0.181854,13.026667,12.339999
0.182255,12.993333,12.339999
0.182657,12.973333,12.313334
0.183060,12.926666,12.213333
0.183461,12.926666,12.213333
0.183862,12.913333,12.240000
0.184265,12.866666,12.219999
0.184667,12.886666,12.139999
0.185068,12.826667,12.126666
0.185469,12.853333,12.146667
0.185871,12.780000,12.066666
0.186273,12.760000,12.013333
0.186674,12.840000,12.059999
0.187075,12.693334,12.059999
0.187476,12.700000,11.946667
0.187877,12.640000,11.973333
0.188279,12.620000,11.926666
0.188680,12.653333,11.806666
0.189082,12.580000,11.906667
0.189483,12.540000,11.853333
0.189884,12.533333,11.879999
0.190285,12.493333,11.813333
0.190687,12.459999,11.733333
0.191089,12.446667,11.793333
0.191490,12.440001,11.726666
0.191892,12.440001,11.746666
0.192293,12.413333,11.713333
0.192694,12.360000,11.686666
0.193096,12.333333,11.666666
0.193497,12.246667,11.620000
0.193899,12.326666,11.593333
0.194300,12.246667,11.559999
0.194701,12.273333,11.559999
0.195102,12.240000,11.539999
0.195503,12.173333,11.520000
0.195904,12.126666,11.486667
0.196306,12.113334,11.453334
0.196707,12.139999,11.446667
0.197108,12.186666,11.453334
0.197509,12.133333,11.406666
0.197910,12.046667,11.380000
0.198312,12.020000,11.366667
0.198713,11.980000,11.320000
0.199114,11.953333,11.353333
0.199515,11.933332,11.293333
0.199916,11.906667,11.233333
0.200317,11.886666,11.233333
0.200718,11.926666,11.266666
0.201119,11.833333,11.193334
0.201520,11.806666,11.186666
0.201922,11.786667,11.133333
0.202323,11.793333,11.146667
0.202724,11.726666,11.120000
0.203126,11.720000,11.079999
0.203527,11.660000,11.066667
0.203928,11.646667,11.020000
0.204330,11.613333,11.013332
0.204731,11.606667,11.006666
0.205133,11.553333,10.966666
0.205534,11.706667,10.940000
0.205936,11.546666,10.866667
0.206338,11.513333,10.866667
0.206740,11.466666,10.840000
0.207141,11.473332,10.846666
0.207542,11.400000,10.780000
0.207943,11.406666,10.840000
0.208345,11.366667,10.773334
0.208747,11.326667,10.706666
0.209148,11.453334,10.706666
0.209550,11.300000,10.666667
0.209951,11.273333,10.673333
0.210353,11.280000,10.666667
0.210754,11.260000,10.653334
0.211156,11.213333,10.626666
0.211557,11.060000,10.586667
0.211959,11.153333,10.506666
0.212360,11.153333,10.566667
0.212762,11.113334,10.473333
0.213163,11.066667,10.493333
0.213565,11.066667,10.473333
0.213967,11.006666,10.493333
0.214369,11.020000,10.433333
0.214771,10.966666,10.466667
0.215172,10.966666,10.393333
0.215573,10.933333,10.400000
0.215975,11.006666,10.320000
0.216376,10.873333,10.313334
0.216778,10.846666,10.299999
0.217180,10.833333,10.260000
0.217583,10.853333,10.226666
0.217985,10.866667,10.299999
0.218386,10.746666,10.179999
0.218788,10.706666,10.146667
0.219189,10.706666,10.140000
0.219590,10.706666,10.179999
0.219991,10.626666,10.140000
0.220394,10.646667,9.880000
0.220795,10.593333,10.126667
0.221197,10.600000,10.020000
0.221598,10.559999,9.973333
0.222000,10.520000,9.966666
0.222401,10.500000,9.980000
0.222802,10.486666,9.946667
0.223203,10.446667,9.873333
0.223605,10.433333,9.860000
0.224007,10.380000,9.860000
0.224408,10.426666,9.826666
0.224813,10.346666,9.860000
0.225216,10.326667,9.793333
0.225617,10.299999,9.719999
0.226018,10.293333,9.733334
0.226420,10.246666,9.733334
0.226821,10.233333,9.673333
0.227222,10.226666,9.680000
0.227623,10.179999,9.680000
0.228025,10.146667,9.580000
0.228426,10.166666,9.646667
0.228827,10.120000,9.566666
0.229228,10.093333,9.526667
0.229629,10.086666,9.546667
0.230030,10.040000,9.493333
0.230432,10.013333,9.480000
0.230833,10.000000,9.346666
0.231234,10.033333,9.346666
0.231635,9.886666,9.346666
0.232037,9.920000,9.346666
0.232438,9.886666,9.346666
0.232840,9.866667,9.346666
0.233241,9.866667,9.206667
0.233642,9.813334,9.266666
0.234043,9.786667,9.280000
0.234444,9.746667,9.306666
0.234846,9.726666,9.240000
0.235248,9.719999,9.173333
0.235649,9.693333,9.160000
0.236051,9.680000,9.106667
0.236452,9.700000,9.059999
0.236853,9.586666,9.106667
0.237254,9.573333,9.066667
0.237655,9.559999,9.006666
0.238057,9.526667,8.993333
0.238458,9.546667,9.006666
0.238860,9.420000,9.006666
0.239261,9.480000,8.933333
0.239663,9.486667,8.913333
0.240064,9.346666,8.880000
0.240465,9.340000,8.880000
0.240868,9.346666,8.853333
0.241269,9.306666,8.913333
0.241671,9.260000,8.793333
0.242072,9.273334,8.820000
0.242473,9.200000,8.726666
0.242874,9.273334,8.866667
0.243275,9.179999,8.693334
0.243677,9.146667,8.613334
0.244078,9.153334,8.666666
0.244479,9.093333,8.566667
0.244881,9.086667,8.586666
0.245282,9.053333,8.546666
0.245683,9.013333,8.360000
0.246084,9.033333,8.540000
0.246486,8.993333,8.526667
0.246888,8.946667,8.480000
0.247289,8.933333,8.453333
0.247690,8.920000,8.453333
0.248092,8.880000,8.393332
0.248493,8.860000,8.273334
0.248895,8.833333,8.379999
0.249296,8.760000,8.360000
0.249698,8.826667,8.306666
0.250099,8.766666,8.540000
0.250500,8.753333,8.286667
0.250901,8.733333,8.266666
0.251302,8.686666,8.213333
0.251704,8.666666,8.220000
0.252105,8.626667,8.200000
0.252507,8.440000,8.139999
0.252908,8.646667,8.139999
0.253309,8.566667,8.139999
0.253712,8.526667,8.000000
0.254114,8.513332,8.086667
0.254516,8.473333,8.000000
0.254918,8.466666,7.993333
0.255320,8.440000,7.986666
0.255722,8.440000,7.966667
0.256123,8.393332,7.940000
0.256524,8.379999,7.946667
0.256925,8.340000,7.873333
0.257327,8.340000,7.866666
0.257728,8.480000,7.806666
0.258129,8.286667,7.853333
0.258531,8.173333,7.793334
0.258932,8.213333,7.773333
0.259334,8.200000,7.780000
0.259735,8.240000,7.726667
0.260136,8.139999,7.720000
0.260537,8.126666,7.673333
0.260939,8.046666,7.660000
0.261340,8.100000,7.653333
0.261741,8.033334,7.613333
0.262143,8.020000,7.606667
0.262544,8.013333,7.620000
0.262946,7.940000,7.520000
0.263347,7.946667,7.513333
0.263748,7.933333,7.506667
0.264150,7.893333,7.446666
0.264551,7.866666,7.453333
0.264952,7.826667,7.420000
0.265353,7.840000,7.400000
0.265754,7.780000,7.320000
0.266155,7.813334,7.213333
0.266556,7.706666,7.340000
0.266957,7.733333,7.253334
0.267358,7.706666,7.280000
0.267759,7.726667,7.253334
0.268160,7.646666,7.193333
0.268562,7.646666,7.100000
0.268963,7.600000,7.200000
0.269364,7.559999,7.166667
0.269765,7.573333,7.080000
0.270166,7.533333,7.073333
0.270567,7.506667,7.166667
0.270969,7.486667,7.113333
0.271370,7.446666,7.046667
0.271772,7.433333,7.026667
0.272174,7.373333,7.000000
0.272575,7.406666,6.986666
0.272976,7.346666,6.940000
0.273377,7.326666,6.940000
0.273779,7.326666,6.913333
0.274181,7.253334,6.873333
0.274582,7.260000,6.900000
0.274983,7.213333,6.853333
0.275385,7.240000,6.826667
0.275787,7.173333,6.806667
0.276188,7.166667,6.800000
0.276589,7.119999,6.766666
0.276990,7.140000,6.713333
0.277391,7.146667,6.753333
0.277793,7.113333,6.686666
0.278195,7.033333,6.626667
0.278598,7.013333,6.646667
0.278999,6.933333,6.646667
0.279401,7.000000,6.626667
0.279802,6.913333,6.546667
0.280203,6.920000,6.500000
0.280606,6.893333,6.500000
0.281007,6.873333,6.493333
0.281408,6.820000,6.513333
0.281814,6.853333,6.446667
0.282215,6.820000,6.426666
0.282616,6.800000,6.380000
0.283017,6.786666,6.373333
0.283418,6.740000,6.360000
0.283821,6.706667,6.320000
0.284222,6.673334,6.293333
0.284623,6.593333,6.286667
0.285024,6.686666,6.253334
0.285426,6.566667,6.206666
0.285827,6.713333,6.200000
0.286228,6.580000,6.193333
0.286631,6.493333,6.166667
0.287032,6.493333,6.120000
0.287433,6.433333,6.193333
0.287835,6.453333,6.133333
0.288236,6.433333,6.086667
0.288637,6.426666,6.086667
0.289038,6.333333,6.066667
0.289439,6.380000,6.020000
0.289841,6.313334,5.986667
0.290242,6.266666,5.973333
0.290643,6.286667,5.920000
0.291045,6.280000,5.993333
0.291447,6.233333,5.940000
0.291848,6.200000,5.586667
0.292249,6.240000,5.880000
0.292651,6.153333,5.826667
0.293053,6.146667,5.826667
0.293456,6.086667,5.766666
0.293857,6.106667,5.773333
0.294260,6.146667,5.760000
0.294661,6.060000,5.760000
0.295062,6.006667,5.626667
0.295464,6.013333,5.620000
0.295866,5.960000,5.653333
0.296269,5.953333,5.539999
0.296671,5.933333,5.613333
0.297073,5.920000,5.613333
0.297474,5.953333,5.586667
0.297875,5.860000,5.566667
0.298277,5.840000,5.580000
0.298679,5.820000,5.506666
0.299080,5.793334,5.486667
0.299481,5.773333,5.446666
0.299882,5.746666,5.366667
0.300283,5.706666,5.413333
0.300685,5.746666,5.420000
0.301087,5.680000,5.393333
0.301488,5.746666,5.340000
0.301889,5.640000,5.353333
0.302290,5.686666,5.213333
0.302691,5.626667,5.380000
0.303093,5.586667,5.273333
0.303494,5.546667,5.193333
0.303895,5.533333,5.266667
0.304297,5.500000,5.193333
0.304698,5.526667,5.186666
0.305099,5.353333,5.153333
0.305501,5.440000,5.166667
0.305903,5.413333,5.113333
0.306304,5.426667,5.120000
0.306705,5.406666,5.060000
0.307106,5.380000,5.060000
0.307508,5.340000,5.120000
0.307909,5.320000,5.013333
0.308310,5.273333,5.040000
0.308712,5.266667,4.986667
0.309113,5.246666,4.986667
0.309514,5.266667,4.960000
0.309915,5.200000,4.933333
0.310316,5.166667,4.900000
0.310718,5.226666,4.886666
0.311120,5.053333,4.806667
0.311521,5.106667,4.840000
0.311922,5.100000,4.813333
0.312323,5.106667,4.806667
0.312724,5.053333,4.793333
0.313125,5.046667,4.786666
0.313526,5.000000,4.726666
0.313928,4.986667,4.713333
0.314329,4.946666,4.713333
0.314731,4.946666,4.700000
0.315132,4.926667,4.660000
0.315534,4.866667,4.660000
0.315936,4.886666,4.660000
0.316337,4.900000,4.593333
0.316739,4.853333,4.620000
0.317141,4.873333,4.506667
0.317542,4.793333,4.540000
0.317943,4.786666,4.613333
0.318344,4.760000,4.506667
0.318745,4.733333,4.466667
0.319146,4.926667,4.480000
0.319547,4.700000,4.420000
0.319948,4.680000,4.460000
0.320350,4.666667,4.433333
0.320752,4.626667,4.386666
0.321153,4.626667,4.380000
0.321554,4.593333,4.360000
0.321955,4.566667,4.353333
0.322357,4.540000,4.266666
0.322759,4.740000,4.286666
0.323161,4.500000,4.260000
0.323562,4.493333,4.273333
0.323963,4.486666,4.240000
0.324364,4.453333,4.226666
0.324765,4.406667,4.333333
0.325166,4.386666,4.126667
0.325567,4.380000,4.160000
0.325969,4.366666,4.200000
0.326372,4.360000,4.140000
0.326773,4.346667,4.093333
0.327175,4.320000,4.140000
0.327576,4.326666,4.100000
0.327977,4.253333,4.013333
0.328378,4.246667,4.013333
0.328779,4.133333,4.020000
0.329180,4.213334,4.006667
0.329581,4.153333,3.960000
0.329982,4.180000,3.973333
0.330383,4.106667,3.926666
0.330785,4.126667,3.846667
0.331186,4.140000,3.906667
0.331587,4.086667,3.866667
0.331988,4.093333,3.866667
0.332389,4.033333,3.833333
0.332790,4.180000,3.833333
0.333191,4.026666,3.833333
0.333593,4.013333,3.826667
0.333995,4.033333,3.746666
0.334397,3.913333,3.693333
0.334799,3.986666,3.693333
0.335201,3.940000,3.740000
0.335603,3.873333,3.660000
0.336004,3.866667,3.626667
0.336405,3.913333,3.653333
0.336806,3.846667,3.653333
0.337207,3.886667,3.593333
0.337610,3.833333,3.573333
0.338011,3.746666,3.586667
0.338412,3.720000,3.553333
0.338814,3.726667,3.526666
0.339215,3.666667,3.540000
0.339617,3.666667,3.473333
0.340018,3.666667,3.466666
0.340421,3.653333,3.466666
0.340823,3.633333,3.413333
0.341225,3.633333,3.406667
0.341626,3.573333,3.486667
0.342028,3.546667,3.400000
0.342430,3.533333,3.386667
0.342832,3.526666,3.346666
0.343233,3.526666,3.326667
0.343634,3.453333,3.306667
0.344036,3.480000,3.306667
0.344437,3.446667,3.273333
0.344839,3.440000,3.106667
0.345241,3.446667,3.313333
0.345642,3.480000,3.226667
0.346043,3.393333,3.220000
0.346444,3.380000,3.206667
0.346846,3.400000,3.186666
0.347247,3.333333,3.166667
0.347648,3.380000,3.133333
0.348050,3.300000,3.126667
0.348453,3.266667,3.133333
0.348855,3.286667,3.040000
0.349256,3.273333,3.053333
0.349658,3.180000,3.040000
0.350059,3.213333,3.080000
0.350460,3.133333,3.073333
0.350861,3.180000,3.273333
0.351264,3.153333,2.993333
0.351666,3.106667,3.013333
0.352068,3.126667,2.966666
0.352470,3.066667,2.946667
0.352872,3.093333,2.933333
0.353273,2.953333,2.880000
0.353674,3.053333,2.900000
0.354077,3.026667,2.873333
0.354478,2.940000,2.860000
0.354880,3.073333,2.886667
0.355281,3.000000,2.840000
0.355682,2.973333,2.800000
0.356084,2.960000,2.786667
0.356485,3.006667,2.786667
0.356887,2.913333,2.780000
0.357288,2.866667,2.760000
0.357690,2.873333,2.713333
0.358092,2.873333,2.760000
0.358493,2.866667,2.760000
0.358894,2.833333,2.673333
0.359295,2.793333,2.693333
0.359697,2.786667,2.633333
0.360098,2.780000,2.620000
0.360499,2.753333,2.613333
0.360901,2.813333,2.620000
0.361302,2.753333,2.600000
0.361703,2.720000,2.646667
0.362104,2.713333,2.560000
0.362506,2.693333,2.553333
0.362908,2.673333,2.546667
0.363309,2.626667,2.493333
0.363711,2.613333,2.500000
0.364113,2.633333,2.493333
0.364516,2.600000,2.413333
0.364917,2.653333,2.440000
0.365318,2.586667,2.466667
0.365720,2.566667,2.426666
0.366122,2.526667,2.266667
0.366523,2.586667,2.426666
0.366924,2.526667,2.366667
0.367325,2.500000,2.366667
0.367726,2.506666,2.400000
0.368127,2.460000,2.340000
0.368528,2.446667,2.380000
0.368929,2.440000,2.320000
0.369330,2.333333,2.313333
0.369732,2.433333,2.280000
0.370133,2.413333,2.260000
0.370534,2.360000,2.246667
0.370935,2.506666,2.246667
0.371336,2.306667,2.220000
0.371737,2.320000,2.213333
0.372138,2.300000,2.246667
0.372539,2.286667,2.153333
0.372941,2.273333,2.173333
0.373342,2.273333,2.173333
0.373743,2.260000,2.173333
0.374144,2.240000,2.086667
0.374546,2.206667,2.086667
0.374948,2.206667,2.086667
0.375351,2.180000,2.093333
0.375753,2.166667,2.260000
0.376155,2.146667,2.106667
0.376556,2.153333,2.060000
0.376958,2.126667,2.053333
0.377359,2.240000,2.006667
0.377760,2.013333,2.053333
0.378161,2.100000,1.960000
0.378562,2.033333,1.940000
0.378963,2.060000,1.966667
0.379365,2.040000,1.906667
0.379767,2.033333,1.906667
0.380169,2.000000,2.273333
0.380570,1.993333,1.906667
0.380971,1.973333,1.913333
0.381372,1.966667,1.793333
0.381774,1.926667,1.826667
0.382175,1.920000,1.840000
0.382578,1.906667,1.826667
0.382980,1.906667,1.813333
0.383381,1.926667,1.793333
0.383782,1.893333,1.766667
0.384184,1.873333,1.740000
0.384586,1.886667,1.733333
0.384988,1.846667,1.746667
0.385389,1.820000,1.760000
0.385791,1.846667,1.726667
0.386192,1.880000,1.760000
0.386594,1.813333,1.673333
0.386995,1.753333,1.633333
0.387396,1.753333,1.680000
0.387798,1.753333,1.666667
0.388200,1.733333,1.673333
0.388601,1.733333,1.646667
0.389003,1.720000,1.633333
0.389404,1.706667,1.600000
0.389806,1.673333,1.600000
0.390207,1.673333,1.593333
0.390609,1.606667,1.573333
0.391011,1.773333,1.566667
0.391414,1.626667,1.553333
0.391815,1.586667,1.573333
0.392217,1.620000,1.546667
0.392620,1.600000,1.553333
0.393022,1.606667,1.486667
0.393423,1.600000,1.480000
0.393824,1.560000,1.486667
0.394226,1.633333,1.480000
0.394628,1.560000,1.453333
0.395030,1.466667,1.420000
0.395431,1.493333,1.453333
0.395833,1.513333,1.413333
0.396234,1.513333,1.380000
0.396635,1.420000,1.433333
0.397036,1.466667,1.386667
0.397439,1.433333,1.380000
0.397841,1.413333,1.366667
0.398242,1.400000,1.333333
0.398643,1.426667,1.340000
0.399045,1.400000,1.420000
0.399446,1.400000,1.266667
0.399847,1.393333,1.300000
0.400250,1.360000,1.300000
0.400652,1.353333,1.300000
0.401054,1.373333,1.286667
0.401455,1.320000,1.160000
0.401856,1.313333,1.266667
0.402257,1.326667,1.226667
0.402658,1.300000,1.266667
0.403060,1.266667,1.220000
0.403461,1.346667,1.226667
0.403862,1.233333,1.206667
0.404263,1.246667,1.206667
0.404666,1.266667,1.213333
0.405067,1.240000,1.173333
0.405468,1.240000,1.420000
0.405869,1.193333,1.133333
0.406270,1.200000,1.146667
0.406672,1.180000,1.113333
0.407073,1.200000,1.100000
0.407474,1.180000,1.113333
0.407876,1.146667,1.093333
0.408278,1.146667,1.106667
0.408679,1.153333,1.106667
0.409080,1.120000,1.020000
0.409481,1.120000,1.053333
0.409882,1.113333,1.046667
0.410284,1.106667,1.066667
0.410686,1.020000,1.033333
0.411087,1.053333,1.026667
0.411489,1.060000,0.973333
0.411890,1.020000,1.026667
0.412292,1.053333,1.000000
0.412693,1.040000,1.053333
0.413094,1.026667,0.946667
0.413496,1.026667,0.960000
0.413897,1.000000,0.946667
0.414300,1.006667,0.966667
0.414701,0.966667,0.946667
0.415103,0.993333,0.946667
0.415504,0.986667,0.946667
0.415907,0.960000,0.946667
0.416308,0.953333,0.946667
0.416709,0.973333,0.946667
0.417111,0.966667,0.946667
0.417512,0.946667,0.946667
0.417914,0.946667,0.946667
0.418315,0.946667,0.946667
0.418716,0.946667,0.946667
0.419117,0.946667,0.946667
0.419519,0.946667,0.946667
0.419920,0.946667,0.946667
0.420321,0.946667,0.946667
0.420723,0.946667,0.946667
0.421125,0.946667,0.946667
0.421526,0.946667,0.946667
0.421929,0.946667,0.946667
0.422330,0.946667,0.946667
0.422732,0.946667,0.946667
0.423133,0.946667,0.946667
0.423534,0.946667,0.946667
0.423935,0.946667,0.946667
0.424336,0.946667,0.946667
0.424738,0.946667,0.946667
0.425140,0.946667,0.946667
0.425541,0.946667,0.946667
0.425943,0.946667,0.946667
0.426345,0.946667,0.946667
0.426746,0.946667,0.946667
0.427147,0.946667,0.946667
0.427548,0.946667,0.946667
0.427949,0.946667,0.946667
0.428350,0.946667,0.946667
0.428752,0.946667,0.946667
0.429154,0.946667,0.946667
0.429556,0.946667,0.946667
0.429958,0.946667,0.946667
0.430360,0.946667,0.946667
0.430762,0.946667,0.946667
0.431163,0.946667,0.946667
0.431565,0.946667,0.946667
0.431967,0.946667,0.946667
0.432369,0.946667,0.946667
0.432770,0.946667,0.946667
0.433171,0.946667,0.946667
0.433572,0.946667,0.946667
0.433974,0.946667,0.946667
0.434375,0.946667,0.946667
0.434777,0.946667,0.946667
0.435178,0.946667,0.946667
0.435579,0.946667,0.946667
0.435981,0.946667,0.946667
0.436382,0.946667,0.946667
0.436784,0.946667,0.946667
0.437185,0.946667,0.946667
0.437587,0.946667,0.946667
0.437989,0.946667,0.946667
0.438390,0.946667,0.946667
0.438791,0.946667,0.946667
0.439192,0.946667,0.946667
0.439595,0.946667,0.946667
0.439996,0.946667,0.946667
0.440398,0.946667,0.946667
0.440800,0.946667,0.946667
0.441202,0.946667,0.946667
0.441603,0.946667,0.946667
0.442004,0.946667,0.946667
0.442405,0.946667,0.946667
0.442806,0.946667,0.946667
0.443207,0.946667,0.946667
0.443609,0.946667,0.946667
0.444010,0.946667,0.946667
0.444411,0.946667,0.946667
0.444814,0.946667,0.946667
0.445215,0.946667,0.946667
0.445616,0.946667,0.946667
0.446017,0.946667,0.946667
0.446419,0.946667,0.946667
0.446820,0.946667,0.946667
0.447221,0.946667,0.946667
0.447624,0.946667,0.946667
0.448026,0.946667,0.946667
0.448428,0.946667,0.946667
0.448829,0.946667,0.946667
0.449232,0.946667,0.946667
0.449633,0.946667,0.946667
0.450035,0.946667,0.946667
0.450436,0.946667,0.946667
0.450837,0.946667,0.946667
0.451239,0.946667,0.946667
0.451640,0.946667,0.946667
0.452041,0.946667,0.946667
0.452442,0.946667,0.946667
0.452843,0.946667,0.946667
0.453245,0.946667,0.946667
0.453647,0.946667,0.946667
0.454049,0.946667,0.946667
0.454450,0.946667,0.946667
0.454851,0.946667,0.946667
0.455254,0.946667,0.946667
0.455655,0.946667,0.946667
0.456056,0.946667,0.946667
0.456457,0.946667,0.946667
0.456858,0.946667,0.946667
0.457260,0.946667,0.946667
0.457662,0.946667,0.946667
0.458064,0.946667,0.946667
0.458466,0.946667,0.946667
0.458867,0.946667,0.946667
0.459268,0.946667,0.946667
0.459669,0.946667,0.946667
0.460070,0.946667,0.946667
0.460471,0.946667,0.946667
0.460873,0.946667,0.946667
0.461274,0.946667,0.946667
0.461676,0.946667,0.946667
0.462082,0.946667,0.946667
0.462483,0.946667,0.946667
0.462884,0.946667,0.946667
0.463286,0.946667,0.946667
0.463687,0.946667,0.946667
0.464088,0.946667,0.946667
0.464491,0.946667,0.946667
0.464893,0.946667,0.946667
0.465294,0.946667,0.946667
0.465695,0.946667,0.946667
0.466097,0.946667,0.946667
0.466498,0.946667,0.946667
0.466900,0.946667,0.946667
0.467302,0.946667,0.946667
0.467704,0.946667,0.946667
0.468106,0.946667,0.946667
0.468508,0.946667,0.946667
0.468909,0.946667,0.946667
0.469310,0.946667,0.946667
0.469712,0.946667,0.946667
0.470114,0.946667,0.946667
0.470516,0.946667,0.946667
0.470917,0.946667,0.946667
0.471318,0.946667,0.946667
0.471720,0.946667,0.946667
0.472122,0.946667,0.946667
0.472523,0.946667,0.946667
0.472924,0.946667,0.946667
0.473327,0.946667,0.946667
0.473728,0.946667,0.946667
0.474129,0.946667,0.946667
0.474530,0.946667,0.946667
0.474931,0.946667,0.946667
0.475332,0.946667,0.946667
0.475733,0.946667,0.946667
0.476134,0.946667,0.946667
0.476535,0.946667,0.946667
0.476936,0.946667,0.946667
0.477337,0.946667,0.946667
0.477738,0.946667,0.946667
0.478139,0.946667,0.946667
0.478540,0.946667,0.946667
0.478942,0.946667,0.946667
0.479343,0.946667,0.946667
0.479744,0.946667,0.946667
0.480145,0.946667,0.946667
0.480546,0.946667,0.946667
0.480948,0.946667,0.946667
0.481349,0.946667,0.946667
0.481751,0.946667,0.946667
0.482153,0.946667,0.946667
0.482554,0.946667,0.946667
0.482956,0.946667,0.946667
0.483357,0.946667,0.946667
0.483758,0.946667,0.946667
0.484159,0.946667,0.946667
0.484560,0.946667,0.946667
0.484962,0.946667,0.946667
0.485364,0.946667,0.946667
0.485765,0.946667,0.946667
0.486166,0.946667,0.946667
0.486567,0.946667,0.946667
0.486969,0.946667,0.946667
0.487370,0.946667,0.946667
0.487772,0.946667,0.946667
0.488173,0.946667,0.946667
0.488574,0.946667,0.946667
0.488976,0.946667,0.946667
0.489377,0.946667,0.946667
0.489778,0.946667,0.946667
0.490179,0.946667,0.946667
0.490582,0.946667,0.946667
0.490983,0.946667,0.946667
0.491385,0.946667,0.946667
0.491786,0.946667,0.946667
0.492188,0.946667,0.946667
0.492589,0.946667,0.946667
0.492990,0.946667,0.946667
0.493391,0.946667,0.946667
0.493792,0.946667,0.946667
0.494194,0.946667,0.946667
0.494595,0.946667,0.946667
0.494996,0.946667,0.946667
0.495397,0.946667,0.946667
0.495799,0.946667,0.946667
0.496200,0.946667,0.946667
0.496601,0.946667,0.946667
0.497003,0.946667,0.946667
0.497404,0.946667,0.946667
0.497806,0.946667,0.946667
0.498207,0.946667,0.946667
0.498608,0.946667,0.946667
0.499010,0.946667,0.946667
0.499411,0.946667,0.946667
0.499814,0.946667,0.946667
0.500215,0.946667,0.946667
0.500616,0.946667,0.946667
0.501017,0.946667,0.946667
0.501418,0.946667,0.946667
0.501820,0.946667,0.946667
0.502223,0.946667,0.946667
0.502624,0.946667,0.946667
0.503026,0.946667,0.946667
0.503427,0.946667,0.946667
0.503828,0.946667,0.946667
0.504231,0.946667,0.946667
0.504633,0.946667,0.946667
0.505035,0.946667,0.946667
0.505436,0.946667,0.946667
0.505838,0.946667,0.946667
0.506240,0.946667,0.946667
0.506641,0.946667,0.946667
0.507042,0.946667,0.946667
0.507443,0.946667,0.946667
0.507845,0.946667,0.946667
0.508246,0.946667,0.946667
0.508647,0.946667,0.946667
0.509048,0.946667,0.946667
0.509449,0.946667,0.946667
0.509850,0.946667,0.946667
0.510252,0.946667,0.946667
0.510653,0.946667,0.946667
0.511055,0.946667,0.946667
0.511456,0.946667,0.946667
0.511857,0.946667,0.946667
0.512258,0.946667,0.946667
0.512660,0.946667,0.946667
0.513062,0.946667,0.946667
0.513463,0.946667,0.946667
0.513864,0.946667,0.946667
0.514265,0.946667,0.946667
0.514666,0.946667,0.946667
0.515068,0.946667,0.946667
0.515471,0.946667,0.946667
0.515873,0.946667,0.946667
0.516275,0.946667,0.946667
0.516676,0.946667,0.946667
0.517078,0.946667,0.946667
0.517479,0.946667,0.946667
0.517881,0.946667,0.946667
0.518283,0.946667,0.946667
0.518685,0.946667,0.946667
0.519087,0.946667,0.946667
0.519488,0.946667,0.946667
0.519889,0.946667,0.946667
0.520292,0.946667,0.946667
0.520693,0.946667,0.946667
0.521094,0.946667,0.946667
0.521495,0.946667,0.946667
0.521896,0.946667,0.946667
0.522298,0.946667,0.946667
0.522699,0.946667,0.946667
0.523100,0.946667,0.946667
0.523503,0.946667,0.946667
0.523906,0.946667,0.946667
0.524307,0.946667,0.946667
0.524710,0.946667,0.946667
0.525112,0.946667,0.946667
0.525514,0.946667,0.946667
0.525915,0.946667,0.946667
0.526316,0.946667,0.946667
0.526718,0.946667,0.946667
0.527120,0.946667,0.946667
0.527521,0.946667,0.946667
0.527922,0.946667,0.946667
0.528323,0.946667,0.946667
0.528725,0.946667,0.946667
0.529126,0.946667,0.946667
0.529528,0.946667,0.946667
0.529929,0.946667,0.946667
0.530330,0.946667,0.946667
0.530731,0.946667,0.946667
0.531132,0.946667,0.946667
0.531533,0.946667,0.946667
0.531935,0.946667,0.946667
0.532336,0.946667,0.946667
0.532738,0.946667,0.946667
0.533139,0.946667,0.946667
0.533540,0.946667,0.946667
0.533942,0.953333,0.946667
0.534343,0.946667,0.946667
0.534745,0.946667,0.946667
0.535146,0.946667,0.946667
0.535548,0.946667,0.946667
0.535949,0.946667,0.946667
0.536350,0.946667,0.946667
0.536752,0.986667,0.946667
0.537154,0.946667,0.946667
0.537556,0.946667,0.946667
0.537958,0.953333,0.946667
0.538359,0.946667,0.946667
0.538761,1.020000,0.946667
0.539162,1.013333,0.946667
0.539563,0.986667,0.946667
0.539964,0.993333,0.960000
0.540366,1.000000,1.020000
0.540767,1.026667,0.946667
0.541169,1.020000,1.033333
0.541570,1.033333,0.946667
0.541971,1.040000,1.120000
0.542372,1.060000,0.980000
0.542773,1.040000,1.006667
0.543174,1.053333,1.020000
0.543577,0.986667,0.946667
0.543978,1.046667,1.100000
0.544379,1.086667,1.026667
0.544781,1.146667,1.053333
0.545182,1.180000,1.106667
0.545583,1.133333,1.053333
0.545984,1.153333,1.093333
0.546385,1.233333,1.073333
0.546786,1.166667,1.100000
0.547188,1.153333,1.080000
0.547589,1.173333,1.113333
0.547990,1.200000,1.113333
0.548392,1.200000,1.106667
0.548793,1.226667,1.153333
0.549195,1.213333,1.113333
0.549597,1.193333,1.226667
0.549999,1.233333,1.200000
0.550400,1.253333,1.273333
0.550802,1.246667,1.206667
0.551203,1.346667,1.206667
0.551604,1.266667,1.213333
0.552005,1.306667,1.206667
0.552406,1.293333,1.220000
0.552807,1.560000,1.240000
0.553208,1.293333,1.220000
0.553609,1.386667,1.253333
0.554010,1.313333,1.280000
0.554412,1.406667,1.300000
0.554814,1.373333,1.286667
0.555215,1.386667,1.300000
0.555617,1.380000,1.246667
0.556019,1.393333,1.386667
0.556421,1.413333,1.266667
0.556822,1.406667,1.360000
0.557223,1.433333,1.386667
0.557625,1.433333,1.380000
0.558026,1.460000,1.393333
0.558427,1.480000,1.406667
0.558828,1.486667,1.393333
0.559229,1.500000,1.400000
0.559630,1.533333,1.453333
0.560031,1.520000,1.453333
0.560432,1.546667,1.480000
0.560834,1.533333,1.386667
0.561235,1.553333,1.453333
0.561636,1.600000,1.480000
0.562037,1.453333,1.506667
0.562438,1.600000,1.513333
0.562841,1.606667,1.553333
0.563243,1.620000,1.553333
0.563646,1.640000,1.546667
0.564047,1.673333,1.560000
0.564448,1.666667,1.560000
0.564849,1.673333,1.633333
0.565251,1.673333,1.580000
0.565653,1.700000,1.620000
0.566055,1.726667,1.613333
0.566457,1.726667,1.633333
0.566859,1.746667,1.646667
0.567260,1.646667,1.660000
0.567662,1.780000,1.680000
0.568063,1.726667,1.673333
0.568464,1.820000,1.786667
0.568866,1.793333,1.726667
0.569267,1.793333,1.726667
0.569668,1.833333,1.720000
0.570069,1.873333,1.733333
0.570470,1.853333,1.773333
0.570872,1.826667,1.740000
0.571273,1.900000,1.786667
0.571674,1.846667,1.820000
0.572075,1.900000,1.833333
0.572476,1.920000,1.806667
0.572877,1.940000,1.853333
0.573278,1.933333,1.880000
0.573679,1.966667,1.846667
0.574080,2.040000,1.880000
0.574481,1.980000,1.906667
0.574882,1.920000,1.880000
0.575283,2.013333,1.906667
0.575684,2.060000,1.926667
0.576085,2.060000,1.926667
0.576486,2.080000,2.086667
0.576888,2.086667,2.000000
0.577289,2.073333,1.966667
0.577691,2.200000,2.000000
0.578093,2.133333,2.086667
0.578494,2.100000,1.973333
0.578895,2.180000,1.940000
0.579298,2.140000,2.053333
0.579699,2.220000,2.066667
0.580101,2.173333,2.113333
0.580502,2.233333,2.086667
0.580903,2.240000,2.086667
0.581304,2.240000,2.093333
0.581706,2.253333,2.140000
0.582107,2.280000,2.153333
0.582510,2.333333,2.106667
0.582913,2.580000,2.220000
0.583316,2.300000,2.206667
0.583718,2.360000,2.233333
0.584119,2.373333,2.246667
0.584521,2.386667,2.226666
0.584922,2.400000,2.280000
0.585324,2.380000,2.280000
0.585725,2.393333,2.340000
0.586126,2.373333,2.300000
0.586527,2.500000,2.293333
0.586928,2.440000,2.326667
0.587329,2.480000,2.333333
0.587731,2.493333,2.360000
0.588132,2.526667,2.380000
0.588534,2.553333,2.406667
0.588936,2.586667,2.386667
0.589337,2.506666,2.433333
0.589738,2.573333,2.433333
0.590139,2.593333,2.473333
0.590540,2.653333,2.493333
0.590942,2.613333,2.460000
0.591343,2.546667,2.493333
0.591745,2.653333,2.446667
0.592147,2.680000,2.553333
0.592549,2.726667,2.513333
0.592950,2.606667,2.553333
0.593352,2.713333,2.613333
0.593753,2.726667,2.613333
0.594155,2.780000,2.593333
0.594557,2.806667,2.613333
0.594959,2.806667,2.713333
0.595360,2.720000,2.680000
0.595761,2.860000,2.680000
0.596162,2.833333,2.706666
0.596563,2.846667,2.706666
0.596965,2.866667,2.700000
0.597367,2.900000,2.753333
0.597768,2.906667,2.753333
0.598169,2.940000,2.786667
0.598570,2.993333,2.700000
0.598972,2.960000,2.793333
0.599373,2.893333,2.873333
0.599774,3.013333,2.706666
0.600175,2.946667,2.953333
0.600577,3.053333,2.846667
0.600979,3.040000,2.873333
0.601380,3.046667,2.893333
0.601781,3.066667,2.920000
0.602182,3.086667,2.960000
0.602584,3.200000,2.960000
0.602985,3.086667,2.953333
0.603387,3.180000,2.980000
0.603788,3.233333,3.013333
0.604189,3.186666,2.993333
0.604591,3.180000,3.033333
0.604993,3.206667,3.026667
0.605395,3.220000,3.000000
0.605796,3.266667,3.086667
0.606197,3.293333,3.073333
0.606598,3.300000,3.133333
0.607001,3.286667,3.100000
0.607402,3.326667,3.146667
0.607803,3.320000,3.233333
0.608204,3.420000,3.206667
0.608605,3.373333,3.220000
0.609008,3.393333,3.206667
0.609410,3.420000,3.173333
0.609814,3.433333,3.193333
0.610215,3.433333,3.260000
0.610618,3.393333,3.286667
0.611021,3.346666,3.286667
0.611423,3.500000,3.313333
0.611824,3.546667,3.340000
0.612226,3.460000,3.360000
0.612628,3.553333,3.373333
0.613030,3.526666,3.393333
0.613431,3.586667,3.366667
0.613833,3.626667,3.386667
0.614234,3.626667,3.440000
0.614635,3.653333,3.453333
0.615036,3.660000,3.486667
0.615437,3.660000,3.480000
0.615838,3.713333,3.466666
0.616240,3.693333,3.513333
0.616641,3.740000,3.533333
0.617043,3.746666,3.580000
0.617444,3.746666,3.540000
0.617846,3.846667,3.593333
0.618248,3.840000,3.633333
0.618649,3.700000,3.613333
0.619051,3.900000,3.653333
0.619452,3.806666,3.653333
0.619854,3.920000,3.746666
0.620255,3.940000,3.680000
0.620656,3.973333,3.713333
0.621057,3.980000,3.733333
0.621459,4.040000,3.746666
0.621860,4.013333,3.833333
0.622261,4.020000,3.820000
0.622663,4.126667,3.833333
0.623064,4.066667,3.833333
0.623465,4.106667,3.866667
0.623867,4.120000,3.980000
0.624268,4.186666,3.933333
0.624669,4.106667,3.926666
0.625070,4.186666,3.913333
0.625471,4.220000,3.620000
0.625873,4.193333,3.993333
0.626274,4.213334,4.013333
0.626675,4.193333,4.013333
0.627080,4.273333,4.046667
0.627481,4.246667,4.080000
0.627883,4.173333,4.000000
0.628284,4.313334,4.126667
0.628686,4.360000,4.186666
0.629088,4.366666,4.106667
0.629489,4.386666,4.180000
0.629891,4.406667,4.180000
0.630292,4.433333,4.233333
0.630693,4.446667,4.193333
0.631095,4.473333,4.360000
0.631498,4.473333,4.206666
0.631900,4.520000,4.280000
0.632301,4.533333,4.313334
0.632703,4.533333,4.326666
0.633105,4.626667,4.326666
0.633506,4.606667,4.300000
0.633908,4.533333,4.360000
0.634309,4.640000,4.400000
0.634710,4.693333,4.386666
0.635112,4.726666,4.433333
0.635514,4.693333,4.420000
0.635915,4.740000,4.386666
0.636316,4.740000,4.493333
0.636718,4.853333,4.486666
0.637120,4.793333,4.533333
0.637521,4.813333,4.446667
0.637922,4.853333,4.600000
0.638323,4.866667,4.573333
0.638725,4.880000,4.620000
0.639127,4.893333,4.613333
0.639528,4.880000,4.633333
0.639929,4.953333,4.673333
0.640330,4.960000,4.700000
0.640732,4.966667,4.720000
0.641134,4.993333,4.773334
0.641536,5.026667,4.746666
0.641937,5.053333,4.780000
0.642340,5.073333,4.800000
0.642741,5.073333,4.793333
0.643142,5.113333,4.940000
0.643543,5.093333,4.886666
0.643944,5.166667,4.880000
0.644347,5.200000,5.100000
0.644748,5.246666,4.886666
0.645149,5.206666,4.886666
0.645550,5.220000,4.926667
0.645951,5.253333,4.953333
0.646354,5.166667,4.980000
0.646755,5.293334,5.013333
0.647157,5.306666,5.060000
0.647559,5.373333,5.093333
0.647961,5.353333,5.066667
0.648362,5.406666,5.060000
0.648763,5.393333,5.093333
0.649165,5.513333,5.206666
0.649568,5.433333,5.160000
0.649970,5.473333,5.126667
0.650371,5.486667,5.186666
0.650772,5.560000,5.186666
0.651174,5.539999,5.240000
0.651575,5.580000,5.266667
0.651976,5.573333,5.286666
0.652377,5.613333,5.240000
0.652779,5.586667,5.306666
0.653181,5.606667,5.373333
0.653582,5.666667,5.386667
0.653983,5.720000,5.406666
0.654385,5.733333,5.413333
0.654787,5.740000,5.426667
0.655188,5.760000,5.460000
0.655589,5.766666,5.440000
0.655990,5.720000,5.493333
0.656393,5.820000,5.520000
0.656794,5.806666,5.526667
0.657195,5.820000,5.506666
0.657596,5.866666,5.340000
0.657997,5.920000,5.593333
0.658398,5.946667,5.586667
0.658799,5.966666,5.626667
0.659200,5.993333,5.686666
0.659602,6.000000,5.706666
0.660003,6.033333,5.733333
0.660404,6.046667,5.693333
0.660806,6.033333,5.760000
0.661207,6.080000,5.760000
0.661608,6.113333,5.826667
0.662009,6.120000,5.800000
0.662411,6.166667,5.853333
0.662813,6.193333,5.853333
0.663214,6.220000,5.886667
0.663615,6.246666,5.886667
0.664016,6.273333,5.920000
0.664417,6.293333,5.940000
0.664819,6.306666,5.966666
0.665220,6.313334,5.993333
0.665621,6.380000,6.013333
0.666022,6.386667,6.046667
0.666425,6.380000,5.946667
0.666826,6.406667,6.086667
0.667227,6.466667,6.166667
0.667628,6.473333,6.120000
0.668030,6.466667,6.106667
0.668431,6.520000,6.126667
0.668833,6.546667,6.193333
0.669234,6.653333,6.213333
0.669635,6.633333,6.173333
0.670036,6.640000,6.293333
0.670438,6.653333,6.286667
0.670840,6.686666,6.280000
0.671241,6.700000,6.293333
0.671642,6.733333,6.340000
0.672044,6.753333,6.380000
0.672445,6.800000,6.293333
0.672847,6.806667,6.406667
0.673248,6.813333,6.453333
0.673651,6.906667,6.460000
0.674053,6.866666,6.520000
0.674454,6.906667,6.520000
0.674855,6.873333,6.466667
0.675258,6.980000,6.540000
0.675660,7.020000,6.526666
0.676062,7.013333,6.620000
0.676464,7.033333,6.666667
0.676866,7.046667,6.660000
0.677267,7.066666,6.620000
0.677668,7.066666,6.700000
0.678069,7.119999,6.726666
0.678470,7.219999,6.800000
0.678872,7.160000,7.260000
0.679273,7.193333,6.806667
0.679674,7.200000,6.853333
0.680076,7.326666,6.866666
0.680477,7.253334,6.873333
0.680878,7.246666,6.913333
0.681279,7.313333,6.926667
0.681680,7.346666,6.920000
0.682082,7.353333,6.960000
0.682483,7.320000,6.913333
0.682885,7.360000,7.013333
0.683286,7.460000,7.060000
0.683687,7.526666,6.813333
0.684088,7.446666,7.086666
0.684489,7.480000,7.086666
0.684890,7.526666,7.133334
0.685293,7.506667,7.106667
0.685694,7.600000,7.146667
0.686095,7.606667,7.126667
0.686497,7.600000,7.226666
0.686899,7.593334,7.240000
0.687300,7.666667,7.246666
0.687701,7.673333,7.260000
0.688102,7.700000,7.320000
0.688503,7.753333,7.313333
0.688906,7.766666,7.340000
0.689307,7.780000,7.380000
0.689709,7.853333,7.460000
0.690111,7.853333,7.446666
0.690512,7.913333,7.446666
0.690914,7.873333,7.440000
0.691316,7.906666,7.533333
0.691717,7.926667,7.513333
0.692118,7.966667,7.380000
0.692519,8.006666,7.553333
0.692921,8.026667,7.606667
0.693324,7.953333,7.606667
0.693726,8.006666,7.553333
0.694127,8.040000,7.640000
0.694529,8.120000,7.686666
0.694930,8.179999,7.753333
0.695331,8.200000,7.766666
0.695732,8.200000,7.740000
0.696134,8.220000,7.773333
0.696535,8.240000,7.793334
0.696936,8.333333,7.800000
0.697337,8.286667,7.853333
0.697739,8.300000,7.866666
0.698140,8.333333,7.893333
0.698541,8.353333,7.960000
0.698942,8.493334,7.960000
0.699343,8.426667,7.826667
0.699746,8.413333,7.753333
0.700148,8.426667,8.026667
0.700549,8.473333,8.026667
0.700950,8.526667,8.053332
0.701351,8.553333,8.066667
0.701752,8.586666,8.126666
0.702153,8.566667,8.013333
0.702555,8.599999,8.160000
0.702956,8.646667,8.213333
0.703357,8.566667,8.213333
0.703758,8.693334,8.213333
0.704159,8.686666,8.233334
0.704561,8.726666,8.280000
0.704963,8.746667,8.300000
0.705364,8.780000,8.333333
0.705765,8.786666,8.300000
0.706167,8.833333,8.379999
0.706569,8.853333,8.373333
0.706970,8.886666,8.420000
0.707371,8.913333,8.393332
0.707773,8.920000,8.453333
0.708175,9.006666,8.473333
0.708577,8.966666,8.546666
0.708978,9.006666,8.566667
0.709381,9.046666,8.520000
0.709782,9.066667,8.586666
0.710183,9.093333,8.573333
0.710584,9.220000,8.686666
0.710986,9.146667,8.680000
0.711387,9.166666,8.660000
0.711788,9.093333,8.680000
0.712190,9.213333,8.726666
0.712591,9.253333,8.740000
0.712992,9.253333,8.740000
0.713394,9.273334,8.793333
0.713795,9.333333,8.853333
0.714196,9.340000,8.813334
0.714597,9.346666,8.880000
0.714999,9.346666,8.880000
0.715402,9.346666,8.900000
0.715803,9.466666,8.946667
0.716204,9.493333,8.946667
0.716606,9.426666,8.973332
0.717008,9.460000,9.006666
0.717409,9.580000,9.013333
0.717814,9.586666,9.066667
0.718215,9.606667,9.093333
0.718616,9.646667,8.993333
0.719017,9.580000,9.006666
0.719418,9.580000,9.126666
0.719820,9.693333,9.166666
0.720221,9.706666,8.966666
0.720622,9.780000,9.213333
0.721023,9.793333,9.240000
0.721424,9.806666,9.266666
0.721826,9.719999,9.233333
0.722228,9.860000,9.280000
0.722629,9.886666,9.346666
0.723030,9.880000,9.346666
0.723431,10.006667,9.346666
0.723833,9.940001,9.346666
0.724234,9.966666,9.553333
0.724635,10.020000,9.766666
0.725036,10.033333,9.499999
0.725438,10.013333,9.526667
0.725840,10.086666,9.526667
0.726241,10.133333,9.520000
0.726642,10.153333,9.613334
0.727044,10.146667,9.666667
0.727445,10.306666,9.706666
0.727847,10.240000,9.680000
0.728248,10.353333,9.680000
0.728650,10.293333,9.780000
0.729051,10.299999,9.753333
0.729452,10.320000,9.740000
0.729855,10.320000,9.706666
0.730256,10.373333,9.800000
0.730657,10.393333,9.906666
0.731059,10.406667,9.833333
0.731462,10.446667,9.920000
0.731865,10.480000,9.973333
0.732266,10.466667,9.953333
0.732667,10.520000,9.966666
0.733068,10.546666,9.980000
0.733469,10.620000,10.026666
0.733870,10.586667,10.053333
0.734273,10.606667,10.013333
0.734674,10.639999,10.080000
0.735077,10.679999,10.106667
0.735479,10.600000,10.086666
0.735880,10.666667,10.173333
0.736281,10.753333,10.200000
0.736683,10.766666,10.160000
0.737085,10.766666,10.219999
0.737486,10.820000,10.213333
0.737888,10.833333,10.233333
0.738289,10.853333,10.299999
0.738690,10.900000,10.320000
0.739092,10.906667,10.320000
0.739493,10.946666,10.366666
0.739894,10.966666,10.466667
0.740295,10.980000,10.286666
0.740697,11.026667,10.393333
0.741098,11.033333,10.419999
0.741499,11.086666,10.493333
0.741901,11.139999,10.493333
0.742303,11.046666,10.526667
0.742704,11.133333,10.540000
0.743107,11.186666,10.566667
0.743508,11.213333,10.593333
0.743910,11.206666,10.586667
0.744311,11.273333,10.660000
0.744712,11.266666,10.666667
0.745113,11.293333,10.673333
0.745514,11.320000,10.740000
0.745915,11.346666,10.740000
0.746317,11.360000,10.753333
0.746718,11.380000,10.759999
0.747119,11.420000,10.780000
0.747521,11.446667,10.826666
0.747922,11.453334,10.840000
0.748325,11.500000,10.879999
0.748726,11.506666,10.900000
0.749128,11.533333,10.926667
0.749530,11.580000,10.946666
0.749931,11.573333,11.020000
0.750332,11.613333,11.013332
0.750733,11.620000,11.026667
0.751135,11.679999,11.020000
0.751536,11.693333,11.053333
0.751938,11.733333,11.026667
0.752339,11.733333,11.106667
0.752740,11.826667,11.213333
0.753141,11.780000,11.120000
0.753542,11.760000,11.186666
0.753944,11.826667,11.180000
0.754345,11.840000,11.206666
0.754747,11.879999,11.219999
0.755148,11.886666,11.286666
0.755549,11.913333,11.273333
0.755950,11.900000,11.333333
0.756351,12.080000,11.339999
0.756753,11.993333,11.320000
0.757155,12.053333,11.393333
0.757557,12.093333,11.420000
0.757958,12.066666,11.360000
0.758359,12.219999,11.466666
0.758760,12.106667,11.533333
0.759161,12.153333,11.533333
0.759562,12.186666,11.533333
0.759963,12.193333,11.539999
0.760364,12.253333,11.546666
0.760765,12.206666,11.539999
0.761166,12.293333,11.626666
0.761569,12.346666,11.666666
0.761970,12.380000,11.666666
0.762373,12.386666,11.700000
0.762774,12.413333,11.666666
0.763176,12.420000,11.713333
0.763577,12.426666,11.760000
0.763978,12.480000,11.813333
0.764379,12.513333,11.780000
0.764781,12.506667,11.799999
0.765182,12.540000,11.853333
0.765583,12.599999,11.893333
0.765985,12.593333,11.893333
0.766386,12.679999,11.906667
0.766787,12.586666,11.946667
0.767188,12.653333,11.960000
0.767591,12.686666,11.853333
0.767993,12.733333,11.820000
0.768395,12.753333,12.066666
0.768796,12.760000,12.059999
0.769198,12.760000,12.066666
0.769599,12.833333,12.126666
0.770002,12.799999,12.246667
0.770403,12.860000,12.126666
0.770805,12.873333,12.213333
0.771207,12.913333,12.213333
0.771608,12.919999,12.246667
0.772010,12.946667,12.293333
0.772411,12.960000,12.259999
0.772814,12.960000,12.280000
0.773215,13.020000,12.339999
0.773616,12.993333,12.326666
0.774017,13.059999,12.386666
0.774418,13.026667,12.420000
0.774821,13.133333,12.406666
0.775222,13.126666,12.426666
0.775623,13.186666,12.500000
0.776025,13.146667,12.480000
0.776427,13.259999,12.520000
0.776828,13.253333,12.546666
0.777231,13.286667,12.593333
0.777632,13.259999,12.599999
0.778034,13.293333,12.580000
0.778437,13.333333,12.719999
0.778839,13.346667,12.646667
0.779240,13.379999,12.686666
0.779641,13.393333,12.766666
0.780043,13.466666,12.753333
0.780444,13.446666,12.740000
0.780846,13.486667,12.766666
0.781248,13.486667,12.773334
0.781649,13.500000,12.780000
0.782050,13.553333,12.799999
0.782451,13.539999,12.846666
0.782853,13.586667,12.799999
0.783255,13.633333,12.913333
0.783656,13.686666,12.926666
0.784057,13.653334,12.953333
0.784458,13.773333,12.933333
0.784860,13.700000,12.966667
0.785262,13.706666,13.166667
0.785663,13.973332,13.033334
0.786064,13.853333,13.046666
0.786467,13.813334,13.100000
0.786868,13.833333,13.200000
0.787271,13.833333,13.120000
0.787672,13.880000,13.113333
0.788073,13.906666,13.220000
0.788474,13.839999,13.200000
0.788875,13.813334,13.073333
0.789276,13.940001,13.213333
0.789678,13.953333,13.246666
0.790079,14.039999,13.286667
0.790480,14.026667,13.306666
0.790881,14.059999,13.300000
0.791282,14.099999,13.500000
0.791684,14.120000,13.333333
0.792085,14.126666,13.406666
0.792486,14.173332,13.379999
0.792888,14.306665,13.400000
0.793289,14.173332,13.413334
0.793691,14.273334,13.466666
0.794093,14.200001,13.420000
0.794494,14.259999,13.480000
0.794896,14.266667,13.533333
0.795297,14.299999,13.533333
0.795699,14.320000,13.553333
0.796100,14.286666,13.559999
0.796501,14.373332,13.593333
0.796903,14.386666,13.653334
0.797305,14.406667,13.646666
0.797707,14.486667,13.653334
0.798109,14.533334,13.700000
0.798510,14.533334,13.759999
0.798911,14.513333,13.773333
0.799314,14.533334,13.740001
0.799716,14.546666,13.799999
0.800117,14.566666,13.793333
0.800518,14.559999,13.746667
0.800920,14.526666,13.806667
0.801322,14.586666,13.960000
0.801723,14.640000,13.846665
0.802124,14.693333,13.839999
0.802526,14.659999,13.933332
0.802928,14.686666,13.926666
0.803329,14.719999,13.973332
0.803731,14.780000,13.993333
0.804133,14.780000,14.013333
0.804534,14.826666,14.033333
0.804936,14.820000,14.053333
0.805337,14.866667,14.053333
0.805738,14.880000,14.066666
0.806139,14.899999,14.099999
0.806541,14.893332,14.106666
0.806942,14.953333,14.153333
0.807343,14.946667,14.186666
0.807745,14.953333,14.233333
0.808146,15.033334,14.246667
0.808549,14.953333,14.253333
0.808951,15.013333,14.226666
0.809354,15.119999,14.293333
0.809755,15.193334,14.206667
0.810156,15.173333,14.353333
0.810557,15.186667,14.346666
0.810959,15.066667,14.380000
0.811362,15.219999,14.353333
0.811763,15.260000,14.286666
0.812164,15.246666,14.420000
0.812566,15.280000,14.426666
0.812968,15.306666,14.446667
0.813369,15.313333,14.486667
0.813770,15.359999,14.493333
0.814171,15.413333,14.453333
0.814572,15.393333,14.520000
0.814974,15.406667,14.600000
0.815375,15.446666,14.593332
0.815776,15.500000,14.540000
0.816178,15.486666,14.606667
0.816579,15.500000,14.626666
0.816981,15.513332,14.666667
0.817382,15.566667,14.699999
0.817783,15.553332,14.719999
0.818185,15.579999,14.726667
0.818587,15.586667,14.786666
0.818989,15.579999,14.673333
0.819390,15.653334,14.693333
0.819792,15.560000,14.786666
0.820194,15.679999,14.846666
0.820596,15.720000,14.873333
0.820997,15.753332,14.813333
0.821400,15.746666,14.873333
0.821801,15.773333,14.906667
0.822202,15.833333,14.933333
0.822605,15.819999,14.940000
0.823008,15.839999,14.953333
0.823409,15.860000,14.953333
0.823813,15.873333,14.693333
0.824214,15.866667,15.066667
0.824615,15.920000,14.953333
0.825017,16.000000,14.953333
0.825419,16.000000,15.060000
0.825820,16.000000,15.153333
0.826221,16.013332,15.153333
0.826624,15.980000,15.166667
0.827025,16.033333,15.173333
0.827426,16.026667,15.206666
0.827828,15.860000,15.219999
0.828229,16.126665,15.240000
0.828632,16.166666,15.253334
0.829034,16.153334,15.273333
0.829437,16.173334,15.280000
0.829839,16.206667,15.313333
0.830240,16.213333,15.273333
0.830641,16.253332,15.359999
0.831042,16.259998,15.393333
0.831443,16.266666,15.359999
0.831845,16.299999,15.419999
0.832246,16.333334,15.413333
0.832648,16.346666,15.553332
0.833049,16.340000,15.480000
0.833450,16.346666,15.473333
0.833853,16.393333,15.520000
0.834254,16.473333,15.520000
0.834655,16.440001,15.520000
0.835057,16.480000,15.400000
0.835459,16.440001,15.579999
0.835860,16.499998,15.666666
0.836261,16.526667,15.686666
0.836663,16.539999,15.639999
0.837064,16.619999,15.706666
0.837465,16.606667,15.646666
0.837867,16.613333,15.720000
0.838268,16.626665,15.720000
0.838669,16.646666,15.740000
0.839071,16.680000,15.839999
0.839472,16.693333,15.760000
0.839873,16.713333,15.653334
0.840274,16.706667,15.833333
0.840675,16.733334,15.826667
0.841080,16.766666,15.839999
0.841482,16.753332,15.826667
0.841883,16.799999,15.906666
0.842284,16.813334,15.926666
0.842685,16.813334,15.920000
0.843087,16.813334,15.920000
0.843488,16.873333,15.873333
0.843889,16.820000,15.960000
0.844291,17.013332,15.960000
0.844693,16.886665,15.886665
0.845095,16.860001,16.059999
0.845496,16.920000,15.906666
0.845897,16.913332,16.039999
0.846298,16.939999,16.073334
0.846700,16.959999,16.099998
0.847102,16.959999,16.126665
0.847503,16.959999,16.126665
0.847906,16.993334,16.113333
0.848308,17.026665,16.160000
0.848709,17.059999,16.113333
0.849111,17.053333,16.219999
0.849513,17.113333,16.193333
0.849915,17.093332,16.246666
0.850317,17.139999,16.266666
0.850718,17.113333,16.259998
0.851120,17.139999,16.273333
0.851522,17.113333,16.433332
0.851923,17.153332,16.353333
0.852324,17.166666,16.346666
0.852725,17.193333,16.340000
0.853126,17.199999,16.413332
0.853527,17.213333,16.386665
0.853928,17.213333,16.386665
0.854329,17.279999,16.420000
0.854731,17.266666,16.446667
0.855132,17.286665,16.446667
0.855533,17.286665,16.446667
0.855934,17.320000,16.453333
0.856335,17.353333,16.506666
0.856737,17.373333,16.526667
0.857138,17.360001,16.539999
0.857540,17.326666,16.559999
0.857943,17.400000,16.586666
0.858344,17.400000,16.766666
0.858745,17.419998,16.713333
0.859146,17.453333,16.553333
0.859547,17.439999,16.759998
0.859948,17.466665,16.653332
0.860349,17.466665,16.660000
0.860750,17.466665,16.700001
0.861151,17.500000,16.733334
0.861553,17.539999,16.586666
0.861955,17.539999,16.766666
0.862357,17.573332,16.753332
0.862758,17.600000,16.786665
0.863159,17.613333,16.786665
0.863561,17.633333,16.786665
0.863963,17.740000,16.786665
0.864365,17.666666,16.806665
0.864767,17.673332,16.846666
0.865168,17.666666,16.826666
0.865569,17.679998,16.853334
0.865971,17.733334,16.933332
0.866372,17.686666,16.866667
0.866773,17.613333,16.873333
0.867175,17.753334,16.900000
0.867576,17.786667,16.906666
0.867977,17.833332,16.913332
0.868379,17.813332,16.913332
0.868780,17.773333,16.933332
0.869181,17.799999,16.900000
0.869583,17.806665,16.906666
0.869984,17.866667,16.959999
0.870386,17.879999,16.993334
0.870787,17.926666,16.980000
0.871188,17.879999,17.013332
0.871589,17.900000,17.013332
0.871991,17.920000,17.026665
0.872392,17.946665,17.113333
0.872793,17.966665,17.053333
0.873194,17.959999,17.080000
0.873595,17.973333,17.013332
0.873997,17.993332,17.186666
0.874400,18.040001,17.113333
0.874801,18.020000,17.113333
0.875202,18.033333,17.153332
0.875603,18.000000,17.146666
0.876004,18.126667,17.166666
0.876406,18.073332,17.186666
0.876807,18.073332,17.186666
0.877208,18.113333,17.219999
0.877610,18.106667,17.279999
0.878011,18.133333,17.260000
0.878412,18.093332,17.266666
0.878814,18.153334,17.266666
0.879215,18.160000,17.260000
0.879616,18.173334,17.333332
0.880018,18.166666,17.293333
0.880420,18.199999,17.306665
0.880821,18.226665,17.360001
0.881222,18.213333,17.260000
0.881623,18.246666,17.433332
0.882025,18.253332,17.340000
0.882426,18.293333,17.360001
0.882827,18.273333,17.413332
0.883228,18.280001,17.380001
0.883629,18.299999,17.419998
0.884030,18.293333,17.373333
0.884431,18.320000,17.539999
0.884833,18.393333,17.459999
0.885234,18.339998,17.459999
0.885635,18.346666,17.459999
0.886036,18.480000,17.486666
0.886437,18.580000,17.473333
0.886839,18.413334,17.473333
0.887241,18.400000,17.480000
0.887643,18.420000,17.526667
0.888044,18.413334,17.486666
0.888445,18.440001,17.539999
0.888847,18.453333,17.433332
0.889249,18.420000,17.539999
0.889651,18.473331,17.500000
0.890052,18.626665,17.606667
0.890453,18.539999,17.626667
0.890854,18.546667,17.613333
0.891256,18.500000,17.613333
0.891657,18.539999,17.633333
0.892058,18.526667,17.639999
0.892459,18.580000,17.633333
0.892861,18.593332,17.673332
0.893264,18.553333,17.673332
0.893666,18.593332,17.673332
0.894068,18.573334,17.693333
0.894469,18.633333,17.639999
0.894870,18.639999,17.639999
0.895271,18.646666,17.873333
0.895672,18.653334,17.626667
0.896073,18.653334,17.760000
0.896474,18.653334,17.753334
0.896875,18.646666,17.773333
0.897277,18.686666,17.786667
0.897678,18.719999,17.806665
0.898079,18.726665,17.840000
0.898480,18.719999,17.820000
0.898881,18.740000,17.840000
0.899282,18.753332,17.840000
0.899684,18.746666,17.833332
0.900085,18.773333,17.873333
0.900486,18.766666,17.893333
0.900887,18.859999,17.879999
0.901289,18.746666,17.886667
0.901691,18.820000,17.886667
0.902092,18.806667,17.886667
0.902493,18.826666,17.886667
0.902895,18.879999,17.893333
0.903296,18.859999,17.886667
0.903698,18.820000,17.906668
0.904099,18.893333,17.973333
0.904501,18.879999,17.946665
0.904902,18.893333,18.006666
0.905303,18.913332,17.986666
0.905704,18.926666,18.000000
0.906105,18.920000,18.000000
0.906506,18.953333,18.000000
0.906908,18.926666,18.006666
0.907309,18.966667,18.006666
0.907710,18.973333,18.020000
0.908111,18.980000,18.040001
0.908512,18.953333,18.046667
0.908914,19.006666,18.066666
0.909315,18.999998,18.046667
0.909717,18.999998,18.066666
0.910119,19.013332,18.079998
0.910520,19.013332,18.099998
0.910922,19.046667,18.226665
0.911323,19.059999,18.086666
0.911724,19.053333,18.126667
0.912125,19.066666,18.139999
0.912526,19.093334,18.160000
0.912928,19.073334,18.160000
0.913329,19.106667,18.146666
0.913730,19.106667,18.146666
0.914131,19.119999,18.166666
0.914532,19.113333,18.160000
0.914934,19.126665,18.193333
0.915335,19.173332,18.206665
0.915736,19.093334,18.206665
0.916137,19.133331,18.186666
0.916538,19.100000,18.206665
0.916940,19.133331,18.199999
0.917342,19.180000,18.213333
0.917744,19.200001,18.233332
0.918146,19.206667,18.226665
0.918548,19.219999,18.113333
0.918949,19.293333,18.286667
0.919350,19.266666,18.273333
0.919751,19.233334,18.273333
0.920152,19.233334,18.299999
0.920553,19.266666,18.293333
0.920955,19.233334,18.273333
0.921356,19.259998,18.293333
0.921758,19.273333,18.326666
0.922160,19.306665,18.346666
0.922561,19.206667,18.313334
0.922963,19.113333,18.346666
0.923364,19.299999,18.346666
0.923765,19.320000,18.333332
0.924167,19.326666,18.379999
0.924569,19.333334,18.353333
0.924970,19.353334,18.180000
0.925372,19.320000,18.400000
0.925773,19.346666,18.400000
0.926174,19.360001,18.406666
0.926576,19.333334,18.466665
0.926977,19.406666,18.406666
0.927378,19.459999,18.406666
0.927779,19.353334,18.400000
0.928181,19.353334,18.420000
0.928582,19.400000,18.446667
0.928983,19.420000,18.446667
0.929384,19.426666,18.440001
0.929785,19.426666,18.440001
0.930187,19.439999,18.459999
0.930588,19.480000,18.459999
0.930989,19.546665,18.466665
0.931390,19.453333,18.466665
0.931792,19.333334,18.486666
0.932194,19.433332,18.473331
0.932596,19.439999,18.520000
0.932998,19.519999,18.473331
0.933399,19.513332,18.513332
0.933800,19.480000,18.533333
0.934202,19.480000,18.526667
0.934603,19.533333,18.506666
0.935005,19.480000,18.539999
0.935406,19.553333,18.493332
0.935807,19.606667,18.553333
0.936208,19.539999,18.573334
0.936609,19.533333,18.553333
0.937010,19.506666,18.586666
0.937412,19.580000,18.553333
0.937814,19.566666,18.539999
0.938215,19.553333,18.566668
0.938616,19.573334,18.586666
0.939017,19.566666,18.566668
0.939419,19.559999,18.526667
0.939820,19.580000,18.639999
0.940222,19.646666,18.726665
0.940623,19.559999,18.606665
0.941024,19.593332,18.606665
0.941425,19.593332,18.599998
0.941827,19.573334,18.606665
0.942228,19.613333,18.639999
0.942630,19.620001,18.619999
0.943032,19.626667,18.626665
0.943433,19.613333,18.706667
0.943834,19.799999,18.646666
0.944235,19.746666,18.646666
0.944636,19.553333,18.646666
0.945037,19.686666,18.646666
0.945438,19.666666,18.646666
0.945840,19.666666,18.653334
0.946242,19.659998,18.660000
0.946643,19.653332,18.646666
0.947045,19.706667,18.686666
0.947447,19.679998,18.633333
0.947848,19.659998,18.686666
0.948249,19.719999,18.726665
0.948650,19.693333,18.693333
0.949051,19.686666,18.713333
0.949452,19.693333,18.686666
0.949854,19.686666,18.693333
0.950255,19.719999,18.660000
0.950657,19.693333,18.733332
0.951058,19.699999,18.726665
0.951459,19.726667,18.646666
0.951861,19.733334,18.706667
0.952262,19.713333,18.853333
0.952664,19.786665,18.726665
0.953065,19.880001,18.740000
0.953467,19.733334,18.753332
0.953868,19.740000,18.759998
0.954269,19.753334,18.766666
0.954671,19.740000,18.733332
0.955073,19.740000,18.766666
0.955474,19.773333,18.733332
0.955875,19.786665,18.726665
0.956276,19.713333,18.759998
0.956677,19.760000,18.753332
0.957078,19.766666,18.773333
0.957479,19.740000,18.779999
0.957882,19.773333,18.766666
0.958283,19.760000,18.766666
0.958684,19.773333,18.759998
0.959086,19.766666,18.773333
0.959487,19.773333,18.779999
0.959889,19.779999,18.793333
0.960290,19.779999,18.786667
0.960691,19.813332,18.726665
0.961092,19.779999,18.766666
0.961493,19.846666,18.773333
0.961895,19.813332,18.773333
0.962296,19.806665,18.846666
0.962698,19.806665,18.779999
0.963100,19.799999,18.779999
0.963501,19.833332,18.799999
0.963902,19.840000,18.799999
0.964304,19.813332,18.779999
0.964705,19.846666,18.779999
0.965107,19.799999,18.793333
0.965508,19.820000,18.813334
0.965909,19.820000,18.799999
0.966310,19.860001,18.820000
0.966711,19.806665,18.799999
0.967113,19.860001,18.840000
0.967514,19.813332,18.786667
0.967915,19.846666,18.826666
0.968317,19.826666,18.799999
0.968719,19.820000,18.813334
0.969121,19.860001,18.853333
0.969522,19.826666,18.799999
0.969923,19.833332,18.786667
0.970324,19.826666,18.820000
0.970725,19.840000,18.820000
0.971126,19.886667,18.820000
0.971527,19.840000,18.786667
0.971928,19.833332,18.820000
0.972330,19.846666,18.866665
0.972731,19.813332,18.833334
0.973132,19.833332,18.833334
0.973533,19.833332,18.873333
0.973934,19.820000,18.833334
0.974336,19.820000,18.793333
0.974738,19.860001,18.820000
0.975140,19.840000,18.859999
0.975541,19.846666,18.826666
0.975943,19.806665,18.773333
0.976344,19.840000,18.846666
0.976746,19.873333,18.840000
0.977147,19.840000,18.833334
0.977549,19.886667,18.806667
0.977951,19.799999,18.799999
0.978352,19.840000,18.853333
0.978753,19.833332,18.813334
0.979155,19.833332,18.820000
0.979556,19.813332,18.826666
0.979957,19.846666,18.820000
0.980359,19.840000,18.826666
0.980760,19.820000,18.806667
0.981163,19.833332,18.826666
0.981564,19.806665,18.806667
0.981965,19.840000,18.806667
0.982366,19.799999,18.826666
0.982767,19.820000,18.786667
0.983168,19.833332,18.813334
0.983570,19.826666,18.826666
0.983972,19.846666,18.833334
0.984373,19.833332,18.746666
0.984775,19.833332,18.826666
0.985176,19.846666,18.806667
0.985578,19.826666,18.813334
0.985979,19.806665,18.766666
0.986380,19.826666,18.833334
0.986782,19.779999,18.886665
0.987184,19.820000,18.786667
0.987586,19.813332,18.813334
0.987988,19.820000,18.806667
0.988389,19.773333,18.813334
0.988790,19.833332,18.773333
0.989192,19.820000,18.820000
0.989593,19.840000,18.820000
0.989995,19.799999,18.779999
0.990396,19.806665,18.680000
0.990797,19.813332,18.793333
0.991198,19.779999,18.793333
0.991599,19.826666,18.766666
0.992000,19.760000,18.773333
0.992401,19.806665,18.786667
0.992802,19.793333,18.766666
0.993203,19.799999,18.773333
0.993604,19.826666,18.766666
0.994005,19.773333,18.759998
0.994406,19.733334,18.793333
0.994808,19.766666,18.746666
0.995209,19.779999,18.766666
0.995611,19.773333,18.759998
0.996012,19.786665,18.793333
0.996413,19.760000,18.766666
0.996814,19.760000,18.726665
0.997215,19.773333,18.753332
0.997616,19.746666,18.773333
0.998017,19.799999,18.726665
0.998419,19.773333,18.799999
0.998820,19.753334,18.713333
0.999221,19.766666,18.759998
0.999622,19.746666,18.719999
1.000023,19.693333,18.646666
1.000425,19.753334,18.693333
1.000827,19.693333,18.746666
1.001228,19.719999,18.726665
1.001629,19.693333,18.746666
1.002030,19.726667,18.719999
1.002431,19.719999,18.733332
1.002833,19.706667,18.719999
1.003234,19.706667,18.713333
1.003635,19.713333,18.713333
1.004036,19.713333,18.726665
1.004437,19.706667,18.693333
1.004839,19.706667,18.700001
1.005241,19.679998,18.786667
1.005642,19.686666,18.673334
1.006044,19.706667,18.666666
1.006445,19.686666,18.673334
1.006847,19.686666,18.673334
1.007248,19.673332,18.586666
1.007649,19.693333,18.706667
1.008050,19.846666,18.680000
1.008451,19.673332,18.746666
1.008853,19.779999,18.646666
1.009254,19.659998,18.766666
1.009655,19.646666,18.660000
1.010057,19.633333,18.646666
1.010459,19.519999,18.646666
1.010862,19.646666,18.726665
1.011263,19.633333,18.639999
1.011664,19.580000,18.646666
1.012065,19.626667,18.639999
1.012466,19.633333,18.639999
1.012867,19.606667,18.593332
1.013268,19.626667,18.599998
1.013669,19.626667,18.653334
1.014070,19.586666,18.646666
1.014471,19.586666,18.639999
1.014873,19.593332,18.440001
1.015275,19.566666,18.593332
1.015676,19.519999,18.799999
1.016078,19.626667,18.599998
1.016479,19.580000,18.606665
1.016881,19.559999,18.566668
1.017282,19.566666,18.559999
1.017683,19.553333,18.553333
1.018084,19.533333,18.553333
1.018486,19.486668,18.546667
1.018888,19.559999,18.533333
1.019289,19.506666,18.533333
1.019691,19.526665,18.520000
1.020092,19.533333,18.553333
1.020493,19.480000,18.526667
1.020895,19.480000,18.539999
1.021297,19.473333,18.473331
1.021699,19.459999,18.026667
1.022100,19.480000,18.486666
1.022501,19.466667,18.500000
1.022902,19.480000,18.453333
1.023303,19.480000,18.500000
1.023704,19.426666,18.473331
1.024105,19.466667,18.453333
1.024507,19.433332,18.373333
1.024908,19.393332,18.466665
1.025309,19.413332,18.440001
1.025711,19.413332,18.440001
1.026113,19.406666,18.413334
1.026514,19.420000,18.400000
1.026916,19.366667,18.386665
1.027317,19.379999,18.400000
1.027718,19.386665,18.406666
1.028119,19.360001,18.373333
1.028521,19.360001,18.366667
1.028922,19.353334,18.393333
1.029323,19.346666,18.393333
1.029724,19.346666,18.400000
1.030125,19.320000,18.373333
1.030527,19.333334,18.353333
1.030929,19.320000,18.339998
1.031330,19.313334,18.333332
1.031731,19.306665,18.320000
1.032132,19.333334,18.346666
1.032533,19.293333,18.326666
1.032934,19.273333,18.326666
1.033336,19.326666,18.326666
1.033737,19.313334,18.313334
1.034138,19.259998,18.320000
1.034539,19.259998,18.273333
1.034941,19.259998,18.299999
1.035342,19.240000,18.280001
1.035744,19.219999,18.233332
1.036145,19.193333,18.266666
1.036547,19.259998,18.266666
1.036948,19.193333,18.253332
1.037349,19.173332,18.206665
1.037752,19.226667,18.253332
1.038154,19.160000,18.213333
1.038556,19.160000,18.180000
1.038957,19.133331,18.206665
1.039358,19.126665,18.180000
1.039760,19.126665,18.193333
1.040162,19.139999,18.186666
1.040563,19.119999,18.160000
1.040965,19.080000,18.146666
1.041366,19.100000,18.146666
1.041767,19.100000,18.160000
1.042169,19.066666,18.146666
1.042570,19.059999,18.106667
1.042971,19.046667,18.146666
1.043372,19.066666,18.079998
1.043773,19.059999,18.106667
1.044174,19.126665,18.106667
1.044575,18.953333,18.099998
1.044977,19.019999,18.093332
1.045378,18.980000,18.066666
1.045780,18.999998,18.066666
1.046181,18.986666,18.053333
1.046582,18.986666,18.033333
1.046983,18.973333,18.020000
1.047384,18.960001,18.046667
1.047786,18.953333,18.020000
1.048187,18.953333,18.033333
1.048588,18.946667,18.020000
1.048989,18.986666,17.973333
1.049391,18.946667,17.986666
1.049792,18.920000,17.973333
1.050193,18.913332,17.953333
1.050594,18.873333,17.859999
1.050996,18.879999,17.953333
1.051397,18.866665,17.820000
1.051800,18.900000,17.920000
1.052202,18.926666,17.920000
1.052603,18.866665,17.906668
1.053004,18.820000,17.886667
1.053405,18.840000,17.906668
1.053806,18.779999,17.886667
1.054208,18.806667,17.873333
1.054609,18.773333,17.873333
1.055010,18.766666,17.853333
1.055411,18.786667,17.859999
1.055813,18.713333,17.826666
1.056215,18.746666,17.846666
1.056616,18.673334,17.813332
1.057018,18.700001,17.799999
1.057420,18.753332,17.806665
1.057821,18.686666,17.780001
1.058222,18.686666,17.719999
1.058624,18.706667,17.760000
1.059025,18.686666,17.746666
1.059426,18.619999,17.746666
1.059827,18.639999,17.733334
1.060229,18.586666,17.633333
1.060631,18.686666,17.726665
1.061032,18.599998,17.619999
1.061433,18.599998,17.673332
1.061835,18.586666,17.673332
1.062236,18.573334,17.686666
1.062637,18.566668,17.660000
1.063039,18.639999,17.653334
1.063441,18.553333,17.633333
1.063842,18.533333,17.486666
1.064244,18.506666,17.613333
1.064646,18.486666,17.613333
1.065048,18.506666,17.793333
1.065449,18.473331,17.539999
1.065851,18.459999,17.586666
1.066252,18.406666,17.526667
1.066653,18.453333,17.539999
1.067054,18.433334,17.593332
1.067455,18.379999,17.480000
1.067856,18.400000,17.526667
1.068257,18.386665,17.473333
1.068658,18.353333,17.459999
1.069060,18.379999,17.466665
1.069462,18.353333,17.473333
1.069863,18.339998,17.426666
1.070264,18.273333,17.413332
1.070666,18.320000,17.406666
1.071067,18.293333,17.453333
1.071468,18.273333,17.426666
1.071869,18.280001,17.400000
1.072271,18.266666,17.380001
1.072672,18.273333,17.366667
1.073073,18.240000,17.333332
1.073474,18.219999,17.333332
1.073875,18.206665,17.320000
1.074276,18.206665,17.313332
1.074677,18.133333,17.306665
1.075078,18.266666,17.199999
1.075479,18.193333,17.279999
1.075881,18.133333,17.240000
1.076282,18.166666,17.266666
1.076683,18.133333,17.253334
1.077084,18.046667,17.219999
1.077486,18.086666,17.186666
1.077888,18.066666,17.179998
1.078289,18.193333,17.186666
1.078691,18.079998,17.139999
1.079092,18.040001,17.179998
1.079494,18.040001,17.173332
1.079895,18.020000,17.126667
1.080297,17.993332,17.199999
1.080698,17.993332,17.126667
1.081099,17.959999,17.100000
1.081501,17.973333,17.080000
1.081902,17.959999,17.073334
1.082303,17.953333,17.053333
1.082704,17.906668,17.039999
1.083105,17.920000,17.026665
1.083506,17.879999,16.959999
1.083908,17.859999,16.986668
1.084309,17.886667,17.039999
1.084711,17.873333,16.993334
1.085113,17.840000,16.953333
1.085514,17.826666,16.953333
1.085915,17.806665,16.993334
1.086317,17.806665,16.953333
1.086718,17.806665,16.900000
1.087120,17.760000,16.906666
1.087521,17.766666,16.906666
1.087923,17.773333,16.879999
1.088325,17.733334,16.886665
1.088727,17.713333,16.873333
1.089128,17.693333,16.820000
1.089529,17.686666,16.833334
1.089930,17.666666,16.853334
1.090332,17.673332,16.786665
1.090734,17.653334,16.793333
1.091135,17.626667,16.799999
1.091537,17.619999,16.759998
1.091939,17.613333,16.726667
1.092340,17.593332,16.740000
1.092741,17.539999,16.833334
1.093143,17.559999,16.719999
1.093544,17.500000,16.713333
1.093946,17.539999,16.706667
1.094348,17.480000,16.726667
1.094750,17.473333,16.673332
1.095151,17.466665,16.653332
1.095552,17.459999,16.626665
1.095954,17.426666,16.619999
1.096355,17.426666,16.606667
1.096756,17.400000,16.600000
1.097157,17.366667,16.546667
1.097559,17.446667,16.526667
1.097961,17.340000,16.519999
1.098362,17.346666,16.480000
1.098763,17.340000,16.526667
1.099165,17.299999,16.480000
1.099566,17.293333,16.460001
1.099968,17.279999,16.440001
1.100369,17.266666,16.440001
1.100771,17.253334,16.433332
1.101172,17.253334,16.420000
1.101574,17.186666,16.299999
1.101976,17.260000,16.353333
1.102378,17.173332,16.346666
1.102779,17.193333,16.286667
1.103180,17.153332,16.333334
1.103582,17.126667,16.273333
1.103983,17.120001,16.253332
1.104385,17.113333,16.253332
1.104786,17.073334,16.219999
1.105188,17.059999,16.219999
1.105590,17.086666,16.213333
1.105991,17.019999,16.166666
1.106392,17.039999,16.160000
1.106793,17.013332,16.126665
1.107195,16.993334,16.139999
1.107597,16.980000,16.253332
1.107998,16.959999,16.106665
1.108399,16.920000,16.066668
1.108800,16.920000,16.099998
1.109201,16.933332,16.080000
1.109603,16.939999,16.046667
1.110005,16.900000,15.940000
1.110406,16.799999,15.960000
1.110807,16.866667,15.940000
1.111209,16.846666,15.953332
1.111610,16.820000,15.920000
1.112011,16.840000,15.913334
1.112412,16.806665,15.913334
1.112814,16.866667,15.906666
1.113215,16.793333,15.873333
1.113617,16.793333,15.853333
1.114018,16.753332,15.806666
1.114419,16.726667,15.619999
1.114821,16.726667,15.753332
1.115222,16.713333,15.733333
1.115624,16.673332,15.760000
1.116026,16.653332,15.740000
1.116428,16.600000,15.733333
1.116829,16.626665,15.673333
1.117230,16.593334,15.700000
1.117631,16.593334,15.679999
1.118032,16.539999,15.639999
1.118434,16.519999,15.546666
1.118835,16.499998,15.573333
1.119236,16.506666,15.639999
1.119638,16.453333,15.413333
1.120039,16.413332,15.500000
1.120440,16.426666,15.513332
1.120842,16.426666,15.393333
1.121243,16.406666,15.486666
1.121646,16.353333,15.466666
1.122048,16.359999,15.426665
1.122449,16.313334,15.373333
1.122850,16.320000,15.333333
1.123251,16.286667,15.406667
1.123654,16.273333,15.366667
1.124056,16.266666,15.326667
1.124458,16.253332,15.386667
1.124860,16.233332,15.219999
1.125261,16.186666,15.326667
1.125663,16.186666,15.306666
1.126064,16.126665,15.240000
1.126465,16.099998,15.246666
1.126868,16.226665,15.260000
1.127271,16.099998,15.226665
1.127673,16.073334,15.206666
1.128076,16.026667,15.173333
1.128478,16.006666,15.146667
1.128880,16.013332,15.133333
1.129281,16.000000,15.119999
1.129682,15.940000,14.953333
1.130083,15.993333,15.080000
1.130484,15.960000,14.933333
1.130886,15.926666,14.953333
1.131287,15.853333,14.953333
1.131688,15.860000,14.953333
1.132090,15.726666,14.886666
1.132493,15.799999,14.873333
1.132894,15.780001,14.873333
1.133295,15.733333,14.940000
1.133697,15.740000,14.860001
1.134098,15.720000,14.813333
1.134499,15.713334,14.606667
1.134901,15.726666,14.860001
1.135302,15.673333,14.773334
1.135703,15.599999,14.780000
1.136104,15.566667,14.733334
1.136505,15.606667,14.706667
1.136907,15.579999,14.693333
1.137308,15.566667,14.666667
1.137710,15.540000,14.693333
1.138111,15.513332,14.679999
1.138513,15.486666,14.693333
1.138915,15.379999,14.606667
1.139316,15.440000,14.586666
1.139717,15.400000,14.559999
1.140118,15.406667,14.546666
1.140519,15.366667,14.520000
1.140920,15.379999,14.513333
1.141322,15.353333,14.499999
1.141724,15.326667,14.613333
1.142125,15.306666,14.466667
1.142528,15.266666,14.613333
1.142929,15.260000,14.406667
1.143331,15.233334,14.266667
1.143732,15.260000,14.293333
1.144133,15.206666,14.326666
1.144534,15.173333,14.333334
1.144935,15.133333,14.286666
1.145336,15.133333,14.286666
1.145737,15.113333,14.259999
1.146139,15.080000,14.259999
1.146541,15.013333,14.233333
1.146942,14.953333,14.213333
1.147343,14.953333,14.173332
1.147745,14.953333,14.160000
1.148146,14.946667,14.140000
1.148547,14.926667,14.133332
1.148948,14.926667,14.113334
1.149349,14.866667,14.113334
1.149750,14.866667,14.120000
1.150152,14.906667,14.026667
1.150554,14.806666,14.020000
1.150955,14.766665,13.993333
1.151356,14.800000,13.960000
1.151758,14.773334,13.960000
1.152160,14.706667,13.946667
1.152562,14.693333,13.820000
1.152963,14.606667,13.900000
1.153366,14.679999,13.860000
1.153767,14.633332,13.826666
1.154169,14.606667,13.820000
1.154570,14.586666,13.866666
1.154971,14.553333,13.806667
1.155373,14.520000,13.713332
1.155774,14.520000,13.733333
1.156175,14.486667,13.646666
1.156576,14.420000,13.620000
1.156977,14.459999,13.686666
1.157379,14.446667,13.680000
1.157780,14.373332,13.639999
1.158181,14.346666,13.579999
1.158582,14.346666,13.593333
1.158983,14.360000,13.546667
1.159384,14.313334,13.553333
1.159785,14.333334,13.539999
1.160186,14.246667,13.486667
1.160587,14.246667,13.593333
1.160989,14.126666,13.446666
1.161390,14.200001,13.533333
1.161791,14.180000,13.440000
1.162192,14.173332,13.440000
1.162593,14.133332,13.366667
1.162996,14.093333,13.353333
1.163397,14.066666,13.326666
1.163798,13.993333,13.293333
1.164200,14.046667,13.193333
1.164601,14.026667,13.286667
1.165002,13.986667,13.286667
1.165404,13.979999,13.293333
1.165805,13.953333,13.206666
1.166206,13.920000,13.200000
1.166607,13.926666,13.186666
1.167009,13.986667,13.126666
1.167411,13.820000,13.133333
1.167813,13.873334,13.106667
1.168215,13.786667,12.980000
1.168616,13.799999,13.080000
1.169018,13.680000,13.006666
1.169420,13.740001,12.946667
1.169821,13.753333,13.013333
1.170223,13.680000,12.946667
1.170624,13.660000,12.946667
1.171026,13.633333,12.919999
1.171427,13.620000,12.886666
1.171828,13.593333,12.886666
1.172230,13.586667,12.866666
1.172633,13.526667,12.826667
1.173035,13.553333,12.593333
1.173436,13.526667,12.786666
1.173838,13.520000,12.793333
1.174239,13.673334,12.766666
1.174641,13.413334,12.733333
1.175043,13.440000,12.713333
1.175444,13.400000,12.706667
1.175846,13.460000,12.620000
1.176248,13.353333,12.566667
1.176649,13.206666,12.599999
1.177051,13.213333,12.740000
1.177452,13.126666,12.593333
1.177854,13.253333,12.533333
1.178255,13.206666,12.580000
1.178656,13.186666,12.486667
1.179057,13.173333,12.466666
1.179458,13.133333,12.440001
1.179861,13.126666,12.506667
1.180262,13.113333,12.420000
1.180663,13.086667,12.366667
1.181064,13.073333,12.380000
1.181465,12.993333,12.366667
1.181868,13.033334,12.360000
1.182269,13.013333,12.306666
1.182670,13.059999,12.273333
1.183071,12.893333,12.186666
1.183472,12.966667,12.213333
1.183874,12.880000,12.073333
1.184277,12.886666,12.193333
1.184678,12.860000,12.213333
1.185080,12.813334,12.139999
1.185481,12.840000,12.086666
1.185882,12.726666,12.066666
1.186283,12.766666,12.059999
1.186684,12.733333,11.986667
1.187086,12.706667,11.993333
1.187489,12.666666,11.960000
1.187890,12.646667,11.920000
1.188291,12.606667,11.933332
1.188692,12.593333,11.920000
1.189093,12.599999,11.879999
1.189494,12.580000,11.846666
1.189896,12.533333,11.879999
1.190297,12.486667,11.833333
1.190699,12.473333,11.799999
1.191100,12.473333,11.746666
1.191502,12.440001,11.720000
1.191903,12.406666,11.720000
1.192304,12.366667,11.720000
1.192705,12.413333,11.733333
1.193107,12.320000,11.720000
1.193508,12.326666,11.660000
1.193909,12.433333,11.613333
1.194311,12.206666,11.593333
1.194713,12.253333,11.613333
1.195115,12.226666,11.539999
1.195518,12.193333,11.539999
1.195919,12.133333,11.513333
1.196322,12.066666,11.486667
1.196723,12.106667,11.526667
1.197124,12.080000,11.480000
1.197525,11.946667,11.386666
1.197927,11.960000,11.380000
1.198328,11.999999,11.320000
1.198731,11.986667,11.559999
1.199132,11.920000,11.193334
1.199534,11.913333,11.306666
1.199935,11.893333,11.246667
1.200336,11.866666,11.233333
1.200737,11.879999,11.200000
1.201138,11.813333,11.173333
1.201539,11.726666,11.099999
1.201941,11.799999,11.153333
1.202342,11.766666,11.146667
1.202744,11.720000,11.086666
1.203146,11.693333,11.020000
1.203547,11.679999,11.053333
1.203949,11.653334,10.986667
1.204350,11.613333,11.013332
1.204751,11.620000,11.020000
1.205152,11.573333,10.966666
1.205553,11.559999,10.926667
1.205955,11.539999,10.900000
1.206356,11.573333,10.846666
1.206758,11.460000,10.840000
1.207159,11.486667,10.639999
1.207560,11.400000,10.840000
1.207962,11.373333,10.813333
1.208363,11.366667,10.786667
1.208765,11.313334,10.740000
1.209166,11.420000,10.706666
1.209567,11.286666,10.733334
1.209969,11.273333,10.666667
1.210370,11.260000,10.586667
1.210771,11.200000,10.593333
1.211172,11.206666,11.053333
1.211573,11.206666,10.606667
1.211975,11.146667,10.546666
1.212377,11.146667,10.533334
1.212778,11.086666,10.493333
1.213180,11.093333,10.453333
1.213582,11.033333,10.606667
1.213983,11.033333,10.426666
1.214384,11.006666,10.280000
1.214786,10.986667,10.406667
1.215188,10.960000,10.380000
1.215590,10.926667,10.333333
1.215991,10.800000,10.419999
1.216392,10.853333,10.299999
1.216793,10.860000,10.286666
1.217195,10.793333,10.286666
1.217597,10.806666,10.133333
1.217998,10.773334,10.200000
1.218399,10.653334,10.166666
1.218801,10.653334,10.080000
1.219203,10.713333,10.140000
1.219606,10.679999,10.126667
1.220007,10.700000,10.093333
1.220409,10.646667,10.073334
1.220814,10.606667,10.059999
1.221216,10.540000,10.026666
1.221617,10.559999,9.973333
1.222018,10.533334,9.953333
1.222419,10.493333,9.953333
1.222820,10.533334,9.913333
1.223223,10.493333,9.886666
1.223624,10.440000,9.886666
1.224025,10.446667,9.860000
1.224426,10.466667,9.759999
1.224827,10.360000,9.800000
1.225229,10.320000,9.786667
1.225630,10.273334,9.719999
1.226031,10.273334,9.740000
1.226432,10.260000,9.719999
1.226834,10.219999,9.753333
1.227235,10.233333,9.766666
1.227636,10.219999,9.660000
1.228037,10.146667,9.653333
1.228438,10.166666,9.613334
1.228841,10.106667,9.573333
1.229242,10.080000,9.586666
1.229645,10.073334,9.533333
1.230046,10.033333,9.460000
1.230447,10.033333,9.346666
1.230848,10.000000,9.273334
1.231250,9.959999,9.346666
1.231651,9.940001,9.346666
1.232053,9.920000,9.346666
1.232454,9.866667,9.346666
1.232855,9.866667,9.320000
1.233256,9.793333,9.340000
1.233657,9.793333,9.266666
1.234058,9.806666,9.240000
1.234459,9.786667,9.233333
1.234860,9.733334,9.126666
1.235263,9.639999,9.126666
1.235664,9.673333,9.166666
1.236066,9.693333,9.120000
1.236467,9.613334,9.093333
1.236868,9.613334,9.073333
1.237269,9.613334,9.066667
1.237671,9.593333,9.006666
1.238072,9.533333,8.986667
1.238473,9.513333,9.140000
1.238875,9.480000,9.000000
1.239278,9.393333,8.933333
1.239679,9.393333,8.913333
1.240080,9.346666,8.853333
1.240481,9.346666,8.820000
1.240882,9.400000,8.833333
1.241283,9.320000,8.793333
1.241684,9.320000,8.753333
1.242085,9.273334,8.766666
1.242486,9.246666,8.740000
1.242888,9.193333,8.719999
1.243289,9.153334,8.606667
1.243691,9.113333,8.706666
1.244092,9.106667,8.666666
1.244495,9.113333,8.613334
1.244897,9.080000,8.513332
1.245298,9.073333,8.593333
1.245699,9.059999,8.606667
1.246101,9.020000,8.513332
1.246503,8.993333,8.506666
1.246905,8.940000,8.460000
1.247306,8.953334,8.466666
1.247707,8.913333,8.440000
1.248109,8.886666,8.393332
1.248510,8.860000,8.393332
1.248912,8.813334,8.360000
1.249313,8.766666,8.206666
1.249714,8.733333,8.340000
1.250116,8.700000,8.300000
1.250518,8.740000,8.266666
1.250920,8.733333,8.133333
1.251322,8.673333,8.213333
1.251723,8.606667,8.166667
1.252125,8.660000,8.173333
1.252526,8.620000,8.120000
1.252928,8.466666,8.120000
1.253330,8.566667,8.126666
1.253731,8.500000,8.059999
1.254133,8.526667,8.040000
1.254534,8.486667,8.026667
1.254936,8.453333,8.033334
1.255337,8.426667,7.986666
1.255739,8.400000,7.953333
1.256141,8.393332,7.940000
1.256542,8.360000,7.906666
1.256944,8.293333,7.866666
1.257346,8.306666,7.840000
1.257747,8.280000,7.860000
1.258148,8.280000,7.840000
1.258550,8.266666,7.913333
1.258951,8.206666,7.780000
1.259352,8.166667,7.700000
1.259754,8.166667,7.706666
1.260155,8.126666,7.686666
1.260556,8.026667,7.686666
1.260958,8.139999,7.660000
1.261359,8.080000,7.533333
1.261761,8.033334,7.600000
1.262162,8.033334,7.606667
1.262563,8.013333,7.546666
1.262964,7.946667,7.520000
1.263367,7.926667,7.540000
1.263768,7.940000,7.513333
1.264170,7.880000,7.506667
1.264572,7.893333,7.460000
1.264974,7.846667,7.460000
1.265375,7.873333,7.426666
1.265777,7.760000,7.253334
1.266178,7.766666,7.346666
1.266580,7.760000,7.340000
1.266982,7.700000,7.320000
1.267383,7.679999,7.293333
1.267785,7.686666,7.286667
1.268186,7.660000,7.273333
1.268589,7.626667,7.213333
1.268990,7.559999,7.219999
1.269391,7.566667,7.160000
1.269792,7.626667,7.166667
1.270193,7.520000,7.126667
1.270595,7.513333,7.100000
1.270996,7.473333,7.020000
1.271397,7.440000,7.020000
1.271799,7.420000,7.046667
1.272201,7.386667,6.986666
1.272602,7.386667,6.986666
1.273003,7.360000,6.966666
1.273404,7.313333,6.953333
1.273806,7.300000,6.900000
1.274208,7.246666,6.880000
1.274610,7.260000,6.853333
1.275012,7.240000,6.846666
1.275413,7.219999,6.813333
1.275814,7.166667,6.873333
1.276215,7.153333,6.793334
1.276617,7.046667,6.766666
1.277018,7.126667,6.740000
1.277420,7.119999,6.733333
1.277821,7.053333,6.713333
1.278222,7.020000,6.653333
1.278623,7.000000,6.640000
1.279024,7.000000,6.526666
1.279426,6.966666,6.626667
1.279827,6.966666,6.546667
1.280228,6.920000,6.640000
1.280631,6.900000,6.526666
1.281033,6.880000,6.480000
1.281435,6.860000,6.460000
1.281836,6.833333,6.426666
1.282238,6.840000,6.433333
1.282641,6.813333,6.433333
1.283043,6.773334,6.386667
1.283444,6.753333,6.313334
1.283846,6.693333,6.313334
1.284247,6.673334,6.313334
1.284648,6.646667,6.386667
1.285050,6.593333,6.260000
1.285452,6.666667,6.233333
1.285854,6.653333,6.220000
1.286255,6.513333,6.206666
1.286656,6.526666,6.153333
1.287057,6.506667,6.153333
1.287460,6.466667,6.133333
1.287861,6.460000,6.100000
1.288262,6.406667,6.080000
1.288663,6.413333,6.040000
1.289064,6.346667,5.980000
1.289465,6.286667,6.033333
1.289867,6.286667,5.980000
1.290268,6.313334,5.973333
1.290669,6.286667,5.960000
1.291070,6.206666,5.940000
1.291471,6.246666,5.966666
1.291873,6.226666,5.900000
1.292274,6.193333,5.966666
1.292675,6.153333,5.813333
1.293080,6.153333,5.826667
1.293482,6.146667,5.760000
1.293883,6.080000,5.813333
1.294285,6.100000,5.773333
1.294687,6.000000,5.666667
1.295088,6.026667,5.726667
1.295489,6.013333,5.713333
1.295890,5.933333,5.626667
1.296291,5.953333,5.660000
1.296693,5.940000,5.620000
1.297095,5.933333,5.573333
1.297496,5.886667,5.606667
1.297899,5.880000,5.473333
1.298301,5.853333,5.560000
1.298703,5.840000,5.520000
1.299104,5.800000,5.513333
1.299505,5.766666,5.433333
1.299907,5.760000,5.460000
1.300309,5.746666,5.426667
1.300710,5.733333,5.440000
1.301111,5.720000,5.493333
1.301513,5.680000,5.340000
1.301915,5.686666,5.366667
1.302316,5.553333,5.340000
1.302718,5.586667,5.293334
1.303119,5.593333,5.273333
1.303520,5.560000,5.373333
1.303922,5.539999,5.273333
1.304323,5.513333,5.226666
1.304724,5.506666,5.186666
1.305125,5.593333,5.220000
1.305527,5.433333,5.160000
1.305928,5.413333,5.100000
1.306329,5.400000,5.153333
1.306730,5.393333,5.100000
1.307132,5.360000,5.060000
1.307533,5.386667,5.100000
1.307935,5.313333,5.033333
1.308336,5.280000,5.033333
1.308737,5.273333,4.980000
1.309138,5.186666,5.026667
1.309539,5.246666,4.940000
1.309941,5.213333,4.913333
1.310343,5.213333,4.886666
1.310745,5.180000,4.926667
1.311147,5.106667,4.820000
1.311549,5.133333,4.873333
1.311951,5.066667,4.860000
1.312352,5.073333,4.813333
1.312753,5.060000,4.760000
1.313154,5.026667,4.786666
1.313555,5.040000,4.740000
1.313957,4.993333,4.740000
1.314359,4.966667,4.633333
1.314760,4.973333,4.433333
1.315162,4.946666,4.680000
1.315563,4.900000,4.653333
1.315964,4.893333,4.586667
1.316366,4.986667,4.613333
1.316767,4.860000,4.600000
1.317169,4.800000,4.446667
1.317570,4.793333,4.600000
1.317971,4.713333,4.520000
1.318372,4.746666,4.533333
1.318774,4.740000,4.440000
1.319176,4.633333,4.713333
1.319577,4.706666,4.373333
1.319978,4.693333,4.446667
1.320381,4.766666,4.413333
1.320782,4.653333,4.400000
1.321184,4.620000,4.380000
1.321585,4.546667,4.346667
1.321987,4.586667,4.333333
1.322388,4.566667,4.326666
1.322790,4.533333,4.313334
1.323192,4.506667,4.286666
1.323593,4.480000,4.213334
1.323995,4.453333,4.226666
1.324396,4.460000,4.213334
1.324798,4.420000,4.186666
1.325200,4.433333,4.066667
1.325601,4.360000,4.180000
1.326002,4.366666,4.153333
1.326404,4.400000,4.113333
1.326806,4.340000,4.120000
1.327208,4.320000,4.053333
1.327609,4.280000,4.006667
1.328010,4.300000,4.053333
1.328411,4.226666,4.013333
1.328814,4.233333,3.846667
1.329215,4.220000,4.013333
1.329616,4.180000,4.000000
1.330017,4.173333,3.986666
1.330418,4.140000,3.926666
1.330820,4.113333,3.913333
1.331221,4.133333,3.886667
1.331623,4.093333,3.866667
1.332024,4.086667,3.746666
1.332426,4.080000,3.900000
1.332827,3.946667,3.820000
1.333228,4.066667,3.566667
1.333629,4.000000,3.720000
1.334030,3.986666,3.746666
1.334431,3.986666,3.746666
1.334833,3.900000,3.693333
1.335234,3.913333,3.633333
1.335635,3.866667,3.506667
1.336037,3.906667,3.826667
1.336439,3.946667,3.666667
1.336841,3.846667,3.566667
1.337242,3.833333,3.600000
1.337643,3.786667,3.560000
1.338044,3.740000,3.540000
1.338445,3.746666,3.526666
1.338847,3.706666,3.500000
1.339248,3.706666,3.486667
1.339649,3.660000,3.460000
1.340050,3.666667,3.440000
1.340451,3.606667,3.460000
1.340853,3.593333,3.406667
1.341254,3.600000,3.420000
1.341655,3.573333,3.393333
1.342056,3.586667,3.486667
1.342458,3.573333,3.366667
1.342860,3.426666,3.340000
1.343261,3.520000,3.313333
1.343662,3.433333,3.313333
1.344064,3.460000,3.206667
1.344465,3.460000,3.226667
1.344867,3.446667,3.220000
1.345268,3.413333,3.280000
1.345669,3.400000,3.240000
1.346070,3.386667,3.226667
1.346472,3.406667,3.206667
1.346874,3.340000,3.153333
1.347275,3.353333,3.133333
1.347677,3.313333,3.133333
1.348078,3.320000,3.113333
1.348479,3.286667,3.120000
1.348881,3.340000,3.106667
1.349282,3.253333,3.073333
1.349683,3.213333,3.066667
1.350084,3.160000,3.026667
1.350486,3.206667,3.020000
1.350887,3.193333,3.033333
1.351288,3.153333,3.013333
1.351689,3.180000,2.933333
1.352090,3.126667,2.933333
1.352492,3.080000,2.953333
1.352894,3.093333,2.953333
1.353295,3.080000,2.913333
1.353697,3.046667,2.906667
1.354098,3.026667,2.880000
1.354499,3.020000,2.800000
1.354901,3.026667,2.613333
1.355302,2.980000,2.840000
1.355704,2.966666,2.786667
1.356105,2.960000,2.813333
1.356506,2.920000,2.866667
1.356908,2.913333,2.760000
1.357309,2.906667,2.773333
1.357711,2.860000,2.733333
1.358113,2.853333,2.753333
1.358515,2.853333,2.706666
1.358916,2.806667,2.680000
1.359317,2.800000,2.673333
1.359718,2.833333,2.640000
1.360120,2.800000,2.660000
1.360523,2.760000,2.613333
1.360925,2.733333,2.713333
1.361326,2.753333,2.593333
1.361727,2.713333,2.593333
1.362129,2.620000,2.573333
1.362532,2.686666,2.566667
1.362934,2.693333,2.500000
1.363335,2.660000,2.493333
1.363736,2.613333,2.493333
1.364138,2.660000,2.513333
1.364539,2.573333,2.473333
1.364940,2.826667,2.453333
1.365341,2.706666,2.446667
1.365743,2.546667,2.453333
1.366145,2.553333,2.420000
1.366546,2.506666,2.306667
1.366948,2.533333,2.380000
1.367349,2.513333,2.340000
1.367751,2.473333,2.340000
1.368153,2.446667,2.273333
1.368554,2.433333,2.273333
1.368956,2.413333,2.320000
1.369357,2.560000,2.426666
1.369758,2.460000,2.300000
1.370159,2.400000,2.260000
1.370562,2.360000,2.260000
1.370963,2.340000,2.246667
1.371364,2.326667,2.246667
1.371765,2.380000,2.200000
1.372166,2.293333,2.186667
1.372568,2.286667,2.166667
1.372970,2.293333,2.146667
1.373371,2.233333,2.133333
1.373772,2.226666,2.080000
1.374174,2.206667,2.020000
1.374575,2.213333,2.093333
1.374976,2.160000,2.073333
1.375377,2.180000,2.073333
1.375779,2.160000,2.073333
1.376180,2.206667,2.066667
1.376583,2.153333,2.053333
1.376984,2.146667,1.906667
1.377387,2.173333,2.000000
1.377789,2.066667,1.986667
1.378191,2.100000,1.966667
1.378592,2.073333,1.973333
1.378993,2.046667,1.966667
1.379396,2.053333,1.926667
1.379797,2.040000,1.940000
1.380199,2.006667,1.960000
1.380600,1.980000,1.733333
1.381001,1.986667,1.880000
1.381402,1.960000,1.846667
1.381803,1.926667,1.880000
1.382204,1.973333,1.833333
1.382607,1.893333,1.833333
1.383008,1.900000,1.846667
1.383409,1.906667,1.813333
1.383814,1.893333,1.793333
1.384215,1.866667,1.786667
1.384616,1.833333,1.760000
1.385017,1.853333,1.773333
1.385419,1.833333,1.740000
1.385820,1.840000,1.726667
1.386221,1.806667,1.766667
1.386623,1.780000,1.773333
1.387024,1.753333,1.760000
1.387425,1.760000,1.473333
1.387827,1.740000,1.653333
1.388228,1.693333,1.653333
1.388629,1.666667,1.640000
1.389030,1.800000,1.593333
1.389431,1.686667,1.593333
1.389834,1.693333,1.586667
1.390235,1.680000,1.593333
1.390637,1.660000,1.560000
1.391038,1.693333,1.533333
1.391441,1.686667,1.560000
1.391842,1.593333,1.560000
1.392243,1.586667,1.540000
1.392644,1.586667,1.506667
1.393045,1.573333,1.540000
1.393448,1.473333,1.466667
1.393850,1.560000,1.526667
1.394251,1.566667,1.506667
1.394652,1.560000,1.440000
1.395053,1.553333,1.433333
1.395454,1.513333,1.433333
1.395856,1.500000,1.406667
1.396257,1.506667,1.420000
1.396658,1.473333,1.420000
1.397060,1.466667,1.393333
1.397461,1.460000,1.373333
1.397862,1.453333,1.360000
1.398264,1.426667,1.340000
1.398665,1.400000,1.326667
1.399067,1.400000,1.486667
1.399469,1.386667,1.313333
1.399870,1.386667,1.326667
1.400272,1.373333,1.300000
1.400673,1.340000,1.266667
1.401075,1.380000,1.206667
1.401476,1.353333,1.246667
1.401877,1.353333,1.240000
1.402278,1.313333,1.260000
1.402680,1.313333,1.226667
1.403081,1.293333,1.206667
1.403482,1.300000,1.233333
1.403883,1.253333,1.206667
1.404284,1.253333,1.186667
1.404686,1.260000,1.206667
1.405087,1.233333,1.173333
1.405488,1.213333,1.213333
1.405889,1.260000,1.173333
1.406290,1.200000,1.146667
1.406692,1.200000,1.126667
1.407094,1.213333,1.146667
1.407495,1.200000,1.113333
1.407896,1.140000,1.193333
1.408298,1.166667,1.173333
1.408699,1.153333,0.946667
1.409101,1.146667,1.073333
1.409502,1.126667,1.060000
1.409903,1.073333,1.033333
1.410305,1.126667,1.033333
1.410706,1.106667,1.026667
1.411107,1.086667,1.040000
1.411510,1.053333,1.020000
1.411911,1.066667,1.033333
1.412313,1.053333,1.020000
1.412714,1.026667,0.993333
1.413115,1.033333,1.000000
1.413516,0.986667,0.973333
1.413918,0.993333,0.953333
1.414319,1.026667,0.946667
1.414720,0.993333,0.946667
1.415122,1.000000,0.946667
1.415523,0.966667,0.946667
1.415924,0.960000,0.946667
1.416325,0.960000,0.946667
1.416726,0.966667,0.953333
1.417127,0.953333,0.946667
1.417528,0.973333,0.953333
1.417929,0.946667,0.946667
1.418330,0.946667,0.946667
1.418732,0.946667,0.946667
1.419133,0.953333,0.946667
1.419534,0.946667,0.946667
1.419935,0.946667,0.946667
1.420336,0.946667,0.946667
1.420738,0.946667,0.946667
1.421139,0.946667,0.946667
1.421541,0.946667,0.946667
1.421942,0.946667,0.946667
1.422344,0.946667,0.946667
1.422745,0.946667,0.946667
1.423147,0.946667,0.946667
1.423548,0.946667,0.946667
1.423950,0.946667,0.946667
1.424351,0.946667,0.946667
1.424752,0.946667,0.946667
1.425154,0.946667,0.946667
1.425555,0.946667,0.946667
1.425956,0.946667,0.946667
1.426357,0.946667,0.946667
1.426758,0.946667,0.946667
1.427159,0.946667,0.946667
1.427560,0.946667,0.946667
1.427962,0.946667,0.946667
1.428363,0.946667,0.946667
1.428765,0.946667,0.946667
1.429166,0.946667,0.946667
1.429567,0.946667,0.946667
1.429969,0.946667,0.946667
1.430370,0.946667,0.946667
1.430772,0.946667,0.946667
1.431174,0.946667,0.946667
1.431575,0.946667,0.946667
1.431976,0.946667,0.946667
1.432377,0.946667,0.946667
1.432778,0.946667,0.946667
1.433180,0.946667,0.946667
1.433581,0.946667,0.946667
1.433983,0.946667,0.946667
1.434384,0.946667,0.946667
1.434785,0.946667,0.946667
1.435186,0.946667,0.946667
1.435587,0.946667,0.946667
1.435989,0.946667,0.946667
1.436390,0.946667,0.946667
1.436792,0.946667,0.946667
1.437193,0.946667,0.946667
1.437594,0.946667,0.946667
1.437996,0.946667,0.946667
1.438397,0.946667,0.946667
1.438798,0.946667,0.946667
1.439199,0.946667,0.946667
1.439600,0.946667,0.946667
1.440002,0.946667,0.946667
1.440403,0.946667,0.946667
1.440805,0.946667,0.946667
1.441207,0.946667,0.946667
1.441608,0.946667,0.946667
1.442010,0.946667,0.946667
1.442411,0.946667,0.946667
1.442813,0.946667,0.946667
1.443214,0.946667,0.946667
1.443617,0.946667,0.946667
1.444018,0.946667,0.946667
1.444419,0.946667,0.946667
1.444820,0.946667,0.946667
1.445221,0.946667,0.946667
1.445623,0.946667,0.946667
1.446025,0.946667,0.946667
1.446426,0.946667,0.946667
1.446827,0.946667,0.946667
1.447228,0.946667,0.946667
1.447629,0.946667,0.946667
1.448030,0.946667,0.946667
1.448432,0.946667,0.946667
1.448833,0.946667,0.946667
1.449234,0.946667,0.946667
1.449635,0.946667,0.946667
1.450037,0.946667,0.946667
1.450438,0.946667,0.946667
1.450840,0.946667,0.946667
1.451241,0.946667,0.946667
1.451642,0.946667,0.946667
1.452043,0.946667,0.946667
1.452444,0.946667,0.946667
1.452846,0.946667,0.946667
1.453248,0.946667,0.946667
1.453649,0.946667,0.946667
1.454050,0.946667,0.946667
1.454451,0.946667,0.946667
1.454852,0.946667,0.946667
1.455253,0.946667,0.946667
1.455654,0.946667,0.946667
1.456055,0.946667,0.946667
1.456456,0.946667,0.946667
1.456857,0.946667,0.946667
1.457258,0.946667,0.946667
1.457660,0.946667,0.946667
1.458062,0.946667,0.946667
1.458464,0.946667,0.946667
1.458866,0.946667,0.946667
1.459268,0.946667,0.946667
1.459669,0.946667,0.946667
1.460070,0.946667,0.946667
1.460471,0.946667,0.946667
1.460873,0.946667,0.946667
1.461274,0.946667,0.946667
1.461675,0.946667,0.946667
1.462077,0.946667,0.946667
1.462478,0.946667,0.946667
1.462880,0.946667,0.946667
1.463281,0.946667,0.946667
1.463682,0.946667,0.946667
1.464083,0.946667,0.946667
1.464484,0.946667,0.946667
1.464885,0.946667,0.946667
1.465287,0.946667,0.946667
1.465688,0.946667,0.946667
1.466090,0.946667,0.946667
1.466492,0.946667,0.946667
1.466894,0.946667,0.946667
1.467295,0.946667,0.946667
1.467697,0.946667,0.946667
1.468098,0.946667,0.946667
1.468499,0.946667,0.946667
1.468901,0.946667,0.946667
1.469302,0.946667,0.946667
1.469704,0.946667,0.946667
1.470106,0.946667,0.946667
1.470507,0.946667,0.946667
1.470909,0.946667,0.946667
1.471310,0.946667,0.946667
1.471712,0.946667,0.946667
1.472114,0.946667,0.946667
1.472515,0.946667,0.946667
1.472916,0.946667,0.946667
1.473317,0.946667,0.946667
1.473719,0.946667,0.946667
1.474120,0.946667,0.946667
1.474521,0.946667,0.946667
1.474922,0.946667,0.946667
1.475323,0.946667,0.946667
1.475724,0.946667,0.946667
1.476127,0.946667,0.946667
1.476528,0.946667,0.946667
1.476929,0.946667,0.946667
1.477331,0.946667,0.946667
1.477732,0.946667,0.946667
1.478134,0.946667,0.946667
1.478535,0.946667,0.946667
1.478937,0.946667,0.946667
1.479339,0.946667,0.946667
1.479740,0.946667,0.946667
1.480142,0.946667,0.946667
1.480544,0.946667,0.946667
1.480946,0.946667,0.946667
1.481347,0.946667,0.946667
1.481748,0.946667,0.946667
1.482149,0.946667,0.946667
1.482551,0.946667,0.946667
1.482953,0.946667,0.946667
1.483354,0.946667,0.946667
1.483756,0.946667,0.946667
1.484157,0.946667,0.946667
1.484558,0.946667,0.946667
1.484960,0.946667,0.946667
1.485361,0.946667,0.946667
1.485764,0.946667,0.946667
1.486166,0.946667,0.946667
1.486567,0.946667,0.946667
1.486969,0.946667,0.946667
1.487370,0.946667,0.946667
1.487772,0.946667,0.946667
1.488174,0.946667,0.946667
1.488576,0.946667,0.946667
1.488977,0.946667,0.946667
1.489378,0.946667,0.946667
1.489780,0.946667,0.946667
1.490182,0.946667,0.946667
1.490583,0.946667,0.946667
1.490984,0.946667,0.946667
1.491387,0.946667,0.946667
1.491789,0.946667,0.946667
1.492190,0.946667,0.946667
1.492591,0.946667,0.946667
1.492992,0.946667,0.946667
1.493394,0.946667,0.946667
1.493795,0.946667,0.946667
1.494196,0.946667,0.946667
1.494597,0.946667,0.946667
1.494999,0.946667,0.946667
1.495400,0.946667,0.946667
1.495801,0.946667,0.946667
1.496202,0.946667,0.946667
1.496604,0.946667,0.946667
1.497005,0.946667,0.946667
1.497406,0.946667,0.946667
1.497807,0.946667,0.946667
1.498208,0.946667,0.946667
1.498609,0.946667,0.946667
1.499010,0.946667,0.946667
1.499411,0.946667,0.946667
1.499813,0.946667,0.946667
1.500214,0.946667,0.946667
1.500616,0.946667,0.946667
1.501017,0.946667,0.946667
1.501418,0.946667,0.946667
1.501820,0.946667,0.946667
1.502222,0.946667,0.946667
1.502624,0.946667,0.946667
1.503025,0.946667,0.946667
1.503426,0.946667,0.946667
1.503827,0.946667,0.946667
1.504228,0.946667,0.946667
1.504629,0.946667,0.946667
1.505030,0.946667,0.946667
1.505433,0.946667,0.946667
1.505834,0.946667,0.946667
1.506235,0.946667,0.946667
1.506637,0.946667,0.946667
1.507038,0.946667,0.946667
1.507439,0.946667,0.946667
1.507841,0.946667,0.946667
1.508242,0.946667,0.946667
1.508643,0.946667,0.946667
1.509044,0.946667,0.946667
1.509445,0.946667,0.946667
1.509847,0.946667,0.946667
1.510248,0.946667,0.946667
1.510649,0.946667,0.946667
1.511050,0.946667,0.946667
1.511453,0.946667,0.946667
1.511854,0.946667,0.946667
1.512255,0.946667,0.946667
1.512656,0.946667,0.946667
1.513057,0.946667,0.946667
1.513458,0.946667,0.946667
1.513860,0.946667,0.946667
1.514261,0.946667,0.946667
1.514663,0.946667,0.946667
1.515064,0.946667,0.946667
1.515466,0.946667,0.946667
1.515868,0.946667,0.946667
1.516269,0.946667,0.946667
1.516671,0.946667,0.946667
1.517073,0.946667,0.946667
1.517474,0.946667,0.946667
1.517875,0.946667,0.946667
1.518276,0.946667,0.946667
1.518677,0.946667,0.946667
1.519078,0.946667,0.946667
1.519479,0.946667,0.946667
1.519881,0.946667,0.946667
1.520282,0.946667,0.946667
1.520683,0.946667,0.946667
1.521084,0.946667,0.946667
1.521486,0.946667,0.946667
1.521888,0.946667,0.946667
1.522289,0.946667,0.946667
1.522690,0.946667,0.946667
1.523091,0.946667,0.946667
1.523492,0.946667,0.946667
1.523894,0.946667,0.946667
1.524295,0.946667,0.946667
1.524697,0.946667,0.946667
1.525098,0.946667,0.946667
1.525500,0.946667,0.946667
1.525901,0.946667,0.946667
1.526303,0.946667,0.946667
1.526704,0.946667,0.946667
1.527106,0.953333,0.946667
1.527507,0.946667,0.946667
1.527908,0.946667,0.946667
1.528309,0.946667,0.946667
1.528710,0.946667,0.946667
1.529111,0.946667,0.946667
1.529512,0.946667,0.946667
1.529914,0.946667,0.946667
1.530315,0.946667,0.946667
1.530717,0.946667,0.946667
1.531119,0.946667,0.946667
1.531520,0.946667,0.946667
1.531922,0.946667,0.946667
1.532323,0.946667,0.946667
1.532724,0.946667,0.946667
1.533125,0.946667,0.946667
1.533526,0.946667,0.946667
1.533928,0.946667,0.946667
1.534329,0.946667,0.946667
1.534731,1.000000,0.946667
1.535132,0.946667,0.946667
1.535534,0.946667,0.946667
1.535935,0.946667,0.946667
1.536336,0.953333,0.946667
1.536738,0.946667,0.946667
1.537139,0.946667,0.946667
1.537540,0.946667,0.946667
1.537942,0.953333,0.946667
1.538343,0.986667,0.946667
1.538744,0.953333,0.946667
1.539145,0.973333,0.946667
1.539547,1.020000,0.953333
1.539948,0.980000,0.946667
1.540350,0.966667,1.453333
1.540752,1.026667,1.200000
1.541153,1.020000,0.946667
1.541555,1.026667,1.000000
1.541956,1.040000,0.946667
1.542357,1.006667,1.000000
1.542758,1.040000,0.993333
1.543160,1.046667,1.020000
1.543562,1.133333,1.000000
1.543963,1.073333,1.066667
1.544364,1.073333,1.046667
1.544765,1.046667,1.033333
1.545167,1.093333,1.060000
1.545569,1.126667,1.066667
1.545970,1.146667,1.060000
1.546371,1.140000,1.086667
1.546772,1.166667,1.093333
1.547173,1.160000,1.113333
1.547576,1.186667,1.106667
1.547977,1.180000,1.133333
1.548378,1.200000,1.146667
1.548779,1.220000,1.153333
1.549181,1.213333,1.193333
1.549582,1.240000,1.186667
1.549984,1.240000,1.173333
1.550385,1.286667,1.206667
1.550786,1.240000,1.200000
1.551188,1.280000,1.206667
1.551589,1.293333,1.200000
1.551990,1.273333,1.266667
1.552391,1.460000,1.233333
1.552792,1.333333,1.233333
1.553193,1.313333,1.240000
1.553596,1.353333,1.300000
1.553997,1.360000,1.293333
1.554400,1.400000,1.300000
1.554801,1.286667,1.300000
1.555202,1.386667,1.300000
1.555603,1.400000,1.313333
1.556005,1.393333,1.353333
1.556406,1.480000,1.246667
1.556807,1.413333,1.366667
1.557208,1.440000,1.386667
1.557609,1.446667,1.360000
1.558010,1.453333,1.393333
1.558411,1.480000,1.460000
1.558814,1.446667,1.400000
1.559215,1.486667,1.453333
1.559617,1.533333,1.480000
1.560019,1.533333,1.460000
1.560420,1.560000,1.420000
1.560821,1.600000,1.433333
1.561223,1.500000,1.473333
1.561625,1.573333,1.493333
1.562026,1.580000,1.520000
1.562427,1.640000,1.520000
1.562828,1.620000,1.533333
1.563229,1.633333,1.553333
1.563630,1.666667,1.560000
1.564031,1.606667,1.560000
1.564433,1.660000,1.566667
1.564834,1.686667,1.586667
1.565237,1.706667,1.673333
1.565638,1.733333,1.606667
1.566040,1.733333,1.613333
1.566441,1.733333,1.653333
1.566842,1.733333,1.573333
1.567243,1.773333,1.700000
1.567645,1.760000,1.646667
1.568048,1.760000,1.673333
1.568449,1.773333,1.706667
1.568850,1.800000,1.660000
1.569251,1.786667,1.733333
1.569652,1.826667,1.766667
1.570053,1.853333,1.746667
1.570454,1.900000,1.766667
1.570855,1.866667,1.753333
1.571256,1.940000,1.773333
1.571658,1.946667,1.753333
1.572059,1.913333,1.846667
1.572460,1.900000,1.820000
1.572862,1.933333,1.826667
1.573263,1.880000,1.880000
1.573666,1.973333,1.893333
1.574067,2.020000,1.826667
1.574469,2.013333,1.900000
1.574870,1.986667,1.906667
1.575271,2.013333,1.906667
1.575672,2.040000,1.940000
1.576074,2.080000,1.940000
1.576475,2.060000,2.000000
1.576876,2.013333,2.013333
1.577277,2.086667,2.013333
1.577678,2.173333,2.033333
1.578080,2.120000,2.033333
1.578481,1.993333,2.020000
1.578882,2.160000,2.033333
1.579283,2.173333,2.086667
1.579685,2.193333,2.106667
1.580087,2.153333,2.086667
1.580488,2.220000,2.086667
1.580889,2.233333,2.126667
1.581290,2.220000,2.146667
1.581692,2.266667,2.140000
1.582093,2.360000,2.140000
1.582494,2.273333,2.146667
1.582895,2.286667,2.220000
1.583296,2.326667,2.246667
1.583697,2.313333,2.233333
1.584099,2.353333,2.226666
1.584501,2.420000,2.260000
1.584903,2.386667,2.260000
1.585306,2.460000,2.360000
1.585707,2.413333,2.286667
1.586109,2.346667,2.320000
1.586510,2.433333,2.320000
1.586912,2.466667,2.333333
1.587313,2.466667,2.353333
1.587715,2.520000,2.346667
1.588116,2.526667,2.420000
1.588518,2.520000,2.406667
1.588920,2.526667,2.433333
1.589321,2.540000,2.413333
1.589723,2.573333,2.426666
1.590124,2.633333,2.520000
1.590525,2.606667,2.453333
1.590927,2.573333,2.373333
1.591328,2.640000,2.406667
1.591729,2.666667,2.493333
1.592130,2.753333,2.573333
1.592531,2.686666,2.560000
1.592933,2.706666,2.553333
1.593336,2.766667,2.580000
1.593738,2.760000,2.586667
1.594139,2.773333,2.613333
1.594540,2.760000,2.613333
1.594942,2.760000,2.633333
1.595343,2.793333,2.660000
1.595745,2.833333,2.673333
1.596146,2.820000,2.700000
1.596548,2.840000,2.693333
1.596949,2.880000,2.613333
1.597351,2.880000,2.726667
1.597752,2.880000,2.753333
1.598153,2.953333,2.786667
1.598555,2.953333,2.786667
1.598956,2.933333,2.786667
1.599357,2.980000,2.820000
1.599758,2.980000,2.840000
1.600159,3.046667,2.860000
1.600561,2.973333,2.886667
1.600963,3.013333,2.873333
1.601364,3.053333,2.913333
1.601765,3.086667,2.933333
1.602167,3.213333,2.946667
1.602569,3.113333,2.960000
1.602971,3.126667,2.980000
1.603372,3.186666,2.980000
1.603773,3.133333,2.986667
1.604175,3.160000,3.060000
1.604576,3.146667,3.013333
1.604978,3.193333,3.053333
1.605379,3.240000,3.033333
1.605781,3.233333,3.100000
1.606182,3.240000,3.106667
1.606583,3.300000,3.113333
1.606984,3.313333,3.220000
1.607385,3.313333,3.133333
1.607788,3.326667,3.073333
1.608189,3.346666,3.166667
1.608590,3.366667,3.193333
1.608992,3.420000,3.220000
1.609394,3.400000,3.213333
1.609796,3.380000,3.240000
1.610197,3.420000,3.253333
1.610598,3.566667,3.320000
1.610999,3.420000,3.300000
1.611402,3.486667,3.313333
1.611804,3.506667,3.346666
1.612205,3.540000,3.346666
1.612607,3.540000,3.366667
1.613009,3.566667,3.353333
1.613410,3.586667,3.420000
1.613814,3.586667,3.406667
1.614215,3.613333,3.460000
1.614616,3.653333,3.460000
1.615018,3.686666,3.486667
1.615420,3.633333,3.466666
1.615821,3.766667,3.520000
1.616222,3.680000,3.500000
1.616625,3.733333,3.546667
1.617026,3.746666,3.573333
1.617428,3.786667,3.573333
1.617829,3.840000,3.600000
1.618230,3.893333,3.613333
1.618631,3.933333,3.646667
1.619032,3.880000,3.660000
1.619433,3.780000,3.680000
1.619834,3.933333,3.680000
1.620235,3.953333,3.700000
1.620636,3.973333,3.733333
1.621037,3.986666,3.746666
1.621439,4.000000,3.746666
1.621840,4.033333,3.746666
1.622241,4.033333,3.833333
1.622642,4.060000,3.926666
1.623044,4.093333,3.900000
1.623445,4.093333,3.853333
1.623847,4.093333,3.893333
1.624248,4.133333,3.913333
1.624649,4.173333,3.933333
1.625051,4.166667,4.080000
1.625452,4.213334,3.993333
1.625854,4.233333,4.000000
1.626255,4.226666,4.033333
1.626656,4.246667,3.973333
1.627058,4.160000,4.013333
1.627461,4.273333,4.100000
1.627862,4.340000,4.066667
1.628263,4.340000,4.126667
1.628664,4.353333,4.113333
1.629065,4.360000,4.160000
1.629467,4.380000,4.180000
1.629868,4.400000,4.186666
1.630269,4.413333,4.206666
1.630670,4.446667,4.226666
1.631071,4.433333,4.233333
1.631472,4.493333,4.273333
1.631874,4.520000,4.293333
1.632275,4.466667,4.433333
1.632677,4.546667,4.413333
1.633078,4.553333,4.346667
1.633479,4.560000,4.326666
1.633881,4.520000,4.360000
1.634282,4.660000,4.426666
1.634684,4.613333,4.420000
1.635085,4.680000,4.500000
1.635487,4.706666,4.500000
1.635888,4.766666,4.446667
1.636289,4.693333,4.506667
1.636690,4.760000,4.540000
1.637091,4.760000,4.506667
1.637493,4.933333,4.540000
1.637894,4.826666,4.553333
1.638295,4.846666,4.600000
1.638697,4.880000,4.813333
1.639098,4.866667,4.606667
1.639501,4.906667,4.600000
1.639902,4.893333,4.580000
1.640303,4.920000,4.706666
1.640705,4.986667,4.793333
1.641106,5.046667,4.720000
1.641507,4.940000,4.740000
1.641908,5.020000,4.726666
1.642309,5.086667,4.766666
1.642711,5.060000,4.833333
1.643112,5.113333,4.986667
1.643513,5.106667,4.846666
1.643914,5.126667,4.846666
1.644317,5.220000,4.880000
1.644718,5.173333,4.853333
1.645119,5.193333,4.926667
1.645520,5.213333,4.926667
1.645921,5.240000,4.960000
1.646323,5.253333,4.980000
1.646725,5.280000,4.906667
1.647126,5.300000,5.046667
1.647527,5.340000,5.073333
1.647929,5.340000,5.060000
1.648330,5.286666,5.360000
1.648732,5.413333,5.093333
1.649134,5.420000,5.146667
1.649536,5.420000,5.200000
1.649937,5.480000,5.140000
1.650338,5.473333,5.186666
1.650739,5.506666,5.233334
1.651140,5.560000,5.240000
1.651541,5.666667,5.273333
1.651942,5.486667,5.293334
1.652344,5.560000,5.306666
1.652746,5.486667,5.273333
1.653147,5.653333,5.340000
1.653550,5.673333,5.366667
1.653951,5.680000,5.320000
1.654353,5.726667,5.413333
1.654754,5.706666,5.426667
1.655155,5.760000,5.420000
1.655557,5.766666,5.473333
1.655958,5.773333,5.539999
1.656359,5.866666,5.420000
1.656761,5.820000,5.533333
1.657162,5.893333,5.560000
1.657564,5.913333,5.620000
1.657965,5.913333,5.600000
1.658368,6.093333,5.626667
1.658769,5.960000,5.606667
1.659170,5.980000,5.686666
1.659571,5.966666,5.753333
1.659973,6.026667,5.740000
1.660374,6.020000,5.673333
1.660776,6.073333,5.800000
1.661177,6.113333,5.766666
1.661578,6.113333,5.786666
1.661980,6.133333,5.826667
1.662382,6.180000,5.840000
1.662783,6.180000,5.853333
1.663184,6.200000,5.833333
1.663586,6.226666,5.920000
1.663988,6.226666,5.946667
1.664390,6.326666,5.973333
1.664792,6.286667,5.980000
1.665193,6.300000,5.940000
1.665594,6.346667,6.006667
1.665996,6.373333,6.020000
1.666397,6.360000,6.053333
1.666799,6.400000,6.066667
1.667200,6.453333,6.260000
1.667602,6.466667,6.100000
1.668003,6.473333,6.133333
1.668404,6.453333,6.160000
1.668806,6.606667,6.206666
1.669208,6.580000,6.220000
1.669609,6.620000,6.253334
1.670010,6.640000,6.253334
1.670411,6.640000,6.306666
1.670813,6.706667,6.313334
1.671214,6.706667,6.293333
1.671615,6.726666,6.340000
1.672016,6.780000,6.346667
1.672417,6.806667,6.406667
1.672819,6.800000,6.380000
1.673221,6.813333,6.466667
1.673622,6.860000,6.466667
1.674024,6.893333,6.433333
1.674425,6.900000,6.540000
1.674827,6.906667,6.486667
1.675228,6.953333,6.546667
1.675631,6.953333,6.600000
1.676033,7.073333,6.640000
1.676434,7.020000,6.640000
1.676835,7.026667,6.640000
1.677236,7.066666,6.713333
1.677639,7.133334,6.720000
1.678041,7.113333,6.753333
1.678442,7.160000,6.760000
1.678843,7.166667,6.780000
1.679246,7.226666,6.813333
1.679647,7.180000,6.800000
1.680049,7.240000,6.893333
1.680450,7.213333,6.873333
1.680852,7.286667,7.046667
1.681253,7.326666,6.933333
1.681654,7.293333,6.966666
1.682056,7.380000,6.986666
1.682457,7.326666,6.986666
1.682860,7.406666,6.993333
1.683261,7.433333,7.026667
1.683663,7.466667,7.046667
1.684064,7.520000,7.073333
1.684465,7.486667,7.093333
1.684867,7.506667,7.146667
1.685268,7.586667,7.106667
1.685669,7.579999,7.213333
1.686071,7.586667,7.180000
1.686473,7.620000,7.180000
1.686874,7.666667,7.213333
1.687275,7.673333,7.280000
1.687676,7.686666,7.140000
1.688083,7.700000,7.320000
1.688484,7.826667,7.340000
1.688886,7.753333,7.340000
1.689288,7.786666,7.373333
1.689689,7.826667,7.413333
1.690090,7.853333,7.400000
1.690492,7.840000,7.346666
1.690894,7.900000,7.440000
1.691297,7.920000,7.500000
1.691698,7.946667,7.466667
1.692100,7.960000,7.513333
1.692502,7.973333,7.413333
1.692903,8.033334,7.600000
1.693305,8.033334,7.613333
1.693706,8.173333,7.606667
1.694107,7.920000,7.686666
1.694509,8.013333,7.686666
1.694910,8.126666,7.693334
1.695311,8.166667,7.726667
1.695712,8.179999,7.720000
1.696114,8.213333,7.780000
1.696515,8.206666,7.826667
1.696916,8.233334,7.813334
1.697317,8.306666,7.873333
1.697718,8.253333,7.860000
1.698119,8.313333,7.880000
1.698522,8.366667,7.933333
1.698924,8.393332,7.860000
1.699325,8.446666,7.866666
1.699726,8.440000,7.946667
1.700127,8.440000,8.000000
1.700528,8.480000,8.033334
1.700929,8.493334,8.026667
1.701330,8.480000,8.033334
1.701731,8.560000,8.093333
1.702133,8.646667,8.126666
1.702534,8.626667,8.053332
1.702936,8.639999,8.206666
1.703337,8.653333,8.160000
1.703739,8.700000,8.220000
1.704141,8.740000,8.246666
1.704542,8.740000,8.300000
1.704944,8.740000,8.300000
1.705346,8.793333,8.326666
1.705747,8.813334,8.333333
1.706149,8.846666,8.426667
1.706550,8.820000,8.420000
1.706952,8.873333,8.393332
1.707353,8.906666,8.333333
1.707754,8.920000,8.453333
1.708155,8.866667,8.486667
1.708557,9.046666,8.393332
1.708958,9.006666,8.546666
1.709360,9.099999,8.566667
1.709761,9.026667,8.566667
1.710162,8.966666,8.620000
1.710563,9.013333,8.613334
1.710964,9.133333,8.646667
1.711365,9.166666,8.680000
1.711766,9.193333,8.706666
1.712168,9.240000,8.700000
1.712569,9.386666,8.760000
1.712970,9.253333,8.773333
1.713372,9.240000,9.073333
1.713773,9.306666,8.760000
1.714174,9.340000,8.839999
1.714576,9.326667,8.820000
1.714978,9.346666,8.886666
1.715380,9.346666,8.900000
1.715781,9.400000,8.913333
1.716182,9.373333,8.913333
1.716584,9.480000,9.179999
1.716986,9.559999,9.020000
1.717387,9.540000,9.006666
1.717789,9.586666,9.066667
1.718190,9.559999,9.093333
1.718591,9.700000,9.093333
1.718993,9.660000,9.146667
1.719394,9.639999,9.173333
1.719795,9.713333,9.140000
1.720197,9.733334,9.213333
1.720598,9.759999,9.266666
1.721000,9.759999,9.240000
1.721401,9.866667,9.253333
1.721802,9.706666,9.299999
1.722203,9.893332,9.306666
1.722605,9.886666,9.333333
1.723007,9.900000,9.340000
1.723408,9.959999,9.333333
1.723813,9.966666,9.346666
1.724214,10.000000,9.346666
1.724615,10.006667,9.480000
1.725016,10.033333,9.499999
1.725417,10.073334,9.520000
1.725819,10.099999,9.566666
1.726220,10.086666,9.613334
1.726621,10.120000,9.606667
1.727023,10.093333,9.613334
1.727424,10.113333,9.653333
1.727827,10.173333,9.700000
1.728229,10.240000,9.686666
1.728630,10.273334,9.753333
1.729031,10.366666,9.753333
1.729432,10.313334,9.759999
1.729834,10.326667,9.793333
1.730235,10.360000,9.806666
1.730636,10.386666,9.846666
1.731037,10.426666,9.860000
1.731438,10.493333,9.873333
1.731840,10.480000,9.900000
1.732241,10.493333,9.940001
1.732642,10.480000,9.980000
1.733044,10.526667,10.000000
1.733445,10.533334,9.966666
1.733847,10.600000,9.860000
1.734248,10.633333,10.059999
1.734650,10.693333,10.120000
1.735052,10.706666,10.226666
1.735454,10.593333,10.106667
1.735855,10.713333,10.106667
1.736257,10.746666,10.179999
1.736659,10.766666,10.173333
1.737062,10.800000,10.226666
1.737463,10.820000,10.246666
1.737865,10.833333,10.226666
1.738267,10.846666,10.320000
1.738668,10.806666,10.320000
1.739069,11.020000,10.373333
1.739471,11.026667,10.353333
1.739873,10.960000,10.380000
1.740274,11.000000,10.393333
1.740675,10.993334,10.433333
1.741081,11.020000,10.433333
1.741482,11.066667,10.486666
1.741883,11.079999,10.500000
1.742284,11.106667,10.506666
1.742685,11.180000,10.593333
1.743087,11.186666,10.573333
1.743488,11.173333,10.606667
1.743889,11.200000,10.653334
1.744290,11.226666,10.700000
1.744691,11.260000,10.666667
1.745093,11.333333,10.673333
1.745494,11.313334,10.726666
1.745895,11.333333,10.726666
1.746296,11.366667,10.759999
1.746697,11.406666,10.759999
1.747099,11.400000,10.806666
1.747501,11.453334,10.840000
1.747902,11.453334,10.840000
1.748304,11.500000,10.893332
1.748705,11.546666,10.920000
1.749107,11.559999,10.920000
1.749508,11.593333,10.953333
1.749909,11.573333,10.960000
1.750311,11.599999,11.006666
1.750713,11.606667,11.013332
1.751115,11.640000,10.893332
1.751517,11.746666,11.086666
1.751919,11.793333,11.033333
1.752320,11.746666,11.206666
1.752721,11.820000,11.160000
1.753123,11.780000,11.173333
1.753524,11.813333,11.186666
1.753926,11.860000,11.253333
1.754328,11.846666,11.233333
1.754730,11.893333,11.253333
1.755131,11.833333,11.280000
1.755533,11.940000,11.266666
1.755935,11.973333,11.300000
1.756336,11.993333,11.366667
1.756737,12.013333,11.360000
1.757139,12.059999,11.420000
1.757540,12.059999,11.386666
1.757942,12.073333,11.426666
1.758343,12.073333,11.480000
1.758744,12.219999,11.473332
1.759146,12.200000,11.513333
1.759547,12.186666,11.406666
1.759949,12.246667,11.613333
1.760350,12.253333,11.573333
1.760752,12.360000,11.446667
1.761154,12.273333,11.666666
1.761555,12.346666,11.666666
1.761956,12.333333,11.700000
1.762357,12.393332,11.713333
1.762758,12.386666,11.706667
1.763160,12.426666,11.733333
1.763561,12.459999,11.746666
1.763963,12.466666,11.760000
1.764365,12.520000,11.799999
1.764766,12.506667,11.820000
1.765167,12.506667,11.840000
1.765570,12.573334,11.926666
1.765972,12.613333,11.893333
1.766373,12.606667,11.953333
1.766774,12.653333,11.980000
1.767176,12.666666,11.886666
1.767577,12.693334,11.986667
1.767978,12.606667,12.033333
1.768379,12.753333,12.086666
1.768781,12.766666,12.040000
1.769182,12.780000,12.066666
1.769583,12.780000,12.106667
1.769984,12.820000,12.093333
1.770386,12.846666,12.146667
1.770787,12.860000,12.146667
1.771189,12.906667,12.193333
1.771591,12.933333,12.233334
1.771992,12.913333,12.246667
1.772394,12.900000,12.313334
1.772795,12.993333,12.306666
1.773197,13.020000,12.293333
1.773599,13.046666,12.366667
1.774001,13.000000,12.366667
1.774402,13.059999,12.246667
1.774804,13.066667,12.413333
1.775206,13.206666,12.426666
1.775608,13.146667,12.466666
1.776009,13.173333,12.526666
1.776412,13.226666,12.546666
1.776814,13.113333,12.513333
1.777215,13.226666,12.593333
1.777616,13.320000,12.573334
1.778017,13.040000,12.599999
1.778418,13.400000,12.593333
1.778820,13.353333,12.506667
1.779221,13.386665,12.686666
1.779623,13.393333,12.613333
1.780025,13.440000,12.753333
1.780426,13.426666,12.766666
1.780827,13.473332,12.766666
1.781228,13.473332,12.766666
1.781631,13.753333,12.713333
1.782032,13.466666,12.853333
1.782434,13.579999,12.840000
1.782835,13.573333,12.793333
1.783236,13.606666,12.953333
1.783637,13.639999,12.933333
1.784038,13.660000,12.946667
1.784440,13.673334,12.960000
1.784841,13.720000,12.980000
1.785243,13.746667,13.006666
1.785645,13.506666,13.059999
1.786047,13.766666,13.046666
1.786449,13.813334,13.166667
1.786850,13.820000,13.100000
1.787252,13.839999,13.133333
1.787655,13.880000,13.160000
1.788057,13.893333,13.126666
1.788459,13.913332,13.179999
1.788860,13.926666,13.200000
1.789261,13.979999,13.206666
1.789663,14.026667,13.246666
1.790064,14.013333,13.293333
1.790467,14.013333,13.293333
1.790868,14.059999,13.286667
1.791269,14.099999,13.366667
1.791670,14.093333,13.306666
1.792071,14.140000,13.353333
1.792472,14.140000,13.393333
1.792874,14.160000,13.386665
1.793277,14.173332,13.386665
1.793679,14.086666,13.460000
1.794080,14.213333,13.466666
1.794481,14.346666,13.553333
1.794883,14.286666,13.506666
1.795285,14.326666,13.553333
1.795687,14.259999,13.573333
1.796089,14.346666,13.559999
1.796490,14.366666,13.633333
1.796891,14.353333,13.613334
1.797293,14.373332,13.646666
1.797694,14.480000,13.700000
1.798096,14.446667,13.726666
1.798497,14.486667,13.653334
1.798899,14.540000,13.759999
1.799302,14.533334,13.680000
1.799703,14.540000,13.773333
1.800105,14.580000,13.720000
1.800506,14.580000,13.806667
1.800908,14.606667,13.833333
1.801309,14.620000,13.860000
1.801711,14.526666,13.913332
1.802113,14.719999,13.860000
1.802514,14.699999,13.913332
1.802915,14.719999,13.940001
1.803317,14.726667,13.986667
1.803718,14.793334,13.993333
1.804119,14.860001,13.999999
1.804520,14.820000,13.999999
1.804922,14.846666,14.020000
1.805323,14.886666,14.080000
1.805725,14.906667,14.113334
1.806126,14.946667,14.120000
1.806527,14.886666,14.266667
1.806929,14.926667,14.113334
1.807330,14.953333,14.233333
1.807731,14.953333,14.346666
1.808132,14.919999,14.200001
1.808533,15.020000,14.246667
1.808934,15.080000,14.226666
1.809335,15.119999,14.259999
1.809736,15.133333,14.266667
1.810137,15.166667,14.286666
1.810539,15.219999,14.380000
1.810942,15.073333,14.373332
1.811344,15.213333,14.360000
1.811745,15.226665,14.400001
1.812146,15.233334,14.406667
1.812549,15.280000,14.513333
1.812951,15.306666,14.466667
1.813353,15.313333,14.393332
1.813754,15.353333,14.513333
1.814156,15.366667,14.506667
1.814557,15.426665,14.520000
1.814959,15.406667,14.559999
1.815360,15.406667,14.600000
1.815762,15.446666,14.573334
1.816163,15.453334,14.559999
1.816566,15.520000,14.633332
1.816968,15.526667,14.626666
1.817369,15.546666,14.586666
1.817771,15.546666,14.666667
1.818172,15.606667,14.706667
1.818574,15.579999,14.666667
1.818975,15.653334,14.646667
1.819376,15.660000,14.820000
1.819778,15.673333,14.786666
1.820179,15.706666,14.813333
1.820580,15.700000,14.840000
1.820981,15.760000,14.840000
1.821384,15.740000,14.866667
1.821785,15.839999,14.886666
1.822187,15.766666,14.906667
1.822588,15.786667,14.953333
1.822990,15.853333,14.953333
1.823391,15.833333,14.906667
1.823793,15.886665,14.953333
1.824195,15.893333,14.953333
1.824596,15.900000,14.820000
1.824997,15.933333,14.953333
1.825398,15.953332,14.953333
1.825800,15.973332,15.093332
1.826201,15.973332,14.953333
1.826603,16.039999,15.119999
1.827004,16.000000,15.159999
1.827406,16.080000,15.219999
1.827807,16.086666,15.206666
1.828209,16.099998,15.219999
1.828610,16.146666,15.273333
1.829011,16.113333,15.273333
1.829412,16.166666,15.340000
1.829814,16.153334,15.306666
1.830215,16.173334,15.326667
1.830618,16.273333,15.393333
1.831019,16.253332,15.353333
1.831422,16.253332,15.366667
1.831823,16.293333,15.426665
1.832224,16.299999,15.379999
1.832625,16.346666,15.466666
1.833026,16.320000,15.639999
1.833428,16.400000,15.453334
1.833830,16.426666,15.540000
1.834232,16.493332,15.553332
1.834634,16.440001,15.419999
1.835036,16.453333,15.606667
1.835437,16.473333,15.653334
1.835840,16.493332,15.520000
1.836241,16.526667,15.586667
1.836642,16.573334,15.599999
1.837043,16.566666,15.646666
1.837444,16.660000,15.653334
1.837846,16.593334,15.673333
1.838248,16.666666,15.740000
1.838650,16.666666,15.733333
1.839052,16.639999,15.753332
1.839453,16.686666,15.746666
1.839854,16.733334,15.766666
1.840256,16.713333,15.780001
1.840658,16.846666,15.920000
1.841059,16.740000,15.553332
1.841460,16.759998,15.826667
1.841861,16.773333,15.960000
1.842262,16.813334,15.873333
1.842663,16.813334,15.913334
1.843064,16.779999,15.913334
1.843466,16.813334,15.906666
1.843867,16.840000,15.913334
1.844268,16.866667,15.920000
1.844669,16.893332,15.980000
1.845070,16.900000,16.006666
1.845471,16.893332,16.046667
1.845873,16.933332,15.993333
1.846274,16.913332,16.093332
1.846676,16.946667,16.160000
1.847078,16.959999,16.099998
1.847479,16.959999,16.099998
1.847881,17.006666,16.099998
1.848282,17.006666,16.186666
1.848684,17.053333,16.099998
1.849085,17.046665,16.180000
1.849486,17.059999,16.213333
1.849888,17.059999,16.219999
1.850289,17.139999,16.013332
1.850690,17.106667,16.219999
1.851092,17.100000,16.200001
1.851493,17.139999,16.313334
1.851895,17.073334,16.306667
1.852296,17.100000,16.333334
1.852697,17.226667,16.326666
1.853099,17.213333,16.359999
1.853501,17.206667,16.373333
1.853902,17.213333,16.386665
1.854303,17.226667,16.373333
1.854704,17.273333,16.413332
1.855106,17.246666,16.446667
1.855507,17.306665,16.453333
1.855908,17.366667,16.466667
1.856309,17.306665,16.473333
1.856710,17.333332,16.526667
1.857111,17.346666,16.533333
1.857512,17.386667,16.546667
1.857914,17.406666,16.779999
1.858316,17.406666,16.600000
1.858718,17.426666,16.600000
1.859120,17.453333,16.626665
1.859521,17.473333,16.566666
1.859922,17.473333,16.619999
1.860323,17.480000,16.740000
1.860724,17.480000,16.646666
1.861125,17.520000,16.693333
1.861526,17.539999,16.706667
1.861928,17.539999,16.680000
1.862329,17.559999,16.759998
1.862731,17.600000,16.786665
1.863132,17.606667,16.719999
1.863534,17.613333,16.786665
1.863935,17.639999,16.786665
1.864336,17.626667,16.786665
1.864737,17.639999,16.826666
1.865139,17.686666,16.833334
1.865541,17.713333,16.860001
1.865942,17.713333,16.840000
1.866343,17.713333,16.879999
1.866744,17.733334,16.900000
1.867145,17.746666,16.900000
1.867546,17.793333,16.900000
1.867948,17.760000,17.006666
1.868349,17.753334,16.900000
1.868750,17.813332,16.939999
1.869151,17.840000,16.906666
1.869552,17.833332,16.926666
1.869954,17.813332,16.973333
1.870356,17.879999,16.993334
1.870758,17.879999,16.986668
1.871159,17.840000,17.013332
1.871561,17.893333,17.039999
1.871962,17.920000,17.039999
1.872363,17.933332,17.080000
1.872765,17.900000,17.059999
1.873167,17.926666,17.086666
1.873569,17.980000,17.033333
1.873970,17.959999,17.120001
1.874371,18.033333,17.066666
1.874773,18.020000,17.186666
1.875174,18.026667,17.126667
1.875575,18.046667,17.120001
1.875976,18.046667,17.173332
1.876378,18.046667,17.273333
1.876779,18.006666,17.186666
1.877181,18.079998,17.199999
1.877582,18.113333,17.233334
1.877983,18.113333,17.226667
1.878385,18.139999,17.233334
1.878786,18.146666,17.266666
1.879187,18.146666,17.266666
1.879589,18.166666,17.253334
1.879990,18.186666,17.260000
1.880391,18.206665,17.333332
1.880793,18.199999,17.313332
1.881194,18.186666,17.333332
1.881595,18.226665,17.293333
1.881997,18.240000,17.360001
1.882398,18.280001,17.346666
1.882800,18.240000,17.386667
1.883202,18.286667,17.333332
1.883605,18.359999,17.406666
1.884008,18.320000,17.406666
1.884409,18.326666,17.406666
1.884814,18.366667,17.406666
1.885215,18.346666,17.433332
1.885617,18.359999,17.406666
1.886019,18.359999,17.473333
1.886420,18.379999,17.480000
1.886821,18.386665,17.473333
1.887223,18.406666,17.480000
1.887624,18.406666,17.500000
1.888025,18.420000,17.539999
1.888427,18.473331,17.500000
1.888828,18.446667,17.526667
1.889229,18.446667,17.533333
1.889630,18.473331,17.539999
1.890031,18.506666,17.606667
1.890432,18.400000,17.346666
1.890833,18.686666,17.539999
1.891234,18.480000,17.639999
1.891635,18.546667,17.626667
1.892037,18.553333,17.746666
1.892439,18.566668,17.639999
1.892841,18.599998,17.673332
1.893242,18.599998,17.726665
1.893644,18.480000,17.746666
1.894045,18.573334,17.686666
1.894446,18.633333,17.713333
1.894847,18.639999,17.713333
1.895248,18.613333,17.746666
1.895650,18.660000,17.746666
1.896051,18.680000,17.760000
1.896452,18.660000,17.746666
1.896854,18.700001,17.826666
1.897255,18.719999,17.793333
1.897656,18.680000,17.826666
1.898057,18.706667,17.813332
1.898458,18.713333,17.813332
1.898860,18.766666,17.859999
1.899262,18.759998,17.840000
1.899663,18.766666,17.866667
1.900064,18.759998,17.846666
1.900465,18.766666,17.873333
1.900867,18.786667,17.859999
1.901268,18.786667,17.886667
1.901669,18.766666,17.886667
1.902070,18.840000,17.920000
1.902471,18.826666,17.953333
1.902873,18.846666,17.906668
1.903274,18.846666,17.920000
1.903675,18.866665,17.933332
1.904077,18.879999,17.953333
1.904479,18.893333,18.006666
1.904881,18.900000,17.953333
1.905284,18.913332,17.986666
1.905686,18.913332,17.699999
1.906087,18.913332,18.000000
1.906488,18.933332,18.020000
1.906889,19.033333,17.980000
1.907290,19.066666,18.046667
1.907692,18.993332,17.993332
1.908093,18.953333,18.033333
1.908495,18.966667,18.066666
1.908896,19.026667,18.053333
1.909297,18.999998,18.066666
1.909698,19.026667,18.119999
1.910100,19.026667,18.020000
1.910501,18.999998,18.086666
1.910902,18.973333,18.046667
1.911303,19.039999,18.020000
1.911704,19.059999,18.126667
1.912105,19.053333,18.160000
1.912506,19.080000,18.146666
1.912908,19.053333,18.146666
1.913310,19.100000,18.146666
1.913712,19.093334,18.153334
1.914113,19.173332,18.153334
1.914514,19.113333,18.180000
1.914915,19.113333,18.173334
1.915316,19.153332,18.199999
1.915717,19.153332,18.186666
1.916119,19.153332,18.173334
1.916520,19.246666,18.199999
1.916922,19.160000,18.206665
1.917323,19.173332,18.219999
1.917725,19.200001,18.286667
1.918126,19.226667,18.273333
1.918527,19.213333,18.226665
1.918929,19.213333,18.206665
1.919330,19.246666,18.273333
1.919732,19.233334,18.273333
1.920133,19.240000,18.286667
1.920534,19.273333,18.286667
1.920936,19.259998,18.199999
1.921338,19.246666,18.306667
1.921740,19.266666,18.333332
1.922142,19.286665,18.326666
1.922543,19.313334,18.313334
1.922945,19.313334,18.313334
1.923346,19.313334,18.333332
1.923747,19.306665,18.326666
1.924148,19.313334,18.353333
1.924549,19.326666,18.333332
1.924950,19.333334,18.393333
1.925351,19.333334,18.379999
1.925752,19.346666,18.393333
1.926154,19.346666,18.393333
1.926555,19.480000,18.420000
1.926956,19.326666,18.400000
1.927358,19.360001,18.306667
1.927759,19.379999,18.393333
1.928161,19.386665,18.426666
1.928564,19.400000,18.426666
1.928965,19.406666,18.446667
1.929367,19.426666,18.426666
1.929768,19.480000,18.420000
1.930169,19.426666,18.459999
1.930570,19.426666,18.500000
1.930971,19.439999,18.426666
1.931372,19.446667,18.473331
1.931773,19.446667,18.459999
1.932174,19.439999,18.646666
1.932575,19.426666,18.459999
1.932977,19.486668,18.459999
1.933378,19.473333,18.520000
1.933779,19.453333,18.513332
1.934180,19.473333,18.513332
1.934581,19.466667,18.406666
1.934982,19.480000,18.520000
1.935383,19.526665,18.526667
1.935784,19.493334,18.526667
1.936185,19.539999,18.546667
1.936586,19.539999,18.546667
1.936988,19.539999,18.553333
1.937389,19.573334,18.546667
1.937790,19.559999,18.526667
1.938191,19.559999,18.559999
1.938592,19.553333,18.553333
1.938993,19.500000,18.580000
1.939395,19.573334,18.580000
1.939796,19.586666,18.639999
1.940197,19.533333,18.606665
1.940598,19.573334,18.586666
1.941001,19.533333,18.599998
1.941403,19.606667,18.533333
1.941804,19.600000,18.613333
1.942205,19.620001,18.593332
1.942606,19.693333,18.633333
1.943007,19.573334,18.646666
1.943408,19.633333,18.586666
1.943814,19.586666,18.646666
1.944215,19.773333,18.626665
1.944616,19.633333,18.646666
1.945017,19.653332,18.653334
1.945418,19.646666,18.639999
1.945820,19.620001,18.666666
1.946221,19.646666,18.673334
1.946622,19.679998,18.646666
1.947024,19.686666,18.653334
1.947425,19.673332,18.646666
1.947827,19.679998,18.686666
1.948228,19.679998,18.706667
1.948629,19.686666,18.706667
1.949030,19.686666,18.693333
1.949432,19.746666,18.719999
1.949834,19.706667,18.706667
1.950235,19.646666,18.686666
1.950636,19.713333,18.693333
1.951037,19.673332,18.713333
1.951439,19.706667,18.706667
1.951840,19.713333,18.599998
1.952241,19.613333,18.706667
1.952643,19.726667,18.700001
1.953044,19.713333,18.733332
1.953446,19.766666,18.713333
1.953847,19.733334,18.706667
1.954248,19.740000,18.733332
1.954649,19.719999,18.786667
1.955050,19.719999,18.713333
1.955452,19.766666,18.746666
1.955853,19.740000,18.766666
1.956254,19.773333,18.766666
1.956655,19.626667,18.786667
1.957057,19.679998,18.773333
1.957460,19.746666,18.733332
1.957861,19.773333,18.766666
1.958262,19.753334,18.766666
1.958663,19.753334,18.753332
1.959064,19.786665,18.766666
1.959465,19.773333,18.766666
1.959867,19.713333,18.779999
1.960269,19.713333,18.766666
1.960670,19.846666,18.766666
1.961071,19.773333,18.779999
1.961472,19.779999,18.779999
1.961874,19.806665,18.779999
1.962275,19.806665,18.779999
1.962677,19.806665,19.146666
1.963078,19.799999,18.753332
1.963479,19.793333,18.766666
1.963881,19.799999,18.766666
1.964282,19.826666,18.779999
1.964683,19.686666,18.826666
1.965085,19.826666,18.773333
1.965486,19.826666,18.799999
1.965888,19.773333,18.820000
1.966289,19.799999,18.820000
1.966690,19.826666,18.813334
1.967092,19.793333,18.793333
1.967493,19.719999,18.820000
1.967895,19.806665,18.833334
1.968297,19.779999,18.820000
1.968698,19.840000,18.793333
1.969099,19.820000,18.793333
1.969500,19.826666,18.813334
1.969901,19.826666,18.813334
1.970303,19.826666,18.726665
1.970704,19.860001,18.846666
1.971105,19.840000,18.820000
1.971507,19.826666,18.820000
1.971908,19.833332,18.793333
1.972309,19.826666,18.833334
1.972712,19.840000,18.746666
1.973113,19.826666,18.826666
1.973514,19.826666,18.833334
1.973915,19.833332,18.833334
1.974316,19.853333,18.859999
1.974717,19.833332,18.833334
1.975119,19.913332,18.879999
1.975520,19.840000,18.826666
1.975922,19.840000,18.806667
1.976323,19.880001,18.793333
1.976725,19.866667,18.793333
1.977126,19.773333,18.833334
1.977527,19.880001,18.840000
1.977928,19.833332,18.833334
1.978329,19.846666,18.826666
1.978730,19.840000,18.826666
1.979131,19.826666,18.833334
1.979533,19.840000,18.813334
1.979934,19.860001,18.813334
1.980335,19.840000,18.846666
1.980736,19.840000,18.826666
1.981137,19.820000,18.813334
1.981538,19.846666,18.859999
1.981939,19.853333,18.840000
1.982341,19.846666,18.820000
1.982742,19.833332,18.840000
1.983144,19.833332,18.820000
1.983545,19.853333,18.873333
1.983946,19.840000,18.813334
1.984347,19.826666,18.859999
1.984748,19.873333,18.799999
1.985150,19.826666,18.900000
1.985551,19.760000,18.766666
1.985953,19.919998,18.766666
1.986354,19.853333,18.926666
1.986755,19.826666,18.799999
1.987156,19.933332,18.820000
1.987557,19.813332,18.813334
1.987958,19.933332,18.826666
1.988359,19.793333,18.820000
1.988760,19.799999,18.820000
1.989163,19.833332,18.840000
1.989564,19.826666,18.813334
1.989965,19.799999,18.813334
1.990367,19.753334,18.773333
1.990768,19.806665,18.773333
1.991169,19.873333,18.806667
1.991570,19.793333,18.786667
1.991971,19.799999,18.766666
1.992373,19.813332,18.759998
1.992774,19.806665,18.766666
1.993177,19.806665,18.786667
1.993579,19.779999,18.799999
1.993981,19.793333,18.806667
1.994382,19.820000,18.786667
1.994784,19.786665,18.779999
1.995185,19.779999,18.779999
1.995587,19.779999,18.799999
1.995989,19.779999,18.766666
1.996390,19.760000,18.766666
1.996792,19.713333,18.779999
1.997194,19.793333,18.759998
1.997596,19.733334,18.766666
1.997997,19.760000,18.526667
1.998399,19.760000,18.766666
1.998800,19.786665,18.746666
1.999201,19.746666,18.693333
1.999602,19.740000,18.599998
2.000003,19.733334,18.726665
2.000404,19.740000,18.773333
2.000806,19.786665,18.726665
2.001208,19.733334,18.746666
2.001609,19.693333,18.713333
2.002010,19.753334,18.733332
2.002412,19.779999,18.766666
2.002814,19.733334,18.719999
2.003216,19.706667,18.706667
2.003617,19.706667,18.726665
2.004019,19.726667,18.733332
2.004420,19.699999,18.713333
2.004821,19.713333,18.693333
2.005222,19.693333,18.686666
2.005623,19.693333,18.686666
2.006024,19.706667,18.726665
2.006425,19.706667,18.673334
2.006827,19.686666,18.673334
