0.000000,17.480000,16.653332
0.000402,17.513334,16.626665
0.000803,17.526667,16.686666
0.001204,17.539999,16.713333
0.001605,17.500000,16.653332
0.002006,17.573332,16.786665
0.002408,17.626667,16.773333
0.002809,17.646667,16.759998
0.003211,17.639999,16.786665
0.003612,17.713333,16.799999
0.004013,17.679998,16.806665
0.004415,17.666666,16.846666
0.004817,17.679998,16.826666
0.005218,17.746666,16.840000
0.005619,17.733334,16.873333
0.006020,17.733334,16.906666
0.006422,17.746666,16.846666
0.006823,17.766666,16.879999
0.007224,17.793333,16.900000
0.007625,17.806665,16.853334
0.008026,17.813332,16.913332
0.008428,17.820000,16.946667
0.008829,17.859999,16.946667
0.009230,17.853333,16.939999
0.009632,17.859999,16.973333
0.010034,17.886667,16.986668
0.010436,17.886667,16.993334
0.010837,17.920000,17.019999
0.011238,17.913334,16.993334
0.011639,17.926666,17.033333
0.012041,17.920000,17.006666
0.012443,17.959999,17.053333
0.012844,17.986666,17.106667
0.013245,18.006666,17.046665
0.013646,18.006666,17.059999
0.014047,18.013332,17.106667
0.014449,18.020000,17.126667
0.014850,17.959999,17.086666
0.015251,18.099998,17.039999
0.015653,18.026667,17.100000
0.016054,18.086666,17.093332
0.016456,18.066666,17.186666
0.016857,18.099998,17.186666
0.017259,18.059999,17.213333
0.017660,18.126667,17.219999
0.018061,18.079998,17.240000
0.018463,18.146666,17.266666
0.018864,18.153334,17.260000
0.019265,18.180000,17.240000
0.019666,18.133333,17.293333
0.020067,18.293333,17.293333
0.020469,18.206665,17.273333
0.020870,18.240000,17.320000
0.021272,18.219999,17.320000
0.021673,18.260000,17.340000
0.022074,18.246666,17.346666
0.022476,18.286667,17.619999
0.022877,18.333332,17.380001
0.023279,18.299999,17.400000
0.023680,18.280001,17.400000
0.024082,18.346666,17.406666
0.024483,18.353333,17.346666
0.024884,18.373333,17.453333
0.025285,18.359999,17.453333
0.025686,18.366667,17.446667
0.026087,18.386665,17.486666
0.026489,18.406666,17.473333
0.026890,18.466665,17.493334
0.027291,18.453333,17.500000
0.027693,18.473331,17.539999
0.028094,18.459999,17.433332
0.028496,18.453333,17.539999
0.028898,18.513332,17.660000
0.029300,18.520000,17.593332
0.029701,18.493332,17.593332
0.030103,18.500000,17.673332
0.030504,18.453333,17.639999
0.030906,18.526667,17.613333
0.031307,18.526667,17.613333
0.031708,18.520000,17.619999
0.032110,18.553333,17.686666
0.032511,18.566668,17.639999
0.032912,18.593332,17.613333
0.033313,18.593332,17.673332
0.033715,18.613333,17.673332
0.034117,18.619999,17.706665
0.034518,18.673334,17.673332
0.034919,18.646666,17.713333
0.035322,18.653334,17.733334
0.035724,18.673334,17.740000
0.036125,18.673334,17.826666
0.036527,18.693333,17.746666
0.036928,18.686666,17.760000
0.037329,18.726665,17.813332
0.037730,18.733332,17.813332
0.038131,18.740000,17.813332
0.038532,18.740000,17.820000
0.038934,18.719999,17.813332
0.039336,18.773333,17.873333
0.039737,18.706667,17.873333
0.040138,18.766666,17.886667
0.040539,18.779999,17.879999
0.040940,18.813334,17.873333
0.041342,18.859999,17.840000
0.041743,18.833334,17.906668
0.042144,18.859999,17.893333
0.042545,18.859999,17.893333
0.042946,18.873333,17.926666
0.043347,18.879999,17.926666
0.043748,18.879999,17.959999
0.044150,18.886665,18.020000
0.044551,18.940001,17.959999
0.044953,18.913332,17.973333
0.045354,18.933332,17.980000
0.045755,18.986666,17.973333
0.046156,18.946667,17.993332
0.046558,18.993332,18.013332
0.046959,18.966667,18.020000
0.047361,18.973333,18.139999
0.047763,18.986666,18.020000
0.048165,18.960001,18.020000
0.048566,18.940001,18.046667
0.048968,19.026667,18.046667
0.049369,19.026667,18.093332
0.049770,19.013332,18.126667
0.050171,19.039999,18.113333
0.050573,19.039999,18.066666
0.050975,19.046667,18.139999
0.051376,19.066666,18.106667
0.051777,19.119999,18.106667
0.052178,19.073334,18.139999
0.052579,19.106667,18.146666
0.052980,19.219999,18.139999
0.053381,19.113333,18.146666
0.053782,19.113333,18.146666
0.054183,19.119999,18.180000
0.054585,19.106667,18.033333
0.054986,19.133331,18.180000
0.055387,19.153332,18.166666
0.055788,19.160000,18.213333
0.056190,19.166666,18.193333
0.056592,19.166666,18.160000
0.056993,19.206667,18.226665
0.057396,19.193333,18.226665
0.057797,19.193333,18.286667
0.058198,19.219999,18.213333
0.058600,19.226667,18.213333
0.059001,19.233334,18.326666
0.059402,19.226667,18.246666
0.059804,19.246666,18.273333
0.060206,19.259998,18.273333
0.060607,19.240000,18.273333
0.061009,19.246666,18.280001
0.061410,19.266666,18.293333
0.061811,19.273333,18.333332
0.062212,19.326666,18.379999
0.062613,19.273333,18.326666
0.063014,19.306665,18.339998
0.063416,19.326666,18.320000
0.063817,19.346666,18.353333
0.064218,19.299999,18.326666
0.064619,19.433332,18.400000
0.065020,19.293333,18.373333
0.065422,19.333334,18.406666
0.065823,19.366667,18.379999
0.066224,19.420000,18.393333
0.066626,19.379999,18.393333
0.067027,19.386665,18.400000
0.067429,19.393332,18.400000
0.067831,19.433332,18.406666
0.068232,19.393332,18.406666
0.068633,19.426666,18.440001
0.069034,19.406666,18.420000
0.069435,19.413332,18.406666
0.069836,19.426666,18.453333
0.070237,19.433332,18.446667
0.070638,19.513332,18.466665
0.071039,19.526665,18.466665
0.071441,19.480000,18.486666
0.071843,19.439999,18.480000
0.072245,19.473333,18.473331
0.072646,19.453333,18.473331
0.073048,19.513332,18.513332
0.073450,19.453333,18.400000
0.073852,19.480000,18.459999
0.074254,19.506666,18.526667
0.074656,19.506666,18.526667
0.075058,19.506666,18.520000
0.075459,19.506666,18.526667
0.075860,19.539999,18.526667
0.076261,19.506666,18.566668
0.076662,19.533333,18.526667
0.077064,19.539999,18.553333
0.077466,19.580000,18.533333
0.077867,19.559999,18.573334
0.078268,19.566666,18.553333
0.078669,19.559999,18.539999
0.079071,19.586666,18.586666
0.079472,19.580000,18.646666
0.079873,19.586666,18.566668
0.080275,19.566666,18.593332
0.080676,19.526665,18.639999
0.081077,19.620001,18.593332
0.081478,19.613333,18.599998
0.081879,19.706667,18.599998
0.082281,19.580000,18.599998
0.082683,19.639999,18.586666
0.083084,19.646666,18.646666
0.083485,19.633333,18.660000
0.083886,19.626667,18.626665
0.084287,19.639999,18.646666
0.084688,19.593332,18.646666
0.085089,19.686666,18.646666
0.085491,19.633333,18.646666
0.085892,19.646666,18.626665
0.086293,19.666666,18.653334
0.086696,19.679998,18.733332
0.087097,19.693333,18.693333
0.087498,19.699999,18.660000
0.087899,19.699999,18.693333
0.088300,19.740000,18.673334
0.088702,19.699999,18.693333
0.089105,19.666666,18.673334
0.089507,19.693333,18.680000
0.089908,19.726667,18.646666
0.090310,19.719999,18.686666
0.090712,19.799999,18.680000
0.091114,19.740000,18.586666
0.091517,19.753334,18.706667
0.091919,19.726667,18.700001
0.092320,19.740000,18.713333
0.092721,19.753334,18.686666
0.093123,19.726667,18.706667
0.093524,19.753334,18.759998
0.093926,19.766666,18.746666
0.094327,19.740000,18.733332
0.094728,19.693333,18.706667
0.095129,19.806665,18.733332
0.095531,19.673332,18.713333
0.095932,19.766666,18.759998
0.096334,19.820000,18.746666
0.096736,19.793333,18.773333
0.097137,19.760000,18.726665
0.097538,19.760000,18.746666
0.097939,19.766666,18.753332
0.098341,19.786665,18.766666
0.098743,19.786665,18.786667
0.099145,19.919998,18.766666
0.099546,19.786665,18.779999
0.099947,19.773333,18.766666
0.100348,19.786665,18.733332
0.100750,19.760000,18.639999
0.101151,19.793333,18.786667
0.101552,19.773333,18.753332
0.101954,19.820000,18.786667
0.102355,19.799999,18.766666
0.102756,19.786665,18.766666
0.103157,19.793333,18.766666
0.103558,19.786665,18.766666
0.103959,19.799999,18.759998
0.104361,19.806665,18.766666
0.104762,19.813332,18.779999
0.105163,19.806665,18.799999
0.105565,19.833332,18.706667
0.105967,19.959999,18.773333
0.106368,19.853333,18.840000
0.106769,19.833332,18.786667
0.107170,19.746666,18.799999
0.107571,19.820000,18.753332
0.107972,19.826666,18.879999
0.108375,19.799999,18.813334
0.108777,19.813332,18.820000
0.109179,19.846666,18.779999
0.109580,19.786665,18.779999
0.109981,19.820000,18.813334
0.110382,19.833332,18.799999
0.110784,19.840000,18.779999
0.111185,19.833332,18.799999
0.111587,19.813332,18.859999
0.111988,19.773333,18.986666
0.112389,19.846666,18.773333
0.112790,19.826666,18.733332
0.113191,19.860001,18.813334
0.113592,19.740000,18.680000
0.113993,19.860001,18.773333
0.114395,19.840000,18.799999
0.114796,19.779999,18.813334
0.115197,19.840000,18.859999
0.115598,19.833332,18.833334
0.115999,19.840000,18.840000
0.116402,19.840000,18.793333
0.116804,19.833332,18.793333
0.117205,19.593332,18.813334
0.117606,19.860001,18.793333
0.118007,19.866667,18.793333
0.118409,19.840000,18.820000
0.118811,19.833332,18.806667
0.119213,19.840000,18.806667
0.119614,19.853333,18.813334
0.120016,19.866667,18.806667
0.120417,19.820000,18.793333
0.120819,19.826666,18.799999
0.121221,19.820000,18.833334
0.121623,19.833332,18.779999
0.122024,19.840000,18.793333
0.122425,19.840000,18.893333
0.122826,19.886667,18.539999
0.123227,19.833332,18.726665
0.123628,19.760000,18.840000
0.124030,19.713333,18.779999
0.124431,19.820000,18.779999
0.124832,19.820000,18.786667
0.125234,19.833332,18.799999
0.125635,19.806665,18.766666
0.126037,19.813332,18.766666
0.126438,19.826666,18.773333
0.126839,19.813332,18.786667
0.127240,19.866667,18.859999
0.127642,19.820000,18.806667
0.128043,19.806665,18.766666
0.128445,19.826666,18.786667
0.128846,19.826666,18.820000
0.129247,19.806665,18.753332
0.129649,19.799999,18.733332
0.130050,19.826666,18.806667
0.130452,19.786665,18.493332
0.130853,19.773333,18.753332
0.131254,19.773333,18.766666
0.131655,19.606667,18.759998
0.132057,19.753334,18.766666
0.132458,19.793333,18.799999
0.132860,19.799999,18.746666
0.133261,19.793333,18.726665
0.133663,19.786665,18.773333
0.134065,19.779999,18.766666
0.134466,19.760000,18.753332
0.134867,19.826666,18.759998
0.135268,19.806665,18.719999
0.135670,19.779999,18.713333
0.136071,19.773333,18.746666
0.136472,19.753334,18.759998
0.136874,19.786665,18.753332
0.137275,19.993334,18.779999
0.137676,19.760000,18.686666
0.138078,19.740000,18.653334
0.138479,19.746666,18.719999
0.138881,19.740000,18.733332
0.139283,19.740000,18.719999
0.139684,19.760000,18.799999
0.140086,19.726667,18.719999
0.140488,19.666666,18.686666
0.140890,19.740000,18.706667
0.141291,19.786665,18.686666
0.141692,19.699999,18.766666
0.142093,19.699999,18.719999
0.142495,19.726667,18.706667
0.142896,19.719999,18.686666
0.143297,19.719999,18.639999
0.143698,19.726667,18.713333
0.144099,19.719999,18.759998
0.144501,19.699999,18.719999
0.144903,19.686666,18.693333
0.145304,19.606667,18.653334
0.145705,19.726667,18.646666
0.146106,19.626667,18.646666
0.146508,19.740000,18.646666
0.146909,19.659998,18.626665
0.147310,19.686666,18.646666
0.147711,19.646666,18.639999
0.148112,19.673332,18.653334
0.148514,19.653332,18.586666
0.148915,19.653332,18.593332
0.149317,19.666666,18.626665
0.149718,19.620001,18.639999
0.150119,19.639999,18.613333
0.150521,19.646666,18.646666
0.150922,19.633333,18.613333
0.151323,19.626667,18.646666
0.151725,19.593332,18.619999
0.152127,19.620001,18.586666
0.152528,19.620001,18.606665
0.152929,19.593332,18.559999
0.153330,19.633333,18.539999
0.153732,19.620001,18.506666
0.154133,19.600000,18.586666
0.154535,19.580000,18.526667
0.154937,19.600000,18.573334
0.155339,19.566666,18.593332
0.155740,19.600000,18.559999
0.156141,19.546665,18.539999
0.156543,19.566666,18.539999
0.156944,19.553333,18.613333
0.157345,19.500000,18.586666
0.157746,19.546665,18.580000
0.158147,19.546665,18.420000
0.158549,19.539999,18.526667
0.158950,19.480000,18.526667
0.159351,19.473333,18.520000
0.159752,19.480000,18.520000
0.160153,19.473333,18.506666
0.160554,19.420000,18.480000
0.160956,19.500000,18.486666
0.161357,19.453333,18.486666
0.161758,19.473333,18.486666
0.162159,19.453333,18.393333
0.162561,19.439999,18.459999
0.162962,19.439999,18.453333
0.163363,19.433332,18.413334
0.163764,19.433332,18.440001
0.164165,19.326666,18.459999
0.164567,19.433332,18.440001
0.164968,19.346666,18.306667
0.165369,19.386665,18.400000
0.165771,19.433332,18.426666
0.166172,19.459999,18.400000
0.166573,19.373333,18.379999
0.166974,19.386665,18.400000
0.167375,19.373333,18.379999
0.167777,19.366667,18.413334
0.168178,19.353334,18.359999
0.168579,19.340000,18.359999
0.168980,19.366667,18.400000
0.169382,19.333334,18.346666
0.169784,19.379999,18.359999
0.170185,19.333334,18.400000
0.170587,19.306665,18.346666
0.170989,19.279999,18.286667
0.171390,19.320000,18.299999
0.171791,19.293333,18.286667
0.172192,19.253332,18.299999
0.172593,19.286665,18.333332
0.172994,19.293333,18.326666
0.173396,19.240000,18.400000
0.173797,19.219999,18.206665
0.174198,19.266666,18.346666
0.174599,19.219999,18.206665
0.175000,19.219999,18.213333
0.175402,19.226667,18.693333
0.175803,19.206667,18.233332
0.176204,19.233334,18.240000
0.176605,19.259998,18.260000
0.177006,19.206667,18.226665
0.177407,19.166666,18.206665
0.177808,19.133331,18.199999
0.178209,19.200001,18.166666
0.178610,19.213333,18.166666
0.179011,19.113333,18.146666
0.179413,19.119999,18.153334
0.179814,19.119999,18.166666
0.180215,19.139999,18.160000
0.180616,19.073334,18.139999
0.181017,19.106667,18.126667
0.181418,19.019999,18.133333
0.181820,19.106667,18.106667
0.182222,19.059999,18.126667
0.182623,19.113333,18.086666
0.183024,19.086666,18.099998
0.183425,19.059999,18.113333
0.183826,19.046667,18.086666
0.184228,19.019999,18.046667
0.184629,19.006666,18.059999
0.185031,18.946667,18.040001
0.185432,18.993332,18.033333
0.185833,18.993332,18.006666
0.186234,19.013332,18.053333
0.186635,18.973333,18.006666
0.187036,18.980000,18.020000
0.187437,18.940001,17.993332
0.187838,18.893333,17.973333
0.188239,18.900000,17.973333
0.188640,18.920000,18.000000
0.189042,18.886665,17.926666
0.189443,18.906666,17.966665
0.189844,18.879999,17.913334
0.190245,18.866665,17.953333
0.190646,18.853333,17.939999
0.191047,18.900000,17.900000
0.191449,18.840000,17.886667
0.191851,18.826666,18.000000
0.192252,18.833334,17.886667
0.192653,18.779999,17.859999
0.193055,18.686666,17.866667
0.193456,18.759998,17.879999
0.193857,18.773333,17.840000
0.194258,18.773333,17.859999
0.194660,18.753332,17.820000
0.195061,18.753332,17.813332
0.195463,18.746666,17.813332
0.195864,18.713333,17.813332
0.196266,18.680000,17.760000
0.196668,18.686666,17.746666
0.197069,18.666666,17.820000
0.197471,18.693333,17.746666
0.197873,18.646666,17.633333
0.198274,18.606665,17.719999
0.198675,18.593332,17.760000
0.199077,18.633333,17.726665
0.199478,18.633333,17.693333
0.199879,18.606665,17.673332
0.200281,18.580000,17.673332
0.200682,18.599998,17.686666
0.201083,18.586666,17.653334
0.201484,18.559999,17.653334
0.201885,18.546667,17.673332
0.202286,18.599998,17.626667
0.202687,18.533333,17.613333
0.203089,18.506666,17.619999
0.203490,18.513332,17.613333
0.203892,18.459999,17.586666
0.204293,18.506666,17.539999
0.204695,18.466665,17.539999
0.205096,18.433334,17.539999
0.205497,18.433334,17.526667
0.205898,18.466665,17.533333
0.206299,18.339998,17.486666
0.206700,18.393333,17.473333
0.207101,18.326666,17.533333
0.207503,18.480000,17.473333
0.207904,18.366667,17.400000
0.208306,18.366667,17.433332
0.208708,18.353333,17.419998
0.209109,18.353333,17.406666
0.209511,18.339998,17.419998
0.209912,18.333332,17.386667
0.210313,18.280001,17.380001
0.210714,18.299999,17.360001
0.211116,18.293333,17.293333
0.211518,18.240000,17.346666
0.211919,18.253332,17.360001
0.212321,18.253332,17.340000
0.212722,18.253332,17.353333
0.213124,18.233332,17.279999
0.213526,18.219999,17.279999
0.213927,18.166666,17.240000
0.214329,18.206665,17.266666
0.214730,18.199999,17.273333
0.215132,18.086666,17.253334
0.215534,18.139999,17.266666
0.215935,18.146666,17.313332
0.216336,18.086666,17.199999
0.216737,18.119999,17.199999
0.217138,18.086666,17.179998
0.217539,18.079998,17.166666
0.217940,18.059999,17.173332
0.218341,18.066666,17.179998
0.218743,18.033333,17.106667
0.219145,17.993332,17.113333
0.219546,18.013332,17.133333
0.219947,17.939999,17.039999
0.220348,17.993332,17.093332
0.220749,17.980000,17.066666
0.221151,18.013332,17.206667
0.221553,17.920000,17.013332
0.221954,17.933332,17.033333
0.222356,17.926666,17.026665
0.222757,17.926666,16.980000
0.223159,17.926666,16.966667
0.223560,17.859999,16.959999
0.223961,17.793333,16.980000
0.224362,17.833332,16.933332
0.224763,17.853333,16.926666
0.225164,17.780001,16.926666
0.225565,17.806665,16.906666
0.225966,17.813332,16.926666
0.226368,17.773333,16.906666
0.226770,17.760000,16.913332
0.227171,17.726665,16.879999
0.227572,17.733334,16.853334
0.227973,17.740000,16.873333
0.228374,17.713333,16.853334
0.228775,17.706665,16.853334
0.229176,17.706665,16.786665
0.229578,17.666666,16.613333
0.229980,17.673332,16.786665
0.230381,17.646667,16.733334
0.230783,17.666666,16.740000
0.231184,17.573332,16.733334
0.231585,17.559999,16.700001
0.231986,17.506666,16.686666
0.232387,17.533333,16.733334
0.232788,17.500000,16.706667
0.233189,17.513334,16.646666
0.233590,17.493334,16.706667
0.233991,17.433332,16.626665
0.234395,17.473333,16.619999
0.234796,17.459999,16.673332
0.235198,17.466665,16.619999
0.235599,17.433332,16.559999
0.236000,17.393333,16.526667
0.236402,17.386667,16.513332
0.236804,17.366667,16.499998
0.237206,17.320000,16.526667
0.237607,17.373333,16.499998
0.238008,17.340000,16.526667
0.238409,17.326666,16.453333
0.238811,17.286665,16.406666
0.239213,17.286665,16.526667
0.239614,17.286665,16.413332
0.240016,17.273333,16.400000
0.240417,17.273333,16.406666
0.240818,17.219999,16.373333
0.241219,17.206667,16.279999
0.241620,17.186666,16.359999
0.242021,17.186666,16.286667
0.242422,17.179998,16.279999
0.242824,17.166666,16.273333
0.243225,17.139999,16.266666
0.243626,17.093332,16.200001
0.244027,17.100000,16.219999
0.244429,17.059999,16.213333
0.244831,17.073334,16.099998
0.245233,17.000000,16.126665
0.245634,17.026665,16.113333
0.246035,17.006666,16.080000
0.246436,16.953333,16.160000
0.246837,16.986668,16.106665
0.247238,16.953333,16.039999
0.247639,16.913332,16.093332
0.248040,16.926666,16.106665
0.248442,16.926666,16.039999
0.248845,16.906666,16.020000
0.249246,16.873333,16.006666
0.249648,16.913332,15.973332
0.250049,16.866667,15.926666
0.250450,16.846666,15.920000
0.250852,16.853334,15.920000
0.251253,16.813334,15.913334
0.251654,16.820000,15.913334
0.252055,16.799999,15.893333
0.252456,16.766666,15.920000
0.252858,16.746666,15.760000
0.253260,16.746666,15.826667
0.253661,16.733334,15.826667
0.254063,16.719999,15.780001
0.254464,16.686666,15.746666
0.254866,16.693333,15.740000
0.255268,16.646666,15.746666
0.255669,16.686666,15.633333
0.256071,16.653332,15.666666
0.256472,16.619999,15.666666
0.256875,16.566666,15.733333
0.257276,16.773333,15.626667
0.257677,16.593334,15.566667
0.258078,16.519999,15.686666
0.258479,16.506666,15.579999
0.258881,16.466667,15.566667
0.259282,16.440001,15.520000
0.259683,16.453333,15.520000
0.260084,16.440001,15.513332
0.260485,16.400000,15.486666
0.260886,16.393333,15.486666
0.261287,16.366665,15.406667
0.261689,16.313334,15.393333
0.262090,16.279999,15.393333
0.262491,16.273333,15.440000
0.262892,16.226665,15.333333
0.263293,16.200001,15.306666
0.263694,16.240000,15.333333
0.264095,16.240000,15.340000
0.264497,16.306667,15.300000
0.264900,16.226665,15.293332
0.265302,16.139999,15.313333
0.265704,16.139999,15.233334
0.266106,16.106665,15.293332
0.266508,16.093332,15.173333
0.266909,16.073334,15.206666
0.267311,16.053333,15.186667
0.267713,16.020000,15.139999
0.268114,16.000000,15.126667
0.268515,15.986667,15.106667
0.268917,15.953332,15.086666
0.269318,15.926666,15.080000
0.269721,15.920000,14.953333
0.270122,15.886665,14.953333
0.270523,15.879999,14.953333
0.270924,15.913334,14.953333
0.271326,15.853333,14.953333
0.271728,15.813333,14.873333
0.272130,15.793333,14.906667
0.272531,15.760000,14.873333
0.272933,15.920000,14.866667
0.273334,15.726666,14.719999
0.273736,15.693334,14.786666
0.274137,15.679999,14.846666
0.274538,15.653334,14.786666
0.274939,15.633333,14.906667
0.275341,15.599999,14.766665
0.275743,15.573333,14.726667
0.276144,15.546666,14.693333
0.276545,15.566667,14.693333
0.276946,15.520000,14.679999
0.277348,15.526667,14.573334
0.277749,15.500000,14.666667
0.278150,15.473333,14.633332
0.278551,15.460000,14.533334
0.278953,15.419999,14.746666
0.279355,15.400000,14.546666
0.279757,15.400000,14.520000
0.280158,15.393333,14.533334
0.280559,15.373333,14.446667
0.280961,15.233334,14.446667
0.281362,15.300000,14.400001
0.281764,15.253334,14.426666
0.282166,15.246666,14.420000
0.282569,15.246666,14.380000
0.282971,15.213333,14.346666
0.283372,15.186667,14.526666
0.283773,15.179999,14.340000
0.284174,15.146667,14.293333
0.284575,15.146667,14.273334
0.284976,15.093332,14.360000
0.285377,15.033334,14.253333
0.285778,14.940000,14.233333
0.286179,14.953333,14.113334
0.286581,14.926667,14.173332
0.286984,14.953333,14.133332
0.287385,14.953333,14.133332
0.287786,14.953333,14.140000
0.288187,14.913333,14.173332
0.288588,14.899999,14.086666
0.288989,14.866667,14.053333
0.289395,14.793334,14.053333
0.289796,14.806666,13.933332
0.290199,14.826666,13.986667
0.290600,14.659999,13.933332
0.291002,14.753333,13.893333
0.291403,14.733334,13.926666
0.291804,14.699999,13.920000
0.292205,14.806666,13.873334
0.292606,14.653333,13.846665
0.293009,14.653333,13.833333
0.293410,14.600000,13.813334
0.293811,14.586666,13.820000
0.294213,14.566666,13.786667
0.294614,14.546666,13.773333
0.295016,14.526666,13.880000
0.295417,14.566666,13.740001
0.295818,14.493333,13.746667
0.296219,14.393332,13.653334
0.296620,14.386666,13.586667
0.297021,14.400001,13.646666
0.297423,14.366666,13.466666
0.297824,14.366666,13.559999
0.298225,14.400001,13.559999
0.298626,14.420000,13.533333
0.299027,14.186666,13.440000
0.299429,14.280000,13.440000
0.299830,14.313334,13.473332
0.300231,14.246667,13.500000
0.300632,14.280000,13.453332
0.301033,14.180000,13.420000
0.301435,14.173332,13.393333
0.301836,14.140000,13.379999
0.302237,14.099999,13.326666
0.302639,14.106666,13.379999
0.303040,14.066666,13.246666
0.303442,14.013333,13.280000
0.303843,13.973332,13.233334
0.304245,14.033333,13.353333
0.304646,14.020000,13.226666
0.305047,13.946667,13.200000
0.305449,13.933332,13.193333
0.305850,13.920000,13.366667
0.306251,13.913332,13.193333
0.306652,13.846665,13.133333
0.307053,13.940001,13.113333
0.307455,13.873334,13.059999
0.307856,13.833333,13.106667
0.308258,13.786667,13.026667
0.308664,13.726666,13.000000
0.309066,13.740001,13.006666
0.309468,13.720000,12.960000
0.309870,13.693333,12.946667
0.310271,13.639999,12.933333
0.310672,13.666666,12.933333
0.311074,13.633333,12.946667
0.311476,13.586667,12.913333
0.311877,13.553333,12.766666
0.312278,13.506666,12.780000
0.312680,13.599999,12.766666
0.313081,13.706666,12.766666
0.313483,13.460000,12.733333
0.313884,13.426666,12.733333
0.314286,13.513332,12.693334
0.314688,13.339999,12.679999
0.315089,13.360000,12.646667
0.315490,13.379999,12.620000
0.315892,13.333333,12.606667
0.316293,13.379999,12.599999
0.316695,13.273334,12.553333
0.317097,13.259999,12.520000
0.317498,13.226666,12.506667
0.317899,13.193333,12.493333
0.318301,13.193333,12.493333
0.318702,13.153334,12.480000
0.319103,13.113333,12.426666
0.319504,13.106667,12.426666
0.319907,13.106667,12.306666
0.320308,13.053332,12.339999
0.320709,13.026667,12.339999
0.321110,13.040000,12.273333
0.321511,12.993333,12.273333
0.321914,12.960000,12.193333
0.322315,12.940000,12.246667
0.322716,12.866666,12.086666
0.323117,13.073333,12.213333
0.323518,12.933333,12.139999
0.323919,13.000000,12.133333
0.324321,12.833333,12.139999
0.324723,12.773334,12.213333
0.325124,12.746666,12.066666
0.325525,12.766666,12.073333
0.325927,12.740000,12.033333
0.326329,12.700000,11.980000
0.326730,12.700000,12.086666
0.327131,12.653333,11.980000
0.327533,12.660000,11.946667
0.327936,12.606667,11.953333
0.328339,12.586666,11.860000
0.328740,12.580000,11.866666
0.329141,12.580000,11.806666
0.329542,12.580000,11.846666
0.329943,12.486667,11.793333
0.330345,12.486667,11.760000
0.330746,12.446667,11.780000
0.331147,12.420000,11.726666
0.331549,12.393332,11.780000
0.331950,12.360000,11.686666
0.332351,12.333333,11.686666
0.332753,12.333333,11.793333
0.333154,12.280000,11.626666
0.333555,12.273333,11.580000
0.333957,12.246667,11.539999
0.334358,12.246667,11.539999
0.334760,12.213333,11.513333
0.335161,12.139999,11.466666
0.335563,12.166667,11.480000
0.335964,12.146667,11.420000
0.336365,12.066666,11.420000
0.336766,12.139999,11.373333
0.337169,12.033333,11.373333
0.337570,11.980000,11.360000
0.337972,11.980000,11.339999
0.338374,11.926666,11.273333
0.338776,11.933332,11.099999
0.339177,11.893333,11.246667
0.339579,11.879999,11.186666
0.339980,11.860000,11.206666
0.340382,11.933332,11.186666
0.340783,11.806666,11.166666
0.341186,11.793333,11.200000
0.341587,11.726666,11.099999
0.341988,11.726666,11.113334
0.342390,11.720000,11.079999
0.342792,11.660000,11.053333
0.343193,11.693333,11.020000
0.343594,11.640000,11.013332
0.343995,11.586667,10.980000
0.344396,11.553333,10.960000
0.344798,11.546666,10.926667
0.345200,11.393333,10.933333
0.345602,11.500000,10.746666
0.346003,11.406666,10.846666
0.346404,11.486667,10.826666
0.346807,11.586667,10.806666
0.347208,11.413333,10.813333
0.347610,11.366667,11.046666
0.348011,11.413333,10.766666
0.348412,11.380000,10.806666
0.348813,11.313334,10.773334
0.349214,11.286666,10.626666
0.349615,11.266666,10.700000
0.350016,11.233333,10.646667
0.350417,11.200000,10.586667
0.350818,11.233333,10.566667
0.351219,11.120000,10.566667
0.351621,11.153333,10.533334
0.352022,11.093333,10.493333
0.352423,11.093333,10.533334
0.352824,11.046666,10.480000
0.353225,11.040000,10.440000
0.353626,10.980000,10.413333
0.354029,10.980000,10.386666
0.354430,11.006666,10.320000
0.354831,10.900000,10.266666
0.355232,10.906667,10.320000
0.355633,10.793333,10.299999
0.356034,10.906667,10.260000
0.356436,10.840000,10.286666
0.356837,10.813333,10.206667
0.357239,10.753333,10.200000
0.357641,10.780000,10.166666
0.358044,10.700000,10.140000
0.358445,10.713333,10.126667
0.358848,10.673333,10.106667
0.359249,10.673333,10.126667
0.359651,10.639999,10.046666
0.360052,10.566667,10.073334
0.360454,10.500000,9.980000
0.360856,10.566667,9.980000
0.361257,10.533334,9.959999
0.361662,10.500000,9.920000
0.362063,10.540000,9.920000
0.362464,10.486666,9.940001
0.362865,10.453333,9.893332
0.363267,10.400000,9.833333
0.363669,10.440000,9.839999
0.364070,10.393333,9.800000
0.364472,10.326667,9.759999
0.364873,10.206667,9.786667
0.365274,10.273334,9.793333
0.365675,10.286666,9.713333
0.366077,10.233333,9.706666
0.366478,10.200000,9.893332
0.366880,10.193334,9.646667
0.367282,10.386666,9.613334
0.367683,10.140000,9.613334
0.368084,10.140000,9.600000
0.368485,10.113333,9.526667
0.368888,10.093333,9.540000
0.369289,10.080000,9.513333
0.369691,10.020000,9.466666
0.370092,10.013333,9.346666
0.370493,9.866667,9.293333
0.370894,9.946667,9.346666
0.371296,9.940001,9.346666
0.371697,9.893332,9.340000
0.372098,9.880000,9.326667
0.372499,9.793333,9.280000
0.372901,9.806666,9.266666
0.373303,9.713333,9.320000
0.373704,9.753333,9.160000
0.374105,9.773333,9.179999
0.374507,9.726666,9.153334
0.374908,9.686666,9.226666
0.375309,9.666667,9.120000
0.375710,9.693333,9.093333
0.376111,9.646667,9.093333
0.376513,9.573333,9.033333
0.376914,9.573333,9.020000
0.377316,9.546667,8.993333
0.377717,9.513333,8.973332
0.378118,9.400000,8.953334
0.378519,9.473333,8.946667
0.378922,9.400000,8.973332
0.379324,9.373333,8.886666
0.379726,9.333333,8.866667
0.380127,9.413333,9.013333
0.380528,9.313333,8.806666
0.380929,9.306666,8.719999
0.381330,9.226666,8.706666
0.381732,9.213333,8.740000
0.382133,9.206667,8.793333
0.382535,9.193333,8.639999
0.382937,9.093333,8.706666
0.383338,9.133333,8.626667
0.383739,9.113333,8.633333
0.384140,9.093333,8.606667
0.384542,9.093333,8.593333
0.384943,9.066667,8.566667
0.385344,9.006666,8.546666
0.385745,8.973332,8.513332
0.386146,8.973332,8.493334
0.386547,8.866667,8.426667
0.386948,8.900000,8.666666
0.387349,8.873333,8.386666
0.387750,8.873333,8.379999
0.388152,8.846666,8.366667
0.388553,8.820000,8.373333
0.388954,8.706666,8.333333
0.389355,8.753333,8.306666
0.389756,8.760000,8.240000
0.390157,8.713333,8.213333
0.390558,8.680000,8.213333
0.390959,8.633333,8.179999
0.391360,8.660000,8.179999
0.391761,8.599999,7.953333
0.392163,8.613334,8.120000
0.392565,8.566667,8.080000
0.392966,8.533333,8.100000
0.393367,8.526667,8.066667
0.393768,8.526667,8.040000
0.394171,8.460000,8.033334
0.394572,8.460000,7.726667
0.394973,8.400000,7.900000
0.395375,8.393332,7.953333
0.395776,8.379999,7.940000
0.396179,8.353333,7.880000
0.396580,8.293333,7.940000
0.396981,8.293333,7.853333
0.397382,8.286667,7.833333
0.397784,8.193333,7.806666
0.398185,8.220000,7.780000
0.398587,8.213333,7.753333
0.398988,8.233334,7.720000
0.399390,8.240000,7.686666
0.399791,8.133333,7.746666
0.400192,8.073333,7.660000
0.400593,8.059999,7.640000
0.400994,7.993333,7.600000
0.401396,8.013333,7.566667
0.401799,8.006666,7.606667
0.402200,7.966667,7.573333
0.402601,7.940000,7.546666
0.403002,7.920000,7.513333
0.403403,7.926667,7.513333
0.403806,7.866666,7.480000
0.404207,7.860000,7.400000
0.404608,7.846667,7.353333
0.405010,7.800000,7.400000
0.405411,7.733333,7.380000
0.405812,7.706666,7.340000
0.406213,7.746666,7.320000
0.406614,7.679999,7.260000
0.407016,7.713333,7.293333
0.407417,7.660000,7.180000
0.407818,7.600000,7.293333
0.408220,7.666667,7.180000
0.408621,7.573333,7.166667
0.409023,7.546666,7.166667
0.409424,7.520000,7.113333
0.409825,7.446666,7.100000
0.410228,7.480000,7.073333
0.410629,7.500000,7.046667
0.411031,7.473333,7.046667
0.411432,7.353333,6.986666
0.411833,7.400000,6.986666
0.412234,7.360000,6.940000
0.412635,7.333333,6.926667
0.413037,7.313333,6.986666
0.413438,7.260000,6.926667
0.413839,7.266667,6.893333
0.414241,7.213333,6.840000
0.414643,7.226666,6.786666
0.415044,7.206666,6.773334
0.415446,7.126667,6.853333
0.415847,7.073333,6.766666
0.416248,7.233334,6.766666
0.416650,7.093333,6.680000
0.417051,7.086666,6.680000
0.417452,7.040000,6.513333
0.417853,7.013333,6.660000
0.418255,6.986666,6.640000
0.418657,6.986666,6.593333
0.419058,6.986666,6.546667
0.419459,6.900000,6.500000
0.419860,6.900000,6.513333
0.420261,6.913333,6.466667
0.420662,6.866666,6.466667
0.421064,6.833333,6.466667
0.421465,6.833333,6.360000
0.421867,6.806667,6.346667
0.422268,6.780000,6.373333
0.422669,6.746666,6.360000
0.423070,6.620000,6.313334
0.423471,6.720000,6.286667
0.423872,6.680000,6.293333
0.424273,6.666667,6.240000
0.424674,6.580000,6.260000
0.425075,6.620000,6.220000
0.425477,6.573333,6.226666
0.425878,6.533333,6.100000
0.426280,6.486667,6.133333
0.426682,6.453333,6.120000
0.427083,6.306666,6.126667
0.427484,6.446667,6.060000
0.427887,6.366666,6.013333
0.428288,6.386667,6.026667
0.428690,6.353333,6.013333
0.429093,6.340000,6.006667
0.429495,6.313334,5.946667
0.429897,6.313334,5.926667
0.430298,6.273333,5.926667
0.430700,6.253334,5.906666
0.431101,6.246666,5.853333
0.431503,6.226666,5.913333
0.431904,6.180000,5.813333
0.432306,6.246666,5.880000
0.432707,6.126667,5.793334
0.433108,6.140000,5.760000
0.433510,6.086667,5.760000
0.433911,6.060000,5.726667
0.434312,6.060000,5.700000
0.434713,6.020000,5.693333
0.435114,5.993333,5.653333
0.435518,5.966666,5.620000
0.435919,5.980000,5.606667
0.436320,5.926667,5.613333
0.436722,5.913333,5.600000
0.437123,5.866666,5.580000
0.437524,5.860000,5.586667
0.437925,5.806666,5.580000
0.438327,5.826667,5.486667
0.438729,5.760000,5.413333
0.439130,5.800000,5.446666
0.439531,5.733333,5.426667
0.439933,5.706666,5.426667
0.440334,5.720000,5.406666
0.440735,5.713333,5.346666
0.441136,5.660000,5.326667
0.441538,5.513333,5.306666
0.441939,5.593333,5.313333
0.442341,5.573333,5.273333
0.442742,5.566667,5.266667
0.443143,5.566667,5.186666
0.443544,5.533333,5.240000
0.443945,5.506666,5.240000
0.444347,5.486667,5.180000
0.444748,5.433333,5.160000
0.445151,5.386667,5.160000
0.445552,5.420000,5.146667
0.445954,5.406666,5.060000
0.446355,5.373333,5.093333
0.446756,5.373333,5.060000
0.447158,5.353333,5.026667
0.447560,5.333333,4.993333
0.447962,5.253333,5.013333
0.448364,5.293334,4.900000
0.448766,5.260000,4.960000
0.449167,5.266667,4.920000
0.449569,5.146667,4.893333
0.449972,5.153333,4.893333
0.450373,5.153333,4.840000
0.450774,5.126667,4.866667
0.451175,5.093333,4.846666
0.451577,5.080000,4.746666
0.451978,5.073333,4.766666
0.452380,5.033333,4.773334
0.452781,5.040000,4.753333
0.453183,5.006667,4.746666
0.453585,4.973333,4.713333
0.453986,5.020000,4.640000
0.454388,4.906667,4.680000
0.454789,4.953333,4.713333
0.455190,4.906667,4.606667
0.455592,4.873333,4.613333
0.455993,4.853333,4.566667
0.456395,4.760000,4.573333
0.456796,4.740000,4.566667
0.457197,4.893333,4.520000
0.457599,4.853333,4.506667
0.458001,4.760000,4.493333
0.458402,4.733333,4.486666
0.458803,4.700000,4.446667
0.459204,4.686666,4.460000
0.459606,4.653333,4.386666
0.460009,4.620000,4.366666
0.460410,4.633333,4.360000
0.460811,4.586667,4.360000
0.461212,4.573333,4.326666
0.461613,4.560000,4.313334
0.462015,4.573333,4.300000
0.462417,4.506667,4.266666
0.462818,4.566667,4.253333
0.463220,4.533333,4.253333
0.463621,4.446667,4.186666
0.464022,4.413333,4.200000
0.464423,4.393333,4.173333
0.464824,4.366666,4.186666
0.465226,4.366666,4.186666
0.465627,4.380000,4.120000
0.466028,4.340000,4.100000
0.466429,4.340000,4.160000
0.466830,4.313334,4.080000
0.467231,4.266666,4.046667
0.467632,4.233333,4.046667
0.468033,4.226666,4.020000
0.468435,4.213334,4.013333
0.468836,4.200000,3.993333
0.469239,4.180000,3.960000
0.469640,4.153333,3.946667
0.470041,4.146667,3.920000
0.470444,4.213334,3.906667
0.470845,4.106667,3.846667
0.471246,4.120000,3.913333
0.471648,4.073333,3.833333
0.472049,4.046667,3.826667
0.472450,4.046667,3.820000
0.472852,3.993333,3.740000
0.473254,4.000000,3.813334
0.473655,3.853333,3.733333
0.474058,3.973333,3.693333
0.474459,3.933333,3.700000
0.474860,3.900000,3.653333
0.475261,3.886667,3.660000
0.475663,3.866667,3.660000
0.476064,3.833333,3.600000
0.476465,3.846667,3.593333
0.476868,3.920000,3.593333
0.477269,3.820000,3.533333
0.477670,3.773333,3.540000
0.478071,3.726667,3.546667
0.478473,3.753333,3.486667
0.478874,3.746666,3.480000
0.479276,3.626667,3.493333
0.479677,3.660000,3.333333
0.480079,3.660000,3.460000
0.480481,3.626667,3.413333
0.480882,3.573333,3.406667
0.481283,3.560000,3.440000
0.481685,3.520000,3.346666
0.482086,3.560000,3.333333
0.482488,3.540000,3.360000
0.482889,3.586667,3.313333
0.483291,3.480000,3.293333
0.483692,3.460000,3.286667
0.484093,3.453333,3.293333
0.484495,3.426666,3.253333
0.484896,3.406667,3.240000
0.485297,3.393333,3.193333
0.485699,3.393333,3.193333
0.486101,3.346666,3.173333
0.486503,3.340000,3.226667
0.486904,3.313333,3.140000
0.487306,3.306667,3.133333
0.487707,3.300000,3.086667
0.488108,3.293333,3.106667
0.488510,3.260000,3.066667
0.488911,3.233333,3.066667
0.489313,3.213333,3.046667
0.489714,3.153333,3.046667
0.490115,3.246666,3.000000
0.490517,3.126667,2.993333
0.490918,3.140000,2.973333
0.491320,3.153333,2.960000
0.491721,3.106667,2.960000
0.492122,3.120000,2.946667
0.492524,3.080000,2.900000
0.492925,3.046667,2.766667
0.493326,3.020000,2.886667
0.493727,3.033333,2.700000
0.494129,3.026667,2.840000
0.494531,2.966666,2.840000
0.494932,2.980000,2.813333
0.495334,2.940000,2.786667
0.495736,2.980000,2.753333
0.496137,2.940000,2.793333
0.496538,2.920000,2.760000
0.496939,2.906667,2.773333
0.497341,2.866667,2.713333
0.497742,2.853333,2.693333
0.498145,2.773333,2.733333
0.498547,2.813333,2.673333
0.498948,2.786667,2.660000
0.499350,2.786667,2.560000
0.499751,2.773333,2.613333
0.500154,2.720000,2.640000
0.500556,2.760000,2.613333
0.500957,2.706666,2.580000
0.501358,2.740000,2.533333
0.501759,2.700000,2.613333
0.502160,2.706666,2.520000
0.502562,2.666667,2.453333
0.502963,2.640000,2.746667
0.503364,2.573333,2.460000
0.503765,2.613333,2.460000
0.504166,2.593333,2.440000
0.504568,2.620000,2.446667
0.504969,2.580000,2.420000
0.505371,2.540000,2.300000
0.505773,2.506666,2.400000
0.506175,2.566667,2.406667
0.506577,2.566667,2.373333
0.506978,2.500000,2.526667
0.507380,2.413333,2.260000
0.507781,2.406667,2.340000
0.508182,2.453333,2.340000
0.508584,2.400000,2.260000
0.508985,2.413333,2.260000
0.509387,2.353333,2.446667
0.509788,2.373333,2.226666
0.510191,2.340000,2.240000
0.510592,2.333333,2.206667
0.510993,2.326667,2.146667
0.511396,2.293333,2.120000
0.511797,2.313333,2.220000
0.512198,2.333333,2.213333
0.512599,2.266667,2.140000
0.513000,2.220000,2.093333
0.513402,2.253333,2.086667
0.513803,2.233333,2.260000
0.514204,2.206667,2.086667
0.514606,2.193333,2.086667
0.515007,2.220000,2.086667
0.515409,2.173333,2.033333
0.515810,2.200000,2.053333
0.516213,2.126667,2.000000
0.516615,2.113333,2.000000
0.517018,2.086667,2.000000
0.517419,2.093333,1.986667
0.517820,2.126667,1.946667
0.518221,2.106667,1.940000
0.518622,2.066667,1.926667
0.519023,2.040000,1.906667
0.519424,2.026667,1.906667
0.519826,1.993333,1.906667
0.520228,1.993333,1.766667
0.520630,1.940000,1.893333
0.521031,2.026667,1.873333
0.521432,1.906667,1.853333
0.521833,2.073333,1.833333
0.522234,1.920000,1.813333
0.522636,1.893333,1.793333
0.523037,1.900000,1.800000
0.523438,1.886667,1.746667
0.523841,1.833333,1.760000
0.524243,1.813333,1.846667
0.524644,1.700000,1.733333
0.525046,1.900000,1.726667
0.525448,1.806667,1.726667
0.525850,1.800000,1.613333
0.526251,1.793333,1.700000
0.526653,1.766667,1.646667
0.527055,1.726667,1.646667
0.527456,1.753333,1.666667
0.527857,1.726667,1.640000
0.528259,1.720000,1.660000
0.528660,1.760000,1.586667
0.529061,1.700000,1.620000
0.529463,1.686667,1.593333
0.529864,1.673333,1.573333
0.530266,1.633333,1.560000
0.530667,1.640000,1.560000
0.531068,1.693333,1.580000
0.531470,1.606667,1.520000
0.531871,1.553333,1.533333
0.532272,1.580000,1.473333
0.532674,1.566667,1.486667
0.533076,1.566667,1.453333
0.533477,1.546667,1.513333
0.533878,1.533333,1.446667
0.534280,1.520000,1.453333
0.534682,1.546667,1.420000
0.535083,1.553333,1.420000
0.535484,1.473333,1.420000
0.535885,1.480000,1.400000
0.536287,1.473333,1.360000
0.536688,1.460000,1.400000
0.537089,1.406667,1.360000
0.537490,1.480000,1.366667
0.537891,1.420000,1.366667
0.538292,1.393333,1.300000
0.538693,1.373333,1.326667
0.539094,1.393333,1.306667
0.539496,1.440000,1.326667
0.539897,1.220000,1.280000
0.540298,1.446667,1.300000
0.540699,1.326667,1.326667
0.541101,1.273333,1.266667
0.541503,1.306667,1.260000
0.541905,1.300000,1.233333
0.542306,1.300000,1.206667
0.542707,1.266667,1.213333
0.543109,1.273333,1.206667
0.543511,1.240000,1.206667
0.543912,1.260000,1.206667
0.544314,1.240000,1.173333
0.544715,1.226667,1.193333
0.545116,1.220000,1.160000
0.545518,1.213333,1.146667
0.545919,1.200000,1.126667
0.546321,1.200000,1.206667
0.546723,1.193333,1.113333
0.547125,1.166667,1.106667
0.547526,1.166667,1.080000
0.547927,1.146667,1.053333
0.548329,1.173333,1.060000
0.548730,1.033333,1.093333
0.549131,1.140000,1.093333
0.549533,1.026667,1.040000
0.549934,1.080000,1.046667
0.550336,1.073333,1.033333
0.550738,1.073333,1.020000
0.551140,1.066667,1.000000
0.551542,1.060000,1.000000
0.551944,1.046667,0.986667
0.552346,1.040000,1.086667
0.552747,1.060000,0.986667
0.553148,1.013333,0.986667
0.553550,0.980000,0.960000
0.553951,0.986667,0.946667
0.554352,0.980000,0.946667
0.554753,0.980000,0.953333
0.555155,0.993333,0.946667
0.555557,0.993333,0.946667
0.555958,1.053333,0.946667
0.556360,0.946667,0.946667
0.556761,0.946667,0.946667
0.557162,0.946667,0.946667
0.557564,0.946667,0.946667
0.557965,0.946667,0.946667
0.558367,0.946667,0.946667
0.558768,0.946667,0.946667
0.559169,0.946667,0.946667
0.559571,1.033333,0.946667
0.559972,0.946667,0.946667
0.560374,0.946667,0.946667
0.560775,0.946667,0.946667
0.561178,0.946667,0.946667
0.561580,0.946667,0.946667
0.561981,0.946667,0.946667
0.562383,0.946667,0.946667
0.562784,0.946667,0.946667
0.563186,0.946667,0.946667
0.563587,0.946667,0.946667
0.563988,0.946667,0.946667
0.564389,0.946667,0.946667
0.564790,0.946667,0.946667
0.565192,0.946667,0.946667
0.565594,0.946667,0.946667
0.565995,0.946667,0.946667
0.566396,0.946667,0.946667
0.566797,0.946667,0.946667
0.567198,0.946667,0.946667
0.567599,0.946667,0.946667
0.568000,0.946667,0.946667
0.568402,0.946667,0.946667
0.568803,0.946667,0.946667
0.569206,0.946667,0.946667
0.569607,0.946667,0.946667
0.570010,0.946667,0.946667
0.570411,0.946667,0.946667
0.570812,0.946667,0.946667
0.571213,0.946667,0.946667
0.571614,0.946667,0.946667
0.572016,0.946667,0.946667
0.572417,0.946667,0.946667
0.572818,0.946667,0.946667
0.573219,0.946667,0.946667
0.573621,0.946667,0.946667
0.574023,0.946667,0.946667
0.574424,0.946667,0.946667
0.574825,0.946667,0.946667
0.575227,0.946667,0.946667
0.575628,0.946667,0.946667
0.576030,0.946667,0.946667
0.576431,0.946667,0.946667
0.576833,0.946667,0.946667
0.577235,0.946667,0.946667
0.577636,0.946667,0.946667
0.578037,0.946667,0.946667
0.578440,0.946667,0.946667
0.578841,0.946667,0.946667
0.579242,0.946667,0.946667
0.579644,0.946667,0.946667
0.580045,0.946667,0.946667
0.580446,0.946667,0.946667
0.580849,0.946667,0.946667
0.581251,0.946667,0.946667
0.581653,0.946667,0.946667
0.582054,0.946667,0.946667
0.582456,0.946667,0.946667
0.582857,0.946667,0.946667
0.583259,0.946667,0.946667
0.583660,0.946667,0.946667
0.584062,0.946667,0.946667
0.584463,0.946667,0.946667
0.584864,0.946667,0.946667
0.585266,0.946667,0.946667
0.585667,0.946667,0.946667
0.586068,0.946667,0.946667
0.586470,0.946667,0.946667
0.586871,0.946667,0.946667
0.587273,0.946667,0.946667
0.587674,0.946667,0.946667
0.588076,0.946667,0.946667
0.588477,0.946667,0.946667
0.588878,0.946667,0.946667
0.589279,0.946667,0.946667
0.589680,0.946667,0.946667
0.590081,0.946667,0.946667
0.590483,0.946667,0.946667
0.590884,0.946667,0.946667
0.591287,0.946667,0.946667
0.591688,0.946667,0.946667
0.592089,0.946667,0.946667
0.592490,0.946667,0.946667
0.592891,0.946667,0.946667
0.593293,0.946667,0.946667
0.593694,0.946667,0.946667
0.594097,0.946667,0.946667
0.594498,0.946667,0.946667
0.594899,0.946667,0.946667
0.595301,0.946667,0.946667
0.595703,0.946667,0.946667
0.596104,0.946667,0.946667
0.596505,0.946667,0.946667
0.596906,0.946667,0.946667
0.597307,0.946667,0.946667
0.597708,0.946667,0.946667
0.598110,0.946667,0.946667
0.598511,0.946667,0.946667
0.598913,0.946667,0.946667
0.599315,0.946667,0.946667
0.599716,0.946667,0.946667
0.600117,0.946667,0.946667
0.600518,0.946667,0.946667
0.600920,0.946667,0.946667
0.601321,0.946667,0.946667
0.601723,0.946667,0.946667
0.602124,0.946667,0.946667
0.602525,0.946667,0.946667
0.602926,0.946667,0.946667
0.603327,0.946667,0.946667
0.603728,0.946667,0.946667
0.604129,0.946667,0.946667
0.604530,0.946667,0.946667
0.604931,0.946667,0.946667
0.605333,0.946667,0.946667
0.605734,0.946667,0.946667
0.606136,0.946667,0.946667
0.606537,0.946667,0.946667
0.606938,0.946667,0.946667
0.607339,0.946667,0.946667
0.607740,0.946667,0.946667
0.608141,0.946667,0.946667
0.608543,0.946667,0.946667
0.608944,0.946667,0.946667
0.609346,0.946667,0.946667
0.609747,0.946667,0.946667
0.610150,0.946667,0.946667
0.610552,0.946667,0.946667
0.610953,0.946667,0.946667
0.611355,0.946667,0.946667
0.611757,0.946667,0.946667
0.612159,0.946667,0.946667
0.612561,0.946667,0.946667
0.612962,0.946667,0.946667
0.613363,0.946667,0.946667
0.613764,0.946667,0.946667
0.614165,0.946667,0.946667
0.614566,0.946667,0.946667
0.614967,0.946667,0.946667
0.615368,0.946667,0.946667
0.615770,0.946667,0.946667
0.616171,0.946667,0.946667
0.616572,0.946667,0.946667
0.616973,0.946667,0.946667
0.617374,0.946667,0.946667
0.617776,0.946667,0.946667
0.618177,0.946667,0.946667
0.618579,0.946667,0.946667
0.618981,0.946667,0.946667
0.619383,0.946667,0.946667
0.619784,0.946667,0.946667
0.620187,0.946667,0.946667
0.620589,0.946667,0.946667
0.620990,0.946667,0.946667
0.621396,0.946667,0.946667
0.621797,0.946667,0.946667
0.622198,0.946667,0.946667
0.622599,0.946667,0.946667
0.623001,0.946667,0.946667
0.623403,0.946667,0.946667
0.623804,0.946667,0.946667
0.624205,0.946667,0.946667
0.624607,0.946667,0.946667
0.625008,0.946667,0.946667
0.625409,0.946667,0.946667
0.625810,0.946667,0.946667
0.626211,0.946667,0.946667
0.626612,0.946667,0.946667
0.627013,0.946667,0.946667
0.627415,0.946667,0.946667
0.627816,0.946667,0.946667
0.628219,0.946667,0.946667
0.628620,0.946667,0.946667
0.629022,0.946667,0.946667
0.629424,0.946667,0.946667
0.629825,0.946667,0.946667
0.630226,0.946667,0.946667
0.630627,0.946667,0.946667
0.631028,0.946667,0.946667
0.631430,0.946667,0.946667
0.631832,0.946667,0.946667
0.632233,0.946667,0.946667
0.632634,0.946667,0.946667
0.633035,0.946667,0.946667
0.633436,0.946667,0.946667
0.633839,0.946667,0.946667
0.634242,0.946667,0.946667
0.634644,0.946667,0.946667
0.635045,0.946667,0.946667
0.635446,0.946667,0.946667
0.635847,0.946667,0.946667
0.636250,0.946667,0.946667
0.636652,0.946667,0.946667
0.637053,0.946667,0.946667
0.637456,0.946667,0.946667
0.637857,0.946667,0.946667
0.638259,0.946667,0.946667
0.638662,0.946667,0.946667
0.639063,0.946667,0.946667
0.639464,0.946667,0.946667
0.639865,0.946667,0.946667
0.640266,0.946667,0.946667
0.640668,0.946667,0.946667
0.641069,0.946667,0.946667
0.641471,0.946667,0.946667
0.641872,0.946667,0.946667
0.642273,0.946667,0.946667
0.642674,0.946667,0.946667
0.643075,0.946667,0.946667
0.643477,0.946667,0.946667
0.643878,0.946667,0.946667
0.644280,0.946667,0.946667
0.644681,0.946667,0.946667
0.645083,0.946667,0.946667
0.645484,0.946667,0.946667
0.645885,0.946667,0.946667
0.646286,0.946667,0.946667
0.646687,0.946667,0.946667
0.647088,0.946667,0.946667
0.647490,0.946667,0.946667
0.647891,0.946667,0.946667
0.648293,0.946667,0.946667
0.648694,0.946667,0.946667
0.649096,0.946667,0.946667
0.649497,0.946667,0.946667
0.649898,0.946667,0.946667
0.650300,0.946667,0.946667
0.650701,0.946667,0.946667
0.651102,0.946667,0.946667
0.651504,0.946667,0.946667
0.651905,0.946667,0.946667
0.652307,0.946667,0.946667
0.652708,0.946667,0.946667
0.653111,0.946667,0.946667
0.653513,0.946667,0.946667
0.653914,0.946667,0.946667
0.654315,0.946667,0.946667
0.654717,0.946667,0.946667
0.655119,0.946667,0.946667
0.655521,0.946667,0.946667
0.655922,0.946667,0.946667
0.656324,0.946667,0.946667
0.656725,0.946667,0.946667
0.657128,0.946667,0.946667
0.657530,0.946667,0.946667
0.657931,0.946667,0.946667
0.658333,0.946667,0.946667
0.658735,0.946667,0.946667
0.659137,0.946667,0.946667
0.659538,0.946667,0.946667
0.659939,0.946667,0.946667
0.660340,0.946667,0.946667
0.660741,0.946667,0.946667
0.661142,0.946667,0.946667
0.661543,0.946667,0.946667
0.661946,0.946667,0.946667
0.662347,0.946667,0.946667
0.662749,0.946667,0.946667
0.663150,0.946667,0.946667
0.663551,0.946667,0.946667
0.663952,0.946667,0.946667
0.664354,0.946667,0.946667
0.664755,0.946667,0.946667
0.665157,0.946667,0.946667
0.665558,0.946667,0.946667
0.665960,0.946667,0.946667
0.666361,0.946667,0.946667
0.666763,0.946667,0.946667
0.667164,0.946667,0.946667
0.667565,0.946667,0.946667
0.667966,0.946667,0.946667
0.668367,0.946667,0.946667
0.668768,0.946667,0.946667
0.669170,0.946667,0.946667
0.669572,0.946667,0.946667
0.669973,0.946667,0.946667
0.670374,0.946667,0.946667
0.670776,0.946667,0.946667
0.671177,0.946667,0.946667
0.671578,0.946667,0.946667
0.671981,0.946667,0.946667
0.672382,0.946667,0.946667
0.672783,0.946667,0.946667
0.673185,0.946667,0.946667
0.673586,0.946667,0.946667
0.673987,0.946667,0.946667
0.674389,0.946667,0.946667
0.674790,0.946667,0.946667
0.675191,0.946667,0.946667
0.675592,0.946667,0.946667
0.675994,0.946667,0.946667
0.676396,0.946667,0.946667
0.676797,0.946667,0.946667
0.677198,0.946667,0.946667
0.677599,0.953333,1.000000
0.678000,0.946667,1.000000
0.678403,0.973333,0.946667
0.678804,1.180000,0.946667
0.679205,0.966667,0.946667
0.679607,0.986667,0.946667
0.680008,0.973333,0.946667
0.680409,0.973333,0.953333
0.680811,1.026667,0.973333
0.681212,1.033333,0.980000
0.681614,1.046667,0.966667
0.682015,1.180000,0.993333
0.682416,1.086667,1.020000
0.682819,1.033333,1.026667
0.683220,1.040000,1.040000
0.683622,1.080000,1.013333
0.684023,1.100000,1.073333
0.684424,1.093333,1.040000
0.684825,1.166667,1.053333
0.685227,1.120000,1.033333
0.685629,1.133333,1.033333
0.686030,1.166667,1.086667
0.686431,1.140000,1.073333
0.686833,1.180000,1.093333
0.687235,1.200000,1.120000
0.687637,1.246667,1.120000
0.688038,1.206667,1.073333
0.688439,1.206667,1.206667
0.688840,1.213333,1.173333
0.689243,1.253333,1.173333
0.689644,1.246667,1.166667
0.690045,1.306667,1.246667
0.690448,1.360000,1.193333
0.690850,1.273333,1.153333
0.691251,1.300000,1.313333
0.691653,1.293333,1.213333
0.692054,1.306667,1.360000
0.692456,1.353333,1.226667
0.692857,1.326667,1.240000
0.693259,1.326667,1.293333
0.693660,1.380000,1.293333
0.694062,1.380000,1.326667
0.694463,1.366667,1.306667
0.694866,1.386667,1.300000
0.695267,1.406667,1.320000
0.695669,1.393333,1.346667
0.696070,1.393333,1.346667
0.696471,1.286667,1.313333
0.696872,1.446667,1.360000
0.697274,1.566667,1.393333
0.697676,1.446667,1.386667
0.698079,1.473333,1.240000
0.698481,1.480000,1.420000
0.698883,1.506667,1.446667
0.699284,1.513333,1.466667
0.699685,1.546667,1.453333
0.700086,1.546667,1.473333
0.700488,1.560000,1.486667
0.700890,1.573333,1.520000
0.701292,1.566667,1.493333
0.701694,1.633333,1.440000
0.702095,1.626667,1.513333
0.702497,1.626667,1.540000
0.702898,1.640000,1.560000
0.703300,1.660000,1.560000
0.703701,1.633333,1.600000
0.704104,1.653333,1.393333
0.704505,1.753333,1.606667
0.704907,1.720000,1.620000
0.705309,1.720000,1.553333
0.705710,1.720000,1.606667
0.706111,1.733333,1.593333
0.706513,1.740000,1.640000
0.706915,1.753333,1.680000
0.707316,1.780000,1.706667
0.707717,1.793333,1.686667
0.708118,1.786667,1.720000
0.708521,1.820000,1.693333
0.708923,1.833333,1.726667
0.709324,1.853333,1.653333
0.709725,1.846667,1.733333
0.710126,1.873333,1.800000
0.710528,1.906667,1.786667
0.710930,1.880000,1.806667
0.711331,1.906667,1.746667
0.711733,1.973333,1.846667
0.712134,1.920000,1.840000
0.712536,1.940000,1.760000
0.712937,1.953333,1.873333
0.713339,1.986667,1.906667
0.713740,2.033333,2.093333
0.714142,2.006667,1.873333
0.714543,1.993333,1.906667
0.714944,1.993333,1.926667
0.715346,2.026667,1.906667
0.715747,2.086667,1.940000
0.716148,2.140000,1.946667
0.716550,2.126667,2.006667
0.716952,2.106667,1.980000
0.717354,2.100000,2.006667
0.717756,2.146667,2.020000
0.718157,2.140000,2.033333
0.718558,2.206667,2.073333
0.718961,2.193333,2.066667
0.719362,2.220000,2.093333
0.719763,2.206667,2.100000
0.720165,2.240000,2.093333
0.720567,2.253333,2.100000
0.720968,2.260000,2.133333
0.721369,2.266667,2.206667
0.721771,2.266667,2.166667
0.722172,2.253333,2.186667
0.722573,2.326667,2.200000
0.722975,2.313333,2.160000
0.723376,2.333333,2.233333
0.723778,2.340000,2.186667
0.724179,2.380000,2.280000
0.724580,2.386667,2.293333
0.724982,2.413333,2.280000
0.725383,2.426666,2.300000
0.725785,2.513333,2.340000
0.726187,2.460000,2.333333
0.726590,2.460000,2.353333
0.726991,2.420000,2.353333
0.727396,2.486667,2.360000
0.727797,2.513333,2.373333
0.728200,2.486667,2.433333
0.728601,2.546667,2.466667
0.729002,2.566667,2.453333
0.729403,2.553333,2.460000
0.729804,2.606667,2.460000
0.730205,2.500000,2.473333
0.730606,2.653333,2.493333
0.731009,2.713333,2.560000
0.731410,2.540000,2.520000
0.731812,2.660000,2.553333
0.732213,2.693333,2.553333
0.732614,2.680000,2.540000
0.733016,2.740000,2.593333
0.733417,2.746667,2.613333
0.733818,2.760000,2.640000
0.734219,2.766667,2.646667
0.734620,2.740000,2.686666
0.735021,2.793333,2.693333
0.735422,2.820000,2.660000
0.735823,2.846667,2.733333
0.736225,2.846667,2.706666
0.736626,2.846667,2.786667
0.737027,2.933333,2.760000
0.737430,2.893333,2.366667
0.737831,2.940000,2.660000
0.738233,3.000000,2.786667
0.738634,2.986667,2.786667
0.739036,2.993333,2.786667
0.739437,2.993333,2.846667
0.739838,3.006667,2.826667
0.740239,3.053333,2.893333
0.740640,3.146667,2.886667
0.741042,3.073333,2.913333
0.741443,3.093333,2.886667
0.741844,3.093333,2.960000
0.742246,2.893333,2.960000
0.742647,3.133333,2.966666
0.743049,3.160000,3.006667
0.743450,3.166667,3.000000
0.743851,3.186666,3.026667
0.744253,3.220000,3.040000
0.744654,3.226667,3.146667
0.745055,3.240000,3.120000
0.745456,3.260000,3.146667
0.745857,3.306667,3.106667
0.746259,3.473333,3.106667
0.746660,3.386667,3.133333
0.747061,3.326667,3.133333
0.747463,3.306667,3.146667
0.747864,3.333333,3.186666
0.748265,3.400000,3.153333
0.748666,3.393333,3.166667
0.749068,3.400000,3.233333
0.749469,3.333333,3.233333
0.749870,3.453333,3.280000
0.750271,3.480000,3.293333
0.750673,3.493333,3.313333
0.751074,3.506667,3.313333
0.751476,3.546667,3.320000
0.751877,3.533333,3.333333
0.752279,3.526666,3.466666
0.752681,3.600000,3.406667
0.753082,3.593333,3.406667
0.753483,3.686666,3.506667
0.753884,3.793333,3.440000
0.754286,3.660000,3.473333
0.754688,3.640000,3.486667
0.755089,3.700000,3.493333
0.755490,3.720000,3.493333
0.755891,3.746666,3.500000
0.756292,3.733333,3.526666
0.756693,3.713333,3.546667
0.757094,3.793333,3.613333
0.757496,3.893333,3.520000
0.757897,3.840000,3.653333
0.758299,3.873333,3.653333
0.758700,3.873333,3.653333
0.759102,3.926666,3.833333
0.759504,3.933333,3.693333
0.759905,3.973333,3.660000
0.760306,3.993333,3.746666
0.760707,3.980000,3.746666
0.761110,4.013333,3.746666
0.761511,4.033333,3.833333
0.761912,4.080000,3.826667
0.762314,4.080000,3.833333
0.762716,4.106667,3.920000
0.763117,4.100000,3.833333
0.763518,4.140000,3.906667
0.763919,4.166667,3.933333
0.764320,4.126667,3.906667
0.764722,4.140000,3.953333
0.765123,4.220000,4.000000
0.765524,4.233333,4.020000
0.765926,4.240000,4.020000
0.766328,4.220000,4.073333
0.766729,4.280000,4.026666
0.767132,4.300000,4.086667
0.767533,4.340000,4.100000
0.767936,4.353333,4.106667
0.768337,4.366666,4.133333
0.768739,4.413333,4.153333
0.769141,4.386666,4.186666
0.769542,4.420000,4.193333
0.769945,4.346667,4.186666
0.770346,4.480000,4.233333
0.770747,4.493333,4.266666
0.771149,4.513333,4.266666
0.771551,4.546667,4.286666
0.771952,4.540000,4.266666
0.772355,4.513333,4.366666
0.772756,4.580000,4.353333
0.773158,4.506667,4.360000
0.773559,4.660000,4.313334
0.773960,4.660000,4.393333
0.774362,4.780000,4.413333
0.774763,4.700000,4.460000
0.775164,4.720000,4.460000
0.775565,4.726666,4.480000
0.775967,4.773334,4.500000
0.776368,4.780000,4.520000
0.776770,4.806667,4.553333
0.777173,4.833333,4.573333
0.777574,4.833333,4.693333
0.777976,4.846666,4.620000
0.778377,4.866667,4.600000
0.778779,4.933333,4.713333
0.779180,4.906667,4.706666
0.779581,4.966667,4.700000
0.779982,4.966667,4.680000
0.780383,5.046667,4.713333
0.780784,4.993333,4.720000
0.781185,4.940000,4.780000
0.781586,5.080000,4.786666
0.781987,5.060000,4.906667
0.782389,5.093333,4.813333
0.782791,5.106667,4.880000
0.783193,5.140000,4.886666
0.783595,5.146667,4.886666
0.783997,5.186666,4.893333
0.784398,5.120000,4.920000
0.784800,5.240000,4.966667
0.785202,5.193333,4.966667
0.785604,5.273333,5.006667
0.786005,5.280000,5.026667
0.786406,5.320000,5.033333
0.786807,5.320000,5.060000
0.787208,5.373333,5.080000
0.787609,5.440000,5.046667
0.788012,5.413333,5.066667
0.788413,5.413333,5.146667
0.788815,5.426667,5.166667
0.789216,5.446666,5.160000
0.789618,5.620000,5.426667
0.790020,5.586667,5.240000
0.790422,5.546667,5.253333
0.790823,5.600000,5.240000
0.791224,5.580000,5.240000
0.791626,5.593333,5.273333
0.792028,5.580000,5.300000
0.792429,5.633333,5.273333
0.792830,5.666667,5.333333
0.793231,5.646667,5.366667
0.793632,5.720000,5.413333
0.794035,5.706666,5.413333
0.794436,5.746666,5.413333
0.794837,5.773333,5.453333
0.795239,5.786666,5.493333
0.795640,5.840000,5.493333
0.796043,5.846666,5.420000
0.796444,5.880000,5.546667
0.796847,5.940000,5.586667
0.797248,5.920000,5.580000
0.797649,5.960000,5.580000
0.798051,5.980000,5.600000
0.798452,5.993333,5.593333
0.798854,6.013333,5.706666
0.799255,6.033333,5.640000
0.799657,6.033333,5.713333
0.800058,6.066667,5.766666
0.800459,6.093333,5.760000
0.800861,6.233333,5.800000
0.801262,6.126667,5.826667
0.801663,6.140000,5.813333
0.802066,6.193333,5.853333
0.802468,6.213333,5.940000
0.802870,6.240000,5.886667
0.803271,6.193333,5.913333
0.803672,6.260000,5.953333
0.804073,6.280000,5.953333
0.804474,6.306666,5.946667
0.804876,6.333333,5.940000
0.805277,6.373333,6.006667
0.805679,6.400000,6.020000
0.806080,6.446667,6.120000
0.806482,6.413333,6.086667
0.806883,6.460000,6.153333
0.807285,6.466667,6.173333
0.807686,6.420000,6.166667
0.808089,6.520000,6.200000
0.808490,6.540000,6.193333
0.808891,6.620000,6.213333
0.809293,6.640000,6.260000
0.809695,6.646667,6.280000
0.810096,6.706667,6.280000
0.810497,6.720000,6.293333
0.810898,6.733333,6.340000
0.811300,6.740000,6.373333
0.811701,6.780000,6.366666
0.812103,6.800000,6.493333
0.812504,6.826667,6.413333
0.812905,6.840000,6.473333
0.813306,6.933333,6.466667
0.813707,6.866666,6.500000
0.814108,6.920000,6.466667
0.814509,6.920000,6.620000
0.814910,6.973333,6.546667
0.815311,7.086666,6.646667
0.815712,7.020000,6.646667
0.816113,7.026667,6.680000
0.816515,7.066666,6.720000
0.816916,7.086666,6.726666
0.817317,7.140000,6.726666
0.817718,7.166667,6.766666
0.818119,7.113333,6.780000
0.818520,7.173333,6.800000
0.818922,7.219999,6.813333
0.819323,7.213333,6.833333
0.819724,7.253334,6.866666
0.820125,7.300000,6.900000
0.820526,7.313333,7.080000
0.820927,7.333333,6.833333
0.821329,7.340000,6.953333
0.821731,7.386667,6.933333
0.822132,7.393333,6.986666
0.822533,7.426666,7.026667
0.822935,7.486667,7.093333
0.823336,7.533333,7.040000
0.823738,7.466667,7.080000
0.824140,7.513333,7.113333
0.824542,7.420000,7.146667
0.824943,7.553333,7.166667
0.825344,7.600000,7.166667
0.825745,7.593334,7.213333
0.826146,7.660000,7.253334
0.826547,7.679999,7.246666
0.826948,7.686666,7.286667
0.827349,7.693334,7.353333
0.827751,7.679999,7.300000
0.828152,7.780000,7.353333
0.828553,7.780000,7.340000
0.828954,7.806666,7.513333
0.829356,7.866666,7.366667
0.829758,7.893333,7.446666
0.830160,7.933333,7.506667
0.830562,7.900000,7.506667
0.830964,7.933333,7.500000
0.831365,7.993333,7.446666
0.831767,7.940000,7.546666
0.832169,8.026667,7.579999
0.832571,8.006666,7.573333
0.832972,7.673333,7.620000
0.833374,8.059999,7.660000
0.833775,8.133333,7.686666
0.834177,8.133333,7.686666
0.834579,8.139999,7.706666
0.834980,8.200000,7.746666
0.835382,8.160000,7.793334
0.835783,8.233334,7.780000
0.836185,8.226666,7.813334
0.836587,8.273334,7.786666
0.836988,8.326666,7.866666
0.837389,8.320000,7.873333
0.837790,8.360000,7.893333
0.838191,8.420000,7.926667
0.838593,8.386666,7.933333
0.838994,8.426667,7.986666
0.839397,8.500000,7.993333
0.839798,8.473333,7.906666
0.840200,8.393332,8.013333
0.840601,8.453333,8.040000
0.841002,8.606667,8.166667
0.841403,8.599999,8.013333
0.841805,8.606667,8.146667
0.842208,8.639999,8.146667
0.842609,8.633333,8.179999
0.843010,8.666666,8.213333
0.843411,8.706666,8.213333
0.843813,8.726666,8.240000
0.844214,8.740000,8.293333
0.844616,8.746667,8.306666
0.845017,8.793333,8.340000
0.845418,8.773333,8.306666
0.845820,8.853333,8.340000
0.846222,8.873333,8.393332
0.846624,8.906666,8.473333
0.847025,8.913333,8.446666
0.847426,8.926666,8.453333
0.847828,8.980000,8.493334
0.848229,8.960000,8.513332
0.848630,9.033333,8.473333
0.849031,9.020000,8.566667
0.849432,9.086667,8.573333
0.849833,9.099999,8.626667
0.850234,9.099999,8.613334
0.850636,9.146667,8.646667
0.851038,9.173333,8.680000
0.851439,9.193333,8.693334
0.851840,9.246666,8.733333
0.852241,9.266666,8.740000
0.852643,9.240000,8.773333
0.853044,9.306666,8.793333
0.853445,9.280000,8.780000
0.853847,9.340000,8.846666
0.854248,9.346666,8.846666
0.854650,9.346666,8.880000
0.855051,9.453333,8.906666
0.855452,9.420000,8.953334
0.855853,9.486667,8.906666
0.856254,9.580000,8.946667
0.856655,9.566666,9.006666
0.857057,9.586666,8.946667
0.857458,9.606667,9.059999
0.857860,9.633333,9.080000
0.858261,9.639999,9.093333
0.858662,9.680000,9.126666
0.859064,9.706666,9.120000
0.859465,9.733334,9.160000
0.859868,9.753333,9.179999
0.860269,9.733334,9.266666
0.860671,9.759999,9.166666
0.861072,9.900000,9.280000
0.861475,9.826666,9.266666
0.861876,9.873333,9.273334
0.862277,9.933333,9.340000
0.862678,9.926666,9.346666
0.863080,9.966666,9.179999
0.863482,9.980000,9.346666
0.863884,10.053333,9.346666
0.864285,10.046666,9.493333
0.864687,10.040000,9.633333
0.865088,9.980000,9.553333
0.865490,10.120000,9.533333
0.865891,10.026666,9.559999
0.866293,10.093333,9.620000
0.866695,10.146667,9.660000
0.867096,10.120000,9.639999
0.867497,10.213333,9.693333
0.867898,10.260000,9.706666
0.868300,10.280000,9.713333
0.868701,10.313334,9.700000
0.869104,10.293333,9.766666
0.869506,10.340000,9.766666
0.869907,10.380000,9.860000
0.870308,10.413333,9.860000
0.870709,10.620000,9.753333
0.871110,10.460000,9.893332
0.871511,10.480000,9.920000
0.871914,10.493333,9.953333
0.872316,10.546666,9.980000
0.872717,10.580000,9.973333
0.873118,10.580000,9.993333
0.873519,10.626666,10.026666
0.873920,10.620000,10.013333
0.874321,10.639999,10.073334
0.874722,10.606667,10.080000
0.875123,10.693333,10.120000
0.875524,10.746666,10.126667
0.875926,10.753333,10.173333
0.876327,10.806666,10.206667
0.876729,10.766666,10.166666
0.877130,10.846666,10.286666
0.877531,10.873333,10.286666
0.877932,10.900000,10.286666
0.878333,10.879999,10.313334
0.878734,10.933333,10.326667
0.879136,11.013332,10.400000
0.879538,10.986667,10.473333
0.879940,11.000000,10.419999
0.880342,11.020000,10.453333
0.880743,11.053333,10.346666
0.881144,11.079999,10.480000
0.881546,11.126667,10.540000
0.881947,11.106667,10.546666
0.882349,11.126667,10.493333
0.882750,11.226666,10.613333
0.883151,11.193334,10.586667
0.883552,11.213333,10.666667
0.883955,11.260000,10.653334
0.884356,11.426666,10.666667
0.884757,11.306666,10.593333
0.885158,11.353333,10.700000
0.885560,11.353333,10.726666
0.885961,11.373333,10.746666
0.886363,11.393333,10.793333
0.886764,11.426666,10.813333
0.887166,11.453334,10.846666
0.887567,11.420000,10.846666
0.887968,11.493333,10.900000
0.888370,11.539999,10.920000
0.888772,11.500000,10.913333
0.889173,11.593333,10.966666
0.889575,11.620000,10.966666
0.889977,11.653334,11.013332
0.890378,11.646667,11.046666
0.890780,11.700000,11.046666
0.891182,11.720000,11.053333
0.891584,11.713333,11.033333
0.891985,11.726666,11.113334
0.892386,11.813333,11.166666
0.892788,11.799999,11.186666
0.893190,11.820000,11.186666
0.893592,11.840000,11.206666
0.893993,11.893333,11.200000
0.894396,11.886666,11.273333
0.894797,11.900000,11.280000
0.895198,11.960000,11.300000
0.895601,11.973333,11.353333
0.896002,11.980000,11.366667
0.896403,12.086666,11.373333
0.896804,12.046667,11.480000
0.897205,12.126666,11.539999
0.897607,12.086666,11.446667
0.898008,12.153333,11.513333
0.898410,12.240000,11.646667
0.898811,12.166667,11.539999
0.899212,12.240000,11.566667
0.899613,12.173333,11.539999
0.900014,12.240000,11.553333
0.900416,12.300000,11.606667
0.900817,12.339999,11.606667
0.901219,12.373333,11.646667
0.901620,12.380000,11.679999
0.902021,12.506667,11.720000
0.902423,12.406666,11.720000
0.902824,12.420000,11.733333
0.903225,12.440001,11.720000
0.903626,12.493333,11.786667
0.904027,12.506667,11.886666
0.904429,12.473333,11.813333
0.904830,12.580000,11.886666
0.905232,12.586666,11.893333
0.905634,12.599999,11.893333
0.906037,12.646667,11.906667
0.906438,12.673333,11.966666
0.906839,12.653333,11.953333
0.907242,12.719999,12.033333
0.907644,12.713333,12.046667
0.908046,12.860000,12.040000
0.908448,12.726666,12.066666
0.908849,12.780000,12.073333
0.909250,12.793333,12.120000
0.909652,12.853333,12.066666
0.910053,12.873333,12.219999
0.910455,12.913333,12.219999
0.910856,12.900000,11.999999
0.911257,12.933333,12.233334
0.911662,12.946667,12.259999
0.912063,12.966667,12.280000
0.912464,13.026667,12.320000
0.912865,13.066667,12.346666
0.913266,13.086667,12.493333
0.913668,13.080000,12.366667
0.914069,13.139999,12.420000
0.914470,13.093333,12.426666
0.914871,13.339999,12.493333
0.915273,13.200000,12.493333
0.915674,13.333333,12.393332
0.916075,13.273334,12.513333
0.916477,13.253333,12.673333
0.916878,13.273334,12.546666
0.917279,13.293333,12.580000
0.917680,13.326666,12.566667
0.918082,13.313333,12.599999
0.918483,13.393333,12.546666
0.918885,13.386665,12.673333
0.919286,13.413334,12.766666
0.919687,13.460000,12.826667
0.920088,13.453332,12.733333
0.920490,13.500000,12.766666
0.920891,13.533333,12.786666
0.921293,13.546667,12.840000
0.921695,13.593333,12.853333
0.922096,13.599999,13.073333
0.922497,13.606666,12.853333
0.922898,13.620000,12.873333
0.923300,13.666666,12.880000
0.923701,13.720000,12.946667
0.924102,13.660000,12.960000
0.924504,13.733333,12.980000
0.924905,13.746667,13.013333
0.925306,13.813334,13.053332
0.925707,13.799999,13.026667
0.926108,13.806667,13.106667
0.926510,13.866666,13.093333
0.926911,13.846665,12.860000
0.927312,13.900000,13.139999
0.927713,13.900000,13.200000
0.928114,13.940001,13.166667
0.928515,13.926666,13.179999
0.928916,13.926666,13.146667
0.929317,13.966666,13.226666
0.929719,14.046667,13.259999
0.930121,14.026667,13.293333
0.930522,14.080000,13.293333
0.930923,14.080000,13.326666
0.931325,14.146667,13.346667
0.931727,14.066666,13.313333
0.932128,14.160000,13.406666
0.932530,14.166666,13.259999
0.932931,14.239999,13.546667
0.933332,14.193333,13.460000
0.933733,14.239999,13.466666
0.934134,14.306665,13.486667
0.934535,14.286666,13.500000
0.934936,14.273334,13.546667
0.935338,14.346666,13.586667
0.935739,14.333334,13.573333
0.936140,14.380000,13.593333
0.936542,14.420000,13.633333
0.936943,14.413333,13.646666
0.937345,14.453333,13.653334
0.937746,14.466667,13.700000
0.938147,14.466667,13.726666
0.938549,14.506667,13.726666
0.938950,14.540000,13.766666
0.939352,14.593332,13.813334
0.939754,14.566666,13.779999
0.940155,14.593332,13.773333
0.940557,14.586666,13.806667
0.940959,14.653333,13.893333
0.941360,14.653333,13.900000
0.941761,14.693333,13.926666
0.942163,14.740000,13.960000
0.942564,14.740000,13.973332
0.942965,14.740000,13.966666
0.943366,14.733334,13.880000
0.943767,14.806666,14.013333
0.944168,14.853333,14.053333
0.944570,14.833332,14.033333
0.944971,14.833332,14.066666
0.945373,14.926667,14.073334
0.945774,14.899999,14.113334
0.946176,14.800000,14.140000
0.946578,14.926667,14.200001
0.946979,14.953333,14.526666
0.947381,14.953333,14.186666
0.947782,15.080000,14.246667
0.948184,15.046666,14.239999
0.948586,15.086666,14.259999
0.948987,15.146667,14.280000
0.949388,15.073333,14.259999
0.949789,15.166667,14.313334
0.950191,15.200000,14.346666
0.950592,15.213333,14.360000
0.950993,15.233334,14.353333
0.951395,15.273333,14.393332
0.951796,15.293332,14.400001
0.952198,15.306666,14.439999
0.952600,15.340000,14.459999
0.953002,15.359999,14.480000
0.953403,15.426665,14.493333
0.953805,15.386667,13.993333
0.954206,15.393333,14.360000
0.954607,15.426665,14.520000
0.955008,15.486666,14.573334
0.955409,15.500000,14.593332
0.955810,15.473333,14.620000
0.956211,15.500000,14.686666
0.956612,15.706666,14.646667
0.957013,15.520000,14.666667
0.957416,15.613333,14.693333
0.957817,15.573333,14.633332
0.958219,15.593333,14.800000
0.958620,15.633333,14.746666
0.959021,15.673333,14.753333
0.959422,15.633333,14.773334
0.959823,15.679999,14.800000
0.960224,15.746666,14.800000
0.960625,15.746666,14.873333
0.961026,15.753332,14.873333
0.961428,15.786667,14.886666
0.961831,15.793333,14.906667
0.962232,15.826667,14.953333
0.962633,15.839999,14.913333
0.963034,15.879999,14.946667
0.963436,15.920000,14.953333
0.963837,15.940000,14.953333
0.964238,15.933333,14.953333
0.964639,16.013332,14.953333
0.965041,15.986667,15.133333
0.965443,16.093332,15.086666
0.965844,16.113333,15.133333
0.966245,16.113333,15.173333
0.966646,16.046667,15.193334
0.967048,16.093332,15.173333
0.967450,16.099998,15.219999
0.967851,16.093332,15.219999
0.968253,16.119999,15.213333
0.968654,16.180000,15.293332
0.969055,16.186666,15.280000
0.969456,16.233332,15.359999
0.969857,16.246666,15.340000
0.970259,16.266666,15.359999
0.970660,16.273333,15.379999
0.971062,16.246666,15.393333
0.971463,16.279999,15.393333
0.971865,16.299999,15.413333
0.972266,16.359999,15.453334
0.972668,16.359999,15.313333
0.973069,16.233332,15.460000
0.973470,16.359999,15.486666
0.973871,16.386665,15.500000
0.974273,16.519999,15.506666
0.974674,16.440001,15.566667
0.975076,16.513332,15.606667
0.975477,16.519999,15.573333
0.975878,16.499998,15.586667
0.976280,16.573334,15.646666
0.976682,16.526667,15.633333
0.977084,16.606667,15.666666
0.977485,16.573334,15.666666
0.977888,16.626665,15.646666
0.978290,16.566666,15.706666
0.978691,16.706667,15.713334
0.979094,16.746666,15.746666
0.979496,16.713333,15.760000
0.979897,16.746666,15.766666
0.980299,16.746666,15.826667
0.980700,16.766666,15.839999
0.981101,16.773333,15.833333
0.981503,16.793333,15.733333
0.981904,16.813334,15.946666
0.982306,16.860001,15.873333
0.982707,16.846666,15.920000
0.983108,16.853334,15.946666
0.983509,16.920000,15.946666
0.983911,16.873333,15.953332
0.984312,16.900000,16.039999
0.984713,16.900000,16.006666
0.985114,16.920000,16.046667
0.985515,16.920000,16.020000
0.985917,16.913332,16.080000
0.986318,16.959999,16.093332
0.986719,16.920000,16.099998
0.987120,16.959999,16.099998
0.987522,17.033333,16.113333
0.987923,16.973333,16.166666
0.988324,17.033333,15.900000
0.988725,17.006666,16.180000
0.989126,17.086666,16.213333
0.989528,17.053333,16.233332
0.989929,17.199999,16.526667
0.990330,17.120001,16.213333
0.990731,17.086666,16.273333
0.991132,17.126667,16.333334
0.991533,17.159998,16.273333
0.991934,17.133333,16.346666
0.992335,17.166666,16.320000
0.992737,17.226667,16.346666
0.993139,17.240000,16.346666
0.993541,17.246666,16.373333
0.993942,17.273333,16.420000
0.994343,17.293333,16.446667
0.994744,17.313332,16.446667
0.995145,17.299999,16.506666
0.995546,17.373333,16.440001
0.995947,17.306665,16.480000
0.996349,17.413332,16.526667
0.996750,17.346666,16.519999
0.997151,17.380001,16.446667
0.997552,17.400000,16.539999
0.997953,17.433332,16.433332
0.998355,17.433332,16.559999
0.998756,17.346666,16.639999
0.999157,17.493334,16.626665
0.999559,17.459999,16.646666
0.999960,17.493334,16.653332
1.000361,17.520000,16.686666
1.000762,17.520000,16.700001
1.001163,17.559999,16.706667
1.001565,17.580000,16.719999
1.001966,17.593332,16.733334
1.002367,17.600000,16.733334
1.002768,17.600000,16.766666
1.003169,17.666666,16.786665
1.003571,17.626667,16.786665
1.003972,17.693333,16.806665
1.004373,17.679998,16.826666
1.004774,17.713333,16.826666
1.005175,17.719999,16.826666
1.005577,17.733334,16.846666
1.005978,17.740000,16.873333
1.006379,17.773333,16.886665
1.006781,17.793333,16.900000
1.007182,17.780001,16.913332
1.007584,17.780001,16.959999
1.007985,17.806665,16.933332
1.008387,17.820000,16.926666
1.008789,17.820000,16.926666
1.009191,17.826666,16.953333
1.009592,17.873333,16.959999
1.009993,17.866667,16.959999
1.010395,17.900000,17.013332
1.010797,17.906668,16.993334
1.011198,17.966665,16.980000
1.011599,17.893333,17.013332
1.012000,17.886667,17.039999
1.012402,17.946665,17.039999
1.012803,17.966665,17.039999
1.013204,17.973333,17.093332
1.013606,17.986666,17.106667
1.014007,17.959999,17.106667
1.014409,18.020000,17.173332
1.014811,18.133333,17.139999
1.015213,18.026667,17.139999
1.015615,17.993332,17.186666
1.016017,18.226665,17.179998
1.016418,18.093332,17.159998
1.016820,18.099998,17.199999
1.017222,18.113333,17.240000
1.017624,18.113333,17.213333
1.018025,18.133333,17.253334
1.018427,18.160000,17.240000
1.018829,18.160000,17.260000
1.019231,18.186666,17.473333
1.019632,18.206665,17.293333
1.020033,18.193333,17.313332
1.020435,18.260000,17.293333
1.020836,18.353333,17.366667
1.021237,18.266666,17.340000
1.021639,18.233332,17.373333
1.022040,18.260000,17.366667
1.022443,18.280001,17.360001
1.022844,18.346666,17.346666
1.023245,18.373333,17.400000
1.023647,18.326666,17.400000
1.024049,18.326666,17.413332
1.024450,18.306667,17.426666
1.024851,18.359999,17.459999
1.025252,18.386665,17.459999
1.025653,18.353333,17.446667
1.026054,18.400000,17.453333
1.026456,18.400000,17.493334
1.026857,18.406666,17.500000
1.027258,18.433334,17.473333
1.027660,18.426666,17.506666
1.028061,18.359999,17.539999
1.028463,18.459999,17.539999
1.028865,18.473331,17.613333
1.029267,18.453333,17.539999
1.029668,18.513332,17.593332
1.030070,18.520000,17.606667
1.030472,18.500000,17.593332
1.030873,18.533333,17.613333
1.031274,18.553333,17.633333
1.031675,18.526667,17.619999
1.032076,18.553333,17.586666
1.032477,18.566668,17.726665
1.032878,18.653334,17.673332
1.033280,18.573334,17.686666
1.033681,18.619999,17.713333
1.034082,18.606665,17.686666
1.034484,18.646666,17.706665
1.034885,18.626665,17.613333
1.035286,18.666666,17.626667
1.035687,18.646666,17.746666
1.036089,18.673334,17.746666
1.036490,18.680000,17.760000
1.036891,18.713333,17.773333
1.037292,18.706667,17.780001
1.037693,18.779999,17.793333
1.038094,18.786667,17.813332
1.038496,18.733332,17.813332
1.038897,18.786667,17.813332
1.039299,18.766666,17.853333
1.039700,18.813334,17.886667
1.040102,18.773333,17.873333
1.040504,18.799999,17.886667
1.040905,18.853333,17.886667
1.041307,18.793333,17.826666
1.041708,18.826666,17.886667
1.042109,18.853333,17.886667
1.042510,18.846666,17.946665
1.042911,18.886665,18.033333
1.043313,18.879999,17.906668
1.043715,18.879999,17.913334
1.044116,18.879999,17.926666
1.044518,18.900000,17.953333
1.044919,18.926666,17.973333
1.045320,18.906666,17.973333
1.045721,18.946667,17.973333
1.046122,18.913332,17.986666
1.046523,19.066666,18.013332
1.046924,18.973333,18.040001
1.047326,18.973333,18.020000
1.047728,18.986666,18.013332
1.048129,18.900000,18.046667
1.048531,18.999998,18.000000
1.048932,18.986666,18.026667
1.049333,18.933332,18.066666
1.049734,19.053333,18.066666
1.050135,19.033333,18.086666
1.050536,18.900000,18.073332
1.050938,19.059999,18.106667
1.051340,19.053333,18.119999
1.051742,19.139999,18.126667
1.052144,19.080000,18.166666
1.052545,19.100000,18.099998
1.052946,19.113333,18.139999
1.053348,19.139999,18.206665
1.053749,19.133331,18.153334
1.054150,19.093334,18.146666
1.054551,19.100000,18.186666
1.054952,19.133331,18.146666
1.055354,19.160000,18.206665
1.055755,19.180000,18.166666
1.056156,19.160000,18.173334
1.056558,19.100000,18.213333
1.056959,19.246666,18.213333
1.057360,19.186666,18.219999
1.057761,19.206667,18.213333
1.058162,19.200001,18.233332
1.058564,19.246666,18.246666
1.058965,19.233334,18.273333
1.059367,19.246666,18.273333
1.059768,19.246666,18.253332
1.060169,19.253332,18.273333
1.060570,19.240000,18.280001
1.060972,19.246666,18.313334
1.061373,19.286665,18.306667
1.061775,19.333334,18.326666
1.062176,19.299999,18.333332
1.062577,19.306665,18.353333
1.062978,19.286665,18.333332
1.063380,19.346666,18.339998
1.063781,19.353334,18.379999
1.064182,19.439999,18.333332
1.064584,19.320000,18.379999
1.064985,19.373333,18.366667
1.065387,19.293333,18.373333
1.065788,19.366667,18.353333
1.066190,19.320000,18.406666
1.066592,19.379999,18.400000
1.066993,19.373333,18.400000
1.067396,19.400000,18.413334
1.067797,19.400000,18.406666
1.068199,19.160000,18.446667
1.068600,19.413332,18.426666
1.069001,19.426666,18.413334
1.069402,19.406666,18.446667
1.069803,19.433332,18.426666
1.070205,19.433332,18.486666
1.070606,19.459999,18.506666
1.071007,19.459999,18.506666
1.071408,19.439999,18.473331
1.071809,19.466667,18.466665
1.072210,19.473333,18.466665
1.072611,19.533333,18.473331
1.073013,19.466667,18.526667
1.073415,19.473333,18.513332
1.073816,19.493334,18.520000
1.074217,19.526665,18.520000
1.074618,19.580000,18.520000
1.075019,19.533333,18.506666
1.075421,19.506666,18.526667
1.075822,19.593332,18.526667
1.076224,19.546665,18.533333
1.076626,19.553333,18.533333
1.077029,19.546665,18.539999
1.077430,19.553333,18.533333
1.077831,19.573334,18.533333
1.078232,19.600000,18.606665
1.078633,19.566666,18.580000
1.079035,19.793333,18.586666
1.079436,19.533333,18.639999
1.079837,19.593332,18.593332
1.080239,19.693333,18.526667
1.080640,19.593332,18.586666
1.081042,19.593332,18.759998
1.081443,19.573334,18.580000
1.081844,19.526665,18.646666
1.082246,19.713333,18.619999
1.082647,19.586666,18.646666
1.083048,19.673332,18.639999
1.083450,19.659998,18.626665
1.083851,19.639999,18.606665
1.084253,19.633333,18.619999
1.084654,19.653332,18.639999
1.085056,19.646666,18.646666
1.085457,19.646666,18.646666
1.085858,19.653332,18.639999
1.086260,19.679998,18.660000
1.086661,19.666666,18.693333
1.087063,19.713333,18.646666
1.087464,19.653332,18.646666
1.087865,19.719999,18.799999
1.088267,19.693333,18.680000
1.088668,19.706667,18.686666
1.089070,19.693333,18.686666
1.089471,19.686666,18.653334
1.089873,19.673332,18.686666
1.090274,19.699999,18.693333
1.090676,19.740000,18.733332
1.091077,19.706667,18.820000
1.091478,19.733334,18.700001
1.091879,19.719999,18.713333
1.092280,19.746666,18.726665
1.092681,19.713333,18.726665
1.093082,19.713333,18.713333
1.093483,19.753334,18.706667
1.093884,19.740000,18.719999
1.094286,19.693333,18.726665
1.094687,19.740000,18.706667
1.095088,19.753334,18.693333
1.095490,19.746666,18.719999
1.095891,19.766666,18.706667
1.096293,19.746666,18.686666
1.096695,19.753334,18.706667
1.097096,19.766666,18.726665
1.097497,19.773333,18.726665
1.097898,19.779999,18.766666
1.098300,19.833332,18.746666
1.098702,19.773333,18.779999
1.099103,19.799999,18.740000
1.099504,19.733334,18.786667
1.099906,19.786665,18.859999
1.100308,19.813332,18.766666
1.100709,19.779999,18.766666
1.101110,19.693333,18.766666
1.101511,19.779999,18.759998
1.101912,19.806665,18.740000
1.102314,19.820000,18.766666
1.102716,19.806665,18.766666
1.103118,19.799999,18.786667
1.103519,19.799999,18.766666
1.103921,19.793333,18.746666
1.104322,19.813332,18.753332
1.104723,19.799999,18.806667
1.105124,19.820000,18.793333
1.105526,19.799999,18.786667
1.105927,19.826666,18.813334
1.106329,19.753334,18.799999
1.106731,19.820000,18.786667
1.107133,19.853333,18.779999
1.107535,19.806665,18.833334
1.107936,19.806665,18.753332
1.108337,19.833332,18.779999
1.108739,19.826666,18.806667
1.109140,19.813332,18.786667
1.109542,19.820000,18.793333
1.109943,19.833332,18.813334
1.110344,19.853333,18.799999
1.110747,19.820000,18.786667
1.111148,19.826666,18.820000
1.111551,19.873333,18.799999
1.111952,19.833332,18.799999
1.112354,19.786665,18.813334
1.112755,19.806665,18.793333
1.113156,19.840000,18.820000
1.113558,19.793333,18.879999
1.113959,19.826666,18.853333
1.114360,19.833332,18.753332
1.114761,19.813332,18.786667
1.115163,19.806665,18.820000
1.115564,19.820000,18.820000
1.115965,19.846666,18.806667
1.116368,19.753334,18.799999
1.116769,19.833332,18.820000
1.117171,19.846666,18.773333
1.117572,19.833332,18.799999
1.117974,19.840000,18.826666
1.118375,19.820000,18.793333
1.118777,19.840000,18.813334
1.119178,19.846666,18.793333
1.119580,19.840000,18.793333
1.119982,19.820000,18.626665
1.120384,19.826666,18.786667
1.120785,19.840000,18.820000
1.121186,19.820000,18.766666
1.121587,19.846666,18.753332
1.121989,19.826666,18.779999
1.122390,19.826666,18.806667
1.122791,19.893333,18.799999
1.123192,19.833332,18.779999
1.123593,19.766666,18.799999
1.123994,19.826666,18.786667
1.124396,19.766666,18.879999
1.124798,19.806665,18.793333
1.125199,19.840000,18.799999
1.125600,19.833332,18.806667
1.126001,19.820000,18.793333
1.126402,19.813332,18.833334
1.126804,19.799999,18.766666
1.127205,19.806665,18.759998
1.127606,19.826666,18.746666
1.128007,19.833332,18.859999
1.128409,19.833332,18.853333
1.128810,19.773333,18.786667
1.129211,19.773333,18.766666
1.129612,19.806665,18.693333
1.130013,19.799999,18.826666
1.130415,19.793333,18.773333
1.130817,19.813332,18.660000
1.131218,19.806665,18.766666
1.131619,19.880001,18.766666
1.132020,19.820000,18.759998
1.132422,19.799999,18.766666
1.132823,19.773333,18.619999
1.133224,19.806665,18.753332
1.133625,19.766666,18.759998
1.134026,19.799999,18.733332
1.134428,19.820000,18.799999
1.134829,19.760000,18.759998
1.135230,19.760000,18.773333
1.135632,19.766666,18.660000
1.136033,19.753334,18.759998
1.136436,19.786665,18.766666
1.136837,19.793333,18.753332
1.137238,19.786665,18.820000
1.137639,19.726667,18.746666
1.138041,19.713333,18.733332
1.138443,19.740000,18.713333
1.138844,19.833332,18.746666
1.139245,19.806665,18.726665
1.139646,19.753334,18.713333
1.140047,19.820000,18.719999
1.140449,19.740000,18.700001
1.140850,19.686666,18.653334
1.141251,19.706667,18.693333
1.141652,19.773333,18.713333
1.142053,19.719999,18.719999
1.142455,19.713333,18.706667
1.142857,19.699999,18.666666
1.143259,19.693333,18.693333
1.143660,19.713333,18.686666
1.144062,19.713333,18.686666
1.144463,19.719999,18.673334
1.144865,19.706667,18.660000
1.145266,19.699999,18.686666
1.145667,19.713333,18.666666
1.146068,19.659998,18.660000
1.146470,19.679998,18.653334
1.146871,19.679998,18.646666
1.147273,19.766666,18.660000
1.147674,19.679998,18.646666
1.148076,19.586666,18.613333
1.148478,19.686666,18.666666
1.148880,19.666666,18.646666
1.149281,19.626667,18.626665
1.149683,19.679998,18.639999
1.150084,19.653332,18.626665
1.150485,19.633333,18.639999
1.150886,19.633333,18.599998
1.151288,19.626667,18.599998
1.151689,19.606667,18.680000
1.152090,19.586666,18.586666
1.152491,19.613333,18.580000
1.152892,19.606667,18.599998
1.153294,19.600000,18.586666
1.153695,19.580000,18.586666
1.154097,19.580000,18.566668
1.154498,19.600000,18.586666
1.154899,19.573334,18.553333
1.155300,19.600000,18.619999
1.155701,19.586666,18.539999
1.156102,19.566666,18.566668
1.156503,19.586666,18.553333
1.156904,19.533333,18.526667
1.157306,19.553333,18.513332
1.157707,19.593332,18.406666
1.158108,19.553333,18.553333
1.158511,19.480000,18.533333
1.158912,19.413332,18.520000
1.159313,19.533333,18.520000
1.159714,19.533333,18.513332
1.160116,19.506666,18.486666
1.160517,19.480000,18.526667
1.160918,19.500000,18.486666
1.161319,19.519999,18.506666
1.161721,19.453333,18.506666
1.162122,19.433332,18.459999
1.162524,19.439999,18.459999
1.162926,19.439999,18.459999
1.163328,19.433332,18.446667
1.163729,19.400000,18.406666
1.164130,19.433332,18.373333
1.164532,19.406666,18.420000
1.164933,19.426666,18.426666
1.165334,19.366667,18.413334
1.165736,19.513332,18.406666
1.166137,19.386665,18.413334
1.166538,19.373333,18.393333
1.166940,19.379999,18.393333
1.167341,19.366667,18.400000
1.167742,19.353334,18.359999
1.168144,19.360001,18.379999
1.168546,19.326666,18.400000
1.168948,19.346666,18.353333
1.169349,19.333334,18.400000
1.169750,19.206667,18.326666
1.170151,19.326666,18.333332
1.170552,19.306665,18.346666
1.170954,19.313334,18.306667
1.171355,19.293333,18.306667
1.171756,19.286665,18.339998
1.172157,19.266666,18.193333
1.172558,19.279999,18.286667
1.172959,19.286665,18.266666
1.173361,19.253332,18.273333
1.173763,19.253332,18.273333
1.174164,19.233334,18.199999
1.174565,19.226667,18.240000
1.174967,19.219999,18.233332
1.175368,19.213333,18.246666
1.175770,19.219999,18.266666
1.176171,19.186666,18.213333
1.176572,19.166666,18.213333
1.176973,19.200001,18.219999
1.177374,19.180000,18.233332
1.177776,19.193333,18.206665
1.178177,19.113333,18.199999
1.178578,19.153332,18.160000
1.178979,19.119999,18.180000
1.179380,19.139999,18.160000
1.179781,19.126665,18.186666
1.180182,19.173332,18.160000
1.180584,19.119999,18.160000
1.180985,19.086666,18.119999
1.181386,19.119999,18.166666
1.181787,19.066666,18.153334
1.182188,19.033333,18.126667
1.182589,19.080000,18.113333
1.182991,19.026667,18.086666
1.183395,19.039999,18.073332
1.183796,19.013332,18.093332
1.184197,19.073334,18.079998
1.184599,18.999998,18.026667
1.185002,18.999998,18.020000
1.185403,18.993332,18.033333
1.185804,18.986666,17.953333
1.186206,19.006666,18.040001
1.186608,18.980000,18.020000
1.187009,18.986666,18.020000
1.187410,18.913332,18.006666
1.187812,18.926666,18.086666
1.188213,18.940001,17.913334
1.188614,18.913332,17.993332
1.189015,18.906666,17.980000
1.189417,18.906666,17.953333
1.189818,18.859999,17.913334
1.190219,18.820000,17.906668
1.190621,18.879999,17.926666
1.191022,18.820000,17.886667
1.191423,18.900000,17.920000
1.191824,18.879999,17.906668
1.192225,18.820000,17.886667
1.192626,18.806667,17.846666
1.193027,18.813334,17.906668
1.193429,18.793333,17.859999
1.193830,18.793333,17.859999
1.194232,18.799999,17.813332
1.194633,18.773333,17.840000
1.195035,18.786667,17.813332
1.195436,18.786667,17.820000
1.195837,18.733332,17.793333
1.196238,18.713333,17.826666
1.196639,18.713333,17.786667
1.197041,18.660000,17.746666
1.197442,18.693333,17.746666
1.197843,18.660000,17.806665
1.198244,18.686666,17.726665
1.198646,18.606665,17.693333
1.199048,18.646666,17.719999
1.199449,18.713333,17.693333
1.199850,18.633333,17.686666
1.200251,18.573334,17.679998
1.200652,18.599998,17.673332
1.201054,18.586666,17.713333
1.201456,18.573334,17.666666
1.201858,18.559999,17.773333
1.202259,18.539999,17.686666
1.202660,18.513332,17.639999
1.203061,18.440001,17.526667
1.203463,18.466665,17.586666
1.203864,18.546667,17.586666
1.204266,18.506666,17.600000
1.204667,18.459999,17.539999
1.205068,18.500000,17.533333
1.205470,18.473331,17.539999
1.205871,18.446667,17.539999
1.206273,18.646666,17.486666
1.206674,18.480000,17.506666
1.207076,18.486666,17.493334
1.207478,18.346666,17.446667
1.207879,18.353333,17.453333
1.208280,18.373333,17.446667
1.208681,18.353333,17.639999
1.209083,18.353333,17.433332
1.209484,18.346666,17.433332
1.209885,18.313334,17.386667
1.210286,18.286667,17.386667
1.210688,18.299999,17.406666
1.211090,18.293333,17.360001
1.211491,18.260000,17.340000
1.211892,18.260000,17.320000
1.212294,18.260000,17.313332
1.212695,18.213333,17.293333
1.213097,18.213333,17.326666
1.213499,18.199999,17.313332
1.213901,18.219999,17.293333
1.214303,18.186666,17.266666
1.214704,18.086666,17.273333
1.215105,18.146666,17.120001
1.215506,18.153334,17.260000
1.215907,18.153334,17.240000
1.216309,18.119999,17.186666
1.216710,18.119999,17.193333
1.217111,18.013332,17.186666
1.217513,18.086666,17.186666
1.217914,18.079998,17.186666
1.218315,18.079998,17.166666
1.218716,18.033333,17.120001
1.219118,18.020000,17.146666
1.219519,18.086666,17.106667
1.219920,18.013332,17.126667
1.220321,18.006666,17.093332
1.220723,17.953333,17.059999
1.221124,17.913334,17.039999
1.221525,17.939999,17.039999
1.221926,17.926666,17.033333
1.222328,17.900000,17.039999
1.222730,17.886667,17.039999
1.223131,17.879999,16.993334
1.223532,17.886667,16.959999
1.223934,17.840000,16.993334
1.224336,17.879999,16.993334
1.224737,17.886667,16.926666
1.225138,17.813332,16.920000
1.225540,17.806665,16.926666
1.225941,17.786667,16.906666
1.226342,17.793333,16.906666
1.226743,17.773333,16.893332
1.227144,17.746666,16.879999
1.227545,17.740000,16.939999
1.227947,17.780001,16.846666
1.228349,17.733334,16.873333
1.228750,17.686666,16.840000
1.229151,17.679998,16.833334
1.229552,17.639999,16.846666
1.229953,17.646667,16.759998
1.230354,17.506666,16.786665
1.230756,17.633333,16.759998
1.231157,17.606667,16.740000
1.231559,17.633333,16.733334
1.231961,17.539999,16.733334
1.232362,17.600000,16.693333
1.232764,17.539999,16.713333
1.233165,17.466665,16.660000
1.233566,17.500000,16.646666
1.233967,17.480000,16.660000
1.234368,17.419998,16.626665
1.234770,17.446667,16.646666
1.235172,17.446667,16.619999
1.235573,17.453333,16.593334
1.235974,17.413332,16.619999
1.236376,17.393333,16.539999
1.236777,17.393333,16.546667
1.237178,17.373333,16.600000
1.237579,17.346666,16.466667
1.237981,17.299999,16.466667
1.238383,17.293333,16.453333
1.238784,17.313332,16.446667
1.239185,17.306665,16.433332
1.239586,17.299999,16.373333
1.239987,17.266666,16.386665
1.240388,17.353333,16.400000
1.240789,17.193333,16.366665
1.241190,17.240000,16.346666
1.241591,17.166666,16.306667
1.241992,17.179998,16.273333
1.242395,17.173332,16.353333
1.242796,17.173332,16.286667
1.243197,17.146666,16.233332
1.243598,17.159998,16.253332
1.243999,17.053333,16.219999
1.244401,17.019999,16.240000
1.244803,17.106667,16.193333
1.245205,17.046665,16.180000
1.245606,16.973333,16.193333
1.246007,17.013332,16.166666
1.246409,16.973333,16.160000
1.246810,16.980000,16.113333
1.247211,16.953333,16.099998
1.247612,16.933332,16.033333
1.248014,16.933332,15.980000
1.248416,16.906666,16.026667
1.248817,16.860001,15.993333
1.249218,16.879999,15.993333
1.249619,16.920000,15.980000
1.250020,16.879999,15.973332
1.250422,16.860001,15.920000
1.250823,16.873333,15.920000
1.251224,16.853334,15.893333
1.251625,16.813334,15.886665
1.252026,16.793333,15.860000
1.252428,16.793333,15.853333
1.252829,16.786665,15.860000
1.253230,16.759998,15.873333
1.253632,16.740000,15.773333
1.254033,16.746666,15.806666
1.254436,16.706667,15.786667
1.254838,16.680000,15.760000
1.255240,16.680000,15.746666
1.255643,16.633331,15.733333
1.256044,16.619999,15.679999
1.256445,16.593334,15.740000
1.256846,16.446667,15.673333
1.257248,16.593334,15.673333
1.257650,16.486666,15.606667
1.258051,16.506666,15.560000
1.258452,16.486666,15.579999
1.258854,16.466667,15.573333
1.259255,16.453333,15.546666
1.259657,16.446667,15.500000
1.260058,16.406666,15.500000
1.260459,16.400000,15.493332
1.260860,16.393333,15.473333
1.261262,16.359999,15.173333
1.261664,16.299999,15.406667
1.262065,16.359999,15.406667
1.262466,16.299999,15.393333
1.262868,16.313334,15.340000
1.263269,16.266666,15.326667
1.263670,16.226665,15.313333
1.264071,16.226665,15.306666
1.264472,16.186666,15.273333
1.264875,16.173334,15.193334
1.265278,16.166666,15.313333
1.265680,16.113333,15.213333
1.266082,16.073334,15.213333
1.266483,16.093332,15.226665
1.266886,16.093332,15.206666
1.267287,16.059999,15.186667
1.267689,16.046667,15.173333
1.268090,16.006666,15.146667
1.268491,15.973332,15.119999
1.268893,15.966666,15.100000
1.269295,15.940000,14.953333
1.269696,15.913334,14.953333
1.270098,15.906666,15.073333
1.270499,15.933333,14.953333
1.270900,15.853333,14.940000
1.271301,15.860000,14.820000
1.271702,15.940000,14.953333
1.272103,15.753332,14.873333
1.272504,15.766666,14.873333
1.272905,15.760000,14.906667
1.273307,15.740000,14.880000
1.273708,15.720000,14.880000
1.274109,15.766666,14.786666
1.274510,15.793333,14.786666
1.274911,15.686666,14.786666
1.275313,15.613333,14.726667
1.275715,15.613333,14.726667
1.276116,15.560000,14.686666
1.276517,15.566667,14.679999
1.276919,15.546666,14.633332
1.277321,15.520000,14.633332
1.277722,15.446666,14.646667
1.278124,15.500000,14.600000
1.278525,15.433333,14.573334
1.278926,15.426665,14.533334
1.279328,15.446666,14.533334
1.279729,15.379999,14.520000
1.280131,15.359999,14.453333
1.280532,15.326667,14.580000
1.280935,15.313333,14.453333
1.281336,15.260000,14.453333
1.281738,15.286666,14.520000
1.282139,15.266666,14.486667
1.282540,15.333333,14.406667
1.282942,15.300000,14.386666
1.283343,15.219999,14.340000
1.283744,15.173333,14.333334
1.284145,15.139999,14.273334
1.284546,15.146667,14.273334
1.284947,15.086666,14.226666
1.285348,15.073333,14.173332
1.285750,14.953333,14.200001
1.286151,14.953333,14.206667
1.286552,14.953333,14.166666
1.286953,14.953333,14.153333
1.287354,14.946667,14.173332
1.287756,14.940000,14.120000
1.288157,14.893332,14.073334
1.288558,14.873333,13.920000
1.288960,14.853333,14.033333
1.289361,14.853333,13.993333
1.289762,14.840000,13.966666
1.290163,14.826666,13.933332
1.290565,14.699999,13.946667
1.290966,14.733334,13.960000
1.291367,14.833332,13.900000
1.291768,14.693333,13.900000
1.292169,14.686666,13.940001
1.292571,14.686666,13.839999
1.292972,14.626666,13.833333
1.293373,14.653333,13.820000
1.293774,14.580000,13.806667
1.294176,14.559999,13.786667
1.294577,14.413333,13.746667
1.294978,14.526666,13.673334
1.295380,14.453333,13.720000
1.295781,14.493333,13.660000
1.296182,14.466667,13.713332
1.296583,14.459999,13.586667
1.296984,14.439999,13.626666
1.297385,14.386666,13.606666
1.297787,14.406667,13.586667
1.298188,14.386666,13.626666
1.298590,14.306665,13.526667
1.298992,14.280000,13.466666
1.299396,14.253333,13.486667
1.299797,14.253333,13.486667
1.300198,14.253333,13.466666
1.300600,14.213333,13.433333
1.301001,14.186666,13.406666
1.301402,14.173332,13.393333
1.301803,14.133332,13.379999
1.302205,14.113334,13.379999
1.302607,14.099999,13.293333
1.303008,14.046667,13.293333
1.303410,13.953333,13.300000
1.303813,13.986667,13.266666
1.304215,14.020000,13.313333
1.304617,13.993333,13.253333
1.305018,13.953333,13.220000
1.305419,13.953333,13.193333
1.305821,13.913332,13.133333
1.306222,13.880000,13.120000
1.306623,13.839999,13.113333
1.307025,13.820000,13.106667
1.307427,13.806667,13.100000
1.307828,13.793333,13.059999
1.308229,13.786667,13.040000
1.308630,13.766666,13.013333
1.309031,13.726666,13.086667
1.309432,13.680000,13.059999
1.309834,13.686666,12.953333
1.310237,13.653334,12.946667
1.310639,13.639999,12.919999
1.311040,13.626666,12.886666
1.311442,13.599999,12.846666
1.311844,13.599999,12.846666
1.312245,13.606666,12.780000
1.312646,13.533333,12.840000
1.313047,13.446666,12.760000
1.313449,13.473332,12.766666
1.313850,13.460000,12.733333
1.314251,13.433333,12.706667
1.314652,13.486667,12.719999
1.315053,13.379999,12.653333
1.315455,13.353333,12.626667
1.315856,13.313333,12.646667
1.316258,13.313333,12.566667
1.316663,13.433333,12.580000
1.317065,13.280000,12.559999
1.317466,13.240000,12.520000
1.317867,13.206666,12.480000
1.318268,13.193333,12.493333
1.318670,13.160000,12.446667
1.319072,13.173333,12.433333
1.319473,13.113333,12.420000
1.319875,13.100000,12.353333
1.320276,13.059999,12.386666
1.320677,13.020000,12.333333
1.321078,13.020000,12.333333
1.321479,12.953333,12.380000
1.321880,12.933333,12.233334
1.322281,12.993333,12.246667
1.322682,12.933333,12.153333
1.323083,12.933333,11.893333
1.323484,12.873333,12.253333
1.323885,12.860000,12.126666
1.324287,12.740000,12.126666
1.324688,12.813334,12.059999
1.325090,12.786666,11.893333
1.325491,12.760000,12.059999
1.325892,12.746666,12.006666
1.326293,12.713333,11.999999
1.326694,12.673333,11.953333
1.327097,12.633333,11.953333
1.327499,12.633333,11.933332
1.327900,12.566667,11.893333
1.328302,12.586666,11.906667
1.328703,12.586666,11.873333
1.329104,12.533333,11.820000
1.329506,12.526666,11.906667
1.329907,12.500000,11.893333
1.330309,12.453333,11.780000
1.330711,12.433333,11.733333
1.331112,12.373333,11.766666
1.331513,12.400000,11.700000
1.331914,12.360000,11.720000
1.332316,12.339999,11.646667
1.332717,12.339999,11.773334
1.333120,12.300000,11.599999
1.333522,12.246667,11.580000
1.333923,12.266666,11.553333
1.334325,12.246667,11.546666
1.334726,12.200000,11.520000
1.335127,12.139999,11.493333
1.335529,12.106667,11.473332
1.335930,12.093333,11.440000
1.336331,12.080000,11.453334
1.336733,12.080000,11.500000
1.337134,12.020000,11.366667
1.337536,12.013333,11.393333
1.337937,11.960000,11.366667
1.338338,11.940000,11.306666
1.338739,11.933332,11.360000
1.339140,11.900000,11.240000
1.339541,11.886666,11.226666
1.339943,11.826667,11.200000
1.340345,11.746666,11.193334
1.340746,11.813333,11.173333
1.341148,11.713333,11.180000
1.341549,11.773334,11.113334
1.341952,11.733333,11.160000
1.342354,11.700000,11.079999
1.342756,11.693333,11.053333
1.343157,11.679999,10.993334
1.343558,11.626666,10.986667
1.343959,11.606667,11.020000
1.344361,11.613333,10.960000
1.344762,11.466666,10.933333
1.345164,11.546666,10.993334
1.345565,11.533333,10.913333
1.345966,11.473332,10.860000
1.346367,11.440000,10.879999
1.346768,11.446667,10.833333
1.347170,11.480000,10.820000
1.347571,11.413333,10.833333
1.347972,11.326667,10.706666
1.348373,11.346666,10.840000
1.348775,11.339999,10.726666
1.349178,11.339999,10.600000
1.349580,11.266666,10.686666
1.349981,11.246667,10.633333
1.350383,11.200000,10.586667
1.350784,11.193334,10.453333
1.351185,11.186666,10.553332
1.351586,11.153333,10.559999
1.351987,11.106667,10.500000
1.352388,11.086666,10.440000
1.352790,11.053333,10.466667
1.353191,11.040000,10.453333
1.353592,11.013332,10.386666
1.353993,10.980000,10.386666
1.354396,10.980000,10.340000
1.354797,10.920000,10.333333
1.355199,10.913333,10.320000
1.355601,10.886666,10.306666
1.356002,10.826666,10.260000
1.356403,10.840000,10.373333
1.356804,10.800000,10.140000
1.357207,10.806666,10.193334
1.357608,10.786667,10.286666
1.358010,10.720000,10.146667
1.358411,10.726666,10.140000
1.358812,10.679999,10.000000
1.359213,10.660000,10.066667
1.359615,10.653334,10.059999
1.360016,10.639999,10.013333
1.360417,10.546666,9.966666
1.360818,10.600000,10.013333
1.361219,10.533334,10.140000
1.361620,10.500000,9.953333
1.362021,10.493333,9.946667
1.362422,10.486666,9.886666
1.362823,10.453333,9.880000
1.363224,10.406667,9.893332
1.363626,10.393333,9.826666
1.364028,10.346666,9.813334
1.364429,10.346666,9.793333
1.364830,10.346666,9.740000
1.365232,10.286666,9.686666
1.365634,10.293333,9.626666
1.366036,10.226666,9.686666
1.366437,10.206667,9.653333
1.366840,10.186666,9.653333
1.367241,10.153333,9.633333
1.367643,10.140000,9.613334
1.368045,10.126667,9.600000
1.368446,10.093333,9.533333
1.368848,10.099999,9.546667
1.369249,10.059999,9.480000
1.369650,10.073334,9.466666
1.370051,9.993333,9.473333
1.370452,10.000000,9.346666
1.370854,9.959999,9.346666
1.371255,9.873333,9.293333
1.371657,9.926666,9.320000
1.372058,9.886666,9.266666
1.372459,9.833333,9.293333
1.372861,9.880000,9.260000
1.373263,9.880000,9.273334
1.373664,9.839999,9.153334
1.374065,9.766666,9.193333
1.374466,9.726666,9.186666
1.374867,9.719999,9.160000
1.375268,9.673333,9.093333
1.375669,9.673333,9.106667
1.376070,9.626666,9.073333
1.376471,9.586666,9.026667
1.376873,9.773333,9.039999
1.377275,9.600000,9.006666
1.377677,9.526667,9.000000
1.378080,9.473333,8.946667
1.378482,9.413333,8.926666
1.378883,9.393333,8.940000
1.379284,9.453333,8.880000
1.379686,9.346666,8.853333
1.380087,9.326667,8.826667
1.380489,9.473333,8.740000
1.380891,9.273334,8.760000
1.381292,9.286667,8.973332
1.381694,9.280000,8.753333
1.382095,9.233333,8.700000
1.382496,9.206667,8.713333
1.382897,9.173333,8.660000
1.383299,9.120000,8.726666
1.383700,9.126666,8.653333
1.384102,9.086667,8.573333
1.384504,9.080000,8.560000
1.384907,9.039999,8.599999
1.385309,9.073333,8.540000
1.385710,9.006666,8.460000
1.386112,8.973332,8.486667
1.386514,8.946667,8.453333
1.386915,8.920000,8.426667
1.387317,8.880000,8.473333
1.387718,8.873333,8.386666
1.388119,8.833333,8.393332
1.388521,8.820000,8.353333
1.388922,8.706666,8.240000
1.389323,8.813334,8.306666
1.389725,8.713333,8.273334
1.390127,8.746667,8.240000
1.390529,8.693334,8.213333
1.390930,8.613334,8.226666
1.391331,8.666666,8.206666
1.391733,8.599999,8.100000
1.392134,8.586666,8.126666
1.392537,8.566667,8.133333
1.392938,8.526667,8.046666
1.393340,8.540000,8.053332
1.393742,8.513332,8.046666
1.394143,8.486667,7.993333
1.394544,8.506666,8.000000
1.394946,8.426667,7.946667
1.395347,8.379999,7.973333
1.395748,8.346666,7.866666
1.396149,8.333333,7.866666
1.396550,8.320000,7.873333
1.396953,8.293333,7.840000
1.397354,8.259999,7.780000
1.397755,8.226666,7.800000
1.398156,8.240000,7.806666
1.398558,8.226666,7.626667
1.398959,8.193333,7.733333
1.399361,8.139999,7.766666
1.399762,8.133333,7.686666
1.400163,8.100000,7.660000
1.400565,8.066667,7.600000
1.400966,8.040000,7.600000
1.401367,8.000000,7.593334
1.401768,8.066667,7.693334
1.402169,7.980000,7.513333
1.402570,7.886666,7.506667
1.402971,7.953333,7.506667
1.403373,7.880000,7.493333
1.403775,7.853333,7.433333
1.404176,7.860000,7.480000
1.404578,7.820000,7.420000
1.404979,7.826667,7.400000
1.405381,7.800000,7.346666
1.405783,7.800000,7.340000
1.406185,7.720000,7.326666
1.406586,7.686666,7.320000
1.406989,7.706666,7.266667
1.407390,7.660000,7.233334
1.407791,7.613333,7.193333
1.408192,7.613333,7.200000
1.408593,7.600000,7.146667
1.408995,7.593334,7.160000
1.409396,7.546666,7.180000
1.409797,7.513333,7.086666
1.410199,7.353333,7.106667
1.410601,7.473333,7.066666
1.411004,7.453333,7.053333
1.411405,7.406666,7.026667
1.411806,7.360000,6.986666
1.412208,7.333333,7.013333
1.412609,7.366667,6.953333
1.413010,7.340000,6.926667
1.413413,7.373333,6.913333
1.413814,7.406666,6.866666
1.414215,7.233334,6.846666
1.414616,7.186666,6.820000
1.415018,7.193333,6.820000
1.415420,7.173333,6.753333
1.415821,7.166667,6.766666
1.416222,7.106667,6.720000
1.416624,7.100000,6.713333
1.417025,7.073333,6.666667
1.417426,7.033333,6.666667
1.417827,7.046667,6.653333
1.418229,6.993333,6.626667
1.418631,6.986666,6.606667
1.419032,6.953333,6.600000
1.419434,6.940000,6.700000
1.419836,6.920000,6.513333
1.420238,6.886666,6.466667
1.420639,6.886666,6.460000
1.421041,6.833333,6.526666
1.421443,6.833333,6.433333
1.421844,6.786666,6.393333
1.422245,6.733333,6.366666
1.422646,6.713333,6.346667
1.423047,6.746666,6.300000
1.423449,6.413333,6.313334
1.423850,6.660000,6.253334
1.424251,6.633333,6.280000
1.424653,6.640000,6.260000
1.425054,6.626667,6.220000
1.425456,6.620000,6.220000
1.425858,6.540000,6.153333
1.426260,6.500000,6.146667
1.426661,6.493333,6.140000
1.427062,6.460000,6.100000
1.427464,6.440000,6.053333
1.427865,6.460000,6.053333
1.428266,6.360000,6.066667
1.428667,6.380000,6.040000
1.429068,6.386667,5.946667
1.429470,6.320000,5.933333
1.429871,6.313334,5.906666
1.430273,6.253334,5.920000
1.430675,6.273333,5.940000
1.431076,6.213333,5.886667
1.431477,6.146667,5.886667
1.431879,6.173333,5.760000
1.432281,6.146667,5.800000
1.432683,6.146667,5.733333
1.433084,6.113333,5.966666
1.433485,6.093333,5.760000
1.433886,6.066667,5.733333
1.434288,6.113333,5.753333
1.434690,6.020000,5.693333
1.435091,6.006667,5.666667
1.435492,5.960000,5.646667
1.435894,5.940000,5.646667
1.436296,5.926667,5.580000
1.436698,5.940000,5.586667
1.437099,5.873333,5.580000
1.437502,5.900000,5.533333
1.437903,5.840000,5.553333
1.438305,5.840000,5.586667
1.438706,5.793334,5.486667
1.439107,5.766666,5.826667
1.439509,5.753333,5.506666
1.439910,5.746666,5.420000
1.440312,5.646667,5.286666
1.440713,5.680000,5.333333
1.441116,5.560000,5.406666
1.441517,5.620000,5.306666
1.441918,5.600000,5.326667
1.442319,5.586667,5.253333
1.442721,5.580000,5.253333
1.443122,5.553333,5.200000
1.443524,5.533333,5.240000
1.443925,5.520000,5.213333
1.444326,5.480000,5.153333
1.444728,5.433333,5.153333
1.445129,5.426667,5.153333
1.445531,5.473333,5.093333
1.445933,5.400000,5.080000
1.446334,5.306666,5.246666
1.446736,5.346666,5.060000
1.447137,5.360000,5.060000
1.447538,5.326667,4.986667
1.447939,5.300000,4.973333
1.448341,5.293334,4.986667
1.448743,5.246666,4.966667
1.449144,5.180000,4.966667
1.449545,5.213333,4.913333
1.449946,5.193333,4.873333
1.450348,5.160000,4.886666
1.450749,5.120000,4.833333
1.451150,5.120000,4.813333
1.451552,5.080000,4.813333
1.451954,5.066667,4.800000
1.452355,5.060000,4.753333
1.452756,5.053333,4.733333
1.453157,5.026667,4.540000
1.453558,5.000000,4.640000
1.453961,4.960000,4.713333
1.454363,4.933333,4.640000
1.454764,4.913333,4.300000
1.455165,4.933333,4.640000
1.455566,4.880000,4.633333
1.455967,4.880000,4.573333
1.456368,4.793333,4.546667
1.456769,4.800000,4.646667
1.457170,4.813333,4.540000
1.457571,4.793333,4.453333
1.457972,4.760000,4.506667
1.458374,4.713333,4.486666
1.458776,4.713333,4.446667
1.459177,4.700000,4.446667
1.459580,4.673333,4.420000
1.459982,4.633333,4.400000
1.460383,4.606667,4.373333
1.460785,4.620000,4.353333
1.461186,4.586667,4.326666
1.461587,4.466667,4.380000
1.461989,4.573333,4.246667
1.462395,4.513333,4.260000
1.462797,4.520000,4.266666
1.463198,4.493333,4.246667
1.463600,4.426666,4.206666
1.464003,4.453333,4.213334
1.464404,4.353333,4.186666
1.464805,4.413333,4.186666
1.465206,4.293333,4.173333
1.465607,4.326666,4.100000
1.466010,4.353333,4.113333
1.466411,4.320000,4.093333
1.466814,4.240000,4.080000
1.467216,4.273333,4.046667
1.467618,4.273333,4.046667
1.468019,4.253333,4.013333
1.468421,4.226666,4.013333
1.468822,4.220000,4.000000
1.469223,4.180000,3.960000
1.469624,4.173333,3.960000
1.470025,4.053333,3.920000
1.470427,4.126667,3.906667
1.470828,4.106667,3.920000
1.471230,4.086667,3.846667
1.471632,4.100000,3.866667
1.472033,4.020000,3.813334
1.472435,4.020000,3.853333
1.472836,4.013333,3.746666
1.473237,3.986666,3.746666
1.473639,4.033333,3.746666
1.474040,3.986666,3.693333
1.474442,4.013333,3.693333
1.474843,3.900000,3.653333
1.475245,3.906667,3.660000
1.475646,3.906667,3.653333
1.476047,3.833333,3.640000
1.476449,3.920000,3.580000
1.476850,3.780000,3.553333
1.477251,3.786667,3.540000
1.477652,3.746666,3.566667
1.478053,3.720000,3.480000
1.478455,3.760000,3.526666
1.478856,3.680000,3.460000
1.479257,3.673333,3.586667
1.479659,3.653333,3.480000
1.480060,3.613333,3.413333
1.480462,3.633333,3.466666
1.480863,3.706666,3.460000
1.481265,3.533333,3.386667
1.481667,3.533333,3.380000
1.482068,3.520000,3.346666
1.482470,3.453333,3.326667
1.482871,3.606667,3.340000
1.483273,3.486667,3.293333
1.483674,3.480000,3.300000
1.484076,3.453333,3.273333
1.484477,3.426666,3.226667
1.484878,3.413333,3.226667
1.485279,3.393333,3.213333
1.485680,3.366667,3.100000
1.486081,3.346666,3.140000
1.486483,3.300000,3.133333
1.486884,3.320000,3.100000
1.487286,3.253333,3.133333
1.487688,3.273333,3.126667
1.488089,3.193333,3.120000
1.488491,3.273333,3.073333
1.488892,3.233333,3.040000
1.489293,3.226667,3.113333
1.489695,3.206667,3.026667
1.490096,3.373333,2.993333
1.490498,3.166667,2.960000
1.490899,3.133333,2.913333
1.491301,3.120000,2.980000
1.491702,3.126667,2.946667
1.492103,3.120000,2.960000
1.492505,3.073333,2.926667
1.492906,3.053333,2.866667
1.493308,3.173333,2.906667
1.493709,3.020000,3.000000
1.494110,3.033333,2.866667
1.494511,2.993333,2.886667
1.494912,2.973333,2.826667
1.495314,2.960000,2.766667
1.495715,2.966666,2.786667
1.496117,2.900000,2.766667
1.496519,2.900000,2.786667
1.496922,2.893333,2.753333
1.497323,2.886667,2.766667
1.497725,2.866667,2.733333
1.498127,2.880000,2.700000
1.498529,2.893333,2.646667
1.498930,2.806667,2.666667
1.499332,2.806667,2.640000
1.499734,2.780000,2.613333
1.500135,2.760000,2.613333
1.500537,2.746667,2.606667
1.500938,2.713333,2.580000
1.501340,2.700000,2.580000
1.501741,2.686666,2.526667
1.502142,2.666667,2.520000
1.502544,2.686666,2.526667
1.502945,2.633333,2.520000
1.503347,2.633333,2.466667
1.503749,2.653333,2.473333
1.504150,2.606667,2.473333
1.504551,2.553333,2.433333
1.504954,2.580000,2.440000
1.505355,2.540000,2.420000
1.505757,2.560000,2.513333
1.506158,2.553333,2.400000
1.506560,2.506666,2.426666
1.506961,2.453333,2.353333
1.507363,2.446667,2.393333
1.507764,2.453333,2.306667
1.508165,2.433333,2.226666
1.508566,2.426666,2.293333
1.508967,2.400000,2.260000
1.509369,2.400000,2.320000
1.509771,2.366667,2.260000
1.510172,2.366667,2.246667
1.510573,2.346667,2.253333
1.510974,2.326667,2.086667
1.511375,2.346667,2.220000
1.511776,2.300000,2.146667
1.512177,2.253333,2.160000
1.512579,2.306667,2.140000
1.512980,2.293333,2.146667
1.513381,2.240000,2.133333
1.513783,2.220000,2.233333
1.514185,2.213333,1.753333
1.514586,2.220000,2.080000
1.514987,2.126667,2.080000
1.515388,2.206667,2.100000
1.515789,2.126667,1.913333
1.516191,2.140000,2.066667
1.516592,2.126667,2.000000
1.516993,2.100000,2.020000
1.517396,2.093333,1.986667
1.517797,2.086667,1.966667
1.518199,1.993333,1.973333
1.518600,2.026667,1.940000
1.519002,2.026667,1.906667
1.519403,2.006667,1.906667
1.519804,2.000000,1.906667
1.520206,1.993333,1.886667
1.520607,1.946667,1.873333
1.521009,1.960000,1.753333
1.521410,1.920000,1.860000
1.521811,1.940000,1.826667
1.522212,1.920000,1.853333
1.522614,1.833333,1.813333
1.523015,1.820000,1.806667
1.523417,1.953333,1.786667
1.523820,1.900000,1.760000
1.524222,1.840000,1.760000
1.524624,1.913333,1.733333
1.525025,1.833333,1.740000
1.525426,1.753333,1.733333
1.525828,1.800000,1.733333
1.526230,1.780000,1.706667
1.526631,1.773333,1.693333
1.527032,1.740000,1.660000
1.527435,1.753333,1.686667
1.527836,1.706667,1.646667
1.528239,1.700000,1.646667
1.528641,1.713333,1.626667
1.529042,1.693333,1.586667
1.529443,1.680000,1.646667
1.529845,1.680000,1.646667
1.530246,1.593333,1.560000
1.530648,1.613333,1.553333
1.531050,1.580000,1.546667
1.531451,1.720000,1.540000
1.531852,1.600000,1.553333
1.532254,1.533333,1.506667
1.532655,1.586667,1.480000
1.533057,1.526667,1.473333
1.533458,1.560000,1.513333
1.533859,1.646667,1.460000
1.534260,1.526667,1.440000
1.534662,1.540000,1.420000
1.535063,1.513333,1.453333
1.535464,1.506667,1.420000
1.535865,1.486667,1.393333
1.536266,1.440000,1.386667
1.536668,1.486667,1.446667
1.537069,1.500000,1.386667
1.537471,1.460000,1.473333
1.537873,1.406667,1.373333
1.538275,1.420000,1.326667
1.538676,1.380000,1.306667
1.539077,1.386667,1.393333
1.539478,1.300000,1.300000
1.539881,1.366667,1.326667
1.540283,1.380000,1.233333
1.540684,1.353333,1.300000
1.541085,1.300000,1.246667
1.541486,1.233333,1.233333
1.541888,1.300000,1.246667
1.542289,1.333333,1.206667
1.542691,1.300000,1.233333
1.543092,1.253333,1.200000
1.543494,1.280000,1.206667
1.543897,1.260000,1.213333
1.544298,1.206667,1.206667
1.544700,1.186667,1.186667
1.545101,1.226667,1.153333
1.545502,1.240000,1.146667
1.545905,1.220000,1.133333
1.546307,1.200000,1.120000
1.546708,1.186667,1.193333
1.547111,1.200000,1.146667
1.547512,1.153333,1.100000
1.547913,1.186667,1.033333
1.548315,1.140000,1.086667
1.548716,1.206667,1.086667
1.549117,1.140000,1.053333
1.549520,1.073333,1.033333
1.549922,1.093333,1.053333
1.550323,1.086667,1.020000
1.550724,1.080000,1.033333
1.551125,1.086667,1.033333
1.551526,1.100000,1.020000
1.551928,1.020000,1.000000
1.552329,1.046667,0.953333
1.552731,1.033333,0.946667
1.553132,1.020000,0.946667
1.553534,1.000000,0.946667
1.553936,1.026667,0.946667
1.554337,0.980000,0.946667
1.554738,0.993333,0.946667
1.555141,0.960000,0.946667
1.555543,0.960000,0.946667
1.555944,0.966667,0.946667
1.556345,1.000000,0.946667
1.556746,0.946667,0.946667
1.557149,0.946667,0.946667
1.557551,1.006667,0.946667
1.557952,0.946667,0.946667
1.558353,0.946667,0.946667
1.558754,0.946667,0.946667
1.559156,0.946667,0.946667
1.559557,0.946667,0.946667
1.559958,0.946667,0.946667
1.560359,0.946667,0.946667
1.560760,0.946667,0.946667
1.561162,0.946667,0.946667
1.561564,0.946667,0.946667
1.561965,0.946667,0.946667
1.562366,0.946667,0.946667
1.562767,0.946667,0.946667
1.563168,0.946667,0.946667
1.563570,0.946667,0.946667
1.563971,0.946667,0.946667
1.564372,0.946667,0.946667
1.564774,0.946667,0.946667
1.565175,0.946667,0.946667
1.565576,0.946667,0.946667
1.565977,0.946667,0.946667
1.566378,0.946667,0.946667
1.566779,0.946667,0.946667
1.567180,0.946667,0.946667
1.567582,0.946667,0.946667
1.567983,0.946667,0.946667
1.568384,0.946667,0.946667
1.568785,0.946667,0.946667
1.569186,0.946667,0.946667
1.569588,0.946667,0.946667
1.569989,0.946667,0.946667
1.570390,0.946667,0.946667
1.570791,0.946667,0.946667
1.571193,0.946667,0.946667
1.571594,0.946667,0.946667
1.571995,0.946667,0.946667
1.572396,0.946667,0.946667
1.572797,0.946667,0.946667
1.573198,0.946667,0.946667
1.573599,0.946667,0.946667
1.574000,0.946667,0.946667
1.574402,0.946667,0.946667
1.574803,0.946667,0.946667
1.575204,0.946667,0.946667
1.575605,0.946667,0.946667
1.576007,0.946667,0.946667
1.576409,0.946667,0.946667
1.576810,0.946667,0.946667
1.577211,0.946667,0.946667
1.577612,0.946667,0.946667
1.578013,0.946667,0.946667
1.578415,0.946667,0.946667
1.578817,0.946667,0.946667
1.579218,0.946667,0.946667
1.579619,0.946667,0.946667
1.580021,0.946667,0.946667
1.580423,0.946667,0.946667
1.580824,0.946667,0.946667
1.581225,0.946667,0.946667
1.581626,0.946667,0.946667
1.582027,0.946667,0.946667
1.582429,0.946667,0.946667
1.582830,0.946667,0.946667
1.583231,0.946667,0.946667
1.583632,0.946667,0.946667
1.584033,0.946667,0.946667
1.584435,0.946667,0.946667
1.584836,0.946667,0.946667
1.585237,0.946667,0.946667
1.585639,0.946667,0.946667
1.586040,0.946667,0.946667
1.586442,0.946667,0.946667
1.586843,0.946667,0.946667
1.587245,0.946667,0.946667
1.587646,0.946667,0.946667
1.588048,0.946667,0.946667
1.588449,0.946667,0.946667
1.588850,0.946667,0.946667
1.589252,0.946667,0.946667
1.589655,0.946667,0.946667
1.590056,0.946667,0.946667
1.590457,0.946667,0.946667
1.590860,0.946667,0.946667
1.591261,0.946667,0.946667
1.591662,0.946667,0.946667
1.592063,0.946667,0.946667
1.592464,0.946667,0.946667
1.592867,0.946667,0.946667
1.593269,0.946667,0.946667
1.593670,0.946667,0.946667
1.594073,0.946667,0.946667
1.594475,0.946667,0.946667
1.594876,0.946667,0.946667
1.595277,0.946667,0.946667
1.595678,0.946667,0.946667
1.596079,0.946667,0.946667
1.596481,0.946667,0.946667
1.596883,0.946667,0.946667
1.597285,0.946667,0.946667
1.597687,0.946667,0.946667
1.598088,0.946667,0.946667
1.598490,0.946667,0.946667
1.598892,0.946667,0.946667
1.599294,0.946667,0.946667
1.599695,0.946667,0.946667
1.600096,0.946667,0.946667
1.600498,0.946667,0.946667
1.600899,0.946667,0.946667
1.601301,0.946667,0.946667
1.601702,0.946667,0.946667
1.602105,0.946667,0.946667
1.602507,0.946667,0.946667
1.602908,0.946667,0.946667
1.603309,0.946667,0.946667
1.603710,0.946667,0.946667
1.604111,0.946667,0.946667
1.604513,0.946667,0.946667
1.604916,0.946667,0.946667
1.605318,0.946667,0.946667
1.605719,0.946667,0.946667
1.606120,0.946667,0.946667
1.606522,0.946667,0.946667
1.606924,0.946667,0.946667
1.607325,0.946667,0.946667
1.607726,0.946667,0.946667
1.608129,0.946667,0.946667
1.608531,0.946667,0.946667
1.608932,0.946667,0.946667
1.609333,0.946667,0.946667
1.609734,0.946667,0.946667
1.610136,0.946667,0.946667
1.610538,0.946667,0.946667
1.610939,0.946667,0.946667
1.611340,0.946667,0.946667
1.611742,0.946667,0.946667
1.612143,0.946667,0.946667
1.612545,0.946667,0.946667
1.612946,0.946667,0.946667
1.613348,0.946667,0.946667
1.613749,0.946667,0.946667
1.614150,0.946667,0.946667
1.614551,0.946667,0.946667
1.614952,0.946667,0.946667
1.615353,0.946667,0.946667
1.615755,0.946667,0.946667
1.616156,0.946667,0.946667
1.616557,0.946667,0.946667
1.616958,0.946667,0.946667
1.617359,0.946667,0.946667
1.617760,0.946667,0.946667
1.618163,0.946667,0.946667
1.618565,0.946667,0.946667
1.618966,0.946667,0.946667
1.619367,0.946667,0.946667
1.619768,0.946667,0.946667
1.620169,0.946667,0.946667
1.620571,0.946667,0.946667
1.620972,0.946667,0.946667
1.621374,0.946667,0.946667
1.621776,0.946667,0.946667
1.622177,0.946667,0.946667
1.622578,0.946667,0.946667
1.622979,0.946667,0.946667
1.623381,0.946667,0.946667
1.623783,0.946667,0.946667
1.624184,0.946667,0.946667
1.624585,0.946667,0.946667
1.624986,0.946667,0.946667
1.625388,0.946667,0.946667
1.625790,0.946667,0.946667
1.626191,0.946667,0.946667
1.626592,0.946667,0.946667
1.626995,0.946667,0.946667
1.627396,0.946667,0.946667
1.627797,0.946667,0.946667
1.628200,0.946667,0.946667
1.628601,0.946667,0.946667
1.629002,0.946667,0.946667
1.629403,0.946667,0.946667
1.629804,0.946667,0.946667
1.630205,0.946667,0.946667
1.630607,0.946667,0.946667
1.631009,0.946667,0.946667
1.631410,0.946667,0.946667
1.631813,0.946667,0.946667
1.632214,0.946667,0.946667
1.632615,0.946667,0.946667
1.633016,0.946667,0.946667
1.633417,0.946667,0.946667
1.633818,0.946667,0.946667
1.634220,0.946667,0.946667
1.634621,0.946667,0.946667
1.635023,0.946667,0.946667
1.635424,0.946667,0.946667
1.635826,0.946667,0.946667
1.636228,0.946667,0.946667
1.636629,0.946667,0.946667
1.637030,0.946667,0.946667
1.637431,0.946667,0.946667
1.637833,0.946667,0.946667
1.638234,0.946667,0.946667
1.638636,0.946667,0.946667
1.639038,0.946667,0.946667
1.639439,0.946667,0.946667
1.639841,0.946667,0.946667
1.640242,0.946667,0.946667
1.640643,0.946667,0.946667
1.641045,0.946667,0.946667
1.641446,0.946667,0.946667
1.641847,0.946667,0.946667
1.642249,0.946667,0.946667
1.642650,0.946667,0.946667
1.643053,0.946667,0.946667
1.643455,0.946667,0.946667
1.643856,0.946667,0.946667
1.644257,0.946667,0.946667
1.644662,0.946667,0.946667
1.645064,0.946667,0.946667
1.645465,0.946667,0.946667
1.645866,0.946667,0.946667
1.646267,0.946667,0.946667
1.646669,0.946667,0.946667
1.647070,0.946667,0.946667
1.647472,0.946667,0.946667
1.647874,0.946667,0.946667
1.648275,0.946667,0.946667
1.648677,0.946667,0.946667
1.649078,0.946667,0.946667
1.649479,0.946667,0.946667
1.649881,0.946667,0.946667
1.650283,0.946667,0.946667
1.650685,0.946667,0.946667
1.651087,0.946667,0.946667
1.651489,0.946667,0.946667
1.651890,0.946667,0.946667
1.652291,0.946667,0.946667
1.652693,0.946667,0.946667
1.653094,0.946667,0.946667
1.653497,0.946667,0.946667
1.653898,0.946667,0.946667
1.654299,0.946667,0.946667
1.654701,0.946667,0.946667
1.655102,0.946667,0.946667
1.655503,0.946667,0.946667
1.655904,0.946667,0.946667
1.656305,0.946667,0.946667
1.656707,0.946667,0.946667
1.657108,0.946667,0.946667
1.657510,0.946667,0.946667
1.657911,0.946667,0.946667
1.658313,0.946667,0.946667
1.658714,0.946667,0.946667
1.659115,0.946667,0.946667
1.659517,0.946667,0.946667
1.659919,0.946667,0.946667
1.660320,0.946667,0.946667
1.660721,0.946667,0.946667
1.661122,0.946667,0.946667
1.661524,0.946667,0.946667
1.661925,0.946667,0.946667
1.662327,0.946667,0.946667
1.662728,0.946667,0.946667
1.663131,0.946667,0.946667
1.663532,0.946667,0.946667
1.663933,0.946667,0.946667
1.664335,0.946667,0.946667
1.664737,0.946667,0.946667
1.665139,0.946667,0.946667
1.665540,0.946667,0.946667
1.665941,0.946667,0.946667
1.666343,0.946667,0.946667
1.666745,0.946667,0.946667
1.667146,0.946667,0.946667
1.667548,0.946667,0.946667
1.667949,0.946667,0.946667
1.668350,0.946667,0.946667
1.668751,0.946667,0.946667
1.669152,0.946667,0.946667
1.669553,0.946667,0.946667
1.669954,0.946667,0.946667
1.670356,0.946667,0.946667
1.670757,0.946667,0.946667
1.671158,0.946667,0.946667
1.671559,0.946667,0.946667
1.671960,0.946667,0.946667
1.672361,0.946667,0.946667
1.672762,0.946667,0.946667
1.673163,0.946667,0.946667
1.673564,0.946667,0.946667
1.673965,0.946667,0.946667
1.674367,0.946667,0.946667
1.674769,0.946667,0.946667
1.675170,0.946667,0.946667
1.675571,0.946667,0.946667
1.675972,0.946667,0.946667
1.676373,0.946667,0.946667
1.676774,0.960000,0.946667
1.677175,0.946667,0.946667
1.677577,0.980000,0.946667
1.677980,0.953333,0.960000
1.678381,0.960000,0.946667
1.678783,0.980000,0.946667
1.679186,0.993333,0.960000
1.679587,1.013333,0.980000
1.679988,1.033333,0.993333
1.680389,1.006667,0.993333
1.680790,1.120000,0.960000
1.681191,1.026667,1.060000
1.681592,0.973333,0.980000
1.681993,1.026667,0.953333
1.682396,1.073333,1.033333
1.682797,0.993333,1.020000
1.683198,1.093333,1.033333
1.683599,1.060000,1.040000
1.684000,1.100000,1.053333
1.684402,1.120000,1.053333
1.684803,1.080000,1.066667
1.685204,1.120000,1.073333
1.685606,1.126667,1.180000
1.686007,1.153333,1.040000
1.686409,1.166667,1.113333
1.686811,1.160000,1.046667
1.687212,1.173333,1.120000
1.687613,1.233333,1.126667
1.688014,1.213333,1.140000
1.688416,1.213333,1.160000
1.688817,1.213333,1.166667
1.689218,1.146667,1.180000
1.689619,1.240000,1.206667
1.690021,1.266667,0.946667
1.690422,1.260000,1.213333
1.690823,1.146667,1.240000
1.691224,1.320000,1.206667
1.691626,1.300000,1.240000
1.692027,1.260000,1.246667
1.692429,1.313333,1.220000
1.692830,1.300000,1.240000
1.693231,1.346667,1.293333
1.693632,1.286667,1.086667
1.694035,1.380000,1.246667
1.694436,1.380000,1.300000
1.694837,1.386667,1.306667
1.695240,1.380000,1.300000
1.695641,1.433333,1.326667
1.696042,1.420000,1.373333
1.696443,1.406667,1.326667
1.696844,1.480000,1.386667
1.697245,1.446667,1.386667
1.697646,1.453333,1.433333
1.698047,1.440000,1.380000
1.698449,1.466667,1.420000
1.698850,1.526667,1.420000
1.699251,1.506667,1.473333
1.699652,1.513333,1.440000
1.700054,1.553333,1.446667
1.700456,1.560000,1.480000
1.700858,1.566667,1.460000
1.701259,1.573333,1.473333
1.701660,1.573333,1.560000
1.702063,1.586667,1.533333
1.702464,1.620000,1.513333
1.702867,1.646667,1.606667
1.703268,1.633333,1.533333
1.703670,1.653333,1.573333
1.704072,1.660000,1.606667
1.704473,1.633333,1.560000
1.704874,1.753333,1.626667
1.705275,1.726667,1.600000
1.705677,1.693333,1.613333
1.706078,1.733333,1.613333
1.706481,1.753333,1.666667
1.706884,1.726667,1.633333
1.707286,1.773333,1.640000
1.707687,1.820000,1.820000
1.708088,1.800000,1.733333
1.708490,1.833333,1.733333
1.708891,1.826667,1.726667
1.709293,1.860000,1.740000
1.709694,1.860000,1.780000
1.710096,1.853333,1.766667
1.710497,1.900000,1.806667
1.710899,1.893333,1.733333
1.711300,1.886667,1.806667
1.711701,1.913333,1.826667
1.712103,1.920000,1.820000
1.712504,1.933333,1.880000
1.712906,1.886667,1.906667
1.713307,2.080000,1.900000
1.713708,1.993333,1.913333
1.714109,1.993333,1.906667
1.714511,1.993333,2.066667
1.714912,2.020000,1.973333
1.715313,2.053333,1.940000
1.715715,2.073333,1.940000
1.716117,2.086667,1.760000
1.716518,2.093333,1.973333
1.716919,2.080000,1.993333
1.717320,2.126667,2.000000
1.717722,2.133333,2.026667
1.718123,2.153333,2.000000
1.718524,2.173333,2.120000
1.718925,2.073333,2.060000
1.719326,2.193333,2.146667
1.719727,2.186667,2.073333
1.720128,2.273333,2.166667
1.720530,2.233333,2.106667
1.720931,2.340000,2.260000
1.721332,2.260000,2.053333
1.721733,2.293333,2.180000
1.722134,2.300000,2.180000
1.722536,2.326667,2.193333
1.722938,2.313333,2.200000
1.723339,2.220000,2.233333
1.723740,2.233333,2.246667
1.724141,2.393333,2.333333
1.724543,2.393333,2.260000
1.724944,2.413333,2.246667
1.725345,2.426666,2.260000
1.725746,2.433333,2.306667
1.726147,2.466667,2.346667
1.726548,2.453333,2.366667
1.726949,2.426666,2.346667
1.727350,2.500000,2.400000
1.727751,2.526667,2.373333
1.728152,2.793333,2.426666
1.728553,2.553333,2.446667
1.728954,2.586667,2.433333
1.729355,2.593333,2.566667
1.729757,2.600000,2.606667
1.730158,2.613333,2.473333
1.730560,2.633333,2.520000
1.730962,2.606667,2.526667
1.731364,2.820000,2.493333
1.731766,2.680000,2.560000
1.732167,2.620000,2.520000
1.732568,2.713333,2.513333
1.732970,2.693333,2.580000
1.733371,2.746667,2.606667
1.733772,2.753333,2.646667
1.734173,2.773333,2.613333
1.734574,2.786667,2.646667
1.734976,2.740000,2.653333
1.735377,2.813333,2.666667
1.735779,2.853333,2.680000
1.736180,2.873333,2.713333
1.736582,2.866667,2.733333
1.736983,2.886667,2.713333
1.737384,2.780000,2.760000
1.737785,2.920000,2.766667
1.738186,2.880000,2.786667
1.738588,2.966666,2.786667
1.738990,2.940000,2.800000
1.739396,2.986667,2.846667
1.739797,3.086667,2.846667
1.740200,3.053333,2.873333
1.740601,3.093333,2.880000
1.741003,3.080000,2.893333
1.741404,3.093333,2.906667
1.741805,3.113333,2.960000
1.742207,3.100000,2.946667
1.742608,3.146667,2.993333
1.743009,3.133333,2.966666
1.743410,3.166667,2.960000
1.743811,3.200000,3.020000
1.744212,3.180000,3.073333
1.744614,3.206667,2.920000
1.745015,3.226667,3.086667
1.745417,3.273333,3.126667
1.745818,3.246666,3.133333
1.746219,3.293333,3.073333
1.746620,3.320000,3.140000
1.747023,3.320000,3.133333
1.747424,3.286667,3.160000
1.747825,3.366667,3.180000
1.748226,3.453333,3.193333
1.748628,3.360000,3.366667
1.749029,3.413333,3.226667
1.749430,3.433333,3.273333
1.749831,3.473333,3.260000
1.750234,3.473333,3.313333
1.750637,3.486667,3.306667
1.751038,3.540000,3.340000
1.751439,3.506667,3.340000
1.751840,3.520000,3.346666
1.752242,3.540000,3.346666
1.752644,3.580000,3.393333
1.753045,3.600000,3.433333
1.753446,3.633333,3.413333
1.753848,3.593333,3.406667
1.754249,3.640000,3.440000
1.754651,3.680000,3.466666
1.755052,3.686666,3.500000
1.755454,3.693333,3.526666
1.755855,3.726667,3.526666
1.756256,3.700000,3.540000
1.756657,3.820000,3.560000
1.757058,3.826667,3.600000
1.757459,3.773333,3.260000
1.757862,3.873333,3.620000
1.758263,3.866667,3.613333
1.758665,3.873333,3.653333
1.759066,3.940000,3.660000
1.759468,3.926666,3.700000
1.759869,3.960000,3.713333
1.760270,3.986666,3.733333
1.760671,4.000000,3.746666
1.761072,4.020000,3.746666
1.761473,4.026666,3.833333
1.761874,4.026666,3.746666
1.762276,4.133333,3.833333
1.762678,3.980000,3.866667
1.763079,4.133333,3.900000
1.763481,4.166667,3.926666
1.763882,4.120000,3.900000
1.764283,4.206666,3.933333
1.764685,4.160000,3.926666
1.765086,4.080000,4.013333
1.765488,4.180000,4.006667
1.765889,4.220000,3.980000
1.766290,4.226666,3.980000
1.766691,4.280000,4.053333
1.767093,4.306667,4.066667
1.767495,4.326666,4.080000
1.767896,4.353333,4.106667
1.768297,4.360000,4.113333
1.768699,4.373333,4.140000
1.769100,4.386666,4.146667
1.769501,4.433333,4.186666
1.769903,4.393333,4.193333
1.770305,4.493333,4.233333
1.770706,4.473333,4.233333
1.771107,4.520000,4.266666
1.771508,4.533333,4.293333
1.771911,4.500000,4.233333
1.772312,4.546667,4.313334
1.772714,4.566667,4.326666
1.773117,4.626667,4.360000
1.773518,4.813333,4.380000
1.773919,4.606667,4.386666
1.774320,4.706666,4.400000
1.774722,4.673333,4.446667
1.775123,4.593333,4.446667
1.775524,4.726666,4.466667
1.775925,4.740000,4.520000
1.776327,4.780000,4.486666
1.776728,4.806667,4.540000
1.777129,4.800000,4.553333
1.777530,4.840000,4.546667
1.777933,4.880000,4.593333
1.778335,4.873333,4.573333
1.778736,4.900000,4.653333
1.779137,4.900000,4.640000
1.779538,4.986667,4.793333
1.779939,4.980000,4.446667
1.780341,5.020000,4.606667
1.780743,5.000000,4.740000
1.781144,5.033333,4.753333
1.781545,4.986667,4.720000
1.781946,5.060000,4.806667
1.782348,5.066667,4.813333
1.782749,5.093333,4.886666
1.783150,5.113333,4.860000
1.783551,5.113333,4.873333
1.783953,5.260000,4.906667
1.784354,5.200000,4.886666
1.784755,5.233334,4.906667
1.785156,5.206666,4.940000
1.785558,5.253333,4.973333
1.785959,5.280000,4.920000
1.786361,5.286666,5.093333
1.786762,5.360000,5.026667
1.787164,5.493333,5.060000
1.787565,5.406666,5.060000
1.787966,5.400000,5.093333
1.788367,5.440000,5.140000
1.788769,5.426667,5.153333
1.789171,5.466667,5.166667
1.789572,5.353333,5.180000
1.789975,5.513333,5.060000
1.790376,5.446666,5.240000
1.790777,5.466667,5.266667
1.791178,5.486667,5.173333
1.791580,5.586667,5.253333
1.791982,5.593333,5.286666
1.792383,5.626667,5.326667
1.792784,5.673333,5.346666
1.793185,5.686666,5.373333
1.793587,5.573333,5.413333
1.793988,5.640000,5.413333
1.794390,5.753333,5.413333
1.794791,5.760000,5.453333
1.795193,5.780000,5.500000
1.795595,5.786666,5.486667
1.795997,5.846666,5.506666
1.796398,5.853333,5.533333
1.796799,5.906666,5.506666
1.797201,6.093333,5.586667
1.797603,5.973333,5.626667
1.798006,5.953333,5.606667
1.798408,5.960000,5.666667
1.798809,5.953333,5.706666
1.799210,6.013333,5.760000
1.799611,6.040000,6.186666
1.800012,6.080000,5.733333
1.800413,6.100000,5.760000
1.800815,6.206666,5.806666
1.801216,6.140000,5.793334
1.801618,6.153333,5.833333
1.802020,6.193333,5.800000
1.802422,6.160000,5.853333
1.802824,6.226666,5.900000
1.803226,6.446667,5.940000
1.803627,6.280000,5.933333
1.804028,6.280000,5.940000
1.804429,6.333333,5.940000
1.804830,6.333333,5.953333
1.805231,6.406667,6.033333
1.805633,6.393333,6.060000
1.806034,6.480000,6.040000
1.806435,6.446667,6.093333
1.806836,6.413333,6.086667
1.807237,6.486667,6.133333
1.807639,6.460000,6.146667
1.808040,6.626667,6.166667
1.808442,6.546667,6.226666
1.808843,6.606667,6.220000
1.809245,6.640000,6.253334
1.809646,6.653333,6.260000
1.810047,6.673334,6.446667
1.810449,6.733333,6.286667
1.810850,6.726666,6.346667
1.811251,6.726666,6.373333
1.811652,6.760000,6.466667
1.812053,6.800000,6.400000
1.812455,6.840000,6.406667
1.812857,6.880000,6.446667
1.813258,6.826667,6.453333
1.813660,6.886666,6.446667
1.814062,6.913333,6.453333
1.814463,6.853333,6.533333
1.814866,7.073333,6.620000
1.815267,7.020000,6.540000
1.815669,6.966666,6.640000
1.816070,7.006667,6.640000
1.816471,7.040000,6.660000
1.816873,7.080000,6.686666
1.817275,7.113333,6.726666
1.817677,7.206666,6.786666
1.818078,7.153333,6.753333
1.818479,7.193333,6.826667
1.818880,7.193333,6.806667
1.819281,7.226666,6.826667
1.819682,7.260000,6.853333
1.820083,7.273333,6.893333
1.820484,7.326666,6.886666
1.820885,7.326666,6.946667
1.821287,7.333333,6.953333
1.821688,7.346666,6.993333
1.822089,7.366667,6.986666
1.822490,7.466667,7.040000
1.822891,7.280000,7.006667
1.823293,7.593334,7.053333
1.823695,7.540000,7.026667
1.824097,7.513333,7.106667
1.824498,7.559999,7.106667
1.824899,7.559999,7.146667
1.825300,7.586667,7.160000
1.825701,7.620000,7.193333
1.826102,7.686666,7.233334
1.826504,7.673333,7.253334
1.826905,7.679999,7.260000
1.827307,7.720000,7.286667
1.827708,7.679999,7.219999
1.828109,7.746666,7.340000
1.828511,7.773333,7.266667
1.828912,7.820000,7.353333
1.829313,7.826667,7.340000
1.829714,7.866666,7.440000
1.830115,7.866666,7.453333
1.830517,7.940000,7.446666
1.830918,7.920000,7.506667
1.831319,7.960000,7.520000
1.831720,7.973333,7.533333
1.832122,8.006666,7.600000
1.832524,8.026667,7.573333
1.832925,8.080000,7.606667
1.833326,8.059999,7.993333
1.833727,8.080000,7.673333
1.834129,8.106667,7.673333
1.834531,8.153334,7.693334
1.834932,8.173333,7.766666
1.835333,8.213333,7.773333
1.835734,8.233334,7.780000
1.836135,8.246666,7.853333
1.836537,8.280000,7.813334
1.836938,8.300000,7.866666
1.837340,8.313333,7.866666
1.837741,8.346666,7.873333
1.838143,8.360000,7.940000
1.838544,8.406667,7.906666
1.838946,8.433333,7.980000
1.839347,8.426667,7.986666
1.839748,8.466666,7.993333
1.840149,8.486667,7.986666
1.840550,8.513332,8.033334
1.840951,8.560000,8.093333
1.841353,8.566667,8.093333
1.841754,8.593333,8.133333
1.842155,8.626667,8.146667
1.842557,8.633333,8.160000
1.842958,8.686666,8.179999
1.843359,8.686666,8.220000
1.843761,8.706666,8.166667
1.844163,8.726666,8.253333
1.844565,8.733333,8.300000
1.844966,8.806666,8.740000
1.845367,8.839999,8.213333
1.845768,8.833333,8.393332
1.846169,8.886666,8.379999
1.846571,8.886666,8.426667
1.846973,8.913333,8.393332
1.847374,8.926666,8.353333
1.847775,8.940000,8.493334
1.848176,9.046666,8.466666
1.848577,9.000000,8.566667
1.848978,9.059999,8.639999
1.849379,9.179999,8.566667
1.849780,9.099999,8.599999
1.850181,9.106667,8.606667
1.850582,9.153334,8.653333
1.850983,9.173333,8.740000
1.851384,9.186666,8.680000
1.851786,9.226666,8.800000
1.852187,9.253333,8.726666
1.852588,9.273334,8.753333
1.852989,9.280000,8.780000
1.853390,9.280000,8.839999
1.853791,9.306666,8.866667
1.854192,9.346666,8.800000
1.854593,9.413333,8.800000
1.854996,9.400000,8.913333
1.855398,9.506666,8.933333
1.855799,9.480000,8.973332
1.856200,9.520000,9.059999
1.856602,9.526667,9.266666
1.857003,9.686666,9.006666
1.857404,9.653333,9.093333
1.857807,9.559999,9.099999
1.858209,9.626666,9.320000
1.858611,9.680000,9.093333
1.859014,9.713333,9.140000
1.859415,9.719999,9.186666
1.859816,9.826666,9.160000
1.860217,9.773333,9.200000
1.860619,9.786667,9.253333
1.861020,9.826666,9.299999
1.861422,9.853333,9.260000
1.861823,9.866667,9.320000
1.862225,9.893332,9.346666
1.862626,9.906666,9.346666
1.863027,9.959999,9.346666
1.863429,9.959999,9.346666
1.863830,9.980000,9.440000
1.864232,9.993333,9.506666
1.864633,10.093333,9.533333
1.865034,10.099999,9.499999
1.865437,10.093333,9.460000
1.865838,10.120000,9.586666
1.866239,10.166666,9.606667
1.866640,10.200000,9.626666
1.867041,10.179999,9.646667
1.867443,10.213333,9.666667
1.867845,10.233333,9.719999
1.868248,10.266666,9.706666
1.868650,10.320000,9.733334
1.869051,10.393333,9.793333
1.869452,10.440000,9.793333
1.869855,10.380000,9.806666
1.870256,10.406667,9.800000
1.870657,10.433333,9.886666
1.871058,10.453333,9.893332
1.871459,10.446667,9.913333
1.871861,10.493333,9.860000
1.872263,10.526667,9.966666
1.872664,10.386666,9.980000
1.873066,10.526667,10.006667
1.873468,10.646667,10.026666
1.873869,10.706666,10.053333
1.874270,10.646667,10.120000
1.874671,10.673333,10.093333
1.875072,10.686666,10.126667
1.875475,10.720000,10.140000
1.875876,10.740000,10.173333
1.876277,10.720000,10.146667
1.876679,10.813333,10.240000
1.877080,10.826666,10.200000
1.877482,10.840000,10.260000
1.877883,10.900000,10.286666
1.878285,10.926667,10.306666
1.878687,10.866667,10.320000
1.879089,10.886666,10.353333
1.879490,10.980000,10.380000
1.879891,11.046666,10.440000
1.880292,11.013332,10.440000
1.880693,11.046666,10.453333
1.881094,11.106667,10.493333
1.881496,11.139999,10.493333
1.881897,11.173333,10.486666
1.882298,11.153333,10.559999
1.882699,11.206666,10.540000
1.883100,11.219999,10.586667
1.883502,11.200000,10.606667
1.883903,11.219999,10.666667
1.884305,11.346666,10.653334
1.884707,11.326667,10.653334
1.885110,11.333333,10.726666
1.885511,11.360000,10.759999
1.885912,11.333333,10.746666
1.886314,11.366667,10.833333
1.886716,11.559999,10.846666
1.887119,11.473332,10.866667
1.887520,11.480000,10.873333
1.887922,11.520000,10.900000
1.888325,11.500000,10.940000
1.888726,11.580000,10.926667
1.889129,11.606667,10.940000
1.889530,11.573333,10.960000
1.889931,11.633333,10.993334
1.890333,11.660000,11.026667
1.890734,11.673333,10.960000
1.891135,11.720000,11.193334
1.891537,11.713333,11.079999
1.891938,11.740000,11.146667
1.892339,11.773334,11.180000
1.892740,11.773334,11.166666
1.893141,11.813333,11.200000
1.893543,11.820000,11.200000
1.893944,11.866666,11.233333
1.894346,11.906667,11.313334
1.894747,11.913333,11.273333
1.895148,11.900000,11.313334
1.895550,11.980000,11.306666
1.895951,11.986667,11.339999
1.896352,12.120000,11.360000
1.896754,11.966666,11.373333
1.897155,12.066666,11.420000
1.897557,12.020000,11.453334
1.897958,12.059999,11.453334
1.898359,12.213333,11.460000
1.898761,12.180000,11.480000
1.899162,12.219999,11.533333
1.899564,12.246667,11.539999
1.899965,12.246667,11.559999
1.900367,12.266666,11.613333
1.900769,12.326666,11.606667
1.901170,12.366667,11.626666
1.901571,12.393332,11.679999
1.901972,12.393332,11.720000
1.902374,12.406666,11.693333
1.902775,12.426666,11.720000
1.903176,12.440001,11.726666
1.903577,12.500000,11.780000
1.903978,12.506667,11.846666
1.904379,12.500000,11.860000
1.904780,12.580000,11.833333
1.905183,12.593333,12.033333
1.905585,12.599999,11.866666
1.905986,12.626667,11.620000
1.906387,12.646667,11.960000
1.906789,12.700000,11.966666
1.907190,12.633333,11.973333
1.907591,12.679999,11.986667
1.907992,12.753333,12.040000
1.908396,12.766666,12.033333
1.908797,12.773334,12.100000
1.909198,12.813334,12.093333
1.909599,12.853333,12.100000
1.910002,12.893333,12.186666
1.910404,12.866666,12.153333
1.910805,12.919999,12.213333
1.911207,12.926666,12.219999
1.911609,12.946667,12.253333
1.912010,13.000000,12.106667
1.912411,13.013333,12.326666
1.912814,13.000000,12.339999
1.913215,13.093333,12.333333
1.913616,13.059999,12.093333
1.914019,13.106667,12.420000
1.914421,13.139999,12.386666
1.914822,13.226666,12.453333
1.915223,13.193333,12.506667
1.915625,13.160000,12.480000
1.916026,13.200000,12.506667
1.916428,13.240000,12.533333
1.916829,13.300000,12.580000
1.917232,13.300000,12.593333
1.917634,13.320000,12.613333
1.918035,13.339999,12.593333
1.918436,13.346667,12.593333
1.918839,13.420000,12.646667
1.919240,13.420000,12.686666
1.919641,13.440000,12.700000
1.920042,13.446666,12.706667
1.920443,13.526667,12.766666
1.920844,13.500000,12.760000
1.921245,13.526667,12.766666
1.921646,13.579999,12.840000
1.922047,13.526667,12.860000
1.922448,13.599999,12.886666
1.922850,13.633333,12.860000
1.923251,13.673334,12.919999
1.923652,13.693333,12.946667
1.924053,13.593333,12.946667
1.924455,13.740001,12.946667
1.924856,13.740001,12.993333
1.925257,13.779999,13.033334
1.925662,13.799999,13.026667
1.926065,13.813334,13.073333
1.926466,13.793333,13.106667
1.926867,13.846665,13.120000
1.927268,13.853333,13.126666
1.927670,13.900000,13.133333
1.928071,13.940001,13.173333
1.928472,13.966666,13.213333
1.928875,13.880000,13.193333
1.929276,14.033333,13.339999
1.929678,14.059999,13.200000
1.930079,14.033333,13.293333
1.930482,14.066666,13.300000
1.930884,14.080000,13.320000
1.931286,14.280000,13.346667
1.931687,14.153333,13.379999
1.932088,14.166666,13.379999
1.932490,14.206667,13.460000
1.932891,14.180000,13.433333
1.933293,14.226666,13.440000
1.933694,14.226666,13.466666
1.934095,14.266667,13.533333
1.934497,14.306665,13.500000
1.934898,14.293333,13.533333
1.935299,14.326666,13.566667
1.935700,14.346666,13.559999
1.936101,14.386666,13.646666
1.936503,14.480000,13.620000
1.936904,14.400001,13.593333
1.937306,14.453333,13.700000
1.937707,14.480000,13.686666
1.938108,14.493333,13.700000
1.938510,14.513333,13.673334
1.938911,14.520000,13.706666
1.939312,14.566666,13.793333
1.939713,14.600000,13.653334
1.940114,14.513333,13.806667
1.940516,14.580000,13.813334
1.940918,14.766665,13.826666
1.941319,14.673333,13.880000
1.941721,14.699999,13.906666
1.942122,14.706667,13.906666
1.942524,14.713333,13.986667
1.942925,14.766665,13.979999
1.943326,14.786666,13.926666
1.943728,14.740000,13.993333
1.944129,14.853333,14.013333
1.944531,14.820000,14.026667
1.944932,14.860001,14.080000
1.945334,14.926667,13.999999
1.945735,14.880000,13.566667
1.946136,14.946667,14.086666
1.946537,14.953333,14.233333
1.946938,15.066667,14.146667
1.947340,14.953333,14.200001
1.947742,14.953333,14.206667
1.948144,15.080000,14.173332
1.948545,15.139999,14.259999
1.948947,15.119999,14.173332
1.949348,15.159999,14.293333
1.949749,15.166667,14.293333
1.950150,15.200000,14.340000
1.950551,15.173333,14.340000
1.950952,15.273333,14.400001
1.951354,15.193334,14.406667
1.951755,15.293332,14.439999
1.952157,15.280000,14.433332
1.952558,15.313333,14.386666
1.952959,15.353333,14.493333
1.953361,15.353333,14.506667
1.953762,15.373333,14.420000
1.954163,15.379999,14.540000
1.954565,15.453334,14.559999
1.954966,15.473333,14.559999
1.955367,15.480000,14.600000
1.955769,15.493332,14.673333
1.956171,15.533333,14.693333
1.956573,15.426665,14.666667
1.956975,15.573333,14.713333
1.957376,15.619999,14.693333
1.957777,15.533333,14.713333
1.958178,15.653334,14.719999
1.958579,15.653334,14.733334
1.958982,15.619999,14.780000
1.959384,15.673333,14.766665
1.959786,15.700000,14.786666
1.960187,15.720000,14.853333
1.960589,15.760000,14.846666
1.960990,15.760000,14.866667
1.961395,15.773333,14.926667
1.961796,15.860000,14.906667
1.962197,15.873333,14.933333
1.962599,15.853333,14.953333
1.963000,15.920000,14.919999
1.963402,15.900000,14.953333
1.963803,15.846667,14.953333
1.964205,15.926666,14.953333
1.964606,15.953332,14.953333
1.965007,15.926666,15.106667
1.965409,16.020000,15.126667
1.965810,16.013332,15.066667
1.966211,16.006666,14.953333
1.966613,16.066668,15.153333
1.967016,16.086666,15.219999
1.967417,16.113333,15.213333
1.967818,16.126665,15.219999
1.968219,16.146666,15.226665
1.968620,16.133333,15.273333
1.969021,16.200001,15.226665
1.969422,16.206667,15.306666
1.969823,16.233332,15.393333
1.970224,16.273333,15.366667
1.970626,16.386665,15.393333
1.971027,16.286667,15.366667
1.971429,16.293333,15.406667
1.971830,16.353333,15.400000
1.972231,16.293333,15.400000
1.972633,16.366665,15.500000
1.973034,16.226665,15.480000
1.973437,16.400000,15.433333
1.973838,16.359999,15.513332
1.974239,16.440001,15.560000
1.974640,16.486666,15.573333
1.975042,16.493332,15.593333
1.975443,16.519999,15.599999
1.975844,16.533333,15.586667
1.976245,16.573334,15.633333
1.976646,16.553333,15.633333
1.977047,16.600000,15.693334
1.977449,16.619999,15.700000
1.977850,16.633331,15.720000
1.978251,16.666666,15.720000
1.978653,16.673332,15.733333
1.979054,16.666666,15.673333
1.979456,16.779999,15.780001
1.979857,16.746666,15.793333
1.980259,16.753332,15.860000
1.980660,16.779999,15.853333
1.981061,16.786665,15.993333
1.981463,16.820000,15.973332
1.981864,16.840000,15.920000
1.982265,16.820000,15.853333
1.982666,16.913332,15.913334
1.983067,16.853334,15.920000
1.983469,16.866667,15.946666
1.983870,16.879999,15.980000
1.984272,16.900000,15.980000
1.984673,16.906666,16.006666
1.985074,16.900000,16.006666
1.985476,16.939999,16.039999
1.985877,16.959999,16.066668
1.986279,16.993334,16.073334
1.986680,17.000000,16.106665
1.987082,17.000000,16.219999
1.987483,16.993334,16.113333
1.987884,17.046665,16.173334
1.988286,16.986668,16.153334
1.988687,17.039999,16.099998
1.989088,17.066666,16.193333
1.989489,17.106667,16.406666
1.989892,17.073334,16.273333
1.990294,17.113333,16.340000
1.990695,17.126667,16.266666
1.991096,17.113333,16.286667
1.991498,17.186666,16.333334
1.991900,17.186666,16.326666
1.992301,17.186666,16.373333
1.992703,17.253334,16.420000
1.993104,17.226667,16.373333
1.993506,17.246666,16.373333
1.993907,17.273333,16.373333
1.994309,17.273333,16.440001
1.994710,17.306665,16.446667
1.995111,17.299999,16.446667
1.995512,17.333332,16.346666
1.995913,17.346666,16.506666
1.996315,17.173332,16.526667
1.996716,17.313332,16.506666
1.997117,17.400000,16.879999
1.997520,17.366667,16.680000
1.997921,17.466665,16.586666
1.998323,17.446667,16.546667
1.998724,17.459999,16.626665
1.999125,17.426666,16.646666
1.999526,17.480000,16.646666
1.999927,17.486666,16.646666
2.000329,17.513334,16.653332
2.000730,17.533333,16.713333
2.001132,17.500000,16.759998
2.001534,17.559999,16.753332
2.001935,17.559999,16.893332
2.002337,17.613333,16.713333
2.002739,17.686666,16.806665
2.003140,17.626667,16.799999
2.003542,17.639999,16.786665
2.003943,17.760000,16.793333
2.004345,17.673332,16.826666
2.004746,17.699999,16.820000
2.005147,17.686666,16.873333
2.005550,17.719999,16.860001
2.005951,17.753334,16.886665
2.006352,17.719999,16.886665
2.006754,17.760000,16.900000
