0.000000,19.193333,18.226665
0.000401,19.173332,18.346666
0.000802,19.186666,18.186666
0.001203,19.186666,18.246666
0.001604,19.206667,18.233332
0.002005,19.253332,18.266666
0.002407,19.266666,18.266666
0.002808,19.226667,18.273333
0.003209,19.259998,18.346666
0.003614,19.253332,18.286667
0.004015,19.253332,18.339998
0.004416,19.279999,18.273333
0.004817,19.053333,18.333332
0.005218,19.299999,18.400000
0.005619,19.293333,18.379999
0.006020,19.306665,18.333332
0.006422,19.313334,18.379999
0.006823,19.320000,18.366667
0.007224,19.320000,18.346666
0.007625,19.353334,18.379999
0.008026,19.453333,18.400000
0.008428,19.326666,18.379999
0.008829,19.386665,18.413334
0.009230,19.373333,18.366667
0.009631,19.360001,18.413334
0.010032,19.393332,18.413334
0.010434,19.379999,18.400000
0.010836,19.386665,18.426666
0.011238,19.379999,18.420000
0.011639,19.393332,18.400000
0.012041,19.393332,18.426666
0.012442,19.420000,18.440001
0.012844,19.426666,18.400000
0.013245,19.439999,18.453333
0.013647,19.406666,18.446667
0.014048,19.473333,18.526667
0.014449,19.439999,18.473331
0.014850,19.459999,18.493332
0.015252,19.506666,18.646666
0.015653,19.473333,18.533333
0.016054,19.500000,18.520000
0.016456,19.480000,18.546667
0.016858,19.473333,18.553333
0.017260,19.473333,18.539999
0.017661,19.526665,18.513332
0.018062,19.533333,18.546667
0.018463,19.573334,18.520000
0.018865,19.546665,18.559999
0.019266,19.526665,18.466665
0.019668,19.573334,18.646666
0.020070,19.553333,18.526667
0.020471,19.593332,18.586666
0.020873,19.613333,18.580000
0.021275,19.586666,18.599998
0.021676,19.566666,18.599998
0.022077,19.566666,18.606665
0.022478,19.593332,18.613333
0.022879,19.593332,18.599998
0.023280,19.566666,18.639999
0.023681,19.600000,18.606665
0.024083,19.559999,18.646666
0.024485,19.593332,18.633333
0.024887,19.626667,18.639999
0.025288,19.626667,18.639999
0.025689,19.620001,18.646666
0.026090,19.613333,18.626665
0.026491,19.719999,18.639999
0.026892,19.639999,18.746666
0.027294,19.653332,18.673334
0.027697,19.673332,18.660000
0.028098,19.646666,18.680000
0.028499,19.666666,18.660000
0.028901,19.666666,18.639999
0.029302,19.659998,18.700001
0.029703,19.673332,18.653334
0.030104,19.666666,18.646666
0.030505,19.706667,18.733332
0.030906,19.679998,18.673334
0.031308,19.699999,18.706667
0.031709,19.686666,18.693333
0.032110,19.686666,18.713333
0.032511,19.740000,18.693333
0.032913,19.733334,18.740000
0.033314,19.706667,18.719999
0.033716,19.733334,18.686666
0.034117,19.693333,18.726665
0.034518,19.699999,18.673334
0.034919,19.600000,18.713333
0.035320,19.746666,18.766666
0.035722,19.740000,18.766666
0.036123,19.753334,18.726665
0.036524,19.719999,18.713333
0.036925,19.713333,18.746666
0.037327,19.760000,18.753332
0.037728,19.786665,18.753332
0.038130,19.733334,18.779999
0.038533,19.753334,18.813334
0.038934,19.773333,18.773333
0.039336,19.766666,18.766666
0.039737,19.773333,18.766666
0.040138,19.820000,18.766666
0.040539,19.760000,18.779999
0.040940,19.786665,18.693333
0.041341,19.793333,18.859999
0.041743,19.793333,18.799999
0.042145,19.779999,18.706667
0.042547,19.719999,18.766666
0.042948,19.793333,18.793333
0.043349,19.793333,18.793333
0.043750,19.793333,18.786667
0.044151,19.793333,18.779999
0.044552,19.786665,18.719999
0.044953,19.786665,18.773333
0.045354,19.786665,18.799999
0.045756,19.799999,18.799999
0.046157,19.833332,18.873333
0.046558,19.833332,18.646666
0.046959,19.813332,18.813334
0.047361,19.806665,18.806667
0.047762,19.793333,18.786667
0.048163,19.866667,18.840000
0.048564,19.713333,18.833334
0.048965,19.826666,18.786667
0.049367,19.826666,18.806667
0.049768,19.820000,18.846666
0.050169,19.833332,18.820000
0.050571,19.820000,18.806667
0.050972,19.726667,18.920000
0.051373,19.840000,18.826666
0.051775,19.880001,18.813334
0.052176,19.906666,18.826666
0.052578,19.813332,18.820000
0.052979,19.833332,18.879999
0.053381,19.833332,18.779999
0.053782,19.866667,18.833334
0.054183,19.840000,18.833334
0.054584,19.900000,18.840000
0.054985,19.846666,18.766666
0.055387,19.833332,18.833334
0.055789,19.906666,18.833334
0.056191,19.840000,18.826666
0.056593,19.840000,18.799999
0.056994,19.833332,18.826666
0.057396,19.840000,18.840000
0.057797,19.840000,18.833334
0.058198,19.840000,18.873333
0.058599,19.866667,18.826666
0.059001,19.733334,18.806667
0.059402,19.853333,18.813334
0.059804,19.846666,18.833334
0.060205,19.846666,18.859999
0.060606,19.860001,18.853333
0.061008,19.840000,18.866665
0.061409,19.880001,18.853333
0.061810,19.833332,18.826666
0.062212,19.933332,18.826666
0.062614,19.880001,18.826666
0.063015,19.833332,18.826666
0.063416,19.846666,18.726665
0.063817,19.833332,18.840000
0.064219,19.840000,18.833334
0.064620,19.840000,18.820000
0.065022,19.840000,19.106667
0.065423,19.840000,18.886665
0.065825,19.833332,18.846666
0.066226,19.846666,18.853333
0.066627,19.880001,18.813334
0.067029,19.833332,18.833334
0.067430,19.799999,18.813334
0.067831,19.826666,18.813334
0.068233,19.826666,18.799999
0.068634,19.853333,18.820000
0.069036,19.820000,18.833334
0.069437,19.840000,18.833334
0.069838,19.786665,18.833334
0.070239,19.799999,18.806667
0.070640,19.793333,18.833334
0.071041,19.806665,18.779999
0.071442,19.820000,18.799999
0.071843,19.813332,18.793333
0.072245,19.826666,18.820000
0.072646,19.806665,18.766666
0.073047,19.813332,18.799999
0.073449,19.779999,18.793333
0.073850,19.799999,18.820000
0.074251,19.813332,18.813334
0.074652,19.833332,18.820000
0.075054,19.813332,18.813334
0.075455,19.786665,18.799999
0.075857,19.753334,18.786667
0.076258,19.726667,18.766666
0.076659,19.793333,18.746666
0.077061,19.786665,18.813334
0.077462,19.853333,18.779999
0.077863,19.673332,18.753332
0.078265,19.806665,18.786667
0.078667,19.760000,18.773333
0.079069,19.779999,18.766666
0.079470,19.793333,18.840000
0.079871,19.760000,18.646666
0.080274,19.726667,18.753332
0.080675,19.779999,18.759998
0.081077,19.766666,18.766666
0.081478,19.760000,18.759998
0.081880,19.746666,18.766666
0.082281,19.740000,18.653334
0.082682,19.740000,18.753332
0.083083,19.799999,18.753332
0.083484,19.686666,18.766666
0.083886,19.733334,18.740000
0.084287,19.473333,18.740000
0.084688,19.693333,18.726665
0.085089,19.886667,18.713333
0.085490,19.733334,18.740000
0.085891,19.706667,18.713333
0.086293,19.719999,18.793333
0.086695,19.713333,18.740000
0.087096,19.826666,18.779999
0.087497,19.693333,18.920000
0.087898,19.686666,18.713333
0.088299,19.626667,18.713333
0.088700,19.686666,18.693333
0.089101,19.653332,18.700001
0.089503,19.673332,18.673334
0.089905,19.679998,18.680000
0.090306,19.686666,18.693333
0.090707,19.659998,18.693333
0.091108,19.673332,18.673334
0.091510,19.679998,18.646666
0.091911,19.673332,18.680000
0.092312,19.653332,18.646666
0.092713,19.613333,18.646666
0.093114,19.646666,18.653334
0.093516,19.646666,18.626665
0.093917,19.653332,18.653334
0.094319,19.633333,18.626665
0.094720,19.626667,18.680000
0.095122,19.626667,18.580000
0.095523,19.613333,18.593332
0.095925,19.586666,18.660000
0.096327,19.593332,18.613333
0.096729,19.526665,18.633333
0.097131,19.586666,18.613333
0.097532,19.593332,18.606665
0.097934,19.580000,18.599998
0.098335,19.620001,18.586666
0.098736,19.559999,18.599998
0.099137,19.566666,18.586666
0.099539,19.553333,18.553333
0.099940,19.566666,18.573334
0.100342,19.546665,18.506666
0.100743,19.493334,18.539999
0.101145,19.533333,18.626665
0.101547,19.526665,18.440001
0.101948,19.526665,18.520000
0.102349,19.506666,18.533333
0.102750,19.526665,18.520000
0.103152,19.473333,18.526667
0.103553,19.480000,18.526667
0.103954,19.526665,18.379999
0.104355,19.593332,18.520000
0.104756,19.533333,18.513332
0.105157,19.473333,18.553333
0.105558,19.439999,18.506666
0.105960,19.433332,18.500000
0.106362,19.433332,18.486666
0.106764,19.306665,18.473331
0.107166,19.406666,18.453333
0.107568,19.413332,18.466665
0.107970,19.420000,18.546667
0.108372,19.459999,18.466665
0.108774,19.366667,18.446667
0.109177,19.373333,18.440001
0.109578,19.373333,18.446667
0.109980,19.400000,18.440001
0.110381,19.306665,18.406666
0.110782,19.400000,18.406666
0.111183,19.346666,18.393333
0.111584,19.360001,18.406666
0.111986,19.333334,18.400000
0.112389,19.373333,18.393333
0.112792,19.333334,18.353333
0.113194,19.326666,18.379999
0.113596,19.286665,18.353333
0.113997,19.320000,18.366667
0.114398,19.299999,18.346666
0.114800,19.293333,18.339998
0.115201,19.346666,18.346666
0.115603,19.326666,18.306667
0.116004,19.286665,18.333332
0.116406,19.273333,18.320000
0.116807,19.293333,18.286667
0.117208,19.246666,18.273333
0.117612,19.206667,18.226665
0.118014,19.226667,18.266666
0.118415,19.226667,18.293333
0.118816,19.213333,18.020000
0.119218,19.226667,18.273333
0.119619,19.173332,18.280001
0.120020,19.200001,18.273333
0.120422,19.186666,18.213333
0.120823,19.186666,18.233332
0.121225,19.173332,18.286667
0.121626,19.219999,18.233332
0.122027,19.273333,18.113333
0.122429,19.160000,18.193333
0.122830,19.133331,18.193333
0.123232,19.106667,18.246666
0.123633,19.100000,18.180000
0.124034,19.086666,18.146666
0.124435,19.113333,18.153334
0.124836,19.100000,18.146666
0.125239,19.106667,18.153334
0.125640,19.046667,18.139999
0.126041,19.073334,18.106667
0.126442,18.966667,18.139999
0.126843,19.059999,18.106667
0.127245,19.026667,18.106667
0.127646,19.026667,18.066666
0.128047,19.013332,18.113333
0.128449,19.013332,18.086666
0.128850,18.999998,18.046667
0.129252,18.980000,18.086666
0.129653,18.993332,18.079998
0.130055,18.946667,18.113333
0.130456,18.946667,18.006666
0.130857,18.913332,18.013332
0.131258,18.933332,18.013332
0.131660,18.940001,17.973333
0.132061,18.920000,17.980000
0.132462,18.646666,17.973333
0.132864,18.933332,18.020000
0.133265,18.886665,17.953333
0.133666,18.920000,17.926666
0.134068,18.833334,17.846666
0.134470,18.826666,17.933332
0.134873,18.840000,17.886667
0.135274,18.840000,17.886667
0.135675,18.773333,17.900000
0.136076,18.806667,17.959999
0.136478,18.766666,17.900000
0.136880,18.799999,17.873333
0.137281,18.859999,17.900000
0.137683,18.799999,17.846666
0.138084,18.806667,17.840000
0.138485,18.693333,17.840000
0.138886,18.759998,17.826666
0.139288,18.740000,17.826666
0.139689,18.706667,17.799999
0.140091,18.726665,17.813332
0.140492,18.693333,17.900000
0.140893,18.713333,17.806665
0.141294,18.686666,17.760000
0.141695,18.639999,17.760000
0.142096,18.646666,17.753334
0.142497,18.646666,17.760000
0.142898,18.626665,17.753334
0.143299,18.613333,17.746666
0.143700,18.613333,17.713333
0.144101,18.573334,17.713333
0.144502,18.493332,17.666666
0.144903,18.586666,17.686666
0.145304,18.580000,17.719999
0.145705,18.546667,17.679998
0.146107,18.520000,17.666666
0.146508,18.539999,17.639999
0.146910,18.520000,17.613333
0.147311,18.500000,17.606667
0.147712,18.500000,17.613333
0.148113,18.400000,17.586666
0.148515,18.526667,17.539999
0.148916,18.433334,17.539999
0.149318,18.446667,17.586666
0.149720,18.446667,17.480000
0.150121,18.386665,17.480000
0.150523,18.366667,17.486666
0.150924,18.400000,17.500000
0.151326,18.359999,17.473333
0.151728,18.320000,17.433332
0.152129,18.359999,17.459999
0.152530,18.286667,17.446667
0.152931,18.339998,17.406666
0.153332,18.366667,17.393333
0.153734,18.293333,17.419998
0.154136,18.219999,17.386667
0.154537,18.299999,17.366667
0.154938,18.273333,17.406666
0.155339,18.173334,17.333332
0.155740,18.260000,17.333332
0.156141,18.240000,17.346666
0.156542,18.233332,17.333332
0.156943,18.206665,17.293333
0.157347,18.186666,17.419998
0.157748,18.180000,17.333332
0.158149,18.153334,17.260000
0.158551,18.139999,17.266666
0.158952,18.193333,17.266666
0.159355,18.113333,17.253334
0.159756,18.119999,17.240000
0.160157,18.106667,17.106667
0.160559,18.073332,17.179998
0.160960,18.059999,17.166666
0.161361,18.079998,17.186666
0.161762,18.093332,17.013332
0.162163,17.993332,17.166666
0.162564,18.086666,17.100000
0.162965,17.980000,17.139999
0.163367,17.993332,17.093332
0.163768,17.980000,17.080000
0.164169,17.953333,17.093332
0.164571,17.959999,17.066666
0.164972,17.933332,17.073334
0.165374,17.920000,17.039999
0.165775,17.913334,16.993334
0.166176,17.893333,17.013332
0.166578,17.846666,17.006666
0.166979,17.846666,16.980000
0.167381,17.906668,16.959999
0.167783,18.026667,16.959999
0.168184,17.859999,16.900000
0.168586,17.820000,16.953333
0.168989,17.806665,16.939999
0.169390,17.799999,16.959999
0.169792,17.799999,16.913332
0.170193,17.766666,16.913332
0.170594,17.726665,16.913332
0.170995,17.740000,16.879999
0.171396,17.706665,16.860001
0.171797,17.760000,16.846666
0.172198,17.673332,16.846666
0.172600,17.673332,16.833334
0.173001,17.639999,16.826666
0.173402,17.626667,16.806665
0.173804,17.619999,16.846666
0.174205,17.613333,16.759998
0.174606,17.593332,16.786665
0.175007,17.539999,16.779999
0.175409,17.539999,16.713333
0.175810,17.506666,16.726667
0.176211,17.520000,16.713333
0.176612,17.486666,16.673332
0.177013,17.486666,16.660000
0.177415,17.439999,16.626665
0.177817,17.473333,16.639999
0.178218,17.459999,16.639999
0.178619,17.373333,16.566666
0.179020,17.406666,16.619999
0.179422,17.366667,16.619999
0.179823,17.400000,16.586666
0.180224,17.346666,16.619999
0.180625,17.340000,16.519999
0.181026,17.320000,16.486666
0.181428,17.213333,16.506666
0.181829,17.333332,16.486666
0.182230,17.293333,16.440001
0.182631,17.279999,16.446667
0.183032,17.266666,16.446667
0.183434,17.253334,16.453333
0.183835,17.240000,16.366665
0.184236,17.226667,16.359999
0.184637,17.219999,16.353333
0.185039,17.106667,16.366665
0.185441,17.153332,16.279999
0.185842,17.159998,16.353333
0.186244,17.166666,16.326666
0.186645,17.113333,16.279999
0.187046,17.080000,16.093332
0.187448,17.100000,16.299999
0.187849,17.073334,16.200001
0.188251,17.039999,16.240000
0.188652,17.033333,16.180000
0.189053,17.053333,16.173334
0.189455,17.013332,16.126665
0.189856,16.986668,16.099998
0.190257,16.959999,16.099998
0.190659,16.926666,16.099998
0.191060,16.913332,16.080000
0.191461,16.920000,16.073334
0.191862,16.913332,16.046667
0.192263,16.879999,16.020000
0.192666,16.866667,16.039999
0.193069,16.873333,15.873333
0.193470,16.879999,15.973332
0.193872,16.853334,15.973332
0.194274,16.833334,15.993333
0.194676,16.806665,15.913334
0.195077,16.886665,15.926666
0.195479,16.786665,15.886665
0.195881,16.766666,15.920000
0.196282,16.779999,15.913334
0.196683,16.746666,15.860000
0.197084,16.759998,15.826667
0.197486,16.719999,15.773333
0.197888,16.706667,15.746666
0.198289,16.660000,15.746666
0.198690,16.639999,15.733333
0.199091,16.606667,15.720000
0.199492,16.619999,15.740000
0.199895,16.606667,15.700000
0.200297,16.573334,15.633333
0.200699,16.613333,15.646666
0.201100,16.533333,15.599999
0.201501,16.499998,15.593333
0.201902,16.480000,15.573333
0.202303,16.466667,15.560000
0.202704,16.446667,15.566667
0.203107,16.433332,15.520000
0.203508,16.406666,15.526667
0.203909,16.379999,15.520000
0.204311,16.466667,15.573333
0.204713,16.393333,15.486666
0.205114,16.326666,15.446666
0.205516,16.326666,15.413333
0.205917,16.273333,15.393333
0.206319,16.233332,15.280000
0.206720,16.266666,15.386667
0.207121,16.240000,15.313333
0.207523,16.213333,15.306666
0.207924,16.186666,15.306666
0.208325,16.166666,15.280000
0.208726,16.126665,15.293332
0.209127,16.046667,15.306666
0.209529,16.093332,15.139999
0.209931,16.080000,15.219999
0.210332,15.986667,15.206666
0.210733,16.066668,15.193334
0.211134,16.013332,15.146667
0.211536,15.946666,15.166667
0.211938,15.926666,15.126667
0.212340,15.953332,15.080000
0.212742,16.020000,15.086666
0.213143,15.920000,14.953333
0.213544,15.900000,15.080000
0.213945,15.839999,14.953333
0.214348,15.839999,15.100000
0.214749,15.839999,14.953333
0.215151,15.806666,14.940000
0.215552,15.933333,14.886666
0.215954,15.799999,14.880000
0.216355,15.700000,14.899999
0.216756,15.740000,14.866667
0.217157,15.686666,14.800000
0.217558,15.679999,14.886666
0.217959,15.646666,14.719999
0.218362,15.786667,14.780000
0.218763,15.799999,14.753333
0.219164,15.586667,14.706667
0.219565,15.599999,14.693333
0.219966,15.553332,14.666667
0.220367,15.486666,14.633332
0.220768,15.520000,14.659999
0.221169,15.466666,14.633332
0.221570,15.393333,14.600000
0.221971,15.486666,14.600000
0.222374,15.333333,14.559999
0.222777,15.386667,14.540000
0.223178,15.353333,14.506667
0.223579,15.340000,14.446667
0.223980,15.320001,14.446667
0.224381,15.313333,14.506667
0.224782,15.293332,14.473333
0.225183,15.253334,14.426666
0.225584,15.233334,14.413333
0.225985,15.240000,14.386666
0.226387,15.193334,14.353333
0.226788,14.893332,14.373332
0.227189,15.173333,14.340000
0.227591,15.166667,14.320000
0.227992,15.173333,14.293333
0.228395,15.100000,14.280000
0.228796,14.953333,14.259999
0.229197,15.073333,14.386666
0.229599,14.873333,14.173332
0.230000,14.953333,14.173332
0.230401,14.953333,14.173332
0.230802,15.026666,14.153333
0.231203,14.946667,14.120000
0.231605,14.886666,14.113334
0.232006,14.886666,14.080000
0.232408,14.873333,13.993333
0.232810,14.826666,14.033333
0.233212,14.806666,14.020000
0.233613,14.753333,13.999999
0.234014,14.733334,13.946667
0.234415,14.740000,13.993333
0.234816,14.699999,13.966666
0.235218,14.699999,13.900000
0.235620,14.646667,13.886666
0.236022,14.653333,13.900000
0.236423,14.646667,13.860000
0.236824,14.646667,13.826666
0.237225,14.673333,13.826666
0.237626,14.633332,13.806667
0.238027,14.533334,13.646666
0.238429,14.559999,13.713332
0.238831,14.499999,13.713332
0.239232,14.480000,13.746667
0.239634,14.453333,13.713332
0.240036,14.420000,13.700000
0.240437,14.386666,13.493333
0.240838,14.373332,13.646666
0.241240,14.353333,13.586667
0.241642,14.340000,13.620000
0.242043,14.333334,13.466666
0.242446,14.320000,13.546667
0.242847,14.306665,13.500000
0.243248,14.126666,13.506666
0.243650,14.200001,13.406666
0.244052,14.193333,13.593333
0.244454,14.173332,13.440000
0.244855,14.180000,13.406666
0.245256,14.053333,13.346667
0.245657,14.113334,13.353333
0.246058,14.106666,13.353333
0.246460,14.046667,13.300000
0.246861,14.146667,13.280000
0.247262,14.020000,13.280000
0.247664,13.933332,13.246666
0.248065,13.973332,13.220000
0.248467,13.973332,13.246666
0.248868,13.999999,13.246666
0.249270,13.886666,13.193333
0.249671,13.893333,13.093333
0.250072,13.833333,13.120000
0.250473,13.820000,13.100000
0.250874,13.773333,13.066667
0.251275,13.813334,13.086667
0.251676,13.779999,13.026667
0.252077,13.720000,13.006666
0.252478,13.720000,12.980000
0.252880,13.680000,12.966667
0.253282,13.633333,12.940000
0.253684,13.700000,12.940000
0.254085,13.620000,12.893333
0.254487,13.613334,12.880000
0.254888,13.573333,12.860000
0.255289,13.453332,12.860000
0.255691,13.513332,12.806666
0.256093,13.506666,12.786666
0.256496,13.466666,12.766666
0.256898,13.466666,12.860000
0.257299,13.453332,12.733333
0.257701,13.406666,12.766666
0.258102,13.360000,12.686666
0.258503,13.366667,12.673333
0.258905,13.339999,12.613333
0.259306,13.373333,12.593333
0.259708,13.313333,12.593333
0.260110,13.259999,12.593333
0.260511,13.286667,12.620000
0.260912,13.233334,12.546666
0.261314,13.193333,12.493333
0.261716,13.173333,12.493333
0.262117,13.146667,12.520000
0.262518,13.166667,12.426666
0.262919,13.033334,12.506667
0.263320,13.113333,12.406666
0.263721,13.066667,12.386666
0.264123,13.046666,12.300000
0.264524,12.973333,12.300000
0.264925,12.953333,12.306666
0.265327,12.980000,12.280000
0.265728,12.853333,12.233334
0.266131,12.900000,12.226666
0.266532,12.886666,12.206666
0.266934,12.880000,12.193333
0.267335,12.826667,12.133333
0.267737,12.806666,12.126666
0.268138,12.780000,12.106667
0.268540,12.780000,12.080000
0.268943,12.740000,12.059999
0.269348,12.726666,11.986667
0.269749,12.686666,12.153333
0.270150,12.653333,11.960000
0.270552,12.606667,11.920000
0.270953,12.573334,12.033333
0.271354,12.613333,11.906667
0.271755,12.566667,11.879999
0.272156,12.566667,11.853333
0.272558,12.533333,11.740000
0.272960,12.506667,11.820000
0.273361,12.506667,11.813333
0.273762,12.459999,11.760000
0.274163,12.420000,11.726666
0.274564,12.373333,11.753333
0.274965,12.360000,11.679999
0.275367,12.333333,11.679999
0.275768,12.333333,11.640000
0.276169,12.280000,11.646667
0.276570,12.300000,11.640000
0.276971,12.253333,11.593333
0.277374,12.200000,11.559999
0.277775,12.233334,11.553333
0.278176,12.120000,11.506666
0.278577,12.066666,11.486667
0.278978,12.106667,11.666666
0.279380,12.113334,11.386666
0.279781,12.073333,11.373333
0.280182,12.033333,11.460000
0.280584,12.020000,11.366667
0.280986,11.999999,11.366667
0.281388,11.946667,11.086666
0.281789,11.900000,11.300000
0.282190,11.906667,11.300000
0.282591,11.886666,11.253333
0.282993,11.873333,11.240000
0.283395,11.746666,11.193334
0.283796,11.820000,11.193334
0.284197,11.860000,11.106667
0.284598,11.773334,11.066667
0.284999,11.740000,11.126667
0.285401,11.720000,11.086666
0.285802,11.706667,11.053333
0.286203,11.653334,11.033333
0.286604,11.633333,11.046666
0.287005,11.706667,11.013332
0.287407,11.706667,11.006666
0.287808,11.586667,11.000000
0.288209,11.533333,10.966666
0.288613,11.533333,10.933333
0.289014,11.593333,10.913333
0.289415,11.453334,10.893332
0.289816,11.453334,10.840000
0.290218,11.380000,10.813333
0.290620,11.433333,10.793333
0.291023,11.406666,10.793333
0.291424,11.360000,10.746666
0.291826,11.320000,10.720000
0.292227,11.079999,10.686666
0.292629,11.233333,10.580000
0.293031,11.233333,10.673333
0.293433,11.146667,10.606667
0.293835,11.186666,10.666667
0.294237,11.253333,10.586667
0.294639,11.079999,10.580000
0.295040,11.193334,10.639999
0.295442,11.099999,10.520000
0.295843,11.040000,10.486666
0.296245,10.993334,10.466667
0.296646,11.026667,10.406667
0.297047,11.000000,10.433333
0.297449,10.986667,10.386666
0.297850,10.953333,10.353333
0.298252,10.920000,10.353333
0.298654,10.879999,10.333333
0.299056,10.933333,10.320000
0.299457,10.840000,10.260000
0.299858,10.793333,10.213333
0.300259,10.786667,10.219999
0.300660,10.773334,10.226666
0.301061,10.773334,10.260000
0.301462,10.726666,10.140000
0.301863,10.706666,10.146667
0.302265,10.646667,10.133333
0.302667,10.660000,10.126667
0.303069,10.606667,10.059999
0.303470,10.606667,10.080000
0.303871,10.626666,10.046666
0.304272,10.553332,10.206667
0.304673,10.493333,9.953333
0.305075,10.486666,9.906666
0.305476,10.480000,9.953333
0.305877,10.440000,9.880000
0.306278,10.419999,9.873333
0.306680,10.386666,9.833333
0.307081,10.373333,9.786667
0.307483,10.340000,9.793333
0.307884,10.313334,9.740000
0.308286,10.286666,9.773333
0.308688,10.313334,9.713333
0.309089,10.260000,9.713333
0.309490,10.240000,9.706666
0.309891,10.153333,9.626666
0.310292,10.206667,9.613334
0.310694,10.153333,9.613334
0.311096,10.140000,9.613334
0.311497,10.153333,9.613334
0.311898,10.080000,9.346666
0.312299,10.040000,9.526667
0.312700,10.000000,9.480000
0.313102,9.986667,9.493333
0.313503,9.973333,9.466666
0.313904,9.953333,9.346666
0.314306,9.940001,9.346666
0.314707,9.926666,9.346666
0.315109,9.866667,9.346666
0.315510,9.860000,9.326667
0.315911,9.853333,9.266666
0.316313,9.800000,9.266666
0.316714,9.786667,9.260000
0.317117,9.726666,9.200000
0.317518,9.766666,9.140000
0.317919,9.719999,9.173333
0.318321,9.660000,9.160000
0.318722,9.673333,9.093333
0.319123,9.646667,9.020000
0.319524,9.613334,9.106667
0.319927,9.559999,9.086667
0.320328,9.600000,9.013333
0.320730,9.613334,9.006666
0.321131,9.546667,8.933333
0.321532,9.559999,8.966666
0.321933,9.453333,8.920000
0.322335,9.346666,8.833333
0.322736,9.346666,8.900000
0.323138,9.346666,8.860000
0.323539,9.320000,8.833333
0.323940,9.313333,8.820000
0.324342,9.260000,8.766666
0.324743,9.286667,8.760000
0.325146,9.226666,8.760000
0.325548,9.226666,8.713333
0.325949,9.179999,8.946667
0.326351,9.160000,8.653333
0.326752,9.193333,8.666666
0.327153,9.099999,8.639999
0.327555,9.153334,8.613334
0.327956,9.066667,8.573333
0.328357,9.026667,8.566667
0.328759,9.039999,8.639999
0.329161,8.973332,8.513332
0.329563,8.933333,8.546666
0.329964,8.926666,8.453333
0.330366,8.953334,8.426667
0.330767,8.873333,8.393332
0.331168,8.846666,8.393332
0.331570,8.833333,8.373333
0.331972,8.800000,8.446666
0.332374,8.760000,8.200000
0.332775,8.746667,8.273334
0.333176,8.740000,8.286667
0.333578,8.753333,8.300000
0.333981,8.726666,8.213333
0.334383,8.613334,8.166667
0.334784,8.653333,8.086667
0.335187,8.533333,8.133333
0.335589,8.613334,8.113333
0.335991,8.566667,8.126666
0.336393,8.533333,8.046666
0.336794,8.446666,8.040000
0.337195,8.393332,7.993333
0.337597,8.406667,8.033334
0.337998,8.440000,7.946667
0.338400,8.413333,7.966667
0.338802,8.406667,7.946667
0.339205,8.360000,7.906666
0.339606,8.326666,7.886666
0.340007,8.326666,7.873333
0.340408,8.273334,7.813334
0.340810,8.300000,7.826667
0.341211,8.213333,7.786666
0.341612,8.213333,7.760000
0.342014,8.186666,7.760000
0.342415,8.139999,7.720000
0.342816,8.120000,7.693334
0.343218,8.113333,7.686666
0.343619,8.073333,7.620000
0.344020,8.040000,7.679999
0.344422,8.033334,7.566667
0.344824,8.059999,7.593334
0.345226,8.020000,7.566667
0.345627,7.913333,7.533333
0.346030,7.920000,7.500000
0.346433,7.873333,7.500000
0.346835,7.900000,7.466667
0.347236,7.906666,7.453333
0.347637,7.840000,7.440000
0.348038,7.840000,7.386667
0.348440,7.800000,7.346666
0.348843,7.746666,7.333333
0.349245,7.753333,7.340000
0.349647,7.700000,7.260000
0.350048,7.686666,7.280000
0.350449,7.700000,7.280000
0.350850,7.593334,7.240000
0.351252,7.606667,7.173333
0.351654,7.586667,7.180000
0.352056,7.579999,7.226666
0.352458,7.546666,7.160000
0.352861,7.520000,7.146667
0.353262,7.493333,7.153333
0.353664,7.473333,7.113333
0.354065,7.413333,7.033333
0.354467,7.446666,7.066666
0.354870,7.393333,6.993333
0.355271,7.353333,6.993333
0.355673,7.326666,7.006667
0.356076,7.366667,6.953333
0.356477,7.293333,6.913333
0.356880,7.226666,6.846666
0.357281,7.246666,6.900000
0.357682,7.240000,6.853333
0.358083,7.206666,6.833333
0.358485,7.200000,6.893333
0.358886,7.160000,6.780000
0.359287,7.140000,6.780000
0.359688,7.113333,6.740000
0.360090,7.020000,6.746666
0.360491,7.053333,6.666667
0.360892,7.013333,6.653333
0.361294,7.006667,6.706667
0.361696,6.986666,6.633333
0.362099,6.986666,6.526666
0.362501,6.926667,6.513333
0.362902,6.920000,6.546667
0.363303,6.973333,6.500000
0.363705,6.880000,6.480000
0.364106,6.840000,6.446667
0.364508,6.813333,6.446667
0.364911,6.786666,6.406667
0.365313,6.786666,6.393333
0.365714,6.740000,6.373333
0.366115,6.706667,6.326666
0.366516,6.713333,6.306666
0.366919,6.666667,6.366666
0.367320,6.653333,6.080000
0.367721,6.573333,6.280000
0.368122,6.633333,6.226666
0.368523,6.540000,6.386667
0.368924,6.520000,6.146667
0.369325,6.526666,6.173333
0.369727,6.473333,6.120000
0.370130,6.460000,6.120000
0.370531,6.453333,6.000000
0.370932,6.413333,6.066667
0.371334,6.406667,6.053333
0.371735,6.360000,6.040000
0.372138,6.400000,6.020000
0.372539,6.333333,6.000000
0.372940,6.326666,6.020000
0.373341,6.286667,5.940000
0.373743,6.280000,5.860000
0.374144,6.226666,5.886667
0.374545,6.200000,5.886667
0.374946,6.200000,5.853333
0.375348,6.140000,5.913333
0.375749,6.133333,5.833333
0.376151,6.106667,5.760000
0.376553,6.113333,5.760000
0.376954,6.020000,5.746666
0.377355,6.053333,5.733333
0.377756,6.020000,5.680000
0.378157,6.040000,5.693333
0.378558,5.973333,5.673333
0.378959,5.966666,5.640000
0.379360,5.926667,5.640000
0.379761,5.953333,5.600000
0.380162,5.866666,5.580000
0.380564,5.860000,5.533333
0.380965,5.860000,5.539999
0.381368,5.806666,5.493333
0.381769,5.826667,5.513333
0.382170,5.793334,5.480000
0.382571,5.726667,5.480000
0.382973,5.746666,5.426667
0.383374,5.480000,5.413333
0.383775,5.693333,5.440000
0.384178,5.680000,5.406666
0.384579,5.660000,5.393333
0.384980,5.646667,5.326667
0.385382,5.593333,5.300000
0.385783,5.560000,5.313333
0.386184,5.546667,5.253333
0.386585,5.506666,5.240000
0.386988,5.513333,5.240000
0.387390,5.493333,5.233334
0.387791,5.453333,5.166667
0.388192,5.453333,5.120000
0.388593,5.420000,5.133333
0.388994,5.406666,5.126667
0.389396,5.373333,5.093333
0.389797,5.373333,5.080000
0.390200,5.333333,5.033333
0.390602,5.300000,5.046667
0.391003,5.360000,5.013333
0.391406,5.293334,5.026667
0.391807,5.240000,4.966667
0.392208,5.240000,4.940000
0.392611,5.233334,4.960000
0.393012,5.200000,4.940000
0.393414,5.206666,4.920000
0.393815,5.100000,4.880000
0.394217,5.120000,4.860000
0.394619,5.073333,4.840000
0.395020,5.080000,4.800000
0.395421,5.046667,4.806667
0.395822,5.040000,4.740000
0.396223,4.993333,4.880000
0.396624,4.993333,4.686666
0.397026,4.980000,4.713333
0.397428,4.953333,4.693333
0.397829,4.920000,4.686666
0.398231,4.900000,4.660000
0.398632,4.886666,4.660000
0.399035,4.826666,4.613333
0.399437,4.833333,4.613333
0.399838,4.833333,4.573333
0.400239,4.713333,4.540000
0.400641,4.733333,4.540000
0.401043,4.753333,4.526667
0.401444,4.726666,4.506667
0.401845,4.706666,4.480000
0.402247,4.700000,4.506667
0.402649,4.680000,4.453333
0.403050,4.653333,4.420000
0.403451,4.613333,4.380000
0.403853,4.526667,4.386666
0.404254,4.546667,4.293333
0.404655,4.520000,4.366666
0.405056,4.540000,4.353333
0.405457,4.520000,4.293333
0.405860,4.520000,4.266666
0.406261,4.480000,4.266666
0.406662,4.453333,4.220000
0.407063,4.446667,4.206666
0.407464,4.393333,4.186666
0.407865,4.400000,4.186666
0.408266,4.260000,4.180000
0.408668,4.373333,4.180000
0.409069,4.353333,4.113333
0.409470,4.340000,4.173333
0.409871,4.340000,4.133333
0.410272,4.260000,4.046667
0.410673,4.260000,3.953333
0.411075,4.233333,3.980000
0.411477,4.213334,4.013333
0.411878,4.193333,4.013333
0.412279,4.213334,3.993333
0.412680,4.093333,3.960000
0.413082,4.173333,3.953333
0.413483,4.133333,3.926666
0.413884,4.126667,3.920000
0.414286,4.093333,3.900000
0.414687,4.086667,3.866667
0.415090,4.046667,3.846667
0.415491,4.000000,3.826667
0.415894,4.013333,3.746666
0.416295,3.946667,3.833333
0.416697,3.920000,3.706666
0.417098,3.973333,3.746666
0.417499,3.940000,3.660000
0.417900,3.920000,3.673333
0.418301,3.913333,3.720000
0.418703,3.846667,3.633333
0.419105,3.846667,3.633333
0.419507,3.740000,3.573333
0.419909,3.806666,3.593333
0.420311,3.786667,3.566667
0.420712,3.846667,3.533333
0.421115,3.886667,3.580000
0.421516,3.733333,3.500000
0.421917,3.693333,3.493333
0.422318,3.686666,3.453333
0.422720,3.653333,3.480000
0.423122,3.653333,3.460000
0.423523,3.626667,3.433333
0.423925,3.566667,3.366667
0.424326,3.586667,3.426666
0.424728,3.580000,3.406667
0.425129,3.540000,3.373333
0.425530,3.533333,3.346666
0.425931,3.506667,3.320000
0.426333,3.513333,3.346666
0.426735,3.486667,3.313333
0.427138,3.500000,3.226667
0.427539,3.566667,3.366667
0.427942,3.440000,3.253333
0.428348,3.373333,3.280000
0.428749,3.386667,3.226667
0.429151,3.353333,3.286667
0.429553,3.346666,3.206667
0.429954,3.386667,3.146667
0.430355,3.313333,3.146667
0.430756,3.286667,3.120000
0.431157,3.293333,3.100000
0.431558,3.280000,3.100000
0.431959,3.246666,3.120000
0.432362,3.220000,3.066667
0.432763,3.206667,3.026667
0.433164,3.193333,3.033333
0.433566,3.140000,3.040000
0.433967,3.173333,2.933333
0.434368,3.100000,2.986667
0.434769,3.133333,2.960000
0.435172,3.106667,2.966666
0.435573,3.113333,2.946667
0.435975,3.066667,2.826667
0.436376,3.113333,2.880000
0.436777,3.060000,2.873333
0.437178,2.833333,2.800000
0.437580,3.100000,2.753333
0.437981,2.960000,2.833333
0.438382,3.060000,2.786667
0.438785,2.946667,2.800000
0.439186,2.866667,2.786667
0.439588,2.926667,2.766667
0.439989,2.873333,2.766667
0.440390,2.886667,2.753333
0.440792,2.993333,2.766667
0.441194,2.866667,2.680000
0.441596,2.846667,2.686666
0.441998,2.806667,2.666667
0.442400,2.820000,2.626667
0.442803,2.753333,2.620000
0.443204,2.780000,2.626667
0.443605,2.766667,2.626667
0.444006,2.726667,2.520000
0.444408,2.740000,2.560000
0.444809,2.700000,2.606667
0.445210,2.673333,2.546667
0.445612,2.626667,2.520000
0.446014,2.566667,2.453333
0.446415,2.586667,2.533333
0.446818,2.633333,2.493333
0.447219,2.600000,2.453333
0.447621,2.606667,2.440000
0.448024,2.566667,2.446667
0.448426,2.566667,2.433333
0.448827,2.573333,2.433333
0.449228,2.520000,2.373333
0.449629,2.500000,2.400000
0.450031,2.446667,2.340000
0.450433,2.480000,2.353333
0.450834,2.440000,2.346667
0.451236,2.433333,2.313333
0.451638,2.486667,2.280000
0.452039,2.393333,2.260000
0.452441,2.406667,2.266667
0.452842,2.373333,2.246667
0.453244,2.366667,2.246667
0.453645,2.373333,2.260000
0.454046,2.413333,2.220000
0.454448,2.353333,2.220000
0.454850,2.266667,2.180000
0.455252,2.280000,2.173333
0.455653,2.280000,2.153333
0.456056,2.273333,2.153333
0.456457,2.280000,2.153333
0.456859,2.206667,2.060000
0.457261,2.206667,2.100000
0.457662,2.180000,2.080000
0.458063,2.186667,2.086667
0.458465,2.146667,2.080000
0.458868,2.106667,2.033333
0.459269,2.120000,2.060000
0.459671,2.166667,2.013333
0.460072,2.113333,1.973333
0.460474,2.086667,2.026667
0.460875,2.080000,1.986667
0.461277,2.100000,1.993333
0.461678,2.026667,1.973333
0.462080,2.100000,1.906667
0.462482,2.033333,1.906667
0.462883,1.966667,2.000000
0.463285,1.926667,1.880000
0.463686,1.966667,1.880000
0.464089,1.953333,1.880000
0.464490,1.920000,1.846667
0.464891,1.880000,1.846667
0.465293,1.906667,1.840000
0.465694,1.906667,1.820000
0.466096,1.900000,1.793333
0.466497,1.906667,1.833333
0.466900,1.886667,1.706667
0.467301,1.880000,1.786667
0.467702,1.813333,1.733333
0.468104,1.813333,1.740000
0.468506,1.853333,1.733333
0.468908,1.833333,1.726667
0.469309,1.800000,1.700000
0.469710,1.760000,1.666667
0.470111,1.780000,1.633333
0.470512,1.793333,1.680000
0.470914,1.646667,1.660000
0.471316,1.726667,1.473333
0.471717,1.713333,1.646667
0.472119,1.713333,1.613333
0.472521,1.693333,1.613333
0.472924,1.680000,1.586667
0.473325,1.653333,1.560000
0.473726,1.640000,1.560000
0.474128,1.626667,1.386667
0.474530,1.620000,1.553333
0.474931,1.620000,1.506667
0.475332,1.593333,1.540000
0.475734,1.586667,1.506667
0.476136,1.566667,1.460000
0.476537,1.540000,1.480000
0.476938,1.573333,1.466667
0.477339,1.526667,1.473333
0.477741,1.546667,1.486667
0.478142,1.486667,1.453333
0.478543,1.493333,1.406667
0.478945,1.480000,1.386667
0.479347,1.480000,1.393333
0.479748,1.460000,1.420000
0.480149,1.446667,1.386667
0.480551,1.440000,1.386667
0.480952,1.406667,1.373333
0.481354,1.400000,1.366667
0.481755,1.393333,1.346667
0.482156,1.373333,1.320000
0.482557,1.386667,1.300000
0.482958,1.380000,1.300000
0.483360,1.386667,1.293333
0.483761,1.353333,1.280000
0.484162,1.320000,1.246667
0.484564,1.360000,1.266667
0.484967,1.346667,1.220000
0.485368,1.313333,1.246667
0.485769,1.280000,1.213333
0.486171,1.300000,1.220000
0.486572,1.260000,1.206667
0.486973,1.126667,1.033333
0.487375,1.346667,1.173333
0.487776,1.226667,1.173333
0.488178,1.313333,1.146667
0.488579,1.226667,1.173333
0.488980,1.153333,1.153333
0.489382,1.200000,1.126667
0.489783,1.186667,1.206667
0.490184,1.166667,1.126667
0.490586,1.200000,1.126667
0.490987,1.180000,1.146667
0.491388,1.106667,1.100000
0.491789,1.126667,1.113333
0.492190,1.113333,1.086667
0.492591,1.046667,1.046667
0.492993,1.093333,1.033333
0.493395,1.073333,1.033333
0.493796,1.066667,1.086667
0.494198,1.060000,1.020000
0.494599,1.066667,0.973333
0.495002,1.033333,0.980000
0.495403,1.040000,0.980000
0.495804,1.126667,0.960000
0.496206,1.006667,1.000000
0.496608,1.166667,0.960000
0.497009,1.020000,0.953333
0.497410,0.993333,0.946667
0.497811,1.000000,0.946667
0.498212,0.953333,0.946667
0.498614,1.046667,0.953333
0.499016,0.946667,0.946667
0.499417,0.953333,0.946667
0.499819,0.946667,1.093333
0.500221,0.946667,0.946667
0.500623,0.946667,0.946667
0.501024,0.946667,0.946667
0.501425,0.946667,0.946667
0.501826,0.946667,0.946667
0.502228,0.946667,0.946667
0.502629,0.946667,0.946667
0.503030,0.946667,0.946667
0.503431,0.946667,0.946667
0.503832,0.946667,0.946667
0.504234,0.946667,0.946667
0.504636,0.946667,0.946667
0.505037,0.946667,0.946667
0.505438,0.946667,0.946667
0.505839,0.946667,0.946667
0.506241,0.946667,0.946667
0.506642,0.946667,0.946667
0.507043,0.946667,0.946667
0.507444,0.946667,0.946667
0.507847,0.946667,0.946667
0.508248,0.946667,0.946667
0.508650,0.946667,0.946667
0.509051,0.946667,0.946667
0.509452,0.946667,0.946667
0.509853,0.946667,0.946667
0.510254,0.946667,0.946667
0.510656,0.946667,0.946667
0.511057,0.946667,0.946667
0.511459,0.946667,0.946667
0.511860,0.946667,0.946667
0.512261,0.946667,0.946667
0.512663,0.946667,0.946667
0.513064,0.946667,0.946667
0.513466,0.946667,0.946667
0.513867,0.946667,0.946667
0.514268,0.946667,0.946667
0.514669,0.946667,0.946667
0.515070,0.946667,0.946667
0.515471,0.946667,0.946667
0.515872,0.946667,0.946667
0.516274,0.946667,0.946667
0.516676,0.946667,0.946667
0.517077,0.946667,0.946667
0.517478,0.946667,0.946667
0.517879,0.946667,0.946667
0.518280,0.946667,0.946667
0.518682,0.946667,0.946667
0.519083,0.946667,0.946667
0.519486,0.946667,0.946667
0.519888,0.946667,0.946667
0.520289,0.946667,0.946667
0.520690,0.946667,0.946667
0.521091,0.946667,0.946667
0.521492,0.946667,0.946667
0.521894,0.946667,0.946667
0.522295,0.946667,0.946667
0.522696,0.946667,0.946667
0.523098,0.946667,0.946667
0.523500,0.946667,0.946667
0.523901,0.946667,0.946667
0.524302,0.946667,0.946667
0.524703,0.946667,0.946667
0.525104,0.946667,0.946667
0.525505,0.946667,0.946667
0.525907,0.946667,0.946667
0.526309,0.946667,0.946667
0.526710,0.946667,0.946667
0.527111,0.946667,0.946667
0.527512,0.946667,0.946667
0.527914,0.946667,0.946667
0.528315,0.946667,0.946667
0.528717,0.946667,0.946667
0.529120,0.946667,0.946667
0.529521,0.946667,0.946667
0.529922,0.946667,0.946667
0.530323,0.946667,0.946667
0.530724,0.946667,0.946667
0.531125,0.946667,0.946667
0.531526,0.946667,0.946667
0.531929,0.946667,0.946667
0.532330,0.946667,0.946667
0.532731,0.946667,0.946667
0.533134,0.946667,0.946667
0.533535,0.946667,0.946667
0.533936,0.946667,0.946667
0.534337,0.946667,0.946667
0.534739,0.946667,0.946667
0.535140,0.946667,0.946667
0.535542,0.946667,0.946667
0.535943,0.946667,0.946667
0.536348,0.946667,0.946667
0.536749,0.946667,0.946667
0.537150,0.946667,0.946667
0.537551,0.946667,0.946667
0.537953,0.946667,0.946667
0.538355,0.946667,0.946667
0.538756,0.946667,0.946667
0.539157,0.946667,0.946667
0.539558,0.946667,0.946667
0.539961,0.946667,0.946667
0.540362,0.946667,0.946667
0.540763,0.946667,0.946667
0.541164,0.946667,0.946667
0.541565,0.946667,0.946667
0.541966,0.946667,0.946667
0.542368,0.946667,0.946667
0.542770,0.946667,0.946667
0.543171,0.946667,0.946667
0.543572,0.946667,0.946667
0.543973,0.946667,0.946667
0.544375,0.946667,0.946667
0.544776,0.946667,0.946667
0.545177,0.946667,0.946667
0.545578,0.946667,0.946667
0.545981,0.946667,0.946667
0.546382,0.946667,0.946667
0.546783,0.946667,0.946667
0.547184,0.946667,0.946667
0.547586,0.946667,0.946667
0.547988,0.946667,0.946667
0.548389,0.946667,0.946667
0.548792,0.946667,0.946667
0.549193,0.946667,0.946667
0.549595,0.946667,0.946667
0.549996,0.946667,0.946667
0.550397,0.946667,0.946667
0.550798,0.946667,0.946667
0.551200,0.946667,0.946667
0.551602,0.946667,0.946667
0.552004,0.946667,0.946667
0.552406,0.946667,0.946667
0.552807,0.946667,0.946667
0.553208,0.946667,0.946667
0.553610,0.946667,0.946667
0.554012,0.946667,0.946667
0.554414,0.946667,0.946667
0.554815,0.946667,0.946667
0.555217,0.946667,0.946667
0.555619,0.946667,0.946667
0.556020,0.946667,0.946667
0.556421,0.946667,0.946667
0.556822,0.946667,0.946667
0.557224,0.946667,0.946667
0.557626,0.946667,0.946667
0.558029,0.946667,0.946667
0.558430,0.946667,0.946667
0.558831,0.946667,0.946667
0.559232,0.946667,0.946667
0.559633,0.946667,0.946667
0.560034,0.946667,0.946667
0.560435,0.946667,0.946667
0.560837,0.946667,0.946667
0.561238,0.946667,0.946667
0.561639,0.946667,0.946667
0.562040,0.946667,0.946667
0.562442,0.946667,0.946667
0.562843,0.946667,0.946667
0.563244,0.946667,0.946667
0.563645,0.946667,0.946667
0.564046,0.946667,0.946667
0.564448,0.946667,0.946667
0.564849,0.946667,0.946667
0.565251,0.946667,0.946667
0.565652,0.946667,0.946667
0.566053,0.946667,0.946667
0.566454,0.946667,0.946667
0.566855,0.946667,0.946667
0.567257,0.946667,0.946667
0.567659,0.946667,0.946667
0.568060,0.946667,0.946667
0.568461,0.946667,0.946667
0.568862,0.946667,0.946667
0.569263,0.946667,0.946667
0.569665,0.946667,0.946667
0.570066,0.946667,0.946667
0.570468,0.946667,0.946667
0.570869,0.946667,0.946667
0.571270,0.946667,0.946667
0.571671,0.946667,0.946667
0.572072,0.946667,0.946667
0.572473,0.946667,0.946667
0.572876,0.946667,0.946667
0.573277,0.946667,0.946667
0.573679,0.946667,0.946667
0.574080,0.946667,0.946667
0.574481,0.946667,0.946667
0.574882,0.946667,0.946667
0.575284,0.946667,0.946667
0.575685,0.946667,0.946667
0.576086,0.946667,0.946667
0.576487,0.946667,0.946667
0.576890,0.946667,0.946667
0.577291,0.946667,0.946667
0.577692,0.946667,0.946667
0.578093,0.946667,0.946667
0.578495,0.946667,0.946667
0.578897,0.946667,0.946667
0.579298,0.946667,0.946667
0.579699,0.946667,0.946667
0.580100,0.946667,0.946667
0.580501,0.946667,0.946667
0.580902,0.946667,0.946667
0.581303,0.946667,0.946667
0.581705,0.946667,0.946667
0.582106,0.946667,0.946667
0.582507,0.946667,0.946667
0.582908,0.946667,0.946667
0.583309,0.946667,0.946667
0.583710,0.946667,0.946667
0.584111,0.946667,0.946667
0.584512,0.946667,0.946667
0.584914,0.946667,0.946667
0.585315,0.946667,0.946667
0.585716,0.946667,0.946667
0.586117,0.946667,0.946667
0.586519,0.946667,0.946667
0.586920,0.946667,0.946667
0.587322,0.946667,0.946667
0.587723,0.946667,0.946667
0.588124,0.946667,0.946667
0.588525,0.946667,0.946667
0.588926,0.946667,0.946667
0.589328,0.946667,0.946667
0.589730,0.946667,0.946667
0.590131,0.946667,0.946667
0.590532,0.946667,0.946667
0.590933,0.946667,0.946667
0.591334,0.946667,0.946667
0.591736,0.946667,0.946667
0.592138,0.946667,0.946667
0.592540,0.946667,0.946667
0.592942,0.946667,0.946667
0.593347,0.946667,0.946667
0.593748,0.946667,0.946667
0.594149,0.946667,0.946667
0.594551,0.946667,0.946667
0.594952,0.946667,0.946667
0.595354,0.946667,0.946667
0.595755,0.946667,0.946667
0.596156,0.946667,0.946667
0.596558,0.946667,0.946667
0.596959,0.946667,0.946667
0.597361,0.946667,0.946667
0.597762,0.946667,0.946667
0.598163,0.946667,0.946667
0.598564,0.946667,0.946667
0.598966,0.946667,0.946667
0.599368,0.946667,0.946667
0.599769,0.946667,0.946667
0.600170,0.946667,0.946667
0.600571,0.946667,0.946667
0.600973,0.946667,0.946667
0.601375,0.946667,0.946667
0.601778,0.946667,0.946667
0.602180,0.946667,0.946667
0.602581,0.946667,0.946667
0.602982,0.946667,0.946667
0.603383,0.946667,0.946667
0.603784,0.946667,0.946667
0.604187,0.946667,0.946667
0.604589,0.946667,0.946667
0.604990,0.946667,0.946667
0.605391,0.946667,0.946667
0.605792,0.946667,0.946667
0.606194,0.946667,0.946667
0.606596,0.946667,0.946667
0.606997,0.946667,0.946667
0.607398,0.946667,0.946667
0.607801,0.946667,0.946667
0.608202,0.946667,0.946667
0.608604,0.946667,0.946667
0.609005,0.946667,0.946667
0.609407,0.946667,0.946667
0.609809,0.946667,0.946667
0.610211,0.946667,0.946667
0.610612,0.946667,0.946667
0.611013,0.946667,0.946667
0.611415,0.946667,0.946667
0.611816,0.946667,0.946667
0.612218,0.953333,0.946667
0.612619,0.946667,0.946667
0.613021,0.946667,0.946667
0.613422,0.946667,0.946667
0.613824,0.946667,0.946667
0.614225,0.946667,1.020000
0.614627,0.946667,0.946667
0.615030,0.946667,0.946667
0.615431,0.946667,0.946667
0.615832,0.946667,0.946667
0.616233,0.946667,0.946667
0.616634,0.946667,0.946667
0.617035,0.946667,0.946667
0.617436,0.946667,0.946667
0.617837,0.946667,0.946667
0.618238,0.953333,0.946667
0.618640,0.953333,0.946667
0.619042,0.946667,0.946667
0.619443,0.946667,0.946667
0.619845,0.946667,0.946667
0.620247,0.946667,0.946667
0.620648,0.960000,0.946667
0.621050,0.946667,0.946667
0.621452,1.073333,0.946667
0.621853,0.960000,0.946667
0.622254,0.973333,0.946667
0.622655,1.006667,0.946667
0.623057,0.980000,0.946667
0.623459,1.013333,0.973333
0.623860,1.006667,0.973333
0.624261,1.033333,0.960000
0.624662,1.040000,0.993333
0.625065,1.026667,0.966667
0.625467,0.986667,1.020000
0.625870,0.993333,0.946667
0.626271,1.040000,1.020000
0.626673,1.026667,1.033333
0.627074,1.093333,1.020000
0.627476,1.100000,1.126667
0.627877,1.113333,1.053333
0.628279,1.126667,1.066667
0.628681,1.266667,1.113333
0.629083,1.180000,1.073333
0.629484,1.153333,1.126667
0.629885,1.160000,1.033333
0.630287,1.200000,1.133333
0.630689,1.206667,1.173333
0.631090,1.220000,1.140000
0.631491,1.240000,1.153333
0.631893,1.200000,1.160000
0.632294,1.240000,1.146667
0.632695,1.240000,1.153333
0.633096,1.246667,1.206667
0.633497,1.253333,1.206667
0.633898,1.280000,1.206667
0.634299,1.286667,1.206667
0.634700,1.266667,1.240000
0.635101,1.280000,1.280000
0.635503,1.413333,1.246667
0.635904,1.333333,1.240000
0.636305,1.353333,1.286667
0.636706,1.333333,1.300000
0.637107,1.346667,1.266667
0.637509,1.206667,1.313333
0.637911,1.280000,1.213333
0.638313,1.400000,1.326667
0.638715,1.400000,1.326667
0.639116,1.380000,1.366667
0.639517,1.426667,1.360000
0.639918,1.440000,1.380000
0.640320,1.446667,1.540000
0.640721,1.460000,1.393333
0.641122,1.500000,1.400000
0.641523,1.473333,1.386667
0.641924,1.506667,1.533333
0.642325,1.600000,1.546667
0.642726,1.533333,1.520000
0.643127,1.560000,1.406667
0.643529,1.553333,1.493333
0.643930,1.560000,1.506667
0.644332,1.566667,1.466667
0.644733,1.573333,1.506667
0.645135,1.586667,1.533333
0.645537,1.580000,1.533333
0.645938,1.606667,1.540000
0.646340,1.726667,1.560000
0.646742,1.706667,1.500000
0.647143,1.700000,1.580000
0.647544,1.646667,1.600000
0.647945,1.693333,1.613333
0.648347,1.720000,1.626667
0.648749,1.713333,1.613333
0.649151,1.726667,1.646667
0.649554,1.766667,1.653333
0.649955,1.786667,1.673333
0.650356,1.786667,1.686667
0.650757,1.773333,1.706667
0.651159,1.733333,1.673333
0.651561,1.786667,1.720000
0.651962,1.780000,1.733333
0.652363,1.813333,1.753333
0.652765,1.873333,1.760000
0.653166,1.833333,1.786667
0.653568,1.980000,1.773333
0.653969,1.893333,1.893333
0.654370,1.813333,1.786667
0.654772,1.926667,1.820000
0.655174,1.913333,1.820000
0.655576,1.953333,1.866667
0.655977,1.940000,1.846667
0.656379,1.986667,1.906667
0.656781,1.953333,1.860000
0.657183,1.993333,1.880000
0.657585,2.006667,1.906667
0.657986,2.033333,1.906667
0.658388,2.046667,1.940000
0.658789,2.060000,1.940000
0.659190,2.060000,1.966667
0.659592,2.086667,1.953333
0.659994,2.106667,1.980000
0.660395,2.120000,1.986667
0.660796,2.140000,2.000000
0.661197,2.120000,1.960000
0.661598,2.173333,2.040000
0.661999,2.326667,2.266667
0.662401,2.246667,2.040000
0.662802,2.233333,2.113333
0.663203,2.446667,2.053333
0.663604,2.246667,2.093333
0.664005,2.260000,2.140000
0.664407,2.266667,2.153333
0.664810,2.226666,2.120000
0.665211,2.293333,2.180000
0.665612,2.300000,2.206667
0.666013,2.320000,2.233333
0.666415,2.333333,2.260000
0.666816,2.346667,2.246667
0.667218,2.353333,2.246667
0.667619,2.373333,2.260000
0.668020,2.420000,2.273333
0.668422,2.426666,2.366667
0.668823,2.400000,2.333333
0.669224,2.466667,2.346667
0.669626,2.453333,2.320000
0.670027,2.473333,2.340000
0.670429,2.506666,2.373333
0.670830,2.473333,2.440000
0.671231,2.520000,2.366667
0.671632,2.546667,2.426666
0.672033,2.566667,2.433333
0.672435,2.580000,2.433333
0.672836,2.600000,2.473333
0.673237,2.613333,2.460000
0.673639,2.633333,2.486667
0.674040,2.660000,2.553333
0.674442,2.660000,2.520000
0.674843,2.680000,2.540000
0.675245,2.673333,2.560000
0.675646,2.706666,2.606667
0.676048,2.706666,2.593333
0.676449,2.706666,2.466667
0.676851,2.766667,2.580000
0.677252,2.773333,2.626667
0.677654,2.800000,2.646667
0.678055,2.760000,2.640000
0.678456,2.933333,2.686666
0.678857,2.880000,2.680000
0.679258,2.926667,2.720000
0.679660,2.853333,2.706666
0.680063,2.880000,2.713333
0.680464,3.020000,2.773333
0.680865,2.926667,2.780000
0.681266,2.953333,2.786667
0.681667,2.946667,2.800000
0.682068,2.960000,2.733333
0.682470,2.993333,2.860000
0.682871,2.986667,2.846667
0.683272,3.040000,2.826667
0.683674,3.040000,2.880000
0.684075,3.046667,3.146667
0.684477,3.153333,2.913333
0.684878,3.106667,2.893333
0.685280,3.073333,2.953333
0.685682,3.133333,2.980000
0.686083,3.133333,2.986667
0.686484,3.153333,2.980000
0.686885,3.206667,2.966666
0.687286,3.180000,3.020000
0.687688,3.220000,3.033333
0.688089,3.206667,3.100000
0.688490,3.273333,3.073333
0.688891,3.280000,3.113333
0.689293,3.273333,3.126667
0.689695,3.313333,3.133333
0.690097,3.326667,3.133333
0.690499,3.353333,3.166667
0.690902,3.360000,3.186666
0.691303,3.380000,3.213333
0.691704,3.413333,3.253333
0.692105,3.446667,3.166667
0.692508,3.413333,3.313333
0.692910,3.493333,3.213333
0.693311,3.493333,3.326667
0.693712,3.480000,3.293333
0.694113,3.486667,3.293333
0.694515,3.533333,3.333333
0.694916,3.553333,3.360000
0.695317,3.560000,3.380000
0.695718,3.626667,3.373333
0.696119,3.593333,3.440000
0.696520,3.613333,3.440000
0.696921,3.646667,3.413333
0.697323,3.673333,3.446667
0.697725,3.660000,3.806666
0.698126,3.680000,3.593333
0.698527,3.693333,3.513333
0.698928,3.713333,3.726667
0.699329,3.740000,3.520000
0.699731,3.746666,3.573333
0.700132,3.773333,3.606667
0.700533,3.833333,3.606667
0.700936,3.866667,3.653333
0.701337,3.873333,3.513333
0.701738,3.853333,3.686666
0.702139,3.913333,3.626667
0.702541,3.840000,3.673333
0.702943,3.966667,3.686666
0.703348,3.980000,3.720000
0.703749,3.986666,3.833333
0.704150,3.833333,3.746666
0.704551,4.066667,3.833333
0.704954,4.060000,3.833333
0.705355,4.073333,3.866667
0.705758,4.066667,3.893333
0.706159,4.060000,3.866667
0.706560,4.100000,3.913333
0.706962,4.160000,3.940000
0.707363,4.180000,3.980000
0.707766,4.180000,3.960000
0.708167,4.160000,4.006667
0.708569,4.233333,4.020000
0.708970,4.220000,4.013333
0.709372,4.266666,4.013333
0.709773,4.273333,4.040000
0.710174,4.320000,4.126667
0.710576,4.360000,4.113333
0.710977,4.366666,4.113333
0.711380,4.460000,4.093333
0.711782,4.393333,4.180000
0.712184,4.426666,4.206666
0.712585,4.360000,4.186666
0.712988,4.420000,4.193333
0.713389,4.386666,4.186666
0.713792,4.466667,4.266666
0.714193,4.493333,4.280000
0.714595,4.520000,4.293333
0.714998,4.533333,4.353333
0.715400,4.566667,4.266666
0.715802,4.553333,4.306667
0.716203,4.606667,4.380000
0.716604,4.446667,4.360000
0.717005,4.606667,4.386666
0.717407,4.666667,4.420000
0.717808,4.706666,4.420000
0.718209,4.673333,4.426666
0.718611,4.706666,4.513333
0.719012,4.740000,4.506667
0.719414,4.780000,4.520000
0.719815,4.766666,4.566667
0.720216,4.833333,4.546667
0.720618,4.840000,4.586667
0.721019,4.846666,4.520000
0.721421,4.886666,4.613333
0.721822,4.886666,4.633333
0.722224,4.900000,4.660000
0.722625,4.933333,4.620000
0.723028,4.946666,4.693333
0.723429,5.026667,4.713333
0.723830,5.026667,4.746666
0.724232,4.826666,4.753333
0.724633,5.033333,4.760000
0.725035,5.060000,4.800000
0.725436,5.060000,4.846666
0.725837,5.086667,4.873333
0.726238,5.133333,4.840000
0.726639,5.166667,4.886666
0.727040,5.186666,4.893333
0.727442,5.180000,4.906667
0.727844,5.206666,4.940000
0.728245,5.240000,5.006667
0.728646,5.253333,5.013333
0.729048,5.253333,5.026667
0.729449,5.300000,5.046667
0.729851,5.333333,4.900000
0.730252,5.313333,5.066667
0.730653,5.360000,5.080000
0.731054,5.413333,5.153333
0.731456,5.406666,5.140000
0.731857,5.426667,5.100000
0.732259,5.440000,5.180000
0.732660,5.473333,5.186666
0.733061,5.493333,5.200000
0.733464,5.546667,5.240000
0.733865,5.513333,5.200000
0.734266,5.613333,5.240000
0.734668,5.653333,5.320000
0.735069,5.586667,5.240000
0.735470,5.620000,5.326667
0.735871,5.653333,5.340000
0.736273,5.666667,5.440000
0.736675,5.746666,5.400000
0.737077,5.713333,5.333333
0.737478,5.793334,5.453333
0.737879,5.900000,5.453333
0.738281,5.813333,5.506666
0.738683,5.820000,5.493333
0.739085,5.826667,5.533333
0.739486,5.846666,5.513333
0.739888,5.893333,5.553333
0.740289,5.900000,5.586667
0.740691,5.933333,5.626667
0.741092,5.986667,5.586667
0.741494,5.973333,5.646667
0.741895,6.053333,5.673333
0.742298,6.020000,5.706666
0.742700,6.033333,5.726667
0.743101,6.073333,5.713333
0.743502,6.046667,5.760000
0.743903,6.113333,5.766666
0.744304,6.120000,5.760000
0.744706,6.193333,5.853333
0.745109,6.173333,5.800000
0.745510,6.233333,5.853333
0.745911,6.233333,5.913333
0.746312,6.266666,5.913333
0.746714,6.273333,5.933333
0.747115,6.280000,5.960000
0.747516,6.346667,5.980000
0.747917,6.326666,5.973333
0.748318,6.373333,5.986667
0.748720,6.393333,6.040000
0.749121,6.380000,6.073333
0.749523,6.453333,6.086667
0.749925,6.460000,6.526666
0.750327,6.553333,6.113333
0.750728,6.486667,6.133333
0.751130,6.573333,6.166667
0.751531,6.640000,6.206666
0.751932,6.493333,6.233333
0.752333,6.640000,6.266666
0.752735,6.646667,6.253334
0.753136,6.600000,6.286667
0.753537,6.760000,6.300000
0.753938,6.760000,6.313334
0.754340,6.673334,6.280000
0.754741,6.606667,6.393333
0.755142,6.880000,6.406667
0.755543,6.873333,6.420000
0.755944,6.826667,6.466667
0.756348,6.966666,6.426666
0.756749,6.880000,6.513333
0.757150,6.886666,6.513333
0.757551,6.913333,6.500000
0.757952,6.926667,6.586667
0.758354,6.986666,6.500000
0.758755,6.986666,6.633333
0.759156,7.020000,6.680000
0.759558,7.073333,6.646667
0.759959,7.119999,6.733333
0.760361,7.066666,6.773334
0.760762,7.126667,6.740000
0.761163,7.133334,6.800000
0.761564,7.180000,6.813333
0.761966,7.386667,6.820000
0.762368,7.186666,6.806667
0.762769,7.233334,6.853333
0.763171,7.193333,6.873333
0.763572,7.293333,6.900000
0.763974,7.326666,6.920000
0.764375,7.273333,6.960000
0.764777,7.346666,6.980000
0.765180,7.353333,6.993333
0.765582,7.373333,7.000000
0.765983,7.453333,7.020000
0.766384,7.400000,7.073333
0.766785,7.493333,7.106667
0.767186,7.426666,7.106667
0.767587,7.526666,7.046667
0.767988,7.546666,7.153333
0.768389,7.586667,7.166667
0.768790,7.540000,7.166667
0.769192,7.600000,7.193333
0.769593,7.626667,7.200000
0.769995,7.679999,7.240000
0.770396,7.693334,7.240000
0.770797,7.746666,7.333333
0.771200,7.840000,7.340000
0.771602,7.800000,7.333333
0.772004,7.780000,7.353333
0.772405,7.866666,7.400000
0.772807,7.853333,7.446666
0.773208,7.846667,7.433333
0.773610,7.860000,7.486667
0.774011,7.933333,7.513333
0.774412,7.940000,7.520000
0.774813,7.960000,7.600000
0.775215,7.980000,7.566667
0.775616,7.993333,7.660000
0.776017,8.066667,7.613333
0.776419,8.066667,7.626667
0.776820,8.053332,7.633333
0.777221,8.100000,7.686666
0.777622,8.126666,7.686666
0.778023,8.200000,7.726667
0.778424,8.200000,7.620000
0.778827,8.186666,7.813334
0.779228,8.220000,7.793334
0.779629,8.259999,7.866666
0.780030,8.353333,7.866666
0.780431,8.320000,7.866666
0.780832,8.360000,7.726667
0.781233,8.373333,7.893333
0.781634,8.333333,7.966667
0.782037,8.406667,7.960000
0.782438,8.453333,7.993333
0.782840,8.500000,8.033334
0.783241,8.480000,8.040000
0.783642,8.553333,8.040000
0.784043,8.460000,8.100000
0.784445,8.560000,8.086667
0.784848,8.579999,8.133333
0.785249,8.620000,8.146667
0.785651,8.693334,8.146667
0.786052,8.639999,8.000000
0.786454,8.700000,8.220000
0.786855,8.706666,8.240000
0.787256,8.753333,8.313333
0.787658,8.800000,8.360000
0.788061,8.806666,8.320000
0.788462,8.833333,8.366667
0.788864,8.853333,8.373333
0.789265,8.873333,8.393332
0.789667,8.933333,8.413333
0.790069,8.986667,8.426667
0.790470,8.933333,8.486667
0.790871,8.980000,8.513332
0.791273,9.026667,8.513332
0.791675,9.006666,8.533333
0.792076,9.046666,8.400000
0.792478,9.113333,8.573333
0.792881,9.059999,8.666666
0.793283,9.153334,8.613334
0.793685,9.140000,8.660000
0.794086,9.140000,8.706666
0.794488,9.220000,8.719999
0.794890,9.153334,8.620000
0.795291,9.253333,8.740000
0.795692,9.220000,8.746667
0.796093,9.286667,8.833333
0.796495,9.246666,8.860000
0.796897,9.320000,8.833333
0.797298,9.346666,8.833333
0.797700,9.346666,8.886666
0.798101,9.346666,8.866667
0.798503,9.460000,8.926666
0.798905,9.473333,8.973332
0.799307,9.540000,8.980000
0.799709,9.566666,9.006666
0.800110,9.580000,9.066667
0.800511,9.586666,8.946667
0.800912,9.620000,9.093333
0.801314,9.646667,9.073333
0.801715,9.680000,9.113333
0.802116,9.740000,9.173333
0.802517,9.700000,9.186666
0.802918,9.839999,9.186666
0.803320,9.780000,9.246666
0.803721,9.780000,9.146667
0.804123,9.886666,9.273334
0.804524,9.826666,9.280000
0.804926,9.706666,9.346666
0.805327,9.886666,9.299999
0.805728,9.933333,9.346666
0.806129,9.953333,9.440000
0.806530,9.980000,9.446667
0.806933,9.993333,9.460000
0.807334,10.000000,9.473333
0.807735,10.053333,9.540000
0.808137,10.059999,9.533333
0.808539,10.073334,9.586666
0.808940,10.126667,9.586666
0.809341,10.133333,9.613334
0.809742,10.146667,9.626666
0.810143,10.153333,9.686666
0.810544,10.219999,9.686666
0.810947,10.200000,9.773333
0.811348,10.273334,9.766666
0.811749,10.193334,9.740000
0.812151,10.380000,9.793333
0.812553,10.466667,9.800000
0.812954,10.380000,9.753333
0.813355,10.419999,9.906666
0.813756,10.419999,9.860000
0.814159,10.460000,9.880000
0.814561,10.480000,9.940001
0.814962,10.493333,9.940001
0.815363,10.513333,9.966666
0.815764,10.566667,9.993333
0.816165,10.566667,10.006667
0.816567,10.593333,10.033333
0.816970,10.626666,10.073334
0.817373,10.660000,10.106667
0.817776,10.700000,10.113333
0.818177,10.686666,10.053333
0.818580,10.713333,10.146667
0.818981,10.759999,10.193334
0.819383,10.780000,10.140000
0.819784,10.780000,10.226666
0.820185,10.873333,10.140000
0.820586,10.846666,10.226666
0.820988,10.820000,10.320000
0.821389,10.846666,10.313334
0.821790,10.906667,10.326667
0.822192,10.966666,10.393333
0.822593,10.986667,10.373333
0.822995,11.006666,10.413333
0.823396,11.033333,10.460000
0.823797,11.040000,10.453333
0.824198,11.066667,10.493333
0.824600,11.106667,10.493333
0.825001,11.120000,10.500000
0.825402,11.153333,10.573333
0.825803,11.186666,10.620000
0.826205,11.233333,10.526667
0.826607,11.233333,10.633333
0.827009,11.240000,10.646667
0.827410,11.286666,10.666667
0.827811,11.313334,10.700000
0.828212,11.306666,10.726666
0.828614,11.320000,10.753333
0.829015,11.453334,10.786667
0.829416,11.393333,10.960000
0.829817,11.320000,10.813333
0.830219,11.426666,10.866667
0.830620,11.466666,10.846666
0.831021,11.533333,10.920000
0.831422,11.526667,10.920000
0.831823,11.553333,10.960000
0.832225,11.553333,10.913333
0.832626,11.606667,11.113334
0.833027,11.613333,10.960000
0.833429,11.679999,11.086666
0.833830,11.679999,11.020000
0.834231,11.726666,11.040000
0.834632,11.766666,11.053333
0.835035,11.733333,11.106667
0.835436,11.746666,11.120000
0.835837,11.806666,11.166666
0.836238,11.746666,11.173333
0.836639,11.873333,11.233333
0.837040,11.906667,11.226666
0.837441,11.913333,11.253333
0.837844,12.059999,11.286666
0.838246,11.913333,11.286666
0.838647,11.960000,11.360000
0.839050,11.999999,11.360000
0.839451,12.026667,11.366667
0.839853,12.033333,11.393333
0.840255,12.066666,11.453334
0.840657,12.086666,11.460000
0.841059,12.113334,11.573333
0.841460,12.166667,11.513333
0.841863,12.200000,11.526667
0.842264,12.200000,11.493333
0.842665,12.246667,11.539999
0.843066,12.259999,11.606667
0.843467,12.206666,11.546666
0.843870,12.286667,11.646667
0.844271,12.346666,11.753333
0.844672,12.406666,11.666666
0.845073,12.393332,11.700000
0.845475,12.346666,11.720000
0.845876,12.486667,11.879999
0.846278,12.386666,11.786667
0.846680,12.400000,11.786667
0.847082,12.506667,11.846666
0.847483,12.533333,11.840000
0.847884,12.546666,11.853333
0.848285,12.593333,11.879999
0.848686,12.566667,11.933332
0.849087,12.626667,11.926666
0.849489,12.586666,12.033333
0.849890,12.666666,11.973333
0.850292,12.660000,12.013333
0.850693,12.846666,12.006666
0.851094,12.746666,12.093333
0.851496,12.740000,12.020000
0.851897,12.806666,12.086666
0.852299,12.813334,12.126666
0.852700,12.846666,12.066666
0.853101,12.919999,12.206666
0.853503,12.880000,12.233334
0.853904,12.893333,12.246667
0.854305,12.913333,12.246667
0.854706,12.973333,12.339999
0.855109,12.980000,12.293333
0.855512,13.000000,12.300000
0.855913,13.026667,12.339999
0.856315,13.040000,12.366667
0.856716,13.086667,12.366667
0.857119,13.086667,12.420000
0.857521,13.139999,12.420000
0.857922,13.133333,12.493333
0.858323,13.146667,12.500000
0.858725,13.186666,12.500000
0.859126,13.220000,12.306666
0.859528,13.200000,12.420000
0.859929,13.226666,12.566667
0.860331,13.286667,12.580000
0.860732,13.320000,12.613333
0.861135,13.313333,12.613333
0.861536,13.326666,12.693334
0.861938,13.453332,12.673333
0.862339,13.453332,12.666666
0.862740,13.339999,12.740000
0.863141,13.313333,12.766666
0.863542,13.466666,12.746666
0.863943,13.513332,12.773334
0.864348,13.506666,12.826667
0.864749,13.553333,12.833333
0.865150,13.573333,12.846666
0.865551,13.559999,12.806666
0.865952,13.639999,12.826667
0.866354,13.646666,12.919999
0.866755,13.653334,13.006666
0.867156,13.660000,12.946667
0.867557,13.686666,12.960000
0.867958,13.733333,12.980000
0.868360,13.773333,13.033334
0.868763,13.686666,13.080000
0.869165,13.793333,13.093333
0.869566,13.826666,13.106667
0.869968,13.853333,13.113333
0.870370,14.013333,13.153334
0.870772,13.906666,13.193333
0.871174,13.940001,13.206666
0.871576,13.953333,13.253333
0.871977,13.986667,13.293333
0.872378,13.993333,13.246666
0.872780,14.059999,13.280000
0.873182,13.993333,13.313333
0.873584,14.039999,13.293333
0.873985,14.086666,13.320000
0.874388,14.099999,13.353333
0.874790,14.086666,13.360000
0.875191,14.153333,13.400000
0.875593,14.093333,13.500000
0.875994,14.186666,13.466666
0.876395,14.206667,13.440000
0.876796,14.246667,13.500000
0.877198,14.273334,13.533333
0.877599,14.280000,13.573333
0.878000,14.326666,13.506666
0.878402,14.353333,13.533333
0.878803,14.313334,13.613334
0.879205,14.420000,13.586667
0.879606,14.340000,13.646666
0.880008,14.413333,13.646666
0.880409,14.446667,13.653334
0.880810,14.466667,13.713332
0.881212,14.506667,13.726666
0.881613,14.520000,13.820000
0.882014,14.533334,13.773333
0.882415,14.540000,13.820000
0.882816,14.580000,13.686666
0.883217,14.633332,13.853333
0.883618,14.640000,13.826666
0.884019,14.673333,13.920000
0.884422,14.653333,13.646666
0.884823,14.706667,13.880000
0.885225,14.580000,13.906666
0.885626,14.766665,13.999999
0.886027,14.666667,13.960000
0.886429,14.820000,14.026667
0.886830,14.699999,13.993333
0.887232,14.746666,14.053333
0.887633,14.853333,14.093333
0.888034,14.873333,14.086666
0.888435,14.873333,14.093333
0.888836,14.899999,14.146667
0.889238,14.940000,14.140000
0.889639,14.953333,14.153333
0.890040,14.953333,14.173332
0.890442,14.953333,14.200001
0.890843,14.953333,14.219999
0.891246,15.020000,14.266667
0.891647,15.166667,14.253333
0.892048,15.146667,14.266667
0.892450,15.046666,14.253333
0.892851,15.186667,14.320000
0.893252,15.166667,14.346666
0.893653,15.200000,14.360000
0.894054,15.253334,14.360000
0.894455,15.280000,14.420000
0.894856,15.280000,14.439999
0.895258,15.266666,14.446667
0.895659,15.306666,14.520000
0.896060,15.346666,14.499999
0.896462,15.393333,14.520000
0.896864,15.386667,14.513333
0.897265,15.386667,14.573334
0.897667,15.426665,14.573334
0.898069,15.413333,14.573334
0.898470,15.466666,14.600000
0.898871,15.413333,14.613333
0.899273,15.493332,14.646667
0.899674,15.500000,14.659999
0.900075,15.560000,14.666667
0.900477,15.526667,14.386666
0.900878,15.593333,14.753333
0.901280,15.626667,14.780000
0.901682,15.686666,14.759999
0.902083,15.626667,14.780000
0.902484,15.679999,14.853333
0.902885,15.653334,14.860001
0.903286,15.700000,14.853333
0.903688,15.819999,14.726667
0.904089,15.740000,14.906667
0.904490,15.740000,14.906667
0.904891,15.806666,14.946667
0.905292,15.873333,14.953333
0.905694,15.860000,14.953333
0.906095,15.860000,14.953333
0.906496,15.900000,15.080000
0.906897,15.906666,14.953333
0.907298,15.920000,14.953333
0.907700,15.926666,15.106667
0.908101,15.973332,15.213333
0.908502,16.006666,14.953333
0.908903,15.966666,15.186667
0.909304,16.013332,15.153333
0.909705,16.066668,15.146667
0.910106,16.053333,15.219999
0.910508,16.099998,15.159999
0.910909,16.093332,15.240000
0.911310,16.139999,15.306666
0.911712,16.166666,15.300000
0.912115,16.253332,15.280000
0.912517,16.200001,15.326667
0.912919,16.226665,15.333333
0.913320,16.233332,15.453334
0.913723,16.273333,15.386667
0.914125,16.279999,15.393333
0.914526,16.340000,15.393333
0.914929,16.340000,15.460000
0.915331,16.346666,15.453334
0.915732,16.359999,15.486666
0.916133,16.400000,15.520000
0.916534,16.440001,15.486666
0.916935,16.433332,15.533333
0.917336,16.433332,15.486666
0.917738,16.460001,15.626667
0.918139,16.466667,15.599999
0.918541,16.499998,15.586667
0.918944,16.593334,15.639999
0.919348,16.566666,15.653334
0.919749,16.559999,15.666666
0.920150,16.660000,15.706666
0.920552,16.680000,15.653334
0.920954,16.646666,15.619999
0.921355,16.626665,15.746666
0.921757,16.733334,15.760000
0.922159,16.673332,15.753332
0.922561,16.713333,15.760000
0.922962,16.719999,15.786667
0.923363,16.740000,15.826667
0.923765,16.793333,15.860000
0.924166,16.779999,15.846667
0.924568,16.786665,15.886665
0.924969,16.866667,15.913334
0.925370,16.820000,15.893333
0.925771,16.846666,16.026667
0.926173,16.853334,15.940000
0.926575,16.879999,15.973332
0.926977,16.879999,15.980000
0.927379,16.893332,16.039999
0.927780,16.913332,16.039999
0.928181,16.980000,16.046667
0.928583,17.000000,16.026667
0.928985,16.933332,16.139999
0.929387,16.946667,16.020000
0.929788,16.933332,16.099998
0.930189,16.986668,16.166666
0.930591,17.013332,16.160000
0.930992,17.000000,16.180000
0.931394,17.173332,16.186666
0.931796,17.086666,16.273333
0.932197,17.053333,16.193333
0.932598,17.100000,16.253332
0.932999,17.106667,16.326666
0.933401,17.106667,16.259998
0.933802,17.126667,16.279999
0.934203,17.133333,16.299999
0.934605,17.146666,16.279999
0.935007,17.126667,16.340000
0.935409,17.186666,16.333334
0.935810,17.226667,16.386665
0.936211,17.266666,16.420000
0.936612,17.233334,16.420000
0.937014,17.240000,16.433332
0.937415,17.286665,16.466667
0.937816,17.273333,16.466667
0.938218,17.206667,16.460001
0.938619,17.373333,16.499998
0.939021,17.333332,16.519999
0.939422,17.366667,16.519999
0.939824,17.373333,16.553333
0.940226,17.393333,16.566666
0.940627,17.400000,16.586666
0.941028,17.433332,16.586666
0.941429,17.426666,16.606667
0.941830,17.446667,16.619999
0.942232,17.553331,16.639999
0.942634,17.466665,16.653332
0.943036,17.480000,16.660000
0.943437,17.480000,16.633331
0.943838,17.526667,16.753332
0.944239,17.539999,16.733334
0.944641,17.573332,16.726667
0.945044,17.526667,16.766666
0.945445,17.533333,16.759998
0.945847,17.600000,16.779999
0.946248,17.633333,16.680000
0.946650,17.660000,16.806665
0.947051,17.666666,16.806665
0.947453,17.686666,16.786665
0.947854,17.679998,16.833334
0.948255,17.699999,16.853334
0.948656,17.679998,16.886665
0.949057,17.699999,16.900000
0.949458,17.760000,16.886665
0.949859,17.733334,16.939999
0.950261,17.766666,16.933332
0.950662,17.820000,16.953333
0.951064,17.706665,16.900000
0.951467,17.826666,16.953333
0.951868,17.786667,16.846666
0.952270,17.840000,16.959999
0.952672,17.813332,17.146666
0.953073,17.873333,16.953333
0.953475,17.879999,16.986668
0.953876,17.879999,17.013332
0.954278,17.900000,17.033333
0.954679,17.920000,17.039999
0.955080,17.939999,17.039999
0.955482,17.946665,17.073334
0.955883,17.973333,17.073334
0.956285,17.966665,17.100000
0.956687,18.006666,17.106667
0.957088,18.059999,17.113333
0.957490,18.013332,17.126667
0.957891,17.973333,17.106667
0.958294,18.173334,17.120001
0.958695,18.066666,17.173332
0.959096,18.093332,17.186666
0.959497,18.059999,17.166666
0.959899,18.093332,17.193333
0.960300,18.073332,17.213333
0.960703,18.126667,17.179998
0.961106,18.133333,17.206667
0.961508,18.193333,17.286665
0.961910,18.153334,17.400000
0.962311,18.193333,17.293333
0.962712,18.186666,17.293333
0.963113,18.166666,17.333332
0.963514,18.219999,17.333332
0.963915,18.199999,17.333332
0.964316,18.246666,17.333332
0.964717,18.233332,17.346666
0.965119,18.266666,17.373333
0.965521,18.246666,17.253334
0.965922,18.280001,17.400000
0.966324,18.266666,17.459999
0.966725,18.320000,17.406666
0.967127,18.313334,17.406666
0.967529,18.353333,17.426666
0.967930,18.366667,17.453333
0.968332,18.353333,17.453333
0.968733,18.339998,17.473333
0.969134,18.393333,17.506666
0.969535,18.393333,17.473333
0.969936,18.379999,17.539999
0.970338,18.500000,17.526667
0.970739,18.400000,17.520000
0.971141,18.486666,17.539999
0.971543,18.459999,17.513334
0.971944,18.486666,17.539999
0.972348,18.500000,17.606667
0.972749,18.500000,17.606667
0.973150,18.520000,17.613333
0.973553,18.513332,17.619999
0.973954,18.559999,17.500000
0.974355,18.526667,17.673332
0.974757,18.566668,17.639999
0.975158,18.539999,17.666666
0.975559,18.553333,17.693333
0.975961,18.526667,17.699999
0.976362,18.559999,17.693333
0.976763,18.633333,17.733334
0.977164,18.639999,17.713333
0.977566,18.646666,17.746666
0.977967,18.639999,17.733334
0.978368,18.779999,17.679998
0.978769,18.666666,17.760000
0.979170,18.666666,17.719999
0.979571,18.693333,17.780001
0.979972,18.686666,17.726665
0.980374,18.700001,17.780001
0.980776,18.719999,17.886667
0.981178,18.719999,17.840000
0.981580,18.740000,17.799999
0.981981,18.773333,17.859999
0.982382,18.713333,17.886667
0.982783,18.773333,17.879999
0.983184,18.779999,17.826666
0.983586,18.820000,17.853333
0.983987,18.793333,17.886667
0.984388,18.813334,17.873333
0.984789,18.826666,17.886667
0.985191,18.879999,17.913334
0.985592,18.853333,17.879999
0.985993,18.993332,17.920000
0.986395,18.833334,17.939999
0.986796,18.853333,17.953333
0.987197,18.886665,17.973333
0.987598,18.906666,17.959999
0.987999,18.873333,17.980000
0.988401,18.893333,18.000000
0.988803,18.933332,17.966665
0.989205,18.933332,18.006666
0.989606,18.940001,18.020000
0.990007,18.946667,18.046667
0.990408,18.973333,18.066666
0.990809,18.953333,18.099998
0.991211,18.999998,18.059999
0.991612,18.993332,18.079998
0.992013,18.999998,18.066666
0.992414,19.006666,18.066666
0.992815,18.973333,18.093332
0.993217,19.019999,18.066666
0.993618,19.013332,18.106667
0.994019,19.053333,18.133333
0.994421,19.053333,18.086666
0.994822,19.086666,18.113333
0.995224,19.086666,18.180000
0.995625,19.153332,18.160000
0.996027,19.026667,18.146666
0.996429,19.146666,18.146666
0.996830,19.073334,18.160000
0.997232,19.086666,18.186666
0.997634,19.126665,18.180000
0.998035,19.139999,18.213333
0.998436,19.133331,18.206665
0.998837,19.166666,18.206665
0.999238,19.173332,18.240000
0.999639,19.166666,18.240000
1.000041,19.219999,18.233332
1.000443,19.160000,18.199999
1.000845,19.219999,18.233332
1.001246,19.200001,18.240000
1.001647,19.226667,18.066666
1.002048,19.219999,18.400000
1.002450,19.233334,18.299999
1.002851,19.240000,18.273333
1.003252,19.240000,18.313334
1.003653,19.253332,18.286667
1.004055,19.253332,18.326666
1.004456,19.246666,18.320000
1.004857,19.213333,18.346666
1.005259,19.286665,18.320000
1.005661,19.306665,18.333332
1.006062,19.320000,18.346666
1.006463,19.320000,18.353333
1.006864,19.313334,18.366667
1.007266,19.333334,18.353333
1.007668,19.326666,18.400000
1.008069,19.353334,18.400000
1.008470,19.299999,18.366667
1.008872,19.379999,18.146666
1.009273,19.353334,18.400000
1.009674,19.373333,18.646666
1.010075,19.360001,18.400000
1.010476,19.393332,18.466665
1.010877,19.406666,18.726665
1.011278,19.299999,18.526667
1.011679,19.453333,18.473331
1.012081,19.393332,18.453333
1.012483,19.459999,18.526667
1.012884,19.439999,18.466665
1.013286,19.426666,18.546667
1.013687,19.426666,18.486666
1.014088,19.453333,18.493332
1.014489,19.446667,18.473331
1.014890,19.439999,18.473331
1.015292,19.480000,18.493332
1.015693,19.453333,18.466665
1.016095,19.693333,18.526667
1.016497,19.446667,18.553333
1.016898,19.480000,18.526667
1.017299,19.506666,18.693333
1.017700,19.500000,18.520000
1.018101,19.500000,18.473331
1.018502,19.573334,18.473331
1.018904,19.546665,18.539999
1.019305,19.693333,18.533333
1.019707,19.513332,18.559999
1.020108,19.559999,18.580000
1.020509,19.546665,18.813334
1.020910,19.566666,18.626665
1.021312,19.593332,18.539999
1.021714,19.566666,18.599998
1.022116,19.586666,18.613333
1.022517,19.519999,18.580000
1.022918,19.580000,18.606665
1.023319,19.606667,18.599998
1.023720,19.613333,18.613333
1.024122,19.606667,18.646666
1.024523,19.580000,18.626665
1.024924,19.626667,18.646666
1.025325,19.600000,18.639999
1.025726,19.606667,18.413334
1.026127,19.646666,18.613333
1.026528,19.626667,18.520000
1.026929,19.639999,18.639999
1.027330,19.633333,18.646666
1.027731,19.646666,18.646666
1.028133,19.673332,18.680000
1.028535,19.639999,18.660000
1.028936,19.639999,18.619999
1.029338,19.586666,18.653334
1.029739,19.753334,18.700001
1.030140,19.673332,18.693333
1.030542,19.679998,18.686666
1.030943,19.633333,18.700001
1.031348,19.693333,18.733332
1.031749,19.693333,18.719999
1.032151,19.699999,18.726665
1.032552,19.699999,18.653334
1.032953,19.746666,18.853333
1.033354,19.753334,18.546667
1.033755,19.719999,18.726665
1.034156,19.773333,18.733332
1.034557,19.779999,18.700001
1.034958,19.746666,18.733332
1.035359,19.746666,18.726665
1.035760,19.779999,18.766666
1.036162,19.733334,18.773333
1.036564,19.740000,18.733332
1.036966,19.779999,18.746666
1.037368,19.760000,18.726665
1.037769,19.639999,18.759998
1.038170,19.746666,18.706667
1.038572,19.740000,18.779999
1.038973,19.773333,18.766666
1.039375,19.760000,18.806667
1.039776,19.773333,18.813334
1.040177,19.760000,18.766666
1.040578,19.786665,18.719999
1.040979,19.786665,18.766666
1.041381,19.793333,18.766666
1.041782,19.786665,18.806667
1.042183,19.813332,18.826666
1.042584,19.746666,18.826666
1.042985,19.773333,18.786667
1.043387,19.900000,18.799999
1.043788,19.793333,18.766666
1.044190,19.793333,18.766666
1.044592,19.793333,18.793333
1.044995,19.806665,18.779999
1.045396,19.753334,18.719999
1.045797,19.799999,18.686666
1.046198,19.766666,18.820000
1.046599,19.793333,18.753332
1.047000,19.806665,18.766666
1.047402,19.799999,18.806667
1.047804,19.806665,18.813334
1.048205,19.833332,18.833334
1.048606,19.786665,18.833334
1.049008,19.833332,18.826666
1.049409,19.826666,18.820000
1.049810,19.799999,18.793333
1.050212,19.853333,18.820000
1.050613,19.846666,18.826666
1.051014,19.833332,18.833334
1.051416,19.820000,18.786667
1.051817,19.820000,18.799999
1.052219,19.746666,18.820000
1.052620,19.826666,18.820000
1.053021,19.860001,18.806667
1.053422,19.820000,18.873333
1.053823,19.846666,18.686666
1.054224,19.626667,18.873333
1.054626,19.746666,18.853333
1.055028,19.840000,18.826666
1.055429,19.846666,18.846666
1.055831,19.786665,18.866665
1.056232,19.773333,18.840000
1.056634,19.833332,18.833334
1.057035,19.833332,18.826666
1.057436,19.853333,18.873333
1.057837,19.820000,18.820000
1.058238,19.846666,18.879999
1.058639,19.866667,18.866665
1.059040,19.833332,18.826666
1.059442,19.840000,18.859999
1.059844,19.853333,18.893333
1.060245,19.840000,18.833334
1.060646,19.906666,18.840000
1.061047,19.833332,18.846666
1.061449,19.826666,18.753332
1.061852,19.853333,18.866665
1.062253,19.853333,18.886665
1.062654,19.846666,18.826666
1.063056,19.833332,18.793333
1.063458,19.826666,18.853333
1.063859,19.853333,18.820000
1.064260,19.853333,18.826666
1.064661,19.826666,18.786667
1.065062,19.840000,18.820000
1.065463,19.773333,18.840000
1.065864,19.873333,18.826666
1.066266,19.860001,18.853333
1.066668,19.866667,18.793333
1.067069,19.853333,18.806667
1.067470,19.833332,18.826666
1.067871,19.826666,18.840000
1.068273,19.833332,18.793333
1.068674,19.826666,18.879999
1.069075,19.820000,18.799999
1.069477,19.813332,18.786667
1.069878,19.880001,18.533333
1.070279,19.980000,18.840000
1.070681,19.833332,18.779999
1.071082,19.740000,18.806667
1.071484,19.880001,18.826666
1.071887,19.833332,18.806667
1.072288,19.820000,18.793333
1.072690,19.813332,18.813334
1.073091,19.806665,18.806667
1.073492,19.813332,18.806667
1.073893,19.793333,18.779999
1.074294,19.779999,18.686666
1.074696,19.806665,18.773333
1.075097,19.799999,18.813334
1.075499,19.820000,18.793333
1.075901,19.786665,18.766666
1.076302,19.799999,18.933332
1.076703,19.799999,18.786667
1.077104,19.793333,18.833334
1.077506,19.740000,18.779999
1.077907,19.799999,18.766666
1.078308,19.853333,18.786667
1.078709,19.786665,18.766666
1.079110,19.639999,18.766666
1.079512,19.753334,18.726665
1.079913,19.760000,18.766666
1.080314,19.760000,18.759998
1.080715,19.753334,18.766666
1.081117,19.753334,18.766666
1.081518,19.773333,18.753332
1.081919,19.806665,18.706667
1.082320,19.773333,18.766666
1.082722,19.753334,18.759998
1.083123,19.740000,18.693333
1.083524,19.713333,18.746666
1.083925,19.713333,18.719999
1.084327,19.826666,18.746666
1.084728,19.666666,18.726665
1.085130,19.733334,18.766666
1.085531,19.706667,18.686666
1.085932,19.733334,18.713333
1.086334,19.620001,18.766666
1.086736,19.699999,18.713333
1.087137,19.719999,18.706667
1.087539,19.606667,18.733332
1.087941,19.706667,18.693333
1.088346,19.673332,18.673334
1.088748,19.686666,18.713333
1.089150,19.686666,18.706667
1.089551,19.666666,18.693333
1.089952,19.673332,18.733332
1.090354,19.673332,18.693333
1.090755,19.646666,18.746666
1.091156,19.699999,18.653334
1.091557,19.639999,18.673334
1.091958,19.626667,18.660000
1.092360,19.653332,18.646666
1.092761,19.633333,18.586666
1.093162,19.639999,18.766666
1.093564,19.653332,18.626665
1.093965,19.633333,18.646666
1.094367,19.626667,18.626665
1.094768,19.606667,18.639999
1.095169,19.633333,18.613333
1.095571,19.533333,18.613333
1.095972,19.566666,18.626665
1.096374,19.606667,18.613333
1.096775,19.600000,18.599998
1.097176,19.586666,18.613333
1.097577,19.586666,18.693333
1.097979,19.566666,18.553333
1.098381,19.580000,18.593332
1.098782,19.586666,18.586666
1.099183,19.519999,18.599998
1.099585,19.546665,18.566668
1.099986,19.539999,18.553333
1.100387,19.546665,18.580000
1.100788,19.506666,18.646666
1.101189,19.473333,18.566668
1.101591,19.506666,18.539999
1.101992,19.480000,18.533333
1.102394,19.506666,18.513332
1.102795,19.413332,18.539999
1.103197,19.480000,18.520000
1.103598,19.533333,18.526667
1.103999,19.500000,18.473331
1.104401,19.466667,18.473331
1.104802,19.459999,18.493332
1.105203,19.453333,18.486666
1.105604,19.486668,18.500000
1.106005,19.446667,18.506666
1.106407,19.373333,18.486666
1.106808,19.519999,18.459999
1.107210,19.433332,18.486666
1.107612,19.426666,18.486666
1.108014,19.420000,18.473331
1.108415,19.426666,18.453333
1.108816,19.379999,18.400000
1.109218,19.400000,18.440001
1.109619,19.433332,18.413334
1.110020,19.353334,18.459999
1.110422,19.386665,18.406666
1.110824,19.346666,18.400000
1.111225,19.340000,18.420000
1.111627,19.346666,18.086666
1.112028,19.313334,18.406666
1.112429,19.340000,18.400000
1.112830,19.306665,18.393333
1.113232,19.326666,18.353333
1.113633,19.313334,18.359999
1.114034,19.320000,18.333332
1.114436,19.273333,18.346666
1.114837,19.293333,18.333332
1.115238,19.299999,18.346666
1.115639,19.246666,18.333332
1.116040,19.259998,18.333332
1.116441,19.259998,18.306667
1.116842,19.266666,18.286667
1.117243,19.253332,18.293333
1.117645,19.233334,18.299999
1.118046,19.226667,18.273333
1.118448,19.219999,18.233332
1.118849,19.206667,18.273333
1.119251,19.273333,18.273333
1.119652,19.186666,18.240000
1.120054,19.173332,18.240000
1.120456,19.080000,18.213333
1.120858,19.206667,18.213333
1.121259,19.180000,18.146666
1.121660,19.186666,18.226665
1.122062,19.160000,18.213333
1.122463,19.119999,18.160000
1.122864,19.126665,18.180000
1.123265,19.113333,18.160000
1.123666,19.119999,18.180000
1.124067,19.093334,18.160000
1.124468,19.093334,18.139999
1.124869,19.139999,18.086666
1.125271,19.086666,18.133333
1.125672,19.046667,18.139999
1.126074,19.059999,18.139999
1.126475,19.006666,18.093332
1.126876,19.046667,18.126667
1.127278,18.993332,18.226665
1.127680,19.080000,17.873333
1.128081,18.999998,18.073332
1.128483,18.960001,18.073332
1.128886,19.153332,18.073332
1.129287,18.900000,18.020000
1.129688,18.993332,18.046667
1.130089,18.966667,18.020000
1.130490,18.946667,18.020000
1.130892,18.946667,18.020000
1.131293,18.920000,18.013332
1.131695,18.966667,18.059999
1.132097,18.913332,18.000000
1.132498,18.879999,17.953333
1.132900,18.886665,17.959999
1.133301,18.893333,17.946665
1.133702,18.866665,17.939999
1.134103,18.873333,17.906668
1.134504,18.913332,17.926666
1.134905,18.840000,17.886667
1.135306,18.840000,17.906668
1.135708,18.786667,17.893333
1.136110,18.813334,17.886667
1.136511,18.813334,17.879999
1.136913,18.806667,17.886667
1.137314,18.793333,17.866667
1.137716,18.766666,17.873333
1.138117,18.773333,17.886667
1.138519,18.733332,17.826666
1.138921,18.746666,17.826666
1.139322,18.740000,17.813332
1.139723,18.713333,17.780001
1.140124,18.700001,17.799999
1.140525,18.680000,17.853333
1.140927,18.666666,17.733334
1.141329,18.646666,17.753334
1.141731,18.626665,17.746666
1.142132,18.580000,17.793333
1.142534,18.613333,17.673332
1.142936,18.626665,17.719999
1.143338,18.626665,17.606667
1.143739,18.580000,17.666666
1.144140,18.566668,17.666666
1.144543,18.580000,17.666666
1.144944,18.526667,17.746666
1.145348,18.566668,17.673332
1.145749,18.553333,17.740000
1.146150,18.520000,17.626667
1.146551,18.573334,17.626667
1.146953,18.526667,17.459999
1.147354,18.500000,17.626667
1.147755,18.473331,17.613333
1.148157,18.466665,17.600000
1.148558,18.466665,17.613333
1.148959,18.440001,17.506666
1.149362,18.433334,17.526667
1.149763,18.420000,17.526667
1.150164,18.426666,17.500000
1.150565,18.400000,17.539999
1.150966,18.393333,17.473333
1.151368,18.379999,17.473333
1.151769,18.339998,17.473333
1.152170,18.226665,17.446667
1.152571,18.320000,17.433332
1.152972,18.333332,17.426666
1.153374,18.293333,17.433332
1.153775,18.293333,17.406666
1.154176,18.173334,17.406666
1.154577,18.166666,17.346666
1.154978,18.273333,17.446667
1.155380,18.260000,17.340000
1.155781,18.266666,17.340000
1.156182,18.273333,17.360001
1.156583,18.206665,17.333332
1.156985,18.206665,17.313332
1.157387,18.173334,17.253334
1.157788,18.119999,17.333332
1.158190,18.173334,17.313332
1.158591,18.173334,17.293333
1.158993,18.146666,17.260000
1.159395,18.113333,17.266666
1.159796,18.093332,17.206667
1.160198,18.086666,17.186666
1.160599,18.113333,17.186666
1.161000,18.059999,17.186666
1.161402,18.040001,17.186666
1.161804,18.053333,17.146666
1.162205,18.046667,17.186666
1.162606,18.079998,17.126667
1.163007,17.966665,17.053333
1.163408,17.980000,17.120001
1.163809,17.980000,17.120001
1.164211,17.966665,17.093332
1.164612,17.953333,17.073334
1.165013,17.986666,17.039999
1.165415,17.893333,17.039999
1.165816,17.893333,17.039999
1.166218,17.893333,17.039999
1.166619,17.853333,16.980000
1.167021,17.853333,17.026665
1.167422,17.859999,16.906666
1.167823,17.840000,16.953333
1.168224,17.813332,17.039999
1.168625,17.826666,16.939999
1.169026,17.813332,16.913332
1.169429,17.786667,17.013332
1.169830,17.753334,16.906666
1.170232,17.753334,16.920000
1.170634,17.753334,16.886665
1.171035,17.686666,16.853334
1.171437,17.726665,16.873333
1.171838,17.713333,16.879999
1.172239,17.693333,16.853334
1.172640,17.686666,16.860001
1.173041,17.686666,16.833334
1.173442,17.639999,16.793333
1.173843,17.653334,16.793333
1.174245,17.580000,16.826666
1.174647,17.613333,16.786665
1.175048,17.513334,16.759998
1.175449,17.526667,16.753332
1.175850,17.533333,16.726667
1.176252,17.526667,16.726667
1.176653,17.486666,16.840000
1.177054,17.493334,16.693333
1.177456,17.473333,16.673332
1.177857,17.473333,16.626665
1.178258,17.473333,16.639999
1.178659,17.453333,16.573334
1.179060,17.346666,16.613333
1.179462,17.393333,16.646666
1.179863,17.493334,16.619999
1.180264,17.380001,16.559999
1.180666,17.340000,16.526667
1.181067,17.333332,16.519999
1.181468,17.293333,16.486666
1.181869,17.333332,16.499998
1.182271,17.453333,16.433332
1.182672,17.266666,16.446667
1.183074,17.253334,16.446667
1.183476,17.253334,16.420000
1.183877,17.240000,16.259998
1.184278,17.279999,16.506666
1.184679,17.246666,16.433332
1.185081,17.213333,16.353333
1.185482,17.179998,16.313334
1.185883,17.166666,16.333334
1.186284,17.159998,16.326666
1.186686,17.120001,16.266666
1.187087,17.240000,16.200001
1.187488,17.059999,16.273333
1.187889,17.053333,16.259998
1.188290,17.059999,16.193333
1.188691,17.026665,16.173334
1.189093,17.026665,16.193333
1.189494,16.980000,16.133333
1.189895,17.000000,16.106665
1.190296,17.006666,16.099998
1.190697,16.946667,16.113333
1.191099,16.946667,16.080000
1.191500,16.946667,16.039999
1.191901,16.913332,16.039999
1.192302,16.900000,15.946666
1.192703,16.893332,15.960000
1.193104,16.893332,16.039999
1.193505,16.846666,16.006666
1.193906,16.840000,15.973332
1.194307,16.846666,15.913334
1.194709,16.833334,15.913334
1.195110,16.793333,15.920000
1.195512,16.826666,15.920000
1.195913,16.759998,15.906666
1.196314,16.733334,15.839999
1.196716,16.733334,15.806666
1.197117,16.746666,15.786667
1.197518,16.719999,15.819999
1.197919,16.686666,15.786667
1.198320,16.546667,15.746666
1.198721,16.639999,15.746666
1.199122,16.633331,15.693334
1.199525,16.613333,15.673333
1.199927,16.600000,15.693334
1.200329,16.566666,15.653334
1.200731,16.559999,15.646666
1.201132,16.526667,15.639999
1.201533,16.513332,15.626667
1.201934,16.346666,15.586667
1.202336,16.466667,15.566667
1.202737,16.499998,15.566667
1.203138,16.406666,15.553332
1.203539,16.406666,15.520000
1.203942,16.386665,15.480000
1.204348,16.353333,15.400000
1.204749,16.386665,15.446666
1.205150,16.346666,15.473333
1.205551,16.286667,15.373333
1.205952,16.299999,15.393333
1.206354,16.266666,15.179999
1.206755,16.259998,15.386667
1.207158,16.226665,15.326667
1.207559,16.240000,15.333333
1.207962,16.193333,15.326667
1.208363,16.166666,15.253334
1.208764,16.146666,15.300000
1.209165,16.126665,15.219999
1.209567,16.093332,15.219999
1.209968,16.086666,15.213333
1.210369,16.039999,15.146667
1.210770,16.073334,15.273333
1.211171,16.053333,15.159999
1.211572,16.053333,15.106667
1.211974,15.960000,15.100000
1.212375,15.926666,15.086666
1.212777,15.920000,14.953333
1.213179,15.913334,15.273333
1.213581,15.879999,14.953333
1.213982,15.893333,14.953333
1.214384,15.920000,14.953333
1.214785,15.826667,14.953333
1.215186,15.806666,14.933333
1.215588,15.766666,14.906667
1.215990,15.766666,14.880000
1.216391,15.740000,14.866667
1.216794,15.713334,14.866667
1.217195,15.660000,14.820000
1.217597,15.666666,14.820000
1.217999,15.626667,14.773334
1.218401,15.553332,14.753333
1.218802,15.619999,14.719999
1.219204,15.593333,14.786666
1.219605,15.540000,14.693333
1.220007,15.520000,14.719999
1.220408,15.533333,14.673333
1.220809,15.440000,14.666667
1.221211,15.486666,14.613333
1.221612,15.453334,14.659999
1.222013,15.426665,14.580000
1.222416,15.413333,14.559999
1.222817,15.406667,14.546666
1.223219,15.366667,14.520000
1.223621,15.406667,14.659999
1.224022,15.300000,14.486667
1.224423,15.313333,14.626666
1.224825,15.306666,14.466667
1.225226,15.233334,14.453333
1.225627,15.326667,14.406667
1.226028,15.213333,14.353333
1.226429,15.073333,14.346666
1.226830,15.159999,14.346666
1.227231,15.159999,14.313334
1.227632,15.139999,14.293333
1.228034,15.026666,14.266667
1.228435,15.026666,14.280000
1.228836,15.013333,14.206667
1.229237,14.953333,14.219999
1.229638,14.953333,14.173332
1.230041,14.953333,14.193333
1.230442,14.953333,14.166666
1.230843,14.946667,14.173332
1.231246,14.913333,14.153333
1.231648,14.880000,14.113334
1.232051,14.873333,14.073334
1.232453,14.893332,13.993333
1.232854,14.826666,13.993333
1.233256,14.740000,14.013333
1.233658,14.926667,13.993333
1.234059,14.713333,13.960000
1.234460,14.726667,13.986667
1.234861,14.766665,13.986667
1.235262,14.693333,13.686666
1.235663,14.686666,13.933332
1.236064,14.626666,13.900000
1.236465,14.613333,13.860000
1.236866,14.626666,13.846665
1.237267,14.620000,13.826666
1.237669,14.553333,13.779999
1.238072,14.420000,13.759999
1.238474,14.493333,13.740001
1.238875,14.499999,13.720000
1.239277,14.473333,13.746667
1.239678,14.453333,13.746667
1.240081,14.413333,13.646666
1.240482,14.380000,13.646666
1.240883,14.446667,13.646666
1.241285,14.360000,13.639999
1.241687,14.346666,13.559999
1.242088,14.340000,13.539999
1.242489,14.299999,13.539999
1.242892,14.286666,13.513332
1.243293,14.259999,13.313333
1.243694,14.253333,13.559999
1.244097,14.219999,13.406666
1.244498,14.173332,13.406666
1.244899,14.166666,13.413334
1.245301,14.126666,13.353333
1.245702,14.133332,13.546667
1.246103,14.093333,13.373333
1.246505,14.046667,13.300000
1.246907,14.033333,13.286667
1.247309,13.999999,13.266666
1.247711,13.993333,13.233334
1.248113,13.966666,13.240000
1.248515,14.020000,13.259999
1.248916,13.866666,13.173333
1.249317,13.839999,13.173333
1.249718,13.900000,13.126666
1.250120,13.866666,13.133333
1.250521,13.839999,13.120000
1.250922,13.799999,13.073333
1.251325,13.826666,13.033334
1.251726,13.759999,13.040000
1.252127,13.740001,12.940000
1.252530,13.713332,12.946667
1.252931,13.700000,13.000000
1.253332,13.639999,13.013333
1.253734,13.700000,12.926666
1.254135,13.620000,12.926666
1.254536,13.620000,12.893333
1.254937,13.573333,12.866666
1.255339,13.559999,12.866666
1.255740,13.533333,12.806666
1.256143,13.493333,12.793333
1.256544,13.506666,12.753333
1.256945,13.466666,12.640000
1.257348,13.446666,12.753333
1.257750,13.420000,12.673333
1.258151,13.379999,12.666666
1.258553,13.386665,12.760000
1.258954,13.320000,12.626667
1.259355,13.293333,12.440001
1.259757,13.293333,12.593333
1.260159,13.246666,12.553333
1.260560,13.273334,12.580000
1.260961,13.226666,12.513333
1.261363,13.226666,12.506667
1.261765,13.166667,12.446667
1.262167,13.146667,12.459999
1.262568,13.166667,12.446667
1.262969,13.106667,12.453333
1.263370,13.093333,12.426666
1.263772,13.053332,12.366667
1.264173,13.033334,12.333333
1.264575,13.006666,12.306666
1.264976,12.960000,12.259999
1.265377,12.946667,12.300000
1.265779,12.973333,12.273333
1.266180,12.906667,12.206666
1.266581,12.913333,12.213333
1.266982,12.780000,12.213333
1.267383,12.926666,12.086666
1.267784,12.866666,12.106667
1.268186,12.866666,12.126666
1.268588,12.773334,12.020000
1.268989,12.760000,12.066666
1.269391,12.740000,11.733333
1.269792,12.740000,11.999999
1.270194,12.660000,11.973333
1.270596,12.506667,11.993333
1.270997,12.620000,11.953333
1.271399,12.599999,11.906667
1.271802,12.580000,11.886666
1.272203,12.546666,12.186666
1.272605,12.513333,11.820000
1.273006,12.493333,11.820000
1.273409,12.466666,11.799999
1.273812,12.433333,11.760000
1.274214,12.433333,11.766666
1.274615,12.406666,11.726666
1.275016,12.386666,11.720000
1.275417,12.360000,11.700000
1.275819,12.333333,11.666666
1.276220,12.306666,11.653334
1.276622,12.286667,11.633333
1.277023,12.266666,11.573333
1.277424,12.226666,11.373333
1.277826,12.233334,11.573333
1.278227,12.233334,11.539999
1.278629,12.153333,11.573333
1.279030,12.093333,11.380000
1.279432,12.066666,11.539999
1.279833,12.100000,11.453334
1.280234,12.046667,11.460000
1.280635,12.020000,11.373333
1.281036,12.026667,11.360000
1.281437,11.966666,11.346666
1.281839,11.953333,11.300000
1.282240,11.926666,11.300000
1.282642,11.879999,11.266666
1.283043,11.873333,11.226666
1.283444,11.813333,11.233333
1.283845,11.793333,11.193334
1.284246,11.660000,11.193334
1.284648,11.786667,11.139999
1.285050,11.740000,11.180000
1.285452,11.700000,11.020000
1.285853,11.713333,11.086666
1.286255,11.693333,10.980000
1.286656,11.706667,11.053333
1.287057,11.700000,11.000000
1.287458,11.580000,10.993334
1.287860,11.566667,11.086666
1.288261,11.473332,10.933333
1.288662,11.539999,10.920000
1.289065,11.480000,10.900000
1.289467,11.486667,10.853333
1.289869,11.440000,10.833333
1.290270,11.440000,10.806666
1.290671,11.406666,10.780000
1.291073,11.373333,10.806666
1.291475,11.346666,10.746666
1.291876,11.320000,10.740000
1.292278,11.306666,10.693333
1.292679,11.240000,10.686666
1.293080,11.246667,10.666667
1.293482,11.219999,10.666667
1.293883,11.200000,10.606667
1.294285,11.166666,10.553332
1.294686,11.139999,10.553332
1.295088,11.139999,10.493333
1.295489,11.093333,10.493333
1.295890,11.006666,10.533334
1.296292,11.040000,10.433333
1.296694,11.020000,10.460000
1.297095,10.926667,10.426666
1.297496,10.960000,10.400000
1.297897,10.993334,10.373333
1.298299,10.940000,10.440000
1.298701,10.893332,10.293333
1.299103,10.886666,10.320000
1.299504,10.833333,10.313334
1.299905,10.840000,10.240000
1.300306,10.806666,10.280000
1.300707,10.773334,10.200000
1.301109,10.759999,10.160000
1.301510,10.720000,10.140000
1.301911,10.700000,10.126667
1.302313,10.673333,10.133333
1.302715,10.660000,10.086666
1.303118,10.633333,10.040000
1.303520,10.766666,10.040000
1.303921,10.586667,9.933333
1.304323,10.513333,9.913333
1.304725,10.500000,9.940001
1.305126,10.500000,9.926666
1.305527,10.486666,9.933333
1.305928,10.466667,9.880000
1.306329,10.413333,9.860000
1.306730,10.406667,9.839999
1.307131,10.373333,9.826666
1.307532,10.299999,9.793333
1.307933,10.346666,9.793333
1.308335,10.253333,9.759999
1.308737,10.286666,9.740000
1.309139,10.333333,9.753333
1.309541,10.246666,9.693333
1.309942,10.213333,9.666667
1.310348,10.160000,9.646667
1.310749,10.200000,9.613334
1.311151,10.160000,9.613334
1.311553,10.113333,9.526667
1.311954,10.066667,9.546667
1.312355,10.086666,9.513333
1.312756,10.086666,9.520000
1.313159,10.006667,9.520000
1.313561,9.980000,9.440000
1.313962,9.959999,9.346666
1.314363,9.933333,9.346666
1.314765,9.933333,9.346666
1.315166,9.893332,9.340000
1.315567,9.853333,9.313333
1.315969,9.833333,9.280000
1.316370,9.813334,9.253333
1.316772,9.719999,9.233333
1.317173,9.740000,9.220000
1.317575,9.713333,9.186666
1.317977,9.713333,9.146667
1.318379,9.580000,9.140000
1.318780,9.733334,9.099999
1.319181,9.540000,9.099999
1.319583,9.593333,9.080000
1.319985,9.613334,9.059999
1.320387,9.446667,9.039999
1.320788,9.480000,8.973332
1.321190,9.493333,8.973332
1.321591,9.473333,8.986667
1.321994,9.480000,8.920000
1.322395,9.513333,8.906666
1.322796,9.346666,8.913333
1.323198,9.346666,8.886666
1.323600,9.346666,8.853333
1.324003,9.293333,8.820000
1.324404,9.286667,8.780000
1.324805,9.266666,8.740000
1.325207,9.099999,8.740000
1.325609,9.246666,8.773333
1.326011,9.200000,8.726666
1.326413,9.160000,8.653333
1.326814,9.113333,8.646667
1.327215,9.133333,8.626667
1.327617,9.086667,8.573333
1.328019,9.080000,8.553333
1.328421,9.013333,8.566667
1.328822,9.006666,8.480000
1.329223,8.993333,8.513332
1.329624,9.039999,8.486667
1.330025,8.946667,8.453333
1.330427,8.906666,8.420000
1.330828,8.886666,8.526667
1.331230,8.880000,8.360000
1.331632,8.826667,8.386666
1.332034,8.760000,8.313333
1.332436,8.780000,8.293333
1.332837,8.753333,8.293333
1.333239,8.740000,8.300000
1.333640,8.700000,8.220000
1.334041,8.686666,8.206666
1.334442,8.680000,8.206666
1.334844,8.626667,8.153334
1.335245,8.506666,8.153334
1.335646,8.579999,8.133333
1.336047,8.579999,8.086667
1.336449,8.540000,8.053332
1.336850,8.506666,8.113333
1.337252,8.413333,8.000000
1.337654,8.393332,8.026667
1.338055,8.493334,8.053332
1.338456,8.400000,7.946667
1.338857,8.393332,7.953333
1.339258,8.373333,7.900000
1.339659,8.326666,7.906666
1.340060,8.306666,7.873333
1.340462,8.193333,7.806666
1.340863,8.246666,7.846667
1.341265,8.226666,7.806666
1.341667,8.213333,7.780000
1.342068,8.200000,7.806666
1.342469,8.086667,7.686666
1.342870,8.093333,7.686666
1.343272,8.139999,7.693334
1.343673,8.046666,7.626667
1.344074,8.066667,7.613333
1.344477,8.080000,7.660000
1.344878,8.000000,7.600000
1.345280,8.000000,7.460000
1.345682,7.966667,7.506667
1.346083,7.886666,7.526666
1.346485,7.966667,7.506667
1.346887,7.873333,7.453333
1.347289,7.893333,7.446666
1.347690,7.840000,7.433333
1.348091,7.820000,7.380000
1.348493,7.800000,7.360000
1.348894,7.753333,7.340000
1.349295,7.826667,7.340000
1.349696,7.740000,7.260000
1.350097,7.686666,7.293333
1.350498,7.733333,7.240000
1.350899,7.620000,7.226666
1.351300,7.646666,7.193333
1.351701,7.573333,7.173333
1.352102,7.566667,7.166667
1.352503,7.533333,7.066666
1.352904,7.493333,7.113333
1.353306,7.486667,7.106667
1.353707,7.486667,7.040000
1.354108,7.380000,7.060000
1.354509,7.420000,7.053333
1.354912,7.326666,6.980000
1.355314,7.373333,6.986666
1.355716,7.346666,6.940000
1.356117,7.333333,6.920000
1.356518,7.306666,6.920000
1.356919,7.273333,6.953333
1.357320,7.306666,6.866666
1.357722,7.386667,6.826667
1.358125,7.180000,6.813333
1.358526,7.173333,6.800000
1.358927,7.153333,6.780000
1.359329,7.119999,6.766666
1.359730,7.106667,6.713333
1.360131,7.153333,6.713333
1.360532,7.066666,6.680000
1.360933,7.073333,6.546667
1.361335,7.026667,6.640000
1.361737,6.980000,6.546667
1.362138,6.986666,6.666667
1.362539,6.986666,6.546667
1.362941,6.920000,6.613333
1.363342,6.900000,6.526666
1.363743,6.880000,6.500000
1.364144,6.853333,6.433333
1.364545,6.813333,6.433333
1.364947,6.813333,6.453333
1.365349,6.780000,6.373333
1.365750,6.773334,6.380000
1.366151,6.673334,6.346667
1.366552,6.700000,6.326666
1.366955,6.680000,6.213333
1.367356,6.633333,6.286667
1.367758,6.566667,6.213333
1.368159,6.520000,6.393333
1.368560,6.573333,6.213333
1.368962,6.513333,6.213333
1.369363,6.486667,6.146667
1.369764,6.486667,6.140000
1.370166,6.426666,6.113333
1.370567,6.446667,6.020000
1.370969,6.440000,6.066667
1.371370,6.213333,6.073333
1.371771,6.346667,6.040000
1.372172,6.333333,6.033333
1.372574,6.333333,6.000000
1.372975,6.306666,5.973333
1.373376,6.280000,5.980000
1.373777,6.253334,5.933333
1.374178,6.226666,5.900000
1.374580,6.220000,5.826667
1.374981,6.193333,5.853333
1.375383,6.173333,5.846666
1.375786,6.153333,5.826667
1.376187,6.073333,5.826667
1.376589,6.113333,5.760000
1.376990,6.086667,5.766666
1.377392,6.053333,5.733333
1.377794,6.033333,5.646667
1.378196,6.060000,5.600000
1.378598,6.000000,5.646667
1.379000,5.966666,5.680000
1.379402,5.980000,5.640000
1.379803,5.840000,5.326667
1.380205,5.880000,5.426667
1.380606,5.813333,5.566667
1.381008,5.833333,5.520000
1.381410,5.813333,5.526667
1.381811,5.753333,5.526667
1.382212,5.780000,5.446666
1.382614,5.760000,5.460000
1.383015,5.746666,5.426667
1.383416,5.720000,5.413333
1.383818,5.706666,5.366667
1.384219,5.673333,5.400000
1.384621,5.673333,5.306666
1.385022,5.606667,5.333333
1.385423,5.573333,5.300000
1.385826,5.580000,5.286666
1.386227,5.626667,5.326667
1.386628,5.480000,5.246666
1.387029,5.586667,5.180000
1.387430,5.513333,5.180000
1.387832,5.486667,5.153333
1.388233,5.386667,5.180000
1.388635,5.413333,5.146667
1.389036,5.406666,5.093333
1.389437,5.386667,5.100000
1.389840,5.373333,5.060000
1.390241,5.333333,5.040000
1.390642,5.340000,5.066667
1.391043,5.346666,4.993333
1.391445,5.240000,5.033333
1.391848,5.233334,4.966667
1.392249,5.253333,4.920000
1.392650,5.166667,4.940000
1.393051,5.206666,4.993333
1.393453,5.166667,4.886666
1.393854,5.126667,4.940000
1.394255,5.093333,4.840000
1.394657,5.073333,4.813333
1.395058,5.106667,4.826666
1.395460,4.926667,4.766666
1.395861,5.066667,4.753333
1.396263,4.960000,4.766666
1.396665,4.993333,4.720000
1.397068,5.000000,4.693333
1.397470,4.926667,4.700000
1.397871,4.913333,4.680000
1.398273,4.886666,4.660000
1.398675,4.886666,4.640000
1.399077,4.853333,4.620000
1.399478,4.866667,4.600000
1.399879,4.813333,4.486666
1.400280,4.773334,4.520000
1.400682,4.773334,4.546667
1.401083,4.740000,4.540000
1.401485,4.700000,4.500000
1.401886,4.693333,4.486666
1.402287,4.706666,4.473333
1.402689,4.646667,4.366666
1.403090,4.660000,4.420000
1.403491,4.586667,4.360000
1.403894,4.580000,4.386666
1.404295,4.593333,4.353333
1.404696,4.546667,4.326666
1.405097,4.540000,4.313334
1.405498,4.493333,4.293333
1.405899,4.526667,4.300000
1.406300,4.493333,4.293333
1.406701,4.460000,4.206666
1.407102,4.453333,4.206666
1.407503,4.406667,4.173333
1.407905,4.420000,4.186666
1.408307,4.400000,3.993333
1.408709,4.580000,4.186666
1.409112,4.320000,4.126667
1.409514,4.326666,4.100000
1.409915,4.286666,4.080000
1.410316,4.306667,4.040000
1.410717,4.240000,4.046667
1.411118,4.186666,4.120000
1.411521,4.313334,4.100000
1.411922,4.266666,4.013333
1.412324,4.186666,4.013333
1.412725,4.226666,3.946667
1.413127,4.133333,3.940000
1.413528,4.133333,3.940000
1.413930,4.113333,3.746666
1.414332,4.120000,3.866667
1.414734,4.066667,3.880000
1.415136,4.073333,3.840000
1.415537,4.026666,3.846667
1.415938,4.040000,3.746666
1.416339,4.013333,3.746666
1.416740,3.980000,3.746666
1.417141,3.940000,3.840000
1.417543,3.920000,3.666667
1.417945,3.920000,3.713333
1.418347,3.880000,3.660000
1.418750,3.886667,3.126667
1.419152,3.853333,3.600000
1.419553,3.860000,3.600000
1.419954,3.820000,3.346666
1.420355,3.706666,3.600000
1.420756,3.806666,3.633333
1.421157,3.740000,3.566667
1.421558,3.700000,3.546667
1.421959,3.673333,3.500000
1.422361,3.666667,3.500000
1.422763,3.660000,3.460000
1.423164,3.640000,3.453333
1.423565,3.733333,3.453333
1.423966,3.606667,3.473333
1.424369,3.580000,3.406667
1.424771,3.573333,3.386667
1.425172,3.713333,3.366667
1.425573,3.533333,3.320000
1.425974,3.453333,3.326667
1.426375,3.486667,3.313333
1.426776,3.486667,3.313333
1.427177,3.433333,3.300000
1.427578,3.426666,3.260000
1.427979,3.420000,3.253333
1.428381,3.380000,3.233333
1.428782,3.380000,3.213333
1.429183,3.373333,3.280000
1.429585,3.233333,3.186666
1.429986,3.326667,3.173333
1.430388,3.313333,3.146667
1.430789,3.306667,3.120000
1.431191,3.300000,3.133333
1.431593,3.266667,3.086667
1.431996,3.240000,3.100000
1.432397,3.286667,3.053333
1.432798,3.193333,3.053333
1.433200,3.246666,3.033333
1.433601,3.193333,2.960000
1.434003,3.133333,2.960000
1.434404,3.133333,2.980000
1.434805,3.140000,2.926667
1.435207,3.113333,2.906667
1.435608,3.086667,2.946667
1.436009,3.160000,2.946667
1.436412,3.040000,2.933333
1.436815,3.026667,2.800000
1.437217,2.986667,2.860000
1.437618,2.973333,2.793333
1.438020,2.980000,2.860000
1.438422,2.960000,2.800000
1.438825,2.953333,2.786667
1.439226,2.933333,2.786667
1.439627,2.953333,2.786667
1.440028,2.886667,2.820000
1.440429,2.886667,2.706666
1.440830,2.860000,2.760000
1.441232,2.866667,2.720000
1.441634,2.800000,2.613333
1.442035,2.800000,2.673333
1.442436,2.800000,2.673333
1.442837,2.833333,2.613333
1.443238,2.760000,2.613333
1.443639,2.733333,2.693333
1.444041,2.733333,2.593333
1.444443,2.713333,2.573333
1.444846,2.700000,2.646667
1.445247,2.673333,2.540000
1.445649,2.633333,2.580000
1.446050,2.626667,2.520000
1.446452,2.553333,2.573333
1.446853,2.640000,2.580000
1.447255,2.600000,2.440000
1.447656,2.566667,2.433333
1.448058,2.560000,2.446667
1.448460,2.580000,2.433333
1.448863,2.626667,2.400000
1.449265,2.493333,2.366667
1.449666,2.500000,2.360000
1.450067,2.466667,2.366667
1.450469,2.520000,2.340000
1.450871,2.473333,2.333333
1.451273,2.466667,1.893333
1.451674,2.433333,2.286667
1.452075,2.393333,2.426666
1.452476,2.386667,2.166667
1.452879,2.386667,2.326667
1.453280,2.386667,2.226666
1.453681,2.413333,2.246667
1.454082,2.240000,2.246667
1.454484,2.380000,2.193333
1.454885,2.240000,2.146667
1.455287,2.293333,2.173333
1.455688,2.266667,2.186667
1.456089,2.266667,2.146667
1.456490,2.260000,2.146667
1.456891,2.260000,2.026667
1.457292,2.200000,2.086667
1.457694,2.206667,2.086667
1.458095,2.220000,2.046667
1.458496,2.180000,2.060000
1.458897,2.126667,2.000000
1.459299,2.066667,1.846667
1.459700,2.126667,2.000000
1.460101,2.100000,2.026667
1.460503,2.066667,1.993333
1.460906,2.080000,1.946667
1.461307,2.046667,1.940000
1.461709,2.026667,1.966667
1.462111,2.053333,1.906667
1.462512,1.960000,1.906667
1.462913,1.966667,1.906667
1.463314,1.993333,1.906667
1.463716,1.986667,1.893333
1.464117,1.960000,1.860000
1.464518,1.946667,1.880000
1.464919,1.906667,1.840000
1.465321,1.993333,1.846667
1.465723,1.906667,1.806667
1.466124,1.906667,1.786667
1.466525,1.926667,1.733333
1.466928,1.800000,1.753333
1.467329,1.880000,1.760000
1.467731,1.860000,1.766667
1.468132,1.880000,1.726667
1.468535,1.926667,1.733333
1.468936,1.806667,1.720000
1.469337,1.813333,1.706667
1.469738,1.800000,1.680000
1.470141,1.753333,1.680000
1.470542,1.773333,1.660000
1.470943,1.733333,1.653333
1.471348,1.806667,1.633333
1.471749,1.700000,1.606667
1.472150,1.686667,1.606667
1.472551,1.660000,1.573333
1.472954,1.673333,1.580000
1.473355,1.646667,1.586667
1.473756,1.620000,1.560000
1.474157,1.640000,1.560000
1.474558,1.600000,1.546667
1.474959,1.593333,1.480000
1.475361,1.553333,1.540000
1.475763,1.560000,1.500000
1.476164,1.573333,1.480000
1.476565,1.553333,1.506667
1.476966,1.540000,1.486667
1.477369,1.553333,1.453333
1.477770,1.700000,1.440000
1.478173,1.533333,1.493333
1.478576,1.520000,1.380000
1.478977,1.520000,1.406667
1.479379,1.493333,1.406667
1.479781,1.460000,1.453333
1.480182,1.400000,1.380000
1.480584,1.446667,1.380000
1.480985,1.393333,1.360000
1.481387,1.400000,1.333333
1.481789,1.366667,1.280000
1.482191,1.386667,1.313333
1.482593,1.380000,1.326667
1.482995,1.373333,1.280000
1.483397,1.440000,1.300000
1.483798,1.366667,1.260000
1.484199,1.313333,1.266667
1.484601,1.320000,1.246667
1.485002,1.306667,1.260000
1.485404,1.300000,1.266667
1.485806,1.300000,1.240000
1.486208,1.253333,1.206667
1.486610,1.246667,1.220000
1.487012,1.140000,1.373333
1.487414,1.113333,1.193333
1.487815,1.233333,1.193333
1.488217,1.200000,1.173333
1.488618,1.213333,1.186667
1.489019,1.206667,1.133333
1.489421,1.206667,1.180000
1.489823,1.186667,1.160000
1.490224,1.166667,1.113333
1.490626,1.140000,1.093333
1.491027,1.146667,1.086667
1.491429,1.160000,1.033333
1.491830,1.120000,1.060000
1.492232,1.106667,1.060000
1.492634,1.093333,0.993333
1.493036,1.073333,1.093333
1.493437,1.093333,1.033333
1.493838,1.093333,1.033333
1.494240,1.053333,1.006667
1.494642,1.046667,1.020000
1.495043,1.040000,1.000000
1.495444,1.020000,1.020000
1.495847,1.013333,0.946667
1.496248,1.040000,0.986667
1.496650,1.026667,0.986667
1.497053,1.013333,1.013333
1.497455,0.993333,0.960000
1.497856,0.966667,0.993333
1.498258,0.966667,0.946667
1.498659,0.966667,0.946667
1.499062,0.946667,0.946667
1.499463,0.953333,0.946667
1.499864,0.946667,0.946667
1.500265,0.946667,0.946667
1.500666,0.946667,0.946667
1.501069,0.946667,0.946667
1.501470,0.946667,0.946667
1.501872,0.946667,0.946667
1.502274,0.953333,1.060000
1.502675,0.946667,0.946667
1.503076,0.946667,0.946667
1.503478,0.946667,0.946667
1.503879,0.946667,0.946667
1.504281,0.946667,0.946667
1.504683,0.946667,0.946667
1.505084,0.946667,0.946667
1.505486,0.946667,0.946667
1.505887,0.946667,0.946667
1.506288,0.946667,0.946667
1.506690,0.946667,0.946667
1.507091,0.946667,0.946667
1.507492,0.946667,0.946667
1.507894,0.946667,0.946667
1.508296,0.946667,0.946667
1.508698,0.946667,0.946667
1.509101,0.946667,0.946667
1.509503,0.946667,0.946667
1.509904,0.946667,0.946667
1.510305,0.946667,0.946667
1.510706,0.946667,0.946667
1.511107,0.946667,0.946667
1.511509,0.946667,0.946667
1.511910,0.946667,0.946667
1.512312,0.946667,0.946667
1.512714,0.946667,0.946667
1.513115,0.946667,0.946667
1.513516,0.946667,0.946667
1.513919,0.946667,0.946667
1.514321,0.946667,0.946667
1.514723,0.946667,0.946667
1.515124,0.946667,0.946667
1.515526,0.946667,0.946667
1.515928,0.946667,0.946667
1.516329,0.946667,0.946667
1.516731,0.946667,0.946667
1.517132,0.946667,0.946667
1.517534,0.946667,0.946667
1.517935,0.946667,0.946667
1.518336,0.946667,0.946667
1.518738,0.946667,0.946667
1.519139,0.946667,0.946667
1.519542,0.946667,0.946667
1.519943,0.946667,0.946667
1.520348,0.946667,0.946667
1.520749,0.946667,0.946667
1.521150,0.946667,0.946667
1.521551,0.946667,0.946667
1.521952,0.946667,0.946667
1.522354,0.946667,0.946667
1.522755,0.946667,0.946667
1.523158,0.946667,0.946667
1.523559,0.946667,0.946667
1.523960,0.946667,0.946667
1.524362,0.946667,0.946667
1.524763,0.946667,0.946667
1.525164,0.946667,0.946667
1.525565,0.946667,0.946667
1.525966,0.946667,0.946667
1.526369,0.946667,0.946667
1.526772,0.946667,0.946667
1.527173,0.946667,0.946667
1.527574,0.946667,0.946667
1.527975,0.946667,0.946667
1.528376,0.946667,0.946667
1.528778,0.946667,0.946667
1.529179,0.946667,0.946667
1.529581,0.946667,0.946667
1.529984,0.946667,0.946667
1.530385,0.946667,0.946667
1.530787,0.946667,0.946667
1.531188,0.946667,0.946667
1.531589,0.946667,0.946667
1.531991,0.946667,0.946667
1.532394,0.946667,0.946667
1.532795,0.946667,0.946667
1.533197,0.946667,0.946667
1.533598,0.946667,0.946667
1.533999,0.946667,0.946667
1.534401,0.946667,0.946667
1.534802,0.946667,0.946667
1.535203,0.946667,0.946667
1.535604,0.946667,0.946667
1.536006,0.946667,0.946667
1.536408,0.946667,0.946667
1.536809,0.946667,0.946667
1.537210,0.946667,0.946667
1.537612,0.946667,0.946667
1.538014,0.946667,0.946667
1.538416,0.946667,0.946667
1.538817,0.946667,0.946667
1.539218,0.946667,0.946667
1.539620,0.946667,0.946667
1.540021,0.946667,0.946667
1.540422,0.946667,0.946667
1.540823,0.946667,0.946667
1.541225,0.946667,0.946667
1.541626,0.946667,0.946667
1.542028,0.946667,0.946667
1.542429,0.946667,0.946667
1.542830,0.946667,0.946667
1.543232,0.946667,0.946667
1.543634,0.946667,0.946667
1.544035,0.946667,0.946667
1.544436,0.946667,0.946667
1.544839,0.946667,0.946667
1.545240,0.946667,0.946667
1.545642,0.946667,0.946667
1.546043,0.946667,0.946667
1.546444,0.946667,0.946667
1.546845,0.946667,0.946667
1.547247,0.946667,0.946667
1.547649,0.946667,0.946667
1.548050,0.946667,0.946667
1.548451,0.946667,0.946667
1.548852,0.946667,0.946667
1.549254,0.946667,0.946667
1.549655,0.946667,0.946667
1.550057,0.946667,0.946667
1.550459,0.946667,0.946667
1.550860,0.946667,0.946667
1.551261,0.946667,0.946667
1.551663,0.946667,0.946667
1.552064,0.946667,0.946667
1.552465,0.946667,0.946667
1.552868,0.946667,0.946667
1.553269,0.946667,0.946667
1.553670,0.946667,0.946667
1.554071,0.946667,0.946667
1.554472,0.946667,0.946667
1.554873,0.946667,0.946667
1.555275,0.946667,0.946667
1.555676,0.946667,0.946667
1.556078,0.946667,0.946667
1.556479,0.946667,0.946667
1.556880,0.946667,0.946667
1.557282,0.946667,0.946667
1.557683,0.946667,0.946667
1.558084,0.946667,0.946667
1.558485,0.946667,0.946667
1.558887,0.946667,0.946667
1.559289,0.946667,0.946667
1.559690,0.946667,0.946667
1.560091,0.946667,0.946667
1.560492,0.946667,0.946667
1.560894,0.946667,0.946667
1.561295,0.946667,0.946667
1.561696,0.946667,0.946667
1.562097,0.946667,0.946667
1.562498,0.946667,0.946667
1.562899,0.946667,0.946667
1.563301,0.946667,0.946667
1.563703,0.946667,0.946667
1.564104,0.946667,0.946667
1.564505,0.946667,0.946667
1.564908,0.946667,0.946667
1.565309,0.946667,0.946667
1.565711,0.946667,0.946667
1.566112,0.946667,0.946667
1.566514,0.946667,0.946667
1.566916,0.946667,0.946667
1.567317,0.946667,0.946667
1.567719,0.946667,0.946667
1.568120,0.946667,0.946667
1.568521,0.946667,0.946667
1.568922,0.946667,0.946667
1.569323,0.946667,0.946667
1.569724,0.946667,0.946667
1.570126,0.946667,0.946667
1.570528,0.946667,0.946667
1.570931,0.946667,0.946667
1.571332,0.946667,0.946667
1.571733,0.946667,0.946667
1.572136,0.946667,0.946667
1.572537,0.946667,0.946667
1.572938,0.946667,0.946667
1.573340,0.946667,0.946667
1.573742,0.946667,0.946667
1.574143,0.946667,0.946667
1.574544,0.946667,0.946667
1.574945,0.946667,0.946667
1.575348,0.946667,0.946667
1.575749,0.946667,0.946667
1.576150,0.946667,0.946667
1.576551,0.946667,0.946667
1.576952,0.946667,0.946667
1.577354,0.946667,0.946667
1.577755,0.946667,0.946667
1.578156,0.946667,0.946667
1.578557,0.946667,0.946667
1.578959,0.946667,0.946667
1.579361,0.946667,0.946667
1.579762,0.946667,0.946667
1.580163,0.946667,0.946667
1.580564,0.946667,0.946667
1.580965,0.946667,0.946667
1.581368,0.946667,0.946667
1.581769,0.946667,0.946667
1.582172,0.946667,0.946667
1.582574,0.946667,0.946667
1.582975,0.946667,0.946667
1.583376,0.946667,0.946667
1.583777,0.946667,0.946667
1.584180,0.946667,0.946667
1.584582,0.946667,0.946667
1.584983,0.946667,0.946667
1.585384,0.946667,0.946667
1.585785,0.946667,0.946667
1.586188,0.946667,0.946667
1.586590,0.946667,0.946667
1.586991,0.946667,0.946667
1.587392,0.946667,0.946667
1.587794,0.946667,0.946667
1.588195,0.946667,0.946667
1.588597,0.946667,0.946667
1.588998,0.946667,0.946667
1.589401,0.946667,0.946667
1.589803,0.946667,0.946667
1.590204,0.946667,0.946667
1.590606,0.946667,0.946667
1.591007,0.946667,0.946667
1.591409,0.946667,0.946667
1.591810,0.946667,0.946667
1.592212,0.946667,0.946667
1.592613,0.946667,0.946667
1.593014,0.946667,0.946667
1.593415,0.946667,0.946667
1.593816,0.946667,0.946667
1.594218,0.946667,0.946667
1.594619,0.946667,0.946667
1.595020,0.946667,0.946667
1.595422,0.946667,0.946667
1.595824,0.946667,0.946667
1.596226,0.946667,0.946667
1.596627,0.946667,0.946667
1.597029,0.946667,0.946667
1.597431,0.946667,0.946667
1.597833,0.946667,0.946667
1.598234,0.946667,0.946667
1.598635,0.946667,0.946667
1.599036,0.946667,0.946667
1.599437,0.946667,0.946667
1.599838,0.946667,0.946667
1.600240,0.946667,0.946667
1.600641,0.946667,0.946667
1.601042,0.946667,0.946667
1.601443,0.946667,0.946667
1.601844,0.946667,0.946667
1.602246,0.946667,0.946667
1.602648,0.946667,0.946667
1.603049,0.946667,0.946667
1.603450,0.946667,0.946667
1.603851,0.946667,0.946667
1.604252,0.946667,0.946667
1.604653,0.946667,0.946667
1.605054,0.946667,0.946667
1.605456,0.946667,0.946667
1.605857,0.946667,0.946667
1.606258,0.946667,0.946667
1.606660,0.946667,0.946667
1.607061,0.946667,0.946667
1.607462,0.946667,0.946667
1.607863,0.946667,0.946667
1.608265,0.946667,0.946667
1.608667,0.946667,0.946667
1.609068,0.946667,0.946667
1.609469,0.946667,0.946667
1.609870,0.946667,0.946667
1.610272,0.946667,0.946667
1.610673,0.946667,0.946667
1.611074,0.946667,0.946667
1.611475,0.946667,0.946667
1.611876,0.946667,0.946667
1.612278,0.946667,0.946667
1.612679,0.946667,0.946667
1.613082,0.946667,0.946667
1.613484,0.946667,0.946667
1.613885,0.946667,0.946667
1.614286,0.946667,0.946667
1.614688,0.946667,0.946667
1.615089,0.946667,0.946667
1.615490,0.946667,0.946667
1.615891,0.946667,0.946667
1.616292,1.013333,0.946667
1.616693,0.946667,0.946667
1.617094,0.946667,0.946667
1.617497,0.946667,0.946667
1.617900,0.946667,0.946667
1.618301,0.946667,0.946667
1.618703,0.946667,0.946667
1.619105,0.946667,0.946667
1.619507,1.000000,0.946667
1.619909,0.946667,0.946667
1.620311,0.946667,0.946667
1.620712,0.946667,0.953333
1.621113,0.946667,0.946667
1.621515,0.980000,0.946667
1.621917,0.966667,0.946667
1.622319,0.986667,0.946667
1.622720,1.006667,0.960000
1.623121,0.993333,0.946667
1.623522,0.986667,0.946667
1.623923,1.033333,0.960000
1.624324,1.033333,1.000000
1.624725,1.153333,0.986667
1.625126,0.993333,0.946667
1.625528,1.033333,0.946667
1.625929,1.060000,1.020000
1.626330,1.060000,1.040000
1.626731,1.073333,1.033333
1.627132,1.073333,1.040000
1.627534,1.093333,1.073333
1.627935,1.206667,1.106667
1.628336,1.046667,1.040000
1.628737,1.100000,1.073333
1.629138,1.146667,1.073333
1.629540,1.173333,1.173333
1.629941,1.166667,1.113333
1.630342,1.200000,1.113333
1.630743,1.206667,1.126667
1.631144,1.200000,1.140000
1.631545,1.213333,1.193333
1.631946,1.073333,1.173333
1.632348,1.220000,1.180000
1.632749,1.240000,1.206667
1.633151,1.266667,1.386667
1.633552,1.280000,1.186667
1.633954,1.306667,1.160000
1.634355,1.313333,1.160000
1.634758,1.300000,1.240000
1.635159,1.313333,1.260000
1.635560,1.360000,1.266667
1.635963,1.293333,1.306667
1.636364,1.360000,1.293333
1.636766,1.346667,1.266667
1.637167,1.413333,1.300000
1.637568,1.380000,1.300000
1.637969,1.386667,1.300000
1.638371,1.473333,1.326667
1.638772,1.326667,1.326667
1.639173,1.446667,1.373333
1.639575,1.413333,1.360000
1.639976,1.453333,1.380000
1.640378,1.446667,1.386667
1.640779,1.480000,1.440000
1.641180,1.506667,1.306667
1.641581,1.486667,1.280000
1.641982,1.506667,1.446667
1.642383,1.513333,1.440000
1.642784,1.526667,1.440000
1.643186,1.406667,1.466667
1.643589,1.546667,1.466667
1.643991,1.560000,1.480000
1.644394,1.600000,1.493333
1.644795,1.553333,1.520000
1.645197,1.546667,1.533333
1.645598,1.626667,1.533333
1.645999,1.633333,1.540000
1.646401,1.646667,1.560000
1.646802,1.666667,1.573333
1.647204,1.660000,1.586667
1.647605,1.693333,1.586667
1.648006,1.706667,1.646667
1.648408,1.686667,1.640000
1.648811,1.706667,1.606667
1.649212,1.733333,1.646667
1.649614,1.746667,1.646667
1.650016,1.746667,1.666667
1.650417,1.733333,1.733333
1.650820,1.786667,1.720000
1.651221,1.640000,1.720000
1.651623,1.820000,1.660000
1.652024,1.780000,1.740000
1.652425,1.833333,1.733333
1.652826,1.853333,1.760000
1.653227,1.920000,1.900000
1.653629,1.906667,1.800000
1.654030,1.873333,2.060000
1.654431,1.953333,1.820000
1.654832,1.873333,1.826667
1.655233,1.920000,1.826667
1.655634,1.946667,1.846667
1.656035,1.960000,1.880000
1.656436,1.966667,1.900000
1.656838,1.986667,1.906667
1.657239,2.040000,1.906667
1.657641,2.026667,1.906667
1.658042,2.046667,1.933333
1.658443,2.040000,1.953333
1.658844,2.100000,1.973333
1.659246,2.080000,1.973333
1.659648,2.080000,1.953333
1.660049,2.100000,2.046667
1.660450,2.106667,2.020000
1.660851,2.133333,2.033333
1.661252,2.120000,1.966667
1.661653,2.140000,2.033333
1.662055,2.166667,1.993333
1.662456,2.160000,2.120000
1.662857,2.200000,2.093333
1.663259,2.153333,2.140000
1.663660,2.233333,2.126667
1.664061,2.193333,2.146667
1.664463,2.266667,2.153333
1.664866,2.280000,2.226666
1.665268,2.293333,2.086667
1.665669,2.300000,2.206667
1.666071,2.326667,2.193333
1.666472,2.400000,2.253333
1.666874,2.480000,2.213333
1.667275,2.380000,2.253333
1.667677,2.426666,2.340000
1.668078,2.433333,2.300000
1.668480,2.453333,2.293333
1.668881,2.433333,2.333333
1.669282,2.446667,2.533333
1.669683,2.480000,2.346667
1.670085,2.446667,2.300000
1.670486,2.513333,2.380000
1.670887,2.520000,2.466667
1.671288,2.546667,2.486667
1.671690,2.553333,2.406667
1.672091,2.553333,2.433333
1.672492,2.593333,2.446667
1.672894,2.653333,2.466667
1.673295,2.606667,2.520000
1.673697,2.733333,2.500000
1.674099,2.666667,2.513333
1.674500,2.633333,2.493333
1.674902,2.693333,2.546667
1.675304,2.713333,2.546667
1.675705,2.720000,2.613333
1.676106,2.760000,2.560000
1.676509,2.766667,2.606667
1.676910,2.786667,2.646667
1.677312,2.780000,2.613333
1.677713,2.840000,2.640000
1.678114,2.820000,2.640000
1.678516,2.806667,2.626667
1.678918,2.846667,2.700000
1.679320,2.740000,2.720000
1.679721,2.866667,2.700000
1.680122,2.833333,2.720000
1.680524,2.833333,2.746667
1.680925,2.926667,2.733333
1.681326,2.953333,2.793333
1.681728,2.960000,2.820000
1.682129,2.966666,2.800000
1.682531,2.980000,2.840000
1.682932,3.006667,2.993333
1.683333,2.960000,2.860000
1.683734,3.106667,2.886667
1.684135,3.073333,2.973333
1.684537,3.046667,2.900000
1.684938,3.100000,2.926667
1.685339,3.100000,2.946667
1.685740,3.133333,2.960000
1.686141,3.086667,2.960000
1.686542,3.146667,2.973333
1.686945,3.180000,3.013333
1.687348,3.213333,3.066667
1.687749,3.180000,3.040000
1.688150,3.246666,3.073333
1.688551,3.246666,3.106667
1.688954,3.240000,3.060000
1.689355,3.286667,3.126667
1.689757,3.313333,3.166667
1.690158,3.306667,3.140000
1.690560,3.353333,3.166667
1.690962,3.366667,3.166667
1.691363,3.380000,3.206667
1.691766,3.366667,3.253333
1.692167,3.433333,3.253333
1.692569,3.440000,3.273333
1.692970,3.426666,3.273333
1.693371,3.433333,3.366667
1.693772,3.406667,3.313333
1.694173,3.566667,3.346666
1.694575,3.520000,3.326667
1.694976,3.526666,3.346666
1.695377,3.560000,3.313333
1.695779,3.580000,3.373333
1.696180,3.606667,3.486667
1.696581,3.606667,3.453333
1.696983,3.620000,3.460000
1.697386,3.653333,3.486667
1.697787,3.686666,3.486667
1.698190,3.693333,3.486667
1.698591,3.780000,3.453333
1.698992,3.686666,3.540000
1.699394,3.740000,3.573333
1.699796,3.780000,3.593333
1.700197,3.793333,3.486667
1.700599,3.833333,3.606667
1.701000,3.820000,3.653333
1.701402,3.900000,3.653333
1.701803,3.800000,3.660000
1.702205,3.900000,3.713333
1.702607,3.920000,3.666667
1.703008,3.960000,3.746666
1.703409,4.013333,3.746666
1.703811,3.986666,3.713333
1.704212,4.006667,3.886667
1.704613,3.926666,3.713333
1.705014,4.020000,3.820000
1.705415,4.060000,3.866667
1.705818,4.080000,3.866667
1.706220,4.100000,3.926666
1.706621,4.126667,3.833333
1.707022,4.106667,3.920000
1.707423,4.173333,3.960000
1.707825,4.180000,3.953333
1.708226,4.200000,3.993333
1.708628,4.220000,4.013333
1.709030,4.253333,4.020000
1.709433,4.273333,4.066667
1.709836,4.313334,4.040000
1.710238,4.320000,4.086667
1.710639,4.340000,4.100000
1.711040,4.340000,4.133333
1.711441,4.386666,4.140000
1.711842,4.380000,4.146667
1.712244,4.326666,4.166667
1.712645,4.420000,4.200000
1.713046,4.493333,4.186666
1.713449,4.453333,4.193333
1.713851,4.466667,4.226666
1.714252,4.520000,4.273333
1.714653,4.533333,4.173333
1.715054,4.540000,4.286666
1.715456,4.560000,4.260000
1.715857,4.613333,4.120000
1.716259,4.600000,4.360000
1.716660,4.626667,4.360000
1.717062,4.666667,4.380000
1.717463,4.653333,4.420000
1.717865,4.686666,4.446667
1.718266,4.713333,4.453333
1.718667,4.726666,4.453333
1.719069,4.746666,4.540000
1.719470,4.773334,4.506667
1.719872,4.833333,4.540000
1.720273,4.793333,4.566667
1.720674,4.826666,4.680000
1.721076,4.846666,4.606667
1.721478,4.933333,4.613333
1.721881,4.893333,4.633333
1.722282,4.933333,4.673333
1.722683,4.933333,4.673333
1.723086,4.986667,4.680000
1.723488,4.980000,4.726666
1.723890,4.993333,4.726666
1.724291,5.040000,4.733333
1.724693,5.046667,4.900000
1.725094,5.073333,4.813333
1.725496,5.053333,4.793333
1.725897,5.086667,4.833333
1.726299,5.140000,4.880000
1.726701,5.133333,4.840000
1.727102,5.146667,4.920000
1.727503,5.200000,4.926667
1.727904,5.213333,4.906667
1.728305,5.186666,4.926667
1.728706,5.246666,5.013333
1.729108,5.206666,4.986667
1.729510,5.300000,5.033333
1.729911,5.286666,5.060000
1.730312,5.360000,5.080000
1.730714,5.373333,5.080000
1.731115,5.406666,5.100000
1.731516,5.406666,5.120000
1.731918,5.426667,5.146667
1.732319,5.466667,5.180000
1.732720,5.446666,5.153333
1.733121,5.500000,5.186666
1.733523,5.520000,5.273333
1.733924,5.546667,5.240000
1.734327,5.600000,5.306666
1.734729,5.573333,5.253333
1.735131,5.606667,5.306666
1.735532,5.646667,5.320000
1.735933,5.653333,5.386667
1.736335,5.686666,5.373333
1.736737,5.693333,5.393333
1.737139,5.686666,5.393333
1.737541,5.753333,5.413333
1.737942,5.686666,5.486667
1.738348,5.780000,5.473333
1.738749,5.793334,5.500000
1.739151,5.833333,5.526667
1.739553,5.853333,5.533333
1.739956,5.900000,5.539999
1.740357,5.920000,5.586667
1.740759,5.993333,5.606667
1.741160,5.933333,5.626667
1.741562,5.946667,5.646667
1.741963,5.993333,5.700000
1.742365,6.020000,5.686666
1.742766,6.020000,5.773333
1.743167,6.093333,5.793334
1.743570,6.106667,5.993333
1.743972,6.093333,5.820000
1.744374,6.093333,5.853333
1.744776,6.186666,5.853333
1.745177,6.140000,5.853333
1.745578,6.186666,5.820000
1.745979,6.213333,5.940000
1.746381,6.273333,5.926667
1.746782,6.286667,6.226666
1.747183,6.293333,5.940000
1.747586,6.373333,5.960000
1.747988,6.353333,5.946667
1.748390,6.346667,6.026667
1.748793,6.386667,6.033333
1.749194,6.426666,6.006667
1.749596,6.466667,6.113333
1.749999,6.540000,6.126667
1.750401,6.466667,6.193333
1.750802,6.553333,6.106667
1.751203,6.566667,6.226666
1.751606,6.546667,6.226666
1.752007,6.613333,6.433333
1.752408,6.626667,6.253334
1.752811,6.640000,6.286667
1.753213,6.680000,6.286667
1.753614,6.740000,6.313334
1.754015,6.726666,6.366666
1.754417,6.686666,6.313334
1.754818,6.800000,6.366666
1.755220,6.786666,6.433333
1.755622,6.806667,6.413333
1.756023,6.813333,6.446667
1.756424,6.846666,6.466667
1.756825,6.920000,6.493333
1.757227,6.940000,6.500000
1.757629,6.933333,6.513333
1.758030,6.960000,6.613333
1.758432,6.986666,6.600000
1.758833,6.986666,6.613333
1.759235,7.026667,6.640000
1.759636,7.013333,6.713333
1.760037,7.066666,6.766666
1.760438,7.113333,6.720000
1.760839,7.133334,6.740000
1.761241,7.146667,6.786666
1.761643,7.166667,6.813333
1.762046,7.240000,6.820000
1.762447,7.233334,6.826667
1.762848,7.326666,6.900000
1.763249,7.266667,6.866666
1.763650,7.280000,6.906667
1.764051,7.320000,6.920000
1.764452,7.353333,6.960000
1.764854,7.353333,6.980000
1.765255,7.406666,6.993333
1.765657,7.420000,7.006667
1.766059,7.420000,7.040000
1.766460,7.440000,7.093333
1.766863,7.546666,7.046667
1.767264,7.506667,7.113333
1.767666,7.546666,7.153333
1.768067,7.513333,7.166667
1.768468,7.586667,7.173333
1.768869,7.700000,7.273333
1.769270,7.613333,7.213333
1.769671,7.673333,7.253334
1.770073,7.653333,7.273333
1.770475,7.720000,7.333333
1.770876,7.733333,7.333333
1.771277,7.780000,7.333333
1.771679,7.800000,7.373333
1.772080,7.773333,7.393333
1.772482,7.846667,7.240000
1.772883,7.860000,7.453333
1.773284,7.880000,7.460000
1.773685,7.913333,7.506667
1.774086,8.059999,7.513333
1.774489,7.993333,7.540000
1.774890,7.993333,7.586667
1.775291,8.020000,7.593334
1.775693,8.040000,7.579999
1.776094,8.046666,7.600000
1.776496,8.073333,7.660000
1.776897,8.106667,7.679999
1.777298,8.040000,7.653333
1.777700,8.166667,7.720000
1.778102,8.080000,7.746666
1.778504,8.173333,7.740000
1.778905,8.220000,7.833333
1.779306,8.213333,7.766666
1.779708,8.280000,7.873333
1.780109,8.313333,7.853333
1.780510,8.333333,7.860000
1.780913,8.379999,7.926667
1.781315,8.360000,7.940000
1.781716,8.346666,7.940000
1.782119,8.426667,8.000000
1.782520,8.406667,7.993333
1.782923,8.460000,8.013333
1.783325,8.506666,8.040000
1.783727,8.453333,8.073333
1.784129,8.613334,8.093333
1.784530,8.553333,8.280000
1.784931,8.579999,8.233334
1.785332,8.620000,8.213333
1.785734,8.653333,8.179999
1.786135,8.660000,8.206666
1.786537,8.726666,8.240000
1.786938,8.726666,8.213333
1.787340,8.653333,8.273334
1.787741,8.746667,8.273334
1.788142,8.753333,8.300000
1.788543,8.820000,8.373333
1.788944,8.833333,8.386666
1.789348,8.853333,8.400000
1.789751,8.906666,8.466666
1.790152,8.900000,8.480000
1.790553,8.946667,8.460000
1.790955,8.993333,8.513332
1.791356,8.960000,8.540000
1.791757,8.973332,8.453333
1.792158,9.020000,8.566667
1.792560,9.086667,8.579999
1.792962,8.946667,8.606667
1.793363,9.046666,8.639999
1.793764,9.146667,8.653333
1.794165,9.160000,8.653333
1.794566,9.186666,8.753333
1.794967,9.193333,8.733333
1.795369,9.253333,8.740000
1.795770,9.226666,8.780000
1.796171,9.286667,8.793333
1.796573,9.313333,8.880000
1.796974,9.173333,8.846666
1.797375,9.346666,8.880000
1.797777,9.346666,8.900000
1.798178,9.406667,8.913333
1.798579,9.506666,8.913333
1.798981,9.499999,8.940000
1.799382,9.820000,9.006666
1.799783,9.559999,9.039999
1.800184,9.566666,9.039999
1.800585,9.586666,9.066667
1.800986,9.620000,9.039999
1.801388,9.639999,9.106667
1.801789,9.666667,9.086667
1.802190,9.706666,9.160000
1.802591,9.666667,9.193333
1.802992,9.746667,9.200000
1.803394,9.806666,9.220000
1.803795,9.820000,9.246666
1.804196,9.793333,9.266666
1.804598,9.913333,9.299999
1.805000,9.880000,9.313333
1.805401,9.926666,9.346666
1.805802,9.926666,9.346666
1.806203,9.959999,9.446667
1.806604,9.959999,9.453333
1.807005,9.973333,9.466666
1.807407,10.020000,9.466666
1.807809,10.093333,9.506666
1.808210,10.066667,9.526667
1.808612,10.040000,9.646667
1.809013,10.066667,9.613334
1.809415,10.133333,9.613334
1.809817,10.166666,9.613334
1.810219,10.193334,9.686666
1.810620,10.206667,9.666667
1.811023,10.253333,9.706666
1.811424,10.273334,9.706666
1.811825,10.286666,9.753333
1.812226,10.326667,9.880000
1.812627,10.193334,9.806666
1.813028,10.386666,9.800000
1.813430,10.393333,10.266666
1.813832,10.426666,9.886666
1.814234,10.460000,9.920000
1.814635,10.493333,9.940001
1.815036,10.573333,9.959999
1.815439,10.506666,9.953333
1.815840,10.526667,10.053333
1.816242,10.566667,10.000000
1.816644,10.646667,10.046666
1.817045,10.639999,10.040000
1.817447,10.639999,10.000000
1.817849,10.666667,10.113333
1.818251,10.673333,10.140000
1.818652,10.733334,10.146667
1.819055,10.720000,10.206667
1.819458,10.766666,10.213333
1.819859,10.780000,10.233333
1.820261,10.840000,10.260000
1.820662,10.906667,10.260000
1.821063,10.860000,10.299999
1.821465,10.860000,10.320000
1.821867,10.913333,10.346666
1.822268,10.953333,10.380000
1.822669,10.980000,10.353333
1.823071,11.006666,10.353333
1.823474,11.026667,10.440000
1.823875,11.046666,10.446667
1.824276,11.079999,10.413333
1.824677,11.160000,10.473333
1.825078,11.106667,10.500000
1.825479,11.173333,10.493333
1.825880,11.180000,10.559999
1.826282,11.200000,10.620000
1.826683,11.286666,10.566667
1.827086,11.273333,10.653334
1.827488,11.246667,10.706666
1.827889,11.300000,10.720000
1.828291,11.313334,10.706666
1.828693,11.346666,10.780000
1.829094,11.386666,10.780000
1.829496,11.400000,10.793333
1.829897,11.473332,10.826666
1.830298,11.520000,10.840000
1.830699,11.493333,10.860000
1.831102,11.480000,10.879999
1.831504,11.506666,10.900000
1.831905,11.539999,10.960000
1.832306,11.660000,10.933333
1.832708,11.586667,10.993334
1.833109,11.613333,11.053333
1.833511,11.620000,11.040000
1.833912,11.679999,11.053333
1.834313,11.733333,11.106667
1.834715,11.599999,11.033333
1.835116,11.760000,11.120000
1.835517,11.799999,11.186666
1.835918,11.786667,11.193334
1.836319,11.853333,11.200000
1.836720,11.820000,11.193334
1.837121,11.799999,11.213333
1.837523,11.860000,11.280000
1.837924,11.946667,11.280000
1.838325,11.920000,11.300000
1.838726,11.980000,11.360000
1.839127,11.986667,11.326667
1.839529,12.033333,11.353333
1.839931,12.033333,11.386666
1.840332,12.059999,11.420000
1.840734,12.106667,11.453334
1.841136,12.126666,11.480000
1.841539,12.166667,11.460000
1.841941,12.153333,11.533333
1.842342,12.213333,11.559999
1.842743,12.246667,11.546666
1.843144,12.246667,11.573333
1.843545,12.266666,11.633333
1.843947,12.333333,11.626666
1.844348,12.320000,11.713333
1.844749,12.520000,11.693333
1.845150,12.380000,11.780000
1.845551,12.406666,11.720000
1.845952,12.413333,11.706667
1.846354,12.400000,11.820000
1.846756,12.486667,11.786667
1.847158,12.520000,11.813333
1.847559,12.546666,11.860000
1.847960,12.599999,11.833333
1.848361,12.593333,11.906667
1.848762,12.613333,11.873333
1.849163,12.620000,11.926666
1.849564,12.646667,11.933332
1.849966,12.693334,12.033333
1.850368,12.686666,11.966666
1.850769,12.733333,12.033333
1.851170,12.766666,12.066666
1.851572,12.746666,12.093333
1.851975,12.833333,12.206666
1.852376,12.833333,12.126666
1.852779,12.706667,12.146667
1.853181,12.853333,12.266666
1.853583,12.893333,12.086666
1.853984,12.913333,12.193333
1.854387,13.033334,12.273333
1.854788,12.966667,12.246667
1.855191,12.986666,12.320000
1.855593,12.986666,12.320000
1.855995,13.006666,12.353333
1.856396,13.046666,12.366667
1.856797,13.066667,12.433333
1.857198,13.033334,12.420000
1.857600,13.126666,12.406666
1.858001,13.120000,12.459999
1.858402,13.139999,12.459999
1.858805,13.206666,12.459999
1.859206,13.233334,12.493333
1.859608,13.233334,12.599999
1.860009,13.273334,12.580000
1.860410,13.266666,12.606667
1.860813,13.373333,12.653333
1.861214,13.333333,12.626667
1.861616,13.300000,12.620000
1.862017,13.400000,12.693334
1.862418,13.533333,12.719999
1.862820,13.426666,12.719999
1.863221,13.446666,12.733333
1.863622,13.466666,12.766666
1.864023,13.573333,12.786666
1.864425,13.546667,12.806666
1.864826,13.546667,12.840000
1.865227,13.506666,12.833333
1.865629,13.599999,12.913333
1.866030,13.606666,12.880000
1.866431,13.639999,12.886666
1.866834,13.613334,12.946667
1.867235,13.753333,12.960000
1.867636,13.779999,13.006666
1.868037,13.639999,13.006666
1.868438,13.759999,13.040000
1.868841,13.806667,13.059999
1.869242,13.820000,13.113333
1.869643,13.839999,13.113333
1.870044,13.839999,13.100000
1.870447,13.880000,13.146667
1.870848,13.906666,13.179999
1.871249,13.979999,13.179999
1.871650,13.953333,13.200000
1.872051,13.979999,13.286667
1.872452,14.013333,13.240000
1.872853,14.006667,13.273334
1.873255,14.020000,13.293333
1.873656,14.093333,12.780000
1.874057,14.086666,13.320000
1.874458,14.126666,13.346667
1.874859,14.140000,13.466666
1.875260,14.166666,13.366667
1.875661,14.166666,13.433333
1.876062,14.166666,13.420000
1.876463,14.253333,13.480000
1.876864,14.253333,13.500000
1.877266,14.259999,13.506666
1.877668,14.320000,13.559999
1.878070,14.346666,13.553333
1.878473,14.346666,13.639999
1.878875,14.346666,13.620000
1.879276,14.393332,13.613334
1.879678,14.526666,13.666666
1.880079,14.413333,13.653334
1.880480,14.439999,13.706666
1.880881,14.466667,13.733333
1.881283,14.486667,13.693333
1.881684,14.506667,13.746667
1.882085,14.533334,13.753333
1.882487,14.566666,13.813334
1.882888,14.586666,13.813334
1.883290,14.620000,13.846665
1.883692,14.606667,13.826666
1.884093,14.646667,13.900000
1.884496,14.673333,13.920000
1.884897,14.706667,13.926666
1.885299,14.726667,13.933332
1.885701,14.726667,13.960000
1.886102,14.753333,13.946667
1.886504,14.826666,13.993333
1.886905,14.800000,14.080000
1.887307,14.813333,14.053333
1.887708,14.860001,14.020000
1.888109,14.880000,14.093333
1.888510,14.873333,14.133332
1.888911,14.919999,14.093333
1.889312,14.926667,14.113334
1.889713,15.086666,14.166666
1.890116,14.913333,14.173332
1.890517,14.953333,14.200001
1.890918,15.006666,14.186666
1.891319,15.093332,14.266667
1.891720,15.139999,14.286666
1.892121,15.106667,14.293333
1.892523,15.146667,14.333334
1.892925,15.219999,14.286666
1.893326,15.186667,14.506667
1.893727,15.206666,14.380000
1.894129,15.226665,14.426666
1.894530,15.253334,14.446667
1.894931,15.273333,14.693333
1.895333,15.353333,14.439999
1.895734,15.346666,14.446667
1.896135,15.359999,14.506667
1.896537,15.373333,14.540000
1.896938,15.346666,14.466667
1.897340,15.393333,14.553333
1.897741,15.379999,14.559999
1.898143,15.413333,14.600000
1.898544,15.526667,14.600000
1.898946,15.486666,14.633332
1.899348,15.626667,14.659999
1.899749,15.506666,14.659999
1.900150,15.579999,14.706667
1.900552,15.566667,14.719999
1.900955,15.639999,14.686666
1.901356,15.593333,14.733334
1.901757,15.639999,14.626666
1.902158,15.660000,14.813333
1.902560,15.673333,14.800000
1.902961,15.693334,14.866667
1.903362,15.720000,14.846666
1.903764,15.753332,14.846666
1.904167,15.700000,14.899999
1.904569,15.786667,14.940000
1.904970,15.806666,14.906667
1.905371,15.819999,14.953333
1.905773,15.893333,14.953333
1.906175,15.866667,14.953333
1.906577,15.913334,14.953333
1.906978,15.920000,14.953333
1.907380,15.926666,14.953333
1.907781,15.960000,15.080000
1.908182,15.986667,15.106667
1.908583,16.013332,14.953333
1.908984,16.033333,15.186667
1.909386,16.039999,15.173333
1.909787,16.006666,15.280000
1.910189,16.133333,15.213333
1.910590,16.153334,15.219999
1.910991,16.073334,15.366667
1.911393,16.126665,15.219999
1.911794,16.146666,15.300000
1.912196,16.259998,15.300000
1.912597,16.099998,15.453334
1.912998,16.326666,15.306666
1.913400,16.240000,15.366667
1.913801,16.279999,15.400000
1.914202,16.293333,15.393333
1.914603,16.326666,15.419999
1.915004,16.266666,15.413333
1.915405,16.346666,15.446666
1.915808,16.353333,15.486666
1.916209,16.366665,15.466666
1.916611,16.413332,15.500000
1.917012,16.400000,15.520000
1.917414,16.480000,15.553332
1.917817,16.373333,15.573333
1.918218,16.453333,15.606667
1.918620,16.519999,15.633333
1.919023,16.493332,15.746666
1.919424,16.559999,15.673333
1.919827,16.593334,15.660000
1.920228,16.593334,15.593333
1.920629,16.619999,15.686666
1.921030,16.619999,15.700000
1.921431,16.633331,15.893333
1.921833,16.660000,15.746666
1.922234,16.693333,15.760000
1.922636,16.713333,15.806666
1.923037,16.660000,15.826667
1.923438,16.746666,15.839999
1.923840,16.759998,15.833333
1.924241,16.786665,15.826667
1.924642,16.786665,15.893333
1.925043,16.833334,15.913334
1.925444,16.820000,16.393333
1.925846,16.840000,15.920000
1.926247,16.840000,15.980000
1.926648,16.866667,16.000000
1.927050,16.906666,16.020000
1.927451,16.906666,16.093332
1.927853,16.913332,16.039999
1.928254,16.893332,16.039999
1.928656,16.973333,16.059999
1.929058,16.906666,16.333334
1.929460,16.966667,16.013332
1.929861,17.006666,16.133333
1.930262,16.986668,16.119999
1.930664,17.019999,16.160000
1.931066,17.013332,16.173334
1.931469,16.993334,16.180000
1.931871,17.013332,16.240000
1.932273,17.059999,16.240000
1.932674,17.139999,16.253332
1.933075,17.179998,16.266666
1.933476,17.226667,16.273333
1.933877,17.126667,16.273333
1.934279,17.146666,16.266666
1.934681,17.179998,16.333334
1.935083,17.173332,16.353333
1.935485,17.186666,16.433332
1.935886,17.199999,16.379999
1.936288,17.260000,16.406666
1.936690,17.233334,16.433332
1.937091,17.279999,16.440001
1.937492,17.293333,16.460001
1.937894,17.373333,16.473333
1.938295,17.333332,16.466667
1.938696,17.333332,16.499998
1.939097,17.320000,16.506666
1.939499,17.406666,16.526667
1.939901,17.360001,16.546667
1.940302,17.366667,16.846666
1.940703,17.406666,16.619999
1.941104,17.426666,16.613333
1.941506,17.433332,16.480000
1.941907,17.439999,16.639999
1.942308,17.446667,16.673332
1.942709,17.493334,16.673332
1.943110,17.480000,16.759998
1.943511,17.520000,16.726667
1.943912,17.633333,16.713333
1.944313,17.646667,16.733334
1.944714,17.626667,16.759998
1.945115,17.573332,16.700001
1.945516,17.593332,16.759998
1.945917,17.606667,16.799999
1.946318,17.653334,16.793333
1.946720,17.626667,16.799999
1.947121,17.639999,16.806665
1.947523,17.660000,16.833334
1.947926,17.679998,16.826666
1.948327,17.699999,16.886665
1.948728,17.733334,16.873333
1.949129,17.699999,16.913332
1.949530,17.746666,16.873333
1.949932,17.753334,16.900000
1.950333,17.766666,16.900000
1.950735,17.786667,16.980000
1.951136,17.926666,16.953333
1.951537,17.820000,16.939999
1.951938,17.813332,16.939999
1.952339,17.859999,16.946667
1.952740,17.846666,16.993334
1.953141,17.886667,16.993334
1.953543,17.926666,17.006666
1.953944,17.886667,17.033333
1.954348,17.893333,17.033333
1.954750,17.900000,17.039999
1.955152,17.933332,17.039999
1.955553,17.946665,17.059999
1.955955,17.973333,17.066666
1.956356,17.980000,17.073334
1.956757,18.000000,17.113333
1.957158,18.013332,17.139999
1.957559,18.020000,17.139999
1.957960,18.020000,17.153332
1.958362,18.033333,17.146666
1.958763,18.053333,17.186666
1.959164,18.066666,17.166666
1.959565,18.079998,17.219999
1.959966,18.093332,17.260000
1.960368,18.126667,17.240000
1.960769,18.160000,17.199999
1.961170,18.133333,17.233334
1.961571,18.160000,17.266666
1.961972,18.160000,17.253334
1.962374,18.193333,17.320000
1.962775,18.206665,17.326666
1.963177,18.199999,17.306665
1.963578,18.226665,17.333332
1.963979,18.233332,17.340000
1.964381,18.246666,17.373333
1.964782,18.260000,17.380001
1.965184,18.266666,17.419998
1.965585,18.240000,17.346666
1.965987,18.206665,17.373333
1.966389,18.299999,17.419998
1.966790,18.320000,17.433332
1.967192,18.313334,17.419998
1.967593,18.273333,17.433332
1.967995,18.339998,17.380001
1.968396,18.346666,17.473333
1.968797,18.366667,17.473333
1.969198,18.393333,17.486666
1.969599,18.400000,17.506666
1.970000,18.366667,17.506666
1.970402,18.446667,17.619999
1.970803,18.453333,17.526667
1.971205,18.433334,17.526667
1.971607,18.466665,17.539999
1.972009,18.473331,17.513334
1.972410,18.480000,17.586666
1.972811,18.500000,17.593332
1.973212,18.559999,17.660000
1.973613,18.526667,17.613333
1.974015,18.520000,17.633333
1.974416,18.546667,17.660000
1.974817,18.526667,17.619999
1.975218,18.559999,17.666666
1.975620,18.573334,17.686666
1.976021,18.580000,17.679998
1.976422,18.593332,17.713333
1.976823,18.580000,17.713333
1.977225,18.580000,17.733334
1.977626,18.639999,17.746666
1.978027,18.546667,17.746666
1.978428,18.573334,17.753334
1.978829,18.673334,17.760000
1.979231,18.713333,17.760000
1.979633,18.653334,17.719999
1.980034,18.700001,17.813332
1.980436,18.706667,17.853333
1.980838,18.719999,17.806665
1.981239,18.740000,17.826666
1.981641,18.740000,17.813332
1.982042,18.766666,17.813332
1.982443,18.740000,17.906668
1.982844,18.779999,17.873333
1.983247,18.733332,17.886667
1.983649,18.806667,17.873333
1.984050,18.853333,17.873333
1.984451,18.813334,17.886667
1.984853,18.886665,17.893333
1.985254,18.846666,17.939999
1.985656,18.906666,17.893333
1.986057,18.920000,17.966665
1.986458,18.879999,17.746666
1.986860,18.853333,17.966665
1.987261,18.873333,17.959999
1.987662,18.900000,18.000000
1.988064,18.840000,17.966665
1.988467,18.900000,18.020000
1.988868,18.933332,18.020000
1.989270,18.940001,18.020000
1.989671,18.960001,18.026667
1.990072,18.953333,18.020000
1.990473,18.906666,18.053333
1.990874,18.966667,18.066666
1.991275,18.999998,18.073332
1.991677,18.953333,18.053333
1.992079,19.026667,18.093332
1.992480,18.953333,18.006666
1.992881,19.019999,18.099998
1.993282,19.046667,18.099998
1.993683,19.046667,18.099998
1.994084,19.133331,18.079998
1.994486,19.073334,18.126667
1.994888,19.019999,18.106667
1.995289,18.973333,18.066666
1.995691,19.113333,18.139999
1.996092,19.126665,18.153334
1.996494,19.113333,18.206665
1.996895,19.113333,18.166666
1.997296,19.139999,18.186666
1.997698,19.119999,18.186666
1.998099,19.166666,18.213333
1.998501,19.180000,18.213333
1.998903,19.153332,18.219999
1.999305,19.166666,18.046667
1.999706,19.153332,18.213333
2.000107,19.139999,18.333332
2.000509,19.213333,18.126667
2.000910,19.213333,18.273333
2.001312,19.139999,18.199999
2.001713,19.206667,18.293333
2.002114,19.240000,18.293333
2.002516,19.246666,18.273333
2.002917,19.213333,18.293333
2.003319,19.259998,18.293333
2.003720,19.386665,18.299999
2.004121,19.246666,18.386665
2.004523,19.273333,18.299999
2.004924,19.320000,18.339998
2.005326,19.373333,18.339998
2.005727,19.306665,18.359999
2.006129,19.320000,18.379999
2.006530,19.313334,18.373333
2.006931,19.333334,18.393333
