0.000000,19.646666,18.593332
0.000403,19.626667,18.599998
0.000804,19.626667,18.553333
0.001206,19.606667,18.606665
0.001607,19.626667,18.533333
0.002008,19.639999,18.613333
0.002410,19.633333,18.573334
0.002811,19.613333,18.566668
0.003212,19.626667,18.546667
0.003613,19.613333,18.559999
0.004014,19.639999,18.566668
0.004416,19.713333,18.533333
0.004817,19.600000,18.526667
0.005219,19.566666,18.533333
0.005620,19.519999,18.526667
0.006021,19.486668,18.473331
0.006423,19.553333,18.566668
0.006824,19.559999,18.526667
0.007226,19.533333,18.513332
0.007628,19.546665,18.526667
0.008029,19.546665,18.520000
0.008431,19.533333,18.506666
0.008832,19.506666,18.446667
0.009234,19.533333,18.500000
0.009635,19.533333,18.500000
0.010036,19.506666,18.513332
0.010437,19.480000,18.486666
0.010839,19.459999,18.486666
0.011240,19.480000,18.473331
0.011642,19.426666,18.426666
0.012043,19.466667,18.466665
0.012444,19.446667,18.426666
0.012845,19.433332,18.426666
0.013247,19.453333,18.426666
0.013648,19.433332,18.440001
0.014050,19.426666,18.400000
0.014452,19.473333,18.406666
0.014853,19.413332,18.400000
0.015254,19.379999,18.393333
0.015657,19.420000,18.400000
0.016058,19.393332,18.379999
0.016459,19.393332,17.953333
0.016860,19.379999,18.333332
0.017262,19.400000,18.379999
0.017663,19.400000,18.353333
0.018064,19.379999,18.339998
0.018465,19.286665,18.333332
0.018867,19.506666,18.366667
0.019268,19.320000,18.386665
0.019670,19.333334,18.346666
0.020072,19.333334,18.320000
0.020473,19.326666,18.293333
0.020874,19.320000,18.286667
0.021276,19.306665,18.280001
0.021677,19.333334,18.293333
0.022079,19.306665,18.306667
0.022480,19.326666,18.299999
0.022882,19.279999,18.253332
0.023283,19.273333,18.233332
0.023684,19.259998,18.266666
0.024086,19.279999,18.240000
0.024487,19.226667,18.233332
0.024888,19.226667,18.213333
0.025290,19.253332,18.240000
0.025692,19.226667,18.206665
0.026093,19.219999,18.240000
0.026495,19.193333,18.186666
0.026897,19.213333,18.206665
0.027298,19.200001,18.213333
0.027701,19.253332,18.166666
0.028103,19.206667,18.193333
0.028504,19.113333,18.206665
0.028905,19.153332,18.146666
0.029306,19.146666,18.186666
0.029707,19.126665,18.139999
0.030109,19.133331,18.119999
0.030511,19.119999,18.099998
0.030912,19.093334,18.040001
0.031314,19.093334,18.086666
0.031715,19.019999,18.086666
0.032116,19.066666,18.193333
0.032517,19.059999,18.079998
0.032919,19.053333,18.079998
0.033320,19.053333,18.053333
0.033722,19.046667,18.046667
0.034123,19.039999,17.886667
0.034525,19.013332,17.959999
0.034927,18.993332,18.099998
0.035328,19.026667,17.980000
0.035730,19.006666,18.020000
0.036132,18.953333,18.020000
0.036534,19.006666,18.006666
0.036935,18.986666,17.966665
0.037337,18.999998,18.006666
0.037738,18.980000,17.973333
0.038139,18.673334,17.946665
0.038541,18.966667,17.933332
0.038943,18.900000,17.813332
0.039349,18.913332,17.980000
0.039750,18.926666,17.926666
0.040152,18.926666,17.906668
0.040553,18.879999,17.906668
0.040954,18.886665,17.913334
0.041356,18.879999,17.893333
0.041757,18.833334,17.879999
0.042158,18.846666,17.866667
0.042559,18.786667,17.873333
0.042961,18.813334,17.840000
0.043362,18.806667,17.966665
0.043763,18.773333,17.813332
0.044164,18.833334,17.760000
0.044565,18.779999,17.813332
0.044966,18.773333,17.813332
0.045368,18.773333,17.873333
0.045769,18.766666,17.733334
0.046170,18.700001,17.813332
0.046571,18.726665,17.746666
0.046973,18.686666,17.673332
0.047375,18.766666,17.733334
0.047776,18.646666,17.746666
0.048177,18.653334,17.753334
0.048578,18.660000,17.719999
0.048979,18.680000,17.713333
0.049381,18.619999,17.686666
0.049782,18.639999,17.679998
0.050183,18.633333,17.653334
0.050584,18.626665,17.653334
0.050985,18.593332,17.633333
0.051387,18.613333,17.653334
0.051788,18.599998,17.633333
0.052190,18.546667,17.586666
0.052591,18.613333,17.660000
0.052992,18.506666,17.633333
0.053394,18.526667,17.613333
0.053796,18.513332,17.520000
0.054198,18.506666,17.539999
0.054599,18.486666,17.433332
0.055000,18.480000,17.526667
0.055402,18.473331,17.520000
0.055803,18.573334,17.506666
0.056205,18.353333,17.480000
0.056606,18.453333,17.473333
0.057008,18.400000,17.459999
0.057409,18.413334,17.433332
0.057810,18.406666,17.453333
0.058212,18.393333,17.459999
0.058613,18.400000,17.400000
0.059014,18.373333,17.426666
0.059416,18.413334,17.386667
0.059817,18.386665,17.373333
0.060218,18.313334,17.386667
0.060620,18.326666,17.360001
0.061022,18.313334,17.346666
0.061423,18.286667,17.340000
0.061824,18.280001,17.333332
0.062226,18.260000,17.253334
0.062628,18.253332,17.366667
0.063029,18.240000,17.293333
0.063431,18.246666,17.266666
0.063832,18.193333,17.279999
0.064234,18.206665,17.240000
0.064635,18.219999,17.240000
0.065037,18.193333,17.246666
0.065438,18.153334,17.266666
0.065839,18.126667,17.153332
0.066240,18.146666,17.213333
0.066641,18.126667,17.179998
0.067043,18.113333,17.166666
0.067444,18.093332,17.146666
0.067845,18.113333,17.126667
0.068247,18.079998,17.146666
0.068649,18.066666,17.113333
0.069050,18.073332,17.106667
0.069451,18.026667,17.046665
0.069853,18.006666,17.093332
0.070255,18.013332,17.093332
0.070656,18.006666,17.053333
0.071057,18.006666,17.033333
0.071459,17.966665,17.059999
0.071861,17.939999,16.993334
0.072262,17.973333,16.946667
0.072663,17.946665,16.966667
0.073065,17.933332,16.959999
0.073466,17.906668,17.013332
0.073867,17.900000,16.980000
0.074269,17.873333,16.946667
0.074671,17.859999,16.926666
0.075073,17.886667,16.926666
0.075475,17.833332,16.933332
0.075876,17.853333,16.900000
0.076278,17.766666,16.853334
0.076680,17.780001,16.906666
0.077081,17.773333,16.879999
0.077483,17.760000,16.733334
0.077884,17.746666,16.873333
0.078285,17.660000,16.706667
0.078687,17.719999,16.799999
0.079088,17.706665,16.766666
0.079489,17.713333,16.799999
0.079890,17.673332,16.786665
0.080291,17.666666,16.786665
0.080692,17.666666,16.759998
0.081094,17.686666,16.719999
0.081495,17.633333,16.700001
0.081896,17.606667,16.713333
0.082297,17.586666,16.680000
0.082698,17.573332,16.706667
0.083100,17.533333,16.700001
0.083503,17.520000,16.639999
0.083904,17.600000,16.626665
0.084306,17.486666,16.606667
0.084707,17.480000,16.619999
0.085108,17.486666,16.593334
0.085510,17.413332,16.773333
0.085912,17.520000,16.539999
0.086313,17.446667,16.519999
0.086715,17.419998,16.526667
0.087117,17.393333,16.573334
0.087519,17.346666,16.486666
0.087920,17.360001,16.466667
0.088321,17.333332,16.466667
0.088722,17.346666,16.353333
0.089123,17.439999,16.433332
0.089524,17.293333,16.366665
0.089926,17.279999,16.393333
0.090327,17.260000,16.373333
0.090728,17.213333,16.346666
0.091130,17.213333,16.333334
0.091532,17.219999,16.333334
0.091933,17.206667,16.406666
0.092334,17.206667,16.266666
0.092735,17.166666,16.273333
0.093136,17.153332,16.299999
0.093538,17.153332,16.193333
0.093940,17.073334,16.213333
0.094341,17.113333,16.206667
0.094742,17.066666,16.193333
0.095143,17.120001,16.186666
0.095544,17.053333,16.066668
0.095945,17.086666,16.160000
0.096349,17.019999,16.099998
0.096750,16.953333,16.086666
0.097151,16.986668,16.093332
0.097552,16.993334,16.046667
0.097953,16.939999,16.026667
0.098355,16.933332,16.073334
0.098756,16.920000,16.006666
0.099158,16.906666,15.980000
0.099560,16.906666,15.940000
0.099961,16.900000,15.940000
0.100362,16.913332,15.926666
0.100763,16.873333,15.940000
0.101165,16.820000,15.920000
0.101566,16.806665,15.913334
0.101967,16.840000,15.860000
0.102369,16.806665,15.720000
0.102772,16.793333,15.746666
0.103173,16.746666,15.833333
0.103575,16.753332,15.746666
0.103977,16.773333,15.746666
0.104378,16.759998,15.780001
0.104780,16.660000,15.746666
0.105183,16.746666,15.826667
0.105584,16.573334,15.673333
0.105985,16.660000,15.693334
0.106388,16.666666,15.700000
0.106789,16.693333,15.633333
0.107190,16.580000,15.619999
0.107592,16.506666,15.586667
0.107993,16.559999,15.586667
0.108395,16.539999,15.579999
0.108796,16.499998,15.553332
0.109198,16.486666,15.533333
0.109599,16.493332,15.540000
0.110002,16.446667,15.486666
0.110403,16.386665,15.480000
0.110804,16.493332,15.446666
0.111206,16.406666,15.460000
0.111607,16.400000,15.413333
0.112008,16.340000,15.366667
0.112410,16.326666,15.433333
0.112811,16.299999,15.333333
0.113213,16.286667,15.453334
0.113615,16.279999,15.346666
0.114016,16.286667,15.313333
0.114417,16.273333,15.179999
0.114818,16.186666,15.246666
0.115219,16.246666,15.253334
0.115621,16.160000,15.240000
0.116022,16.153334,15.200000
0.116423,16.126665,15.219999
0.116826,16.133333,15.193334
0.117227,16.086666,15.153333
0.117628,16.006666,15.153333
0.118030,16.039999,15.106667
0.118431,16.020000,15.080000
0.118832,16.000000,15.113333
0.119234,16.226665,14.953333
0.119636,16.026667,14.953333
0.120037,15.940000,14.953333
0.120438,15.873333,14.953333
0.120841,15.913334,14.953333
0.121242,15.900000,14.933333
0.121644,15.839999,14.919999
0.122046,15.846667,14.933333
0.122448,15.766666,14.873333
0.122850,15.700000,14.873333
0.123252,15.753332,14.953333
0.123654,15.806666,14.840000
0.124055,15.740000,14.793334
0.124456,15.726666,14.773334
0.124857,15.666666,14.766665
0.125259,15.626667,14.726667
0.125660,15.653334,14.699999
0.126062,15.546666,14.693333
0.126464,15.593333,14.679999
0.126865,15.573333,14.800000
0.127267,15.533333,14.746666
0.127669,15.540000,14.600000
0.128070,15.513332,14.686666
0.128471,15.533333,14.606667
0.128873,15.560000,14.553333
0.129275,15.520000,14.606667
0.129676,15.406667,14.533334
0.130078,15.413333,14.513333
0.130479,15.313333,14.433332
0.130881,15.406667,14.480000
0.131282,15.320001,14.426666
0.131684,15.373333,14.420000
0.132087,15.306666,14.420000
0.132489,15.280000,14.386666
0.132891,15.233334,14.353333
0.133293,15.233334,14.373332
0.133695,15.213333,14.333334
0.134096,15.193334,14.293333
0.134498,15.139999,14.286666
0.134900,15.126667,14.259999
0.135302,15.119999,14.226666
0.135703,15.146667,14.206667
0.136106,15.080000,14.173332
0.136508,14.953333,14.173332
0.136910,14.953333,14.173332
0.137312,14.926667,14.153333
0.137713,14.926667,14.133332
0.138115,14.953333,14.120000
0.138516,14.953333,14.046667
0.138917,14.906667,14.033333
0.139319,14.913333,14.020000
0.139720,14.873333,14.086666
0.140121,14.840000,13.999999
0.140522,14.820000,13.979999
0.140923,14.806666,13.966666
0.141325,14.753333,13.906666
0.141727,14.746666,13.906666
0.142128,14.706667,13.906666
0.142530,14.679999,13.900000
0.142933,14.693333,13.833333
0.143334,14.666667,13.846665
0.143735,14.646667,13.773333
0.144136,14.620000,13.820000
0.144538,14.580000,13.893333
0.144940,14.586666,13.746667
0.145341,14.593332,13.726666
0.145742,14.626666,13.713332
0.146145,14.506667,13.686666
0.146546,14.473333,13.500000
0.146948,14.486667,13.713332
0.147349,14.459999,13.586667
0.147750,14.520000,13.613334
0.148151,14.373332,13.646666
0.148552,14.393332,13.559999
0.148953,14.420000,13.533333
0.149356,14.320000,13.493333
0.149757,14.293333,13.486667
0.150160,14.259999,13.453332
0.150562,14.266667,13.406666
0.150963,14.146667,13.440000
0.151364,14.206667,13.379999
0.151765,14.166666,13.379999
0.152167,14.086666,13.386665
0.152569,14.126666,13.353333
0.152970,14.080000,13.293333
0.153371,14.073334,13.293333
0.153773,14.026667,13.226666
0.154174,14.026667,13.293333
0.154575,14.020000,13.233334
0.154978,14.039999,13.206666
0.155380,14.013333,13.193333
0.155781,13.893333,13.166667
0.156182,13.833333,13.133333
0.156583,13.926666,13.266666
0.156984,13.853333,13.093333
0.157386,13.846665,13.013333
0.157788,13.826666,13.073333
0.158191,13.826666,13.026667
0.158592,13.793333,13.026667
0.158994,13.759999,13.006666
0.159396,13.726666,12.973333
0.159797,13.740001,12.980000
0.160198,13.720000,12.946667
0.160599,13.633333,12.840000
0.161000,13.639999,12.873333
0.161402,13.646666,12.860000
0.161804,13.606666,12.846666
0.162205,13.579999,12.826667
0.162606,13.553333,12.786666
0.163009,13.533333,12.906667
0.163410,13.493333,12.740000
0.163813,13.546667,12.713333
0.164215,13.473332,12.700000
0.164616,13.433333,12.653333
0.165017,13.533333,12.733333
0.165418,13.393333,12.653333
0.165819,13.366667,12.613333
0.166221,13.346667,12.599999
0.166622,13.306666,12.586666
0.167024,13.300000,12.546666
0.167425,13.286667,12.546666
0.167826,13.300000,12.506667
0.168228,13.253333,12.493333
0.168629,13.193333,12.459999
0.169030,13.179999,12.446667
0.169431,13.093333,12.446667
0.169833,13.133333,12.380000
0.170234,13.073333,12.339999
0.170636,13.046666,12.253333
0.171037,13.066667,12.246667
0.171438,13.066667,12.306666
0.171839,13.033334,12.513333
0.172241,12.966667,12.240000
0.172642,13.020000,12.113334
0.173043,12.966667,12.240000
0.173444,12.906667,12.219999
0.173845,12.900000,12.133333
0.174246,12.873333,12.106667
0.174648,12.853333,12.113334
0.175049,12.833333,12.006666
0.175450,12.840000,12.073333
0.175852,12.780000,12.040000
0.176253,12.740000,12.013333
0.176654,12.733333,11.999999
0.177055,12.686666,11.966666
0.177456,12.660000,11.920000
0.177857,12.679999,11.966666
0.178259,12.626667,11.886666
0.178660,12.599999,11.786667
0.179061,12.580000,11.893333
0.179463,12.526666,11.806666
0.179865,12.546666,11.813333
0.180266,12.506667,11.753333
0.180668,12.353333,11.720000
0.181071,12.453333,11.820000
0.181472,12.286667,11.713333
0.181874,12.400000,11.713333
0.182276,12.393332,11.666666
0.182678,12.360000,11.640000
0.183079,12.386666,11.633333
0.183481,12.313334,11.580000
0.183882,12.259999,11.526667
0.184283,12.253333,11.539999
0.184685,12.246667,11.539999
0.185087,12.180000,11.493333
0.185489,12.193333,11.493333
0.185891,12.180000,11.446667
0.186293,12.146667,11.426666
0.186695,12.106667,11.420000
0.187096,12.153333,11.420000
0.187497,12.040000,11.360000
0.187898,12.013333,11.333333
0.188300,12.026667,11.306666
0.188701,11.913333,11.300000
0.189102,11.953333,11.200000
0.189504,11.900000,11.253333
0.189905,11.973333,11.240000
0.190306,11.886666,11.193334
0.190708,11.866666,11.193334
0.191110,11.826667,11.153333
0.191511,11.813333,11.133333
0.191914,11.799999,11.086666
0.192316,11.760000,11.093333
0.192718,11.786667,11.066667
0.193119,11.706667,11.026667
0.193520,11.706667,11.033333
0.193921,11.653334,11.006666
0.194323,11.586667,10.946666
0.194724,11.686666,10.840000
0.195125,11.613333,10.926667
0.195527,11.533333,10.879999
0.195928,11.480000,10.879999
0.196330,11.513333,10.780000
0.196731,11.553333,10.840000
0.197132,11.386666,10.806666
0.197534,11.393333,10.740000
0.197936,11.406666,10.746666
0.198337,11.280000,10.666667
0.198738,11.360000,10.660000
0.199139,11.320000,10.686666
0.199540,11.286666,10.673333
0.199941,11.273333,10.653334
0.200342,11.246667,10.660000
0.200743,11.219999,10.593333
0.201145,11.200000,10.559999
0.201546,11.173333,10.566667
0.201948,11.153333,10.506666
0.202349,11.120000,10.500000
0.202751,11.113334,10.500000
0.203153,11.033333,10.453333
0.203554,11.033333,10.353333
0.203956,10.960000,10.373333
0.204357,11.013332,10.400000
0.204758,11.060000,10.353333
0.205159,11.040000,10.393333
0.205560,10.940000,10.286666
0.205961,10.806666,10.320000
0.206363,10.873333,10.013333
0.206764,10.833333,10.246666
0.207166,10.840000,10.233333
0.207567,10.926667,10.193334
0.207968,10.780000,10.153333
0.208369,10.746666,10.146667
0.208771,10.726666,10.106667
0.209172,10.693333,10.106667
0.209573,10.673333,10.059999
0.209974,10.686666,10.120000
0.210376,10.706666,10.000000
0.210777,10.540000,9.959999
0.211179,10.506666,9.973333
0.211580,10.559999,9.900000
0.211981,10.559999,9.906666
0.212382,10.506666,9.893332
0.212783,10.460000,9.933333
0.213184,10.440000,9.833333
0.213585,10.406667,9.946667
0.213986,10.393333,9.780000
0.214388,10.460000,9.633333
0.214791,10.353333,9.733334
0.215192,10.320000,9.740000
0.215593,10.293333,9.706666
0.215995,10.360000,9.753333
0.216397,10.260000,9.673333
0.216798,10.240000,9.653333
0.217199,10.173333,9.626666
0.217601,10.173333,9.600000
0.218004,10.146667,9.606667
0.218405,10.160000,9.606667
0.218807,10.106667,9.559999
0.219208,10.106667,9.453333
0.219609,10.053333,9.493333
0.220010,10.033333,9.460000
0.220411,10.033333,9.280000
0.220814,9.946667,9.460000
0.221216,9.933333,9.346666
0.221617,9.953333,9.266666
0.222018,9.886666,9.340000
0.222419,9.753333,9.280000
0.222821,9.860000,9.293333
0.223222,9.839999,9.246666
0.223623,9.806666,9.240000
0.224025,9.806666,9.240000
0.224427,9.766666,9.186666
0.224828,9.746667,9.173333
0.225229,9.746667,9.160000
0.225631,9.726666,9.120000
0.226032,9.686666,9.086667
0.226434,9.580000,9.066667
0.226836,9.600000,9.039999
0.227237,9.613334,8.973332
0.227639,9.553333,8.993333
0.228040,9.513333,8.946667
0.228442,9.526667,8.946667
0.228843,9.446667,8.913333
0.229245,9.400000,8.913333
0.229646,9.400000,8.900000
0.230048,9.346666,8.880000
0.230450,9.340000,8.846666
0.230851,9.306666,8.839999
0.231253,9.299999,8.773333
0.231654,9.320000,8.746667
0.232055,9.306666,8.746667
0.232457,9.266666,8.713333
0.232858,9.220000,8.706666
0.233259,9.200000,8.686666
0.233661,9.166666,8.639999
0.234064,9.133333,8.639999
0.234465,9.080000,8.593333
0.234866,9.066667,8.573333
0.235268,9.080000,8.566667
0.235669,9.080000,8.533333
0.236070,9.020000,8.473333
0.236471,9.026667,8.486667
0.236872,8.953334,8.426667
0.237274,9.013333,8.426667
0.237675,8.913333,8.400000
0.238076,8.880000,8.386666
0.238477,8.953334,8.313333
0.238878,8.760000,8.306666
0.239279,8.880000,8.233334
0.239680,8.893333,8.300000
0.240082,8.719999,8.253333
0.240483,8.740000,8.220000
0.240884,8.733333,8.226666
0.241286,8.693334,8.226666
0.241688,8.686666,8.139999
0.242090,8.653333,8.179999
0.242493,8.626667,8.040000
0.242895,8.593333,8.120000
0.243297,8.546666,8.080000
0.243698,8.526667,8.026667
0.244099,8.540000,8.026667
0.244501,8.506666,8.026667
0.244902,8.493334,7.960000
0.245303,8.433333,7.980000
0.245705,8.360000,7.926667
0.246106,8.393332,8.379999
0.246507,8.426667,7.866666
0.246909,8.340000,7.906666
0.247310,8.346666,7.866666
0.247712,8.286667,7.679999
0.248113,8.333333,7.860000
0.248515,8.226666,7.773333
0.248916,8.240000,7.766666
0.249317,8.193333,7.720000
0.249718,8.173333,7.700000
0.250120,8.113333,7.660000
0.250522,8.186666,7.660000
0.250925,8.093333,7.620000
0.251327,8.073333,7.606667
0.251729,8.066667,7.566667
0.252130,8.026667,7.566667
0.252531,8.006666,7.513333
0.252932,7.993333,7.513333
0.253334,7.973333,7.473333
0.253736,7.900000,7.473333
0.254139,7.913333,7.506667
0.254541,7.873333,7.453333
0.254943,7.833333,7.380000
0.255349,7.806666,7.393333
0.255750,8.006666,7.333333
0.256151,7.733333,7.320000
0.256553,7.746666,7.326666
0.256954,7.773333,7.260000
0.257356,7.579999,7.260000
0.257757,7.693334,7.193333
0.258159,7.646666,7.226666
0.258560,7.600000,7.180000
0.258961,7.606667,7.140000
0.259362,7.546666,7.073333
0.259763,7.540000,7.166667
0.260164,7.573333,7.093333
0.260566,7.520000,7.080000
0.260967,7.466667,7.066666
0.261369,7.579999,7.000000
0.261770,7.400000,7.020000
0.262172,7.373333,7.006667
0.262573,7.386667,6.986666
0.262974,7.340000,6.906667
0.263376,7.346666,6.920000
0.263777,7.320000,6.866666
0.264178,7.219999,6.840000
0.264579,7.266667,6.893333
0.264981,7.246666,6.893333
0.265382,7.219999,6.806667
0.265783,7.193333,6.806667
0.266185,7.166667,6.760000
0.266586,7.126667,6.700000
0.266987,7.106667,6.680000
0.267389,7.100000,6.833333
0.267790,7.053333,6.646667
0.268191,7.033333,6.646667
0.268592,7.040000,6.546667
0.268993,7.000000,6.546667
0.269395,6.980000,6.546667
0.269796,6.986666,6.540000
0.270198,6.960000,6.433333
0.270599,6.900000,6.480000
0.271002,6.893333,6.480000
0.271403,6.860000,6.433333
0.271804,6.820000,6.393333
0.272206,6.900000,6.393333
0.272607,6.800000,6.360000
0.273008,6.600000,6.346667
0.273409,6.740000,6.346667
0.273810,6.713333,6.286667
0.274212,6.700000,6.286667
0.274613,6.673334,6.280000
0.275015,6.640000,6.220000
0.275416,6.586667,6.200000
0.275817,6.560000,6.226666
0.276219,6.753333,6.160000
0.276620,6.513333,6.080000
0.277021,6.526666,6.133333
0.277423,6.466667,6.113333
0.277824,6.460000,6.100000
0.278226,6.426666,6.093333
0.278627,6.426666,6.033333
0.279028,6.373333,6.026667
0.279430,6.360000,6.000000
0.279831,6.306666,5.946667
0.280233,6.353333,5.940000
0.280635,6.340000,5.853333
0.281036,6.393333,5.886667
0.281437,6.226666,5.926667
0.281838,6.266666,5.840000
0.282239,6.180000,5.800000
0.282641,6.166667,5.766666
0.283042,6.126667,5.793334
0.283443,6.120000,5.766666
0.283845,6.106667,5.746666
0.284246,6.080000,5.733333
0.284647,6.073333,5.740000
0.285048,6.013333,5.586667
0.285450,6.013333,5.646667
0.285851,5.993333,5.646667
0.286253,5.953333,5.646667
0.286654,6.046667,5.560000
0.287056,5.920000,5.573333
0.287457,5.893333,5.586667
0.287860,5.880000,5.453333
0.288262,5.853333,5.526667
0.288663,5.826667,5.513333
0.289064,5.806666,5.473333
0.289465,5.760000,5.440000
0.289867,5.760000,5.393333
0.290268,5.740000,5.300000
0.290670,5.726667,5.400000
0.291072,5.673333,5.333333
0.291473,5.660000,5.353333
0.291874,5.626667,5.353333
0.292276,5.620000,5.306666
0.292677,5.640000,5.293334
0.293078,5.580000,5.253333
0.293480,5.573333,5.246666
0.293881,5.580000,5.213333
0.294283,5.493333,5.180000
0.294684,5.506666,5.213333
0.295087,5.473333,5.153333
0.295489,5.466667,5.100000
0.295891,5.393333,5.120000
0.296292,5.466667,5.080000
0.296694,5.353333,5.066667
0.297095,5.366667,5.093333
0.297497,5.326667,5.093333
0.297898,5.313333,5.053333
0.298300,5.206666,4.980000
0.298701,5.320000,4.960000
0.299102,5.253333,4.920000
0.299504,5.240000,4.926667
0.299905,5.166667,4.880000
0.300306,5.200000,4.886666
0.300708,5.166667,4.860000
0.301109,5.100000,4.873333
0.301511,5.120000,4.886666
0.301914,5.166667,4.793333
0.302316,5.080000,4.693333
0.302718,5.046667,4.786666
0.303120,5.046667,4.740000
0.303521,5.026667,4.726666
0.303924,5.006667,4.740000
0.304325,4.980000,4.686666
0.304727,4.960000,4.646667
0.305129,4.926667,4.693333
0.305530,4.980000,4.640000
0.305932,4.900000,4.606667
0.306334,5.026667,4.553333
0.306735,4.886666,4.566667
0.307136,4.826666,4.540000
0.307538,4.786666,4.506667
0.307939,4.793333,4.480000
0.308340,4.760000,4.466667
0.308741,4.740000,4.466667
0.309142,4.713333,4.386666
0.309543,4.713333,4.426666
0.309944,4.693333,4.373333
0.310349,4.686666,4.366666
0.310752,4.633333,4.380000
0.311154,4.633333,4.360000
0.311556,4.633333,4.286666
0.311957,4.600000,4.393333
0.312358,4.540000,4.266666
0.312759,4.533333,4.293333
0.313160,4.526667,4.246667
0.313561,4.473333,4.300000
0.313964,4.373333,4.113333
0.314365,4.420000,4.240000
0.314767,4.346667,4.180000
0.315168,4.393333,4.140000
0.315570,4.386666,4.126667
0.315971,4.380000,4.140000
0.316372,4.353333,4.093333
0.316775,4.333333,4.086667
0.317177,4.293333,4.080000
0.317578,4.293333,4.093333
0.317979,4.320000,4.040000
0.318381,4.233333,3.913333
0.318782,4.240000,3.986666
0.319183,4.200000,3.953333
0.319584,4.186666,3.960000
0.319985,4.160000,3.980000
0.320386,4.180000,3.740000
0.320787,4.120000,3.906667
0.321189,4.133333,4.146667
0.321591,4.080000,3.846667
0.321992,4.040000,3.940000
0.322393,4.066667,3.806666
0.322794,4.066667,3.740000
0.323195,4.020000,3.746666
0.323597,4.000000,3.740000
0.323998,3.986666,3.746666
0.324399,3.966667,3.713333
0.324801,3.946667,3.700000
0.325202,3.940000,3.660000
0.325605,3.966667,3.660000
0.326006,3.880000,3.600000
0.326408,3.980000,3.633333
0.326810,3.793333,3.593333
0.327212,3.833333,3.486667
0.327613,3.786667,3.893333
0.328015,3.773333,3.526666
0.328416,3.746666,3.500000
0.328817,3.746666,3.493333
0.329218,3.693333,3.573333
0.329619,3.626667,3.466666
0.330020,3.666667,3.460000
0.330422,3.640000,3.446667
0.330824,3.633333,3.406667
0.331225,3.633333,3.400000
0.331627,3.580000,3.400000
0.332028,3.573333,3.373333
0.332430,3.553333,3.346666
0.332831,3.513333,3.326667
0.333233,3.506667,3.313333
0.333635,3.513333,3.380000
0.334036,3.500000,3.313333
0.334437,3.446667,3.280000
0.334838,3.380000,3.253333
0.335239,3.446667,3.240000
0.335640,3.433333,3.220000
0.336042,3.380000,3.166667
0.336443,3.313333,3.166667
0.336844,3.346666,3.186666
0.337246,3.340000,3.166667
0.337647,3.426666,3.313333
0.338049,3.293333,3.086667
0.338452,3.186666,3.133333
0.338853,3.280000,3.133333
0.339254,3.266667,3.040000
0.339655,3.213333,3.040000
0.340057,3.213333,3.133333
0.340458,3.193333,3.020000
0.340859,3.166667,2.986667
0.341260,3.146667,2.946667
0.341661,3.140000,2.960000
0.342062,3.113333,2.946667
0.342464,3.126667,2.793333
0.342866,3.106667,2.913333
0.343267,3.086667,2.886667
0.343668,3.020000,2.873333
0.344070,3.053333,2.853333
0.344471,3.006667,2.846667
0.344872,2.933333,2.833333
0.345273,2.953333,2.873333
0.345674,2.973333,2.793333
0.346076,2.960000,2.786667
0.346477,2.946667,2.773333
0.346878,2.886667,2.733333
0.347280,2.920000,2.726667
0.347682,2.880000,2.653333
0.348084,2.966666,2.753333
0.348485,2.846667,2.706666
0.348886,2.813333,2.613333
0.349288,2.786667,2.493333
0.349690,2.793333,2.613333
0.350091,2.786667,2.606667
0.350493,2.793333,2.613333
0.350895,2.766667,2.613333
0.351296,2.740000,2.600000
0.351697,2.720000,2.580000
0.352099,2.706666,2.553333
0.352501,2.693333,2.553333
0.352902,2.693333,2.500000
0.353303,2.640000,2.493333
0.353705,2.793333,2.520000
0.354107,2.613333,2.493333
0.354509,2.606667,2.460000
0.354910,2.540000,2.446667
0.355311,2.580000,2.433333
0.355712,2.580000,2.426666
0.356113,2.480000,2.366667
0.356515,2.526667,2.433333
0.356916,2.500000,2.386667
0.357317,2.486667,2.353333
0.357719,2.460000,2.320000
0.358120,2.460000,2.320000
0.358522,2.433333,2.313333
0.358923,2.426666,2.260000
0.359325,2.460000,2.273333
0.359726,2.446667,2.260000
0.360127,2.333333,2.253333
0.360529,2.360000,2.253333
0.360930,2.366667,2.246667
0.361332,2.346667,2.240000
0.361733,2.353333,2.180000
0.362134,2.293333,2.180000
0.362535,2.306667,2.186667
0.362936,2.273333,2.146667
0.363337,2.260000,2.100000
0.363739,2.286667,2.100000
0.364141,2.160000,2.066667
0.364544,2.273333,2.100000
0.364945,2.226666,2.086667
0.365349,2.166667,2.066667
0.365750,2.173333,2.046667
0.366151,2.146667,2.033333
0.366552,2.140000,2.066667
0.366953,2.133333,2.033333
0.367355,2.160000,2.000000
0.367756,2.126667,1.993333
0.368157,2.086667,2.000000
0.368559,2.086667,1.940000
0.368960,2.060000,1.926667
0.369362,2.060000,1.913333
0.369763,2.153333,1.926667
0.370165,2.066667,1.893333
0.370566,1.953333,1.886667
0.370967,2.060000,1.840000
0.371369,1.880000,1.873333
0.371770,1.986667,1.840000
0.372171,1.986667,1.826667
0.372572,2.013333,1.786667
0.372974,1.846667,1.833333
0.373376,1.853333,1.773333
0.373777,1.893333,1.746667
0.374178,1.866667,1.766667
0.374579,1.860000,1.733333
0.374980,1.833333,1.733333
0.375382,1.833333,1.720000
0.375783,1.833333,1.720000
0.376186,1.806667,1.680000
0.376587,1.793333,1.726667
0.376988,1.793333,1.560000
0.377389,1.753333,1.646667
0.377790,1.746667,1.560000
0.378191,1.740000,1.620000
0.378592,1.706667,1.626667
0.378993,1.660000,1.613333
0.379395,1.706667,1.620000
0.379796,1.713333,1.606667
0.380197,1.693333,1.566667
0.380599,1.660000,1.560000
0.381000,1.686667,1.560000
0.381402,1.733333,1.560000
0.381803,1.640000,1.546667
0.382204,1.620000,1.566667
0.382605,1.586667,1.506667
0.383006,1.580000,1.480000
0.383408,1.573333,1.480000
0.383809,1.560000,1.460000
0.384210,1.566667,1.433333
0.384615,1.540000,1.433333
0.385016,1.486667,1.393333
0.385418,1.560000,1.480000
0.385819,1.546667,1.480000
0.386221,1.486667,1.453333
0.386623,1.533333,1.366667
0.387024,1.466667,1.400000
0.387425,1.433333,1.366667
0.387827,1.400000,1.360000
0.388228,1.420000,1.346667
0.388629,1.446667,1.293333
0.389030,1.353333,1.173333
0.389431,1.373333,1.360000
0.389834,1.373333,1.300000
0.390235,1.280000,1.280000
0.390637,1.353333,1.240000
0.391039,1.333333,1.253333
0.391442,1.326667,1.273333
0.391843,1.306667,1.266667
0.392244,1.440000,1.233333
0.392645,1.346667,1.213333
0.393048,1.286667,1.206667
0.393449,1.260000,1.213333
0.393850,1.286667,1.206667
0.394252,1.273333,1.206667
0.394653,1.260000,1.160000
0.395056,1.200000,1.180000
0.395457,1.226667,1.153333
0.395859,1.206667,1.220000
0.396260,1.173333,1.113333
0.396662,1.200000,1.113333
0.397063,1.153333,1.093333
0.397464,1.120000,1.300000
0.397867,1.240000,1.060000
0.398268,1.146667,1.086667
0.398669,1.126667,1.040000
0.399072,1.140000,1.046667
0.399473,1.120000,1.033333
0.399874,1.113333,1.060000
0.400275,1.093333,1.033333
0.400676,1.093333,0.960000
0.401077,1.060000,1.020000
0.401478,1.000000,0.986667
0.401879,1.053333,1.026667
0.402280,1.120000,1.033333
0.402682,1.033333,0.980000
0.403084,1.033333,0.946667
0.403486,0.953333,0.953333
0.403887,0.973333,0.980000
0.404288,1.053333,0.946667
0.404689,1.000000,0.946667
0.405090,1.026667,0.946667
0.405491,0.980000,0.946667
0.405892,0.993333,0.946667
0.406294,0.980000,0.946667
0.406695,0.946667,0.946667
0.407096,0.946667,0.946667
0.407497,0.946667,0.946667
0.407899,0.953333,0.946667
0.408301,0.946667,0.946667
0.408702,0.946667,0.946667
0.409103,0.946667,0.946667
0.409504,0.946667,0.946667
0.409905,0.946667,0.946667
0.410307,0.946667,0.946667
0.410709,0.946667,0.946667
0.411110,0.946667,0.946667
0.411511,0.946667,0.946667
0.411912,0.946667,0.946667
0.412314,0.946667,0.946667
0.412715,0.946667,0.946667
0.413116,0.946667,0.946667
0.413517,0.946667,0.946667
0.413918,0.946667,0.946667
0.414320,0.946667,0.946667
0.414721,0.946667,0.946667
0.415122,0.946667,0.946667
0.415524,0.946667,0.946667
0.415925,0.946667,0.946667
0.416326,0.946667,0.946667
0.416727,0.946667,0.946667
0.417130,0.946667,0.946667
0.417532,0.946667,0.946667
0.417933,0.946667,0.946667
0.418335,0.946667,0.946667
0.418736,0.946667,0.946667
0.419139,0.946667,0.946667
0.419541,0.946667,0.946667
0.419944,0.946667,0.946667
0.420348,0.946667,0.946667
0.420749,0.946667,0.946667
0.421151,0.946667,0.946667
0.421552,0.946667,0.946667
0.421953,0.946667,0.946667
0.422355,0.946667,0.946667
0.422756,0.946667,0.946667
0.423157,0.946667,0.946667
0.423558,0.946667,0.946667
0.423959,0.946667,0.946667
0.424361,0.946667,0.946667
0.424764,0.946667,0.946667
0.425166,0.946667,0.946667
0.425568,0.946667,0.946667
0.425969,0.946667,0.946667
0.426370,0.946667,0.946667
0.426773,0.946667,0.946667
0.427174,0.946667,0.946667
0.427576,0.946667,0.946667
0.427977,0.946667,0.946667
0.428380,0.946667,0.946667
0.428782,0.946667,0.946667
0.429183,0.946667,0.946667
0.429585,0.946667,0.946667
0.429986,0.946667,0.946667
0.430388,0.946667,0.946667
0.430791,0.946667,0.946667
0.431193,0.946667,0.946667
0.431594,0.946667,0.946667
0.431995,0.946667,0.946667
0.432396,0.946667,0.946667
0.432797,0.946667,0.946667
0.433199,0.946667,0.946667
0.433600,0.946667,0.946667
0.434003,0.946667,0.946667
0.434404,0.946667,0.946667
0.434805,0.946667,0.946667
0.435207,0.946667,0.946667
0.435608,0.946667,0.946667
0.436011,0.946667,0.946667
0.436412,0.946667,0.946667
0.436813,0.946667,0.946667
0.437215,0.946667,0.946667
0.437617,0.946667,0.946667
0.438018,0.946667,0.946667
0.438419,0.946667,0.946667
0.438821,0.946667,0.946667
0.439222,0.946667,0.946667
0.439623,0.946667,0.946667
0.440024,0.946667,0.946667
0.440427,0.946667,0.946667
0.440829,0.946667,0.946667
0.441230,0.946667,0.946667
0.441632,0.946667,0.946667
0.442033,0.946667,0.946667
0.442435,0.946667,0.946667
0.442838,0.946667,0.946667
0.443239,0.946667,0.946667
0.443640,0.946667,0.946667
0.444041,0.946667,0.946667
0.444443,0.946667,0.946667
0.444844,0.946667,0.946667
0.445246,0.946667,0.946667
0.445648,0.946667,0.946667
0.446049,0.946667,0.946667
0.446450,0.946667,0.946667
0.446851,0.946667,0.946667
0.447252,0.946667,0.946667
0.447653,0.946667,0.946667
0.448054,0.946667,0.946667
0.448455,0.946667,0.946667
0.448856,0.946667,0.946667
0.449258,0.946667,0.946667
0.449660,0.946667,0.946667
0.450061,0.946667,0.946667
0.450463,0.946667,0.946667
0.450865,0.946667,0.946667
0.451266,0.946667,0.946667
0.451667,0.946667,0.946667
0.452069,0.946667,0.946667
0.452470,0.946667,0.946667
0.452871,0.946667,0.946667
0.453273,0.946667,0.946667
0.453674,0.946667,0.946667
0.454075,0.946667,0.946667
0.454477,0.946667,0.946667
0.454878,0.946667,0.946667
0.455280,0.946667,0.946667
0.455682,0.946667,0.946667
0.456085,0.946667,0.946667
0.456486,0.946667,0.946667
0.456887,0.946667,0.946667
0.457288,0.946667,0.946667
0.457689,0.946667,0.946667
0.458090,0.946667,0.946667
0.458491,0.946667,0.946667
0.458892,0.946667,0.946667
0.459293,0.946667,0.946667
0.459694,0.946667,0.946667
0.460095,0.946667,0.946667
0.460496,0.946667,0.946667
0.460897,0.946667,0.946667
0.461299,0.946667,0.946667
0.461700,0.946667,0.946667
0.462101,0.946667,0.946667
0.462502,0.946667,0.946667
0.462903,0.946667,0.946667
0.463304,0.946667,0.946667
0.463705,0.946667,0.946667
0.464107,0.946667,0.946667
0.464509,0.946667,0.946667
0.464910,0.946667,0.946667
0.465311,0.946667,0.946667
0.465712,0.946667,0.946667
0.466113,0.946667,0.946667
0.466515,0.946667,0.946667
0.466916,0.946667,0.946667
0.467317,0.946667,0.946667
0.467718,0.946667,0.946667
0.468120,0.946667,0.946667
0.468522,0.946667,0.946667
0.468923,0.946667,0.946667
0.469325,0.946667,0.946667
0.469726,0.946667,0.946667
0.470129,0.946667,0.946667
0.470530,0.946667,0.946667
0.470931,0.946667,0.946667
0.471332,0.946667,0.946667
0.471733,0.946667,0.946667
0.472134,0.946667,0.946667
0.472536,0.946667,0.946667
0.472937,0.946667,0.946667
0.473338,0.946667,0.946667
0.473739,0.946667,0.946667
0.474141,0.946667,0.946667
0.474543,0.946667,0.946667
0.474944,0.946667,0.946667
0.475349,0.946667,0.946667
0.475750,0.946667,0.946667
0.476151,0.946667,0.946667
0.476553,0.946667,0.946667
0.476954,0.946667,0.946667
0.477355,0.946667,0.946667
0.477756,0.946667,0.946667
0.478157,0.946667,0.946667
0.478558,0.946667,0.946667
0.478959,0.946667,0.946667
0.479360,0.946667,0.946667
0.479761,0.946667,0.946667
0.480162,0.946667,0.946667
0.480564,0.946667,0.946667
0.480965,0.946667,0.946667
0.481366,0.946667,0.946667
0.481768,0.946667,0.946667
0.482170,0.946667,0.946667
0.482572,0.946667,0.946667
0.482975,0.946667,0.946667
0.483377,0.946667,0.946667
0.483780,0.946667,0.946667
0.484181,0.946667,0.946667
0.484582,0.946667,0.946667
0.484983,0.946667,0.946667
0.485384,0.946667,0.946667
0.485785,0.946667,0.946667
0.486186,0.946667,0.946667
0.486587,0.946667,0.946667
0.486988,0.946667,0.946667
0.487390,0.946667,0.946667
0.487793,0.946667,0.946667
0.488194,0.946667,0.946667
0.488596,0.946667,0.946667
0.488997,0.946667,0.946667
0.489398,0.946667,0.946667
0.489801,0.946667,0.946667
0.490202,0.946667,0.946667
0.490604,0.946667,0.946667
0.491005,0.946667,0.946667
0.491406,0.946667,0.946667
0.491807,0.946667,0.946667
0.492208,0.946667,0.946667
0.492610,0.946667,0.946667
0.493011,0.946667,0.946667
0.493412,0.946667,0.946667
0.493815,0.946667,0.946667
0.494216,0.946667,0.946667
0.494618,0.946667,0.946667
0.495019,0.946667,0.946667
0.495421,0.946667,0.946667
0.495823,0.946667,0.946667
0.496225,0.946667,0.946667
0.496627,0.946667,0.946667
0.497028,0.946667,0.946667
0.497430,0.946667,0.946667
0.497831,0.946667,0.946667
0.498233,0.946667,0.946667
0.498635,0.946667,0.946667
0.499036,0.946667,0.946667
0.499438,0.946667,0.946667
0.499839,0.946667,0.946667
0.500241,0.946667,0.946667
0.500643,0.946667,0.946667
0.501044,0.946667,0.946667
0.501445,0.946667,0.946667
0.501847,0.946667,0.946667
0.502248,0.946667,0.946667
0.502649,0.946667,0.946667
0.503050,0.946667,0.946667
0.503451,0.946667,0.946667
0.503852,0.946667,0.946667
0.504253,0.946667,0.946667
0.504654,0.946667,0.946667
0.505055,0.946667,0.946667
0.505456,0.946667,0.946667
0.505857,0.946667,0.946667
0.506258,0.946667,0.946667
0.506660,0.946667,0.946667
0.507061,0.946667,0.946667
0.507463,0.946667,0.946667
0.507864,0.946667,0.946667
0.508266,0.946667,0.946667
0.508668,0.946667,0.946667
0.509070,0.946667,0.946667
0.509471,0.946667,0.946667
0.509872,0.946667,0.946667
0.510273,0.946667,0.946667
0.510674,0.946667,0.946667
0.511075,0.946667,0.946667
0.511477,0.946667,0.946667
0.511879,0.946667,0.946667
0.512281,0.946667,0.946667
0.512683,0.946667,0.946667
0.513084,0.946667,0.946667
0.513485,0.946667,0.946667
0.513887,0.946667,0.946667
0.514288,0.946667,0.946667
0.514689,0.946667,0.946667
0.515091,0.946667,0.946667
0.515492,0.946667,0.946667
0.515893,0.946667,0.946667
0.516294,0.946667,0.946667
0.516695,0.946667,0.946667
0.517096,0.946667,0.946667
0.517497,0.946667,0.946667
0.517899,0.946667,0.946667
0.518300,0.946667,0.946667
0.518702,0.946667,0.946667
0.519103,0.946667,0.946667
0.519505,0.946667,0.946667
0.519906,0.946667,0.946667
0.520308,0.946667,0.946667
0.520709,0.946667,0.946667
0.521110,0.946667,0.946667
0.521511,0.946667,0.946667
0.521912,0.946667,0.946667
0.522313,0.946667,0.946667
0.522715,0.946667,0.946667
0.523116,0.946667,0.946667
0.523517,0.946667,0.946667
0.523918,0.946667,0.946667
0.524320,0.946667,0.946667
0.524721,0.946667,0.946667
0.525124,0.946667,0.946667
0.525525,0.946667,0.946667
0.525928,0.946667,0.946667
0.526330,0.946667,0.946667
0.526731,0.946667,0.946667
0.527132,0.946667,0.946667
0.527533,0.946667,0.946667
0.527934,0.946667,0.946667
0.528335,0.946667,0.946667
0.528736,0.953333,1.033333
0.529139,0.966667,0.946667
0.529540,0.980000,0.946667
0.529943,0.993333,0.946667
0.530349,1.026667,0.946667
0.530751,1.080000,1.013333
0.531152,1.006667,0.946667
0.531553,1.053333,0.946667
0.531955,1.073333,0.966667
0.532356,1.046667,1.033333
0.532757,1.040000,0.980000
0.533160,1.046667,1.000000
0.533562,1.033333,1.020000
0.533963,1.066667,1.000000
0.534364,1.086667,1.073333
0.534766,1.080000,1.033333
0.535167,1.106667,1.173333
0.535569,1.080000,1.046667
0.535970,1.226667,1.106667
0.536372,1.133333,1.093333
0.536773,1.166667,1.066667
0.537174,1.160000,1.086667
0.537577,1.193333,1.060000
0.537978,1.233333,1.113333
0.538380,1.180000,0.973333
0.538781,1.200000,1.053333
0.539182,1.260000,1.086667
0.539583,1.286667,1.153333
0.539984,1.180000,1.146667
0.540385,1.240000,1.180000
0.540787,1.266667,1.206667
0.541189,1.293333,1.360000
0.541591,1.280000,1.200000
0.541992,1.293333,1.240000
0.542394,1.266667,1.386667
0.542796,1.300000,1.206667
0.543197,1.320000,1.280000
0.543599,1.320000,1.240000
0.544001,1.266667,1.266667
0.544403,1.373333,1.266667
0.544804,1.360000,1.326667
0.545205,1.326667,1.300000
0.545606,1.333333,1.333333
0.546007,1.380000,1.240000
0.546409,1.393333,1.273333
0.546811,1.406667,1.360000
0.547213,1.446667,0.946667
0.547615,1.413333,1.433333
0.548016,1.466667,1.386667
0.548417,1.573333,1.386667
0.548820,1.466667,1.386667
0.549221,1.513333,1.413333
0.549623,1.540000,1.426667
0.550024,1.480000,1.433333
0.550425,1.553333,1.440000
0.550827,1.533333,1.433333
0.551228,1.560000,1.466667
0.551630,1.600000,1.466667
0.552032,1.553333,1.473333
0.552434,1.593333,1.526667
0.552837,1.613333,1.560000
0.553239,1.626667,1.560000
0.553640,1.660000,1.446667
0.554042,1.613333,1.566667
0.554444,1.733333,1.593333
0.554847,1.693333,1.620000
0.555248,1.680000,1.600000
0.555649,1.706667,1.593333
0.556052,1.740000,1.620000
0.556454,1.720000,1.613333
0.556855,1.713333,1.560000
0.557256,1.753333,1.653333
0.557657,1.746667,1.686667
0.558058,1.780000,1.666667
0.558459,1.766667,1.646667
0.558860,1.806667,1.726667
0.559261,1.820000,1.733333
0.559663,1.826667,1.720000
0.560064,1.780000,1.733333
0.560465,1.860000,1.673333
0.560867,1.800000,1.820000
0.561268,1.893333,1.740000
0.561670,2.073333,1.800000
0.562071,1.906667,1.813333
0.562472,1.933333,1.733333
0.562873,1.960000,1.820000
0.563275,1.993333,1.880000
0.563676,1.973333,1.840000
0.564077,1.946667,1.860000
0.564478,2.086667,1.853333
0.564881,2.000000,1.906667
0.565282,2.033333,1.906667
0.565684,2.026667,1.926667
0.566085,2.066667,1.926667
0.566486,2.086667,1.940000
0.566888,2.086667,1.940000
0.567289,2.086667,1.780000
0.567691,2.120000,2.000000
0.568092,2.133333,2.000000
0.568494,2.120000,1.966667
0.568895,2.173333,2.000000
0.569297,2.246667,2.013333
0.569698,2.253333,2.100000
0.570099,2.240000,2.033333
0.570500,2.166667,2.093333
0.570902,2.233333,2.086667
0.571303,2.266667,2.120000
0.571704,2.273333,2.126667
0.572105,2.320000,2.160000
0.572506,2.393333,2.086667
0.572907,2.286667,2.173333
0.573308,2.340000,2.180000
0.573710,2.340000,2.240000
0.574112,2.346667,2.300000
0.574513,2.380000,2.246667
0.574914,2.366667,2.140000
0.575316,2.400000,2.266667
0.575717,2.413333,2.280000
0.576118,2.433333,2.273333
0.576519,2.386667,2.313333
0.576920,2.573333,2.306667
0.577321,2.466667,2.346667
0.577723,2.520000,2.366667
0.578124,2.513333,2.360000
0.578525,2.540000,2.346667
0.578926,2.546667,2.400000
0.579328,2.566667,2.413333
0.579729,2.586667,2.433333
0.580130,2.593333,2.433333
0.580531,2.573333,2.460000
0.580932,2.660000,2.473333
0.581334,2.660000,2.513333
0.581735,2.673333,2.473333
0.582136,2.700000,2.506666
0.582538,2.666667,2.560000
0.582939,2.686666,2.606667
0.583341,2.766667,2.540000
0.583742,2.660000,2.573333
0.584143,2.800000,2.593333
0.584544,2.746667,2.613333
0.584945,2.806667,2.646667
0.585349,2.806667,2.640000
0.585750,2.813333,2.686666
0.586151,2.813333,2.786667
0.586552,2.800000,2.693333
0.586953,2.866667,2.706666
0.587355,2.886667,2.713333
0.587756,2.933333,2.780000
0.588157,2.826667,2.746667
0.588559,2.946667,2.786667
0.588960,2.980000,2.786667
0.589363,3.040000,2.846667
0.589764,2.960000,2.960000
0.590167,3.080000,2.860000
0.590568,3.193333,2.833333
0.590971,3.000000,2.866667
0.591374,3.053333,2.873333
0.591777,3.080000,2.886667
0.592179,3.100000,2.926667
0.592580,3.120000,2.946667
0.592981,3.060000,2.933333
0.593383,3.140000,2.960000
0.593784,3.166667,2.966666
0.594185,3.180000,2.966666
0.594587,3.140000,2.880000
0.594990,3.206667,3.013333
0.595391,3.233333,3.046667
0.595792,3.240000,3.040000
0.596193,3.253333,3.053333
0.596595,3.300000,3.086667
0.596996,3.273333,3.113333
0.597397,3.326667,3.146667
0.597800,3.306667,3.133333
0.598202,3.353333,3.180000
0.598604,3.353333,2.886667
0.599005,3.386667,3.220000
0.599407,3.426666,3.253333
0.599808,3.426666,3.160000
0.600209,3.433333,3.226667
0.600611,3.460000,3.253333
0.601012,3.473333,3.280000
0.601413,3.526666,3.286667
0.601814,3.513333,3.613333
0.602215,3.540000,3.313333
0.602617,3.513333,3.313333
0.603020,3.573333,3.373333
0.603422,3.533333,3.340000
0.603824,3.586667,3.406667
0.604226,3.593333,3.440000
0.604628,3.633333,3.400000
0.605029,3.580000,3.453333
0.605430,3.806666,3.466666
0.605831,3.760000,3.453333
0.606233,3.700000,3.500000
0.606635,3.700000,3.526666
0.607036,3.746666,3.533333
0.607437,3.746666,3.546667
0.607839,3.833333,3.126667
0.608240,3.833333,3.593333
0.608641,3.833333,3.600000
0.609042,3.873333,3.640000
0.609444,3.913333,3.660000
0.609845,3.926666,3.660000
0.610247,3.933333,3.686666
0.610648,3.946667,3.686666
0.611049,3.980000,3.713333
0.611451,3.993333,3.740000
0.611852,4.020000,3.746666
0.612253,4.020000,3.833333
0.612654,4.060000,3.833333
0.613055,4.086667,3.806666
0.613457,4.066667,3.846667
0.613858,4.180000,3.893333
0.614260,4.093333,3.906667
0.614661,4.160000,3.920000
0.615062,4.180000,4.000000
0.615463,4.193333,3.926666
0.615864,4.186666,3.973333
0.616266,4.233333,4.000000
0.616668,4.266666,3.986666
0.617069,4.240000,4.053333
0.617470,4.360000,4.073333
0.617871,4.300000,4.073333
0.618272,4.360000,4.113333
0.618673,4.346667,4.126667
0.619074,4.320000,4.126667
0.619475,4.413333,4.146667
0.619876,4.380000,4.153333
0.620277,4.420000,4.186666
0.620678,4.466667,3.860000
0.621079,4.466667,4.240000
0.621480,4.480000,4.226666
0.621881,4.473333,4.246667
0.622282,4.513333,4.280000
0.622683,4.540000,4.246667
0.623084,4.553333,4.293333
0.623486,4.620000,4.346667
0.623889,4.593333,4.346667
0.624290,4.620000,4.380000
0.624691,4.646667,4.360000
0.625092,4.713333,4.413333
0.625495,4.686666,4.433333
0.625898,4.726666,4.400000
0.626299,4.786666,4.526667
0.626700,4.773334,4.446667
0.627101,4.793333,4.493333
0.627504,4.733333,4.606667
0.627905,4.846666,4.540000
0.628306,4.866667,4.573333
0.628707,4.860000,4.600000
0.629110,4.860000,4.566667
0.629513,4.920000,4.653333
0.629914,4.920000,4.686666
0.630315,4.933333,4.673333
0.630717,4.966667,4.713333
0.631118,4.986667,4.720000
0.631519,5.006667,4.740000
0.631920,4.940000,4.720000
0.632322,5.053333,4.753333
0.632724,5.060000,4.800000
0.633125,5.113333,4.840000
0.633526,5.113333,4.826666
0.633927,5.146667,4.826666
0.634329,5.153333,4.873333
0.634730,5.200000,4.886666
0.635131,5.220000,4.893333
0.635533,5.226666,4.900000
0.635934,5.246666,4.940000
0.636335,5.253333,5.006667
0.636736,5.220000,5.026667
0.637137,5.313333,5.000000
0.637538,5.353333,5.060000
0.637940,5.373333,5.060000
0.638341,5.313333,5.093333
0.638742,5.406666,5.093333
0.639145,5.573333,5.100000
0.639546,5.460000,5.133333
0.639947,5.473333,5.240000
0.640349,5.473333,5.146667
0.640750,5.500000,5.166667
0.641151,5.573333,5.220000
0.641552,5.573333,5.240000
0.641953,5.573333,5.240000
0.642355,5.593333,5.273333
0.642756,5.600000,5.333333
0.643157,5.620000,5.333333
0.643559,5.673333,5.333333
0.643960,5.686666,5.386667
0.644361,5.700000,5.506666
0.644762,5.720000,5.413333
0.645163,5.753333,5.446666
0.645565,5.733333,5.426667
0.645966,5.800000,5.486667
0.646368,5.826667,5.493333
0.646769,5.840000,5.486667
0.647170,5.973333,5.453333
0.647572,5.893333,5.580000
0.647973,5.893333,5.600000
0.648375,5.926667,5.586667
0.648776,5.966666,5.613333
0.649178,5.993333,5.666667
0.649581,6.006667,5.666667
0.649982,6.040000,5.680000
0.650383,5.973333,5.726667
0.650784,6.133333,5.760000
0.651185,6.106667,5.733333
0.651586,6.126667,5.760000
0.651987,6.120000,5.826667
0.652389,6.053333,5.846666
0.652790,6.193333,5.800000
0.653191,6.233333,5.873333
0.653592,6.206666,5.846666
0.653993,6.246666,6.060000
0.654395,6.340000,5.946667
0.654797,6.293333,5.940000
0.655199,6.433333,6.006667
0.655601,6.340000,5.966666
0.656002,6.433333,6.133333
0.656404,6.326666,6.006667
0.656805,6.320000,6.066667
0.657206,6.400000,6.073333
0.657608,6.466667,6.106667
0.658010,6.486667,6.113333
0.658412,6.506667,6.133333
0.658813,6.540000,6.206666
0.659215,6.573333,6.173333
0.659617,6.600000,6.186666
0.660019,6.633333,6.240000
0.660421,6.573333,6.280000
0.660822,6.653333,6.286667
0.661223,6.726666,6.286667
0.661625,6.720000,6.280000
0.662026,6.720000,6.313334
0.662428,6.793334,6.380000
0.662829,6.806667,6.393333
0.663230,6.813333,6.393333
0.663632,6.833333,6.433333
0.664033,6.880000,6.460000
0.664435,6.900000,6.446667
0.664837,6.873333,6.480000
0.665238,6.853333,6.520000
0.665640,6.980000,6.526666
0.666042,6.986666,6.606667
0.666443,7.000000,6.620000
0.666844,7.046667,6.640000
0.667246,7.060000,6.660000
0.667647,7.093333,6.646667
0.668048,7.133334,6.713333
0.668450,7.086666,6.726666
0.668851,7.166667,6.740000
0.669253,7.186666,6.786666
0.669654,7.219999,6.800000
0.670055,7.193333,6.826667
0.670457,7.253334,6.826667
0.670859,7.286667,6.846666
0.671260,7.326666,6.893333
0.671661,7.333333,6.906667
0.672064,7.320000,6.953333
0.672465,7.380000,7.126667
0.672866,7.360000,6.973333
0.673267,7.260000,7.000000
0.673668,7.453333,7.046667
0.674069,7.440000,7.026667
0.674470,7.486667,7.046667
0.674873,7.513333,7.113333
0.675274,7.546666,7.100000
0.675675,7.546666,7.106667
0.676076,7.606667,7.166667
0.676478,7.640000,7.166667
0.676879,7.653333,7.200000
0.677280,7.653333,7.200000
0.677681,7.686666,7.253334
0.678083,7.720000,7.280000
0.678485,7.726667,7.333333
0.678886,7.780000,7.326666
0.679287,7.753333,7.326666
0.679688,7.826667,7.340000
0.680090,7.813334,7.533333
0.680491,7.873333,7.513333
0.680892,7.873333,7.413333
0.681293,8.033334,7.420000
0.681694,7.866666,7.453333
0.682095,7.993333,7.513333
0.682497,8.006666,7.513333
0.682898,8.026667,7.593334
0.683299,8.046666,7.593334
0.683701,8.046666,7.600000
0.684102,8.059999,7.673333
0.684503,8.120000,7.660000
0.684904,8.126666,7.666667
0.685305,8.146667,7.713333
0.685706,8.240000,7.686666
0.686107,8.179999,7.753333
0.686509,8.213333,7.773333
0.686911,8.213333,7.780000
0.687313,8.306666,7.813334
0.687715,8.293333,7.860000
0.688116,8.360000,7.860000
0.688518,8.366667,7.840000
0.688919,8.393332,7.906666
0.689320,8.513332,8.106667
0.689722,8.440000,7.946667
0.690123,8.453333,7.953333
0.690524,8.480000,7.986666
0.690925,8.520000,8.026667
0.691328,8.546666,8.033334
0.691730,8.586666,8.053332
0.692131,8.560000,8.080000
0.692533,8.613334,8.100000
0.692934,8.673333,8.139999
0.693336,8.660000,8.160000
0.693737,8.673333,8.179999
0.694138,8.706666,8.179999
0.694540,8.719999,8.233334
0.694941,8.766666,8.240000
0.695343,8.780000,8.273334
0.695744,8.766666,8.300000
0.696145,8.826667,8.326666
0.696546,8.853333,8.340000
0.696947,8.866667,8.393332
0.697349,9.020000,8.393332
0.697750,8.913333,8.440000
0.698151,8.966666,8.400000
0.698552,8.986667,8.473333
0.698955,9.006666,8.486667
0.699356,8.966666,8.513332
0.699759,9.059999,8.546666
0.700160,9.106667,8.579999
0.700562,9.106667,8.620000
0.700963,9.133333,8.620000
0.701364,9.160000,8.573333
0.701767,9.206667,8.660000
0.702168,9.193333,8.693334
0.702570,9.206667,8.719999
0.702973,9.280000,8.740000
0.703375,9.286667,8.740000
0.703777,9.286667,8.833333
0.704178,9.340000,8.866667
0.704579,9.346666,8.813334
0.704981,9.559999,8.866667
0.705383,9.473333,8.953334
0.705785,9.540000,8.880000
0.706187,9.493333,8.973332
0.706588,9.513333,8.973332
0.706989,9.540000,8.946667
0.707390,9.553333,8.906666
0.707791,9.600000,8.946667
0.708194,9.613334,9.039999
0.708596,9.639999,9.073333
0.708997,9.666667,9.106667
0.709398,9.693333,9.093333
0.709801,9.719999,9.166666
0.710203,9.706666,9.160000
0.710604,9.773333,9.280000
0.711005,9.746667,9.266666
0.711407,9.793333,9.213333
0.711808,9.826666,9.253333
0.712209,9.853333,9.273334
0.712610,9.893332,9.293333
0.713011,9.900000,9.306666
0.713412,9.900000,9.346666
0.713813,10.120000,9.320000
0.714215,9.966666,9.273334
0.714616,10.013333,9.493333
0.715018,10.126667,9.480000
0.715419,10.080000,9.480000
0.715822,10.099999,9.499999
0.716223,10.126667,9.546667
0.716624,10.133333,9.580000
0.717026,10.133333,9.566666
0.717427,10.186666,9.620000
0.717829,10.240000,9.646667
0.718231,10.260000,9.633333
0.718632,10.306666,9.693333
0.719033,10.260000,9.706666
0.719435,10.320000,9.719999
0.719838,10.333333,9.766666
0.720240,10.393333,9.766666
0.720642,10.413333,10.033333
0.721043,10.406667,9.820000
0.721444,10.426666,9.820000
0.721845,10.446667,9.873333
0.722247,10.493333,9.860000
0.722648,10.480000,9.920000
0.723051,10.660000,9.966666
0.723453,10.526667,9.966666
0.723856,10.586667,9.980000
0.724258,10.613333,10.006667
0.724660,10.646667,10.046666
0.725062,10.673333,10.073334
0.725463,10.679999,10.073334
0.725864,10.693333,10.106667
0.726265,10.740000,10.153333
0.726666,10.780000,10.153333
0.727068,10.833333,10.179999
0.727470,10.820000,10.166666
0.727871,10.846666,10.219999
0.728273,10.860000,10.226666
0.728674,10.873333,10.219999
0.729076,10.920000,10.520000
0.729477,10.933333,10.320000
0.729878,11.006666,10.366666
0.730279,10.973333,10.386666
0.730680,11.146667,10.380000
0.731081,10.986667,10.353333
0.731483,10.953333,10.406667
0.731885,11.146667,10.493333
0.732286,11.106667,10.500000
0.732688,11.166666,10.526667
0.733089,11.166666,10.533334
0.733490,11.180000,10.566667
0.733892,11.213333,10.533334
0.734294,11.219999,10.593333
0.734696,11.273333,10.620000
0.735097,11.286666,10.666667
0.735498,11.360000,10.679999
0.735899,11.346666,10.740000
0.736300,11.313334,10.740000
0.736701,11.326667,10.706666
0.737102,11.400000,10.759999
0.737504,11.440000,10.773334
0.737906,11.460000,10.813333
0.738308,11.500000,10.840000
0.738709,11.500000,10.900000
0.739111,11.539999,10.946666
0.739513,11.493333,10.926667
0.739914,11.566667,11.133333
0.740315,11.666666,11.033333
0.740717,11.633333,10.993334
0.741118,11.646667,11.006666
0.741520,11.693333,11.020000
0.741921,11.786667,11.033333
0.742323,11.726666,11.053333
0.742724,11.753333,11.099999
0.743125,11.833333,11.113334
0.743526,11.793333,11.146667
0.743927,11.840000,11.186666
0.744328,11.820000,11.166666
0.744730,11.886666,11.200000
0.745131,11.893333,11.266666
0.745532,11.926666,11.366667
0.745934,11.973333,11.300000
0.746336,11.999999,11.300000
0.746737,11.926666,11.286666
0.747138,12.053333,11.360000
0.747539,12.066666,11.366667
0.747942,12.080000,11.539999
0.748343,12.040000,11.440000
0.748744,12.160000,11.420000
0.749145,12.133333,11.473332
0.749546,12.206666,11.473332
0.749947,12.233334,11.526667
0.750349,12.200000,11.539999
0.750750,12.333333,11.559999
0.751151,12.286667,11.573333
0.751552,12.326666,11.640000
0.751953,12.353333,11.566667
0.752355,12.406666,11.613333
0.752756,12.406666,11.693333
0.753159,12.473333,11.700000
0.753560,12.453333,11.666666
0.753961,12.413333,11.760000
0.754362,12.506667,11.726666
0.754763,12.506667,11.780000
0.755164,12.533333,11.773334
0.755566,12.586666,11.799999
0.755968,12.593333,11.886666
0.756369,12.533333,11.973333
0.756770,12.633333,11.906667
0.757172,12.653333,11.973333
0.757573,12.686666,11.966666
0.757975,12.693334,11.966666
0.758376,12.740000,12.020000
0.758777,12.760000,12.020000
0.759178,12.773334,12.059999
0.759579,12.820000,12.066666
0.759981,12.820000,12.066666
0.760382,12.860000,12.093333
0.760783,12.780000,12.126666
0.761185,12.880000,12.126666
0.761586,12.900000,12.193333
0.761987,12.940000,12.213333
0.762390,12.966667,12.300000
0.762791,13.006666,12.080000
0.763194,13.053332,12.393332
0.763595,13.133333,12.333333
0.763996,13.000000,12.333333
0.764397,13.100000,12.393332
0.764798,13.093333,12.386666
0.765199,13.133333,12.413333
0.765600,13.173333,12.420000
0.766001,13.206666,12.453333
0.766403,13.206666,12.473333
0.766805,13.213333,12.466666
0.767206,13.266666,12.506667
0.767607,13.266666,12.546666
0.768008,13.286667,12.553333
0.768409,13.320000,12.566667
0.768811,13.259999,12.620000
0.769212,13.366667,12.606667
0.769613,13.400000,12.646667
0.770014,13.426666,12.686666
0.770416,13.453332,12.706667
0.770819,13.480000,12.740000
0.771220,13.520000,12.766666
0.771621,13.500000,12.740000
0.772023,13.493333,12.793333
0.772425,13.566667,12.840000
0.772826,13.573333,12.826667
0.773227,13.526667,12.860000
0.773629,13.666666,12.860000
0.774032,13.653334,12.926666
0.774435,13.666666,12.940000
0.774836,13.720000,12.940000
0.775237,13.733333,12.946667
0.775639,13.753333,12.973333
0.776040,13.786667,13.033334
0.776442,13.806667,12.960000
0.776843,13.833333,13.013333
0.777245,13.866666,13.093333
0.777647,13.900000,13.073333
0.778049,13.886666,13.106667
0.778450,13.906666,13.126666
0.778851,13.913332,13.139999
0.779253,13.966666,13.173333
0.779654,13.979999,13.179999
0.780056,14.026667,13.280000
0.780457,14.073334,13.240000
0.780859,14.006667,13.293333
0.781261,14.053333,13.300000
0.781663,14.226666,13.300000
0.782064,14.153333,13.333333
0.782465,14.140000,13.379999
0.782866,14.160000,13.320000
0.783268,14.173332,13.386665
0.783670,14.219999,13.406666
0.784071,14.246667,13.360000
0.784472,14.213333,13.466666
0.784873,14.299999,13.473332
0.785274,14.246667,13.539999
0.785675,14.333334,13.500000
0.786077,14.340000,13.566667
0.786478,14.340000,13.606666
0.786879,14.420000,13.566667
0.787280,14.413333,13.613334
0.787681,14.306665,13.646666
0.788082,14.446667,13.546667
0.788484,14.413333,13.633333
0.788885,14.473333,13.706666
0.789286,14.520000,13.713332
0.789687,14.540000,13.653334
0.790088,14.540000,13.746667
0.790491,14.613333,13.793333
0.790892,14.606667,13.806667
0.791293,14.666667,13.820000
0.791694,14.640000,13.820000
0.792095,14.786666,13.860000
0.792496,14.713333,13.900000
0.792897,14.706667,13.920000
0.793299,14.719999,13.900000
0.793701,14.780000,13.880000
0.794102,14.780000,13.960000
0.794504,14.766665,14.006667
0.794905,14.860001,13.993333
0.795307,14.853333,14.053333
0.795708,14.880000,14.033333
0.796109,14.926667,14.046667
0.796511,14.886666,14.066666
0.796912,14.940000,14.200001
0.797313,14.873333,14.160000
0.797714,14.953333,14.166666
0.798115,15.013333,14.373332
0.798516,15.086666,14.160000
0.798918,15.066667,14.200001
0.799320,15.100000,14.253333
0.799721,15.240000,14.246667
0.800122,15.159999,14.293333
0.800524,15.186667,14.266667
0.800925,15.200000,14.333334
0.801327,15.219999,14.320000
0.801728,15.266666,14.353333
0.802129,15.240000,14.360000
0.802531,15.206666,14.386666
0.802932,15.359999,14.386666
0.803333,15.260000,14.426666
0.803734,15.340000,14.466667
0.804135,15.359999,14.386666
0.804537,15.393333,14.513333
0.804938,15.393333,14.520000
0.805340,15.493332,14.513333
0.805742,15.413333,14.559999
0.806143,15.466666,14.600000
0.806544,15.533333,14.633332
0.806945,15.493332,14.606667
0.807349,15.566667,14.626666
0.807750,15.560000,14.640000
0.808153,15.573333,14.659999
0.808554,15.573333,14.679999
0.808955,15.633333,14.713333
0.809357,15.740000,14.706667
0.809760,15.673333,14.719999
0.810161,15.700000,14.786666
0.810563,15.740000,14.860001
0.810965,15.726666,14.833332
0.811367,15.780001,14.846666
0.811768,15.766666,14.840000
0.812171,15.826667,14.600000
0.812572,15.813333,14.953333
0.812973,15.833333,14.899999
0.813376,15.839999,14.919999
0.813777,15.973332,14.919999
0.814178,15.886665,14.940000
0.814579,16.013332,14.953333
0.814981,15.860000,14.953333
0.815382,15.946666,14.953333
0.815783,16.000000,15.080000
0.816184,16.006666,15.066667
0.816586,16.020000,15.119999
0.816987,16.066668,15.133333
0.817389,16.099998,15.146667
0.817790,16.093332,15.193334
0.818193,16.106665,15.219999
0.818595,16.160000,15.206666
0.818996,16.160000,15.219999
0.819397,16.173334,15.260000
0.819800,16.213333,15.280000
0.820202,16.259998,15.280000
0.820604,16.193333,15.333333
0.821005,16.240000,15.320001
0.821407,16.326666,15.313333
0.821809,16.279999,15.366667
0.822210,16.279999,15.386667
0.822616,16.346666,15.520000
0.823018,16.353333,15.413333
0.823419,16.400000,15.406667
0.823820,16.440001,15.480000
0.824222,16.413332,15.466666
0.824623,16.533333,15.480000
0.825024,16.486666,15.520000
0.825425,16.473333,15.540000
0.825826,16.493332,15.520000
0.826227,16.559999,15.573333
0.826629,16.553333,15.586667
0.827030,16.586666,15.606667
0.827431,16.600000,15.606667
0.827832,16.559999,15.633333
0.828233,16.613333,15.633333
0.828634,16.633331,15.740000
0.829035,16.619999,15.673333
0.829436,16.700001,15.686666
0.829837,16.713333,15.579999
0.830239,16.713333,15.760000
0.830641,16.619999,15.780001
0.831042,16.746666,15.760000
0.831443,16.813334,15.826667
0.831844,16.719999,15.839999
0.832245,16.713333,15.786667
0.832647,16.806665,15.853333
0.833048,16.813334,15.886665
0.833450,16.840000,15.873333
0.833851,16.866667,15.920000
0.834253,16.853334,15.913334
0.834655,16.893332,15.940000
0.835056,16.906666,15.966666
0.835457,16.840000,15.973332
0.835858,16.853334,16.006666
0.836260,16.946667,16.006666
0.836661,16.933332,16.026667
0.837062,17.039999,16.080000
0.837463,16.866667,16.073334
0.837865,16.980000,16.093332
0.838266,16.959999,16.119999
0.838667,17.033333,16.099998
0.839069,17.026665,16.139999
0.839470,16.993334,16.160000
0.839872,17.073334,16.126665
0.840273,17.113333,16.160000
0.840675,17.120001,16.193333
0.841077,17.126667,16.219999
0.841478,17.199999,16.246666
0.841879,17.139999,16.246666
0.842280,17.159998,16.240000
0.842682,17.213333,16.279999
0.843084,17.213333,16.326666
0.843485,17.193333,16.333334
0.843886,17.226667,16.346666
0.844287,17.260000,16.359999
0.844688,17.293333,16.366665
0.845090,17.279999,16.526667
0.845491,17.306665,16.553333
0.845892,17.320000,16.433332
0.846293,17.353333,16.453333
0.846694,17.340000,16.446667
0.847095,17.346666,16.453333
0.847497,17.400000,16.499998
0.847899,17.406666,16.486666
0.848301,17.433332,16.559999
0.848702,17.393333,16.566666
0.849105,17.433332,16.506666
0.849506,17.453333,16.613333
0.849907,17.486666,16.593334
0.850308,17.439999,16.619999
0.850709,17.473333,16.693333
0.851111,17.506666,16.646666
0.851512,17.500000,16.673332
0.851913,17.539999,16.646666
0.852314,17.559999,16.646666
0.852715,17.606667,16.719999
0.853116,17.580000,16.740000
0.853517,17.639999,16.726667
0.853918,17.626667,16.786665
0.854320,17.646667,16.779999
0.854722,17.633333,16.773333
0.855123,17.706665,16.786665
0.855524,17.693333,16.786665
0.855925,17.693333,16.793333
0.856326,17.673332,16.820000
0.856727,17.773333,16.833334
0.857129,17.746666,16.853334
0.857531,17.780001,16.873333
0.857933,17.799999,16.873333
0.858334,17.766666,16.879999
0.858736,17.820000,16.900000
0.859137,17.813332,16.920000
0.859538,17.840000,16.926666
0.859940,17.866667,16.920000
0.860341,17.859999,16.933332
0.860742,17.879999,16.926666
0.861143,17.873333,16.959999
0.861545,17.906668,16.973333
0.861946,18.033333,16.966667
0.862349,17.906668,16.986668
0.862750,17.926666,16.993334
0.863151,17.939999,17.026665
0.863552,17.986666,17.039999
0.863954,17.973333,17.059999
0.864355,18.040001,17.026665
0.864756,18.000000,17.039999
0.865158,18.046667,17.039999
0.865560,18.040001,17.106667
0.865961,18.040001,17.059999
0.866362,18.046667,17.146666
0.866763,18.040001,17.139999
0.867164,18.099998,17.139999
0.867565,18.106667,17.186666
0.867966,18.106667,17.073334
0.868368,18.133333,17.146666
0.868770,18.126667,17.199999
0.869172,18.046667,17.240000
0.869573,18.153334,17.260000
0.869974,18.193333,17.219999
0.870376,18.206665,17.253334
0.870777,18.193333,17.260000
0.871178,18.206665,17.266666
0.871579,18.226665,17.279999
0.871980,18.253332,17.246666
0.872382,18.246666,17.333332
0.872783,18.199999,17.333332
0.873184,18.286667,17.313332
0.873585,18.333332,17.346666
0.873987,18.306667,17.366667
0.874388,18.326666,17.333332
0.874789,18.320000,17.386667
0.875191,18.313334,17.219999
0.875592,18.346666,17.433332
0.875993,18.373333,17.419998
0.876395,18.373333,17.413332
0.876796,18.453333,17.459999
0.877198,18.400000,17.446667
0.877599,18.420000,17.459999
0.878000,18.433334,17.473333
0.878402,18.386665,17.433332
0.878803,18.473331,17.506666
0.879204,18.486666,17.500000
0.879605,18.473331,17.500000
0.880006,18.533333,17.713333
0.880408,18.506666,17.539999
0.880810,18.513332,17.539999
0.881212,18.553333,17.593332
0.881613,18.613333,17.606667
0.882014,18.546667,17.606667
0.882415,18.580000,17.619999
0.882817,18.573334,17.619999
0.883219,18.553333,17.619999
0.883620,18.599998,17.686666
0.884021,18.613333,17.653334
0.884422,18.599998,17.666666
0.884823,18.639999,17.693333
0.885225,18.633333,17.673332
0.885626,18.626665,17.693333
0.886028,18.633333,17.753334
0.886429,18.673334,17.719999
0.886830,18.653334,17.686666
0.887232,18.700001,17.746666
0.887633,18.706667,17.746666
0.888034,18.719999,17.753334
0.888436,18.833334,17.760000
0.888837,18.726665,17.746666
0.889239,18.900000,17.840000
0.889641,18.726665,17.786667
0.890042,18.726665,17.673332
0.890444,18.773333,17.799999
0.890845,18.753332,17.813332
0.891246,18.786667,17.813332
0.891647,18.799999,17.833332
0.892048,18.900000,17.859999
0.892450,18.793333,17.920000
0.892851,18.840000,17.846666
0.893253,18.840000,17.873333
0.893654,18.840000,17.879999
0.894055,18.866665,17.906668
0.894456,18.873333,17.933332
0.894858,18.960001,17.926666
0.895259,18.886665,17.893333
0.895661,18.953333,17.939999
0.896062,18.900000,17.926666
0.896463,18.900000,17.953333
0.896864,18.906666,17.973333
0.897265,18.933332,17.946665
0.897666,18.966667,17.906668
0.898067,18.986666,17.926666
0.898469,18.940001,18.013332
0.898871,19.013332,18.013332
0.899273,18.993332,18.006666
0.899674,18.993332,18.146666
0.900075,19.026667,18.046667
0.900476,19.019999,18.040001
0.900877,19.053333,18.040001
0.901279,19.046667,18.073332
0.901680,19.080000,18.059999
0.902081,19.039999,18.066666
0.902483,19.080000,18.073332
0.902884,19.106667,18.099998
0.903285,19.273333,18.099998
0.903686,19.100000,18.086666
0.904087,19.113333,18.126667
0.904489,19.100000,18.099998
0.904891,19.206667,18.119999
0.905292,19.166666,18.146666
0.905694,19.100000,18.199999
0.906096,19.093334,18.086666
0.906497,19.126665,18.193333
0.906898,19.126665,18.153334
0.907300,19.166666,18.193333
0.907701,19.186666,18.180000
0.908102,19.213333,18.193333
0.908504,19.219999,18.186666
0.908905,19.219999,18.233332
0.909306,19.226667,18.199999
0.909708,19.259998,18.233332
0.910110,19.240000,18.233332
0.910511,19.279999,18.266666
0.910912,19.253332,18.146666
0.911313,19.286665,18.273333
0.911715,19.273333,18.320000
0.912116,19.299999,18.253332
0.912518,19.266666,18.326666
0.912919,19.259998,18.293333
0.913320,19.286665,18.273333
0.913721,19.299999,18.280001
0.914122,19.253332,18.306667
0.914524,19.366667,18.313334
0.914926,19.259998,18.306667
0.915327,19.346666,18.326666
0.915728,19.333334,18.313334
0.916129,19.346666,18.313334
0.916531,19.353334,18.346666
0.916933,19.366667,18.400000
0.917334,19.386665,18.386665
0.917735,19.386665,18.359999
0.918136,19.393332,18.393333
0.918537,19.426666,18.373333
0.918939,19.373333,18.346666
0.919340,19.506666,18.379999
0.919741,19.413332,18.379999
0.920143,19.420000,18.379999
0.920544,19.453333,18.400000
0.920945,19.439999,18.406666
0.921348,19.439999,18.406666
0.921750,19.433332,18.313334
0.922151,19.433332,18.426666
0.922552,19.466667,18.413334
0.922953,19.459999,18.446667
0.923355,19.466667,18.459999
0.923757,19.506666,18.459999
0.924158,19.513332,18.473331
0.924560,19.533333,18.446667
0.924961,19.480000,18.473331
0.925362,19.513332,18.480000
0.925763,19.480000,18.466665
0.926164,19.539999,18.486666
0.926565,19.506666,18.513332
0.926966,19.546665,18.486666
0.927368,19.559999,18.520000
0.927770,19.553333,18.520000
0.928172,19.533333,18.506666
0.928574,19.573334,18.533333
0.928975,19.553333,18.539999
0.929376,19.600000,18.520000
0.929777,19.513332,18.539999
0.930178,19.600000,18.526667
0.930580,19.600000,18.553333
0.930981,19.519999,18.580000
0.931383,19.573334,18.553333
0.931785,19.613333,18.546667
0.932186,19.620001,18.646666
0.932587,19.626667,18.586666
0.932988,19.633333,18.526667
0.933390,19.620001,18.559999
0.933791,19.633333,18.613333
0.934193,19.659998,18.586666
0.934594,19.639999,18.599998
0.934996,19.646666,18.586666
0.935397,19.686666,18.586666
0.935798,19.659998,18.613333
0.936199,19.633333,18.599998
0.936600,19.659998,18.639999
0.937001,19.679998,18.633333
0.937404,19.726667,18.599998
0.937805,19.679998,18.626665
0.938207,19.713333,18.653334
0.938608,19.633333,18.626665
0.939009,19.699999,18.626665
0.939410,19.699999,18.646666
0.939811,19.679998,18.639999
0.940212,19.719999,18.660000
0.940614,19.699999,18.646666
0.941016,19.713333,18.660000
0.941417,19.713333,18.613333
0.941818,19.719999,18.639999
0.942219,19.726667,18.653334
0.942621,19.706667,18.686666
0.943023,19.726667,18.686666
0.943424,19.779999,18.680000
0.943825,19.760000,18.673334
0.944226,19.766666,18.686666
0.944627,19.753334,18.673334
0.945029,19.740000,18.766666
0.945430,19.733334,18.693333
0.945832,19.760000,18.726665
0.946234,19.766666,18.686666
0.946636,19.793333,18.693333
0.947037,19.740000,18.746666
0.947438,19.766666,18.726665
0.947839,19.880001,18.713333
0.948241,19.740000,18.459999
0.948643,19.740000,18.713333
0.949044,19.786665,18.726665
0.949445,19.779999,18.733332
0.949846,19.760000,18.719999
0.950247,19.793333,18.726665
0.950649,19.786665,18.719999
0.951050,19.766666,18.713333
0.951451,19.806665,18.733332
0.951852,19.846666,18.726665
0.952253,19.799999,18.779999
0.952654,19.799999,18.726665
0.953056,19.786665,18.733332
0.953457,19.766666,18.719999
0.953858,19.880001,18.920000
0.954259,19.799999,18.766666
0.954661,19.793333,18.726665
0.955063,19.779999,18.779999
0.955464,19.873333,18.753332
0.955866,19.826666,18.666666
0.956267,19.766666,18.719999
0.956669,19.833332,18.759998
0.957071,19.826666,18.746666
0.957472,19.806665,18.759998
0.957873,19.833332,18.766666
0.958274,19.813332,18.779999
0.958676,19.799999,18.779999
0.959078,19.833332,18.759998
0.959479,19.806665,18.733332
0.959880,19.833332,18.753332
0.960281,19.826666,18.746666
0.960682,19.820000,18.779999
0.961084,19.779999,18.766666
0.961485,19.840000,18.766666
0.961886,19.826666,18.799999
0.962287,19.860001,18.766666
0.962689,19.833332,18.779999
0.963090,19.833332,18.766666
0.963491,19.813332,18.826666
0.963892,19.820000,18.759998
0.964293,19.840000,18.786667
0.964695,19.820000,18.766666
0.965097,19.820000,18.779999
0.965498,19.846666,18.759998
0.965899,19.826666,18.766666
0.966300,19.840000,18.766666
0.966703,19.833332,18.793333
0.967104,19.833332,18.759998
0.967506,19.820000,18.693333
0.967908,19.833332,18.766666
0.968309,19.946667,18.759998
0.968710,19.826666,18.673334
0.969111,19.826666,18.746666
0.969513,19.853333,18.766666
0.969915,19.826666,18.793333
0.970316,19.746666,18.766666
0.970717,19.840000,18.766666
0.971118,19.833332,18.766666
0.971519,19.833332,18.759998
0.971920,19.753334,18.840000
0.972321,19.840000,18.786667
0.972722,19.860001,18.646666
0.973124,19.840000,18.693333
0.973527,19.833332,18.820000
0.973928,19.846666,18.766666
0.974329,19.833332,18.766666
0.974730,19.813332,18.766666
0.975131,19.799999,18.793333
0.975533,19.813332,18.766666
0.975934,19.820000,18.746666
0.976336,19.820000,18.740000
0.976737,19.840000,18.733332
0.977138,19.833332,18.753332
0.977539,19.813332,18.746666
0.977940,19.833332,18.653334
0.978341,19.853333,18.759998
0.978742,19.826666,18.953333
0.979143,19.786665,18.753332
0.979544,19.766666,18.766666
0.979946,19.826666,18.726665
0.980349,19.880001,18.726665
0.980750,19.793333,18.713333
0.981151,19.679998,18.746666
0.981552,19.793333,18.759998
0.981954,19.793333,18.740000
0.982355,19.806665,18.719999
0.982756,19.779999,18.726665
0.983157,19.793333,18.719999
0.983559,19.766666,18.733332
0.983960,19.793333,18.706667
0.984362,19.766666,18.719999
0.984763,19.793333,18.719999
0.985164,19.779999,18.686666
0.985565,19.866667,18.726665
0.985967,19.779999,18.586666
0.986369,19.799999,18.680000
0.986770,19.799999,18.646666
0.987171,19.773333,18.706667
0.987572,19.646666,18.693333
0.987973,19.766666,18.719999
0.988375,19.786665,18.833334
0.988776,19.740000,18.686666
0.989177,19.726667,18.719999
0.989578,19.760000,18.673334
0.989979,19.626667,18.693333
0.990381,19.733334,18.660000
0.990783,19.740000,18.660000
0.991184,19.779999,18.666666
0.991586,19.726667,18.660000
0.991987,19.733334,18.660000
0.992389,19.666666,18.686666
0.992791,19.733334,18.693333
0.993192,19.679998,18.653334
0.993595,19.733334,18.680000
0.993997,19.699999,18.673334
0.994398,19.713333,18.639999
0.994799,19.726667,18.673334
0.995200,19.693333,18.646666
0.995602,19.753334,18.646666
0.996003,19.679998,18.646666
0.996404,19.706667,18.646666
0.996806,19.626667,18.599998
0.997207,19.760000,18.626665
0.997608,19.620001,18.619999
0.998009,19.706667,18.613333
0.998410,19.673332,18.553333
0.998811,19.639999,18.599998
0.999212,19.706667,18.586666
0.999613,19.653332,18.639999
1.000015,19.633333,18.586666
1.000416,19.653332,18.553333
1.000817,19.633333,18.606665
1.001218,19.639999,18.553333
1.001620,19.639999,18.553333
1.002021,19.620001,18.566668
1.002423,19.740000,18.553333
1.002824,19.673332,18.713333
1.003225,19.606667,18.533333
1.003626,19.526665,18.553333
1.004027,19.586666,18.533333
1.004429,19.580000,18.533333
1.004830,19.606667,18.553333
1.005231,19.593332,18.539999
1.005632,19.580000,18.533333
1.006033,19.526665,18.526667
1.006435,19.519999,18.500000
1.006837,19.600000,18.533333
1.007239,19.553333,18.493332
1.007640,19.533333,18.493332
1.008041,19.533333,18.466665
1.008443,19.533333,18.513332
1.008844,19.526665,18.486666
1.009246,19.360001,18.446667
1.009648,19.480000,18.486666
1.010049,19.480000,18.473331
1.010450,19.453333,18.473331
1.010851,19.473333,18.459999
1.011252,19.433332,18.473331
1.011653,19.500000,18.426666
1.012054,19.453333,18.426666
1.012456,19.546665,18.413334
1.012857,19.466667,18.420000
1.013259,19.433332,18.413334
1.013660,19.480000,18.459999
1.014061,19.406666,18.400000
1.014463,19.433332,18.400000
1.014864,19.426666,18.513332
1.015266,19.420000,18.379999
1.015667,19.420000,18.406666
1.016068,19.386665,18.393333
1.016469,19.373333,18.366667
1.016870,19.386665,18.373333
1.017272,19.366667,18.353333
1.017673,19.386665,18.353333
1.018074,19.353334,18.346666
1.018475,19.413332,18.333332
1.018877,19.340000,18.339998
1.019278,19.360001,18.320000
1.019680,19.346666,18.379999
1.020081,19.313334,18.293333
1.020483,19.333334,18.280001
1.020885,19.326666,18.306667
1.021286,19.266666,18.286667
1.021687,19.299999,18.273333
1.022088,19.293333,18.213333
1.022490,19.293333,18.266666
1.022891,19.193333,18.266666
1.023293,19.279999,18.379999
1.023695,19.266666,18.213333
1.024096,19.253332,18.253332
1.024497,19.240000,18.226665
1.024898,19.226667,18.240000
1.025300,19.219999,18.213333
1.025701,19.226667,18.186666
1.026102,19.219999,18.206665
1.026504,19.213333,18.173334
1.026905,19.206667,18.233332
1.027306,19.206667,18.160000
1.027708,19.173332,18.206665
1.028109,19.180000,18.126667
1.028511,19.153332,18.166666
1.028912,19.139999,18.146666
1.029313,19.139999,18.146666
1.029715,19.033333,18.133333
1.030116,19.113333,18.133333
1.030518,19.006666,18.119999
1.030919,19.126665,17.913334
1.031320,19.046667,18.059999
1.031721,19.113333,18.059999
1.032122,19.080000,18.079998
1.032524,19.080000,18.093332
1.032926,19.053333,18.066666
1.033328,19.059999,18.066666
1.033730,19.046667,17.953333
1.034132,19.019999,18.046667
1.034533,19.006666,18.020000
1.034934,19.019999,18.026667
1.035335,18.993332,18.033333
1.035737,19.013332,18.020000
1.036138,18.986666,18.033333
1.036539,19.026667,17.953333
1.036940,18.946667,17.953333
1.037341,18.986666,18.006666
1.037743,18.946667,17.913334
1.038144,18.873333,17.939999
1.038545,18.926666,17.946665
1.038946,18.879999,17.939999
1.039349,18.913332,17.926666
1.039752,18.879999,17.886667
1.040153,18.946667,17.893333
1.040554,18.773333,17.873333
1.040956,18.873333,17.886667
1.041357,18.873333,17.893333
1.041758,18.833334,17.873333
1.042159,18.926666,17.879999
1.042560,18.846666,17.926666
1.042962,18.813334,17.840000
1.043363,18.773333,17.793333
1.043764,18.713333,17.726665
1.044165,18.779999,17.799999
1.044567,18.846666,17.773333
1.044969,18.786667,17.766666
1.045370,18.766666,17.793333
1.045772,18.713333,17.746666
1.046173,18.733332,17.760000
1.046574,18.686666,17.753334
1.046975,18.793333,17.666666
1.047376,18.626665,17.719999
1.047777,18.693333,17.733334
1.048178,18.680000,17.733334
1.048579,18.753332,17.693333
1.048980,18.633333,17.673332
1.049382,18.646666,17.699999
1.049783,18.639999,17.693333
1.050185,18.646666,17.686666
1.050586,18.626665,17.713333
1.050987,18.580000,17.633333
1.051388,18.613333,17.653334
1.051789,18.586666,17.639999
1.052190,18.546667,17.666666
1.052592,18.546667,17.600000
1.052994,18.453333,17.593332
1.053395,18.500000,17.600000
1.053796,18.533333,17.539999
1.054198,18.513332,17.539999
1.054600,18.493332,17.539999
1.055001,18.486666,17.539999
1.055402,18.446667,17.486666
1.055803,18.480000,17.500000
1.056204,18.473331,17.473333
1.056605,18.459999,17.446667
1.057006,18.413334,17.426666
1.057408,18.400000,17.453333
1.057809,18.400000,17.406666
1.058210,18.366667,17.419998
1.058615,18.359999,17.419998
1.059016,18.359999,17.426666
1.059418,18.366667,17.393333
1.059820,18.339998,17.453333
1.060222,18.353333,17.346666
1.060623,18.286667,17.360001
1.061025,18.320000,17.346666
1.061426,18.299999,17.346666
1.061827,18.280001,17.333332
1.062228,18.273333,17.299999
1.062630,18.240000,17.279999
1.063031,18.240000,17.286665
1.063432,18.126667,17.279999
1.063833,18.166666,17.253334
1.064234,18.199999,17.199999
1.064635,18.199999,17.260000
1.065036,18.166666,17.293333
1.065437,18.160000,17.219999
1.065838,18.126667,17.193333
1.066239,18.146666,17.206667
1.066641,18.126667,17.186666
1.067042,18.086666,17.033333
1.067443,18.086666,17.100000
1.067844,18.086666,17.146666
1.068245,18.079998,17.113333
1.068646,18.053333,17.113333
1.069047,18.046667,17.106667
1.069449,18.059999,17.086666
1.069850,18.020000,17.166666
1.070252,17.986666,17.066666
1.070654,17.993332,17.053333
1.071055,17.953333,17.039999
1.071456,17.980000,17.039999
1.071857,17.959999,17.013332
1.072259,17.939999,16.980000
1.072660,17.920000,16.920000
1.073062,17.913334,16.959999
1.073464,17.913334,16.973333
1.073866,17.879999,16.980000
1.074268,17.846666,16.926666
1.074670,17.833332,16.926666
1.075071,17.859999,16.939999
1.075472,17.840000,16.913332
1.075874,17.806665,16.879999
1.076276,17.793333,16.906666
1.076677,17.773333,16.900000
1.077078,17.726665,16.939999
1.077480,17.760000,16.860001
1.077881,17.746666,16.906666
1.078283,17.719999,16.846666
1.078685,17.693333,16.866667
1.079086,17.706665,16.846666
1.079488,17.693333,16.806665
1.079889,17.679998,16.806665
1.080290,17.699999,16.786665
1.080691,17.626667,16.773333
1.081092,17.693333,16.906666
1.081493,17.600000,16.733334
1.081895,17.606667,16.619999
1.082296,17.586666,16.713333
1.082698,17.539999,16.660000
1.083100,17.520000,16.646666
1.083501,17.506666,16.626665
1.083902,17.520000,16.619999
1.084304,17.446667,16.619999
1.084705,17.513334,16.619999
1.085107,17.473333,16.619999
1.085509,17.466665,16.613333
1.085911,17.433332,16.586666
1.086312,17.366667,16.573334
1.086714,17.380001,16.566666
1.087116,17.373333,16.533333
1.087518,17.346666,16.499998
1.087919,17.419998,16.453333
1.088320,17.360001,16.446667
1.088721,17.293333,16.440001
1.089122,17.320000,16.373333
1.089524,17.326666,16.313334
1.089926,17.320000,16.366665
1.090328,17.253334,16.386665
1.090729,17.246666,16.326666
1.091130,17.240000,16.353333
1.091532,17.213333,16.346666
1.091933,17.213333,16.286667
1.092334,17.193333,16.273333
1.092735,17.166666,16.259998
1.093136,17.133333,16.246666
1.093537,17.106667,16.253332
1.093939,17.146666,16.193333
1.094340,17.120001,16.246666
1.094742,17.086666,16.066668
1.095143,17.059999,16.099998
1.095544,17.080000,16.126665
1.095945,17.006666,16.106665
1.096349,17.013332,16.113333
1.096750,17.039999,16.093332
1.097151,16.953333,16.146666
1.097552,16.926666,16.066668
1.097953,16.986668,16.039999
1.098355,16.813334,16.039999
1.098756,16.920000,15.993333
1.099158,16.913332,15.980000
1.099560,16.900000,15.973332
1.099962,16.893332,15.946666
1.100363,16.893332,15.926666
1.100765,16.826666,15.913334
1.101167,16.840000,15.746666
1.101569,16.853334,15.846667
1.101970,16.820000,15.866667
1.102371,16.813334,15.826667
1.102773,16.779999,15.813333
1.103174,16.733334,15.826667
1.103575,16.753332,15.786667
1.103976,16.759998,15.713334
1.104377,16.740000,15.760000
1.104778,16.693333,15.720000
1.105179,16.626665,15.746666
1.105580,16.706667,15.733333
1.105981,16.633331,15.686666
1.106382,16.613333,15.746666
1.106783,16.619999,15.700000
1.107184,16.539999,15.639999
1.107585,16.559999,15.606667
1.107986,16.533333,15.573333
1.108388,16.539999,15.546666
1.108790,16.486666,15.546666
1.109191,16.473333,15.493332
1.109592,16.460001,15.513332
1.109993,16.446667,15.486666
1.110395,16.433332,15.473333
1.110797,16.633331,15.466666
1.111198,16.320000,15.426665
1.111599,16.400000,15.426665
1.112000,16.346666,15.393333
1.112403,16.253332,15.379999
1.112804,16.320000,15.359999
1.113206,16.346666,15.333333
1.113608,16.206667,15.340000
1.114009,16.146666,15.306666
1.114410,16.246666,15.219999
1.114811,16.193333,15.280000
1.115212,16.186666,15.346666
1.115613,16.153334,15.219999
1.116014,16.119999,15.213333
1.116416,16.099998,15.226665
1.116817,16.099998,15.166667
1.117218,16.080000,15.159999
1.117619,15.993333,15.100000
1.118022,16.046667,15.193334
1.118423,16.026667,15.080000
1.118824,15.953332,14.953333
1.119226,15.980000,14.953333
1.119627,15.953332,15.119999
1.120028,15.933333,14.953333
1.120430,15.900000,14.953333
1.120832,15.893333,14.953333
1.121234,15.873333,14.899999
1.121636,15.846667,14.906667
1.122038,15.833333,14.773334
1.122440,15.806666,14.873333
1.122841,15.780001,14.753333
1.123242,15.753332,14.726667
1.123643,15.753332,14.786666
1.124044,15.733333,14.813333
1.124445,15.700000,14.766665
1.124846,15.686666,14.753333
1.125247,15.626667,14.733334
1.125648,15.613333,14.693333
1.126050,15.613333,14.693333
1.126451,15.599999,14.693333
1.126852,15.579999,14.633332
1.127254,15.526667,14.659999
1.127656,15.553332,14.659999
1.128058,15.513332,14.600000
1.128460,15.446666,14.559999
1.128861,15.453334,14.546666
1.129263,15.320001,14.466667
1.129665,15.400000,14.486667
1.130068,15.393333,14.520000
1.130470,15.419999,14.320000
1.130873,15.446666,14.400001
1.131274,15.326667,14.413333
1.131675,15.306666,14.433332
1.132076,15.300000,14.373332
1.132478,15.240000,14.380000
1.132880,15.253334,14.373332
1.133282,15.179999,14.326666
1.133684,15.159999,14.313334
1.134085,14.893332,14.293333
1.134488,15.166667,14.286666
1.134889,15.159999,14.266667
1.135290,15.119999,14.233333
1.135691,14.986666,14.200001
1.136094,14.953333,14.186666
1.136496,15.093332,14.186666
1.136898,14.953333,14.173332
1.137299,14.946667,14.053333
1.137701,14.946667,14.160000
1.138104,14.886666,14.113334
1.138505,14.906667,13.993333
1.138906,14.886666,14.053333
1.139308,14.873333,14.113334
1.139710,14.873333,13.993333
1.140112,14.806666,13.993333
1.140514,14.806666,13.979999
1.140915,14.786666,13.940001
1.141316,14.759999,13.933332
1.141717,14.746666,13.979999
1.142118,14.693333,14.013333
1.142519,14.693333,13.880000
1.142920,14.686666,13.880000
1.143322,14.646667,13.813334
1.143723,14.620000,13.846665
1.144124,14.606667,13.806667
1.144525,14.633332,13.746667
1.144928,14.546666,13.759999
1.145330,14.473333,13.713332
1.145731,14.499999,13.660000
1.146134,14.520000,13.646666
1.146536,14.480000,13.539999
1.146937,14.433332,13.593333
1.147338,14.426666,13.620000
1.147739,14.420000,13.606666
1.148141,14.380000,13.546667
1.148542,14.326666,13.539999
1.148943,14.346666,13.566667
1.149348,14.320000,13.500000
1.149750,14.293333,13.486667
1.150152,14.246667,13.466666
1.150553,14.246667,13.466666
1.150956,14.193333,13.446666
1.151357,14.219999,13.420000
1.151758,14.173332,13.379999
1.152159,14.153333,13.353333
1.152561,14.133332,13.386665
1.152962,14.120000,13.306666
1.153364,14.080000,13.280000
1.153765,14.059999,13.233334
1.154166,14.053333,13.066667
1.154567,14.006667,13.326666
1.154969,14.006667,13.200000
1.155370,13.953333,13.266666
1.155771,13.993333,13.179999
1.156172,13.746667,13.160000
1.156573,13.913332,13.120000
1.156974,13.860000,13.106667
1.157376,13.846665,13.093333
1.157777,13.820000,13.066667
1.158178,13.806667,13.040000
1.158579,13.786667,13.013333
1.158981,13.766666,13.013333
1.159382,13.700000,12.953333
1.159783,13.753333,12.946667
1.160184,13.693333,12.946667
1.160585,13.926666,12.886666
1.160987,13.653334,12.873333
1.161389,13.633333,12.860000
1.161790,13.579999,12.860000
1.162192,13.573333,12.866666
1.162594,13.440000,12.806666
1.162995,13.533333,12.766666
1.163396,13.493333,12.660000
1.163797,13.453332,12.760000
1.164198,13.546667,12.719999
1.164599,13.413334,12.653333
1.165001,13.440000,12.626667
1.165403,13.433333,12.673333
1.165804,13.386665,12.613333
1.166205,13.346667,12.599999
1.166606,13.300000,12.573334
1.167007,13.313333,12.646667
1.167409,13.266666,12.520000
1.167810,13.286667,12.493333
1.168212,13.226666,12.466666
1.168614,13.246666,12.546666
1.169015,13.186666,12.466666
1.169416,13.166667,12.400000
1.169817,13.126666,12.420000
1.170219,13.113333,12.400000
1.170620,13.093333,12.333333
1.171021,13.059999,12.320000
1.171423,13.020000,12.326666
1.171824,13.033334,12.293333
1.172225,12.886666,12.266666
1.172626,12.993333,12.339999
1.173027,12.913333,12.246667
1.173430,12.880000,12.206666
1.173831,12.900000,12.153333
1.174232,12.873333,12.139999
1.174633,12.840000,12.093333
1.175034,12.826667,12.066666
1.175436,12.793333,12.073333
1.175837,12.780000,11.953333
1.176238,12.733333,12.033333
1.176640,12.760000,12.053333
1.177041,12.673333,11.953333
1.177443,12.660000,12.139999
1.177844,12.646667,11.820000
1.178245,12.573334,11.893333
1.178646,12.586666,11.860000
1.179047,12.520000,11.826667
1.179449,12.546666,11.760000
1.179851,12.540000,11.799999
1.180253,12.500000,11.780000
1.180655,12.473333,11.720000
1.181056,12.433333,11.746666
1.181457,12.273333,11.713333
1.181860,12.380000,11.706667
1.182262,12.400000,11.666666
1.182663,12.353333,11.626666
1.183064,12.339999,11.580000
1.183466,12.300000,11.626666
1.183867,12.273333,11.566667
1.184269,12.406666,11.546666
1.184670,12.166667,11.513333
1.185071,12.213333,11.473332
1.185473,12.173333,11.526667
1.185875,12.040000,11.393333
1.186276,12.093333,11.460000
1.186677,12.059999,11.386666
1.187078,12.106667,11.420000
1.187480,12.053333,11.353333
1.187882,12.033333,11.320000
1.188283,12.006666,11.300000
1.188685,11.940000,11.219999
1.189088,11.933332,11.253333
1.189490,11.999999,11.193334
1.189893,11.886666,11.253333
1.190294,11.873333,11.206666
1.190696,11.840000,11.173333
1.191098,11.806666,11.180000
1.191499,11.793333,11.139999
1.191902,11.786667,11.139999
1.192304,11.773334,11.099999
1.192705,11.693333,11.026667
1.193106,11.713333,11.079999
1.193508,11.693333,11.020000
1.193909,11.640000,11.020000
1.194310,11.640000,10.993334
1.194711,11.593333,10.940000
1.195113,11.566667,11.126667
1.195515,11.539999,10.940000
1.195917,11.440000,10.926667
1.196318,11.466666,10.873333
1.196719,11.473332,10.873333
1.197120,11.433333,10.840000
1.197522,11.426666,10.780000
1.197925,11.386666,10.806666
1.198326,11.393333,10.746666
1.198727,11.280000,10.720000
1.199128,11.346666,10.673333
1.199530,11.293333,10.666667
1.199931,11.180000,10.620000
1.200332,11.233333,10.613333
1.200733,11.213333,10.520000
1.201135,11.193334,10.566667
1.201537,11.193334,10.546666
1.201938,11.139999,10.500000
1.202340,11.066667,10.433333
1.202741,11.079999,10.466667
1.203142,11.106667,10.453333
1.203545,11.093333,10.466667
1.203946,11.060000,10.473333
1.204348,11.026667,10.353333
1.204750,10.980000,10.353333
1.205151,10.973333,10.326667
1.205552,10.940000,10.320000
1.205953,10.860000,10.299999
1.206355,11.013332,10.266666
1.206757,10.846666,10.233333
1.207158,10.826666,10.246666
1.207559,10.906667,10.140000
1.207960,10.800000,10.200000
1.208362,10.759999,10.140000
1.208763,10.733334,10.120000
1.209164,10.700000,10.080000
1.209565,10.666667,10.073334
1.209966,10.653334,10.133333
1.210368,10.646667,10.006667
1.210769,10.613333,9.966666
1.211172,10.559999,9.973333
1.211573,10.593333,9.966666
1.211974,10.506666,9.913333
1.212376,10.500000,9.920000
1.212777,10.473333,9.886666
1.213178,10.493333,9.839999
1.213579,10.373333,9.853333
1.213980,10.406667,9.806666
1.214383,10.346666,9.820000
1.214784,10.406667,9.853333
1.215185,10.360000,9.766666
1.215586,10.320000,9.740000
1.215987,10.293333,9.706666
1.216388,10.233333,9.680000
1.216789,10.246666,9.653333
1.217190,10.213333,9.613334
1.217592,10.226666,9.493333
1.217993,10.146667,9.600000
1.218395,10.133333,9.580000
1.218796,10.146667,9.553333
1.219198,10.026666,9.526667
1.219599,10.093333,9.526667
1.220000,10.040000,9.460000
1.220402,10.013333,9.453333
1.220803,9.986667,9.346666
1.221204,9.953333,9.346666
1.221605,9.940001,9.520000
1.222007,9.926666,9.333333
1.222409,9.880000,9.313333
1.222810,9.946667,9.186666
1.223211,9.933333,9.266666
1.223613,9.800000,9.233333
1.224015,9.793333,9.246666
1.224416,9.773333,9.153334
1.224817,9.759999,9.206667
1.225219,9.726666,9.013333
1.225621,9.706666,9.093333
1.226022,9.673333,9.093333
1.226423,9.653333,9.073333
1.226824,9.606667,9.066667
1.227225,9.600000,9.013333
1.227626,9.586666,8.940000
1.228028,9.586666,9.059999
1.228430,9.526667,9.053333
1.228832,9.493333,9.033333
1.229234,9.346666,9.006666
1.229636,9.426666,8.880000
1.230038,9.393333,8.800000
1.230439,9.340000,8.853333
1.230840,9.340000,8.913333
1.231241,9.193333,8.746667
1.231642,9.280000,8.740000
1.232043,9.266666,8.860000
1.232444,9.246666,8.540000
1.232845,9.186666,8.660000
1.233246,9.179999,8.653333
1.233648,9.193333,8.653333
1.234049,9.166666,8.653333
1.234450,9.099999,8.579999
1.234851,9.099999,8.553333
1.235252,9.066667,8.566667
1.235653,9.026667,8.513332
1.236055,8.980000,8.493334
1.236457,9.026667,8.460000
1.236858,8.993333,8.426667
1.237259,9.013333,8.460000
1.237661,8.986667,8.426667
1.238063,8.920000,8.379999
1.238465,8.886666,8.373333
1.238866,8.780000,8.300000
1.239267,8.713333,8.240000
1.239668,8.793333,8.273334
1.240069,8.726666,8.253333
1.240471,8.740000,8.240000
1.240872,8.719999,8.213333
1.241273,8.686666,8.213333
1.241674,8.526667,8.146667
1.242075,8.660000,8.146667
1.242477,8.639999,8.113333
1.242878,8.606667,8.120000
1.243279,8.566667,8.040000
1.243680,8.540000,8.033334
1.244081,8.420000,8.026667
1.244482,8.493334,8.013333
1.244883,8.500000,7.993333
1.245284,8.460000,7.966667
1.245685,8.360000,7.966667
1.246086,8.386666,7.933333
1.246488,8.366667,7.900000
1.246891,8.333333,7.866666
1.247293,8.259999,7.926667
1.247694,8.280000,7.833333
1.248097,8.266666,7.773333
1.248498,8.313333,7.753333
1.248899,8.220000,7.740000
1.249301,8.206666,7.706666
1.249702,8.166667,7.686666
1.250104,8.133333,7.640000
1.250505,8.093333,7.660000
1.250906,8.080000,7.606667
1.251307,8.066667,7.600000
1.251708,8.033334,7.606667
1.252109,8.033334,7.540000
1.252511,8.000000,7.520000
1.252912,7.960000,7.526666
1.253314,7.933333,7.473333
1.253716,7.953333,7.473333
1.254117,7.966667,7.426666
1.254518,7.873333,7.666667
1.254919,7.813334,7.413333
1.255321,7.640000,7.380000
1.255722,7.826667,7.360000
1.256124,7.793334,7.333333
1.256527,7.753333,7.320000
1.256928,7.733333,7.200000
1.257329,7.693334,7.266667
1.257731,7.679999,7.253334
1.258133,7.626667,7.166667
1.258535,7.626667,7.180000
1.258936,7.600000,7.253334
1.259337,7.559999,7.140000
1.259738,7.553333,7.126667
1.260139,7.526666,7.080000
1.260540,7.500000,6.873333
1.260941,7.500000,7.046667
1.261342,7.433333,6.980000
1.261743,7.440000,7.100000
1.262146,7.406666,6.986666
1.262547,7.326666,6.960000
1.262948,7.293333,6.900000
1.263349,7.360000,6.900000
1.263750,7.266667,6.926667
1.264151,7.286667,6.893333
1.264553,7.260000,6.866666
1.264955,7.240000,6.813333
1.265356,7.200000,6.813333
1.265758,7.200000,6.773334
1.266160,7.133334,6.760000
1.266561,7.153333,6.733333
1.266964,7.133334,6.653333
1.267365,7.100000,6.726666
1.267767,7.040000,6.813333
1.268169,7.046667,6.633333
1.268571,7.000000,6.633333
1.268972,6.980000,6.726666
1.269374,6.940000,6.640000
1.269775,6.960000,6.526666
1.270176,6.920000,6.473333
1.270578,6.900000,6.466667
1.270979,6.886666,6.466667
1.271381,6.866666,6.453333
1.271782,6.813333,6.406667
1.272183,6.773334,6.406667
1.272585,6.886666,6.380000
1.272988,6.760000,6.313334
1.273389,6.760000,6.220000
1.273791,6.760000,6.280000
1.274192,6.693333,6.280000
1.274594,6.660000,6.280000
1.274995,6.680000,6.200000
1.275396,6.620000,6.220000
1.275797,6.620000,6.160000
1.276199,6.586667,6.146667
1.276600,6.486667,6.153333
1.277001,6.480000,6.113333
1.277403,6.460000,6.020000
1.277804,6.453333,6.113333
1.278206,6.420000,6.020000
1.278607,6.413333,6.013333
1.279008,6.386667,6.013333
1.279410,6.266666,6.000000
1.279811,6.333333,5.966666
1.280212,6.300000,5.953333
1.280613,6.153333,5.940000
1.281014,6.253334,5.926667
1.281416,6.246666,5.906666
1.281817,6.220000,5.840000
1.282219,6.200000,5.866666
1.282620,6.180000,5.813333
1.283022,6.133333,5.793334
1.283423,6.093333,5.760000
1.283824,6.113333,5.766666
1.284226,6.086667,5.726667
1.284627,6.013333,5.726667
1.285028,5.993333,5.700000
1.285429,6.026667,5.660000
1.285830,6.013333,5.680000
1.286232,5.946667,5.593333
1.286634,5.933333,5.600000
1.287036,5.946667,5.593333
1.287437,5.900000,5.573333
1.287838,5.866666,5.520000
1.288239,5.806666,5.526667
1.288640,5.886667,5.500000
1.289043,5.820000,5.486667
1.289445,5.860000,5.500000
1.289846,5.760000,5.493333
1.290248,5.720000,5.360000
1.290650,5.853333,5.406666
1.291052,5.686666,5.366667
1.291454,5.706666,5.366667
1.291855,5.646667,5.306666
1.292256,5.660000,5.320000
1.292657,5.606667,5.293334
1.293060,5.586667,5.180000
1.293462,5.620000,5.240000
1.293864,5.513333,5.240000
1.294266,5.493333,5.186666
1.294667,5.493333,5.213333
1.295068,5.526667,5.146667
1.295470,5.446666,5.153333
1.295871,5.420000,5.093333
1.296273,5.413333,5.120000
1.296674,5.253333,4.886666
1.297076,5.353333,5.033333
1.297478,5.340000,5.033333
1.297879,5.333333,5.013333
1.298280,5.306666,5.000000
1.298682,5.280000,4.960000
1.299083,5.233334,4.960000
1.299484,5.240000,4.920000
1.299886,5.213333,4.946666
1.300288,5.193333,4.906667
1.300689,5.160000,4.866667
1.301091,5.153333,4.826666
1.301492,5.126667,4.806667
1.301893,5.040000,4.660000
1.302294,5.013333,4.653333
1.302695,5.046667,4.773334
1.303096,5.033333,4.693333
1.303498,5.033333,4.706666
1.303900,5.000000,4.720000
1.304301,4.973333,4.693333
1.304702,4.973333,4.660000
1.305105,4.893333,4.633333
1.305506,4.906667,4.600000
1.305907,4.840000,4.626667
1.306308,4.860000,4.586667
1.306710,4.866667,4.540000
1.307113,4.826666,4.540000
1.307514,4.806667,4.540000
1.307916,4.780000,4.540000
1.308317,4.740000,4.526667
1.308719,4.733333,4.480000
1.309120,4.746666,4.420000
1.309522,4.740000,4.433333
1.309923,4.686666,4.360000
1.310324,4.646667,4.386666
1.310725,4.646667,4.413333
1.311126,4.620000,4.360000
1.311528,4.586667,4.360000
1.311931,4.586667,4.333333
1.312332,4.540000,4.306667
1.312733,4.480000,4.300000
1.313134,4.486666,4.206666
1.313536,4.453333,4.193333
1.313937,4.466667,4.160000
1.314338,4.446667,4.206666
1.314739,4.493333,4.186666
1.315140,4.460000,4.186666
1.315541,4.380000,4.113333
1.315942,4.360000,4.126667
1.316347,4.340000,4.093333
1.316748,4.306667,4.160000
1.317149,4.306667,4.086667
1.317551,4.293333,4.026666
1.317953,4.280000,4.026666
1.318355,4.246667,4.013333
1.318756,4.226666,4.000000
1.319157,4.200000,4.006667
1.319559,4.220000,3.960000
1.319961,4.246667,4.013333
1.320363,4.126667,3.900000
1.320764,4.146667,3.913333
1.321166,4.100000,3.866667
1.321568,4.066667,3.833333
1.321971,4.206666,3.866667
1.322372,4.046667,3.746666
1.322775,4.020000,3.833333
1.323177,4.026666,3.746666
1.323578,4.000000,3.720000
1.323979,3.993333,3.740000
1.324381,3.953333,3.686666
1.324783,3.940000,3.700000
1.325184,3.940000,3.673333
1.325586,3.806666,3.620000
1.325987,3.880000,3.640000
1.326389,3.880000,3.640000
1.326790,3.833333,3.593333
1.327191,3.826667,3.606667
1.327592,3.813334,3.546667
1.327993,3.773333,3.533333
1.328395,3.733333,3.486667
1.328797,3.720000,3.513333
1.329199,3.700000,3.460000
1.329600,3.680000,3.526666
1.330001,3.666667,3.486667
1.330403,3.686666,3.473333
1.330804,3.653333,3.486667
1.331206,3.586667,3.420000
1.331607,3.573333,3.340000
1.332010,3.526666,3.380000
1.332411,3.573333,3.373333
1.332813,3.540000,3.333333
1.333215,3.506667,3.313333
1.333616,3.493333,3.313333
1.334017,3.466666,3.393333
1.334418,3.460000,3.286667
1.334820,3.420000,3.153333
1.335221,3.406667,3.226667
1.335622,3.400000,3.206667
1.336023,3.400000,3.153333
1.336424,3.326667,3.193333
1.336825,3.340000,3.153333
1.337226,3.313333,3.153333
1.337627,3.300000,3.126667
1.338029,3.346666,3.106667
1.338430,3.306667,3.100000
1.338831,3.280000,3.013333
1.339233,3.233333,3.053333
1.339635,3.226667,3.133333
1.340036,3.346666,3.033333
1.340437,3.193333,3.033333
1.340839,3.180000,3.013333
1.341240,3.173333,3.000000
1.341641,3.140000,2.960000
1.342043,3.133333,2.953333
1.342444,3.106667,2.946667
1.342845,3.086667,2.913333
1.343247,3.073333,2.900000
1.343649,3.180000,2.960000
1.344050,3.026667,2.846667
1.344451,3.013333,2.793333
1.344853,3.020000,2.840000
1.345254,2.953333,2.813333
1.345656,2.960000,2.786667
1.346058,2.920000,2.766667
1.346460,2.933333,2.800000
1.346861,2.893333,2.786667
1.347262,2.840000,2.726667
1.347663,2.886667,2.733333
1.348065,2.873333,2.680000
1.348466,2.860000,2.706666
1.348868,2.800000,2.846667
1.349270,2.813333,2.646667
1.349671,2.820000,2.646667
1.350072,2.740000,2.613333
1.350474,2.880000,2.600000
1.350876,2.793333,2.606667
1.351277,2.740000,2.606667
1.351679,2.713333,2.573333
1.352080,2.693333,2.560000
1.352482,2.700000,2.546667
1.352883,2.666667,2.526667
1.353284,2.700000,2.533333
1.353686,2.653333,2.513333
1.354087,2.513333,2.460000
1.354489,2.606667,2.453333
1.354890,2.600000,2.433333
1.355292,2.660000,2.433333
1.355694,2.533333,2.393333
1.356095,2.633333,2.400000
1.356498,2.526667,2.426666
1.356899,2.506666,2.393333
1.357301,2.493333,2.366667
1.357703,2.473333,2.300000
1.358104,2.466667,2.206667
1.358505,2.433333,2.286667
1.358907,2.433333,2.366667
1.359308,2.433333,2.260000
1.359710,2.420000,2.273333
1.360111,2.373333,2.246667
1.360513,2.366667,2.246667
1.360916,2.346667,2.246667
1.361318,2.340000,2.246667
1.361719,2.333333,2.233333
1.362121,2.286667,2.160000
1.362523,2.273333,2.173333
1.362924,2.313333,2.160000
1.363326,2.266667,2.140000
1.363727,2.246667,2.100000
1.364129,2.240000,2.033333
1.364531,2.240000,2.073333
1.364932,2.306667,2.033333
1.365333,2.233333,2.086667
1.365734,2.140000,2.033333
1.366136,2.146667,2.013333
1.366538,2.166667,2.066667
1.366939,2.120000,1.906667
1.367340,2.086667,2.000000
1.367741,2.113333,2.000000
1.368142,2.113333,1.986667
1.368543,2.073333,1.946667
1.368944,2.040000,1.906667
1.369348,2.000000,1.906667
1.369749,2.006667,1.926667
1.370150,2.026667,1.880000
1.370551,1.960000,1.886667
1.370952,1.960000,1.880000
1.371355,1.973333,1.826667
1.371756,1.920000,1.873333
1.372157,1.900000,1.900000
1.372558,1.900000,1.826667
1.372959,1.920000,1.753333
1.373361,1.953333,1.773333
1.373762,1.893333,1.786667
1.374163,1.886667,1.760000
1.374565,1.873333,1.733333
1.374966,1.846667,1.733333
1.375368,1.840000,1.760000
1.375770,1.813333,1.706667
1.376173,1.800000,1.666667
1.376574,1.786667,1.686667
1.376975,1.766667,1.673333
1.377377,1.826667,1.646667
1.377780,1.760000,1.660000
1.378181,1.733333,1.573333
1.378584,1.740000,1.640000
1.378986,1.693333,1.626667
1.379388,1.720000,1.593333
1.379789,1.726667,1.593333
1.380190,1.713333,1.560000
1.380591,1.653333,1.386667
1.380992,1.640000,1.613333
1.381394,1.633333,1.546667
1.381795,1.633333,1.606667
1.382197,1.593333,1.533333
1.382599,1.680000,1.513333
1.383000,1.600000,1.553333
1.383402,1.580000,1.460000
1.383803,1.620000,1.453333
1.384206,1.553333,1.473333
1.384607,1.553333,1.466667
1.385008,1.566667,1.420000
1.385410,1.446667,1.413333
1.385811,1.580000,1.386667
1.386213,1.486667,1.393333
1.386614,1.520000,1.386667
1.387015,1.426667,1.320000
1.387416,1.420000,1.380000
1.387817,1.413333,1.300000
1.388219,1.420000,1.353333
1.388621,1.426667,1.353333
1.389022,1.413333,1.280000
1.389423,1.406667,1.300000
1.389826,1.373333,1.300000
1.390227,1.360000,1.300000
1.390629,1.353333,1.206667
1.391030,1.346667,1.266667
1.391431,1.320000,1.240000
1.391832,1.306667,1.240000
1.392233,1.333333,1.226667
1.392635,1.333333,1.240000
1.393036,1.300000,1.220000
1.393437,1.213333,1.213333
1.393838,1.273333,1.206667
1.394240,1.253333,1.240000
1.394642,1.240000,1.180000
1.395044,1.253333,1.226667
1.395445,1.240000,1.126667
1.395846,1.193333,1.146667
1.396247,1.166667,1.160000
1.396648,1.166667,1.133333
1.397049,1.200000,1.160000
1.397451,1.160000,1.040000
1.397852,1.173333,1.126667
1.398253,1.153333,1.093333
1.398655,1.140000,1.060000
1.399056,1.153333,1.060000
1.399458,1.140000,1.053333
1.399859,1.133333,1.060000
1.400260,1.020000,1.033333
1.400661,1.040000,0.946667
1.401062,1.086667,0.980000
1.401463,1.080000,1.000000
1.401864,1.073333,1.020000
1.402266,1.033333,1.006667
1.402667,1.026667,1.033333
1.403068,1.033333,0.973333
1.403470,1.033333,0.946667
1.403872,1.013333,0.953333
1.404273,1.020000,0.946667
1.404675,0.960000,0.946667
1.405076,0.946667,0.946667
1.405477,0.973333,0.946667
1.405880,0.953333,0.946667
1.406282,1.000000,0.946667
1.406683,0.953333,0.946667
1.407084,0.946667,0.946667
1.407485,0.946667,0.946667
1.407886,0.946667,0.946667
1.408287,0.946667,0.946667
1.408688,0.946667,0.946667
1.409091,0.966667,0.946667
1.409493,0.946667,0.946667
1.409895,0.946667,0.946667
1.410296,0.946667,0.946667
1.410697,0.946667,0.946667
1.411100,0.946667,0.946667
1.411502,0.946667,0.946667
1.411903,0.946667,0.946667
1.412304,0.946667,0.946667
1.412705,0.946667,0.946667
1.413106,0.946667,0.946667
1.413507,0.946667,0.946667
1.413909,0.946667,0.946667
1.414310,0.946667,0.946667
1.414711,0.946667,0.946667
1.415113,0.946667,0.946667
1.415515,0.946667,0.946667
1.415916,0.946667,0.946667
1.416317,0.946667,0.946667
1.416718,0.946667,0.946667
1.417119,0.946667,0.946667
1.417520,0.946667,0.946667
1.417922,0.946667,0.946667
1.418323,0.946667,0.946667
1.418725,0.946667,0.946667
1.419127,0.946667,0.946667
1.419529,0.946667,0.946667
1.419930,0.946667,0.946667
1.420332,0.946667,0.946667
1.420734,0.946667,0.946667
1.421135,0.946667,0.946667
1.421537,0.946667,0.946667
1.421938,0.946667,0.946667
1.422340,0.946667,0.946667
1.422742,0.946667,0.946667
1.423143,0.946667,0.946667
1.423544,0.946667,0.946667
1.423945,0.946667,0.946667
1.424348,0.946667,0.946667
1.424749,0.946667,0.946667
1.425150,0.946667,0.946667
1.425551,0.946667,0.946667
1.425953,0.946667,0.946667
1.426356,0.946667,0.946667
1.426757,0.946667,0.946667
1.427158,0.946667,0.946667
1.427560,0.946667,0.946667
1.427961,0.946667,0.946667
1.428362,0.946667,0.946667
1.428763,0.946667,0.946667
1.429165,0.946667,0.946667
1.429566,0.946667,0.946667
1.429967,0.946667,0.946667
1.430369,0.946667,0.946667
1.430770,0.946667,0.946667
1.431171,0.946667,0.946667
1.431574,0.946667,0.946667
1.431975,0.946667,0.946667
1.432376,0.946667,0.946667
1.432777,0.946667,0.946667
1.433178,0.946667,0.946667
1.433579,0.946667,0.946667
1.433980,0.946667,0.946667
1.434382,0.946667,0.946667
1.434784,0.946667,0.946667
1.435185,0.946667,0.946667
1.435586,0.946667,0.946667
1.435987,0.946667,0.946667
1.436389,0.946667,0.946667
1.436790,0.946667,0.946667
1.437191,0.946667,0.946667
1.437592,0.946667,0.946667
1.437993,0.946667,0.946667
1.438395,0.946667,0.946667
1.438796,0.946667,0.946667
1.439198,0.946667,0.946667
1.439599,0.946667,0.946667
1.440000,0.946667,0.946667
1.440403,0.946667,0.946667
1.440805,0.946667,0.946667
1.441207,0.946667,0.946667
1.441609,0.946667,0.946667
1.442010,0.946667,0.946667
1.442412,0.946667,0.946667
1.442813,0.946667,0.946667
1.443214,0.946667,0.946667
1.443615,0.946667,0.946667
1.444016,0.946667,0.946667
1.444417,0.946667,0.946667
1.444818,0.946667,0.946667
1.445219,0.946667,0.946667
1.445621,0.946667,0.946667
1.446022,0.946667,0.946667
1.446423,0.946667,0.946667
1.446824,0.946667,0.946667
1.447226,0.946667,0.946667
1.447627,0.946667,0.946667
1.448028,0.946667,0.946667
1.448430,0.946667,0.946667
1.448831,0.946667,0.946667
1.449232,0.946667,0.946667
1.449633,0.946667,0.946667
1.450034,0.946667,0.946667
1.450436,0.946667,0.946667
1.450838,0.946667,0.946667
1.451239,0.946667,0.946667
1.451640,0.946667,0.946667
1.452043,0.946667,0.946667
1.452444,0.946667,0.946667
1.452845,0.946667,0.946667
1.453247,0.946667,0.946667
1.453649,0.946667,0.946667
1.454051,0.946667,0.946667
1.454452,0.946667,0.946667
1.454855,0.946667,0.946667
1.455256,0.946667,0.946667
1.455657,0.946667,0.946667
1.456060,0.946667,0.946667
1.456462,0.946667,0.946667
1.456864,0.946667,0.946667
1.457266,0.946667,0.946667
1.457668,0.946667,0.946667
1.458069,0.946667,0.946667
1.458471,0.946667,0.946667
1.458872,0.946667,0.946667
1.459274,0.946667,0.946667
1.459676,0.946667,0.946667
1.460077,0.946667,0.946667
1.460478,0.946667,0.946667
1.460879,0.946667,0.946667
1.461280,0.946667,0.946667
1.461682,0.946667,0.946667
1.462083,0.946667,0.946667
1.462484,0.946667,0.946667
1.462885,0.946667,0.946667
1.463287,0.946667,0.946667
1.463688,0.946667,0.946667
1.464091,0.946667,0.946667
1.464494,0.946667,0.946667
1.464895,0.946667,0.946667
1.465296,0.946667,0.946667
1.465697,0.946667,0.946667
1.466099,0.946667,0.946667
1.466501,0.946667,0.946667
1.466902,0.946667,0.946667
1.467303,0.946667,0.946667
1.467704,0.946667,0.946667
1.468107,0.946667,0.946667
1.468509,0.946667,0.946667
1.468910,0.946667,0.946667
1.469312,0.946667,0.946667
1.469713,0.946667,0.946667
1.470115,0.946667,0.946667
1.470517,0.946667,0.946667
1.470918,0.946667,0.946667
1.471320,0.946667,0.946667
1.471721,0.946667,0.946667
1.472122,0.946667,0.946667
1.472524,0.946667,0.946667
1.472925,0.946667,0.946667
1.473327,0.946667,0.946667
1.473728,0.946667,0.946667
1.474129,0.946667,0.946667
1.474531,0.946667,0.946667
1.474934,0.946667,0.946667
1.475336,0.946667,0.946667
1.475737,0.946667,0.946667
1.476138,0.946667,0.946667
1.476539,0.946667,0.946667
1.476940,0.946667,0.946667
1.477341,0.946667,0.946667
1.477743,0.946667,0.946667
1.478144,0.946667,0.946667
1.478546,0.946667,0.946667
1.478948,0.946667,0.946667
1.479349,0.946667,0.946667
1.479750,0.946667,0.946667
1.480151,0.946667,0.946667
1.480552,0.946667,0.946667
1.480953,0.946667,0.946667
1.481355,0.946667,0.946667
1.481758,0.946667,0.946667
1.482159,0.946667,0.946667
1.482560,0.946667,0.946667
1.482962,0.946667,0.946667
1.483363,0.946667,0.946667
1.483764,0.946667,0.946667
1.484166,0.946667,0.946667
1.484567,0.946667,0.946667
1.484968,0.946667,0.946667
1.485369,0.946667,0.946667
1.485771,0.946667,0.946667
1.486174,0.946667,0.946667
1.486576,0.946667,0.946667
1.486977,0.946667,0.946667
1.487378,0.946667,0.946667
1.487779,0.946667,0.946667
1.488180,0.946667,0.946667
1.488581,0.946667,0.946667
1.488982,0.946667,0.946667
1.489384,0.946667,0.946667
1.489785,0.946667,0.946667
1.490186,0.946667,0.946667
1.490588,0.946667,0.946667
1.490989,0.946667,0.946667
1.491390,0.946667,0.946667
1.491791,0.946667,0.946667
1.492192,0.946667,0.946667
1.492593,0.946667,0.946667
1.492994,0.946667,0.946667
1.493396,0.946667,0.946667
1.493797,0.946667,0.946667
1.494199,0.946667,0.946667
1.494600,0.946667,0.946667
1.495001,0.946667,0.946667
1.495403,0.946667,0.946667
1.495804,0.946667,0.946667
1.496206,0.946667,0.946667
1.496608,0.946667,0.946667
1.497010,0.946667,0.946667
1.497411,0.946667,0.946667
1.497812,0.946667,0.946667
1.498213,0.946667,0.946667
1.498615,0.946667,0.946667
1.499016,0.946667,0.946667
1.499417,0.946667,0.946667
1.499818,0.946667,0.946667
1.500220,0.946667,0.946667
1.500622,0.946667,0.946667
1.501024,0.946667,0.946667
1.501425,0.946667,0.946667
1.501826,0.946667,0.946667
1.502227,0.946667,0.946667
1.502628,0.946667,0.946667
1.503029,0.946667,0.946667
1.503430,0.946667,0.946667
1.503831,0.946667,0.946667
1.504233,0.946667,0.946667
1.504634,0.946667,0.946667
1.505037,0.946667,0.946667
1.505438,0.946667,0.946667
1.505839,0.946667,0.946667
1.506240,0.946667,0.946667
1.506642,0.946667,0.946667
1.507045,0.946667,0.946667
1.507446,0.946667,0.946667
1.507848,0.946667,0.946667
1.508249,0.946667,0.946667
1.508651,0.946667,0.946667
1.509052,0.946667,0.946667
1.509453,0.946667,0.946667
1.509856,0.946667,0.946667
1.510257,0.946667,0.946667
1.510659,0.946667,0.946667
1.511060,0.946667,0.946667
1.511461,0.946667,0.946667
1.511862,0.946667,0.946667
1.512263,0.946667,0.946667
1.512665,0.946667,0.946667
1.513066,0.946667,0.946667
1.513468,0.946667,0.946667
1.513871,0.946667,0.946667
1.514272,0.946667,0.946667
1.514673,0.946667,0.946667
1.515075,0.946667,0.946667
1.515477,0.946667,0.946667
1.515878,0.946667,0.946667
1.516280,0.946667,0.946667
1.516682,0.946667,0.946667
1.517084,0.946667,0.946667
1.517485,0.946667,0.946667
1.517886,0.946667,0.946667
1.518287,0.946667,0.946667
1.518688,0.946667,0.946667
1.519091,0.946667,0.946667
1.519492,0.946667,0.946667
1.519893,0.946667,0.946667
1.520295,0.946667,0.946667
1.520697,0.946667,0.946667
1.521098,0.946667,0.946667
1.521500,0.946667,0.946667
1.521901,0.946667,0.946667
1.522302,0.946667,0.946667
1.522703,0.953333,0.946667
1.523104,0.946667,0.946667
1.523505,0.946667,0.946667
1.523906,0.946667,0.946667
1.524308,0.946667,0.946667
1.524709,0.946667,0.946667
1.525110,0.946667,0.946667
1.525511,0.946667,0.946667
1.525912,0.946667,0.946667
1.526314,0.946667,0.946667
1.526716,0.946667,0.946667
1.527117,0.946667,0.946667
1.527518,0.960000,0.946667
1.527919,0.946667,0.946667
1.528320,1.000000,0.946667
1.528721,0.946667,0.946667
1.529122,0.953333,0.946667
1.529524,0.986667,0.946667
1.529926,0.986667,0.946667
1.530327,0.966667,0.946667
1.530728,1.073333,0.946667
1.531129,1.000000,0.946667
1.531531,1.106667,0.946667
1.531932,1.033333,0.953333
1.532334,1.053333,0.986667
1.532736,1.033333,0.973333
1.533137,1.060000,1.013333
1.533538,1.040000,1.000000
1.533939,1.086667,1.026667
1.534340,1.093333,0.946667
1.534741,1.100000,0.993333
1.535142,1.133333,1.040000
1.535545,1.120000,1.006667
1.535946,1.160000,1.100000
1.536348,1.146667,1.033333
1.536750,1.186667,1.073333
1.537151,1.180000,1.086667
1.537554,1.180000,1.113333
1.537955,1.186667,1.133333
1.538356,1.206667,1.140000
1.538757,1.253333,1.153333
1.539159,1.213333,1.146667
1.539560,1.233333,1.113333
1.539961,1.326667,1.153333
1.540363,1.260000,1.173333
1.540764,1.253333,1.186667
1.541167,1.293333,1.206667
1.541569,1.293333,1.206667
1.541970,1.300000,1.173333
1.542371,1.280000,1.386667
1.542772,1.313333,1.240000
1.543173,1.300000,1.220000
1.543574,1.326667,1.266667
1.543975,1.353333,1.266667
1.544376,1.313333,1.266667
1.544777,1.373333,1.300000
1.545178,1.360000,1.300000
1.545579,1.386667,1.373333
1.545980,1.393333,1.326667
1.546383,1.473333,1.333333
1.546784,1.433333,1.373333
1.547185,1.420000,1.313333
1.547586,1.466667,1.393333
1.547989,1.453333,1.460000
1.548390,1.326667,1.393333
1.548793,1.506667,1.386667
1.549194,1.486667,1.400000
1.549596,1.526667,1.420000
1.549997,1.506667,1.406667
1.550398,1.526667,1.433333
1.550800,1.520000,1.453333
1.551202,1.573333,1.453333
1.551604,1.593333,1.480000
1.552005,1.586667,1.433333
1.552406,1.593333,1.486667
1.552809,1.613333,1.500000
1.553210,1.606667,1.533333
1.553612,1.620000,1.546667
1.554013,1.660000,1.560000
1.554416,1.660000,1.560000
1.554817,1.680000,1.560000
1.555218,1.686667,1.640000
1.555620,1.693333,1.580000
1.556021,1.700000,1.560000
1.556422,1.640000,1.566667
1.556825,1.733333,1.633333
1.557226,1.740000,1.653333
1.557628,1.760000,1.646667
1.558029,1.746667,1.646667
1.558430,1.786667,1.726667
1.558831,1.806667,1.733333
1.559233,1.806667,1.686667
1.559635,1.853333,1.760000
1.560037,1.853333,1.826667
1.560438,1.860000,1.773333
1.560839,1.880000,1.753333
1.561241,1.893333,1.673333
1.561643,1.906667,1.800000
1.562044,1.906667,1.793333
1.562445,1.920000,1.760000
1.562846,1.946667,1.766667
1.563248,1.980000,1.833333
1.563650,1.806667,1.846667
1.564051,2.013333,1.880000
1.564452,1.973333,1.880000
1.564853,2.000000,1.886667
1.565254,2.000000,1.906667
1.565655,2.046667,1.900000
1.566058,2.080000,1.926667
1.566460,2.073333,1.906667
1.566862,2.073333,1.946667
1.567263,2.086667,2.000000
1.567665,2.113333,1.986667
1.568067,2.113333,1.973333
1.568469,2.153333,1.946667
1.568870,2.166667,2.033333
1.569271,2.160000,2.060000
1.569672,2.180000,2.060000
1.570074,2.186667,2.093333
1.570477,2.213333,2.086667
1.570878,2.220000,2.086667
1.571279,2.246667,2.093333
1.571681,2.213333,2.060000
1.572082,2.260000,2.100000
1.572484,2.293333,2.186667
1.572885,2.286667,2.186667
1.573286,2.273333,2.206667
1.573687,2.313333,2.226666
1.574088,2.333333,2.246667
1.574490,2.353333,2.226666
1.574891,2.373333,2.246667
1.575293,2.413333,2.266667
1.575694,2.446667,2.173333
1.576095,2.426666,2.293333
1.576497,2.453333,2.293333
1.576898,2.446667,2.333333
1.577300,2.460000,2.333333
1.577702,2.506666,2.333333
1.578104,2.526667,2.373333
1.578506,2.513333,2.386667
1.578907,2.520000,2.500000
1.579309,2.560000,2.426666
1.579711,2.566667,2.426666
1.580113,2.593333,2.660000
1.580515,2.506666,2.506666
1.580916,2.640000,2.433333
1.581318,2.626667,2.520000
1.581720,2.640000,2.440000
1.582121,2.673333,2.500000
1.582522,2.686666,2.520000
1.582923,2.700000,2.540000
1.583325,2.706666,2.540000
1.583726,2.800000,2.586667
1.584127,2.746667,2.613333
1.584529,2.806667,2.620000
1.584930,2.773333,2.626667
1.585332,2.746667,2.673333
1.585733,2.813333,2.706666
1.586135,2.800000,2.660000
1.586536,2.813333,2.746667
1.586937,2.880000,2.666667
1.587339,2.880000,2.733333
1.587740,2.926667,2.726667
1.588142,2.886667,2.733333
1.588544,2.940000,2.746667
1.588945,3.000000,2.613333
1.589349,2.966666,2.793333
1.589750,3.013333,2.800000
1.590152,2.973333,2.786667
1.590553,3.020000,2.833333
1.590955,3.046667,2.860000
1.591356,3.046667,2.886667
1.591757,3.060000,2.913333
1.592158,3.100000,2.906667
1.592560,3.086667,2.933333
1.592962,3.080000,2.946667
1.593363,3.160000,2.960000
1.593764,3.160000,2.953333
1.594165,3.120000,3.000000
1.594566,3.193333,3.006667
1.594967,3.206667,3.120000
1.595369,3.226667,2.986667
1.595770,3.233333,3.006667
1.596173,3.266667,3.073333
1.596574,3.273333,3.086667
1.596975,3.273333,3.126667
1.597376,3.346666,3.126667
1.597777,3.320000,3.133333
1.598180,3.273333,3.213333
1.598582,3.333333,3.146667
1.598983,3.406667,3.286667
1.599384,3.413333,3.226667
1.599785,3.400000,3.253333
1.600187,3.446667,3.253333
1.600589,3.440000,3.300000
1.600990,3.533333,3.286667
1.601391,3.520000,3.280000
1.601792,3.500000,3.313333
1.602193,3.513333,3.313333
1.602594,3.540000,3.813334
1.602995,3.553333,3.380000
1.603396,3.566667,3.313333
1.603797,3.593333,3.440000
1.604198,3.613333,3.400000
1.604599,3.566667,3.393333
1.605000,3.666667,3.460000
1.605402,3.773333,3.486667
1.605803,3.713333,3.486667
1.606204,3.740000,3.486667
1.606605,3.680000,3.500000
1.607007,3.733333,3.500000
1.607409,3.813334,3.540000
1.607811,3.833333,3.593333
1.608212,3.833333,3.586667
1.608613,3.846667,3.533333
1.609014,3.873333,3.653333
1.609416,3.886667,3.640000
1.609817,3.940000,3.680000
1.610219,3.940000,3.666667
1.610620,3.973333,3.566667
1.611021,4.000000,3.733333
1.611423,3.980000,3.746666
1.611824,3.953333,3.820000
1.612225,4.020000,3.746666
1.612626,4.040000,3.820000
1.613027,4.086667,3.853333
1.613429,4.073333,3.860000
1.613830,4.126667,3.846667
1.614232,4.053333,3.913333
1.614634,4.106667,3.940000
1.615035,4.180000,3.940000
1.615436,4.186666,3.960000
1.615837,4.206666,3.960000
1.616238,4.213334,4.000000
1.616639,4.240000,4.013333
1.617040,4.326666,4.046667
1.617442,4.253333,4.006667
1.617844,4.293333,3.960000
1.618245,4.393333,4.093333
1.618646,4.180000,4.306667
1.619047,4.353333,4.126667
1.619449,4.420000,4.113333
1.619851,4.366666,4.286666
1.620254,4.413333,4.186666
1.620655,4.440000,4.206666
1.621058,4.433333,4.200000
1.621459,4.513333,4.240000
1.621862,4.506667,4.246667
1.622263,4.560000,4.293333
1.622664,4.606667,4.293333
1.623065,4.426666,4.306667
1.623466,4.633333,4.333333
1.623869,4.626667,4.340000
1.624271,4.680000,4.360000
1.624673,4.666667,4.380000
1.625074,4.700000,4.420000
1.625476,4.686666,4.380000
1.625877,4.700000,4.453333
1.626278,4.726666,4.466667
1.626679,4.766666,4.606667
1.627080,4.693333,4.520000
1.627481,4.846666,4.513333
1.627882,4.773334,4.466667
1.628284,4.813333,4.573333
1.628686,4.813333,4.626667
1.629087,4.866667,4.620000
1.629489,4.933333,4.620000
1.629890,4.913333,4.626667
1.630292,4.980000,4.606667
1.630693,5.000000,4.720000
1.631094,5.000000,4.660000
1.631496,5.013333,4.573333
1.631897,5.006667,4.753333
1.632298,5.033333,4.753333
1.632700,5.073333,4.766666
1.633101,5.093333,4.826666
1.633502,5.100000,4.833333
1.633903,5.146667,4.853333
1.634304,5.153333,4.926667
1.634705,5.166667,4.893333
1.635106,5.206666,4.940000
1.635507,5.213333,4.973333
1.635908,5.286666,4.900000
1.636310,5.193333,5.060000
1.636712,5.266667,4.986667
1.637113,5.320000,5.006667
1.637514,5.320000,5.046667
1.637916,5.353333,5.053333
1.638319,5.393333,5.106667
1.638720,5.380000,5.053333
1.639123,5.413333,5.113333
1.639525,5.400000,5.133333
1.639926,5.460000,5.160000
1.640327,5.593333,5.140000
1.640728,5.480000,5.186666
1.641131,5.533333,5.226666
1.641532,5.566667,5.240000
1.641934,5.573333,5.240000
1.642336,5.593333,5.246666
1.642737,5.613333,5.293334
1.643139,5.640000,5.260000
1.643541,5.706666,5.360000
1.643942,5.586667,5.340000
1.644343,5.686666,5.320000
1.644744,5.733333,5.393333
1.645145,5.780000,5.406666
1.645546,5.760000,5.440000
1.645948,5.793334,5.486667
1.646350,5.840000,5.486667
1.646751,5.906666,5.553333
1.647152,5.853333,5.420000
1.647554,5.920000,5.493333
1.647955,5.806666,5.566667
1.648356,5.920000,5.606667
1.648757,5.960000,5.600000
1.649158,5.980000,5.606667
1.649560,5.993333,5.660000
1.649963,6.020000,5.686666
1.650364,6.066667,5.680000
1.650765,6.060000,5.700000
1.651168,6.093333,5.733333
1.651570,6.120000,5.773333
1.651971,6.120000,6.000000
1.652373,6.153333,5.793334
1.652775,6.200000,5.866666
1.653176,6.053333,5.846666
1.653578,6.093333,5.853333
1.653980,6.233333,5.940000
1.654382,6.246666,5.880000
1.654783,6.280000,5.913333
1.655184,6.333333,5.946667
1.655585,6.366666,5.993333
1.655986,6.386667,6.080000
1.656388,6.400000,5.880000
1.656789,6.413333,6.066667
1.657190,6.453333,6.086667
1.657591,6.460000,6.086667
1.657992,6.486667,6.133333
1.658394,6.533333,6.133333
1.658795,6.573333,6.240000
1.659198,6.573333,6.200000
1.659599,6.606667,6.213333
1.660000,6.706667,6.226666
1.660402,6.500000,6.240000
1.660803,6.693333,6.280000
1.661204,6.713333,6.300000
1.661605,6.693333,6.306666
1.662006,6.780000,6.346667
1.662408,6.726666,6.353333
1.662810,6.800000,6.373333
1.663211,6.806667,6.413333
1.663613,6.833333,6.413333
1.664016,6.853333,6.460000
1.664417,6.900000,6.386667
1.664818,6.913333,6.493333
1.665219,6.906667,6.480000
1.665621,6.913333,6.713333
1.666023,7.013333,6.586667
1.666424,6.993333,6.646667
1.666827,7.026667,6.646667
1.667229,7.060000,6.666667
1.667631,7.060000,6.666667
1.668032,7.126667,6.700000
1.668434,7.060000,6.740000
1.668835,7.160000,6.760000
1.669236,7.173333,6.800000
1.669637,7.360000,6.800000
1.670038,7.193333,6.813333
1.670439,7.273333,6.833333
1.670842,7.226666,6.846666
1.671243,7.326666,6.893333
1.671645,7.286667,6.900000
1.672047,7.366667,7.006667
1.672449,7.353333,6.980000
1.672851,7.506667,6.966666
1.673253,7.433333,6.986666
1.673654,7.433333,7.013333
1.674055,7.480000,7.020000
1.674456,7.480000,7.066666
1.674857,7.513333,7.093333
1.675258,7.526666,7.133334
1.675660,7.553333,7.113333
1.676061,7.600000,7.166667
1.676463,7.593334,7.173333
1.676865,7.640000,7.166667
1.677267,7.693334,7.219999
1.677669,7.686666,7.213333
1.678070,7.713333,7.280000
1.678471,7.713333,7.300000
1.678872,7.753333,7.353333
1.679273,7.806666,7.340000
1.679675,7.820000,7.253334
1.680076,7.833333,7.373333
1.680477,7.860000,7.440000
1.680878,7.886666,7.420000
1.681280,7.913333,7.506667
1.681681,7.900000,7.480000
1.682082,7.940000,7.513333
1.682483,7.953333,7.540000
1.682886,8.000000,7.540000
1.683287,8.033334,7.533333
1.683688,8.059999,7.593334
1.684089,8.059999,7.606667
1.684491,8.100000,7.666667
1.684892,8.120000,7.613333
1.685293,8.160000,7.686666
1.685695,8.179999,7.540000
1.686096,8.206666,7.600000
1.686497,8.220000,7.753333
1.686898,8.266666,7.780000
1.687299,8.286667,7.866666
1.687700,8.300000,7.860000
1.688103,8.326666,7.866666
1.688505,8.373333,7.906666
1.688906,8.379999,7.933333
1.689308,8.540000,7.906666
1.689709,8.466666,7.926667
1.690110,8.446666,7.866666
1.690511,8.486667,8.026667
1.690912,8.540000,8.033334
1.691314,8.540000,8.040000
1.691715,8.560000,8.046666
1.692116,8.586666,8.053332
1.692518,8.586666,8.106667
1.692919,8.626667,8.133333
1.693320,8.613334,8.146667
1.693721,8.693334,8.220000
1.694122,8.706666,8.206666
1.694524,8.760000,8.320000
1.694925,8.753333,8.240000
1.695326,8.780000,8.213333
1.695727,8.806666,8.333333
1.696128,8.833333,8.340000
1.696530,8.826667,8.326666
1.696931,8.880000,8.273334
1.697333,8.906666,8.486667
1.697734,8.880000,8.393332
1.698136,8.946667,8.446666
1.698538,9.053333,8.473333
1.698939,8.986667,8.493334
1.699341,9.020000,8.546666
1.699742,9.053333,8.533333
1.700143,9.059999,8.566667
1.700545,9.093333,8.566667
1.700946,9.120000,8.620000
1.701349,9.160000,8.626667
1.701750,9.166666,8.706666
1.702151,9.193333,8.666666
1.702552,9.220000,8.693334
1.702953,9.246666,8.706666
1.703356,9.280000,8.740000
1.703757,9.373333,8.700000
1.704158,9.320000,8.760000
1.704559,9.340000,8.800000
1.704960,9.346666,8.880000
1.705362,9.473333,8.913333
1.705763,9.493333,8.913333
1.706164,9.346666,9.020000
1.706565,9.480000,8.940000
1.706967,9.540000,9.006666
1.707368,9.513333,8.973332
1.707769,9.580000,9.000000
1.708170,9.613334,9.153334
1.708572,9.660000,9.066667
1.708973,9.633333,9.026667
1.709375,9.733334,9.093333
1.709776,9.706666,9.160000
1.710177,9.733334,9.153334
1.710578,9.780000,9.166666
1.710979,9.786667,9.206667
1.711381,9.780000,9.213333
1.711782,9.733334,9.260000
1.712183,9.813334,9.280000
1.712584,9.826666,9.266666
1.712987,9.906666,9.313333
1.713389,9.820000,9.313333
1.713790,9.973333,9.326667
1.714193,9.973333,9.346666
1.714594,10.059999,9.346666
1.714995,10.013333,9.446667
1.715396,10.053333,9.453333
1.715797,10.086666,9.526667
1.716199,10.133333,9.533333
1.716600,10.120000,9.559999
1.717001,10.153333,9.586666
1.717402,10.193334,9.613334
1.717803,10.219999,9.646667
1.718204,10.213333,9.666667
1.718605,10.286666,9.713333
1.719006,10.253333,9.646667
1.719408,10.346666,9.706666
1.719810,10.326667,9.706666
1.720211,10.353333,9.753333
1.720614,10.360000,9.786667
1.721016,10.400000,9.853333
1.721417,10.466667,9.946667
1.721818,10.480000,9.740000
1.722219,10.333333,9.880000
1.722620,10.526667,9.880000
1.723021,10.613333,10.053333
1.723423,10.520000,9.966666
1.723824,10.566667,9.980000
1.724226,10.726666,10.046666
1.724628,10.646667,10.020000
1.725029,10.666667,10.053333
1.725430,10.733334,10.059999
1.725832,10.713333,10.093333
1.726233,10.720000,10.106667
1.726635,10.740000,10.140000
1.727036,10.786667,10.253333
1.727437,10.820000,10.200000
1.727838,10.853333,10.219999
1.728239,10.793333,10.146667
1.728640,10.886666,10.313334
1.729041,10.860000,10.260000
1.729443,10.960000,10.193334
1.729844,10.993334,10.320000
1.730246,10.986667,10.353333
1.730647,11.073333,10.480000
1.731048,11.060000,10.419999
1.731450,11.066667,10.386666
1.731851,10.973333,10.466667
1.732252,11.106667,10.493333
1.732653,11.160000,10.500000
1.733054,11.173333,10.526667
1.733455,11.173333,10.540000
1.733856,11.193334,10.559999
1.734259,11.226666,10.613333
1.734660,11.219999,10.613333
1.735062,11.253333,10.639999
1.735464,11.339999,10.666667
1.735866,11.339999,10.706666
1.736268,11.360000,10.706666
1.736670,11.366667,10.686666
1.737071,11.553333,10.666667
1.737472,11.486667,10.773334
1.737875,11.493333,10.920000
1.738276,11.506666,10.840000
1.738677,11.486667,10.786667
1.739080,11.539999,10.806666
1.739482,11.559999,10.893332
1.739883,11.599999,10.966666
1.740284,11.539999,10.933333
1.740685,11.626666,10.986667
1.741088,11.686666,11.020000
1.741490,11.686666,11.033333
1.741891,11.673333,11.033333
1.742293,11.720000,11.099999
1.742694,11.746666,11.113334
1.743096,11.773334,11.113334
1.743497,11.820000,11.053333
1.743898,11.780000,11.146667
1.744299,11.860000,11.173333
1.744701,11.793333,11.240000
1.745102,11.893333,11.193334
1.745504,11.900000,11.213333
1.745905,11.946667,11.260000
1.746307,11.953333,11.253333
1.746709,12.006666,11.346666
1.747110,12.006666,11.366667
1.747511,12.026667,11.386666
1.747912,12.040000,11.440000
1.748314,12.213333,11.380000
1.748715,12.120000,11.440000
1.749116,12.146667,11.440000
1.749517,12.193333,11.480000
1.749918,12.206666,11.539999
1.750319,12.280000,11.539999
1.750721,12.246667,11.513333
1.751122,12.273333,11.573333
1.751524,12.333333,11.573333
1.751925,12.339999,11.573333
1.752326,12.346666,11.646667
1.752727,12.306666,11.660000
1.753128,12.406666,11.693333
1.753530,12.493333,11.793333
1.753932,12.466666,11.780000
1.754333,12.480000,11.766666
1.754734,12.513333,11.820000
1.755135,12.506667,11.786667
1.755536,12.593333,11.820000
1.755939,12.559999,11.893333
1.756340,12.599999,11.840000
1.756741,12.613333,11.920000
1.757144,12.666666,12.246667
1.757545,12.686666,11.940000
1.757946,12.686666,11.900000
1.758349,12.746666,11.999999
1.758751,12.753333,11.986667
1.759153,12.780000,12.046667
1.759555,12.793333,12.066666
1.759956,12.766666,11.999999
1.760357,12.840000,12.126666
1.760758,12.873333,12.193333
1.761159,12.886666,12.186666
1.761560,13.000000,12.246667
1.761961,12.940000,12.139999
1.762362,12.973333,12.246667
1.762763,13.026667,12.246667
1.763164,12.960000,12.339999
1.763565,13.033334,12.306666
1.763966,12.986666,12.339999
1.764368,13.213333,12.386666
1.764769,13.086667,12.346666
1.765170,13.133333,12.366667
1.765572,13.160000,12.420000
1.765973,13.146667,12.426666
1.766374,13.213333,12.466666
1.766775,13.473332,12.480000
1.767177,13.226666,12.506667
1.767578,13.286667,12.559999
1.767979,13.293333,12.506667
1.768381,13.300000,12.566667
1.768782,13.366667,12.593333
1.769183,13.379999,12.593333
1.769585,13.379999,12.646667
1.769986,13.400000,12.673333
1.770388,13.446666,12.433333
1.770789,13.466666,12.733333
1.771190,13.480000,12.780000
1.771591,13.526667,12.773334
1.771993,13.513332,12.820000
1.772395,13.586667,12.806666
1.772796,13.506666,12.860000
1.773198,13.599999,12.840000
1.773599,13.633333,12.873333
1.774002,13.660000,12.893333
1.774403,13.646666,12.886666
1.774804,13.713332,12.946667
1.775206,13.700000,12.940000
1.775608,13.733333,12.966667
1.776009,13.720000,13.206666
1.776411,13.793333,13.020000
1.776812,13.820000,13.040000
1.777214,13.873334,13.073333
1.777616,13.873334,13.113333
1.778017,13.846665,13.113333
1.778418,13.913332,13.160000
1.778821,13.893333,13.100000
1.779223,13.973332,13.139999
1.779625,13.986667,13.179999
1.780026,14.020000,13.206666
1.780428,13.740001,13.253333
1.780829,14.099999,13.286667
1.781231,14.093333,13.286667
1.781633,14.080000,13.313333
1.782034,14.106666,13.306666
1.782436,14.120000,13.320000
1.782837,14.160000,13.366667
1.783239,14.173332,13.386665
1.783640,14.206667,13.406666
1.784042,14.226666,13.393333
1.784443,14.259999,13.379999
1.784844,14.273334,13.466666
1.785245,14.299999,13.466666
1.785646,14.320000,13.413334
1.786049,14.373332,13.506666
1.786452,14.380000,13.539999
1.786853,14.386666,13.566667
1.787255,14.400001,13.586667
1.787656,14.446667,13.633333
1.788059,14.446667,13.646666
1.788461,14.439999,13.646666
1.788862,14.453333,13.693333
1.789263,14.520000,13.726666
1.789664,14.513333,13.700000
1.790065,14.553333,13.606666
1.790467,14.580000,13.773333
1.790868,14.586666,13.813334
1.791270,14.640000,13.806667
1.791671,14.626666,13.733333
1.792073,14.679999,13.860000
1.792474,14.699999,13.873334
1.792876,14.719999,13.893333
1.793277,14.719999,13.906666
1.793678,14.766665,13.926666
1.794081,14.773334,13.960000
1.794483,14.840000,13.966666
1.794886,14.846666,14.013333
1.795287,14.880000,14.026667
1.795689,14.820000,14.033333
1.796090,14.880000,14.066666
1.796491,14.913333,14.080000
1.796894,14.919999,14.113334
1.797296,15.006666,14.099999
1.797698,14.953333,14.080000
1.798099,15.013333,14.173332
1.798500,15.013333,14.173332
1.798902,15.073333,14.193333
1.799303,15.113333,14.219999
1.799704,15.119999,14.253333
1.800105,15.146667,14.266667
1.800506,15.153333,14.273334
1.800909,15.200000,14.320000
1.801310,15.213333,14.333334
1.801712,15.233334,14.333334
1.802113,15.246666,14.340000
1.802514,15.286666,14.393332
1.802915,15.300000,14.400001
1.803316,15.313333,14.453333
1.803718,15.346666,14.446667
1.804119,15.326667,14.453333
1.804520,15.426665,14.480000
1.804921,15.379999,14.446667
1.805323,15.406667,14.553333
1.805725,15.413333,14.540000
1.806127,15.460000,14.580000
1.806529,15.500000,14.600000
1.806930,15.540000,14.600000
1.807331,15.566667,14.613333
1.807733,15.546666,14.633332
1.808134,15.586667,14.659999
1.808535,15.579999,14.693333
1.808937,15.653334,14.726667
1.809338,15.679999,14.719999
1.809740,15.666666,14.780000
1.810141,15.686666,14.753333
1.810542,15.700000,14.800000
1.810943,15.720000,14.773334
1.811349,15.733333,15.133333
1.811752,15.806666,14.813333
1.812153,15.746666,14.873333
1.812554,15.780001,14.840000
1.812956,15.826667,14.953333
1.813357,15.873333,14.873333
1.813758,15.860000,14.953333
1.814159,15.886665,14.953333
1.814560,15.913334,14.953333
1.814961,15.913334,14.953333
1.815363,15.973332,14.953333
1.815764,16.046667,14.953333
1.816165,16.000000,15.073333
1.816566,16.039999,15.119999
1.816967,16.026667,15.139999
1.817369,16.053333,15.153333
1.817770,16.080000,15.153333
1.818173,16.053333,15.246666
1.818574,16.146666,15.219999
1.818975,16.186666,15.260000
1.819376,16.133333,15.226665
1.819777,16.213333,15.300000
1.820179,16.213333,15.273333
1.820581,16.240000,15.326667
1.820982,16.393333,15.340000
1.821383,16.313334,15.346666
1.821784,16.273333,15.326667
1.822185,16.340000,15.373333
1.822586,16.306667,15.393333
1.822987,16.359999,15.393333
1.823389,16.320000,15.406667
1.823791,16.413332,15.460000
1.824192,16.406666,15.433333
1.824593,16.420000,15.393333
1.824994,16.453333,15.520000
1.825395,16.453333,15.520000
1.825796,16.480000,15.566667
1.826198,16.486666,15.573333
1.826599,16.513332,15.573333
1.827000,16.613333,15.586667
1.827402,16.493332,15.553332
1.827803,16.539999,15.639999
1.828204,16.619999,15.660000
1.828605,16.633331,15.579999
1.829006,16.639999,15.679999
1.829408,16.666666,15.720000
1.829809,16.686666,15.740000
1.830210,16.719999,15.733333
1.830612,16.740000,15.760000
1.831013,16.773333,15.853333
1.831415,16.753332,15.753332
1.831817,16.766666,15.786667
1.832219,16.786665,15.806666
1.832621,16.793333,15.846667
1.833022,16.813334,15.886665
1.833424,16.833334,15.886665
1.833825,16.860001,15.913334
1.834227,16.846666,15.920000
1.834629,16.893332,15.913334
1.835030,16.900000,15.946666
1.835431,16.906666,15.980000
1.835832,16.906666,15.993333
1.836233,16.926666,16.080000
1.836634,16.953333,16.086666
1.837035,16.946667,16.086666
1.837436,16.973333,16.099998
1.837837,16.926666,16.073334
1.838239,17.019999,16.099998
1.838640,17.159998,16.146666
1.839041,17.093332,16.126665
1.839444,17.100000,16.099998
1.839846,16.973333,16.160000
1.840247,17.139999,16.180000
1.840649,17.113333,16.219999
1.841050,17.133333,16.219999
1.841451,17.166666,16.253332
1.841852,17.159998,16.279999
1.842253,17.179998,16.286667
1.842655,17.206667,16.306667
1.843056,17.199999,16.286667
1.843457,17.199999,16.306667
1.843859,17.206667,16.326666
1.844260,17.213333,16.313334
1.844661,17.266666,16.366665
1.845062,17.299999,16.353333
1.845464,17.306665,16.433332
1.845865,17.320000,16.273333
1.846266,17.380001,16.453333
1.846667,17.213333,16.433332
1.847068,17.360001,16.480000
1.847469,17.333332,16.486666
1.847870,17.486666,16.473333
1.848271,17.506666,16.386665
1.848672,17.326666,16.553333
1.849073,17.439999,16.559999
1.849475,17.439999,16.613333
1.849877,17.473333,16.619999
1.850278,17.480000,16.619999
1.850680,17.473333,16.619999
1.851081,17.546665,16.786665
1.851483,17.513334,16.639999
1.851885,17.526667,16.653332
1.852286,17.619999,16.700001
1.852687,17.613333,16.726667
1.853088,17.566666,16.766666
1.853490,17.633333,16.786665
1.853891,17.619999,16.733334
1.854292,17.673332,16.733334
1.854693,17.706665,16.786665
1.855095,17.679998,16.786665
1.855497,17.679998,16.759998
1.855899,17.713333,16.826666
1.856300,17.673332,16.806665
1.856701,17.740000,16.793333
1.857103,17.740000,16.846666
1.857504,17.760000,16.860001
1.857905,17.773333,16.853334
1.858306,17.773333,16.866667
1.858707,17.799999,16.886665
1.859108,17.826666,16.913332
1.859509,17.793333,16.920000
1.859911,17.840000,16.939999
1.860313,17.846666,16.926666
1.860714,17.886667,16.946667
1.861115,17.873333,16.959999
1.861517,17.920000,17.039999
1.861918,17.913334,16.966667
1.862319,17.939999,16.993334
1.862721,17.906668,16.939999
1.863122,17.959999,17.026665
1.863523,17.986666,17.026665
1.863924,18.079998,17.053333
1.864326,17.993332,17.059999
1.864727,18.059999,17.059999
1.865128,17.980000,17.093332
1.865530,18.000000,17.126667
1.865931,18.040001,17.093332
1.866333,18.059999,17.139999
1.866735,18.046667,17.166666
1.867136,18.086666,17.159998
1.867537,18.099998,17.126667
1.867938,18.160000,17.153332
1.868340,18.133333,17.186666
1.868742,18.193333,17.213333
1.869143,18.173334,17.186666
1.869544,18.199999,17.193333
1.869945,18.160000,17.393333
1.870349,18.186666,17.253334
1.870750,18.199999,17.233334
1.871151,18.180000,17.260000
1.871554,18.226665,17.286665
1.871956,18.339998,17.326666
1.872357,18.253332,17.366667
1.872758,18.273333,17.306665
1.873159,18.299999,17.346666
1.873561,18.233332,17.366667
1.873963,18.286667,17.366667
1.874364,18.173334,17.346666
1.874765,18.353333,17.346666
1.875166,18.339998,17.360001
1.875568,18.379999,17.473333
1.875970,18.459999,17.393333
1.876371,18.359999,17.639999
1.876772,18.400000,17.333332
1.877174,18.413334,17.433332
1.877576,18.313334,17.473333
1.877977,18.459999,17.466665
1.878378,18.466665,17.486666
1.878780,18.453333,17.486666
1.879181,18.466665,17.500000
1.879584,18.500000,17.486666
1.879985,18.520000,17.520000
1.880387,18.506666,17.513334
1.880788,18.506666,17.526667
1.881189,18.553333,17.600000
1.881591,18.513332,17.586666
1.881993,18.546667,17.606667
1.882395,18.573334,17.633333
1.882796,18.586666,17.613333
1.883197,18.580000,17.626667
1.883599,18.599998,17.673332
1.884000,18.566668,17.653334
1.884402,18.599998,17.639999
1.884803,18.606665,17.679998
1.885204,18.599998,17.653334
1.885605,18.673334,17.699999
1.886006,18.633333,17.733334
1.886408,18.646666,17.666666
1.886809,18.686666,17.699999
1.887211,18.673334,17.746666
1.887616,18.719999,17.746666
1.888017,18.713333,17.766666
1.888418,18.719999,17.733334
1.888819,18.726665,17.773333
1.889220,18.759998,17.793333
1.889622,18.753332,17.746666
1.890023,18.773333,17.806665
1.890424,18.773333,17.786667
1.890826,18.766666,17.833332
1.891228,18.786667,17.813332
1.891630,18.793333,17.826666
1.892031,18.826666,17.973333
1.892432,18.813334,17.866667
1.892833,18.853333,17.873333
1.893235,18.846666,17.873333
1.893636,18.853333,17.886667
1.894037,18.859999,17.886667
1.894438,18.873333,17.893333
1.894839,18.813334,17.853333
1.895240,18.900000,17.920000
1.895641,18.920000,17.893333
1.896043,18.906666,17.939999
1.896444,18.960001,17.953333
1.896845,18.893333,17.913334
1.897246,18.953333,17.893333
1.897648,18.993332,17.793333
1.898049,18.966667,17.973333
1.898450,19.039999,17.980000
1.898851,18.973333,18.013332
1.899252,19.006666,18.020000
1.899653,18.999998,18.020000
1.900054,19.006666,18.020000
1.900455,19.006666,18.020000
1.900856,19.026667,18.066666
1.901257,19.039999,18.026667
1.901659,19.059999,18.059999
1.902061,19.006666,18.059999
1.902463,19.093334,18.046667
1.902864,19.093334,18.293333
1.903265,19.153332,18.106667
1.903666,19.086666,18.106667
1.904068,19.146666,18.126667
1.904469,19.113333,18.126667
1.904870,19.093334,18.139999
1.905271,19.119999,18.146666
1.905672,19.173332,18.126667
1.906073,19.173332,18.146666
1.906475,19.173332,18.160000
1.906876,19.113333,18.233332
1.907277,19.173332,18.166666
1.907678,19.186666,18.199999
1.908079,19.213333,18.166666
1.908481,19.200001,18.206665
1.908882,19.226667,18.240000
1.909283,19.226667,18.206665
1.909685,19.253332,18.226665
1.910086,19.233334,18.233332
1.910488,19.219999,18.166666
1.910890,19.340000,18.240000
1.911292,19.240000,18.233332
1.911693,19.333334,18.266666
1.912094,19.293333,18.273333
1.912496,19.299999,18.280001
1.912898,19.279999,18.393333
1.913299,19.293333,18.293333
1.913701,19.333334,18.246666
1.914102,19.320000,18.293333
1.914504,19.299999,18.306667
1.914905,19.386665,18.286667
1.915307,19.333334,18.299999
1.915709,19.340000,18.333332
1.916111,19.353334,18.333332
1.916513,19.393332,18.339998
1.916914,19.320000,18.339998
1.917315,19.379999,18.366667
1.917717,19.386665,18.379999
1.918118,19.393332,18.359999
1.918519,19.386665,18.393333
1.918921,19.360001,18.379999
1.919322,19.546665,18.346666
1.919724,19.373333,18.373333
1.920126,19.420000,18.400000
1.920528,19.413332,18.393333
1.920929,19.433332,18.400000
1.921330,19.473333,18.426666
1.921732,19.433332,18.406666
1.922134,19.413332,18.440001
1.922536,19.519999,18.446667
1.922938,19.373333,18.459999
1.923340,19.453333,18.400000
1.923742,19.473333,18.473331
1.924144,19.473333,18.486666
1.924545,19.473333,18.440001
1.924946,19.506666,18.473331
1.925349,19.480000,18.466665
1.925751,19.506666,18.440001
1.926153,19.533333,18.486666
1.926554,19.506666,18.520000
1.926956,19.533333,18.506666
1.927357,19.580000,18.446667
1.927759,19.573334,18.533333
1.928160,19.493334,18.513332
1.928561,19.626667,18.526667
1.928962,19.566666,18.513332
1.929363,19.553333,18.526667
1.929764,19.580000,18.533333
1.930165,19.526665,18.626665
1.930567,19.580000,18.526667
1.930969,19.639999,18.546667
1.931371,19.586666,18.566668
1.931773,19.606667,18.580000
1.932174,19.620001,18.559999
1.932576,19.653332,18.580000
1.932977,19.613333,18.580000
1.933378,19.613333,18.586666
1.933780,19.646666,18.593332
1.934181,19.633333,18.580000
1.934582,19.633333,18.586666
1.934983,19.633333,18.599998
1.935384,19.659998,18.606665
1.935785,19.633333,18.559999
1.936186,19.646666,18.593332
1.936587,19.653332,18.580000
1.936988,19.673332,18.606665
1.937390,19.666666,18.646666
1.937791,19.673332,18.613333
1.938192,19.673332,18.580000
1.938593,19.653332,18.613333
1.938994,19.726667,18.646666
1.939396,19.673332,18.606665
1.939797,19.693333,18.553333
1.940198,19.679998,18.593332
1.940599,19.740000,18.646666
1.941000,19.699999,18.693333
1.941402,19.733334,18.646666
1.941803,19.693333,18.660000
1.942204,19.706667,18.660000
1.942605,19.726667,18.673334
1.943006,19.726667,18.666666
1.943408,19.733334,18.660000
1.943809,19.740000,18.673334
1.944210,19.793333,18.673334
1.944615,19.740000,18.719999
1.945016,19.766666,18.713333
1.945417,19.766666,18.673334
1.945819,19.719999,18.673334
1.946220,19.753334,18.686666
1.946621,19.726667,18.686666
1.947022,19.779999,18.726665
1.947423,19.799999,18.626665
1.947825,19.866667,18.686666
1.948226,19.779999,18.700001
1.948628,19.786665,18.713333
1.949029,19.773333,18.713333
1.949430,19.773333,18.706667
1.949831,19.799999,18.719999
1.950233,19.786665,18.733332
1.950634,19.806665,18.713333
1.951036,19.826666,18.713333
1.951437,19.820000,18.733332
1.951839,19.746666,18.740000
1.952240,19.746666,18.753332
1.952642,19.840000,18.746666
1.953044,19.813332,18.759998
1.953445,19.786665,18.753332
1.953846,19.820000,18.766666
1.954247,19.793333,18.740000
1.954648,19.813332,18.766666
1.955050,19.820000,18.759998
1.955451,19.813332,18.726665
1.955852,19.786665,18.706667
1.956253,19.833332,18.693333
1.956654,19.826666,18.766666
1.957055,19.833332,18.759998
1.957456,19.820000,18.753332
1.957857,19.840000,18.726665
1.958258,19.820000,18.753332
1.958660,19.826666,18.746666
1.959061,19.840000,18.753332
1.959463,19.820000,18.719999
1.959865,19.799999,18.759998
1.960266,19.826666,18.759998
1.960667,19.860001,18.766666
1.961069,19.806665,18.873333
1.961471,19.840000,18.779999
1.961872,19.760000,18.653334
1.962273,19.840000,18.753332
1.962675,19.853333,18.779999
1.963076,19.966665,18.773333
1.963477,19.773333,18.799999
1.963878,19.873333,18.766666
1.964279,19.779999,18.833334
1.964680,19.793333,18.759998
1.965081,19.866667,18.759998
1.965483,19.846666,18.766666
1.965884,19.826666,18.766666
1.966285,19.846666,18.753332
1.966686,19.860001,18.733332
1.967088,19.833332,18.719999
1.967489,19.793333,18.713333
1.967891,19.833332,18.766666
1.968292,19.820000,18.766666
1.968693,19.840000,18.779999
1.969094,19.840000,18.779999
1.969496,19.806665,18.840000
1.969897,19.833332,18.746666
1.970298,19.880001,18.766666
1.970700,19.820000,18.833334
1.971101,19.799999,18.766666
1.971502,19.799999,18.759998
1.971903,19.939999,18.766666
1.972304,19.813332,18.766666
1.972705,19.860001,18.759998
1.973106,19.840000,18.673334
1.973507,19.833332,18.766666
1.973909,19.840000,18.733332
1.974310,19.813332,18.766666
1.974711,19.806665,18.753332
1.975112,19.833332,18.746666
1.975513,19.820000,18.673334
1.975914,19.833332,18.766666
1.976315,19.833332,18.766666
1.976717,19.826666,18.759998
1.977119,19.799999,18.779999
1.977521,19.820000,18.826666
1.977924,19.813332,18.673334
1.978326,19.826666,18.753332
1.978728,19.773333,18.759998
1.979130,19.813332,18.766666
1.979531,19.846666,18.786667
1.979932,19.806665,18.759998
1.980333,19.873333,18.686666
1.980734,19.786665,18.660000
1.981135,19.913332,18.766666
1.981537,19.766666,18.740000
1.981938,19.666666,18.726665
1.982339,19.793333,18.726665
1.982740,19.846666,18.733332
1.983141,19.793333,18.719999
1.983543,19.779999,18.700001
1.983944,19.760000,18.759998
1.984349,19.753334,18.726665
1.984750,19.820000,18.713333
1.985152,19.793333,18.746666
1.985553,19.799999,18.719999
1.985954,19.799999,18.653334
1.986355,19.733334,18.706667
1.986756,19.740000,18.806667
1.987158,19.740000,18.693333
1.987559,19.779999,18.666666
1.987960,19.753334,18.639999
1.988362,19.799999,18.706667
1.988764,19.820000,18.686666
1.989165,19.673332,18.686666
1.989567,19.779999,18.713333
1.989968,19.760000,18.746666
1.990369,19.713333,18.673334
1.990770,19.733334,18.706667
1.991171,19.733334,18.786667
1.991572,19.699999,18.653334
1.991973,19.726667,18.580000
1.992375,19.719999,18.666666
1.992776,19.719999,18.660000
1.993177,19.686666,18.646666
1.993578,19.726667,18.666666
1.993979,19.719999,18.646666
1.994381,19.733334,18.633333
1.994782,19.699999,18.653334
1.995183,19.740000,18.626665
1.995585,19.693333,18.646666
1.995986,19.693333,18.633333
1.996388,19.693333,18.646666
1.996790,19.740000,18.613333
1.997191,19.699999,18.606665
1.997592,19.646666,18.646666
1.997993,19.693333,18.586666
1.998395,19.646666,18.586666
1.998797,19.646666,18.599998
1.999199,19.653332,18.606665
1.999600,19.666666,18.639999
2.000001,19.633333,18.586666
2.000403,19.633333,18.599998
2.000804,19.639999,18.599998
2.001205,19.626667,18.573334
2.001606,19.646666,18.586666
2.002007,19.613333,18.580000
2.002409,19.613333,18.566668
2.002812,19.620001,18.539999
2.003213,19.600000,18.473331
2.003615,19.593332,18.553333
2.004016,19.613333,18.539999
2.004417,19.600000,18.559999
2.004818,19.573334,18.539999
2.005219,19.580000,18.526667
2.005620,19.513332,18.480000
2.006022,19.573334,18.526667
2.006423,19.600000,18.513332
2.006824,19.573334,18.553333
