0.000000,16.446667,15.493332
0.000402,16.379999,15.473333
0.000803,16.386665,15.433333
0.001204,16.393333,15.426665
0.001605,16.313334,15.433333
0.002008,16.286667,15.393333
0.002410,16.286667,15.393333
0.002811,16.259998,15.359999
0.003212,16.273333,15.320001
0.003613,16.240000,15.306666
0.004014,16.226665,15.379999
0.004416,16.180000,15.400000
0.004817,16.173334,15.273333
0.005219,16.146666,15.240000
0.005620,16.173334,15.246666
0.006023,16.093332,15.219999
0.006424,16.093332,15.193334
0.006825,16.086666,15.106667
0.007226,16.059999,15.166667
0.007628,16.080000,15.133333
0.008030,15.980000,15.113333
0.008431,16.033333,15.073333
0.008832,15.960000,14.953333
0.009234,15.900000,15.093332
0.009635,15.913334,14.953333
0.010036,15.913334,14.953333
0.010438,15.893333,14.933333
0.010841,15.846667,14.953333
0.011244,15.839999,14.953333
0.011645,15.826667,14.906667
0.012047,15.813333,14.886666
0.012449,15.766666,14.873333
0.012850,15.746666,14.813333
0.013252,15.746666,14.840000
0.013654,15.740000,14.860001
0.014055,15.693334,14.766665
0.014456,15.613333,14.766665
0.014857,15.633333,14.753333
0.015258,15.606667,14.506667
0.015660,15.606667,14.686666
0.016062,15.586667,14.726667
0.016463,15.520000,14.526666
0.016864,15.540000,14.593332
0.017266,15.540000,14.953333
0.017668,15.533333,14.600000
0.018069,15.373333,14.580000
0.018470,15.440000,14.540000
0.018871,15.493332,14.540000
0.019273,15.406667,14.546666
0.019674,15.379999,14.513333
0.020075,15.373333,14.520000
0.020478,15.353333,14.486667
0.020879,15.353333,14.486667
0.021280,15.326667,14.446667
0.021681,15.293332,14.406667
0.022083,15.273333,14.413333
0.022484,15.226665,14.380000
0.022886,15.206666,14.366666
0.023287,15.226665,14.320000
0.023688,15.146667,14.386666
0.024089,15.113333,14.286666
0.024491,15.113333,14.266667
0.024892,15.119999,14.253333
0.025293,15.113333,14.200001
0.025695,15.253334,14.206667
0.026096,15.126667,14.166666
0.026498,15.026666,14.233333
0.026901,14.953333,14.153333
0.027302,14.933333,14.113334
0.027703,14.906667,14.093333
0.028104,14.906667,14.073334
0.028505,14.899999,14.080000
0.028906,14.860001,14.020000
0.029308,14.833332,14.020000
0.029709,14.813333,13.999999
0.030111,14.806666,13.993333
0.030513,14.800000,13.960000
0.030914,14.753333,13.913332
0.031315,14.753333,13.993333
0.031716,14.706667,13.886666
0.032119,14.659999,13.880000
0.032520,14.620000,13.873334
0.032921,14.866667,13.833333
0.033322,14.606667,13.813334
0.033724,14.580000,13.759999
0.034125,14.546666,13.746667
0.034526,14.513333,13.746667
0.034927,14.486667,13.806667
0.035328,14.420000,13.706666
0.035730,14.486667,13.686666
0.036131,14.259999,13.646666
0.036532,14.393332,13.386665
0.036933,14.413333,13.646666
0.037334,14.400001,13.546667
0.037736,14.353333,13.620000
0.038137,14.346666,13.586667
0.038538,14.333334,13.539999
0.038939,14.299999,13.566667
0.039340,14.293333,13.500000
0.039741,14.233333,13.413334
0.040142,14.253333,13.440000
0.040544,14.186666,13.440000
0.040947,14.213333,13.346667
0.041348,14.153333,13.400000
0.041749,14.153333,13.379999
0.042150,14.099999,13.406666
0.042552,14.120000,13.386665
0.042953,14.066666,13.293333
0.043355,14.066666,13.293333
0.043756,14.053333,13.280000
0.044158,13.973332,13.266666
0.044559,13.979999,13.240000
0.044960,13.960000,13.213333
0.045362,13.913332,13.120000
0.045763,13.913332,13.160000
0.046164,13.900000,13.120000
0.046565,13.860000,13.100000
0.046967,13.839999,13.073333
0.047368,13.820000,13.100000
0.047769,13.839999,13.006666
0.048171,13.793333,13.006666
0.048572,13.720000,13.006666
0.048973,13.720000,12.980000
0.049376,13.720000,12.960000
0.049777,13.700000,12.940000
0.050178,13.613334,12.913333
0.050580,13.646666,12.860000
0.050981,13.486667,12.860000
0.051382,13.520000,12.873333
0.051783,13.533333,12.826667
0.052186,13.513332,12.786666
0.052587,13.520000,12.766666
0.052990,13.480000,12.766666
0.053391,13.480000,12.766666
0.053792,13.426666,12.719999
0.054194,13.433333,12.693334
0.054596,13.513332,12.653333
0.054997,13.379999,12.646667
0.055398,13.353333,12.620000
0.055800,13.293333,12.593333
0.056201,13.300000,12.586666
0.056603,13.226666,12.533333
0.057005,13.253333,12.559999
0.057406,13.226666,12.540000
0.057807,13.259999,12.493333
0.058208,13.193333,12.473333
0.058610,13.093333,12.459999
0.059011,13.186666,12.426666
0.059412,13.120000,12.386666
0.059814,13.093333,12.386666
0.060215,13.053332,12.339999
0.060616,13.026667,12.393332
0.061017,13.026667,12.333333
0.061418,12.993333,12.313334
0.061819,12.919999,12.259999
0.062221,12.946667,12.280000
0.062622,12.853333,12.233334
0.063023,12.886666,12.240000
0.063424,12.860000,12.153333
0.063825,12.846666,12.153333
0.064227,12.866666,12.120000
0.064628,12.793333,12.073333
0.065031,12.780000,12.073333
0.065432,12.706667,12.040000
0.065833,12.773334,11.993333
0.066234,12.726666,11.986667
0.066635,12.693334,11.953333
0.067036,12.626667,11.953333
0.067437,12.599999,11.893333
0.067838,12.620000,11.966666
0.068239,12.586666,11.906667
0.068641,12.566667,11.879999
0.069042,12.559999,11.846666
0.069443,12.526666,11.820000
0.069844,12.480000,11.993333
0.070245,12.473333,11.793333
0.070647,12.533333,11.720000
0.071048,12.433333,11.726666
0.071449,12.393332,11.700000
0.071850,12.353333,11.693333
0.072252,12.386666,11.633333
0.072654,12.360000,11.633333
0.073055,12.300000,11.559999
0.073456,12.486667,11.559999
0.073857,12.259999,11.539999
0.074259,12.200000,11.580000
0.074660,12.200000,11.493333
0.075062,12.173333,11.473332
0.075463,12.126666,11.506666
0.075864,12.160000,11.539999
0.076265,12.040000,11.460000
0.076666,12.046667,11.393333
0.077068,11.980000,11.453334
0.077469,12.013333,11.346666
0.077872,11.900000,11.333333
0.078273,11.913333,11.266666
0.078674,11.920000,11.300000
0.079075,11.920000,11.219999
0.079477,11.893333,11.246667
0.079878,11.820000,11.206666
0.080280,11.813333,11.193334
0.080682,11.799999,11.146667
0.081084,11.766666,11.153333
0.081486,11.700000,11.113334
0.081887,11.746666,11.099999
0.082288,11.726666,11.020000
0.082690,11.660000,11.020000
0.083092,11.646667,11.206666
0.083494,11.660000,11.006666
0.083895,11.620000,10.960000
0.084296,11.586667,10.966666
0.084697,11.539999,11.020000
0.085098,11.539999,10.913333
0.085500,11.526667,10.900000
0.085901,11.486667,10.846666
0.086302,11.473332,10.840000
0.086704,11.426666,10.833333
0.087105,11.426666,10.813333
0.087507,11.400000,10.679999
0.087908,11.346666,10.773334
0.088310,11.313334,10.740000
0.088712,11.306666,10.720000
0.089114,11.313334,10.653334
0.089516,11.273333,10.606667
0.089917,11.240000,10.620000
0.090319,11.246667,10.586667
0.090720,11.173333,10.566667
0.091122,11.139999,10.506666
0.091524,11.139999,10.533334
0.091925,11.126667,10.493333
0.092326,11.000000,10.440000
0.092728,11.033333,10.480000
0.093129,11.066667,10.386666
0.093531,11.006666,10.413333
0.093932,11.013332,10.406667
0.094333,10.946666,10.353333
0.094734,10.953333,10.333333
0.095135,10.920000,10.313334
0.095537,10.873333,10.286666
0.095940,10.840000,10.406667
0.096341,10.846666,10.280000
0.096742,10.853333,10.233333
0.097143,10.800000,10.326667
0.097544,10.726666,10.193334
0.097945,10.726666,10.146667
0.098346,10.700000,10.140000
0.098748,10.700000,10.086666
0.099150,10.639999,10.206667
0.099551,10.633333,10.133333
0.099952,10.546666,10.073334
0.100353,10.553332,10.000000
0.100754,10.526667,10.073334
0.101156,10.493333,9.933333
0.101558,10.419999,9.966666
0.101959,10.446667,9.900000
0.102361,10.460000,9.893332
0.102762,10.380000,9.866667
0.103165,10.400000,9.833333
0.103566,10.400000,10.053333
0.103968,10.380000,9.800000
0.104369,10.333333,9.786667
0.104770,10.340000,9.740000
0.105172,10.293333,9.740000
0.105573,10.266666,9.693333
0.105976,10.226666,9.693333
0.106377,10.200000,9.613334
0.106780,10.213333,9.620000
0.107181,10.146667,9.633333
0.107583,10.133333,9.613334
0.107984,10.120000,9.600000
0.108386,10.093333,9.526667
0.108789,9.966666,9.600000
0.109190,10.106667,9.493333
0.109591,10.006667,9.346666
0.109992,9.980000,9.346666
0.110394,9.946667,9.346666
0.110795,9.900000,9.346666
0.111196,9.926666,9.346666
0.111597,9.900000,9.333333
0.111998,9.906666,9.313333
0.112399,9.860000,9.273334
0.112801,9.813334,9.260000
0.113202,9.813334,9.233333
0.113603,9.759999,9.206667
0.114004,9.719999,9.173333
0.114405,9.719999,9.080000
0.114806,9.700000,9.160000
0.115208,9.653333,9.093333
0.115610,9.639999,9.093333
0.116011,9.660000,9.039999
0.116412,9.606667,9.020000
0.116815,9.600000,9.006666
0.117216,9.540000,8.986667
0.117618,9.440000,8.993333
0.118020,9.639999,8.853333
0.118422,9.526667,8.900000
0.118823,9.446667,8.886666
0.119224,9.393333,8.886666
0.119630,9.340000,8.853333
0.120031,9.340000,8.820000
0.120432,9.299999,8.826667
0.120835,9.286667,8.813334
0.121236,9.293333,8.766666
0.121637,9.273334,8.740000
0.122038,9.193333,8.726666
0.122440,9.166666,8.793333
0.122842,9.146667,8.646667
0.123244,9.126666,8.660000
0.123645,9.080000,8.680000
0.124046,9.086667,8.579999
0.124448,9.093333,8.599999
0.124849,8.986667,8.533333
0.125251,9.006666,8.393332
0.125653,9.059999,8.546666
0.126054,9.006666,8.486667
0.126456,9.026667,8.460000
0.126857,8.880000,8.466666
0.127260,8.880000,8.393332
0.127661,8.886666,8.373333
0.128064,8.833333,8.346666
0.128465,8.813334,8.426667
0.128868,8.820000,8.320000
0.129269,8.719999,8.286667
0.129670,8.780000,8.259999
0.130072,8.760000,8.213333
0.130475,8.760000,8.186666
0.130877,8.673333,8.206666
0.131279,8.666666,8.146667
0.131680,8.633333,8.133333
0.132081,8.653333,8.120000
0.132482,8.560000,8.066667
0.132883,8.500000,8.066667
0.133284,8.526667,8.040000
0.133685,8.486667,8.040000
0.134087,8.473333,7.940000
0.134488,8.466666,7.940000
0.134889,8.406667,7.966667
0.135290,8.400000,8.040000
0.135692,8.446666,7.900000
0.136093,8.360000,7.853333
0.136495,8.326666,7.873333
0.136896,8.253333,7.840000
0.137298,8.233334,7.813334
0.137699,8.226666,7.773333
0.138100,8.206666,7.773333
0.138502,8.213333,7.740000
0.138903,8.139999,7.706666
0.139304,8.139999,7.666667
0.139705,8.120000,7.660000
0.140106,8.113333,7.660000
0.140508,8.073333,7.640000
0.140910,8.046666,7.553333
0.141311,8.026667,7.546666
0.141712,8.013333,7.526666
0.142113,8.013333,7.533333
0.142515,7.973333,7.486667
0.142916,7.846667,7.466667
0.143317,8.000000,7.473333
0.143719,7.893333,7.460000
0.144120,7.846667,7.373333
0.144522,7.826667,7.353333
0.144924,7.720000,7.320000
0.145326,7.780000,7.353333
0.145728,7.786666,7.340000
0.146131,7.706666,7.300000
0.146532,7.686666,7.266667
0.146935,7.693334,7.273333
0.147336,7.626667,7.100000
0.147738,7.626667,7.173333
0.148139,7.573333,7.226666
0.148540,7.573333,7.166667
0.148942,7.573333,7.153333
0.149344,7.513333,7.080000
0.149745,7.593334,7.086666
0.150147,7.513333,7.060000
0.150549,7.253334,6.986666
0.150950,7.393333,7.026667
0.151351,7.473333,6.993333
0.151753,7.326666,6.993333
0.152155,7.353333,6.986666
0.152557,7.340000,6.953333
0.152958,7.333333,6.893333
0.153362,7.260000,6.866666
0.153764,7.273333,6.886666
0.154166,7.240000,6.833333
0.154567,7.206666,6.873333
0.154968,7.186666,6.806667
0.155369,7.166667,6.800000
0.155770,7.160000,6.760000
0.156171,7.119999,6.740000
0.156573,7.133334,6.640000
0.156974,7.080000,6.693333
0.157375,7.020000,6.653333
0.157776,7.020000,6.626667
0.158177,6.966666,6.600000
0.158579,6.986666,6.546667
0.158981,6.920000,6.546667
0.159382,6.966666,6.473333
0.159783,6.900000,6.440000
0.160184,6.880000,6.466667
0.160585,6.786666,6.480000
0.160987,6.826667,6.426666
0.161388,6.813333,6.406667
0.161789,6.700000,6.386667
0.162190,6.800000,6.106667
0.162591,6.760000,6.546667
0.162993,6.693333,6.286667
0.163395,6.686666,6.300000
0.163796,6.653333,6.260000
0.164198,6.646667,6.266666
0.164599,6.633333,6.226666
0.165001,6.613333,6.206666
0.165403,6.520000,6.113333
0.165804,6.513333,6.153333
0.166207,6.486667,6.133333
0.166609,6.373333,6.120000
0.167010,6.453333,6.113333
0.167411,6.446667,6.086667
0.167812,6.433333,6.046667
0.168213,6.433333,6.026667
0.168614,6.346667,6.040000
0.169015,6.346667,5.980000
0.169416,6.293333,6.006667
0.169817,6.286667,5.973333
0.170219,6.180000,6.133333
0.170620,6.033333,5.913333
0.171022,6.133333,5.853333
0.171423,6.206666,5.873333
0.171824,6.173333,5.853333
0.172225,6.153333,5.900000
0.172626,6.126667,5.853333
0.173028,6.113333,5.760000
0.173429,6.100000,5.700000
0.173830,6.060000,5.740000
0.174231,6.053333,5.686666
0.174632,6.006667,5.693333
0.175033,5.966666,5.673333
0.175435,5.953333,5.626667
0.175836,5.993333,5.626667
0.176237,5.906666,5.539999
0.176639,5.926667,5.539999
0.177040,5.860000,5.593333
0.177442,5.860000,5.560000
0.177843,5.840000,5.500000
0.178245,5.813333,5.500000
0.178647,5.793334,5.453333
0.179048,5.806666,5.440000
0.179449,5.833333,5.426667
0.179852,5.720000,5.413333
0.180253,5.666667,5.353333
0.180655,5.660000,5.353333
0.181056,5.620000,5.333333
0.181457,5.600000,5.313333
0.181858,5.566667,5.413333
0.182259,5.586667,5.293334
0.182660,5.573333,5.273333
0.183061,5.553333,5.233334
0.183464,5.520000,5.146667
0.183865,5.486667,5.140000
0.184266,5.413333,5.120000
0.184667,5.466667,5.120000
0.185068,5.386667,5.153333
0.185470,5.420000,5.153333
0.185871,5.386667,5.073333
0.186272,5.400000,5.066667
0.186673,5.333333,5.060000
0.187074,5.333333,5.046667
0.187476,5.313333,4.993333
0.187877,5.286666,4.993333
0.188279,5.286666,4.973333
0.188681,5.280000,4.960000
0.189082,5.213333,4.913333
0.189484,5.206666,4.986667
0.189885,5.193333,4.766666
0.190287,5.160000,4.960000
0.190689,5.146667,4.886666
0.191090,5.120000,4.840000
0.191491,5.080000,4.853333
0.191893,5.060000,5.060000
0.192295,5.000000,4.766666
0.192696,4.933333,4.740000
0.193099,4.986667,4.746666
0.193500,4.980000,4.700000
0.193902,4.906667,4.700000
0.194303,4.940000,4.680000
0.194704,4.906667,4.653333
0.195107,4.926667,4.613333
0.195508,4.806667,4.566667
0.195911,4.860000,4.540000
0.196313,4.846666,4.533333
0.196715,4.853333,4.573333
0.197116,4.800000,4.540000
0.197517,4.813333,4.460000
0.197918,4.846666,4.480000
0.198319,4.713333,4.480000
0.198720,4.706666,4.360000
0.199122,4.686666,4.353333
0.199524,4.646667,4.420000
0.199925,4.646667,4.386666
0.200327,4.633333,4.353333
0.200728,4.613333,4.280000
0.201129,4.580000,4.326666
0.201531,4.606667,4.306667
0.201933,4.500000,4.300000
0.202334,4.520000,4.233333
0.202736,4.513333,4.233333
0.203137,4.500000,4.266666
0.203538,4.440000,4.186666
0.203939,4.446667,4.186666
0.204341,4.380000,4.153333
0.204742,4.353333,4.106667
0.205144,4.346667,4.140000
0.205546,4.393333,4.120000
0.205947,4.326666,4.093333
0.206349,4.340000,4.100000
0.206751,4.266666,4.073333
0.207154,4.253333,4.046667
0.207556,4.253333,4.020000
0.207958,4.253333,4.020000
0.208362,4.220000,4.073333
0.208763,4.206666,3.926666
0.209166,4.193333,4.000000
0.209568,4.153333,3.926666
0.209969,4.160000,3.873333
0.210370,4.146667,3.993333
0.210771,4.106667,3.860000
0.211172,4.086667,3.886667
0.211574,4.053333,3.833333
0.211975,4.046667,3.833333
0.212376,4.033333,3.840000
0.212777,4.006667,3.746666
0.213178,4.000000,3.746666
0.213579,3.940000,3.693333
0.213981,3.973333,3.700000
0.214382,3.973333,3.693333
0.214783,3.920000,3.660000
0.215184,3.820000,3.633333
0.215585,3.880000,3.580000
0.215987,3.833333,3.593333
0.216389,3.826667,3.593333
0.216790,3.826667,3.560000
0.217191,3.740000,3.520000
0.217592,3.786667,3.526666
0.217993,3.733333,3.653333
0.218395,3.600000,3.486667
0.218796,3.666667,3.500000
0.219197,3.673333,3.486667
0.219598,3.660000,3.446667
0.219999,3.653333,3.440000
0.220401,3.633333,3.420000
0.220802,3.580000,3.386667
0.221203,3.600000,3.386667
0.221605,3.553333,3.366667
0.222006,3.540000,3.320000
0.222408,3.500000,3.333333
0.222810,3.500000,3.313333
0.223212,3.493333,3.206667
0.223614,3.473333,3.280000
0.224015,3.466666,3.313333
0.224417,3.460000,3.346666
0.224818,3.386667,3.253333
0.225219,3.386667,3.220000
0.225620,3.373333,3.173333
0.226022,3.326667,3.200000
0.226423,3.346666,3.166667
0.226824,3.306667,3.073333
0.227226,3.306667,3.126667
0.227627,3.293333,3.153333
0.228028,3.286667,3.126667
0.228429,3.240000,3.060000
0.228830,3.240000,3.100000
0.229232,3.240000,3.040000
0.229634,3.200000,3.040000
0.230035,3.186666,3.013333
0.230437,3.160000,3.013333
0.230838,3.140000,3.000000
0.231239,3.133333,2.946667
0.231640,3.113333,2.926667
0.232041,3.100000,2.926667
0.232443,3.073333,2.886667
0.232846,3.086667,2.906667
0.233248,3.006667,2.826667
0.233649,3.026667,2.820000
0.234051,2.973333,2.820000
0.234453,3.053333,2.813333
0.234854,3.000000,2.820000
0.235255,3.013333,2.893333
0.235657,2.953333,2.786667
0.236058,2.940000,2.780000
0.236460,2.913333,2.753333
0.236861,2.900000,2.760000
0.237263,2.893333,2.760000
0.237666,2.853333,2.713333
0.238067,2.806667,2.686666
0.238469,2.813333,2.680000
0.238870,2.826667,2.640000
0.239272,2.786667,2.646667
0.239673,2.733333,2.613333
0.240074,2.773333,2.680000
0.240476,2.773333,2.593333
0.240877,2.706666,2.646667
0.241279,2.706666,2.580000
0.241680,2.700000,2.553333
0.242083,2.686666,2.533333
0.242484,2.380000,2.540000
0.242886,2.560000,2.506666
0.243288,2.666667,2.493333
0.243690,2.593333,2.440000
0.244092,2.566667,2.433333
0.244493,2.606667,2.433333
0.244896,2.566667,2.426666
0.245297,2.546667,2.400000
0.245698,2.520000,2.366667
0.246099,2.520000,2.360000
0.246501,2.473333,2.400000
0.246902,2.480000,2.346667
0.247303,2.446667,2.280000
0.247704,2.426666,2.293333
0.248106,2.433333,2.306667
0.248508,2.406667,2.380000
0.248909,2.306667,2.260000
0.249310,2.393333,2.260000
0.249712,2.393333,2.220000
0.250113,2.353333,2.246667
0.250514,2.340000,2.213333
0.250915,2.360000,2.140000
0.251316,2.280000,2.233333
0.251717,2.353333,2.226666
0.252118,2.273333,2.126667
0.252519,2.280000,2.146667
0.252922,2.260000,2.120000
0.253323,2.233333,2.126667
0.253725,2.233333,2.100000
0.254126,2.206667,2.100000
0.254528,2.200000,2.006667
0.254929,2.166667,2.033333
0.255330,2.153333,2.053333
0.255731,2.146667,2.053333
0.256134,2.153333,2.026667
0.256536,2.126667,2.000000
0.256938,2.166667,2.000000
0.257339,1.966667,2.146667
0.257740,2.086667,1.940000
0.258141,2.073333,1.940000
0.258543,2.080000,2.100000
0.258945,2.033333,1.846667
0.259346,2.040000,1.906667
0.259747,1.960000,1.853333
0.260150,1.986667,1.906667
0.260552,1.986667,1.880000
0.260953,1.960000,1.860000
0.261354,1.940000,1.833333
0.261756,1.933333,1.820000
0.262157,1.946667,1.820000
0.262558,1.900000,1.786667
0.262959,1.873333,1.766667
0.263361,1.886667,1.806667
0.263762,1.866667,1.753333
0.264163,1.833333,1.733333
0.264564,1.840000,1.753333
0.264965,1.840000,1.726667
0.265367,1.806667,1.706667
0.265768,1.893333,1.673333
0.266169,1.786667,1.706667
0.266571,1.786667,1.706667
0.266972,1.626667,1.580000
0.267374,1.733333,1.740000
0.267775,1.726667,1.606667
0.268176,1.840000,1.620000
0.268577,1.713333,1.593333
0.268978,1.740000,1.640000
0.269380,1.700000,1.420000
0.269782,1.680000,1.566667
0.270183,1.646667,1.560000
0.270584,1.646667,1.540000
0.270985,1.633333,1.546667
0.271387,1.620000,1.533333
0.271788,1.593333,1.526667
0.272189,1.593333,1.646667
0.272590,1.580000,1.500000
0.272991,1.560000,1.546667
0.273392,1.560000,1.600000
0.273795,1.506667,1.420000
0.274196,1.500000,1.420000
0.274597,1.586667,1.440000
0.274999,1.486667,1.420000
0.275401,1.500000,1.400000
0.275802,1.513333,1.393333
0.276203,1.453333,1.386667
0.276605,1.453333,1.380000
0.277007,1.433333,1.360000
0.277409,1.420000,1.313333
0.277810,1.426667,1.360000
0.278211,1.386667,1.320000
0.278612,1.400000,1.326667
0.279014,1.386667,1.373333
0.279416,1.386667,1.786667
0.279817,1.393333,1.333333
0.280218,1.380000,1.240000
0.280619,1.326667,1.260000
0.281020,1.360000,1.180000
0.281422,1.306667,1.206667
0.281823,1.300000,1.200000
0.282225,1.293333,1.220000
0.282626,1.300000,1.206667
0.283027,1.313333,1.180000
0.283429,1.246667,1.200000
0.283830,1.300000,1.200000
0.284231,1.226667,1.380000
0.284633,1.220000,1.200000
0.285034,1.113333,1.140000
0.285436,1.213333,1.113333
0.285837,1.206667,1.140000
0.286238,1.160000,1.113333
0.286640,1.186667,1.113333
0.287041,1.180000,1.066667
0.287443,1.180000,1.226667
0.287844,1.140000,1.073333
0.288246,1.146667,1.073333
0.288647,1.033333,1.046667
0.289050,1.126667,1.053333
0.289451,1.073333,1.033333
0.289852,1.086667,1.066667
0.290253,1.066667,1.020000
0.290655,1.046667,1.033333
0.291056,1.060000,1.020000
0.291457,1.060000,1.093333
0.291858,1.020000,1.000000
0.292260,1.033333,1.013333
0.292661,1.100000,1.106667
0.293063,1.013333,0.966667
0.293464,1.040000,0.946667
0.293865,0.993333,0.946667
0.294266,0.993333,0.946667
0.294668,0.966667,0.946667
0.295069,0.973333,0.946667
0.295470,0.946667,0.946667
0.295871,0.966667,0.946667
0.296272,0.946667,0.946667
0.296673,0.946667,0.946667
0.297074,0.946667,0.946667
0.297476,0.946667,0.946667
0.297877,0.946667,0.946667
0.298279,0.946667,0.946667
0.298680,0.946667,0.946667
0.299081,0.946667,0.946667
0.299483,0.946667,0.946667
0.299884,0.946667,0.946667
0.300286,0.946667,0.946667
0.300687,0.946667,0.946667
0.301088,0.946667,0.946667
0.301490,0.946667,0.946667
0.301891,0.946667,0.946667
0.302293,0.946667,0.946667
0.302694,0.946667,0.946667
0.303096,0.946667,0.946667
0.303498,0.946667,0.946667
0.303899,0.946667,0.946667
0.304301,0.946667,0.946667
0.304703,0.946667,0.946667
0.305105,0.946667,0.946667
0.305506,0.946667,0.946667
0.305908,0.946667,0.946667
0.306309,0.946667,0.946667
0.306710,0.946667,0.946667
0.307112,0.946667,0.946667
0.307515,0.946667,0.946667
0.307916,0.946667,0.946667
0.308318,0.946667,0.946667
0.308720,0.946667,0.946667
0.309121,0.946667,0.946667
0.309523,0.946667,0.946667
0.309925,0.946667,0.946667
0.310326,0.946667,0.946667
0.310728,0.946667,0.946667
0.311129,0.946667,0.946667
0.311531,0.946667,0.946667
0.311933,0.946667,0.946667
0.312334,0.946667,0.946667
0.312736,0.946667,0.946667
0.313138,0.946667,0.946667
0.313540,0.946667,0.946667
0.313941,0.946667,0.946667
0.314342,0.946667,0.946667
0.314743,0.946667,0.946667
0.315145,0.946667,0.946667
0.315546,0.946667,0.946667
0.315947,0.946667,0.946667
0.316348,0.946667,0.946667
0.316750,0.946667,0.946667
0.317151,0.946667,0.946667
0.317552,0.946667,0.946667
0.317953,0.946667,0.946667
0.318355,0.946667,0.946667
0.318756,0.946667,0.946667
0.319157,0.946667,0.946667
0.319558,0.946667,0.946667
0.319959,0.946667,0.946667
0.320362,0.946667,0.946667
0.320763,0.946667,0.946667
0.321165,0.946667,0.946667
0.321566,0.946667,0.946667
0.321968,0.946667,0.946667
0.322369,0.946667,0.946667
0.322770,0.946667,0.946667
0.323171,0.946667,0.946667
0.323573,0.946667,0.946667
0.323974,0.946667,0.946667
0.324375,0.946667,0.946667
0.324778,0.946667,0.946667
0.325179,0.946667,0.946667
0.325580,0.946667,0.946667
0.325982,0.946667,0.946667
0.326383,0.946667,0.946667
0.326786,0.946667,0.946667
0.327187,0.946667,0.946667
0.327589,0.946667,0.946667
0.327990,0.946667,0.946667
0.328393,0.946667,0.946667
0.328794,0.946667,0.946667
0.329197,0.946667,0.946667
0.329599,0.946667,0.946667
0.330000,0.946667,0.946667
0.330402,0.946667,0.946667
0.330803,0.946667,0.946667
0.331204,0.946667,0.946667
0.331605,0.946667,0.946667
0.332008,0.946667,0.946667
0.332410,0.946667,0.946667
0.332811,0.946667,0.946667
0.333212,0.946667,0.946667
0.333614,0.946667,0.946667
0.334016,0.946667,0.946667
0.334417,0.946667,0.946667
0.334818,0.946667,0.946667
0.335220,0.946667,0.946667
0.335622,0.946667,0.946667
0.336023,0.946667,0.946667
0.336424,0.946667,0.946667
0.336826,0.946667,0.946667
0.337227,0.946667,0.946667
0.337628,0.946667,0.946667
0.338029,0.946667,0.946667
0.338430,0.946667,0.946667
0.338831,0.946667,0.946667
0.339232,0.946667,0.946667
0.339633,0.946667,0.946667
0.340034,0.946667,0.946667
0.340436,0.946667,0.946667
0.340839,0.946667,0.946667
0.341240,0.946667,0.946667
0.341641,0.946667,0.946667
0.342042,0.946667,0.946667
0.342443,0.946667,0.946667
0.342845,0.946667,0.946667
0.343246,0.946667,0.946667
0.343648,0.946667,0.946667
0.344050,0.946667,0.946667
0.344451,0.946667,0.946667
0.344853,0.946667,0.946667
0.345254,0.946667,0.946667
0.345655,0.946667,0.946667
0.346058,0.946667,0.946667
0.346459,0.946667,0.946667
0.346860,0.946667,0.946667
0.347261,0.946667,0.946667
0.347662,0.946667,0.946667
0.348063,0.946667,0.946667
0.348464,0.946667,0.946667
0.348866,0.946667,0.946667
0.349267,0.946667,0.946667
0.349668,0.946667,0.946667
0.350071,0.946667,0.946667
0.350474,0.946667,0.946667
0.350875,0.946667,0.946667
0.351276,0.946667,0.946667
0.351677,0.946667,0.946667
0.352079,0.946667,0.946667
0.352481,0.946667,0.946667
0.352883,0.946667,0.946667
0.353284,0.946667,0.946667
0.353686,0.946667,0.946667
0.354087,0.946667,0.946667
0.354489,0.946667,0.946667
0.354890,0.946667,0.946667
0.355291,0.946667,0.946667
0.355692,0.946667,0.946667
0.356093,0.946667,0.946667
0.356495,0.946667,0.946667
0.356896,0.946667,0.946667
0.357297,0.946667,0.946667
0.357699,0.946667,0.946667
0.358100,0.946667,0.946667
0.358502,0.946667,0.946667
0.358903,0.946667,0.946667
0.359304,0.946667,0.946667
0.359705,0.946667,0.946667
0.360106,0.946667,0.946667
0.360507,0.946667,0.946667
0.360909,0.946667,0.946667
0.361310,0.946667,0.946667
0.361711,0.946667,0.946667
0.362114,0.946667,0.946667
0.362516,0.946667,0.946667
0.362917,0.946667,0.946667
0.363319,0.946667,0.946667
0.363720,0.946667,0.946667
0.364121,0.946667,0.946667
0.364522,0.946667,0.946667
0.364923,0.946667,0.946667
0.365324,0.946667,0.946667
0.365725,0.946667,0.946667
0.366126,0.946667,0.946667
0.366528,0.946667,0.946667
0.366929,0.946667,0.946667
0.367330,0.946667,0.946667
0.367731,0.946667,0.946667
0.368133,0.946667,0.946667
0.368534,0.946667,0.946667
0.368935,0.946667,0.946667
0.369336,0.946667,0.946667
0.369737,0.946667,0.946667
0.370138,0.946667,0.946667
0.370539,0.946667,0.946667
0.370940,0.946667,0.946667
0.371342,0.946667,0.946667
0.371743,0.946667,0.946667
0.372144,0.946667,0.946667
0.372546,0.946667,0.946667
0.372947,0.946667,0.946667
0.373348,0.946667,0.946667
0.373750,0.946667,0.946667
0.374151,0.946667,0.946667
0.374552,0.946667,0.946667
0.374953,0.946667,0.946667
0.375354,0.946667,0.946667
0.375755,0.946667,0.946667
0.376157,0.946667,0.946667
0.376559,0.946667,0.946667
0.376960,0.946667,0.946667
0.377362,0.946667,0.946667
0.377763,0.946667,0.946667
0.378164,0.946667,0.946667
0.378565,0.946667,0.946667
0.378966,0.946667,0.946667
0.379368,0.946667,0.946667
0.379770,0.946667,0.946667
0.380171,0.946667,0.946667
0.380573,0.946667,0.946667
0.380975,0.946667,0.946667
0.381377,0.946667,0.946667
0.381778,0.946667,0.946667
0.382179,0.946667,0.946667
0.382581,0.946667,0.946667
0.382982,0.946667,0.946667
0.383383,0.946667,0.946667
0.383784,0.946667,0.946667
0.384185,0.946667,0.946667
0.384586,0.946667,0.946667
0.384987,0.946667,0.946667
0.385388,0.946667,0.946667
0.385791,0.946667,0.946667
0.386192,0.946667,0.946667
0.386593,0.946667,0.946667
0.386995,0.946667,0.946667
0.387396,0.946667,0.946667
0.387798,0.946667,0.946667
0.388200,0.946667,0.946667
0.388602,0.946667,0.946667
0.389003,0.946667,0.946667
0.389404,0.946667,0.946667
0.389805,0.946667,0.946667
0.390207,0.946667,0.946667
0.390609,0.946667,0.946667
0.391010,0.946667,0.946667
0.391411,0.946667,0.946667
0.391812,0.946667,0.946667
0.392214,0.946667,0.946667
0.392615,0.946667,0.946667
0.393016,0.946667,0.946667
0.393418,0.946667,0.946667
0.393819,0.946667,0.946667
0.394221,0.946667,0.946667
0.394623,0.946667,0.946667
0.395024,0.946667,0.946667
0.395425,0.946667,0.946667
0.395826,0.946667,0.946667
0.396228,0.946667,0.946667
0.396630,0.946667,0.946667
0.397031,0.946667,0.946667
0.397433,0.946667,0.946667
0.397834,0.946667,0.946667
0.398236,0.946667,0.946667
0.398637,0.946667,0.946667
0.399038,0.946667,0.946667
0.399439,0.946667,0.946667
0.399840,0.946667,0.946667
0.400241,0.946667,0.946667
0.400642,0.946667,0.946667
0.401043,0.946667,0.946667
0.401444,0.946667,0.946667
0.401845,0.946667,0.946667
0.402246,0.946667,0.946667
0.402647,0.946667,0.946667
0.403050,0.946667,0.946667
0.403451,0.946667,0.946667
0.403852,0.946667,0.946667
0.404254,0.946667,0.946667
0.404656,0.946667,0.946667
0.405057,0.946667,0.946667
0.405458,0.946667,0.946667
0.405860,0.946667,0.946667
0.406261,0.946667,0.946667
0.406662,0.946667,0.946667
0.407063,0.946667,0.946667
0.407465,0.946667,0.946667
0.407868,0.946667,0.946667
0.408269,0.946667,0.946667
0.408670,0.946667,0.946667
0.409071,0.946667,0.946667
0.409473,0.946667,0.946667
0.409874,0.946667,0.946667
0.410275,0.946667,0.946667
0.410677,0.946667,0.946667
0.411078,0.946667,0.946667
0.411479,0.946667,0.946667
0.411880,0.946667,0.946667
0.412281,0.946667,0.946667
0.412683,0.946667,0.946667
0.413084,0.946667,0.946667
0.413486,0.946667,0.946667
0.413887,0.946667,0.946667
0.414289,0.946667,0.946667
0.414690,0.946667,0.946667
0.415091,0.946667,0.946667
0.415493,0.946667,0.946667
0.415895,0.946667,0.946667
0.416296,0.946667,0.946667
0.416697,0.953333,0.946667
0.417099,0.966667,0.946667
0.417501,0.966667,0.946667
0.417902,1.013333,0.946667
0.418303,0.966667,0.946667
0.418704,0.960000,0.986667
0.419105,0.993333,0.946667
0.419506,1.000000,0.946667
0.419908,0.960000,0.946667
0.420309,1.153333,0.953333
0.420710,1.080000,0.966667
0.421112,0.993333,0.986667
0.421514,1.053333,1.006667
0.421915,1.046667,1.000000
0.422317,1.033333,1.033333
0.422718,1.053333,1.120000
0.423119,1.066667,1.146667
0.423521,1.113333,1.053333
0.423922,1.060000,1.020000
0.424323,1.093333,1.120000
0.424725,1.120000,1.053333
0.425126,1.153333,1.126667
0.425528,1.180000,1.086667
0.425930,1.073333,1.086667
0.426331,1.086667,1.086667
0.426732,1.120000,1.086667
0.427133,1.173333,1.106667
0.427535,1.200000,1.120000
0.427936,1.206667,1.133333
0.428337,1.220000,1.173333
0.428738,1.206667,1.160000
0.429141,1.240000,1.206667
0.429542,1.286667,1.193333
0.429943,1.240000,1.246667
0.430344,1.193333,1.113333
0.430746,1.280000,1.206667
0.431149,1.260000,1.246667
0.431550,1.313333,1.206667
0.431953,1.300000,1.260000
0.432354,1.353333,1.213333
0.432755,1.326667,1.266667
0.433156,1.360000,1.480000
0.433557,1.340000,1.306667
0.433958,1.353333,1.300000
0.434362,1.373333,1.246667
0.434763,1.360000,1.313333
0.435164,1.366667,1.326667
0.435565,1.400000,1.313333
0.435966,1.413333,1.333333
0.436368,1.420000,1.453333
0.436769,1.426667,1.380000
0.437170,1.520000,1.386667
0.437572,1.480000,1.386667
0.437973,1.533333,1.413333
0.438375,1.540000,1.386667
0.438776,1.493333,1.386667
0.439178,1.493333,1.420000
0.439580,1.553333,1.453333
0.439982,1.540000,1.453333
0.440383,1.546667,1.473333
0.440785,1.566667,1.480000
0.441186,1.560000,1.500000
0.441587,1.573333,1.500000
0.441988,1.593333,1.520000
0.442389,1.633333,1.480000
0.442790,1.646667,1.620000
0.443191,1.640000,1.560000
0.443592,1.640000,1.573333
0.443993,1.646667,1.560000
0.444395,1.680000,1.560000
0.444796,1.686667,1.600000
0.445197,1.726667,1.600000
0.445599,1.733333,1.600000
0.446000,1.726667,1.613333
0.446402,1.740000,1.600000
0.446803,1.740000,1.633333
0.447204,1.753333,1.660000
0.447605,1.766667,1.713333
0.448006,1.860000,1.760000
0.448408,1.786667,1.686667
0.448810,1.853333,1.733333
0.449212,1.853333,1.740000
0.449613,1.873333,1.780000
0.450014,1.846667,1.733333
0.450416,1.900000,1.786667
0.450818,1.906667,1.806667
0.451219,1.926667,1.760000
0.451620,2.026667,1.826667
0.452022,1.920000,1.820000
0.452423,1.926667,1.906667
0.452824,1.953333,1.880000
0.453226,1.993333,1.880000
0.453627,1.993333,1.906667
0.454028,2.000000,1.913333
0.454430,2.006667,1.906667
0.454831,2.033333,1.960000
0.455233,2.053333,2.060000
0.455635,2.113333,1.940000
0.456036,2.073333,1.973333
0.456437,2.086667,2.000000
0.456838,2.106667,1.946667
0.457239,2.093333,1.993333
0.457640,2.106667,2.000000
0.458041,2.133333,2.046667
0.458444,2.153333,2.000000
0.458845,2.013333,2.093333
0.459247,2.213333,2.053333
0.459648,2.200000,2.080000
0.460049,2.280000,2.100000
0.460450,2.246667,2.100000
0.460851,2.253333,2.120000
0.461253,2.273333,2.126667
0.461655,2.286667,2.186667
0.462057,2.300000,2.180000
0.462458,2.313333,2.200000
0.462859,2.320000,2.200000
0.463262,2.340000,2.306667
0.463664,2.393333,2.233333
0.464066,2.386667,2.240000
0.464468,2.373333,2.253333
0.464869,2.340000,2.260000
0.465270,2.440000,2.246667
0.465672,2.426666,2.293333
0.466073,2.453333,2.346667
0.466475,2.460000,2.346667
0.466876,2.486667,2.386667
0.467277,2.486667,2.400000
0.467678,2.506666,2.366667
0.468080,2.400000,2.366667
0.468481,2.580000,2.460000
0.468882,2.546667,2.426666
0.469284,2.560000,2.433333
0.469686,2.740000,2.446667
0.470087,2.653333,2.473333
0.470489,2.646667,2.500000
0.470890,2.646667,2.493333
0.471292,2.660000,2.493333
0.471693,2.673333,2.526667
0.472096,2.686666,2.553333
0.472497,2.746667,2.560000
0.472898,2.726667,2.613333
0.473299,2.753333,2.613333
0.473701,2.773333,2.613333
0.474102,2.833333,2.626667
0.474503,2.786667,2.680000
0.474906,2.826667,2.660000
0.475308,2.846667,2.680000
0.475709,2.806667,2.720000
0.476110,2.853333,2.693333
0.476512,2.873333,2.753333
0.476913,2.880000,2.713333
0.477315,2.913333,2.720000
0.477716,2.946667,2.520000
0.478117,2.953333,2.920000
0.478519,2.953333,2.786667
0.478920,2.960000,2.820000
0.479321,2.980000,2.833333
0.479722,3.020000,2.853333
0.480123,3.046667,2.886667
0.480524,3.046667,2.900000
0.480926,3.060000,2.953333
0.481327,3.100000,2.926667
0.481728,3.100000,2.906667
0.482129,3.093333,2.866667
0.482531,3.160000,2.960000
0.482932,3.186666,2.960000
0.483334,3.140000,2.986667
0.483735,3.373333,2.973333
0.484138,3.220000,2.966666
0.484540,3.213333,3.086667
0.484941,3.200000,3.073333
0.485342,3.253333,3.053333
0.485744,3.286667,3.046667
0.486145,3.293333,3.106667
0.486546,3.326667,3.133333
0.486948,3.293333,3.133333
0.487350,3.333333,3.126667
0.487751,3.320000,3.206667
0.488153,3.386667,3.226667
0.488554,3.400000,3.253333
0.488957,3.440000,3.226667
0.489362,3.440000,3.233333
0.489763,3.406667,3.226667
0.490164,3.460000,3.306667
0.490565,3.560000,3.340000
0.490966,3.513333,3.300000
0.491368,3.513333,3.313333
0.491769,3.526666,3.406667
0.492170,3.560000,3.366667
0.492572,3.586667,3.400000
0.492973,3.633333,3.393333
0.493375,3.640000,3.393333
0.493776,3.620000,3.440000
0.494177,3.733333,3.486667
0.494578,3.680000,3.486667
0.494979,3.680000,3.500000
0.495381,3.713333,3.386667
0.495783,3.726667,3.540000
0.496184,3.740000,3.546667
0.496585,3.746666,3.573333
0.496986,3.753333,3.500000
0.497388,3.826667,3.573333
0.497789,3.853333,3.653333
0.498192,3.853333,3.660000
0.498594,3.900000,3.640000
0.498995,3.960000,3.700000
0.499396,3.973333,3.673333
0.499798,3.993333,3.700000
0.500200,3.986666,3.720000
0.500601,3.966667,3.833333
0.501003,3.966667,3.746666
0.501404,4.106667,3.833333
0.501805,4.080000,3.833333
0.502207,4.073333,3.846667
0.502609,4.093333,3.866667
0.503011,4.140000,3.853333
0.503413,4.120000,3.893333
0.503815,4.146667,3.933333
0.504216,4.186666,3.946667
0.504617,4.186666,4.026666
0.505019,4.186666,4.000000
0.505421,4.200000,4.013333
0.505822,4.106667,4.026666
0.506224,4.173333,4.060000
0.506630,4.293333,4.020000
0.507031,4.380000,4.073333
0.507432,4.353333,4.066667
0.507833,4.360000,4.113333
0.508234,4.353333,4.126667
0.508635,4.366666,4.173333
0.509036,4.406667,4.113333
0.509437,4.480000,4.100000
0.509838,4.440000,4.280000
0.510239,4.566667,4.393333
0.510640,4.460000,4.246667
0.511041,4.493333,4.246667
0.511442,4.540000,4.293333
0.511843,4.540000,4.213334
0.512245,4.480000,4.313334
0.512646,4.540000,4.353333
0.513049,4.606667,4.386666
0.513450,4.626667,4.400000
0.513853,4.626667,4.420000
0.514254,4.626667,4.433333
0.514655,4.700000,4.433333
0.515056,4.720000,4.533333
0.515457,4.746666,4.453333
0.515858,4.773334,4.533333
0.516260,4.773334,4.540000
0.516662,4.786666,4.540000
0.517063,4.813333,4.540000
0.517464,4.806667,4.600000
0.517866,4.780000,4.620000
0.518268,4.880000,4.980000
0.518669,4.886666,4.846666
0.519072,4.933333,4.733333
0.519474,4.960000,4.693333
0.519875,4.960000,4.713333
0.520276,4.993333,4.726666
0.520677,5.020000,4.740000
0.521078,5.060000,4.740000
0.521479,5.033333,4.773334
0.521881,5.073333,4.800000
0.522282,5.093333,4.800000
0.522683,5.106667,4.813333
0.523084,5.166667,4.853333
0.523486,5.133333,4.873333
0.523888,5.193333,4.886666
0.524289,5.226666,4.906667
0.524690,5.213333,4.906667
0.525091,5.240000,4.986667
0.525492,5.266667,4.920000
0.525893,5.273333,4.873333
0.526294,5.373333,4.986667
0.526696,5.453333,5.060000
0.527098,5.306666,5.060000
0.527499,5.460000,5.073333
0.527902,5.413333,5.113333
0.528303,5.413333,5.093333
0.528704,5.426667,5.133333
0.529106,5.606667,5.153333
0.529508,5.480000,5.113333
0.529910,5.500000,5.233334
0.530311,5.513333,5.220000
0.530712,5.560000,5.246666
0.531113,5.553333,5.240000
0.531515,5.606667,5.240000
0.531916,5.640000,5.273333
0.532317,5.633333,5.326667
0.532718,5.660000,5.286666
0.533119,5.720000,5.313333
0.533522,5.700000,5.406666
0.533923,5.680000,5.413333
0.534325,5.720000,5.440000
0.534726,5.760000,5.453333
0.535128,5.766666,5.486667
0.535529,5.900000,5.520000
0.535931,5.840000,5.533333
0.536333,5.886667,5.539999
0.536735,5.826667,5.586667
0.537136,5.940000,5.573333
0.537538,5.933333,5.586667
0.537939,5.966666,5.626667
0.538341,5.966666,5.640000
0.538742,5.980000,5.673333
0.539143,6.006667,5.640000
0.539544,6.040000,5.706666
0.539945,6.000000,5.833333
0.540346,6.106667,5.853333
0.540747,6.106667,5.760000
0.541148,6.113333,5.780000
0.541549,6.146667,5.786666
0.541950,6.206666,5.860000
0.542352,6.206666,5.826667
0.542753,6.240000,5.946667
0.543154,6.233333,5.813333
0.543556,6.273333,5.853333
0.543957,6.273333,5.853333
0.544362,6.320000,5.946667
0.544763,6.320000,6.026667
0.545165,6.366666,6.126667
0.545566,6.380000,6.046667
0.545967,6.433333,6.100000
0.546369,6.466667,6.106667
0.546770,6.460000,6.133333
0.547171,6.473333,6.146667
0.547572,6.493333,6.166667
0.547973,6.520000,6.186666
0.548375,6.606667,6.186666
0.548777,6.626667,6.213333
0.549178,6.686666,6.186666
0.549580,6.646667,6.260000
0.549981,6.666667,6.280000
0.550383,6.653333,6.286667
0.550784,6.713333,6.326666
0.551185,6.766666,6.326666
0.551587,6.786666,6.406667
0.551988,6.793334,6.386667
0.552389,6.820000,6.393333
0.552790,6.840000,6.453333
0.553192,6.846666,6.466667
0.553593,6.900000,6.546667
0.553996,6.933333,6.520000
0.554397,6.886666,6.513333
0.554798,6.973333,6.753333
0.555199,6.953333,6.606667
0.555600,7.013333,6.633333
0.556002,7.013333,6.633333
0.556403,7.020000,6.626667
0.556804,7.020000,6.680000
0.557205,7.060000,6.720000
0.557607,7.166667,6.720000
0.558008,7.173333,6.813333
0.558409,7.173333,6.786666
0.558811,7.186666,6.806667
0.559213,7.200000,6.820000
0.559614,7.300000,6.926667
0.560017,7.246666,6.900000
0.560418,7.260000,6.960000
0.560820,7.346666,6.960000
0.561221,7.340000,6.933333
0.561623,7.360000,6.973333
0.562024,7.386667,6.960000
0.562425,7.426666,6.953333
0.562827,7.453333,6.993333
0.563228,7.406666,7.060000
0.563630,7.466667,7.066666
0.564031,7.526666,6.986666
0.564432,7.579999,7.106667
0.564834,7.566667,7.166667
0.565235,7.586667,7.166667
0.565637,7.613333,7.166667
0.566038,7.600000,7.293333
0.566439,7.666667,7.313333
0.566840,7.673333,7.273333
0.567242,7.679999,7.300000
0.567643,7.720000,7.306666
0.568045,7.700000,7.373333
0.568447,7.846667,7.340000
0.568848,7.906666,7.340000
0.569249,7.780000,7.420000
0.569650,7.866666,7.426666
0.570053,7.873333,7.446666
0.570455,7.920000,7.466667
0.570856,7.966667,7.446666
0.571258,7.966667,7.506667
0.571659,8.000000,7.526666
0.572061,8.020000,7.553333
0.572462,8.040000,7.586667
0.572864,8.033334,7.600000
0.573266,8.066667,7.613333
0.573667,8.106667,7.686666
0.574068,8.120000,7.660000
0.574470,8.200000,7.726667
0.574871,8.160000,7.693334
0.575273,8.146667,7.726667
0.575674,8.226666,7.780000
0.576077,8.220000,7.820000
0.576479,8.379999,7.780000
0.576880,8.326666,7.866666
0.577281,8.333333,7.866666
0.577682,8.379999,7.906666
0.578083,8.379999,7.953333
0.578484,8.393332,7.980000
0.578885,8.433333,7.966667
0.579286,8.473333,8.026667
0.579687,8.486667,7.933333
0.580088,8.500000,8.040000
0.580490,8.526667,8.053332
0.580892,8.553333,8.100000
0.581294,8.560000,8.013333
0.581695,8.593333,8.126666
0.582096,8.626667,8.213333
0.582498,8.653333,8.166667
0.582901,8.700000,8.213333
0.583302,8.693334,8.213333
0.583703,8.733333,8.406667
0.584104,8.826667,8.273334
0.584506,8.760000,8.300000
0.584908,8.773333,8.306666
0.585309,9.033333,8.340000
0.585710,8.700000,8.333333
0.586111,8.900000,8.393332
0.586512,8.893333,8.400000
0.586915,8.906666,8.426667
0.587317,8.940000,8.480000
0.587718,8.946667,8.486667
0.588119,9.006666,8.453333
0.588521,9.013333,8.546666
0.588922,9.046666,8.533333
0.589323,9.093333,8.566667
0.589724,9.126666,8.573333
0.590125,9.166666,8.573333
0.590526,9.153334,8.646667
0.590927,9.179999,8.666666
0.591329,9.186666,8.693334
0.591730,9.240000,8.740000
0.592131,9.186666,8.700000
0.592533,9.306666,8.740000
0.592936,9.306666,8.760000
0.593337,9.346666,8.853333
0.593739,9.320000,8.839999
0.594140,9.346666,8.866667
0.594542,9.400000,8.880000
0.594944,9.460000,8.940000
0.595346,9.499999,8.960000
0.595747,9.433332,8.966666
0.596149,9.526667,9.006666
0.596551,9.540000,8.946667
0.596954,9.540000,9.006666
0.597355,9.646667,9.033333
0.597757,9.626666,9.073333
0.598158,9.626666,9.146667
0.598559,9.706666,9.120000
0.598961,9.726666,9.213333
0.599362,9.713333,9.006666
0.599763,9.753333,9.193333
0.600164,9.780000,9.099999
0.600565,9.780000,9.206667
0.600967,9.860000,9.280000
0.601368,9.860000,9.346666
0.601769,9.853333,9.280000
0.602172,9.893332,9.273334
0.602573,9.933333,9.340000
0.602976,9.966666,9.346666
0.603377,9.966666,9.346666
0.603778,9.980000,9.453333
0.604180,10.066667,9.466666
0.604582,10.046666,9.513333
0.604983,10.033333,9.613334
0.605384,10.126667,9.580000
0.605785,10.146667,9.553333
0.606186,10.186666,9.566666
0.606587,10.206667,9.633333
0.606989,10.200000,9.620000
0.607390,10.226666,9.620000
0.607792,10.260000,9.653333
0.608194,10.280000,9.673333
0.608595,10.320000,9.753333
0.608997,10.326667,9.773333
0.609398,10.253333,9.759999
0.609800,10.440000,9.793333
0.610201,10.413333,9.719999
0.610603,10.426666,9.860000
0.611005,10.473333,9.893332
0.611407,10.486666,9.920000
0.611808,10.506666,9.920000
0.612210,10.553332,9.966666
0.612612,10.566667,9.940001
0.613013,10.586667,10.000000
0.613415,10.626666,10.073334
0.613816,10.639999,9.913333
0.614218,10.620000,10.059999
0.614619,10.686666,10.126667
0.615020,10.720000,10.106667
0.615422,10.733334,10.160000
0.615823,10.773334,10.140000
0.616225,10.806666,10.179999
0.616627,10.806666,10.240000
0.617028,10.840000,10.246666
0.617429,10.846666,10.233333
0.617830,10.980000,10.320000
0.618232,10.913333,10.233333
0.618634,10.886666,10.346666
0.619035,11.040000,10.353333
0.619436,10.933333,10.386666
0.619839,11.020000,10.419999
0.620240,11.033333,10.480000
0.620642,11.053333,10.426666
0.621043,11.099999,10.493333
0.621444,11.106667,10.493333
0.621845,11.139999,10.520000
0.622247,11.173333,10.546666
0.622649,11.233333,10.633333
0.623050,11.273333,10.586667
0.623452,11.233333,10.620000
0.623855,11.213333,10.620000
0.624256,11.280000,10.666667
0.624658,11.306666,10.746666
0.625059,11.320000,10.639999
0.625460,11.333333,10.726666
0.625861,11.373333,10.740000
0.626262,11.446667,10.786667
0.626663,11.420000,10.840000
0.627064,11.466666,10.846666
0.627465,11.460000,10.853333
0.627866,11.520000,10.879999
0.628267,11.513333,10.933333
0.628668,11.526667,10.886666
0.629069,11.599999,11.020000
0.629470,11.599999,10.960000
0.629872,11.620000,11.020000
0.630273,11.633333,11.020000
0.630674,11.646667,11.033333
0.631075,11.706667,11.053333
0.631477,11.740000,11.093333
0.631879,11.760000,11.133333
0.632280,11.840000,11.113334
0.632682,11.793333,11.126667
0.633083,11.840000,11.193334
0.633485,11.846666,11.186666
0.633888,11.813333,11.219999
0.634290,11.886666,11.240000
0.634691,11.926666,11.266666
0.635093,12.006666,11.293333
0.635494,11.980000,11.366667
0.635895,11.893333,11.253333
0.636297,12.040000,11.366667
0.636698,11.973333,11.366667
0.637099,12.073333,11.493333
0.637501,12.086666,11.433333
0.637903,12.093333,11.553333
0.638305,12.166667,11.480000
0.638706,12.246667,11.559999
0.639107,12.233334,11.539999
0.639508,12.259999,11.573333
0.639909,12.259999,11.546666
0.640311,12.200000,11.679999
0.640713,12.320000,11.559999
0.641115,12.339999,11.620000
0.641517,12.373333,11.666666
0.641918,12.386666,12.253333
0.642320,12.366667,11.686666
0.642721,12.459999,11.720000
0.643123,12.446667,11.720000
0.643524,12.493333,11.766666
0.643927,12.506667,11.753333
0.644328,12.520000,11.820000
0.644729,12.566667,11.886666
0.645131,12.573334,11.879999
0.645532,12.599999,11.879999
0.645933,12.646667,11.893333
0.646334,12.653333,11.906667
0.646736,12.660000,11.940000
0.647138,12.773334,11.966666
0.647539,12.706667,11.986667
0.647940,12.773334,12.053333
0.648342,12.833333,12.053333
0.648743,12.813334,12.139999
0.649146,12.740000,12.059999
0.649548,12.840000,12.120000
0.649949,12.833333,12.193333
0.650350,12.913333,12.193333
0.650751,12.880000,12.246667
0.651152,12.919999,12.240000
0.651554,12.960000,12.273333
0.651955,13.020000,12.273333
0.652356,12.960000,12.259999
0.652757,13.013333,12.333333
0.653158,13.020000,12.313334
0.653559,13.106667,12.386666
0.653960,13.106667,12.420000
0.654362,12.960000,12.420000
0.654763,13.166667,12.426666
0.655166,13.193333,12.420000
0.655567,13.173333,12.420000
0.655969,13.213333,12.506667
0.656370,13.246666,12.766666
0.656771,13.259999,12.520000
0.657173,13.300000,12.593333
0.657575,13.313333,12.593333
0.657976,13.333333,12.506667
0.658377,13.413334,12.666666
0.658778,13.386665,12.686666
0.659181,13.413334,12.700000
0.659583,13.473332,12.693334
0.659985,13.420000,12.733333
0.660387,13.473332,12.719999
0.660789,13.493333,12.766666
0.661190,13.533333,12.766666
0.661592,13.573333,12.806666
0.661993,13.606666,12.940000
0.662395,13.639999,12.900000
0.662798,13.599999,12.866666
0.663199,13.626666,12.946667
0.663600,13.646666,12.926666
0.664001,13.720000,12.946667
0.664402,13.713332,12.980000
0.664803,13.746667,12.980000
0.665204,13.793333,13.026667
0.665605,13.779999,13.020000
0.666007,13.866666,13.073333
0.666408,13.833333,13.053332
0.666809,13.746667,13.100000
0.667211,13.826666,13.113333
0.667612,13.873334,13.166667
0.668013,13.946667,13.200000
0.668415,13.953333,13.206666
0.668816,13.993333,13.206666
0.669217,13.993333,13.179999
0.669618,14.026667,13.220000
0.670019,14.033333,13.240000
0.670421,14.099999,13.293333
0.670822,14.086666,13.379999
0.671224,14.113334,13.366667
0.671630,14.120000,13.333333
0.672032,14.166666,13.400000
0.672434,14.193333,13.420000
0.672835,14.233333,13.440000
0.673236,14.246667,13.466666
0.673637,14.239999,13.466666
0.674040,14.259999,13.493333
0.674442,14.313334,13.559999
0.674843,14.333334,13.500000
0.675245,14.333334,13.553333
0.675646,14.313334,13.559999
0.676047,14.273334,13.586667
0.676449,14.280000,13.633333
0.676850,14.400001,13.653334
0.677252,14.540000,13.680000
0.677654,14.466667,13.700000
0.678056,14.546666,13.693333
0.678457,14.493333,13.726666
0.678858,14.540000,13.753333
0.679260,14.580000,13.793333
0.679661,14.559999,13.806667
0.680062,14.593332,13.820000
0.680464,14.633332,13.893333
0.680865,14.646667,13.806667
0.681267,14.693333,13.893333
0.681669,14.566666,13.893333
0.682070,14.679999,13.913332
0.682471,14.726667,13.926666
0.682873,14.719999,13.906666
0.683274,14.800000,13.940001
0.683675,14.653333,13.993333
0.684076,14.873333,14.053333
0.684477,14.846666,14.053333
0.684878,14.880000,14.080000
0.685279,14.926667,14.200001
0.685681,14.899999,14.080000
0.686082,14.946667,14.113334
0.686484,14.953333,14.233333
0.686885,14.953333,14.173332
0.687286,14.953333,14.173332
0.687687,15.013333,14.206667
0.688089,15.013333,14.346666
0.688490,15.106667,14.253333
0.688891,15.119999,14.259999
0.689293,15.159999,14.293333
0.689694,15.253334,14.293333
0.690097,15.206666,14.346666
0.690499,15.139999,14.360000
0.690900,15.219999,14.346666
0.691302,15.206666,14.606667
0.691704,15.333333,14.380000
0.692107,15.313333,14.506667
0.692508,15.306666,14.473333
0.692909,15.346666,14.493333
0.693310,15.346666,14.506667
0.693711,15.379999,14.520000
0.694112,15.326667,14.520000
0.694513,15.426665,14.546666
0.694914,15.426665,14.573334
0.695316,15.460000,14.606667
0.695717,15.513332,14.606667
0.696118,15.553332,14.640000
0.696519,15.520000,14.633332
0.696920,15.560000,14.640000
0.697322,15.579999,14.693333
0.697723,15.613333,14.693333
0.698124,15.586667,14.679999
0.698526,15.653334,14.753333
0.698927,15.673333,14.786666
0.699329,15.679999,14.813333
0.699731,15.626667,14.853333
0.700132,15.806666,14.860001
0.700535,15.720000,14.880000
0.700937,15.780001,14.873333
0.701338,15.780001,14.926667
0.701739,15.813333,14.906667
0.702142,15.946666,14.933333
0.702544,15.819999,14.919999
0.702945,15.886665,14.940000
0.703347,16.020000,14.953333
0.703748,15.926666,14.953333
0.704150,15.926666,14.953333
0.704551,15.980000,14.953333
0.704952,15.993333,15.086666
0.705354,16.046667,15.119999
0.705755,16.073334,15.179999
0.706156,16.099998,15.179999
0.706557,16.113333,15.166667
0.706958,16.113333,15.213333
0.707362,16.013332,15.226665
0.707763,16.139999,15.219999
0.708164,16.146666,15.240000
0.708565,16.166666,15.213333
0.708966,16.193333,15.306666
0.709369,16.206667,14.733334
0.709770,16.353333,15.273333
0.710171,16.259998,15.320001
0.710572,16.279999,15.379999
0.710975,16.313334,15.393333
0.711376,16.320000,15.400000
0.711777,16.333334,15.413333
0.712179,16.346666,15.426665
0.712580,16.333334,15.433333
0.712981,16.406666,15.453334
0.713383,16.440001,15.486666
0.713784,16.460001,15.486666
0.714185,16.486666,15.513332
0.714586,16.473333,15.560000
0.714987,16.513332,15.560000
0.715388,16.519999,15.553332
0.715789,16.553333,15.679999
0.716190,16.600000,15.599999
0.716591,16.593334,15.666666
0.716992,16.580000,15.599999
0.717394,16.619999,15.720000
0.717796,16.773333,15.673333
0.718197,16.746666,15.740000
0.718599,16.686666,15.773333
0.719000,16.753332,15.733333
0.719402,16.700001,15.780001
0.719804,16.740000,15.793333
0.720205,16.740000,15.760000
0.720606,16.786665,15.839999
0.721008,16.793333,15.839999
0.721409,16.793333,15.853333
0.721811,16.766666,15.860000
0.722212,16.826666,15.866667
0.722613,16.853334,15.980000
0.723014,16.866667,15.833333
0.723415,16.866667,15.946666
0.723816,16.886665,15.960000
0.724217,16.893332,15.980000
0.724618,16.913332,16.059999
0.725019,16.939999,16.259998
0.725421,16.926666,15.993333
0.725822,16.933332,16.139999
0.726223,16.966667,16.119999
0.726625,16.973333,16.080000
0.727026,16.986668,16.099998
0.727428,17.006666,16.099998
0.727829,17.033333,16.113333
0.728230,17.046665,16.146666
0.728632,17.033333,16.160000
0.729034,17.046665,16.166666
0.729436,17.100000,16.219999
0.729837,17.219999,16.193333
0.730238,17.113333,16.259998
0.730640,17.139999,16.246666
0.731041,17.159998,16.146666
0.731442,17.206667,16.326666
0.731843,17.206667,16.293333
0.732245,17.199999,16.266666
0.732646,17.186666,16.206667
0.733048,17.199999,16.366665
0.733449,17.179998,16.373333
0.733850,17.266666,16.386665
0.734252,17.260000,16.486666
0.734653,17.286665,16.433332
0.735054,17.320000,16.466667
0.735456,17.353333,16.453333
0.735857,17.486666,16.460001
0.736259,17.366667,16.519999
0.736660,17.380001,16.526667
0.737061,17.393333,16.539999
0.737463,17.400000,16.519999
0.737864,17.426666,16.539999
0.738265,17.419998,16.600000
0.738666,17.419998,16.519999
0.739067,17.480000,16.593334
0.739469,17.493334,16.719999
0.739870,17.500000,16.680000
0.740272,17.573332,16.680000
0.740673,17.539999,16.660000
0.741074,17.539999,16.680000
0.741476,17.559999,16.693333
0.741877,17.566666,16.719999
0.742279,17.606667,16.753332
0.742681,17.606667,16.646666
0.743082,17.613333,16.779999
0.743483,17.606667,16.786665
0.743884,17.653334,16.786665
0.744285,17.600000,16.799999
0.744687,17.679998,16.799999
0.745088,17.639999,16.786665
0.745491,17.726665,16.846666
0.745892,17.746666,16.853334
0.746293,17.760000,16.866667
0.746694,17.746666,16.826666
0.747096,17.753334,16.853334
0.747497,17.726665,16.900000
0.747898,17.826666,16.906666
0.748299,17.780001,16.926666
0.748701,17.826666,16.913332
0.749102,17.853333,16.926666
0.749503,17.859999,16.959999
0.749904,17.866667,16.920000
0.750305,17.913334,16.966667
0.750707,17.893333,16.993334
0.751108,17.920000,17.013332
0.751509,17.913334,17.013332
0.751910,17.853333,17.026665
0.752312,17.933332,17.013332
0.752713,17.973333,17.039999
0.753114,18.000000,17.073334
0.753516,18.000000,17.046665
0.753917,18.013332,17.100000
0.754318,18.020000,17.086666
0.754720,18.040001,17.173332
0.755121,18.079998,17.126667
0.755523,18.219999,17.146666
0.755924,18.093332,17.146666
0.756326,18.106667,17.186666
0.756728,18.106667,17.186666
0.757129,18.119999,17.179998
0.757530,18.133333,17.240000
0.757931,18.139999,17.219999
0.758333,18.153334,17.306665
0.758734,18.173334,17.240000
0.759135,18.160000,17.266666
0.759536,18.199999,17.266666
0.759937,18.160000,17.306665
0.760339,18.233332,17.219999
0.760740,18.240000,17.306665
0.761141,18.260000,17.333332
0.761542,18.246666,17.360001
0.761943,18.260000,17.293333
0.762344,18.280001,17.373333
0.762746,18.306667,17.466665
0.763147,18.313334,17.346666
0.763548,18.339998,17.373333
0.763949,18.299999,17.353333
0.764350,18.346666,17.586666
0.764751,18.353333,17.400000
0.765152,18.366667,17.433332
0.765553,18.379999,17.406666
0.765954,18.379999,17.419998
0.766355,18.386665,17.473333
0.766756,18.433334,17.500000
0.767158,18.420000,17.486666
0.767559,18.346666,17.506666
0.767960,18.413334,17.606667
0.768362,18.440001,17.513334
0.768763,18.486666,17.539999
0.769164,18.526667,17.539999
0.769565,18.520000,17.539999
0.769966,18.513332,17.679998
0.770368,18.520000,17.626667
0.770769,18.526667,17.606667
0.771170,18.559999,17.613333
0.771571,18.539999,17.673332
0.771972,18.559999,17.639999
0.772374,18.580000,17.686666
0.772775,18.599998,17.639999
0.773176,18.586666,17.673332
0.773578,18.606665,17.666666
0.773979,18.639999,17.673332
0.774381,18.633333,17.706665
0.774782,18.626665,17.733334
0.775183,18.639999,17.673332
0.775584,18.766666,17.746666
0.775985,18.599998,17.826666
0.776387,18.806667,17.733334
0.776788,18.706667,17.773333
0.777189,18.700001,17.793333
0.777590,18.726665,17.786667
0.777992,18.740000,17.840000
0.778394,18.746666,17.813332
0.778796,18.766666,17.813332
0.779197,18.793333,17.846666
0.779598,18.766666,17.826666
0.779999,18.826666,17.906668
0.780401,18.773333,17.859999
0.780802,18.820000,17.873333
0.781203,18.853333,17.813332
0.781604,18.859999,17.920000
0.782006,18.840000,17.906668
0.782408,18.833334,17.920000
0.782810,18.866665,17.906668
0.783211,18.873333,17.926666
0.783612,18.873333,17.886667
0.784014,18.913332,17.893333
0.784416,18.893333,17.953333
0.784817,18.926666,17.973333
0.785219,18.999998,17.939999
0.785620,19.053333,17.980000
0.786021,18.933332,17.966665
0.786422,18.920000,18.006666
0.786823,18.986666,17.973333
0.787225,18.986666,18.020000
0.787626,18.993332,18.000000
0.788027,18.993332,18.006666
0.788429,18.986666,18.053333
0.788830,18.993332,18.020000
0.789232,19.006666,18.053333
0.789633,19.013332,18.059999
0.790035,19.073334,18.020000
0.790436,19.019999,18.073332
0.790838,19.153332,18.113333
0.791239,19.059999,18.273333
0.791641,19.126665,18.013332
0.792044,19.086666,18.113333
0.792445,19.100000,18.286667
0.792847,19.206667,18.160000
0.793248,19.093334,18.113333
0.793650,19.139999,18.153334
0.794051,19.126665,18.213333
0.794452,19.133331,18.180000
0.794853,19.153332,18.180000
0.795254,19.173332,18.139999
0.795656,19.166666,18.146666
0.796057,19.180000,18.193333
0.796458,19.173332,18.139999
0.796860,19.166666,18.206665
0.797262,19.226667,18.219999
0.797664,19.206667,18.219999
0.798066,19.213333,18.246666
0.798468,19.219999,18.233332
0.798869,19.153332,18.253332
0.799271,19.273333,18.226665
0.799673,19.233334,18.280001
0.800074,19.266666,18.286667
0.800476,19.286665,18.273333
0.800878,19.273333,18.160000
0.801279,19.259998,18.146666
0.801681,19.293333,18.280001
0.802083,19.273333,18.293333
0.802484,19.286665,18.180000
0.802885,19.313334,18.326666
0.803286,19.320000,18.313334
0.803687,19.346666,18.333332
0.804088,19.333334,18.326666
0.804490,19.333334,18.326666
0.804891,19.333334,18.353333
0.805292,19.353334,18.379999
0.805693,19.346666,18.359999
0.806094,19.340000,18.353333
0.806496,19.386665,18.466665
0.806897,19.400000,18.366667
0.807299,19.360001,18.393333
0.807701,19.386665,18.440001
0.808102,19.386665,18.400000
0.808503,19.386665,18.406666
0.808905,19.420000,18.393333
0.809307,19.426666,18.413334
0.809708,19.439999,18.406666
0.810109,19.433332,18.426666
0.810510,19.439999,18.440001
0.810911,19.393332,18.426666
0.811312,19.433332,18.426666
0.811713,19.473333,18.473331
0.812114,19.480000,18.486666
0.812515,19.446667,18.466665
0.812916,19.480000,18.526667
0.813317,19.439999,18.513332
0.813719,19.480000,18.486666
0.814120,19.480000,18.493332
0.814522,19.533333,18.520000
0.814923,19.613333,18.506666
0.815324,19.506666,18.506666
0.815725,19.546665,18.486666
0.816126,19.459999,18.520000
0.816527,19.533333,18.533333
0.816929,19.539999,18.533333
0.817330,19.546665,18.533333
0.817732,19.580000,18.553333
0.818134,19.653332,18.539999
0.818535,19.566666,18.493332
0.818936,19.600000,18.526667
0.819337,19.580000,18.553333
0.819738,19.586666,18.586666
0.820139,19.620001,18.546667
0.820540,19.600000,18.520000
0.820942,19.613333,18.586666
0.821343,19.626667,18.586666
0.821744,19.653332,18.613333
0.822145,19.620001,18.646666
0.822546,19.626667,18.613333
0.822948,19.646666,18.626665
0.823349,19.653332,18.726665
0.823750,19.500000,18.639999
0.824151,19.606667,18.586666
0.824552,19.639999,18.626665
0.824954,19.706667,18.646666
0.825355,19.659998,18.520000
0.825756,19.653332,18.633333
0.826157,19.546665,18.646666
0.826558,19.699999,18.646666
0.826960,19.679998,18.653334
0.827362,19.713333,18.706667
0.827763,19.686666,18.673334
0.828164,19.686666,18.646666
0.828566,19.706667,18.660000
0.828968,19.686666,18.613333
0.829369,19.686666,18.613333
0.829771,19.706667,18.700001
0.830173,19.699999,18.646666
0.830575,19.719999,18.693333
0.830976,19.713333,18.673334
0.831378,19.706667,18.660000
0.831779,19.673332,18.673334
0.832180,19.733334,18.693333
0.832582,19.733334,18.586666
0.832983,19.726667,18.740000
0.833384,19.740000,18.646666
0.833786,19.753334,18.726665
0.834187,19.733334,18.779999
0.834588,19.760000,18.646666
0.834989,19.746666,18.759998
0.835390,19.779999,18.746666
0.835791,19.846666,18.706667
0.836192,19.740000,18.719999
0.836593,19.746666,18.746666
0.836995,19.766666,18.786667
0.837396,19.799999,18.733332
0.837797,19.846666,18.733332
0.838199,19.766666,18.746666
0.838600,19.799999,18.746666
0.839001,19.786665,18.759998
0.839402,19.779999,18.766666
0.839803,19.786665,18.733332
0.840204,19.799999,18.680000
0.840606,19.793333,18.746666
0.841007,19.793333,18.766666
0.841409,19.786665,18.766666
0.841812,19.799999,18.779999
0.842213,19.799999,18.773333
0.842615,19.926666,18.786667
0.843017,19.793333,18.746666
0.843419,19.713333,18.593332
0.843820,19.766666,18.706667
0.844221,19.706667,18.779999
0.844622,19.826666,18.779999
0.845024,19.826666,18.766666
0.845425,19.806665,18.786667
0.845826,19.820000,18.799999
0.846228,19.860001,18.766666
0.846629,19.820000,18.820000
0.847031,19.826666,18.806667
0.847432,19.826666,18.779999
0.847833,19.820000,18.793333
0.848235,19.726667,18.779999
0.848637,19.826666,18.766666
0.849038,19.826666,18.820000
0.849441,19.826666,18.766666
0.849843,19.846666,18.786667
0.850245,19.826666,18.766666
0.850646,19.833332,18.786667
0.851047,19.866667,18.799999
0.851449,19.799999,18.799999
0.851850,19.813332,18.806667
0.852251,20.020000,18.799999
0.852653,19.833332,18.746666
0.853054,19.833332,18.773333
0.853456,19.833332,18.786667
0.853857,19.846666,18.786667
0.854259,19.826666,18.793333
0.854660,19.826666,18.793333
0.855061,19.760000,18.766666
0.855463,19.699999,18.806667
0.855865,19.853333,18.773333
0.856266,19.840000,18.799999
0.856668,19.833332,18.799999
0.857069,19.880001,18.786667
0.857471,19.793333,18.686666
0.857872,19.846666,18.799999
0.858273,19.840000,18.786667
0.858674,19.786665,18.786667
0.859075,19.900000,18.786667
0.859476,19.939999,18.766666
0.859877,19.853333,18.813334
0.860279,19.806665,18.793333
0.860680,19.766666,18.799999
0.861081,19.840000,18.799999
0.861483,19.840000,18.786667
0.861885,19.840000,18.786667
0.862286,19.793333,18.779999
0.862687,19.946667,18.793333
0.863088,19.840000,18.766666
0.863490,19.820000,18.833334
0.863893,19.820000,18.793333
0.864294,19.846666,18.973333
0.864695,19.826666,18.766666
0.865096,19.786665,18.726665
0.865498,19.873333,18.786667
0.865900,19.806665,18.773333
0.866301,19.846666,18.766666
0.866702,19.826666,18.779999
0.867104,19.820000,18.779999
0.867505,19.813332,18.779999
0.867907,19.846666,18.873333
0.868308,19.760000,18.726665
0.868710,19.860001,18.799999
0.869112,19.779999,18.759998
0.869513,19.813332,18.746666
0.869915,19.806665,18.766666
0.870316,19.806665,18.766666
0.870717,19.806665,18.766666
0.871118,19.820000,18.599998
0.871520,19.833332,18.846666
0.871921,19.793333,18.746666
0.872322,19.806665,18.786667
0.872724,19.806665,18.740000
0.873125,19.766666,18.753332
0.873526,19.799999,18.779999
0.873927,19.799999,18.873333
0.874328,19.786665,18.759998
0.874729,19.766666,18.733332
0.875130,19.779999,18.726665
0.875531,19.773333,18.733332
0.875932,19.793333,18.733332
0.876334,19.793333,18.686666
0.876736,19.760000,18.813334
0.877138,19.679998,18.733332
0.877539,19.760000,18.719999
0.877940,19.740000,18.719999
0.878341,19.753334,18.713333
0.878742,19.746666,18.713333
0.879143,19.773333,18.719999
0.879544,19.726667,18.680000
0.879945,19.733334,18.913332
0.880348,19.706667,18.713333
0.880749,19.719999,18.660000
0.881150,19.733334,18.680000
0.881552,19.733334,18.733332
0.881953,19.746666,18.686666
0.882354,19.766666,18.666666
0.882756,19.679998,18.673334
0.883158,19.706667,18.673334
0.883559,19.719999,18.660000
0.883960,19.713333,18.706667
0.884362,19.820000,18.566668
0.884763,19.686666,18.786667
0.885165,19.686666,18.646666
0.885566,19.686666,18.673334
0.885967,19.686666,18.586666
0.886368,19.686666,18.646666
0.886770,19.679998,18.653334
0.887171,19.686666,18.646666
0.887572,19.653332,18.666666
0.887974,19.639999,18.639999
0.888376,19.593332,18.626665
0.888777,19.639999,18.673334
0.889179,19.659998,18.606665
0.889580,19.639999,18.613333
0.889981,19.620001,18.553333
0.890382,19.639999,18.613333
0.890784,19.633333,18.580000
0.891185,19.620001,18.619999
0.891586,19.626667,18.613333
0.891988,19.573334,18.599998
0.892389,19.659998,18.586666
0.892790,19.539999,18.586666
0.893191,19.620001,18.586666
0.893592,19.600000,18.506666
0.893994,19.580000,18.686666
0.894395,19.553333,18.486666
0.894796,19.566666,18.686666
0.895197,19.573334,18.526667
0.895598,19.580000,18.539999
0.895999,19.620001,18.553333
0.896401,19.513332,18.526667
0.896802,19.519999,18.526667
0.897203,19.586666,18.553333
0.897604,19.533333,18.440001
0.898006,19.506666,18.513332
0.898408,19.533333,18.526667
0.898810,19.453333,18.526667
0.899211,19.426666,18.506666
0.899612,19.459999,18.506666
0.900013,19.480000,18.493332
0.900415,19.480000,18.486666
0.900816,19.466667,18.446667
0.901217,19.473333,18.520000
0.901618,19.400000,18.486666
0.902019,19.439999,18.593332
0.902421,19.453333,18.420000
0.902822,19.459999,18.473331
0.903223,19.433332,18.466665
0.903628,19.439999,18.440001
0.904029,19.433332,18.453333
0.904430,19.433332,18.400000
0.904832,19.413332,18.440001
0.905233,19.406666,18.400000
0.905635,19.420000,18.400000
0.906036,19.373333,18.420000
0.906437,19.286665,18.393333
0.906838,19.326666,18.393333
0.907240,19.400000,18.326666
0.907642,19.360001,18.400000
0.908043,19.366667,18.359999
0.908444,19.353334,18.386665
0.908846,19.373333,18.326666
0.909247,19.340000,18.320000
0.909648,19.320000,18.406666
0.910049,19.340000,18.273333
0.910450,19.320000,18.313334
0.910852,19.299999,18.280001
0.911253,19.326666,18.333332
0.911655,19.293333,18.286667
0.912057,19.273333,18.293333
0.912458,19.266666,18.266666
0.912859,19.293333,18.273333
0.913261,19.233334,18.266666
0.913662,19.219999,18.233332
0.914064,19.246666,18.240000
0.914465,19.233334,18.273333
0.914867,19.206667,18.246666
0.915268,19.233334,18.213333
0.915669,19.246666,18.233332
0.916071,19.213333,18.106667
0.916473,19.160000,18.199999
0.916874,19.213333,18.199999
0.917275,19.246666,18.213333
0.917676,19.119999,18.213333
0.918077,19.166666,18.166666
0.918479,19.193333,18.160000
0.918881,19.039999,18.139999
0.919282,19.133331,18.180000
0.919683,19.146666,18.146666
0.920084,19.100000,18.146666
0.920485,19.133331,18.146666
0.920886,19.166666,18.160000
0.921287,19.100000,18.139999
0.921689,19.073334,18.139999
0.922090,19.046667,18.099998
0.922491,19.066666,18.086666
0.922893,19.046667,18.160000
0.923294,19.039999,18.059999
0.923696,19.073334,18.079998
0.924097,19.033333,18.059999
0.924499,19.033333,18.053333
0.924901,19.046667,18.040001
0.925302,19.013332,18.020000
0.925703,18.999998,18.040001
0.926104,18.933332,18.020000
0.926505,18.973333,17.900000
0.926906,18.960001,17.873333
0.927307,18.906666,18.000000
0.927709,18.933332,17.966665
0.928110,18.920000,17.953333
0.928512,18.913332,17.953333
0.928913,18.873333,17.913334
0.929315,18.906666,17.973333
0.929716,18.879999,17.939999
0.930117,18.906666,18.006666
0.930519,18.853333,17.926666
0.930921,18.813334,17.799999
0.931322,18.853333,17.886667
0.931723,18.813334,17.886667
0.932124,18.853333,17.873333
0.932525,18.859999,18.020000
0.932926,18.799999,17.866667
0.933327,18.786667,17.840000
0.933729,18.773333,17.826666
0.934130,18.759998,17.840000
0.934531,18.713333,17.820000
0.934932,18.799999,17.746666
0.935333,18.740000,17.846666
0.935735,18.673334,17.766666
0.936136,18.726665,17.793333
0.936538,18.740000,17.746666
0.936939,18.673334,17.746666
0.937341,18.693333,17.780001
0.937743,18.666666,17.733334
0.938145,18.653334,17.753334
0.938547,18.646666,17.719999
0.938948,18.646666,17.706665
0.939349,18.639999,17.686666
0.939751,18.533333,17.653334
0.940153,18.639999,17.666666
0.940555,18.593332,17.666666
0.940957,18.566668,17.686666
0.941361,18.573334,17.619999
0.941762,18.566668,17.653334
0.942163,18.759998,17.619999
0.942564,18.566668,17.539999
0.942965,18.526667,17.613333
0.943367,18.520000,17.606667
0.943768,18.500000,17.593332
0.944169,18.520000,17.539999
0.944570,18.493332,17.433332
0.944971,18.459999,17.506666
0.945372,18.453333,17.539999
0.945774,18.433334,17.500000
0.946175,18.413334,17.453333
0.946577,18.400000,17.473333
0.946978,18.406666,17.480000
0.947379,18.386665,17.466665
0.947781,18.400000,17.466665
0.948182,18.413334,17.446667
0.948583,18.346666,17.413332
0.948985,18.353333,17.433332
0.949387,18.393333,17.419998
0.949788,18.333332,17.373333
0.950189,18.299999,17.366667
0.950590,18.299999,17.386667
0.950991,18.299999,17.413332
0.951393,18.266666,17.266666
0.951794,18.313334,17.293333
0.952195,18.206665,17.333332
0.952597,18.226665,17.333332
0.952998,18.233332,17.293333
0.953399,18.226665,17.293333
0.953801,18.240000,17.279999
0.954202,18.173334,17.266666
0.954604,18.153334,17.266666
0.955005,18.146666,17.219999
0.955408,18.139999,17.213333
0.955809,18.166666,17.293333
0.956211,18.126667,17.186666
0.956612,18.079998,17.186666
0.957013,18.033333,17.253334
0.957415,18.086666,17.153332
0.957816,18.040001,17.133333
0.958217,18.066666,17.120001
0.958618,18.073332,17.166666
0.959020,18.020000,17.073334
0.959422,18.020000,16.986668
0.959823,18.000000,17.146666
0.960225,17.986666,17.059999
0.960626,18.046667,17.093332
0.961028,17.966665,17.026665
0.961429,17.946665,17.039999
0.961830,17.906668,16.993334
0.962232,17.920000,17.026665
0.962633,17.886667,17.026665
0.963034,17.886667,16.933332
0.963436,17.866667,16.946667
0.963839,17.859999,16.953333
0.964240,17.833332,16.906666
0.964641,17.820000,16.926666
0.965042,17.840000,16.939999
0.965443,17.799999,16.906666
0.965844,18.026667,16.886665
0.966245,17.773333,16.906666
0.966647,17.840000,16.900000
0.967048,17.740000,16.846666
0.967449,17.746666,16.846666
0.967850,17.693333,16.860001
0.968252,17.760000,16.840000
0.968654,17.726665,16.799999
0.969055,17.653334,16.806665
0.969456,17.653334,16.786665
0.969858,17.653334,16.786665
0.970260,17.613333,16.779999
0.970662,17.613333,16.726667
0.971065,17.613333,16.733334
0.971466,17.600000,16.713333
0.971868,17.559999,16.713333
0.972270,17.520000,16.713333
0.972671,17.493334,16.846666
0.973072,17.553331,16.680000
0.973473,17.493334,16.619999
0.973874,17.500000,16.646666
0.974276,17.473333,16.619999
0.974677,17.473333,16.619999
0.975079,17.419998,16.619999
0.975481,17.433332,16.553333
0.975882,17.413332,16.559999
0.976284,17.393333,16.533333
0.976685,17.373333,16.526667
0.977086,17.360001,16.573334
0.977487,17.406666,16.519999
0.977888,17.320000,16.499998
0.978290,17.313332,16.446667
0.978691,17.299999,16.433332
0.979092,17.299999,16.400000
0.979494,17.293333,16.393333
0.979895,17.253334,16.386665
0.980297,17.233334,16.400000
0.980698,17.240000,16.320000
0.981099,17.206667,16.400000
0.981500,17.293333,16.353333
0.981901,17.173332,16.279999
0.982302,17.186666,16.266666
0.982703,17.126667,16.273333
0.983104,17.113333,16.346666
0.983505,17.100000,16.246666
0.983906,17.093332,16.340000
0.984307,17.100000,16.200001
0.984708,17.039999,16.206667
0.985109,17.073334,16.126665
0.985510,17.013332,16.299999
0.985912,16.993334,16.126665
0.986313,16.966667,16.099998
0.986714,16.980000,16.066668
0.987116,16.953333,16.086666
0.987518,16.946667,16.099998
0.987919,16.953333,16.039999
0.988320,16.926666,16.039999
0.988721,16.926666,16.000000
0.989122,16.886665,15.980000
0.989523,16.893332,15.926666
0.989924,16.873333,15.940000
0.990326,16.873333,15.913334
0.990728,16.806665,15.913334
0.991129,16.826666,15.893333
0.991530,16.833334,15.906666
0.991932,16.813334,15.853333
0.992334,16.786665,15.866667
0.992736,16.766666,15.853333
0.993137,16.733334,15.780001
0.993538,16.706667,15.753332
0.993940,16.740000,15.773333
0.994341,16.706667,15.740000
0.994742,16.706667,15.720000
0.995143,16.686666,15.740000
0.995544,16.633331,15.706666
0.995945,16.626665,15.653334
0.996347,16.586666,15.660000
0.996749,16.566666,15.606667
0.997150,16.573334,15.653334
0.997551,16.553333,15.633333
0.997953,16.539999,15.553332
0.998354,16.493332,15.573333
0.998755,16.486666,15.566667
0.999156,16.453333,15.540000
0.999557,16.420000,15.400000
0.999959,16.446667,15.513332
1.000361,16.433332,15.486666
1.000762,16.326666,15.460000
1.001163,16.313334,15.453334
1.001566,16.406666,15.366667
1.001967,16.333334,15.400000
1.002368,16.240000,15.333333
1.002769,16.293333,15.333333
1.003170,16.253332,15.313333
1.003571,16.226665,15.433333
1.003972,16.213333,15.306666
1.004374,16.186666,15.280000
1.004775,16.173334,15.240000
1.005177,16.160000,15.233334
1.005578,16.153334,15.213333
1.005981,16.113333,15.273333
1.006382,16.113333,15.219999
1.006783,16.093332,15.153333
1.007185,16.053333,15.146667
1.007586,16.013332,15.146667
1.007988,16.006666,15.100000
1.008390,16.080000,14.953333
1.008793,15.986667,15.159999
1.009196,15.973332,14.953333
1.009598,15.926666,14.953333
1.009999,16.000000,14.953333
1.010401,15.866667,14.953333
1.010802,16.006666,14.953333
1.011203,15.853333,14.953333
1.011605,15.813333,14.893332
1.012006,15.780001,14.940000
1.012408,15.766666,14.866667
1.012809,15.746666,14.853333
1.013210,15.706666,14.813333
1.013611,15.720000,14.806666
1.014012,15.706666,14.813333
1.014414,15.693334,14.780000
1.014815,15.626667,14.766665
1.015216,15.599999,14.773334
1.015618,15.573333,14.693333
1.016019,15.560000,14.693333
1.016421,15.566667,14.633332
1.016823,15.506666,14.666667
1.017224,15.493332,14.353333
1.017626,15.400000,14.600000
1.018029,15.486666,14.606667
1.018430,15.579999,14.606667
1.018831,15.406667,14.546666
1.019232,15.419999,14.520000
1.019633,15.393333,14.420000
1.020034,15.373333,14.520000
1.020436,15.320001,14.480000
1.020837,15.320001,14.420000
1.021239,15.306666,14.506667
1.021641,15.266666,14.353333
1.022042,15.240000,14.380000
1.022443,15.226665,14.346666
1.022844,15.206666,14.346666
1.023245,15.219999,14.320000
1.023646,15.173333,14.173332
1.024047,15.159999,14.273334
1.024449,15.193334,14.286666
1.024850,15.093332,14.313334
1.025252,15.119999,14.239999
1.025654,15.026666,14.219999
1.026055,15.066667,14.186666
1.026457,14.953333,14.073334
1.026858,14.933333,14.140000
1.027259,14.919999,14.113334
1.027661,14.899999,14.093333
1.028062,14.820000,14.059999
1.028464,14.906667,14.053333
1.028865,14.860001,14.053333
1.029267,14.853333,14.020000
1.029668,14.800000,14.013333
1.030070,14.780000,13.873334
1.030471,14.753333,13.926666
1.030872,14.786666,13.920000
1.031274,14.699999,13.906666
1.031675,14.699999,13.880000
1.032076,14.613333,13.880000
1.032477,14.646667,13.866666
1.032879,14.646667,13.806667
1.033280,14.613333,13.806667
1.033681,14.600000,13.766666
1.034084,14.580000,13.786667
1.034485,14.566666,13.759999
1.034886,14.453333,13.706666
1.035287,14.466667,13.686666
1.035688,14.459999,13.673334
1.036089,14.439999,13.740001
1.036491,14.433332,13.633333
1.036892,14.420000,13.646666
1.037293,14.393332,13.646666
1.037694,14.346666,13.520000
1.038095,14.346666,13.553333
1.038497,14.286666,13.559999
1.038899,14.299999,13.460000
1.039301,14.273334,13.473332
1.039702,14.246667,13.500000
1.040104,14.340000,13.460000
1.040505,14.200001,13.413334
1.040906,14.173332,13.306666
1.041308,14.173332,13.400000
1.041709,14.133332,13.433333
1.042110,14.120000,13.313333
1.042511,14.153333,13.366667
1.042913,14.140000,13.313333
1.043315,14.020000,13.313333
1.043717,14.053333,13.246666
1.044119,13.979999,13.259999
1.044520,13.973332,13.233334
1.044921,13.973332,13.113333
1.045322,13.933332,13.153334
1.045723,13.906666,13.133333
1.046125,13.833333,13.120000
1.046527,13.986667,12.953333
1.046929,13.820000,13.093333
1.047330,13.806667,13.040000
1.047732,13.786667,13.013333
1.048134,13.720000,12.973333
1.048535,13.733333,12.960000
1.048938,13.726666,12.986666
1.049340,13.653334,12.946667
1.049742,13.673334,12.833333
1.050144,13.646666,12.886666
1.050545,13.639999,12.953333
1.050948,13.606666,12.706667
1.051349,13.599999,12.873333
1.051751,13.559999,12.846666
1.052152,13.420000,12.766666
1.052553,13.533333,12.773334
1.052954,13.466666,12.766666
1.053356,13.466666,12.746666
1.053758,13.446666,12.733333
1.054160,13.440000,12.700000
1.054562,13.420000,12.673333
1.054963,13.400000,12.719999
1.055364,13.339999,12.599999
1.055767,13.300000,12.593333
1.056169,13.300000,12.593333
1.056571,13.246666,12.613333
1.056972,13.246666,12.433333
1.057374,13.213333,12.493333
1.057775,13.226666,12.473333
1.058176,13.266666,12.493333
1.058578,13.146667,12.420000
1.058979,13.139999,12.420000
1.059381,13.106667,12.433333
1.059782,13.146667,12.360000
1.060183,13.113333,12.506667
1.060584,13.106667,12.339999
1.060985,13.059999,12.413333
1.061387,12.993333,12.259999
1.061788,12.973333,12.246667
1.062189,12.946667,12.246667
1.062591,12.900000,12.213333
1.062992,12.933333,12.233334
1.063394,12.860000,12.186666
1.063795,12.853333,12.120000
1.064196,12.840000,12.106667
1.064598,12.826667,12.100000
1.064999,12.773334,12.066666
1.065401,12.733333,12.053333
1.065802,12.719999,12.006666
1.066203,12.706667,11.993333
1.066605,12.700000,11.973333
1.067006,12.653333,11.933332
1.067408,12.640000,11.920000
1.067810,12.580000,11.900000
1.068212,12.553333,11.860000
1.068614,12.599999,11.866666
1.069016,12.533333,11.846666
1.069418,12.513333,11.760000
1.069819,12.473333,11.773334
1.070220,12.466666,11.746666
1.070621,12.420000,11.633333
1.071022,12.420000,11.726666
1.071423,12.393332,11.706667
1.071826,12.353333,11.666666
1.072228,12.599999,11.660000
1.072629,12.339999,11.633333
1.073031,12.273333,11.580000
1.073433,12.253333,11.546666
1.073834,12.259999,11.546666
1.074236,12.246667,11.559999
1.074638,12.213333,11.526667
1.075039,12.120000,11.466666
1.075441,12.113334,11.400000
1.075842,12.086666,11.453334
1.076243,12.153333,11.513333
1.076645,11.993333,11.433333
1.077046,11.993333,11.360000
1.077448,12.066666,11.366667
1.077851,12.006666,11.333333
1.078252,11.940000,11.300000
1.078653,11.906667,11.286666
1.079054,11.900000,11.233333
1.079456,11.866666,11.266666
1.079858,11.873333,11.200000
1.080259,11.820000,11.173333
1.080661,11.753333,11.153333
1.081062,11.760000,11.173333
1.081463,11.726666,11.266666
1.081864,11.673333,11.133333
1.082266,11.733333,11.073333
1.082667,11.806666,11.046666
1.083068,11.653334,10.986667
1.083469,11.646667,11.006666
1.083870,11.626666,11.000000
1.084271,11.566667,10.913333
1.084672,11.539999,10.966666
1.085074,11.506666,10.879999
1.085476,11.566667,10.853333
1.085877,11.500000,10.840000
1.086278,11.506666,10.946666
1.086679,11.440000,10.833333
1.087081,11.406666,10.840000
1.087483,11.366667,10.806666
1.087884,11.366667,10.759999
1.088286,11.346666,10.706666
1.088687,11.286666,10.720000
1.089088,11.266666,10.666667
1.089490,11.246667,10.639999
1.089893,11.219999,10.613333
1.090294,11.193334,10.620000
1.090696,11.173333,10.620000
1.091099,11.166666,10.513333
1.091501,11.166666,10.513333
1.091902,11.086666,10.493333
1.092304,11.086666,10.413333
1.092706,10.966666,10.460000
1.093107,11.146667,10.400000
1.093508,11.066667,10.386666
1.093909,11.000000,10.440000
1.094311,11.020000,10.346666
1.094712,10.926667,10.326667
1.095115,10.886666,10.306666
1.095517,10.873333,10.306666
1.095919,10.840000,10.240000
1.096320,10.840000,10.226666
1.096722,10.800000,10.340000
1.097123,10.800000,10.206667
1.097524,10.800000,10.140000
1.097927,10.726666,10.140000
1.098328,10.733334,10.046666
1.098730,10.673333,10.106667
1.099132,10.666667,10.086666
1.099533,10.626666,10.046666
1.099934,10.633333,10.126667
1.100335,10.626666,9.959999
1.100736,10.559999,9.980000
1.101137,10.559999,9.966666
1.101538,10.533334,9.940001
1.101940,10.426666,9.959999
1.102341,10.486666,9.793333
1.102743,10.306666,9.873333
1.103144,10.426666,9.826666
1.103545,10.406667,9.800000
1.103946,10.373333,9.800000
1.104348,10.340000,9.766666
1.104749,10.346666,9.780000
1.105151,10.313334,9.693333
1.105554,10.260000,9.759999
1.105956,10.240000,9.680000
1.106361,10.193334,9.639999
1.106762,10.193334,9.626666
1.107163,10.059999,9.580000
1.107564,10.093333,9.593333
1.107966,10.106667,9.600000
1.108368,10.113333,9.626666
1.108770,10.020000,9.533333
1.109172,10.093333,9.460000
1.109573,10.033333,9.473333
1.109976,9.993333,9.346666
1.110377,10.179999,9.346666
1.110779,9.940001,9.346666
1.111180,9.920000,9.340000
1.111582,9.900000,9.346666
1.111984,9.860000,9.320000
1.112386,9.846666,9.280000
1.112788,9.806666,9.233333
1.113191,9.786667,9.046666
1.113592,9.740000,9.233333
1.113994,9.726666,9.220000
1.114396,9.726666,9.106667
1.114797,9.740000,9.153334
1.115199,9.660000,9.099999
1.115600,9.646667,9.080000
1.116001,9.620000,9.093333
1.116402,9.553333,9.059999
1.116803,9.606667,9.033333
1.117205,9.546667,9.006666
1.117606,9.520000,8.906666
1.118007,9.379999,8.913333
1.118409,9.426666,8.913333
1.118810,9.559999,8.913333
1.119212,9.266666,8.893333
1.119613,9.333333,8.846666
1.120015,9.340000,8.833333
1.120416,9.306666,8.780000
1.120819,9.286667,8.766666
1.121220,9.293333,8.760000
1.121622,9.240000,8.666666
1.122023,9.186666,8.700000
1.122424,9.200000,8.660000
1.122827,9.153334,8.660000
1.123229,9.133333,8.646667
1.123630,9.120000,8.606667
1.124031,9.113333,8.586666
1.124434,9.113333,8.453333
1.124837,9.013333,8.566667
1.125239,9.020000,8.546666
1.125640,9.000000,8.493334
1.126041,8.953334,8.493334
1.126442,8.900000,8.566667
1.126843,8.926666,8.379999
1.127244,8.920000,8.473333
1.127645,8.873333,8.379999
1.128047,8.860000,8.500000
1.128449,8.839999,8.320000
1.128850,8.780000,8.306666
1.129251,8.860000,8.280000
1.129652,8.740000,8.259999
1.130054,8.680000,8.226666
1.130455,8.693334,8.246666
1.130858,8.726666,8.220000
1.131259,8.646667,8.179999
1.131660,8.606667,8.166667
1.132061,8.633333,8.146667
1.132463,8.540000,8.120000
1.132864,8.466666,8.066667
1.133266,8.513332,8.040000
1.133668,8.486667,8.026667
1.134070,8.466666,8.026667
1.134472,8.446666,7.933333
1.134873,8.413333,7.920000
1.135274,8.393332,7.853333
1.135677,8.460000,7.906666
1.136079,8.326666,7.880000
1.136480,8.346666,7.866666
1.136882,8.280000,7.840000
1.137283,8.293333,7.800000
1.137684,8.253333,7.780000
1.138087,8.226666,7.746666
1.138490,8.200000,7.753333
1.138891,8.173333,7.706666
1.139293,8.153334,7.626667
1.139695,8.126666,7.686666
1.140096,8.100000,7.660000
1.140497,8.059999,7.566667
1.140898,8.053332,7.660000
1.141300,8.026667,7.559999
1.141701,8.013333,7.540000
1.142104,7.966667,7.426666
1.142506,7.946667,7.506667
1.142907,7.920000,7.480000
1.143308,7.860000,7.453333
1.143709,7.886666,7.493333
1.144110,7.866666,7.406666
1.144513,7.773333,7.393333
1.144915,7.800000,7.346666
1.145317,7.780000,7.340000
1.145719,7.766666,7.326666
1.146120,7.726667,7.293333
1.146522,7.733333,7.320000
1.146924,7.653333,7.273333
1.147325,7.660000,7.219999
1.147727,7.646666,7.180000
1.148129,7.606667,7.193333
1.148530,7.586667,7.160000
1.148932,7.566667,7.113333
1.149334,7.513333,7.093333
1.149736,7.500000,7.080000
1.150137,7.540000,7.053333
1.150538,7.440000,7.073333
1.150939,7.366667,7.060000
1.151340,7.420000,6.986666
1.151742,7.453333,7.080000
1.152143,7.340000,7.046667
1.152544,7.300000,6.920000
1.152945,7.333333,6.933333
1.153346,7.286667,6.886666
1.153747,7.253334,6.780000
1.154148,7.253334,6.866666
1.154550,7.206666,6.826667
1.154952,7.126667,6.766666
1.155353,7.166667,6.800000
1.155754,7.166667,6.793334
1.156156,7.119999,6.720000
1.156558,7.093333,6.700000
1.156959,7.060000,6.666667
1.157361,6.993333,6.633333
1.157762,7.033333,6.680000
1.158163,7.053333,6.620000
1.158564,7.100000,6.620000
1.158965,6.966666,6.546667
1.159367,6.926667,6.513333
1.159768,6.940000,6.540000
1.160169,6.933333,6.546667
1.160570,6.880000,6.466667
1.160971,6.840000,6.673334
1.161373,6.806667,6.406667
1.161774,6.833333,6.360000
1.162175,6.766666,6.360000
1.162577,6.766666,6.360000
1.162978,6.706667,6.293333
1.163380,6.693333,6.300000
1.163782,6.680000,6.286667
1.164183,6.646667,6.240000
1.164584,6.633333,6.233333
1.164985,6.593333,6.220000
1.165386,6.573333,6.193333
1.165789,6.580000,6.153333
1.166190,6.480000,6.113333
1.166591,6.466667,6.113333
1.166992,6.466667,6.113333
1.167394,6.486667,6.173333
1.167796,6.406667,6.060000
1.168197,6.300000,6.040000
1.168599,6.326666,5.980000
1.169000,6.413333,6.020000
1.169402,6.360000,5.940000
1.169804,6.300000,5.933333
1.170205,6.286667,5.926667
1.170606,6.240000,5.940000
1.171007,6.206666,5.853333
1.171409,6.213333,5.853333
1.171810,6.173333,5.866666
1.172211,6.153333,5.833333
1.172612,6.093333,5.793334
1.173013,6.020000,5.766666
1.173415,6.106667,5.733333
1.173816,6.046667,5.700000
1.174217,5.993333,5.660000
1.174619,6.060000,5.713333
1.175021,6.013333,5.620000
1.175422,5.940000,5.580000
1.175823,5.933333,5.760000
1.176225,5.953333,5.646667
1.176627,5.940000,5.473333
1.177028,5.893333,5.506666
1.177430,5.866666,5.573333
1.177831,5.833333,5.493333
1.178233,5.820000,5.506666
1.178634,5.766666,5.493333
1.179035,5.773333,5.466667
1.179437,5.746666,5.426667
1.179838,5.673333,5.413333
1.180239,5.706666,5.426667
1.180640,5.640000,5.393333
1.181043,5.653333,5.333333
1.181444,5.620000,5.266667
1.181845,5.560000,5.286666
1.182246,5.586667,5.253333
1.182648,5.586667,5.240000
1.183049,5.586667,5.213333
1.183451,5.539999,5.213333
1.183854,5.433333,4.980000
1.184255,5.460000,5.186666
1.184656,5.433333,5.140000
1.185057,5.420000,5.120000
1.185458,5.353333,5.093333
1.185859,5.380000,5.080000
1.186260,5.353333,5.080000
1.186662,5.366667,5.060000
1.187063,5.286666,5.060000
1.187465,5.280000,4.980000
1.187866,5.280000,4.993333
1.188267,5.246666,4.946666
1.188668,5.206666,4.953333
1.189071,5.220000,4.793333
1.189473,5.166667,4.886666
1.189874,5.146667,4.886666
1.190275,5.153333,4.793333
1.190676,5.120000,4.880000
1.191077,5.153333,4.813333
1.191478,5.106667,4.886666
1.191880,5.080000,4.700000
1.192281,5.086667,4.753333
1.192682,5.020000,4.753333
1.193085,5.006667,4.753333
1.193486,4.940000,4.646667
1.193887,4.940000,4.686666
1.194288,4.933333,4.680000
1.194689,4.946666,4.653333
1.195090,4.893333,4.620000
1.195491,4.880000,4.606667
1.195893,4.866667,4.573333
1.196294,4.833333,4.606667
1.196695,4.806667,4.540000
1.197096,4.773334,4.480000
1.197498,4.760000,4.366666
1.197899,4.740000,4.486666
1.198300,4.720000,4.500000
1.198702,4.706666,4.446667
1.199103,4.606667,4.420000
1.199504,4.660000,4.413333
1.199905,4.626667,4.380000
1.200307,4.620000,4.333333
1.200708,4.586667,4.353333
1.201111,4.560000,4.346667
1.201513,4.560000,4.306667
1.201914,4.513333,4.293333
1.202315,4.493333,4.240000
1.202716,4.546667,4.286666
1.203118,4.480000,4.293333
1.203519,4.440000,4.226666
1.203921,4.433333,4.206666
1.204322,4.473333,4.173333
1.204723,4.373333,4.166667
1.205124,4.353333,4.106667
1.205525,4.333333,4.113333
1.205926,4.413333,4.093333
1.206327,4.326666,4.120000
1.206729,4.320000,4.086667
1.207130,4.280000,4.053333
1.207531,4.260000,4.040000
1.207932,4.253333,4.113333
1.208334,4.220000,3.900000
1.208735,4.186666,3.973333
1.209138,4.186666,3.960000
1.209540,4.153333,3.933333
1.209943,4.173333,3.906667
1.210344,4.160000,4.026666
1.210746,4.093333,3.986666
1.211148,4.066667,3.840000
1.211550,4.073333,3.833333
1.211951,4.026666,3.833333
1.212353,4.026666,3.813334
1.212754,4.006667,3.746666
1.213157,4.013333,3.746666
1.213560,3.966667,3.746666
1.213962,3.960000,3.686666
1.214363,3.933333,3.713333
1.214764,3.920000,3.633333
1.215165,3.900000,3.660000
1.215567,3.853333,3.653333
1.215969,3.833333,3.593333
1.216370,3.853333,3.593333
1.216773,3.793333,3.580000
1.217175,3.726667,3.533333
1.217577,3.786667,3.546667
1.217979,3.733333,3.546667
1.218381,3.686666,3.580000
1.218782,3.820000,3.480000
1.219183,3.646667,3.486667
1.219585,3.686666,3.413333
1.219986,3.626667,3.453333
1.220389,3.646667,3.420000
1.220792,3.593333,3.400000
1.221193,3.593333,3.413333
1.221594,3.566667,3.373333
1.221995,3.480000,3.380000
1.222397,3.526666,3.380000
1.222798,3.486667,3.133333
1.223200,3.486667,3.313333
1.223601,3.486667,3.313333
1.224002,3.420000,3.260000
1.224404,3.433333,3.320000
1.224805,3.400000,3.213333
1.225206,3.360000,3.226667
1.225609,3.373333,3.220000
1.226011,3.326667,3.133333
1.226412,3.346666,3.140000
1.226814,3.366667,3.166667
1.227215,3.306667,3.160000
1.227617,3.293333,3.133333
1.228019,3.293333,3.100000
1.228422,3.253333,3.040000
1.228823,3.226667,3.053333
1.229225,3.226667,3.046667
1.229628,3.213333,3.046667
1.230029,3.180000,3.013333
1.230430,3.166667,2.980000
1.230831,3.126667,2.973333
1.231232,3.060000,2.953333
1.231634,3.126667,3.000000
1.232036,3.086667,2.960000
1.232437,3.066667,2.986667
1.232839,3.033333,2.880000
1.233240,3.046667,2.893333
1.233642,3.073333,2.853333
1.234044,3.006667,2.833333
1.234445,3.040000,2.826667
1.234847,2.940000,2.813333
1.235248,2.960000,2.806667
1.235650,2.953333,2.786667
1.236051,2.920000,2.813333
1.236452,2.920000,2.746667
1.236853,2.780000,2.740000
1.237254,2.873333,2.706666
1.237655,2.866667,2.673333
1.238057,2.826667,2.640000
1.238458,2.813333,2.726667
1.238859,2.793333,2.606667
1.239261,2.793333,2.713333
1.239662,2.726667,2.613333
1.240063,2.753333,2.573333
1.240464,2.740000,2.253333
1.240867,2.793333,2.593333
1.241269,2.706666,2.646667
1.241670,2.673333,2.553333
1.242071,2.693333,2.533333
1.242473,2.646667,2.460000
1.242874,2.573333,2.553333
1.243276,2.526667,2.493333
1.243677,2.700000,2.453333
1.244078,2.540000,2.420000
1.244480,2.620000,2.453333
1.244881,2.586667,2.426666
1.245283,2.540000,2.393333
1.245684,2.506666,2.413333
1.246086,2.506666,2.386667
1.246488,2.533333,2.346667
1.246890,2.466667,2.346667
1.247292,2.446667,2.260000
1.247693,2.426666,2.353333
1.248096,2.413333,2.306667
1.248497,2.400000,2.400000
1.248898,2.406667,2.260000
1.249300,2.273333,2.246667
1.249701,2.340000,2.200000
1.250102,2.380000,2.253333
1.250503,2.360000,2.220000
1.250904,2.306667,2.213333
1.251306,2.386667,2.206667
1.251708,2.313333,2.160000
1.252109,2.360000,2.186667
1.252511,2.266667,2.173333
1.252912,2.266667,2.140000
1.253313,2.233333,2.113333
1.253715,2.240000,2.106667
1.254116,2.206667,2.093333
1.254518,2.206667,2.086667
1.254919,2.166667,2.086667
1.255320,2.133333,2.006667
1.255721,2.126667,2.020000
1.256123,2.126667,1.873333
1.256524,2.106667,2.013333
1.256925,2.093333,1.993333
1.257326,2.093333,1.973333
1.257727,2.133333,1.940000
1.258129,2.033333,1.973333
1.258531,2.073333,1.946667
1.258932,2.040000,1.906667
1.259333,2.020000,1.926667
1.259734,1.986667,1.893333
1.260136,2.000000,1.920000
1.260537,1.973333,1.873333
1.260938,2.193333,1.840000
1.261340,1.926667,1.780000
1.261741,1.933333,1.820000
1.262142,1.913333,1.806667
1.262544,1.920000,1.766667
1.262945,1.860000,1.813333
1.263346,1.900000,1.773333
1.263747,1.860000,1.913333
1.264150,1.880000,1.740000
1.264551,1.860000,1.733333
1.264952,1.886667,1.720000
1.265354,1.786667,1.726667
1.265755,1.753333,1.793333
1.266156,1.773333,1.686667
1.266558,1.720000,1.673333
1.266959,1.753333,1.646667
1.267362,1.746667,1.653333
1.267763,1.733333,1.646667
1.268164,1.693333,1.613333
1.268565,1.666667,1.673333
1.268966,1.700000,1.533333
1.269368,1.626667,1.593333
1.269769,1.660000,1.573333
1.270170,1.640000,1.560000
1.270571,1.633333,1.680000
1.270972,1.626667,1.573333
1.271374,1.620000,1.593333
1.271776,1.606667,1.573333
1.272177,1.566667,1.506667
1.272578,1.593333,1.493333
1.272979,1.553333,1.466667
1.273382,1.480000,1.480000
1.273783,1.546667,1.466667
1.274184,1.546667,1.446667
1.274585,1.533333,1.420000
1.274986,1.520000,1.433333
1.275388,1.480000,1.480000
1.275789,1.526667,1.393333
1.276190,1.413333,1.393333
1.276591,1.466667,1.346667
1.276992,1.533333,1.393333
1.277394,1.420000,1.300000
1.277795,1.460000,1.353333
1.278196,1.393333,1.326667
1.278598,1.406667,1.306667
1.279000,1.380000,1.313333
1.279401,1.366667,1.300000
1.279802,1.360000,1.286667
1.280203,1.346667,1.266667
1.280605,1.326667,1.320000
1.281006,1.340000,1.240000
1.281409,1.300000,1.233333
1.281810,1.333333,1.213333
1.282212,1.293333,1.220000
1.282614,1.300000,1.226667
1.283015,1.273333,1.206667
1.283416,1.246667,1.206667
1.283817,1.240000,1.180000
1.284219,1.220000,1.153333
1.284620,1.266667,1.126667
1.285023,1.220000,1.186667
1.285424,1.220000,1.206667
1.285825,1.206667,1.120000
1.286226,1.173333,1.106667
1.286628,1.186667,1.106667
1.287030,1.160000,1.073333
1.287431,1.173333,1.113333
1.287832,1.120000,1.100000
1.288234,1.133333,1.073333
1.288636,1.126667,1.073333
1.289037,1.133333,1.066667
1.289440,1.073333,1.060000
1.289842,1.100000,1.033333
1.290243,1.086667,0.973333
1.290644,1.060000,1.033333
1.291045,1.033333,1.033333
1.291447,1.053333,1.060000
1.291850,1.020000,0.980000
1.292252,1.040000,1.000000
1.292653,1.060000,0.986667
1.293054,1.040000,0.946667
1.293456,0.980000,0.953333
1.293857,1.013333,0.960000
1.294259,1.006667,1.033333
1.294661,1.013333,0.946667
1.295064,0.980000,0.946667
1.295466,0.946667,0.946667
1.295868,0.946667,0.946667
1.296270,0.953333,0.946667
1.296672,0.946667,0.946667
1.297073,0.946667,0.946667
1.297474,0.946667,0.946667
1.297875,0.946667,0.946667
1.298278,0.946667,0.946667
1.298680,0.946667,0.946667
1.299081,0.946667,0.946667
1.299482,0.946667,0.946667
1.299883,0.946667,1.033333
1.300284,0.946667,0.946667
1.300685,0.946667,0.946667
1.301087,0.946667,0.946667
1.301489,0.953333,0.946667
1.301890,0.946667,0.946667
1.302291,0.946667,0.946667
1.302692,0.946667,0.946667
1.303093,0.946667,0.946667
1.303494,0.946667,0.946667
1.303897,0.946667,0.946667
1.304299,0.946667,0.946667
1.304701,0.946667,0.946667
1.305102,0.946667,0.946667
1.305504,0.946667,0.946667
1.305905,0.946667,0.946667
1.306306,0.946667,0.946667
1.306707,0.946667,0.946667
1.307108,0.946667,0.946667
1.307509,0.946667,0.946667
1.307911,0.946667,0.946667
1.308313,0.946667,0.946667
1.308714,0.946667,0.946667
1.309115,0.946667,0.946667
1.309516,0.946667,0.946667
1.309917,0.946667,0.946667
1.310318,0.946667,0.946667
1.310719,0.946667,0.946667
1.311120,0.946667,0.946667
1.311522,0.946667,0.946667
1.311924,0.946667,0.946667
1.312326,0.946667,0.946667
1.312727,0.946667,0.946667
1.313128,0.946667,0.946667
1.313530,0.946667,0.946667
1.313932,0.946667,0.946667
1.314333,0.946667,0.946667
1.314734,0.946667,0.946667
1.315136,0.946667,0.946667
1.315537,0.946667,0.946667
1.315938,0.946667,0.946667
1.316340,0.946667,0.946667
1.316741,0.946667,0.946667
1.317142,0.946667,0.946667
1.317544,0.946667,0.946667
1.317945,0.946667,0.946667
1.318347,0.946667,0.946667
1.318749,0.946667,0.946667
1.319150,0.946667,0.946667
1.319551,0.946667,0.946667
1.319954,0.946667,0.946667
1.320355,0.946667,0.946667
1.320756,0.946667,0.946667
1.321157,0.946667,0.946667
1.321559,0.946667,0.946667
1.321961,0.946667,0.946667
1.322362,0.946667,0.946667
1.322763,0.946667,0.946667
1.323164,0.946667,0.946667
1.323566,0.946667,0.946667
1.323967,0.946667,0.946667
1.324368,0.946667,0.946667
1.324769,0.946667,0.946667
1.325172,0.946667,0.946667
1.325573,0.946667,0.946667
1.325974,0.946667,0.946667
1.326376,0.946667,0.946667
1.326777,0.946667,0.946667
1.327178,0.946667,0.946667
1.327579,0.946667,0.946667
1.327980,0.946667,0.946667
1.328382,0.946667,0.946667
1.328783,0.946667,0.946667
1.329184,0.946667,0.946667
1.329585,0.946667,0.946667
1.329987,0.946667,0.946667
1.330388,0.946667,0.946667
1.330789,0.946667,0.946667
1.331190,0.946667,0.946667
1.331591,0.946667,0.946667
1.331992,0.946667,0.946667
1.332394,0.946667,0.946667
1.332795,0.946667,0.946667
1.333196,0.946667,0.946667
1.333598,0.946667,0.946667
1.333999,0.946667,0.946667
1.334401,0.946667,0.946667
1.334804,0.946667,0.946667
1.335205,0.946667,0.946667
1.335607,0.946667,0.946667
1.336010,0.946667,0.946667
1.336411,0.946667,0.946667
1.336812,0.946667,0.946667
1.337213,0.946667,0.946667
1.337615,0.946667,0.946667
1.338017,0.946667,0.946667
1.338418,0.946667,0.946667
1.338819,0.946667,0.946667
1.339220,0.946667,0.946667
1.339622,0.946667,0.946667
1.340023,0.946667,0.946667
1.340424,0.946667,0.946667
1.340826,0.946667,0.946667
1.341227,0.946667,0.946667
1.341628,0.946667,0.946667
1.342029,0.946667,0.946667
1.342430,0.946667,0.946667
1.342831,0.946667,0.946667
1.343232,0.946667,0.946667
1.343633,0.946667,0.946667
1.344035,0.946667,0.946667
1.344436,0.946667,0.946667
1.344837,0.946667,0.946667
1.345239,0.946667,0.946667
1.345641,0.946667,0.946667
1.346044,0.946667,0.946667
1.346445,0.946667,0.946667
1.346846,0.946667,0.946667
1.347247,0.946667,0.946667
1.347649,0.946667,0.946667
1.348051,0.946667,0.946667
1.348452,0.946667,0.946667
1.348853,0.946667,0.946667
1.349254,0.946667,0.946667
1.349656,0.946667,0.946667
1.350057,0.946667,0.946667
1.350458,0.946667,0.946667
1.350859,0.946667,0.946667
1.351261,0.946667,0.946667
1.351662,0.946667,0.946667
1.352064,0.946667,0.946667
1.352465,0.946667,0.946667
1.352866,0.946667,0.946667
1.353268,0.946667,0.946667
1.353670,0.946667,0.946667
1.354071,0.946667,0.946667
1.354473,0.946667,0.946667
1.354875,0.946667,0.946667
1.355276,0.946667,0.946667
1.355678,0.946667,0.946667
1.356079,0.946667,0.946667
1.356481,0.946667,0.946667
1.356883,0.946667,0.946667
1.357284,0.946667,0.946667
1.357686,0.946667,0.946667
1.358088,0.946667,0.946667
1.358490,0.946667,0.946667
1.358891,0.946667,0.946667
1.359293,0.946667,0.946667
1.359695,0.946667,0.946667
1.360097,0.946667,0.946667
1.360498,0.946667,0.946667
1.360899,0.946667,0.946667
1.361301,0.946667,0.946667
1.361702,0.946667,0.946667
1.362103,0.946667,0.946667
1.362504,0.946667,0.946667
1.362905,0.946667,0.946667
1.363306,0.946667,0.946667
1.363708,0.946667,0.946667
1.364109,0.946667,0.946667
1.364510,0.946667,0.946667
1.364912,0.946667,0.946667
1.365313,0.946667,0.946667
1.365715,0.946667,0.946667
1.366116,0.946667,0.946667
1.366517,0.946667,0.946667
1.366918,0.946667,0.946667
1.367319,0.946667,0.946667
1.367721,0.946667,0.946667
1.368124,0.946667,0.946667
1.368526,0.946667,0.946667
1.368927,0.946667,0.946667
1.369328,0.946667,0.946667
1.369730,0.946667,0.946667
1.370133,0.946667,0.946667
1.370534,0.946667,0.946667
1.370935,0.946667,0.946667
1.371337,0.946667,0.946667
1.371738,0.946667,0.946667
1.372139,0.946667,0.946667
1.372540,0.946667,0.946667
1.372942,0.946667,0.946667
1.373343,0.946667,0.946667
1.373744,0.946667,0.946667
1.374145,0.946667,0.946667
1.374546,0.946667,0.946667
1.374949,0.946667,0.946667
1.375350,0.946667,0.946667
1.375751,0.946667,0.946667
1.376152,0.946667,0.946667
1.376554,0.946667,0.946667
1.376956,0.946667,0.946667
1.377362,0.946667,0.946667
1.377763,0.946667,0.946667
1.378164,0.946667,0.946667
1.378565,0.946667,0.946667
1.378967,0.946667,0.946667
1.379368,0.946667,0.946667
1.379769,0.946667,0.946667
1.380171,0.946667,0.946667
1.380573,0.946667,0.946667
1.380974,0.946667,0.946667
1.381376,0.946667,0.946667
1.381778,0.946667,0.946667
1.382179,0.946667,0.946667
1.382580,0.946667,0.946667
1.382983,0.946667,0.946667
1.383386,0.946667,0.946667
1.383789,0.946667,0.946667
1.384190,0.946667,0.946667
1.384591,0.946667,0.946667
1.384993,0.946667,0.946667
1.385395,0.946667,0.946667
1.385796,0.946667,0.946667
1.386197,0.946667,0.946667
1.386598,0.946667,0.946667
1.386999,0.946667,0.946667
1.387402,0.946667,0.946667
1.387803,0.946667,0.946667
1.388205,0.946667,0.946667
1.388607,0.946667,0.946667
1.389008,0.946667,0.946667
1.389409,0.946667,0.946667
1.389810,0.946667,0.946667
1.390211,0.946667,0.946667
1.390612,0.946667,0.946667
1.391014,0.946667,0.946667
1.391416,0.946667,0.946667
1.391817,0.946667,0.946667
1.392219,0.946667,0.946667
1.392620,0.946667,0.946667
1.393021,0.946667,0.946667
1.393423,0.946667,0.946667
1.393824,0.946667,0.946667
1.394226,0.946667,0.946667
1.394627,0.946667,0.946667
1.395029,0.946667,0.946667
1.395430,0.946667,0.946667
1.395831,0.946667,0.946667
1.396232,0.946667,0.946667
1.396634,0.946667,0.946667
1.397037,0.946667,0.946667
1.397438,0.946667,0.946667
1.397840,0.946667,0.946667
1.398242,0.946667,0.946667
1.398643,0.946667,0.946667
1.399045,0.946667,0.946667
1.399447,0.946667,0.946667
1.399848,0.946667,0.946667
1.400249,0.946667,0.946667
1.400650,0.946667,0.946667
1.401051,0.946667,0.946667
1.401452,0.946667,0.946667
1.401854,0.946667,0.946667
1.402255,0.946667,0.946667
1.402657,0.946667,0.946667
1.403059,0.946667,0.946667
1.403461,0.946667,0.946667
1.403862,0.946667,0.946667
1.404264,0.946667,0.946667
1.404665,0.946667,0.946667
1.405066,0.946667,0.946667
1.405468,0.946667,0.946667
1.405869,0.946667,0.946667
1.406270,0.946667,0.946667
1.406671,0.946667,0.946667
1.407072,0.946667,0.946667
1.407474,0.946667,0.946667
1.407875,0.946667,0.946667
1.408277,0.946667,0.946667
1.408678,0.946667,0.946667
1.409079,0.946667,0.946667
1.409481,0.946667,0.946667
1.409882,0.946667,0.946667
1.410283,0.946667,0.946667
1.410685,0.946667,0.946667
1.411088,0.946667,0.946667
1.411489,0.946667,0.946667
1.411890,0.946667,0.946667
1.412292,0.946667,0.946667
1.412693,0.946667,0.946667
1.413094,0.946667,0.946667
1.413496,0.946667,0.946667
1.413897,0.946667,0.946667
1.414299,0.946667,0.946667
1.414701,0.946667,0.946667
1.415102,0.946667,0.946667
1.415504,0.946667,0.946667
1.415905,0.946667,0.946667
1.416307,0.946667,0.946667
1.416709,0.946667,0.946667
1.417111,0.960000,0.946667
1.417512,0.986667,0.946667
1.417913,0.953333,0.946667
1.418314,1.040000,0.946667
1.418715,0.946667,0.946667
1.419116,0.993333,0.946667
1.419517,0.986667,0.960000
1.419918,1.013333,0.960000
1.420320,1.013333,0.946667
1.420721,1.013333,0.946667
1.421122,1.006667,0.986667
1.421524,1.026667,0.986667
1.421925,1.026667,0.980000
1.422326,1.066667,1.026667
1.422728,1.006667,1.033333
1.423129,1.046667,1.046667
1.423530,1.120000,1.146667
1.423932,1.073333,1.020000
1.424333,1.120000,1.033333
1.424735,1.113333,1.046667
1.425136,1.126667,1.046667
1.425537,1.133333,1.133333
1.425940,1.086667,1.133333
1.426341,1.160000,1.193333
1.426742,1.153333,1.066667
1.427143,1.193333,1.113333
1.427544,1.206667,1.100000
1.427945,1.206667,1.200000
1.428347,1.213333,1.153333
1.428749,1.213333,1.373333
1.429151,1.226667,1.153333
1.429552,1.246667,1.200000
1.429953,1.266667,1.206667
1.430355,1.280000,1.233333
1.430756,1.273333,1.206667
1.431158,1.293333,1.266667
1.431559,1.220000,1.246667
1.431960,1.373333,1.240000
1.432362,1.340000,1.240000
1.432763,1.326667,1.266667
1.433164,1.340000,1.280000
1.433565,1.386667,1.300000
1.433966,1.346667,1.266667
1.434368,1.386667,1.280000
1.434770,1.406667,1.326667
1.435172,1.400000,1.326667
1.435573,1.526667,1.393333
1.435976,1.460000,1.300000
1.436377,1.440000,1.366667
1.436778,1.473333,1.366667
1.437180,1.480000,1.386667
1.437582,1.480000,1.400000
1.437984,1.480000,1.420000
1.438386,1.520000,1.413333
1.438789,1.506667,1.413333
1.439190,1.540000,1.460000
1.439591,1.586667,1.500000
1.439992,1.573333,1.386667
1.440394,1.586667,1.480000
1.440795,1.566667,1.500000
1.441196,1.586667,1.533333
1.441598,1.620000,1.520000
1.441999,1.600000,1.500000
1.442401,1.620000,1.573333
1.442802,1.606667,1.560000
1.443203,1.546667,1.573333
1.443605,1.613333,1.513333
1.444006,1.640000,1.580000
1.444408,1.726667,1.593333
1.444809,1.693333,1.606667
1.445210,1.726667,1.640000
1.445611,1.733333,1.633333
1.446014,1.726667,1.633333
1.446415,1.720000,1.680000
1.446816,1.720000,1.666667
1.447217,1.740000,1.666667
1.447618,1.800000,1.713333
1.448019,1.800000,1.700000
1.448421,1.766667,1.700000
1.448822,1.820000,1.733333
1.449224,1.873333,1.740000
1.449630,1.880000,1.773333
1.450031,1.873333,1.766667
1.450432,1.893333,1.753333
1.450833,1.993333,1.793333
1.451234,1.906667,1.773333
1.451636,1.913333,1.820000
1.452037,1.906667,1.840000
1.452438,1.973333,1.840000
1.452839,1.940000,1.833333
1.453240,1.940000,1.880000
1.453642,2.006667,1.900000
1.454043,1.933333,1.893333
1.454444,2.013333,1.906667
1.454846,2.026667,1.906667
1.455247,2.066667,2.086667
1.455648,2.066667,1.960000
1.456049,2.100000,1.940000
1.456450,2.073333,1.973333
1.456851,2.093333,1.973333
1.457252,2.126667,2.013333
1.457653,2.133333,2.013333
1.458054,2.180000,2.066667
1.458456,2.173333,1.960000
1.458859,2.193333,2.086667
1.459261,2.120000,2.093333
1.459663,2.273333,2.120000
1.460065,2.213333,2.093333
1.460466,2.240000,2.126667
1.460867,2.260000,2.140000
1.461268,2.246667,2.153333
1.461669,2.280000,2.146667
1.462070,2.306667,2.186667
1.462471,2.306667,2.186667
1.462874,2.380000,2.206667
1.463275,2.320000,2.213333
1.463676,2.346667,2.246667
1.464077,2.413333,2.253333
1.464479,2.420000,2.260000
1.464880,2.406667,2.273333
1.465281,2.433333,2.226666
1.465682,2.466667,2.260000
1.466083,2.446667,2.340000
1.466485,2.460000,2.340000
1.466886,2.493333,2.360000
1.467287,2.540000,2.366667
1.467689,2.520000,2.400000
1.468091,2.646667,2.433333
1.468492,2.586667,2.433333
1.468893,2.553333,2.393333
1.469294,2.680000,2.593333
1.469696,2.600000,2.506666
1.470097,2.646667,2.486667
1.470499,2.640000,2.400000
1.470900,2.633333,2.460000
1.471301,2.653333,2.520000
1.471703,2.666667,2.526667
1.472104,2.700000,2.580000
1.472505,2.733333,2.606667
1.472906,2.726667,2.593333
1.473308,2.780000,2.613333
1.473710,2.793333,2.580000
1.474111,2.793333,2.620000
1.474512,2.733333,2.646667
1.474913,2.793333,2.593333
1.475315,2.820000,2.673333
1.475716,2.846667,2.686666
1.476119,2.866667,2.626667
1.476520,2.973333,2.740000
1.476921,2.793333,2.733333
1.477323,2.886667,2.766667
1.477725,2.946667,2.766667
1.478126,2.960000,2.793333
1.478528,2.946667,2.800000
1.478929,2.940000,2.813333
1.479330,3.006667,2.860000
1.479731,3.013333,2.853333
1.480134,3.026667,2.886667
1.480535,3.066667,2.913333
1.480936,3.066667,2.946667
1.481337,3.086667,2.920000
1.481739,3.120000,2.906667
1.482141,3.086667,2.933333
1.482543,3.133333,2.986667
1.482944,3.180000,2.966666
1.483346,3.193333,2.826667
1.483748,3.120000,2.986667
1.484149,3.206667,3.073333
1.484551,3.240000,3.046667
1.484952,3.233333,3.053333
1.485354,3.206667,3.080000
1.485756,3.286667,3.080000
1.486157,3.293333,3.100000
1.486558,3.333333,3.133333
1.486959,3.320000,3.140000
1.487361,3.353333,3.133333
1.487762,3.326667,3.166667
1.488163,3.380000,3.226667
1.488564,3.400000,3.200000
1.488965,3.400000,3.200000
1.489367,3.440000,3.240000
1.489768,3.446667,3.280000
1.490170,3.500000,3.193333
1.490572,3.486667,3.306667
1.490973,3.520000,3.473333
1.491375,3.493333,3.346666
1.491776,3.533333,3.413333
1.492177,3.566667,3.380000
1.492578,3.580000,3.380000
1.492981,3.613333,3.386667
1.493382,3.640000,3.480000
1.493784,3.506667,3.406667
1.494185,3.660000,3.480000
1.494586,3.686666,3.486667
1.494987,3.693333,3.500000
1.495390,3.740000,3.526666
1.495791,3.740000,3.526666
1.496193,3.780000,3.546667
1.496595,3.786667,3.586667
1.496996,3.820000,3.586667
1.497397,3.833333,3.573333
1.497800,3.853333,3.626667
1.498202,3.920000,3.660000
1.498604,3.853333,3.653333
1.499005,4.113333,3.680000
1.499407,3.940000,3.700000
1.499809,3.986666,3.733333
1.500210,3.966667,3.746666
1.500612,3.953333,3.746666
1.501013,4.053333,3.953333
1.501415,3.973333,3.833333
1.501816,4.013333,3.926666
1.502217,4.093333,3.840000
1.502619,4.100000,3.860000
1.503020,4.086667,3.920000
1.503422,4.120000,3.893333
1.503823,4.160000,3.960000
1.504225,4.140000,3.960000
1.504626,4.200000,3.953333
1.505027,4.213334,4.000000
1.505429,4.220000,3.993333
1.505830,4.266666,4.013333
1.506231,4.166667,4.046667
1.506632,4.273333,4.073333
1.507034,4.313334,4.053333
1.507436,4.353333,4.113333
1.507837,4.366666,4.146667
1.508239,4.360000,4.113333
1.508640,4.340000,4.006667
1.509041,4.386666,4.173333
1.509443,4.473333,4.206666
1.509845,4.400000,4.206666
1.510247,4.566667,4.220000
1.510648,4.446667,4.213334
1.511049,4.493333,4.200000
1.511450,4.453333,4.540000
1.511851,4.546667,4.293333
1.512252,4.540000,4.313334
1.512653,4.573333,4.313334
1.513055,4.700000,4.353333
1.513456,4.653333,4.360000
1.513858,4.660000,4.380000
1.514259,4.713333,4.266666
1.514660,4.660000,4.446667
1.515061,4.713333,4.453333
1.515462,4.726666,4.546667
1.515863,4.740000,4.526667
1.516264,4.793333,4.506667
1.516665,4.886666,4.540000
1.517066,4.813333,4.540000
1.517468,4.840000,4.613333
1.517870,4.926667,4.600000
1.518272,4.760000,4.640000
1.518673,4.900000,4.693333
1.519074,4.900000,4.540000
1.519476,4.840000,4.673333
1.519877,4.966667,4.706666
1.520279,4.980000,4.720000
1.520681,5.020000,4.720000
1.521083,5.046667,4.773334
1.521484,5.060000,4.740000
1.521885,5.040000,4.786666
1.522286,5.106667,4.793333
1.522688,5.106667,4.600000
1.523089,5.146667,4.860000
1.523490,5.186666,4.853333
1.523892,5.200000,4.886666
1.524293,5.253333,5.113333
1.524694,5.233334,4.906667
1.525095,5.286666,4.986667
1.525497,5.240000,4.986667
1.525898,5.280000,4.993333
1.526300,5.340000,4.993333
1.526702,5.306666,5.053333
1.527104,5.360000,5.060000
1.527505,5.473333,5.093333
1.527908,5.406666,5.146667
1.528309,5.420000,5.133333
1.528710,5.413333,5.166667
1.529111,5.480000,5.153333
1.529513,5.446666,5.160000
1.529916,5.520000,5.240000
1.530317,5.533333,5.240000
1.530718,5.553333,5.260000
1.531119,5.573333,5.266667
1.531520,5.593333,5.300000
1.531922,5.606667,5.326667
1.532323,5.613333,5.333333
1.532724,5.666667,5.240000
1.533127,5.673333,5.386667
1.533528,5.726667,5.413333
1.533930,5.826667,5.413333
1.534331,5.746666,5.306666
1.534732,5.680000,5.413333
1.535134,5.666667,5.500000
1.535536,5.833333,5.493333
1.535937,5.866666,5.539999
1.536339,5.860000,5.580000
1.536741,5.826667,5.520000
1.537142,5.893333,5.580000
1.537544,5.940000,5.586667
1.537945,5.960000,5.626667
1.538346,5.966666,5.733333
1.538748,6.000000,5.646667
1.539150,6.033333,5.640000
1.539551,6.053333,5.713333
1.539952,6.113333,5.760000
1.540354,6.080000,5.860000
1.540755,6.086667,5.786666
1.541156,6.133333,5.746666
1.541558,6.080000,5.840000
1.541959,6.160000,5.880000
1.542362,6.200000,5.880000
1.542763,6.246666,5.886667
1.543164,6.213333,5.853333
1.543565,6.206666,5.946667
1.543966,6.273333,5.940000
1.544369,6.300000,6.006667
1.544770,6.333333,6.033333
1.545172,6.366666,6.013333
1.545573,6.400000,5.986667
1.545975,6.426666,6.060000
1.546376,6.460000,6.086667
1.546778,6.446667,6.126667
1.547179,6.480000,6.113333
1.547580,6.466667,6.153333
1.547983,6.526666,6.226666
1.548384,6.606667,6.193333
1.548787,6.620000,6.266666
1.549188,6.640000,6.260000
1.549589,6.626667,6.266666
1.549990,6.660000,6.286667
1.550393,6.673334,6.340000
1.550795,6.773334,6.440000
1.551197,6.773334,6.286667
1.551599,6.780000,6.346667
1.552000,6.800000,6.320000
1.552401,6.826667,6.466667
1.552802,6.673334,6.446667
1.553203,6.886666,6.466667
1.553604,6.953333,6.513333
1.554006,6.940000,6.473333
1.554408,6.940000,6.533333
1.554809,6.953333,6.453333
1.555211,6.966666,6.613333
1.555612,6.986666,6.640000
1.556013,7.033333,6.646667
1.556416,7.026667,6.666667
1.556818,7.080000,6.680000
1.557219,7.113333,6.733333
1.557620,7.166667,6.833333
1.558021,7.146667,6.733333
1.558422,7.219999,6.806667
1.558823,7.206666,6.800000
1.559224,7.260000,6.873333
1.559630,7.246666,6.840000
1.560031,7.266667,6.813333
1.560432,7.306666,6.920000
1.560834,7.206666,6.926667
1.561235,7.346666,7.020000
1.561636,7.380000,6.960000
1.562038,7.386667,6.960000
1.562439,7.413333,7.006667
1.562841,7.473333,7.073333
1.563242,7.493333,7.000000
1.563644,7.553333,7.080000
1.564045,7.513333,7.066666
1.564447,7.526666,7.140000
1.564848,7.546666,7.160000
1.565249,7.593334,7.200000
1.565650,7.613333,7.106667
1.566051,7.613333,7.193333
1.566453,7.640000,7.226666
1.566854,7.640000,7.253334
1.567255,7.793334,7.333333
1.567657,7.720000,7.320000
1.568058,7.760000,7.353333
1.568459,7.780000,7.346666
1.568861,7.780000,7.166667
1.569262,7.886666,7.380000
1.569663,7.860000,7.420000
1.570065,7.860000,7.420000
1.570466,7.860000,7.486667
1.570867,7.940000,7.513333
1.571268,7.960000,7.520000
1.571670,7.980000,7.526666
1.572071,7.993333,7.579999
1.572473,8.139999,7.620000
1.572874,8.040000,7.606667
1.573275,8.073333,7.673333
1.573677,8.080000,7.686666
1.574078,8.126666,7.686666
1.574480,8.266666,7.686666
1.574881,8.160000,7.720000
1.575282,8.233334,7.753333
1.575684,8.240000,7.780000
1.576085,8.240000,7.806666
1.576487,8.293333,7.813334
1.576888,8.346666,7.866666
1.577289,8.413333,7.873333
1.577691,8.340000,7.873333
1.578092,8.353333,7.926667
1.578494,8.386666,7.926667
1.578895,8.413333,7.960000
1.579296,8.453333,7.860000
1.579698,8.480000,8.040000
1.580099,8.546666,8.059999
1.580500,8.506666,8.080000
1.580901,8.513332,8.066667
1.581302,8.613334,8.073333
1.581704,8.620000,8.179999
1.582107,8.633333,8.179999
1.582509,8.633333,8.160000
1.582910,8.686666,8.206666
1.583311,8.713333,8.220000
1.583712,8.740000,8.259999
1.584113,8.740000,8.300000
1.584515,8.766666,8.273334
1.584917,8.833333,8.233334
1.585319,8.846666,8.379999
1.585721,8.860000,8.340000
1.586123,8.880000,8.393332
1.586524,8.913333,8.393332
1.586925,8.913333,8.393332
1.587327,8.966666,8.440000
1.587728,8.973332,8.506666
1.588129,8.960000,8.526667
1.588530,9.106667,8.526667
1.588931,9.046666,8.480000
1.589333,9.080000,8.599999
1.589734,9.099999,8.573333
1.590137,9.113333,8.660000
1.590538,9.113333,8.573333
1.590939,9.220000,8.680000
1.591341,9.160000,8.706666
1.591742,9.240000,8.733333
1.592143,9.266666,8.753333
1.592544,9.286667,8.773333
1.592946,9.293333,8.820000
1.593347,9.320000,8.793333
1.593749,9.313333,8.860000
1.594152,9.346666,8.866667
1.594553,9.346666,8.853333
1.594954,9.393333,8.933333
1.595355,9.486667,8.946667
1.595756,9.506666,8.946667
1.596158,9.526667,8.973332
1.596559,9.566666,9.066667
1.596960,9.573333,8.980000
1.597362,9.613334,9.033333
1.597763,9.620000,9.093333
1.598164,9.646667,9.093333
1.598565,9.673333,9.106667
1.598967,9.693333,9.126666
1.599368,9.700000,9.186666
1.599769,9.746667,9.233333
1.600170,9.780000,9.213333
1.600572,9.806666,9.240000
1.600973,9.833333,9.253333
1.601375,9.846666,9.220000
1.601776,9.773333,9.346666
1.602177,9.800000,9.333333
1.602579,9.846666,9.346666
1.602980,9.886666,9.346666
1.603382,9.973333,9.346666
1.603783,10.006667,9.446667
1.604184,10.040000,9.493333
1.604585,10.059999,9.513333
1.604986,10.080000,9.546667
1.605388,10.126667,9.526667
1.605789,10.113333,9.526667
1.606190,10.146667,9.613334
1.606591,10.140000,9.626666
1.606993,10.193334,9.620000
1.607395,10.219999,9.700000
1.607796,10.240000,9.686666
1.608197,10.293333,9.706666
1.608599,10.306666,9.693333
1.609000,10.340000,9.766666
1.609402,10.353333,9.833333
1.609803,10.433333,9.839999
1.610204,10.473333,9.873333
1.610605,10.413333,9.860000
1.611006,10.413333,9.880000
1.611408,10.480000,9.920000
1.611809,10.493333,9.966666
1.612211,10.533334,9.959999
1.612612,10.553332,9.966666
1.613013,10.606667,9.973333
1.613415,10.626666,10.059999
1.613816,10.633333,10.046666
1.614217,10.633333,10.066667
1.614618,10.653334,10.080000
1.615019,10.646667,10.120000
1.615421,10.713333,10.113333
1.615822,10.780000,10.166666
1.616223,10.780000,10.200000
1.616627,10.826666,10.226666
1.617029,10.860000,10.226666
1.617430,10.846666,10.260000
1.617831,10.900000,10.240000
1.618233,10.866667,10.306666
1.618634,10.926667,10.299999
1.619035,10.960000,10.393333
1.619436,10.973333,10.353333
1.619837,10.993334,10.320000
1.620238,11.020000,10.440000
1.620640,11.040000,10.433333
1.621042,11.079999,10.480000
1.621444,11.099999,10.506666
1.621845,11.146667,10.500000
1.622247,11.200000,10.553332
1.622649,11.186666,10.586667
1.623050,11.219999,10.473333
1.623452,11.206666,10.639999
1.623853,11.260000,10.546666
1.624255,11.320000,10.666667
1.624656,11.320000,10.686666
1.625057,11.320000,10.700000
1.625458,11.386666,10.726666
1.625859,11.360000,10.759999
1.626261,11.406666,10.753333
1.626662,11.480000,10.773334
1.627063,11.420000,10.840000
1.627464,11.400000,10.846666
1.627867,11.453334,10.866667
1.628269,11.486667,10.900000
1.628670,11.539999,10.926667
1.629071,11.593333,11.000000
1.629473,11.606667,10.940000
1.629875,11.640000,11.020000
1.630278,11.653334,11.020000
1.630680,11.660000,11.013332
1.631082,11.720000,11.073333
1.631484,11.720000,11.073333
1.631885,11.753333,11.093333
1.632287,11.740000,11.173333
1.632689,11.773334,11.166666
1.633090,11.826667,11.313334
1.633491,11.820000,11.160000
1.633893,11.886666,11.206666
1.634294,11.920000,11.206666
1.634697,11.900000,11.246667
1.635098,11.940000,11.306666
1.635500,11.926666,11.266666
1.635901,12.040000,11.306666
1.636303,12.046667,11.406666
1.636705,12.033333,11.386666
1.637106,12.073333,11.426666
1.637508,12.086666,11.420000
1.637909,12.120000,11.480000
1.638311,12.139999,11.493333
1.638712,12.206666,11.453334
1.639113,12.240000,11.539999
1.639515,12.259999,11.559999
1.639916,12.259999,11.559999
1.640317,12.293333,11.620000
1.640718,12.386666,11.593333
1.641119,12.339999,11.666666
1.641521,12.346666,11.693333
1.641922,12.413333,11.679999
1.642323,12.420000,11.893333
1.642724,12.440001,11.780000
1.643125,12.466666,11.746666
1.643527,12.473333,11.780000
1.643929,12.486667,11.766666
1.644330,12.533333,11.793333
1.644731,12.640000,11.840000
1.645132,12.580000,11.866666
1.645533,12.599999,11.886666
1.645935,12.640000,11.906667
1.646337,12.679999,11.906667
1.646738,12.679999,11.893333
1.647140,12.733333,11.966666
1.647542,12.700000,11.986667
1.647944,12.766666,12.033333
1.648345,12.780000,12.066666
1.648746,12.773334,11.893333
1.649147,12.806666,12.086666
1.649549,12.886666,11.999999
1.649951,12.873333,12.233334
1.650352,12.933333,12.186666
1.650753,12.906667,12.246667
1.651155,12.926666,12.226666
1.651556,12.880000,12.246667
1.651958,12.973333,12.273333
1.652362,12.993333,12.326666
1.652763,13.066667,12.400000
1.653164,13.080000,12.339999
1.653565,13.053332,12.393332
1.653967,13.086667,12.386666
1.654368,13.120000,12.420000
1.654769,13.160000,12.473333
1.655170,13.240000,12.480000
1.655571,13.213333,12.506667
1.655972,13.240000,12.480000
1.656374,13.226666,12.513333
1.656775,13.273334,12.506667
1.657176,13.286667,12.580000
1.657578,13.320000,12.626667
1.657979,13.326666,12.620000
1.658381,13.326666,12.666666
1.658783,13.333333,12.686666
1.659184,13.406666,12.700000
1.659585,13.446666,12.700000
1.659988,13.360000,12.706667
1.660389,13.473332,12.760000
1.660790,13.513332,12.786666
1.661192,13.593333,12.773334
1.661594,13.606666,12.833333
1.661995,13.573333,12.833333
1.662396,13.586667,12.886666
1.662797,13.620000,12.940000
1.663198,13.660000,12.926666
1.663600,13.653334,12.886666
1.664001,13.673334,12.953333
1.664402,13.706666,12.940000
1.664803,13.720000,13.006666
1.665206,13.746667,13.006666
1.665608,13.813334,13.073333
1.666010,13.820000,12.953333
1.666411,13.826666,13.120000
1.666813,13.940001,13.120000
1.667215,13.860000,13.133333
1.667617,13.913332,13.153334
1.668018,13.920000,13.139999
1.668419,13.973332,13.246666
1.668821,13.979999,13.233334
1.669222,14.099999,13.240000
1.669627,14.033333,13.280000
1.670029,14.059999,13.286667
1.670430,14.073334,13.293333
1.670831,14.080000,13.320000
1.671233,14.106666,13.300000
1.671634,14.173332,13.386665
1.672035,14.193333,13.346667
1.672437,14.173332,13.400000
1.672838,14.200001,13.413334
1.673239,14.253333,13.440000
1.673640,14.253333,13.453332
1.674041,14.293333,13.539999
1.674442,14.293333,13.520000
1.674845,14.286666,13.539999
1.675246,14.280000,13.420000
1.675647,14.366666,13.593333
1.676049,14.373332,13.613334
1.676451,14.400001,13.646666
1.676852,14.366666,13.653334
1.677254,14.426666,13.626666
1.677655,14.459999,13.759999
1.678058,14.553333,13.720000
1.678459,14.513333,13.686666
1.678862,14.559999,13.759999
1.679263,14.580000,13.806667
1.679664,14.606667,13.806667
1.680065,14.620000,13.793333
1.680466,14.580000,13.813334
1.680867,14.633332,13.833333
1.681269,14.666667,13.893333
1.681670,14.693333,13.920000
1.682071,14.740000,13.933332
1.682472,14.740000,13.960000
1.682874,14.773334,13.966666
1.683276,14.820000,14.006667
1.683677,14.820000,13.993333
1.684078,14.853333,14.046667
1.684479,14.866667,14.053333
1.684880,14.946667,14.113334
1.685281,14.926667,14.093333
1.685683,14.899999,14.133332
1.686084,14.946667,14.133332
1.686486,14.953333,14.173332
1.686887,14.953333,14.173332
1.687288,14.953333,14.173332
1.687690,15.033334,14.200001
1.688091,15.086666,14.219999
1.688492,15.026666,14.313334
1.688893,15.119999,14.253333
1.689295,15.139999,14.286666
1.689696,15.153333,14.333334
1.690098,15.193334,14.293333
1.690500,15.219999,14.406667
1.690903,15.246666,14.386666
1.691304,15.260000,14.446667
1.691705,15.286666,14.420000
1.692106,15.353333,14.446667
1.692508,15.340000,14.459999
1.692910,15.326667,14.480000
1.693312,15.373333,14.466667
1.693714,15.359999,14.533334
1.694116,15.393333,14.553333
1.694517,15.440000,14.533334
1.694918,15.466666,14.586666
1.695320,15.460000,14.600000
1.695721,15.486666,14.606667
1.696123,15.493332,14.646667
1.696524,15.546666,14.613333
1.696926,15.546666,14.633332
1.697327,15.573333,14.693333
1.697728,15.579999,14.693333
1.698130,15.619999,14.679999
1.698531,15.639999,14.679999
1.698932,15.646666,14.766665
1.699333,15.639999,14.753333
1.699735,15.700000,14.806666
1.700136,15.746666,14.840000
1.700538,15.740000,14.866667
1.700939,15.766666,14.880000
1.701341,15.753332,14.893332
1.701742,15.793333,14.926667
1.702145,15.879999,14.899999
1.702546,15.839999,14.953333
1.702949,15.873333,14.906667
1.703350,15.879999,14.953333
1.703751,15.926666,14.953333
1.704152,15.933333,14.953333
1.704553,15.960000,14.953333
1.704955,15.926666,14.953333
1.705356,16.000000,15.219999
1.705758,16.039999,15.126667
1.706160,16.039999,15.146667
1.706563,16.046667,15.086666
1.706964,16.126665,15.153333
1.707367,16.113333,15.233334
1.707768,16.139999,15.213333
1.708169,16.146666,15.219999
1.708571,16.160000,15.260000
1.708972,16.153334,15.280000
1.709374,16.206667,15.260000
1.709776,16.253332,15.320001
1.710177,16.393333,15.346666
1.710578,16.219999,15.433333
1.710980,16.340000,15.379999
1.711382,16.333334,15.366667
1.711783,16.340000,15.446666
1.712184,16.359999,15.426665
1.712585,16.353333,15.426665
1.712986,16.400000,15.480000
1.713388,16.406666,15.473333
1.713790,16.486666,15.493332
1.714192,16.406666,15.513332
1.714593,16.453333,15.520000
1.714996,16.506666,15.573333
1.715397,16.526667,15.579999
1.715798,16.513332,15.599999
1.716199,16.606667,15.660000
1.716600,16.580000,15.626667
1.717002,16.600000,15.646666
1.717403,16.613333,15.686666
1.717804,16.680000,15.746666
1.718205,16.719999,15.666666
1.718606,16.633331,15.746666
1.719009,16.686666,15.760000
1.719411,16.753332,15.760000
1.719812,16.806665,15.733333
1.720213,16.746666,15.760000
1.720614,16.779999,15.826667
1.721015,16.793333,15.826667
1.721416,16.793333,15.826667
1.721818,16.813334,15.946666
1.722219,16.826666,15.886665
1.722620,16.826666,16.059999
1.723021,16.853334,15.953332
1.723423,16.906666,15.940000
1.723824,16.879999,15.826667
1.724225,16.900000,15.973332
1.724626,16.906666,16.033333
1.725027,16.913332,16.013332
1.725428,16.920000,15.986667
1.725829,16.939999,16.039999
1.726230,16.933332,16.039999
1.726631,16.939999,16.066668
1.727033,16.939999,16.086666
1.727435,17.073334,16.113333
1.727837,17.026665,16.126665
1.728239,17.046665,16.173334
1.728640,17.046665,16.200001
1.729041,17.053333,16.206667
1.729442,17.086666,16.200001
1.729845,17.106667,16.273333
1.730246,17.106667,16.246666
1.730647,17.146666,16.273333
1.731048,17.146666,16.273333
1.731450,17.179998,16.619999
1.731851,17.193333,16.273333
1.732252,17.186666,16.286667
1.732655,17.206667,16.359999
1.733057,17.219999,16.333334
1.733458,17.266666,16.373333
1.733859,17.299999,16.433332
1.734260,17.293333,16.446667
1.734662,17.313332,16.446667
1.735063,17.326666,16.466667
1.735464,17.386667,16.499998
1.735865,17.306665,16.526667
1.736266,17.353333,16.499998
1.736668,17.413332,16.539999
1.737070,17.406666,16.526667
1.737472,17.393333,16.653332
1.737874,17.426666,16.706667
1.738276,17.386667,16.626665
1.738678,17.453333,16.619999
1.739080,17.459999,16.619999
1.739481,17.500000,16.626665
1.739882,17.466665,16.633331
1.740284,17.573332,16.686666
1.740686,17.559999,16.713333
1.741088,17.539999,16.733334
1.741490,17.586666,16.733334
1.741891,17.633333,16.759998
1.742293,17.600000,16.753332
1.742694,17.613333,16.753332
1.743096,17.613333,16.759998
1.743498,17.633333,16.680000
1.743899,17.646667,16.573334
1.744300,17.653334,16.786665
1.744701,17.713333,16.733334
1.745103,17.673332,16.840000
1.745505,17.706665,16.840000
1.745906,17.746666,16.853334
1.746307,17.746666,16.886665
1.746710,17.753334,16.900000
1.747111,17.806665,16.753332
1.747512,17.866667,16.906666
1.747914,17.806665,16.913332
1.748316,17.806665,16.953333
1.748717,17.873333,16.926666
1.749119,17.820000,16.900000
1.749522,17.840000,16.933332
1.749924,17.833332,16.953333
1.750326,17.853333,16.926666
1.750727,17.900000,16.993334
1.751128,17.920000,16.986668
1.751529,17.913334,17.013332
1.751930,17.900000,17.039999
1.752331,18.020000,17.026665
1.752733,17.973333,17.039999
1.753134,17.980000,17.093332
1.753536,17.986666,17.073334
1.753938,18.006666,17.086666
1.754340,18.020000,17.219999
1.754741,18.013332,17.126667
1.755142,18.073332,17.126667
1.755544,18.066666,17.146666
1.755945,18.099998,17.186666
1.756346,18.099998,17.153332
1.756748,18.099998,17.166666
1.757150,18.119999,17.193333
1.757552,18.133333,17.173332
1.757953,18.139999,17.186666
1.758355,18.146666,17.240000
1.758756,18.113333,17.286665
1.759157,18.160000,17.279999
1.759558,18.213333,17.293333
1.759960,18.193333,17.266666
1.760362,18.146666,17.286665
1.760763,18.240000,17.293333
1.761164,18.253332,17.360001
1.761565,18.186666,17.333332
1.761966,18.260000,17.326666
1.762368,18.299999,17.346666
1.762770,18.286667,17.346666
1.763172,18.273333,17.360001
1.763574,18.326666,17.360001
1.763976,18.266666,17.380001
1.764377,18.320000,17.360001
1.764778,18.346666,17.433332
1.765179,18.400000,17.486666
1.765581,18.379999,17.419998
1.765983,18.393333,17.459999
1.766384,18.433334,17.473333
1.766785,18.433334,17.493334
1.767186,18.406666,17.533333
1.767587,18.440001,17.473333
1.767988,18.459999,17.520000
1.768389,18.433334,17.539999
1.768790,18.486666,17.539999
1.769191,18.493332,17.606667
1.769592,18.506666,17.539999
1.769994,18.520000,17.586666
1.770395,18.513332,17.606667
1.770796,18.553333,17.613333
1.771198,18.539999,17.633333
1.771599,18.500000,17.619999
1.772000,18.553333,17.746666
1.772402,18.573334,17.693333
1.772803,18.593332,17.660000
1.773204,18.559999,17.666666
1.773606,18.646666,17.693333
1.774007,18.599998,17.653334
1.774409,18.633333,17.673332
1.774811,18.539999,17.740000
1.775212,18.666666,17.753334
1.775614,18.666666,17.699999
1.776015,18.693333,17.740000
1.776416,18.639999,17.766666
1.776817,18.633333,17.760000
1.777218,18.693333,17.786667
1.777619,18.793333,17.793333
1.778020,18.753332,17.813332
1.778422,18.759998,17.826666
1.778823,18.759998,17.760000
1.779224,18.759998,17.826666
1.779626,18.779999,17.886667
1.780028,18.793333,17.826666
1.780429,18.940001,17.833332
1.780830,18.793333,17.859999
1.781232,18.820000,17.913334
1.781633,18.826666,17.893333
1.782034,18.859999,17.820000
1.782436,18.859999,17.926666
1.782837,18.859999,17.913334
1.783239,18.873333,17.939999
1.783640,18.879999,17.986666
1.784042,18.906666,17.939999
1.784443,18.853333,17.926666
1.784845,18.826666,17.973333
1.785246,18.886665,17.826666
1.785647,18.886665,18.000000
1.786048,18.933332,17.939999
1.786450,18.946667,17.826666
1.786851,18.973333,18.079998
1.787252,18.973333,17.986666
1.787653,18.986666,18.020000
1.788054,18.986666,18.026667
1.788456,18.993332,18.040001
1.788857,19.013332,18.040001
1.789259,19.046667,18.006666
1.789660,19.033333,18.040001
1.790061,19.053333,18.079998
1.790462,19.046667,18.086666
1.790863,19.066666,18.086666
1.791264,19.046667,18.086666
1.791665,19.119999,18.106667
1.792066,19.093334,18.113333
1.792468,19.059999,18.146666
1.792870,19.100000,18.040001
1.793271,18.993332,18.199999
1.793672,19.113333,18.160000
1.794073,19.173332,18.146666
1.794475,19.106667,18.333332
1.794877,19.153332,18.320000
1.795278,19.146666,18.180000
1.795679,19.166666,18.206665
1.796080,19.166666,18.186666
1.796483,19.186666,18.213333
1.796884,19.166666,18.219999
1.797285,19.213333,18.240000
1.797686,19.193333,18.226665
1.798087,19.226667,18.213333
1.798489,19.226667,18.253332
1.798890,19.226667,18.253332
1.799291,19.240000,18.253332
1.799692,19.299999,18.233332
1.800093,19.259998,18.339998
1.800495,19.253332,18.219999
1.800896,19.306665,18.273333
1.801298,19.286665,18.286667
1.801699,19.293333,18.253332
1.802100,19.313334,18.526667
1.802502,19.313334,18.719999
1.802903,19.226667,18.320000
1.803305,19.333334,18.333332
1.803706,19.379999,18.339998
1.804107,19.313334,18.333332
1.804509,19.333334,18.366667
1.804911,19.333334,18.379999
1.805312,19.366667,18.366667
1.805713,19.360001,18.326666
1.806115,19.340000,18.400000
1.806516,19.379999,18.393333
1.806917,19.360001,18.366667
1.807318,19.286665,18.400000
1.807719,19.420000,18.400000
1.808120,19.413332,18.400000
1.808522,19.433332,18.333332
1.808923,19.420000,18.400000
1.809324,19.420000,18.359999
1.809725,19.426666,18.426666
1.810127,19.433332,18.400000
1.810529,19.439999,18.400000
1.810930,19.526665,18.453333
1.811332,19.439999,18.420000
1.811733,19.459999,18.446667
1.812135,19.446667,18.486666
1.812537,19.453333,18.466665
1.812938,19.480000,18.486666
1.813340,19.473333,18.506666
1.813742,19.473333,18.493332
1.814144,19.539999,18.520000
1.814545,19.500000,18.566668
1.814946,19.539999,18.513332
1.815347,19.500000,18.320000
1.815749,19.559999,18.520000
1.816150,19.553333,18.539999
1.816551,19.506666,18.526667
1.816952,19.546665,18.533333
1.817353,19.559999,18.586666
1.817754,19.500000,18.580000
1.818155,19.593332,18.580000
1.818556,19.553333,18.553333
1.818957,19.626667,18.646666
1.819362,19.626667,18.573334
1.819763,19.573334,18.513332
1.820165,19.633333,18.573334
1.820566,19.626667,18.553333
1.820968,19.593332,18.593332
1.821369,19.600000,18.593332
1.821770,19.626667,18.599998
1.822172,19.580000,18.593332
1.822573,19.620001,18.586666
1.822974,19.639999,18.606665
1.823376,19.620001,18.639999
1.823778,19.646666,18.606665
1.824180,19.639999,18.646666
1.824583,19.646666,18.646666
1.824984,19.666666,18.639999
1.825385,19.659998,18.639999
1.825786,19.733334,18.639999
1.826187,19.713333,18.646666
1.826588,19.673332,18.559999
1.826989,19.753334,18.646666
1.827390,19.633333,18.646666
1.827791,19.646666,18.706667
1.828193,19.706667,18.646666
1.828595,19.673332,18.680000
1.828996,19.653332,18.646666
1.829397,19.686666,18.646666
1.829799,19.706667,18.693333
1.830200,19.706667,18.673334
1.830602,19.706667,18.893333
1.831003,19.719999,18.673334
1.831405,19.726667,18.700001
1.831806,19.746666,18.713333
1.832207,19.733334,18.719999
1.832609,19.746666,18.666666
1.833011,19.779999,18.706667
1.833412,19.766666,18.713333
1.833813,19.706667,18.706667
1.834214,19.799999,18.719999
1.834616,19.726667,18.713333
1.835017,19.733334,18.673334
1.835418,19.666666,18.719999
1.835820,19.760000,18.713333
1.836221,19.760000,18.646666
1.836623,19.699999,18.759998
1.837025,19.753334,18.726665
1.837426,19.740000,18.586666
1.837828,19.760000,18.713333
1.838229,19.766666,18.746666
1.838630,19.853333,18.726665
1.839031,19.760000,18.759998
1.839432,19.766666,18.726665
1.839833,19.766666,18.746666
1.840235,19.793333,18.766666
1.840636,19.773333,18.766666
1.841037,19.733334,18.813334
1.841438,19.786665,18.766666
1.841840,19.806665,18.779999
1.842242,19.820000,18.746666
1.842643,19.833332,18.779999
1.843045,19.779999,18.779999
1.843446,19.753334,18.726665
1.843847,19.760000,18.779999
1.844248,19.806665,18.746666
1.844650,19.933332,18.686666
1.845051,19.786665,18.746666
1.845454,19.820000,18.779999
1.845855,19.826666,18.779999
1.846257,19.886667,18.766666
1.846659,19.813332,18.779999
1.847060,19.820000,18.779999
1.847462,19.820000,18.786667
1.847864,19.833332,18.779999
1.848266,19.833332,18.786667
1.848668,19.806665,18.799999
1.849069,19.846666,18.746666
1.849470,19.833332,18.766666
1.849871,19.860001,18.766666
1.850272,19.833332,18.793333
1.850674,19.813332,18.793333
1.851075,19.846666,18.813334
1.851477,19.846666,18.833334
1.851879,19.846666,18.786667
1.852280,19.846666,18.799999
1.852682,19.853333,18.799999
1.853083,19.860001,18.806667
1.853485,19.826666,18.793333
1.853886,19.840000,18.806667
1.854287,19.826666,18.766666
1.854688,19.840000,18.993332
1.855090,19.846666,18.946667
1.855491,19.806665,18.799999
1.855892,19.860001,18.806667
1.856293,19.833332,18.766666
1.856695,19.826666,18.793333
1.857096,19.873333,18.820000
1.857497,19.853333,18.793333
1.857899,19.813332,18.766666
1.858300,19.826666,18.799999
1.858701,19.846666,18.786667
1.859102,19.813332,18.806667
1.859503,19.833332,18.759998
1.859904,19.840000,18.779999
1.860305,19.853333,18.766666
1.860706,19.933332,18.766666
1.861108,19.806665,18.766666
1.861509,19.853333,18.786667
1.861910,19.820000,18.759998
1.862312,19.840000,18.786667
1.862713,19.833332,18.813334
1.863114,19.833332,18.766666
1.863515,19.820000,18.799999
1.863916,19.833332,18.773333
1.864317,19.873333,18.813334
1.864718,19.786665,18.879999
1.865119,19.833332,18.766666
1.865521,19.820000,18.766666
1.865922,19.793333,18.766666
1.866323,19.806665,18.806667
1.866724,19.833332,18.779999
1.867125,19.799999,18.786667
1.867526,19.860001,18.779999
1.867927,19.820000,18.773333
1.868328,19.866667,18.873333
1.868730,19.820000,18.786667
1.869132,19.833332,18.746666
1.869534,19.913332,18.766666
1.869936,19.760000,18.753332
1.870338,19.813332,18.766666
1.870740,19.779999,18.766666
1.871141,19.786665,18.766666
1.871543,19.799999,18.799999
1.871945,19.813332,18.773333
1.872346,19.806665,18.766666
1.872747,19.786665,18.753332
1.873148,19.746666,18.753332
1.873550,19.786665,18.719999
1.873953,19.766666,18.746666
1.874354,19.846666,18.653334
1.874755,19.733334,18.813334
1.875156,19.779999,18.753332
1.875558,19.760000,18.733332
1.875959,19.753334,18.786667
1.876362,19.873333,18.746666
1.876763,19.740000,18.686666
1.877164,19.733334,18.733332
1.877566,19.753334,18.820000
1.877967,19.733334,18.733332
1.878369,19.726667,18.713333
1.878770,19.740000,18.740000
1.879171,19.753334,18.686666
1.879572,19.726667,18.733332
1.879973,19.733334,18.733332
1.880374,19.733334,18.693333
1.880775,19.706667,18.666666
1.881176,19.740000,18.693333
1.881578,19.740000,18.706667
1.881979,19.719999,18.713333
1.882381,19.686666,18.660000
1.882783,19.706667,18.686666
1.883185,19.699999,18.666666
1.883587,19.699999,18.673334
1.883989,19.706667,18.713333
1.884390,19.686666,18.653334
1.884791,19.646666,18.646666
1.885192,19.659998,18.646666
1.885593,19.633333,18.666666
1.885994,19.673332,18.653334
1.886396,19.686666,18.646666
1.886797,19.699999,18.646666
1.887198,19.646666,18.626665
1.887600,19.639999,18.646666
1.888002,19.646666,18.586666
1.888403,19.666666,18.646666
1.888804,19.653332,18.639999
1.889205,19.659998,18.613333
1.889607,19.633333,18.646666
1.890009,19.659998,18.619999
1.890411,19.646666,18.626665
1.890812,19.633333,18.613333
1.891214,19.606667,18.593332
1.891616,19.580000,18.593332
1.892017,19.600000,18.480000
1.892418,19.606667,18.586666
1.892820,19.646666,18.580000
1.893221,19.620001,18.559999
1.893622,19.586666,18.486666
1.894023,19.580000,18.446667
1.894424,19.586666,18.533333
1.894825,19.559999,18.520000
1.895227,19.559999,18.546667
1.895628,19.553333,18.553333
1.896029,19.559999,18.526667
1.896430,19.526665,18.526667
1.896831,19.493334,18.526667
1.897233,19.553333,18.533333
1.897634,19.526665,18.493332
1.898035,19.533333,18.506666
1.898437,19.533333,18.533333
1.898838,19.426666,18.500000
1.899239,19.486668,18.533333
1.899640,19.480000,18.513332
1.900042,19.453333,18.453333
1.900443,19.480000,18.473331
1.900844,19.439999,18.459999
1.901246,19.420000,18.400000
1.901648,19.500000,18.473331
1.902049,19.466667,18.526667
1.902450,19.439999,18.526667
1.902851,19.393332,18.400000
1.903252,19.406666,18.413334
1.903654,19.433332,18.459999
1.904055,19.426666,18.406666
1.904456,19.386665,18.346666
1.904858,19.420000,18.400000
1.905260,19.386665,18.366667
1.905662,19.386665,18.393333
1.906064,19.386665,18.400000
1.906466,19.360001,18.379999
1.906867,19.353334,18.219999
1.907268,19.379999,18.393333
1.907669,19.353334,18.393333
1.908071,19.379999,18.359999
1.908473,19.333334,18.359999
1.908875,19.326666,18.346666
1.909276,19.340000,18.333332
1.909677,19.320000,18.379999
1.910078,19.393332,18.293333
1.910481,19.299999,18.326666
1.910883,19.313334,18.313334
1.911285,19.313334,18.280001
1.911687,19.259998,18.280001
1.912088,19.279999,18.286667
1.912490,19.259998,18.286667
1.912891,19.266666,18.280001
1.913292,19.219999,18.266666
1.913693,19.253332,18.233332
1.914094,19.233334,18.273333
1.914496,19.240000,18.180000
1.914897,19.233334,18.333332
1.915299,19.206667,18.199999
1.915700,19.226667,18.286667
1.916101,19.206667,18.219999
1.916503,19.206667,18.186666
1.916904,19.160000,18.193333
1.917306,19.133331,18.186666
1.917707,19.173332,18.153334
1.918108,19.100000,18.166666
1.918509,19.146666,18.173334
1.918910,19.166666,18.086666
1.919311,19.139999,18.126667
1.919713,19.133331,18.139999
1.920114,19.093334,18.166666
1.920516,19.093334,18.093332
1.920917,19.160000,18.126667
1.921319,19.066666,18.106667
1.921721,19.106667,18.086666
1.922122,19.073334,18.086666
1.922523,19.093334,18.020000
1.922924,19.039999,18.079998
1.923325,19.046667,18.079998
1.923727,19.119999,18.139999
1.924128,19.013332,18.079998
1.924529,18.999998,18.006666
1.924930,18.993332,18.040001
1.925331,18.999998,18.020000
1.925732,18.986666,17.840000
1.926133,18.980000,18.000000
1.926534,18.986666,18.033333
1.926935,19.053333,18.006666
1.927337,18.920000,18.020000
1.927738,18.920000,17.973333
1.928140,19.006666,17.973333
1.928542,18.900000,17.953333
1.928943,18.879999,17.939999
1.929344,18.900000,17.926666
1.929746,18.879999,17.926666
1.930147,18.833334,17.926666
1.930548,18.853333,17.893333
1.930949,18.840000,17.859999
1.931350,18.846666,17.879999
1.931751,18.846666,17.886667
1.932152,18.840000,17.886667
1.932554,18.813334,17.846666
1.932955,18.799999,17.873333
1.933360,18.806667,17.873333
1.933762,18.759998,17.760000
1.934164,18.766666,17.853333
1.934565,18.753332,17.793333
1.934966,18.740000,17.793333
1.935368,18.759998,17.780001
1.935769,18.846666,17.793333
1.936170,18.719999,17.766666
1.936572,18.713333,17.753334
1.936973,18.680000,17.746666
1.937375,18.673334,17.746666
1.937778,18.673334,17.733334
1.938179,18.646666,17.733334
1.938581,18.660000,17.693333
1.938982,18.646666,17.666666
1.939383,18.626665,17.699999
1.939784,18.633333,17.693333
1.940186,18.586666,17.679998
1.940587,18.606665,17.686666
1.940988,18.606665,17.686666
1.941389,18.573334,17.653334
1.941790,18.573334,17.673332
1.942192,18.546667,17.639999
1.942593,18.593332,17.613333
1.942994,18.506666,17.600000
1.943395,18.633333,17.513334
1.943796,18.520000,17.539999
1.944197,18.599998,17.539999
1.944599,18.433334,17.586666
1.945001,18.453333,17.459999
1.945402,18.440001,17.506666
1.945803,18.440001,17.486666
1.946204,18.433334,17.473333
1.946605,18.400000,17.473333
1.947007,18.400000,17.473333
1.947408,18.379999,17.473333
1.947809,18.400000,17.459999
1.948210,18.386665,17.433332
1.948611,18.353333,17.413332
1.949012,18.339998,17.333332
1.949413,18.359999,17.406666
1.949814,18.306667,17.413332
1.950215,18.359999,17.366667
1.950616,18.306667,17.393333
1.951017,18.280001,17.253334
1.951419,18.193333,17.333332
1.951820,18.246666,17.400000
1.952221,18.186666,17.333332
1.952622,18.260000,17.360001
1.953023,18.213333,17.253334
1.953424,18.199999,17.293333
1.953825,18.186666,17.293333
1.954227,18.180000,17.240000
1.954628,18.166666,17.260000
1.955029,18.146666,17.219999
1.955430,18.133333,17.240000
1.955831,18.133333,17.206667
1.956233,18.126667,17.186666
1.956634,18.113333,17.199999
1.957035,18.079998,17.186666
1.957436,18.093332,17.173332
1.957837,18.046667,17.146666
1.958239,18.053333,17.126667
1.958640,18.020000,17.033333
1.959041,18.040001,17.126667
1.959443,18.053333,17.086666
1.959845,17.986666,17.039999
1.960247,17.993332,17.113333
1.960648,18.059999,17.126667
1.961050,17.946665,16.993334
1.961451,17.913334,16.980000
1.961852,17.913334,17.026665
1.962253,17.933332,16.980000
1.962654,17.886667,16.980000
1.963055,17.913334,16.966667
1.963456,17.840000,16.939999
1.963857,17.906668,16.959999
1.964258,17.879999,16.959999
1.964660,17.820000,16.906666
1.965061,17.879999,16.906666
1.965462,17.793333,17.013332
1.965864,17.786667,16.920000
1.966265,17.760000,16.926666
1.966666,17.740000,16.886665
1.967067,17.753334,16.846666
1.967468,17.699999,16.853334
1.967870,17.740000,16.820000
1.968271,17.740000,16.893332
1.968673,17.766666,16.806665
1.969074,17.699999,16.826666
1.969476,17.679998,16.913332
1.969877,17.719999,16.833334
1.970278,17.639999,16.759998
1.970680,17.619999,16.759998
1.971083,17.606667,16.733334
1.971485,17.573332,16.733334
1.971887,17.559999,16.726667
1.972288,17.559999,16.719999
1.972689,17.520000,16.766666
1.973090,17.500000,16.673332
1.973491,17.493334,16.646666
1.973892,17.413332,16.639999
1.974294,17.493334,16.626665
1.974695,17.473333,16.619999
1.975096,17.439999,16.619999
1.975497,17.439999,16.606667
1.975899,17.433332,16.460001
1.976300,17.473333,16.526667
1.976702,17.373333,16.446667
1.977103,17.346666,16.526667
1.977504,17.346666,16.460001
1.977905,17.333332,16.453333
1.978306,17.373333,16.486666
1.978708,17.279999,16.446667
1.979109,17.273333,16.420000
1.979510,17.273333,16.366665
1.979911,17.253334,16.099998
1.980312,17.233334,16.393333
1.980713,17.226667,16.353333
1.981114,17.199999,16.359999
1.981516,17.219999,16.306667
1.981917,17.206667,16.313334
1.982319,17.193333,16.326666
1.982720,17.166666,16.293333
1.983121,17.120001,16.219999
1.983522,17.100000,16.200001
1.983923,17.086666,16.200001
1.984324,17.033333,16.180000
1.984725,17.046665,16.180000
1.985126,17.113333,16.213333
1.985527,17.000000,16.146666
1.985929,17.013332,16.133333
1.986330,16.966667,16.113333
1.986731,16.980000,16.106665
1.987132,16.953333,16.093332
1.987533,16.953333,16.099998
1.987935,16.939999,16.026667
1.988337,16.913332,16.013332
1.988738,16.900000,16.000000
1.989139,16.900000,15.920000
1.989541,16.893332,15.946666
1.989942,16.893332,15.946666
1.990343,16.966667,15.933333
1.990744,16.826666,15.913334
1.991145,16.933332,15.886665
1.991546,16.806665,15.906666
1.991948,16.833334,15.746666
1.992349,16.773333,15.833333
1.992750,16.773333,15.819999
1.993151,16.753332,15.760000
1.993552,16.719999,15.773333
1.993953,16.740000,15.760000
1.994354,16.680000,15.793333
1.994755,16.673332,15.740000
1.995156,16.673332,15.720000
1.995558,16.619999,15.713334
1.995959,16.619999,15.646666
1.996361,16.613333,15.666666
1.996762,16.546667,15.606667
1.997165,16.533333,15.599999
1.997567,16.566666,15.599999
1.997969,16.506666,15.573333
1.998370,16.473333,15.606667
1.998772,16.499998,15.573333
1.999174,16.446667,15.453334
1.999576,16.433332,15.520000
1.999977,16.460001,15.686666
2.000378,16.359999,15.426665
2.000779,16.393333,15.460000
2.001182,16.359999,15.426665
2.001584,16.366665,15.400000
2.001985,16.333334,15.393333
2.002387,16.273333,15.366667
2.002789,16.273333,15.340000
2.003190,16.366665,15.286666
2.003591,16.240000,15.313333
2.003992,16.219999,15.320001
2.004394,16.186666,15.260000
2.004795,16.180000,15.280000
2.005196,16.146666,15.226665
2.005598,16.073334,15.240000
2.005999,16.106665,15.219999
2.006401,16.099998,15.186667
2.006802,16.093332,15.139999
