0.000000,1.233333,1.206667
0.000401,1.206667,1.213333
0.000802,1.213333,1.286667
0.001203,1.206667,1.206667
0.001604,1.206667,1.173333
0.002005,1.180000,1.133333
0.002406,1.200000,1.113333
0.002808,1.266667,1.106667
0.003209,1.133333,1.073333
0.003610,1.153333,1.086667
0.004011,1.173333,1.086667
0.004412,1.120000,1.073333
0.004813,1.113333,0.946667
0.005214,1.086667,1.033333
0.005615,1.066667,1.026667
0.006016,1.080000,1.033333
0.006417,1.060000,0.946667
0.006818,1.060000,1.033333
0.007220,1.066667,1.140000
0.007622,1.033333,0.946667
0.008024,1.046667,0.980000
0.008427,1.040000,0.973333
0.008829,1.013333,0.946667
0.009231,0.980000,0.973333
0.009632,1.000000,0.953333
0.010033,0.980000,0.946667
0.010435,0.980000,0.946667
0.010836,0.966667,0.946667
0.011238,0.960000,0.946667
0.011639,0.973333,0.953333
0.012040,0.946667,0.946667
0.012441,0.946667,0.946667
0.012842,0.946667,0.946667
0.013243,0.946667,0.946667
0.013644,0.946667,0.946667
0.014045,0.946667,0.946667
0.014446,0.946667,0.946667
0.014847,0.946667,0.946667
0.015249,0.946667,0.946667
0.015650,0.946667,0.946667
0.016051,0.946667,0.946667
0.016452,0.946667,0.946667
0.016853,0.946667,0.946667
0.017255,0.946667,0.946667
0.017657,0.946667,0.946667
0.018058,0.946667,0.946667
0.018459,0.946667,0.946667
0.018861,0.946667,0.946667
0.019262,0.946667,0.946667
0.019664,0.946667,0.946667
0.020065,0.946667,0.946667
0.020466,0.946667,0.946667
0.020869,0.946667,0.946667
0.021270,0.946667,0.946667
0.021671,0.946667,0.946667
0.022072,0.946667,0.946667
0.022475,0.946667,0.946667
0.022876,0.946667,0.946667
0.023277,0.946667,0.946667
0.023679,0.946667,0.946667
0.024080,0.946667,0.946667
0.024482,0.946667,0.946667
0.024883,0.946667,0.946667
0.025285,0.946667,0.946667
0.025686,0.946667,0.946667
0.026088,0.946667,0.946667
0.026490,0.946667,0.946667
0.026891,0.946667,0.946667
0.027293,0.946667,0.946667
0.027694,0.946667,0.946667
0.028096,0.946667,0.946667
0.028497,0.946667,0.946667
0.028898,0.946667,0.946667
0.029300,0.946667,0.946667
0.029701,0.946667,0.946667
0.030103,0.946667,0.946667
0.030504,0.946667,0.946667
0.030905,0.946667,0.946667
0.031306,0.946667,0.946667
0.031707,0.946667,0.946667
0.032108,0.946667,0.946667
0.032510,0.946667,0.946667
0.032911,0.946667,0.946667
0.033312,0.946667,0.946667
0.033713,0.946667,0.946667
0.034114,0.946667,0.946667
0.034515,0.946667,0.946667
0.034916,0.946667,0.946667
0.035319,0.946667,0.946667
0.035721,0.946667,0.946667
0.036122,0.946667,0.946667
0.036523,0.946667,0.946667
0.036924,0.946667,0.946667
0.037326,0.946667,0.946667
0.037728,0.946667,0.946667
0.038130,0.946667,0.946667
0.038531,0.946667,0.946667
0.038934,0.946667,0.946667
0.039335,0.946667,0.946667
0.039738,0.946667,0.946667
0.040139,0.946667,0.946667
0.040541,0.946667,0.946667
0.040943,0.946667,0.946667
0.041346,0.946667,0.946667
0.041747,0.946667,0.946667
0.042148,0.946667,0.946667
0.042549,0.946667,0.946667
0.042950,0.946667,0.946667
0.043351,0.946667,0.946667
0.043753,0.946667,0.946667
0.044154,0.946667,0.946667
0.044556,0.946667,0.946667
0.044957,0.946667,0.946667
0.045358,0.946667,0.946667
0.045761,0.946667,0.946667
0.046162,0.946667,0.946667
0.046564,0.946667,0.946667
0.046965,0.946667,0.946667
0.047367,0.946667,0.946667
0.047768,0.946667,0.946667
0.048169,0.946667,0.946667
0.048571,0.946667,0.946667
0.048972,0.946667,0.946667
0.049375,0.946667,0.946667
0.049776,0.946667,0.946667
0.050177,0.946667,0.946667
0.050578,0.946667,0.946667
0.050979,0.946667,0.946667
0.051381,0.946667,0.946667
0.051782,0.946667,0.946667
0.052184,0.946667,0.946667
0.052585,0.946667,0.946667
0.052988,0.946667,0.946667
0.053389,0.946667,0.946667
0.053790,0.946667,0.946667
0.054191,0.946667,0.946667
0.054592,0.946667,0.946667
0.054994,0.946667,0.946667
0.055395,0.946667,0.946667
0.055796,0.946667,0.946667
0.056198,0.946667,0.946667
0.056599,0.946667,0.946667
0.057000,0.946667,0.946667
0.057401,0.946667,0.946667
0.057802,0.946667,0.946667
0.058203,0.946667,0.946667
0.058605,0.946667,0.946667
0.059006,0.946667,0.946667
0.059408,0.946667,0.946667
0.059809,0.946667,0.946667
0.060211,0.946667,0.946667
0.060613,0.946667,0.946667
0.061014,0.946667,0.946667
0.061416,0.946667,0.946667
0.061817,0.946667,0.946667
0.062219,0.946667,0.946667
0.062620,0.946667,0.946667
0.063022,0.946667,0.946667
0.063423,0.946667,0.946667
0.063824,0.946667,0.946667
0.064226,0.946667,0.946667
0.064628,0.946667,0.946667
0.065030,0.946667,0.946667
0.065431,0.946667,0.946667
0.065834,0.946667,0.946667
0.066235,0.946667,0.946667
0.066636,0.946667,0.946667
0.067037,0.946667,0.946667
0.067438,0.946667,0.946667
0.067839,0.946667,0.946667
0.068240,0.946667,0.946667
0.068642,0.946667,0.946667
0.069043,0.946667,0.946667
0.069444,0.946667,0.946667
0.069846,0.946667,0.946667
0.070247,0.946667,0.946667
0.070648,0.946667,0.946667
0.071050,0.946667,0.946667
0.071451,0.946667,0.946667
0.071854,0.946667,0.946667
0.072256,0.946667,0.946667
0.072657,0.946667,0.946667
0.073058,0.946667,0.946667
0.073460,0.946667,0.946667
0.073861,0.946667,0.946667
0.074262,0.946667,0.946667
0.074664,0.946667,0.946667
0.075065,0.946667,0.946667
0.075467,0.946667,0.946667
0.075868,0.946667,0.946667
0.076269,0.946667,0.946667
0.076670,0.946667,0.946667
0.077071,0.946667,0.946667
0.077472,0.946667,0.946667
0.077874,0.946667,0.946667
0.078275,0.946667,0.946667
0.078676,0.946667,0.946667
0.079078,0.946667,0.946667
0.079479,0.946667,0.946667
0.079880,0.946667,0.946667
0.080281,0.946667,0.946667
0.080682,0.946667,0.946667
0.081083,0.946667,0.946667
0.081484,0.946667,0.946667
0.081885,0.946667,0.946667
0.082287,0.946667,0.946667
0.082688,0.946667,0.946667
0.083089,0.946667,0.946667
0.083490,0.946667,0.946667
0.083891,0.946667,0.946667
0.084293,0.946667,0.946667
0.084694,0.946667,0.946667
0.085095,0.946667,0.946667
0.085496,0.946667,0.946667
0.085897,0.946667,0.946667
0.086298,0.946667,0.946667
0.086699,0.946667,0.946667
0.087100,0.946667,0.946667
0.087502,0.946667,0.946667
0.087903,0.946667,0.946667
0.088304,0.946667,0.946667
0.088706,0.946667,0.946667
0.089107,0.946667,0.946667
0.089509,0.946667,0.946667
0.089910,0.946667,0.946667
0.090312,0.946667,0.946667
0.090714,0.946667,0.946667
0.091115,0.946667,0.946667
0.091517,0.946667,0.946667
0.091918,0.946667,0.946667
0.092320,0.946667,0.946667
0.092722,0.946667,0.946667
0.093123,0.946667,0.946667
0.093525,0.946667,0.946667
0.093926,0.946667,0.946667
0.094327,0.946667,0.946667
0.094729,0.946667,0.946667
0.095132,0.946667,0.946667
0.095533,0.946667,0.946667
0.095934,0.946667,0.946667
0.096335,0.946667,0.946667
0.096737,0.946667,0.946667
0.097139,0.946667,0.946667
0.097540,0.946667,0.946667
0.097942,0.946667,0.946667
0.098343,0.946667,0.946667
0.098746,0.946667,0.946667
0.099148,0.946667,0.946667
0.099550,0.946667,0.946667
0.099952,0.946667,0.946667
0.100354,0.946667,0.946667
0.100755,0.946667,0.946667
0.101156,0.946667,0.946667
0.101558,0.946667,0.946667
0.101960,0.946667,0.946667
0.102362,0.946667,0.946667
0.102763,0.946667,0.946667
0.103165,0.946667,0.946667
0.103566,0.946667,0.946667
0.103969,0.946667,0.946667
0.104370,0.946667,0.946667
0.104773,0.946667,0.946667
0.105175,0.946667,0.946667
0.105577,0.946667,0.946667
0.105978,0.946667,0.946667
0.106380,0.946667,0.946667
0.106782,0.946667,0.946667
0.107183,0.946667,0.946667
0.107584,0.946667,0.946667
0.107986,0.946667,0.946667
0.108388,0.946667,0.946667
0.108789,0.946667,0.946667
0.109190,0.946667,0.946667
0.109592,0.946667,0.946667
0.109995,0.946667,0.946667
0.110396,0.946667,0.946667
0.110799,0.946667,0.946667
0.111200,0.946667,0.946667
0.111601,0.946667,0.946667
0.112002,0.946667,0.946667
0.112403,0.946667,0.946667
0.112804,0.946667,0.946667
0.113206,0.946667,0.946667
0.113608,0.946667,0.946667
0.114010,0.946667,0.946667
0.114411,0.946667,0.946667
0.114812,0.946667,0.946667
0.115214,0.946667,0.946667
0.115615,0.946667,0.946667
0.116016,0.946667,0.946667
0.116417,0.946667,0.946667
0.116819,0.946667,0.946667
0.117220,0.946667,0.946667
0.117621,0.946667,0.946667
0.118022,0.946667,0.946667
0.118423,0.946667,0.946667
0.118824,0.946667,0.946667
0.119225,0.946667,0.946667
0.119626,0.946667,0.946667
0.120027,0.946667,0.946667
0.120429,0.946667,0.946667
0.120830,0.946667,0.946667
0.121232,0.946667,0.946667
0.121633,0.946667,0.946667
0.122035,0.946667,0.946667
0.122436,0.946667,0.946667
0.122837,0.946667,0.946667
0.123238,0.946667,0.946667
0.123639,0.946667,0.946667
0.124041,0.946667,0.946667
0.124442,0.946667,0.946667
0.124843,0.946667,0.946667
0.125245,0.946667,1.033333
0.125646,0.946667,0.946667
0.126047,0.946667,0.946667
0.126449,0.946667,0.946667
0.126850,0.946667,0.946667
0.127251,0.946667,0.946667
0.127652,0.946667,0.946667
0.128053,0.946667,0.946667
0.128455,0.946667,0.946667
0.128857,0.946667,0.946667
0.129259,0.946667,0.946667
0.129661,0.946667,0.946667
0.130062,0.946667,0.946667
0.130464,0.946667,0.946667
0.130865,0.946667,0.946667
0.131267,0.946667,0.946667
0.131669,0.946667,0.946667
0.132070,0.946667,0.946667
0.132472,0.973333,0.946667
0.132874,1.006667,0.980000
0.133275,0.946667,0.946667
0.133677,0.960000,0.946667
0.134080,0.966667,0.946667
0.134482,0.946667,0.946667
0.134883,1.000000,0.946667
0.135284,0.986667,0.946667
0.135686,0.980000,0.973333
0.136087,1.033333,0.953333
0.136489,1.046667,0.946667
0.136890,1.060000,0.993333
0.137292,1.040000,0.946667
0.137694,1.053333,1.006667
0.138096,1.020000,1.026667
0.138498,1.093333,1.220000
0.138900,1.066667,0.946667
0.139302,1.073333,1.053333
0.139704,1.060000,1.140000
0.140105,1.140000,1.126667
0.140508,1.113333,0.960000
0.140909,1.106667,1.073333
0.141311,1.240000,1.073333
0.141712,1.160000,1.113333
0.142114,1.173333,1.113333
0.142516,1.193333,1.120000
0.142918,1.206667,1.113333
0.143319,1.206667,1.146667
0.143720,1.240000,1.173333
0.144121,1.233333,1.120000
0.144523,1.226667,1.153333
0.144924,1.226667,1.206667
0.145326,1.220000,1.386667
0.145727,1.246667,1.206667
0.146129,1.286667,1.213333
0.146531,1.246667,1.246667
0.146932,1.260000,1.080000
0.147335,1.326667,1.246667
0.147736,1.326667,1.266667
0.148139,1.366667,1.300000
0.148541,1.353333,1.300000
0.148942,1.353333,1.300000
0.149343,1.366667,1.346667
0.149745,1.446667,1.300000
0.150146,1.386667,1.326667
0.150547,1.386667,1.306667
0.150949,1.406667,1.333333
0.151350,1.426667,1.386667
0.151751,1.413333,1.366667
0.152152,1.440000,1.533333
0.152553,1.466667,1.393333
0.152954,1.486667,1.366667
0.153355,1.493333,1.413333
0.153756,1.460000,1.413333
0.154157,1.520000,1.453333
0.154558,1.526667,1.560000
0.154959,1.513333,1.453333
0.155361,1.553333,1.460000
0.155762,1.560000,1.473333
0.156163,1.533333,1.480000
0.156564,1.546667,1.480000
0.156965,1.593333,1.480000
0.157366,1.593333,1.533333
0.157767,1.660000,1.573333
0.158168,1.673333,1.560000
0.158570,1.633333,1.573333
0.158971,1.673333,1.566667
0.159373,1.646667,1.593333
0.159775,1.666667,1.613333
0.160176,1.700000,1.593333
0.160577,1.760000,1.726667
0.160980,1.733333,1.586667
0.161382,1.733333,1.646667
0.161783,1.733333,1.680000
0.162185,1.760000,1.653333
0.162586,1.673333,1.653333
0.162989,1.820000,1.726667
0.163390,1.866667,1.706667
0.163791,1.806667,1.700000
0.164193,1.880000,1.740000
0.164595,1.593333,1.740000
0.164996,1.820000,1.706667
0.165397,1.886667,1.753333
0.165798,1.886667,1.786667
0.166200,1.860000,1.773333
0.166601,1.906667,1.800000
0.167002,1.913333,1.846667
0.167403,1.920000,2.046667
0.167804,1.933333,1.846667
0.168206,1.960000,1.873333
0.168607,1.986667,1.860000
0.169008,2.060000,1.906667
0.169409,2.020000,1.906667
0.169810,2.166667,1.926667
0.170212,2.006667,1.940000
0.170613,2.020000,1.973333
0.171014,2.066667,1.940000
0.171416,2.093333,1.966667
0.171817,2.080000,1.940000
0.172219,2.080000,1.993333
0.172620,2.120000,2.000000
0.173022,2.166667,2.020000
0.173424,2.186667,2.060000
0.173826,2.086667,2.080000
0.174227,2.146667,2.080000
0.174629,2.133333,2.086667
0.175030,2.206667,2.626667
0.175431,2.240000,2.120000
0.175834,2.240000,2.100000
0.176235,2.253333,2.126667
0.176636,2.286667,2.166667
0.177037,2.286667,2.180000
0.177439,2.286667,2.173333
0.177840,2.306667,2.226666
0.178242,2.326667,2.213333
0.178643,2.360000,2.206667
0.179046,2.433333,2.260000
0.179448,2.340000,2.233333
0.179849,2.393333,2.333333
0.180251,2.420000,2.213333
0.180652,2.380000,2.260000
0.181053,2.446667,2.733333
0.181455,2.353333,2.340000
0.181856,2.433333,2.340000
0.182258,2.446667,2.366667
0.182659,2.546667,2.420000
0.183060,2.540000,2.386667
0.183462,2.546667,2.433333
0.183863,2.546667,2.420000
0.184265,2.553333,2.433333
0.184666,2.586667,2.433333
0.185067,2.593333,2.460000
0.185469,2.626667,2.500000
0.185870,2.600000,2.506666
0.186271,2.640000,2.520000
0.186673,2.633333,2.506666
0.187074,2.646667,2.546667
0.187475,2.653333,2.586667
0.187876,2.726667,2.600000
0.188278,2.753333,2.553333
0.188679,2.726667,2.440000
0.189080,2.820000,2.700000
0.189482,2.780000,2.620000
0.189883,2.740000,2.646667
0.190284,2.813333,2.673333
0.190685,2.906667,2.673333
0.191088,2.940000,2.693333
0.191490,2.966666,2.706666
0.191891,2.880000,2.720000
0.192292,2.880000,2.726667
0.192694,2.933333,2.740000
0.193095,2.900000,2.786667
0.193497,2.946667,2.786667
0.193898,2.953333,2.800000
0.194299,2.953333,2.840000
0.194702,2.980000,2.880000
0.195103,3.000000,2.886667
0.195504,2.993333,2.946667
0.195906,3.053333,2.953333
0.196307,3.106667,2.926667
0.196709,3.060000,2.920000
0.197110,3.080000,2.946667
0.197511,3.113333,2.946667
0.197912,3.133333,2.973333
0.198313,3.066667,2.960000
0.198715,3.160000,3.000000
0.199116,3.253333,2.980000
0.199517,3.213333,3.026667
0.199918,3.206667,3.053333
0.200320,3.233333,3.046667
0.200721,3.286667,3.100000
0.201123,3.246666,3.073333
0.201524,3.300000,3.133333
0.201926,3.313333,3.133333
0.202328,3.293333,3.133333
0.202730,3.306667,3.146667
0.203131,3.393333,3.133333
0.203532,3.446667,3.140000
0.203933,3.366667,3.226667
0.204335,3.420000,3.260000
0.204736,3.426666,3.286667
0.205137,3.480000,3.273333
0.205538,3.446667,3.286667
0.205941,3.466666,3.146667
0.206342,3.566667,3.313333
0.206743,3.593333,3.380000
0.207144,3.526666,3.346666
0.207545,3.520000,3.393333
0.207946,3.613333,3.400000
0.208349,3.613333,3.413333
0.208750,3.600000,3.400000
0.209152,3.613333,3.526666
0.209553,3.660000,3.406667
0.209955,3.626667,3.473333
0.210356,3.666667,3.480000
0.210757,3.713333,3.513333
0.211158,3.700000,3.480000
0.211560,3.853333,3.546667
0.211961,3.780000,3.573333
0.212362,3.786667,3.660000
0.212765,3.833333,3.560000
0.213167,3.780000,3.686666
0.213569,3.846667,3.633333
0.213970,3.853333,3.660000
0.214371,3.920000,3.666667
0.214773,3.966667,3.693333
0.215174,3.966667,3.733333
0.215576,3.946667,3.713333
0.215977,3.926666,3.820000
0.216378,4.013333,3.746666
0.216781,4.046667,3.820000
0.217182,3.966667,3.833333
0.217584,4.053333,3.873333
0.217985,4.073333,3.866667
0.218387,4.100000,3.926666
0.218788,4.113333,3.933333
0.219189,4.146667,3.960000
0.219590,4.153333,3.973333
0.219991,4.200000,3.933333
0.220392,4.153333,4.006667
0.220794,4.220000,3.973333
0.221195,4.226666,3.993333
0.221597,4.280000,4.013333
0.221998,4.280000,4.073333
0.222400,4.320000,4.093333
0.222801,4.326666,4.113333
0.223202,4.340000,4.186666
0.223604,4.266666,4.220000
0.224005,4.440000,4.173333
0.224406,4.460000,4.180000
0.224807,4.413333,4.173333
0.225209,4.440000,4.226666
0.225611,4.460000,4.206666
0.226012,4.486666,4.240000
0.226414,4.460000,4.266666
0.226816,4.526667,4.280000
0.227218,4.540000,4.293333
0.227620,4.573333,4.346667
0.228021,4.553333,4.340000
0.228423,4.613333,4.346667
0.228824,4.573333,4.380000
0.229225,4.620000,4.360000
0.229627,4.680000,4.413333
0.230028,4.713333,4.446667
0.230429,4.713333,4.460000
0.230830,4.713333,4.433333
0.231231,4.746666,4.533333
0.231632,4.746666,4.533333
0.232033,4.720000,4.633333
0.232435,4.706666,4.573333
0.232837,4.820000,4.593333
0.233239,4.900000,4.593333
0.233640,4.880000,4.640000
0.234041,4.893333,4.640000
0.234442,4.900000,4.660000
0.234844,4.933333,4.700000
0.235246,4.980000,4.693333
0.235647,5.013333,4.720000
0.236048,5.006667,4.746666
0.236449,5.053333,4.760000
0.236850,5.046667,4.786666
0.237251,5.020000,4.826666
0.237653,5.066667,4.713333
0.238055,5.100000,4.846666
0.238457,5.133333,4.860000
0.238858,5.226666,4.886666
0.239260,5.173333,4.913333
0.239662,5.193333,4.906667
0.240063,5.380000,4.966667
0.240464,5.220000,4.946666
0.240867,5.353333,5.046667
0.241269,5.293334,5.026667
0.241670,5.313333,4.933333
0.242071,5.313333,5.060000
0.242472,5.353333,5.073333
0.242875,5.380000,5.060000
0.243276,5.406666,5.126667
0.243677,5.413333,5.153333
0.244078,5.440000,5.100000
0.244479,5.446666,5.213333
0.244880,5.500000,5.220000
0.245282,5.533333,5.193333
0.245684,5.580000,5.240000
0.246086,5.566667,5.233334
0.246488,5.566667,5.300000
0.246889,5.593333,5.233334
0.247290,5.600000,5.300000
0.247691,5.646667,5.286666
0.248093,5.646667,5.400000
0.248494,5.686666,5.333333
0.248895,5.680000,5.426667
0.249296,5.673333,5.320000
0.249697,5.733333,5.453333
0.250098,5.753333,5.446666
0.250500,5.800000,5.473333
0.250901,5.820000,5.586667
0.251302,5.840000,5.586667
0.251703,5.880000,5.506666
0.252104,5.886667,5.760000
0.252505,5.906666,5.760000
0.252908,5.900000,5.586667
0.253309,5.880000,5.613333
0.253711,6.093333,5.666667
0.254113,6.026667,5.686666
0.254514,6.020000,5.686666
0.254915,6.040000,5.726667
0.255316,6.073333,5.673333
0.255717,6.086667,5.773333
0.256118,6.213333,5.766666
0.256519,6.113333,5.793334
0.256921,6.080000,5.840000
0.257322,6.173333,5.860000
0.257724,6.173333,5.860000
0.258125,6.220000,5.953333
0.258526,6.240000,5.893333
0.258929,6.280000,5.946667
0.259335,6.286667,5.973333
0.259736,6.320000,5.953333
0.260138,6.340000,5.980000
0.260540,6.426666,6.033333
0.260941,6.386667,6.060000
0.261343,6.406667,6.000000
0.261744,6.440000,6.113333
0.262145,6.460000,6.113333
0.262546,6.480000,6.220000
0.262947,6.513333,6.153333
0.263348,6.613333,6.180000
0.263751,6.460000,6.200000
0.264153,6.613333,6.253334
0.264554,6.606667,6.206666
0.264955,6.673334,6.546667
0.265356,6.573333,6.240000
0.265758,6.660000,6.286667
0.266159,6.706667,6.353333
0.266560,6.720000,6.333333
0.266963,6.773334,6.353333
0.267364,6.806667,6.406667
0.267766,6.833333,6.446667
0.268167,6.873333,6.466667
0.268568,6.873333,6.466667
0.268969,6.860000,6.466667
0.269370,6.873333,6.513333
0.269773,6.940000,6.546667
0.270174,6.953333,6.606667
0.270577,6.980000,6.640000
0.270978,6.986666,6.693333
0.271381,7.013333,6.653333
0.271782,7.033333,6.646667
0.272183,7.113333,6.646667
0.272584,7.086666,6.780000
0.272986,7.146667,6.900000
0.273388,7.119999,6.713333
0.273790,7.160000,6.800000
0.274191,7.213333,6.833333
0.274592,7.213333,6.920000
0.274993,7.260000,7.273333
0.275395,7.286667,6.900000
0.275796,7.233334,6.933333
0.276197,7.326666,6.940000
0.276598,7.333333,6.986666
0.277000,7.353333,6.986666
0.277402,7.366667,6.973333
0.277803,7.413333,7.126667
0.278204,7.433333,6.926667
0.278606,7.466667,7.086666
0.279008,7.493333,7.106667
0.279409,7.520000,7.106667
0.279810,7.520000,7.093333
0.280212,7.573333,7.213333
0.280613,7.593334,7.200000
0.281015,7.620000,7.219999
0.281417,7.620000,7.200000
0.281819,7.679999,7.286667
0.282221,7.726667,7.286667
0.282622,7.740000,7.306666
0.283024,7.720000,7.326666
0.283425,7.720000,7.340000
0.283826,7.780000,7.373333
0.284228,7.786666,7.413333
0.284630,7.840000,7.193333
0.285032,7.873333,7.546666
0.285434,7.800000,7.473333
0.285836,7.873333,7.506667
0.286237,7.913333,7.506667
0.286638,7.953333,7.506667
0.287040,8.000000,7.566667
0.287441,8.020000,7.579999
0.287842,8.000000,7.613333
0.288244,8.013333,7.606667
0.288646,8.073333,7.553333
0.289049,8.100000,7.679999
0.289450,8.120000,7.720000
0.289852,8.160000,7.620000
0.290253,8.179999,7.746666
0.290654,8.213333,7.726667
0.291055,8.246666,7.780000
0.291456,8.253333,7.806666
0.291857,8.286667,7.886666
0.292259,8.300000,7.853333
0.292661,8.220000,7.880000
0.293063,8.320000,7.900000
0.293464,8.386666,7.960000
0.293865,8.393332,7.946667
0.294266,8.406667,7.993333
0.294667,8.393332,8.033334
0.295068,8.453333,8.300000
0.295470,8.480000,8.093333
0.295871,8.500000,8.046666
0.296273,8.506666,8.106667
0.296675,8.566667,8.166667
0.297076,8.586666,8.146667
0.297477,8.620000,8.200000
0.297878,8.646667,8.213333
0.298279,8.693334,8.179999
0.298680,8.599999,8.220000
0.299081,8.653333,8.253333
0.299483,8.746667,8.253333
0.299884,8.860000,8.313333
0.300286,8.780000,8.333333
0.300688,8.839999,8.333333
0.301090,8.820000,8.386666
0.301491,8.893333,8.393332
0.301893,8.866667,8.440000
0.302294,8.913333,8.460000
0.302696,8.940000,8.453333
0.303097,8.966666,8.486667
0.303498,8.973332,8.513332
0.303899,9.020000,8.546666
0.304301,9.000000,8.493334
0.304702,9.080000,8.566667
0.305104,9.126666,8.639999
0.305505,9.113333,8.846666
0.305906,9.166666,8.666666
0.306308,9.179999,8.573333
0.306710,9.213333,8.740000
0.307111,9.273334,8.780000
0.307513,9.240000,8.740000
0.307914,9.260000,8.766666
0.308315,9.293333,8.813334
0.308716,9.340000,8.839999
0.309117,9.333333,8.880000
0.309518,9.346666,8.906666
0.309919,9.340000,8.913333
0.310321,9.379999,8.913333
0.310723,9.406667,8.953334
0.311126,9.493333,9.006666
0.311527,9.533333,9.000000
0.311929,9.580000,9.059999
0.312335,9.559999,9.059999
0.312736,9.613334,9.093333
0.313138,9.653333,9.093333
0.313540,9.633333,9.186666
0.313941,9.673333,9.126666
0.314342,9.719999,9.153334
0.314743,9.686666,9.193333
0.315146,9.773333,9.153334
0.315548,9.786667,9.286667
0.315949,9.719999,9.240000
0.316350,9.826666,9.266666
0.316753,9.839999,9.306666
0.317155,9.886666,9.313333
0.317556,9.893332,9.346666
0.317957,9.913333,9.346666
0.318358,9.966666,9.446667
0.318760,10.020000,9.480000
0.319161,10.000000,9.480000
0.319563,10.020000,9.513333
0.319964,10.059999,9.533333
0.320366,10.033333,9.346666
0.320767,10.093333,9.566666
0.321168,10.126667,9.606667
0.321570,10.153333,9.646667
0.321971,10.193334,9.613334
0.322373,10.253333,9.680000
0.322776,10.186666,9.666667
0.323177,10.266666,9.740000
0.323578,10.326667,9.740000
0.323979,10.273334,9.713333
0.324381,10.246666,9.793333
0.324782,10.366666,9.873333
0.325183,10.286666,9.826666
0.325584,10.400000,9.839999
0.325986,10.486666,9.886666
0.326388,10.453333,9.906666
0.326789,10.493333,9.946667
0.327190,10.493333,9.966666
0.327591,10.526667,9.966666
0.327993,10.573333,9.980000
0.328395,10.533334,10.040000
0.328796,10.526667,10.059999
0.329197,10.720000,10.133333
0.329599,10.653334,10.106667
0.330000,10.693333,10.093333
0.330401,10.693333,10.140000
0.330802,10.740000,10.166666
0.331203,10.753333,10.193334
0.331604,10.746666,10.160000
0.332005,10.766666,10.280000
0.332407,10.953333,10.286666
0.332808,10.846666,10.386666
0.333209,10.873333,10.320000
0.333610,11.026667,10.320000
0.334012,10.913333,10.346666
0.334414,10.946666,10.400000
0.334816,10.973333,10.380000
0.335217,11.006666,10.440000
0.335618,11.020000,10.433333
0.336019,11.053333,10.466667
0.336421,11.086666,10.473333
0.336823,11.106667,10.566667
0.337224,11.120000,10.546666
0.337625,11.173333,10.840000
0.338027,11.206666,10.580000
0.338429,11.139999,10.059999
0.338830,11.240000,10.720000
0.339232,11.313334,10.726666
0.339633,11.253333,10.686666
0.340034,11.280000,10.653334
0.340435,11.346666,10.746666
0.340837,11.373333,10.766666
0.341239,11.366667,10.840000
0.341640,11.420000,10.826666
0.342041,11.433333,10.840000
0.342442,11.473332,10.860000
0.342844,11.473332,10.893332
0.343245,11.520000,10.873333
0.343647,11.493333,10.913333
0.344049,11.539999,10.966666
0.344450,11.559999,11.000000
0.344852,11.599999,10.993334
0.345254,11.626666,11.086666
0.345656,11.673333,10.960000
0.346058,11.679999,11.079999
0.346459,11.766666,11.079999
0.346860,11.720000,11.099999
0.347262,11.740000,11.126667
0.347664,11.793333,11.146667
0.348065,11.746666,11.240000
0.348466,11.820000,11.193334
0.348867,11.860000,11.333333
0.349268,11.840000,11.206666
0.349670,11.879999,11.266666
0.350072,11.933332,11.313334
0.350473,11.940000,11.306666
0.350876,11.973333,11.353333
0.351277,12.006666,11.366667
0.351678,12.013333,11.333333
0.352080,12.153333,11.466666
0.352481,12.059999,11.453334
0.352882,12.120000,11.553333
0.353284,12.113334,11.493333
0.353685,12.160000,11.513333
0.354086,12.213333,11.539999
0.354487,12.219999,11.539999
0.354889,12.186666,11.559999
0.355290,12.253333,11.573333
0.355691,12.266666,11.580000
0.356092,12.333333,11.666666
0.356494,12.360000,11.700000
0.356895,12.346666,11.660000
0.357296,12.453333,11.733333
0.357698,12.373333,11.746666
0.358099,12.313334,11.746666
0.358500,12.473333,11.740000
0.358903,12.506667,11.786667
0.359305,12.520000,11.846666
0.359707,12.526666,11.573333
0.360109,12.559999,11.879999
0.360510,12.593333,11.906667
0.360911,12.599999,11.893333
0.361313,12.606667,11.926666
0.361715,12.640000,11.953333
0.362116,12.646667,11.973333
0.362519,12.740000,12.120000
0.362920,12.713333,12.059999
0.363322,12.653333,12.066666
0.363723,12.760000,12.066666
0.364125,12.793333,12.106667
0.364527,12.806666,12.126666
0.364928,12.833333,12.126666
0.365329,12.900000,12.240000
0.365731,12.866666,12.186666
0.366132,12.900000,12.240000
0.366534,13.000000,12.280000
0.366936,12.940000,12.273333
0.367337,12.973333,12.306666
0.367739,12.993333,12.339999
0.368140,13.013333,12.339999
0.368541,13.040000,12.366667
0.368943,13.093333,12.386666
0.369345,13.113333,12.433333
0.369747,13.093333,12.459999
0.370148,13.153334,12.493333
0.370549,13.160000,12.506667
0.370951,13.179999,12.533333
0.371353,13.220000,12.526666
0.371754,13.226666,12.580000
0.372155,13.293333,12.873333
0.372556,13.286667,12.593333
0.372957,13.313333,12.626667
0.373358,13.326666,12.786666
0.373761,13.379999,12.660000
0.374162,13.433333,12.706667
0.374564,13.353333,12.686666
0.374965,13.533333,12.733333
0.375367,13.446666,12.766666
0.375768,13.480000,12.780000
0.376171,13.486667,12.806666
0.376572,13.520000,12.853333
0.376973,13.553333,12.853333
0.377374,13.599999,12.980000
0.377777,13.620000,12.900000
0.378178,13.639999,12.933333
0.378580,13.646666,12.946667
0.378981,13.613334,12.753333
0.379382,13.686666,12.966667
0.379783,13.733333,13.133333
0.380184,13.740001,13.000000
0.380585,13.766666,13.040000
0.380986,13.766666,13.080000
0.381388,13.773333,13.073333
0.381790,13.759999,13.120000
0.382192,13.853333,13.133333
0.382593,13.966666,13.133333
0.382994,13.900000,13.033334
0.383395,13.920000,13.206666
0.383796,13.960000,13.173333
0.384198,13.953333,13.259999
0.384599,13.993333,13.259999
0.385000,14.020000,13.293333
0.385402,14.006667,13.306666
0.385803,14.046667,13.326666
0.386205,14.160000,13.313333
0.386606,14.120000,13.366667
0.387008,14.080000,13.406666
0.387409,14.186666,13.413334
0.387810,14.200001,13.533333
0.388213,14.226666,13.480000
0.388614,14.186666,13.480000
0.389015,14.213333,13.406666
0.389416,14.273334,13.553333
0.389817,14.293333,13.520000
0.390219,14.333334,13.593333
0.390621,14.346666,13.500000
0.391024,14.186666,13.606666
0.391425,14.446667,13.653334
0.391826,14.380000,13.653334
0.392227,14.426666,13.639999
0.392629,14.466667,13.680000
0.393030,14.486667,13.993333
0.393431,14.486667,13.813334
0.393833,14.553333,13.759999
0.394234,14.526666,13.786667
0.394636,14.493333,13.813334
0.395039,14.586666,13.746667
0.395441,14.553333,13.833333
0.395842,14.633332,13.786667
0.396243,14.673333,13.906666
0.396645,14.653333,13.900000
0.397046,14.673333,13.993333
0.397447,14.773334,13.946667
0.397848,14.780000,13.986667
0.398250,14.746666,13.966666
0.398651,14.780000,13.993333
0.399053,14.820000,13.940001
0.399457,14.820000,14.106666
0.399858,14.773334,14.066666
0.400260,14.873333,14.086666
0.400661,14.913333,14.113334
0.401062,14.933333,14.166666
0.401464,14.933333,14.160000
0.401865,14.953333,14.186666
0.402266,14.953333,14.173332
0.402667,14.953333,14.200001
0.403068,14.953333,14.239999
0.403469,15.013333,14.253333
0.403870,15.106667,14.306665
0.404272,14.940000,14.286666
0.404673,15.133333,14.326666
0.405074,15.139999,14.306665
0.405475,15.200000,14.420000
0.405876,15.219999,14.380000
0.406279,15.233334,14.486667
0.406681,15.320001,14.480000
0.407082,15.240000,14.473333
0.407484,15.426665,14.513333
0.407885,15.386667,14.466667
0.408287,15.373333,14.513333
0.408688,15.359999,14.520000
0.409089,15.373333,14.520000
0.409490,15.393333,14.540000
0.409891,15.400000,14.573334
0.410293,15.446666,14.573334
0.410695,15.480000,14.640000
0.411096,15.493332,14.679999
0.411497,15.500000,14.646667
0.411900,15.473333,14.666667
0.412301,15.626667,14.846666
0.412702,15.579999,14.719999
0.413103,15.606667,14.746666
0.413504,15.673333,14.773334
0.413906,15.646666,14.820000
0.414307,15.693334,14.793334
0.414708,15.639999,14.820000
0.415109,15.619999,14.846666
0.415510,15.700000,14.846666
0.415911,15.793333,14.873333
0.416313,15.760000,14.906667
0.416714,15.760000,14.899999
0.417115,15.799999,14.919999
0.417517,15.839999,14.933333
0.417918,15.853333,14.953333
0.418320,15.873333,14.953333
0.418722,15.886665,14.953333
0.419123,15.913334,15.080000
0.419524,15.933333,15.086666
0.419926,15.946666,15.100000
0.420327,15.960000,15.119999
0.420728,16.013332,15.133333
0.421129,16.013332,15.133333
0.421531,16.046667,15.253334
0.421932,16.059999,15.060000
0.422335,16.046667,15.213333
0.422736,16.053333,15.226665
0.423137,16.099998,15.226665
0.423538,16.139999,15.260000
0.423939,16.266666,15.280000
0.424341,16.153334,15.300000
0.424742,16.299999,15.346666
0.425145,16.213333,15.333333
0.425546,16.259998,15.379999
0.425948,16.266666,15.393333
0.426349,16.293333,15.413333
0.426750,16.340000,15.433333
0.427151,16.359999,15.313333
0.427553,16.340000,15.426665
0.427955,16.373333,15.500000
0.428356,16.386665,15.480000
0.428757,16.353333,15.540000
0.429159,16.446667,15.560000
0.429560,16.446667,15.573333
0.429961,16.473333,15.546666
0.430362,16.486666,15.573333
0.430763,16.533333,15.619999
0.431164,16.453333,15.660000
0.431565,16.580000,15.606667
0.431966,16.539999,15.666666
0.432368,16.600000,15.733333
0.432769,16.593334,15.660000
0.433170,16.713333,15.746666
0.433572,16.619999,15.740000
0.433973,16.673332,15.753332
0.434376,16.706667,15.760000
0.434778,16.740000,15.873333
0.435179,16.733334,15.799999
0.435580,16.766666,15.940000
0.435981,16.766666,15.906666
0.436382,16.773333,15.846667
0.436783,16.786665,15.913334
0.437185,16.820000,15.920000
0.437586,16.813334,15.946666
0.437987,16.840000,15.686666
0.438389,16.846666,15.933333
0.438790,16.933332,16.000000
0.439192,16.866667,15.980000
0.439593,16.900000,16.039999
0.439994,16.920000,16.066668
0.440396,16.879999,16.066668
0.440798,16.900000,16.039999
0.441200,16.860001,16.099998
0.441601,16.946667,16.093332
0.442002,16.973333,16.099998
0.442403,16.980000,16.193333
0.442804,17.013332,16.160000
0.443205,17.019999,16.046667
0.443606,17.046665,16.160000
0.444007,17.053333,16.266666
0.444409,17.053333,16.246666
0.444810,17.059999,16.266666
0.445211,17.113333,16.279999
0.445612,17.133333,16.279999
0.446013,17.106667,16.273333
0.446415,17.146666,16.320000
0.446816,17.186666,16.359999
0.447218,17.173332,16.373333
0.447619,17.120001,16.353333
0.448020,17.233334,16.400000
0.448422,17.240000,16.400000
0.448824,17.219999,16.486666
0.449225,17.266666,16.440001
0.449626,17.260000,16.473333
0.450027,17.279999,16.466667
0.450428,17.306665,16.473333
0.450829,17.326666,16.480000
0.451230,17.353333,16.460001
0.451631,17.340000,16.526667
0.452033,17.373333,16.573334
0.452435,17.373333,16.586666
0.452836,17.406666,16.619999
0.453238,17.433332,16.633331
0.453639,17.426666,16.619999
0.454041,17.446667,16.633331
0.454442,17.433332,16.693333
0.454843,17.486666,16.646666
0.455245,17.480000,16.680000
0.455646,17.439999,16.713333
0.456048,17.533333,16.726667
0.456450,17.553331,16.753332
0.456851,17.593332,16.766666
0.457252,17.633333,16.779999
0.457654,17.533333,16.740000
0.458055,17.600000,16.833334
0.458456,17.546665,16.793333
0.458857,17.633333,16.799999
0.459258,17.653334,16.840000
0.459659,17.666666,16.833334
0.460061,17.686666,16.833334
0.460463,17.699999,16.860001
0.460864,17.719999,16.873333
0.461266,17.746666,16.906666
0.461667,17.733334,16.886665
0.462068,17.780001,16.906666
0.462470,17.713333,16.906666
0.462871,17.793333,16.853334
0.463273,17.826666,16.946667
0.463675,17.806665,16.959999
0.464076,17.826666,16.980000
0.464478,17.846666,16.993334
0.464879,17.866667,16.986668
0.465280,17.846666,16.980000
0.465682,17.826666,17.186666
0.466083,17.886667,17.039999
0.466484,17.873333,17.033333
0.466885,17.900000,17.039999
0.467286,17.933332,17.086666
0.467687,17.953333,17.073334
0.468088,17.959999,17.106667
0.468490,17.986666,17.113333
0.468891,18.000000,17.139999
0.469293,18.013332,17.146666
0.469695,18.013332,17.120001
0.470096,18.026667,17.173332
0.470497,18.040001,17.186666
0.470898,17.966665,17.186666
0.471299,18.073332,17.166666
0.471700,18.099998,17.240000
0.472102,18.086666,17.253334
0.472504,18.113333,17.173332
0.472905,18.126667,17.266666
0.473306,18.113333,17.266666
0.473708,18.226665,17.273333
0.474109,18.266666,17.293333
0.474510,18.106667,17.306665
0.474911,18.206665,17.266666
0.475313,18.206665,17.320000
0.475714,18.213333,17.333332
0.476116,18.233332,17.333332
0.476517,18.233332,17.340000
0.476918,18.246666,17.393333
0.477320,18.273333,17.393333
0.477721,18.260000,17.346666
0.478123,18.233332,17.419998
0.478524,18.273333,17.426666
0.478925,18.326666,17.453333
0.479327,18.353333,17.446667
0.479729,18.346666,17.433332
0.480130,18.373333,17.586666
0.480531,18.373333,17.279999
0.480932,18.366667,17.453333
0.481335,18.440001,17.500000
0.481736,18.420000,17.506666
0.482137,18.406666,17.513334
0.482539,18.433334,17.539999
0.482940,18.426666,17.539999
0.483342,18.433334,17.533333
0.483743,18.459999,17.586666
0.484144,18.453333,17.600000
0.484545,18.480000,17.600000
0.484946,18.480000,17.613333
0.485348,18.513332,17.619999
0.485749,18.520000,17.639999
0.486150,18.553333,17.619999
0.486552,18.559999,17.666666
0.486953,18.573334,17.666666
0.487355,18.573334,17.679998
0.487756,18.553333,17.613333
0.488157,18.566668,17.699999
0.488558,18.573334,17.746666
0.488959,18.606665,17.740000
0.489361,18.613333,17.746666
0.489762,18.619999,17.733334
0.490163,18.593332,17.746666
0.490564,18.606665,17.766666
0.490965,18.660000,17.760000
0.491367,18.660000,17.786667
0.491769,18.666666,17.793333
0.492170,18.713333,17.813332
0.492571,18.713333,17.826666
0.492973,18.726665,17.833332
0.493375,18.713333,17.846666
0.493776,18.753332,17.840000
0.494178,18.793333,17.879999
0.494579,18.759998,17.873333
0.494980,18.759998,17.840000
0.495382,18.786667,17.859999
0.495783,18.793333,17.886667
0.496184,18.806667,17.840000
0.496585,18.813334,17.886667
0.496986,18.806667,17.926666
0.497388,18.840000,17.946665
0.497789,18.840000,17.946665
0.498190,18.879999,17.946665
0.498591,18.893333,17.953333
0.498993,18.906666,17.973333
0.499395,18.853333,17.926666
0.499796,18.859999,18.020000
0.500198,18.859999,17.993332
0.500599,18.913332,18.020000
0.501000,18.940001,18.020000
0.501402,18.940001,18.020000
0.501804,19.006666,18.086666
0.502205,18.973333,18.053333
0.502606,18.980000,18.059999
0.503007,18.986666,18.006666
0.503409,18.993332,18.086666
0.503810,18.986666,18.146666
0.504211,19.033333,18.079998
0.504613,19.026667,18.193333
0.505014,19.019999,18.093332
0.505415,19.039999,18.106667
0.505817,19.019999,18.026667
0.506218,19.053333,18.113333
0.506619,19.033333,18.180000
0.507020,19.113333,18.400000
0.507422,19.046667,18.146666
0.507825,19.146666,18.206665
0.508226,19.100000,18.146666
0.508627,19.106667,18.206665
0.509028,19.106667,18.193333
0.509429,19.160000,18.199999
0.509830,19.133331,18.086666
0.510232,19.133331,18.233332
0.510634,19.193333,18.226665
0.511035,19.146666,18.233332
0.511436,19.146666,18.233332
0.511837,19.173332,18.253332
0.512239,19.186666,18.233332
0.512641,19.226667,18.240000
0.513042,19.213333,18.286667
0.513443,19.233334,18.273333
0.513844,19.206667,18.280001
0.514246,19.146666,18.333332
0.514647,19.240000,18.253332
0.515048,19.240000,18.213333
0.515449,19.266666,18.339998
0.515851,19.240000,18.333332
0.516252,19.333334,18.326666
0.516654,19.293333,18.326666
0.517055,19.299999,18.359999
0.517456,19.259998,18.353333
0.517857,19.293333,18.379999
0.518258,19.326666,18.379999
0.518659,19.326666,18.366667
0.519060,19.326666,18.393333
0.519462,19.299999,18.359999
0.519863,19.353334,18.440001
0.520265,19.333334,18.400000
0.520667,19.320000,18.400000
0.521068,19.386665,18.446667
0.521470,19.360001,18.333332
0.521871,19.386665,18.353333
0.522273,19.373333,18.440001
0.522674,19.386665,18.400000
0.523075,19.406666,18.626665
0.523476,19.413332,18.513332
0.523878,19.413332,18.493332
0.524279,19.426666,18.473331
0.524680,19.420000,18.420000
0.525081,19.426666,18.486666
0.525482,19.433332,18.473331
0.525883,19.439999,18.486666
0.526284,19.453333,18.493332
0.526686,19.406666,18.580000
0.527087,19.453333,18.506666
0.527488,19.420000,18.513332
0.527890,19.459999,18.520000
0.528292,19.480000,18.526667
0.528693,19.386665,18.533333
0.529094,19.459999,18.486666
0.529496,19.559999,18.539999
0.529897,19.486668,18.539999
0.530299,19.500000,18.566668
0.530701,19.553333,18.566668
0.531102,19.533333,18.580000
0.531504,19.480000,18.420000
0.531905,19.546665,18.826666
0.532307,19.546665,18.633333
0.532708,19.539999,18.593332
0.533110,19.539999,18.599998
0.533511,19.573334,18.599998
0.533912,19.573334,18.593332
0.534314,19.613333,18.593332
0.534717,19.586666,18.619999
0.535118,19.593332,18.619999
0.535519,19.580000,18.619999
0.535920,19.600000,18.639999
0.536321,19.639999,18.626665
0.536722,19.606667,18.619999
0.537123,19.633333,18.626665
0.537524,19.633333,18.646666
0.537926,19.626667,18.639999
0.538327,19.633333,18.646666
0.538728,19.606667,18.639999
0.539130,19.646666,18.673334
0.539531,19.639999,18.513332
0.539932,19.673332,18.746666
0.540335,19.659998,18.746666
0.540736,19.713333,18.673334
0.541137,19.713333,18.666666
0.541538,19.713333,18.646666
0.541939,19.666666,18.680000
0.542341,19.679998,18.680000
0.542743,19.666666,18.686666
0.543145,19.686666,18.700001
0.543547,19.713333,18.719999
0.543948,19.719999,18.713333
0.544349,19.679998,18.713333
0.544751,19.686666,18.726665
0.545153,19.713333,18.740000
0.545555,19.693333,18.713333
0.545956,19.733334,18.660000
0.546357,19.713333,18.759998
0.546758,19.713333,18.799999
0.547160,19.746666,18.766666
0.547562,19.726667,18.653334
0.547963,19.746666,18.726665
0.548364,19.753334,18.746666
0.548766,19.713333,18.746666
0.549167,19.773333,18.766666
0.549569,19.826666,18.759998
0.549970,19.779999,18.673334
0.550371,19.760000,18.766666
0.550773,19.740000,18.766666
0.551174,19.753334,18.793333
0.551575,19.746666,18.766666
0.551976,19.766666,18.746666
0.552377,19.760000,18.693333
0.552778,19.779999,18.766666
0.553179,19.779999,18.786667
0.553580,19.813332,18.686666
0.553982,19.773333,19.160000
0.554383,19.820000,18.426666
0.554784,19.766666,18.859999
0.555185,19.760000,18.813334
0.555586,19.799999,18.786667
0.555987,19.760000,18.786667
0.556389,19.813332,18.766666
0.556790,19.820000,18.820000
0.557191,19.820000,18.806667
0.557592,19.806665,18.806667
0.557993,19.786665,18.826666
0.558395,19.806665,18.820000
0.558796,19.786665,18.833334
0.559198,19.806665,18.793333
0.559599,19.813332,18.786667
0.560000,19.820000,18.820000
0.560401,19.813332,18.960001
0.560802,19.826666,18.846666
0.561203,19.833332,18.799999
0.561604,19.826666,18.826666
0.562005,19.813332,18.806667
0.562407,19.886667,18.846666
0.562809,19.840000,18.799999
0.563211,19.813332,18.846666
0.563613,19.860001,18.813334
0.564015,19.793333,18.866665
0.564416,19.779999,18.793333
0.564817,19.860001,18.840000
0.565219,19.826666,18.826666
0.565621,19.840000,18.859999
0.566022,20.126667,18.859999
0.566423,19.846666,18.840000
0.566824,19.833332,18.866665
0.567226,19.840000,18.833334
0.567627,19.840000,18.840000
0.568028,19.846666,18.833334
0.568429,19.833332,18.846666
0.568830,19.840000,19.326666
0.569232,19.840000,18.813334
0.569633,19.833332,18.840000
0.570034,19.840000,18.840000
0.570436,19.773333,18.853333
0.570837,19.840000,18.826666
0.571239,19.840000,18.840000
0.571640,19.719999,18.853333
0.572041,19.833332,18.793333
0.572443,19.826666,18.873333
0.572844,19.833332,18.853333
0.573245,19.833332,18.879999
0.573646,19.886667,18.886665
0.574047,19.860001,18.799999
0.574449,19.833332,18.866665
0.574850,19.740000,18.853333
0.575252,19.813332,18.846666
0.575654,19.880001,18.859999
0.576055,19.846666,18.766666
0.576457,19.813332,18.820000
0.576858,19.840000,18.879999
0.577259,19.873333,18.826666
0.577660,19.833332,18.846666
0.578062,19.840000,18.833334
0.578463,19.840000,18.873333
0.578864,19.806665,18.826666
0.579266,19.840000,18.853333
0.579667,19.779999,18.846666
0.580069,19.840000,18.806667
0.580470,19.820000,18.820000
0.580871,19.799999,18.820000
0.581272,19.779999,18.806667
0.581673,19.753334,18.820000
0.582075,19.826666,18.766666
0.582477,19.860001,18.826666
0.582878,19.793333,18.833334
0.583279,19.833332,18.826666
0.583681,19.840000,18.779999
0.584082,19.833332,18.806667
0.584483,19.826666,18.840000
0.584884,19.799999,18.840000
0.585287,19.799999,18.840000
0.585688,19.806665,18.813334
0.586089,19.806665,18.793333
0.586490,19.820000,18.806667
0.586891,19.806665,18.813334
0.587292,19.840000,18.893333
0.587694,19.726667,18.820000
0.588095,19.760000,18.766666
0.588496,19.773333,18.859999
0.588897,19.793333,18.820000
0.589299,19.779999,18.826666
0.589701,19.806665,18.766666
0.590103,19.786665,18.806667
0.590504,19.806665,18.853333
0.590905,19.746666,18.646666
0.591306,19.733334,18.766666
0.591707,19.773333,18.673334
0.592109,19.786665,18.786667
0.592511,19.766666,18.786667
0.592912,19.786665,18.766666
0.593313,19.746666,18.759998
0.593714,19.740000,18.773333
0.594116,19.760000,18.766666
0.594517,19.740000,18.766666
0.594918,19.726667,18.746666
0.595319,19.746666,18.719999
0.595720,19.699999,18.733332
0.596121,19.713333,18.746666
0.596523,19.786665,18.673334
0.596924,19.719999,18.713333
0.597326,19.719999,18.733332
0.597727,19.706667,18.726665
0.598128,19.733334,18.599998
0.598530,19.753334,18.726665
0.598931,19.659998,18.580000
0.599335,19.760000,18.719999
0.599736,19.673332,18.713333
0.600137,19.706667,18.713333
0.600538,19.686666,18.713333
0.600939,19.686666,18.706667
0.601341,19.679998,18.726665
0.601742,19.666666,18.693333
0.602143,19.693333,18.706667
0.602545,19.653332,18.693333
0.602946,19.673332,18.686666
0.603348,19.666666,18.673334
0.603750,19.639999,18.639999
0.604151,19.713333,18.706667
0.604553,19.653332,18.693333
0.604954,19.620001,18.660000
0.605355,19.633333,18.646666
0.605757,19.653332,18.766666
0.606159,19.653332,18.693333
0.606560,19.606667,18.646666
0.606961,19.626667,18.660000
0.607362,19.653332,18.646666
0.607763,19.600000,18.626665
0.608165,19.539999,18.646666
0.608566,19.600000,18.646666
0.608967,19.593332,18.619999
0.609369,19.593332,18.613333
0.609771,19.593332,18.619999
0.610172,19.586666,18.599998
0.610573,19.533333,18.599998
0.610975,19.559999,18.486666
0.611376,19.553333,18.606665
0.611777,19.553333,18.580000
0.612178,19.546665,18.459999
0.612579,19.573334,18.599998
0.612980,19.539999,18.599998
0.613382,19.553333,18.580000
0.613783,19.539999,18.580000
0.614184,19.546665,18.586666
0.614585,19.480000,18.559999
0.614986,19.480000,18.539999
0.615388,19.506666,18.520000
0.615789,19.459999,18.580000
0.616190,19.500000,18.546667
0.616591,19.473333,18.526667
0.616993,19.466667,18.506666
0.617395,19.473333,18.526667
0.617796,19.446667,18.506666
0.618198,19.473333,18.506666
0.618599,19.426666,18.506666
0.619000,19.426666,18.493332
0.619401,19.439999,18.506666
0.619802,19.426666,18.420000
0.620203,19.420000,18.466665
0.620605,19.420000,18.446667
0.621006,19.366667,18.473331
0.621408,19.406666,18.333332
0.621809,19.373333,18.520000
0.622211,19.379999,18.440001
0.622612,19.386665,18.440001
0.623014,19.346666,18.426666
0.623415,19.360001,18.393333
0.623816,19.439999,18.393333
0.624218,19.360001,18.339998
0.624620,19.453333,18.373333
0.625021,19.333334,18.379999
0.625422,19.313334,18.366667
0.625824,19.306665,18.366667
0.626225,19.320000,18.379999
0.626626,19.293333,18.353333
0.627027,19.293333,18.339998
0.627429,19.293333,18.346666
0.627830,19.279999,18.286667
0.628231,19.273333,18.333332
0.628632,19.253332,18.326666
0.629033,19.246666,18.313334
0.629434,19.253332,18.286667
0.629835,19.193333,18.293333
0.630238,19.273333,18.280001
0.630639,19.213333,18.293333
0.631041,19.233334,18.273333
0.631442,19.206667,18.253332
0.631843,19.193333,18.253332
0.632245,19.146666,18.366667
0.632646,19.193333,18.240000
0.633048,19.193333,18.213333
0.633449,19.246666,18.253332
0.633850,19.153332,18.206665
0.634251,19.153332,18.226665
0.634653,19.126665,18.180000
0.635055,19.126665,18.193333
0.635456,19.113333,18.180000
0.635857,19.093334,18.286667
0.636258,19.086666,18.193333
0.636659,19.146666,18.166666
0.637060,19.066666,18.146666
0.637461,19.039999,18.146666
0.637862,19.046667,18.153334
0.638263,19.053333,18.139999
0.638665,19.039999,18.146666
0.639066,19.053333,18.126667
0.639469,19.019999,18.099998
0.639870,19.026667,18.099998
0.640272,19.046667,18.086666
0.640674,18.966667,18.020000
0.641075,18.980000,18.066666
0.641476,18.999998,18.079998
0.641877,18.953333,18.073332
0.642278,18.933332,18.053333
0.642680,18.946667,18.020000
0.643081,18.933332,18.006666
0.643483,18.906666,18.013332
0.643884,18.886665,18.000000
0.644286,18.779999,17.939999
0.644687,18.879999,17.980000
0.645088,18.913332,17.993332
0.645490,18.886665,17.980000
0.645893,18.866665,17.980000
0.646294,18.859999,17.886667
0.646695,18.813334,17.939999
0.647097,18.840000,17.900000
0.647498,18.846666,17.953333
0.647899,18.820000,17.886667
0.648301,18.840000,17.900000
0.648703,18.806667,17.879999
0.649105,18.759998,17.959999
0.649506,18.740000,17.840000
0.649908,18.700001,17.873333
0.650310,18.759998,17.840000
0.650712,18.706667,17.813332
0.651114,18.733332,17.820000
0.651516,18.693333,17.813332
0.651918,18.680000,17.813332
0.652320,18.700001,17.813332
0.652722,18.680000,17.793333
0.653123,18.686666,17.793333
0.653524,18.633333,17.746666
0.653925,18.666666,17.753334
0.654326,18.593332,17.786667
0.654727,18.646666,17.746666
0.655128,18.619999,17.746666
0.655530,18.599998,17.706665
0.655931,18.599998,17.719999
0.656335,18.586666,17.706665
0.656736,18.559999,17.713333
0.657137,18.586666,17.606667
0.657538,18.580000,17.686666
0.657939,18.553333,17.686666
0.658341,18.539999,17.679998
0.658742,18.533333,17.639999
0.659143,18.520000,17.653334
0.659545,18.486666,17.613333
0.659946,18.480000,17.606667
0.660348,18.393333,17.600000
0.660749,18.466665,17.520000
0.661150,18.459999,17.539999
0.661551,18.440001,17.526667
0.661953,18.420000,17.600000
0.662354,18.400000,17.513334
0.662756,18.406666,17.493334
0.663158,18.353333,17.639999
0.663559,18.373333,17.473333
0.663960,18.400000,17.453333
0.664362,18.339998,17.473333
0.664763,18.353333,17.466665
0.665164,18.373333,17.346666
0.665565,18.273333,17.453333
0.665967,18.306667,17.446667
0.666368,18.286667,17.400000
0.666769,18.280001,17.453333
0.667170,18.273333,17.366667
0.667571,18.266666,17.373333
0.667972,18.233332,17.346666
0.668374,18.173334,17.340000
0.668776,18.226665,17.333332
0.669177,18.199999,17.320000
0.669578,18.199999,17.360001
0.669980,18.180000,17.313332
0.670381,18.119999,17.266666
0.670782,18.146666,17.266666
0.671183,18.139999,17.260000
0.671585,18.133333,17.240000
0.671986,18.133333,17.139999
0.672388,18.126667,17.260000
0.672789,18.086666,17.213333
0.673190,18.059999,17.199999
0.673592,18.066666,17.193333
0.673993,18.013332,17.186666
0.674395,18.020000,17.153332
0.674797,18.059999,17.146666
0.675199,18.000000,17.139999
0.675600,17.986666,17.113333
0.676002,17.980000,17.120001
0.676403,17.946665,17.039999
0.676804,17.966665,16.993334
0.677206,17.933332,17.073334
0.677607,17.920000,17.013332
0.678009,17.886667,17.013332
0.678410,17.859999,17.039999
0.678811,17.973333,17.013332
0.679213,17.879999,16.980000
0.679615,17.866667,16.980000
0.680016,17.846666,16.986668
0.680417,17.799999,16.980000
0.680818,17.806665,16.953333
0.681219,17.760000,16.906666
0.681621,17.753334,16.913332
0.682022,17.773333,16.913332
0.682423,17.793333,16.900000
0.682825,17.746666,16.926666
0.683227,17.786667,16.913332
0.683629,17.733334,16.900000
0.684031,17.719999,16.866667
0.684433,17.673332,16.853334
0.684834,17.646667,16.846666
0.685236,17.666666,16.846666
0.685638,17.660000,16.820000
0.686039,17.633333,16.806665
0.686441,17.606667,16.786665
0.686842,17.573332,16.786665
0.687244,17.586666,16.759998
0.687645,17.513334,16.740000
0.688047,17.526667,16.753332
0.688449,17.533333,16.726667
0.688850,17.486666,16.700001
0.689251,17.593332,16.639999
0.689654,17.466665,16.633331
0.690055,17.426666,16.633331
0.690457,17.500000,16.653332
0.690859,17.393333,16.626665
0.691260,17.406666,16.573334
0.691661,17.373333,16.573334
0.692062,17.386667,16.573334
0.692463,17.360001,16.586666
0.692865,17.346666,16.546667
0.693266,17.333332,16.519999
0.693667,17.326666,16.513332
0.694069,17.326666,16.539999
0.694470,17.299999,16.486666
0.694871,17.273333,16.446667
0.695272,17.286665,16.446667
0.695673,17.186666,16.386665
0.696074,17.253334,16.433332
0.696476,17.233334,16.386665
0.696877,17.186666,16.386665
0.697278,17.179998,16.320000
0.697680,17.206667,16.353333
0.698081,17.093332,16.240000
0.698483,17.126667,16.333334
0.698884,17.080000,16.313334
0.699286,17.086666,16.313334
0.699688,17.226667,16.246666
0.700089,17.053333,16.279999
0.700491,17.046665,16.273333
0.700893,17.006666,16.193333
0.701294,17.019999,16.193333
0.701695,16.993334,16.160000
0.702097,16.986668,16.126665
0.702498,16.946667,16.099998
0.702900,16.920000,16.080000
0.703302,16.933332,16.099998
0.703704,16.913332,16.053333
0.704105,16.900000,16.046667
0.704506,16.900000,15.900000
0.704907,16.893332,16.099998
0.705308,16.879999,16.006666
0.705709,16.833334,15.986667
0.706110,16.873333,15.933333
0.706511,16.833334,15.940000
0.706913,16.846666,16.026667
0.707315,16.746666,15.886665
0.707716,16.793333,15.913334
0.708117,16.786665,15.893333
0.708518,16.713333,15.839999
0.708920,16.733334,15.846667
0.709322,16.733334,15.853333
0.709723,16.673332,15.806666
0.710124,16.700001,15.760000
0.710526,16.646666,15.746666
0.710928,16.619999,15.760000
0.711333,16.619999,15.740000
0.711736,16.559999,15.760000
0.712137,16.586666,15.733333
0.712539,16.606667,15.673333
0.712940,16.546667,15.653334
0.713341,16.573334,15.633333
0.713742,16.519999,15.700000
0.714145,16.506666,15.560000
0.714546,16.460001,15.673333
0.714947,16.433332,15.566667
0.715348,16.426666,15.546666
0.715749,16.426666,15.579999
0.716150,16.359999,15.480000
0.716551,16.346666,15.419999
0.716952,16.353333,15.426665
0.717354,16.346666,15.466666
0.717755,16.313334,15.413333
0.718156,16.293333,15.393333
0.718558,16.259998,15.466666
0.718959,16.259998,15.393333
0.719362,16.246666,15.419999
0.719763,16.240000,15.340000
0.720164,16.193333,15.293332
0.720565,16.146666,15.273333
0.720966,16.153334,15.246666
0.721368,16.106665,15.253334
0.721769,16.080000,15.219999
0.722171,16.066668,15.219999
0.722573,16.039999,15.126667
0.722974,16.013332,15.179999
0.723375,16.000000,15.139999
0.723776,16.033333,15.146667
0.724178,15.953332,15.159999
0.724579,15.960000,15.219999
0.724980,15.940000,15.086666
0.725382,15.913334,15.086666
0.725783,15.900000,15.113333
0.726185,15.866667,14.953333
0.726586,15.973332,14.953333
0.726987,15.793333,14.940000
0.727388,15.806666,14.919999
0.727789,15.766666,14.906667
0.728191,15.646666,14.873333
0.728593,15.720000,14.873333
0.728996,15.773333,14.906667
0.729398,15.660000,14.813333
0.729799,15.693334,14.813333
0.730201,15.586667,14.786666
0.730602,15.606667,14.820000
0.731003,15.586667,14.759999
0.731404,15.606667,14.640000
0.731805,15.553332,14.726667
0.732206,15.533333,14.706667
0.732608,15.506666,14.559999
0.733010,15.466666,14.679999
0.733411,15.533333,14.633332
0.733812,15.493332,14.600000
0.734214,15.433333,14.600000
0.734616,15.413333,14.573334
0.735017,15.393333,14.533334
0.735418,15.386667,14.533334
0.735820,15.366667,14.513333
0.736221,15.320001,14.513333
0.736623,15.306666,14.459999
0.737024,15.226665,14.506667
0.737425,15.306666,14.426666
0.737826,15.273333,14.353333
0.738227,15.159999,14.420000
0.738628,15.206666,14.360000
0.739029,15.186667,14.326666
0.739430,15.179999,14.326666
0.739831,15.080000,14.313334
0.740232,15.026666,14.320000
0.740633,15.093332,14.286666
0.741036,14.953333,14.266667
0.741438,15.086666,14.246667
0.741839,15.060000,14.206667
0.742240,14.953333,14.180000
0.742641,14.953333,14.166666
0.743042,14.940000,14.166666
0.743443,14.906667,14.113334
0.743844,14.913333,14.093333
0.744246,14.833332,14.080000
0.744648,14.826666,14.093333
0.745049,14.806666,14.033333
0.745450,14.793334,14.020000
0.745851,14.800000,14.020000
0.746252,14.746666,13.999999
0.746653,14.713333,13.966666
0.747054,14.759999,13.993333
0.747456,14.813333,13.906666
0.747857,14.686666,13.826666
0.748258,14.646667,13.886666
0.748660,14.693333,13.866666
0.749061,14.586666,13.853333
0.749464,14.573334,13.820000
0.749865,14.526666,13.793333
0.750266,14.533334,13.740001
0.750667,14.506667,13.740001
0.751068,14.513333,13.720000
0.751469,14.486667,13.720000
0.751871,14.446667,13.746667
0.752273,14.386666,13.653334
0.752675,14.380000,13.646666
0.753076,14.446667,13.646666
0.753477,14.353333,13.586667
0.753879,14.346666,13.593333
0.754280,14.353333,13.606666
0.754682,14.266667,13.559999
0.755083,14.253333,13.533333
0.755484,14.253333,13.533333
0.755885,14.206667,13.473332
0.756286,14.186666,13.460000
0.756688,14.166666,13.446666
0.757091,14.273334,13.440000
0.757492,13.940001,13.379999
0.757893,13.999999,13.393333
0.758295,14.046667,13.440000
0.758697,14.046667,13.293333
0.759098,14.086666,13.293333
0.759499,13.973332,13.286667
0.759901,13.993333,13.266666
0.760302,13.953333,13.406666
0.760703,13.946667,13.333333
0.761105,13.913332,13.166667
0.761506,13.900000,13.186666
0.761907,13.880000,13.146667
0.762309,13.866666,13.133333
0.762710,13.860000,13.233334
0.763111,13.799999,13.120000
0.763512,13.740001,13.000000
0.763913,13.740001,13.013333
0.764314,13.753333,12.993333
0.764715,13.686666,12.980000
0.765116,13.673334,13.013333
0.765517,13.673334,12.946667
0.765919,13.626666,12.860000
0.766320,13.573333,12.906667
0.766722,13.553333,12.860000
0.767123,13.606666,12.893333
0.767524,13.553333,12.853333
0.767926,13.546667,12.826667
0.768327,13.513332,12.766666
0.768729,13.500000,12.766666
0.769130,13.473332,12.766666
0.769531,13.453332,12.746666
0.769932,13.460000,12.673333
0.770335,13.379999,12.653333
0.770736,13.353333,12.700000
0.771137,13.400000,12.593333
0.771539,13.313333,12.420000
0.771941,13.280000,12.613333
0.772342,13.253333,12.566667
0.772743,13.259999,12.540000
0.773144,13.220000,12.513333
0.773545,13.280000,12.520000
0.773946,13.173333,12.520000
0.774348,13.133333,12.480000
0.774750,13.213333,12.446667
0.775151,13.220000,12.420000
0.775552,13.059999,12.413333
0.775954,13.066667,12.366667
0.776355,13.026667,12.346666
0.776756,13.006666,12.339999
0.777158,12.946667,12.246667
0.777559,13.046666,12.273333
0.777960,12.933333,12.259999
0.778361,12.913333,12.240000
0.778762,12.886666,12.246667
0.779164,12.906667,12.186666
0.779565,12.860000,12.153333
0.779966,12.826667,12.126666
0.780368,12.793333,12.120000
0.780769,12.760000,12.066666
0.781170,12.753333,12.059999
0.781571,12.686666,12.020000
0.781972,12.653333,12.059999
0.782374,12.746666,11.973333
0.782776,12.593333,11.906667
0.783177,12.486667,11.893333
0.783578,12.593333,11.940000
0.783979,12.559999,11.893333
0.784381,12.546666,11.879999
0.784782,12.513333,11.846666
0.785184,12.506667,11.820000
0.785585,12.480000,11.786667
0.785986,12.386666,11.799999
0.786388,12.426666,11.746666
0.786789,12.406666,11.760000
0.787192,12.393332,11.760000
0.787593,12.380000,11.686666
0.787994,12.326666,11.666666
0.788396,12.246667,11.573333
0.788797,12.300000,11.626666
0.789200,12.246667,11.720000
0.789602,12.246667,11.539999
0.790003,12.280000,11.539999
0.790404,12.259999,11.599999
0.790806,12.093333,11.506666
0.791207,12.120000,11.473332
0.791609,12.093333,11.453334
0.792010,12.073333,11.453334
0.792411,12.033333,11.366667
0.792813,12.080000,11.386666
0.793214,11.973333,11.373333
0.793615,11.933332,11.300000
0.794018,11.933332,11.326667
0.794420,11.913333,11.300000
0.794821,11.866666,11.246667
0.795223,11.846666,11.246667
0.795624,11.813333,11.226666
0.796026,11.813333,11.219999
0.796428,11.780000,11.153333
0.796829,11.786667,11.139999
0.797231,11.746666,11.146667
0.797632,11.720000,11.113334
0.798033,11.700000,11.120000
0.798435,11.666666,11.066667
0.798836,11.566667,10.913333
0.799237,11.580000,11.120000
0.799638,11.546666,11.020000
0.800039,11.559999,10.966666
0.800441,11.559999,10.946666
0.800843,11.539999,10.946666
0.801245,11.520000,10.879999
0.801647,11.486667,10.846666
0.802049,11.400000,10.866667
0.802450,11.586667,10.806666
0.802851,11.393333,10.813333
0.803252,11.366667,10.813333
0.803653,11.339999,10.740000
0.804055,11.400000,10.726666
0.804457,11.260000,10.720000
0.804858,11.286666,10.759999
0.805260,11.260000,10.653334
0.805662,11.173333,10.620000
0.806063,11.253333,10.646667
0.806464,11.160000,10.553332
0.806865,11.126667,10.520000
0.807266,11.153333,10.553332
0.807668,11.120000,10.493333
0.808070,11.073333,10.500000
0.808473,11.020000,10.446667
0.808874,10.980000,10.440000
0.809275,11.060000,10.433333
0.809676,10.980000,10.353333
0.810077,10.946666,10.386666
0.810479,10.966666,10.233333
0.810881,10.913333,10.266666
0.811282,10.833333,10.280000
0.811683,10.840000,10.299999
0.812084,10.873333,10.213333
0.812485,10.806666,10.219999
0.812888,10.753333,10.226666
0.813290,10.740000,10.200000
0.813691,10.700000,10.166666
0.814093,10.666667,10.140000
0.814495,10.666667,10.120000
0.814897,10.660000,10.026666
0.815298,10.600000,10.059999
0.815700,10.580000,10.073334
0.816101,10.566667,10.020000
0.816502,10.559999,9.933333
0.816903,10.493333,9.953333
0.817304,10.493333,9.966666
0.817705,10.453333,9.940001
0.818107,10.446667,9.953333
0.818509,10.419999,9.893332
0.818910,10.419999,9.833333
0.819312,10.360000,9.853333
0.819713,10.460000,9.813334
0.820115,10.299999,9.820000
0.820517,10.386666,9.780000
0.820919,10.286666,10.086666
0.821320,10.253333,9.719999
0.821722,10.253333,9.753333
0.822124,10.179999,9.646667
0.822526,10.160000,9.666667
0.822927,10.086666,9.793333
0.823329,10.113333,9.606667
0.823730,10.106667,9.573333
0.824131,10.093333,9.566666
0.824532,10.066667,9.540000
0.824934,10.033333,9.493333
0.825335,10.020000,9.513333
0.825737,9.973333,9.346666
0.826138,9.966666,9.346666
0.826539,9.906666,9.346666
0.826940,9.906666,9.346666
0.827342,9.873333,9.346666
0.827743,9.853333,9.299999
0.828146,9.820000,9.280000
0.828548,9.773333,9.246666
0.828949,9.759999,9.280000
0.829350,9.766666,9.206667
0.829752,9.700000,9.286667
0.830153,9.706666,9.093333
0.830555,9.706666,9.186666
0.830957,9.653333,9.120000
0.831358,9.639999,9.093333
0.831760,9.613334,9.093333
0.832162,9.620000,9.066667
0.832564,9.553333,9.000000
0.832966,9.540000,9.039999
0.833368,9.520000,9.000000
0.833769,9.473333,8.920000
0.834170,9.453333,8.926666
0.834571,9.326667,8.913333
0.834972,9.346666,8.913333
0.835374,9.293333,8.853333
0.835775,9.400000,8.800000
0.836176,9.286667,8.826667
0.836578,9.273334,8.773333
0.836979,9.260000,8.740000
0.837381,9.233333,8.760000
0.837782,9.113333,9.006666
0.838185,9.179999,8.713333
0.838586,9.140000,8.653333
0.838987,9.120000,8.660000
0.839389,9.106667,8.633333
0.839790,9.160000,8.393332
0.840192,9.066667,8.560000
0.840594,9.066667,8.566667
0.840995,9.013333,8.566667
0.841396,8.980000,8.500000
0.841797,8.940000,8.493334
0.842199,9.006666,8.473333
0.842600,8.906666,8.426667
0.843001,8.900000,8.413333
0.843402,8.793333,8.360000
0.843803,8.806666,8.340000
0.844205,8.806666,8.393332
0.844607,8.766666,8.020000
0.845008,8.780000,8.213333
0.845409,8.740000,8.253333
0.845810,8.713333,8.226666
0.846211,8.713333,8.213333
0.846612,8.653333,8.213333
0.847014,8.653333,8.179999
0.847416,8.593333,8.086667
0.847817,8.586666,8.120000
0.848218,8.526667,8.100000
0.848619,8.506666,8.033334
0.849020,8.500000,8.166667
0.849422,8.493334,8.033334
0.849823,8.406667,8.040000
0.850225,8.406667,8.000000
0.850627,8.406667,7.966667
0.851028,8.393332,7.953333
0.851429,8.320000,7.920000
0.851830,8.320000,7.906666
0.852232,8.300000,7.900000
0.852633,8.280000,7.833333
0.853035,8.253333,7.833333
0.853436,8.220000,7.786666
0.853838,8.220000,7.780000
0.854239,8.200000,7.726667
0.854641,8.179999,7.660000
0.855043,8.120000,7.720000
0.855445,8.160000,7.686666
0.855847,8.053332,7.646666
0.856249,8.059999,7.766666
0.856650,8.113333,7.593334
0.857051,8.046666,7.593334
0.857453,7.926667,7.566667
0.857855,7.946667,7.520000
0.858257,8.000000,7.553333
0.858658,7.873333,7.493333
0.859059,7.880000,7.500000
0.859461,7.853333,7.466667
0.859862,7.840000,7.440000
0.860264,7.846667,7.406666
0.860666,7.820000,7.353333
0.861067,7.773333,7.346666
0.861469,7.740000,7.386667
0.861870,7.693334,7.340000
0.862272,7.740000,7.320000
0.862674,7.660000,7.166667
0.863075,7.626667,7.200000
0.863477,7.760000,7.280000
0.863878,7.593334,7.166667
0.864280,7.553333,7.166667
0.864681,7.526666,7.140000
0.865083,7.513333,7.026667
0.865484,7.500000,7.106667
0.865887,7.473333,7.066666
0.866288,7.460000,7.026667
0.866689,7.460000,7.026667
0.867090,7.380000,7.000000
0.867491,7.373333,6.986666
0.867894,7.380000,6.980000
0.868296,7.286667,6.966666
0.868697,7.320000,6.906667
0.869098,7.260000,6.920000
0.869499,7.280000,6.900000
0.869900,7.240000,6.853333
0.870303,7.213333,6.840000
0.870705,7.153333,6.813333
0.871106,7.193333,6.686666
0.871508,7.119999,6.713333
0.871909,7.133334,6.500000
0.872311,7.260000,6.733333
0.872713,7.066666,6.693333
0.873115,6.946667,6.700000
0.873516,6.986666,6.660000
0.873918,6.966666,6.626667
0.874319,6.946667,6.546667
0.874720,6.933333,6.546667
0.875121,6.873333,6.546667
0.875523,6.880000,6.513333
0.875924,6.860000,6.466667
0.876326,6.846666,6.460000
0.876728,6.820000,6.433333
0.877129,6.813333,6.426666
0.877530,6.760000,6.320000
0.877933,6.760000,6.306666
0.878335,6.733333,6.346667
0.878736,6.720000,6.326666
0.879137,6.673334,6.313334
0.879538,6.660000,6.286667
0.879939,6.640000,6.286667
0.880341,6.620000,6.240000
0.880744,6.546667,6.200000
0.881145,6.533333,6.160000
0.881546,6.540000,6.193333
0.881947,6.466667,6.146667
0.882348,6.466667,6.113333
0.882751,6.453333,6.093333
0.883152,6.346667,6.093333
0.883553,6.386667,6.100000
0.883955,6.366666,6.006667
0.884356,6.333333,6.020000
0.884759,6.300000,6.006667
0.885161,6.300000,5.973333
0.885563,6.280000,5.933333
0.885964,6.273333,5.940000
0.886366,6.260000,5.933333
0.886768,6.186666,5.886667
0.887169,6.146667,5.873333
0.887571,6.186666,5.826667
0.887972,6.133333,5.853333
0.888374,6.160000,5.793334
0.888775,5.920000,5.780000
0.889176,6.106667,5.760000
0.889578,6.080000,5.500000
0.889979,6.020000,5.740000
0.890381,5.893333,5.686666
0.890783,5.866666,5.606667
0.891185,6.000000,5.613333
0.891586,6.093333,5.620000
0.891988,5.813333,5.600000
0.892389,5.953333,5.586667
0.892790,5.853333,5.573333
0.893191,5.853333,5.520000
0.893593,5.826667,5.520000
0.893994,5.780000,5.506666
0.894395,5.766666,5.546667
0.894796,5.720000,5.473333
0.895198,5.753333,5.420000
0.895599,5.713333,5.413333
0.896000,5.686666,5.393333
0.896402,5.666667,5.366667
0.896803,5.546667,5.446666
0.897205,5.640000,5.400000
0.897607,5.586667,5.253333
0.898008,5.580000,5.313333
0.898409,5.526667,5.226666
0.898810,5.466667,5.240000
0.899212,5.513333,5.220000
0.899613,5.600000,5.273333
0.900014,5.493333,5.166667
0.900416,5.466667,5.220000
0.900817,5.420000,5.166667
0.901219,5.380000,5.093333
0.901621,5.380000,5.100000
0.902022,5.366667,5.073333
0.902423,5.353333,5.066667
0.902826,5.306666,5.026667
0.903227,5.260000,5.040000
0.903629,5.260000,4.960000
0.904030,5.246666,4.980000
0.904431,5.206666,4.926667
0.904833,5.186666,5.340000
0.905234,5.166667,4.840000
0.905635,5.126667,4.813333
0.906037,5.160000,4.880000
0.906439,5.100000,4.886666
0.906842,5.160000,4.806667
0.907243,5.140000,4.833333
0.907645,5.060000,4.760000
0.908046,5.046667,4.746666
0.908448,4.960000,4.753333
0.908851,4.980000,4.700000
0.909253,4.966667,4.700000
0.909654,4.946666,4.686666
0.910056,4.926667,4.680000
0.910457,4.900000,4.593333
0.910859,4.893333,4.626667
0.911260,4.900000,4.606667
0.911662,4.840000,4.633333
0.912063,4.833333,4.553333
0.912464,4.613333,4.540000
0.912865,4.800000,4.540000
0.913266,4.773334,4.540000
0.913667,4.733333,4.480000
0.914068,4.680000,4.466667
0.914470,4.706666,4.433333
0.914871,4.680000,4.446667
0.915272,4.640000,4.453333
0.915673,4.646667,4.393333
0.916074,4.613333,4.420000
0.916476,4.606667,4.360000
0.916878,4.593333,4.326666
0.917279,4.540000,4.360000
0.917680,4.526667,4.273333
0.918081,4.493333,4.266666
0.918483,4.460000,4.240000
0.918884,4.413333,4.220000
0.919285,4.446667,4.213334
0.919687,4.413333,4.233333
0.920088,4.393333,4.186666
0.920490,4.360000,4.133333
0.920891,4.373333,4.160000
0.921292,4.433333,4.126667
0.921694,4.280000,4.066667
0.922095,4.346667,4.113333
0.922497,4.280000,4.060000
0.922899,4.300000,4.040000
0.923301,4.240000,3.973333
0.923702,4.266666,4.013333
0.924103,4.193333,4.020000
0.924504,4.153333,4.000000
0.924905,4.213334,3.960000
0.925307,4.160000,3.960000
0.925709,4.153333,3.866667
0.926111,4.106667,3.913333
0.926513,4.040000,3.860000
0.926914,4.060000,3.913333
0.927316,4.053333,3.866667
0.927717,4.020000,3.833333
0.928118,4.060000,3.746666
0.928520,4.000000,3.826667
0.928921,3.966667,3.746666
0.929322,3.946667,3.746666
0.929723,3.980000,3.713333
0.930124,3.933333,3.666667
0.930525,3.900000,3.660000
0.930927,3.840000,3.660000
0.931328,3.893333,3.613333
0.931729,3.833333,3.626667
0.932132,3.746666,3.566667
0.932534,3.866667,3.586667
0.932935,3.773333,3.560000
0.933336,3.746666,3.546667
0.933737,3.700000,3.513333
0.934138,3.693333,3.500000
0.934540,3.673333,3.600000
0.934942,3.653333,3.493333
0.935343,3.640000,3.440000
0.935745,3.620000,3.446667
0.936147,3.720000,3.413333
0.936548,3.600000,3.533333
0.936949,3.600000,3.386667
0.937350,3.566667,3.406667
0.937753,3.500000,3.346666
0.938154,3.540000,3.313333
0.938556,3.486667,3.346666
0.938958,3.486667,3.313333
0.939360,3.466666,3.286667
0.939763,3.440000,3.260000
0.940164,3.433333,3.253333
0.940566,3.406667,3.140000
0.940968,3.380000,3.166667
0.941369,3.373333,3.220000
0.941770,3.433333,3.166667
0.942173,3.326667,3.153333
0.942576,3.286667,3.133333
0.942977,3.313333,3.133333
0.943378,3.280000,3.133333
0.943779,3.253333,3.080000
0.944181,3.240000,3.053333
0.944583,3.220000,3.046667
0.944986,3.206667,3.046667
0.945388,3.193333,3.020000
0.945789,3.066667,3.040000
0.946190,3.133333,3.033333
0.946593,3.173333,2.980000
0.946994,3.120000,2.960000
0.947395,3.113333,2.960000
0.947796,3.113333,2.866667
0.948198,3.066667,2.926667
0.948599,3.053333,2.886667
0.949000,3.020000,2.860000
0.949401,3.040000,2.826667
0.949802,2.986667,2.773333
0.950204,3.060000,2.840000
0.950605,2.960000,2.813333
0.951006,2.953333,2.773333
0.951408,2.933333,2.840000
0.951809,2.906667,2.706666
0.952211,2.900000,2.766667
0.952612,2.840000,2.766667
0.953015,2.880000,2.733333
0.953416,2.833333,2.713333
0.953817,2.800000,2.686666
0.954218,2.853333,2.800000
0.954619,2.786667,2.646667
0.955022,2.780000,2.646667
0.955423,2.780000,2.626667
0.955824,2.760000,2.600000
0.956226,2.760000,2.600000
0.956627,2.720000,2.613333
0.957028,2.700000,2.460000
0.957430,2.613333,2.500000
0.957831,2.700000,2.520000
0.958232,2.646667,2.526667
0.958633,2.640000,2.520000
0.959034,2.613333,2.446667
0.959435,2.600000,2.473333
0.959836,2.580000,2.433333
0.960238,2.580000,2.440000
0.960639,2.533333,2.426666
0.961041,2.560000,2.353333
0.961443,2.520000,2.593333
0.961844,2.486667,2.373333
0.962246,2.460000,2.340000
0.962647,2.486667,2.346667
0.963049,2.346667,2.006667
0.963451,2.440000,2.300000
0.963852,2.426666,2.300000
0.964253,2.413333,2.313333
0.964654,2.400000,2.260000
0.965055,2.413333,2.246667
0.965456,2.373333,2.186667
0.965858,2.326667,2.260000
0.966259,2.440000,2.140000
0.966660,2.346667,2.233333
0.967062,2.293333,2.200000
0.967463,2.360000,2.173333
0.967865,2.260000,2.160000
0.968266,2.253333,2.186667
0.968667,2.253333,2.153333
0.969068,2.253333,2.100000
0.969469,2.173333,2.080000
0.969870,2.266667,2.086667
0.970271,2.180000,2.080000
0.970673,2.086667,2.086667
0.971074,2.146667,2.000000
0.971476,2.146667,2.026667
0.971877,2.126667,2.060000
0.972278,2.120000,2.033333
0.972679,2.113333,2.093333
0.973081,2.080000,1.973333
0.973483,2.073333,1.986667
0.973884,2.093333,1.946667
0.974286,2.026667,2.020000
0.974687,2.033333,1.906667
0.975088,1.980000,1.973333
0.975490,2.000000,1.893333
0.975891,1.993333,1.880000
0.976293,1.966667,1.893333
0.976695,1.933333,1.893333
0.977096,1.920000,1.833333
0.977498,1.906667,1.826667
0.977900,1.946667,1.806667
0.978302,1.880000,1.920000
0.978704,2.033333,1.846667
0.979106,1.786667,1.773333
0.979508,1.913333,1.820000
0.979909,1.846667,1.733333
0.980311,1.913333,1.733333
0.980713,1.720000,1.633333
0.981115,1.786667,1.733333
0.981516,1.786667,1.746667
0.981917,1.800000,1.706667
0.982319,1.793333,1.686667
0.982721,1.746667,1.680000
0.983122,1.673333,1.673333
0.983524,1.780000,1.660000
0.983925,1.686667,1.640000
0.984327,1.720000,1.626667
0.984729,1.666667,1.580000
0.985130,1.666667,1.566667
0.985531,1.646667,1.560000
0.985932,1.680000,1.560000
0.986334,1.633333,1.846667
0.986735,1.600000,1.560000
0.987136,1.580000,1.506667
0.987538,1.606667,1.513333
0.987940,1.593333,1.513333
0.988342,1.566667,1.493333
0.988743,1.493333,1.486667
0.989144,1.526667,1.473333
0.989545,1.546667,1.453333
0.989946,1.520000,1.440000
0.990348,1.493333,1.420000
0.990749,1.500000,1.386667
0.991150,1.493333,1.433333
0.991552,1.473333,1.386667
0.991954,1.546667,1.386667
0.992355,1.433333,1.386667
0.992756,1.380000,1.380000
0.993157,1.420000,1.320000
0.993558,1.393333,1.353333
0.993959,1.406667,1.313333
0.994361,1.373333,1.326667
0.994762,1.353333,1.326667
0.995163,1.386667,1.300000
0.995565,1.266667,1.293333
0.995967,1.346667,1.280000
0.996368,1.326667,1.246667
0.996769,1.393333,1.286667
0.997171,1.300000,1.266667
0.997573,1.246667,1.313333
0.997975,1.500000,1.226667
0.998376,1.246667,1.206667
0.998778,1.286667,1.233333
0.999179,1.193333,1.240000
0.999581,1.253333,1.206667
0.999982,1.233333,1.206667
1.000383,1.306667,1.180000
1.000785,1.206667,1.180000
1.001186,1.213333,1.146667
1.001587,1.206667,1.153333
1.001990,1.206667,1.100000
1.002391,1.193333,1.126667
1.002792,1.213333,1.113333
1.003193,1.133333,1.120000
1.003594,1.146667,1.060000
1.003995,1.100000,1.040000
1.004397,1.140000,1.053333
1.004798,1.126667,1.046667
1.005200,1.233333,1.040000
1.005601,1.046667,1.033333
1.006003,1.013333,1.033333
1.006404,1.000000,1.033333
1.006807,1.066667,1.020000
1.007208,1.033333,1.060000
1.007610,1.033333,1.033333
1.008011,1.033333,0.960000
1.008413,1.013333,1.046667
1.008815,0.966667,0.953333
1.009216,1.033333,0.960000
1.009617,0.986667,0.946667
1.010018,0.986667,0.960000
1.010421,0.966667,0.946667
1.010822,0.973333,0.946667
1.011223,0.973333,0.946667
1.011625,0.986667,0.946667
1.012027,0.946667,0.946667
1.012429,0.946667,0.946667
1.012830,0.946667,0.946667
1.013231,0.946667,0.946667
1.013633,0.946667,0.946667
1.014034,0.946667,0.946667
1.014436,0.946667,0.946667
1.014838,0.986667,0.946667
1.015240,0.946667,0.946667
1.015641,0.946667,0.946667
1.016042,0.946667,0.946667
1.016443,0.946667,0.946667
1.016846,0.946667,0.946667
1.017247,0.946667,0.946667
1.017648,0.946667,0.946667
1.018049,0.946667,0.946667
1.018450,0.946667,0.946667
1.018851,0.946667,0.946667
1.019253,0.946667,0.946667
1.019654,0.946667,0.946667
1.020055,0.946667,0.946667
1.020457,0.946667,0.946667
1.020858,0.946667,0.946667
1.021259,0.946667,0.946667
1.021660,0.946667,0.946667
1.022061,0.946667,0.946667
1.022463,0.946667,0.946667
1.022864,0.946667,0.946667
1.023266,0.946667,0.946667
1.023668,0.946667,0.946667
1.024070,0.946667,0.946667
1.024471,0.946667,0.946667
1.024872,0.946667,0.946667
1.025273,0.946667,0.946667
1.025674,0.946667,0.946667
1.026076,0.946667,0.946667
1.026477,0.946667,0.946667
1.026879,0.946667,0.946667
1.027281,0.946667,0.946667
1.027682,0.946667,0.946667
1.028085,0.946667,0.946667
1.028487,0.946667,0.946667
1.028888,0.946667,0.946667
1.029290,0.946667,0.946667
1.029691,0.946667,0.946667
1.030092,0.946667,0.946667
1.030493,0.946667,0.946667
1.030896,0.946667,0.946667
1.031297,0.946667,0.946667
1.031698,0.946667,0.946667
1.032099,0.946667,0.946667
1.032501,0.946667,0.946667
1.032903,0.946667,0.946667
1.033304,0.946667,0.946667
1.033705,0.946667,0.946667
1.034106,0.946667,0.946667
1.034508,0.946667,0.946667
1.034909,0.946667,0.946667
1.035311,0.946667,0.946667
1.035712,0.946667,0.946667
1.036113,0.946667,0.946667
1.036515,0.946667,0.946667
1.036916,0.946667,0.946667
1.037317,0.946667,0.946667
1.037719,0.946667,0.946667
1.038122,0.946667,0.946667
1.038524,0.946667,0.946667
1.038925,0.946667,0.946667
1.039327,0.946667,0.946667
1.039729,0.946667,0.946667
1.040131,0.946667,0.946667
1.040532,0.946667,0.946667
1.040934,0.946667,0.946667
1.041335,0.946667,0.946667
1.041736,0.946667,0.946667
1.042137,0.946667,0.946667
1.042538,0.946667,0.946667
1.042940,0.946667,0.946667
1.043341,0.946667,0.946667
1.043742,0.946667,0.946667
1.044143,0.946667,0.946667
1.044545,0.946667,0.946667
1.044947,0.946667,0.946667
1.045348,0.946667,0.946667
1.045749,0.946667,0.946667
1.046152,0.946667,0.946667
1.046554,0.946667,0.946667
1.046956,0.946667,0.946667
1.047357,0.946667,0.946667
1.047759,0.946667,0.946667
1.048160,0.946667,0.946667
1.048562,0.946667,0.946667
1.048963,0.946667,0.946667
1.049364,0.946667,0.946667
1.049765,0.946667,0.946667
1.050166,0.946667,0.946667
1.050567,0.946667,0.946667
1.050969,0.946667,0.946667
1.051370,0.946667,0.946667
1.051772,0.946667,0.946667
1.052173,0.946667,0.946667
1.052575,0.946667,0.946667
1.052977,0.946667,0.946667
1.053378,0.946667,0.946667
1.053780,0.946667,0.946667
1.054181,0.946667,0.946667
1.054583,0.946667,0.946667
1.054984,0.946667,0.946667
1.055385,0.946667,0.946667
1.055787,0.946667,0.946667
1.056188,0.946667,0.946667
1.056589,0.946667,0.946667
1.056990,0.946667,0.946667
1.057391,0.946667,0.946667
1.057793,0.946667,0.946667
1.058195,0.946667,0.946667
1.058596,0.946667,0.946667
1.058997,0.946667,0.946667
1.059398,0.946667,0.946667
1.059799,0.946667,0.946667
1.060200,0.946667,0.946667
1.060601,0.946667,0.946667
1.061002,0.946667,0.946667
1.061403,0.946667,0.946667
1.061806,0.946667,0.946667
1.062207,0.946667,0.946667
1.062608,0.946667,0.946667
1.063010,0.946667,0.946667
1.063411,0.946667,0.946667
1.063812,0.946667,0.946667
1.064214,0.946667,0.946667
1.064615,0.946667,0.946667
1.065016,0.946667,0.946667
1.065418,0.946667,0.946667
1.065820,0.946667,0.946667
1.066221,0.946667,0.946667
1.066622,0.946667,0.946667
1.067025,0.946667,0.946667
1.067428,0.946667,0.946667
1.067829,0.946667,0.946667
1.068231,0.946667,0.946667
1.068632,0.946667,0.946667
1.069033,0.946667,0.946667
1.069435,0.946667,0.946667
1.069836,0.946667,0.946667
1.070238,0.946667,0.946667
1.070639,0.946667,0.946667
1.071040,0.946667,0.946667
1.071441,0.946667,0.946667
1.071842,0.946667,0.946667
1.072244,0.946667,0.946667
1.072645,0.946667,0.946667
1.073048,0.946667,0.946667
1.073449,0.946667,0.946667
1.073850,0.946667,0.946667
1.074252,0.946667,0.946667
1.074654,0.946667,0.946667
1.075055,0.946667,0.946667
1.075457,0.946667,0.946667
1.075859,0.946667,0.946667
1.076260,0.946667,0.946667
1.076661,0.946667,0.946667
1.077062,0.946667,0.946667
1.077463,0.946667,0.946667
1.077864,0.946667,0.946667
1.078265,0.946667,0.946667
1.078666,0.946667,0.946667
1.079068,0.946667,0.946667
1.079470,0.946667,0.946667
1.079871,0.946667,0.946667
1.080273,0.946667,0.946667
1.080675,0.946667,0.946667
1.081076,0.946667,0.946667
1.081477,0.946667,0.946667
1.081878,0.946667,0.946667
1.082279,0.946667,0.946667
1.082680,0.946667,0.946667
1.083081,0.946667,0.946667
1.083483,0.946667,0.946667
1.083885,0.946667,0.946667
1.084286,0.946667,0.946667
1.084687,0.946667,0.946667
1.085088,0.946667,0.946667
1.085489,0.946667,0.946667
1.085890,0.946667,0.946667
1.086292,0.946667,0.946667
1.086694,0.946667,0.946667
1.087096,0.946667,0.946667
1.087498,0.946667,0.946667
1.087900,0.946667,0.946667
1.088301,0.946667,0.946667
1.088703,0.946667,0.946667
1.089105,0.946667,0.946667
1.089506,0.946667,0.946667
1.089907,0.946667,0.946667
1.090309,0.946667,0.946667
1.090710,0.946667,0.946667
1.091112,0.946667,0.946667
1.091513,0.946667,0.946667
1.091914,0.946667,0.946667
1.092315,0.946667,0.946667
1.092716,0.946667,0.946667
1.093117,0.946667,0.946667
1.093519,0.946667,0.946667
1.093921,0.946667,0.946667
1.094322,0.946667,0.946667
1.094723,0.946667,0.946667
1.095124,0.946667,0.946667
1.095525,0.946667,0.946667
1.095926,0.946667,0.946667
1.096328,0.946667,0.946667
1.096729,0.946667,0.946667
1.097130,0.946667,0.946667
1.097531,0.946667,0.946667
1.097932,0.946667,0.946667
1.098335,0.946667,0.946667
1.098737,0.946667,0.946667
1.099138,0.946667,0.946667
1.099539,0.946667,0.946667
1.099941,0.946667,0.946667
1.100342,0.946667,0.946667
1.100744,0.946667,0.946667
1.101145,0.946667,0.946667
1.101547,0.946667,0.946667
1.101948,0.946667,0.946667
1.102349,0.946667,0.946667
1.102750,0.946667,0.946667
1.103153,0.946667,0.946667
1.103555,0.946667,0.946667
1.103956,0.946667,0.946667
1.104357,0.946667,0.946667
1.104758,0.946667,0.946667
1.105159,0.946667,0.946667
1.105560,0.946667,0.946667
1.105961,0.946667,0.946667
1.106362,0.946667,0.946667
1.106765,0.946667,0.946667
1.107166,0.946667,0.946667
1.107568,0.946667,0.946667
1.107969,0.946667,0.946667
1.108370,0.946667,0.946667
1.108773,0.946667,0.946667
1.109174,0.946667,0.946667
1.109575,0.946667,0.946667
1.109976,0.946667,0.946667
1.110377,0.946667,0.946667
1.110779,0.946667,0.946667
1.111180,0.946667,0.946667
1.111581,0.946667,0.946667
1.111983,0.946667,0.946667
1.112384,0.946667,0.946667
1.112786,0.946667,0.946667
1.113187,0.946667,0.946667
1.113589,0.946667,0.946667
1.113990,0.946667,0.946667
1.114391,0.946667,0.946667
1.114794,0.946667,0.946667
1.115195,0.946667,0.946667
1.115596,0.946667,0.946667
1.115997,0.946667,0.946667
1.116398,0.946667,0.946667
1.116801,0.946667,0.946667
1.117202,0.946667,0.946667
1.117603,0.946667,0.946667
1.118004,0.946667,0.946667
1.118407,0.946667,0.946667
1.118809,0.946667,0.946667
1.119210,0.946667,0.946667
1.119611,0.946667,0.946667
1.120012,0.946667,0.946667
1.120413,0.946667,0.946667
1.120815,0.946667,0.946667
1.121216,0.946667,0.946667
1.121617,0.946667,0.946667
1.122018,0.946667,0.946667
1.122421,0.946667,0.946667
1.122822,0.946667,0.946667
1.123224,0.946667,0.946667
1.123626,0.946667,0.946667
1.124028,0.946667,0.946667
1.124429,0.946667,0.946667
1.124830,0.946667,0.946667
1.125231,0.946667,0.946667
1.125632,0.946667,0.946667
1.126033,0.946667,0.946667
1.126435,0.946667,0.946667
1.126837,0.946667,0.946667
1.127239,0.946667,0.946667
1.127640,0.946667,0.946667
1.128042,0.946667,0.946667
1.128443,0.946667,0.946667
1.128845,0.946667,0.946667
1.129246,0.946667,0.946667
1.129648,0.946667,0.946667
1.130049,0.946667,0.946667
1.130451,0.946667,0.946667
1.130852,0.946667,0.946667
1.131254,0.946667,0.946667
1.131656,0.946667,0.946667
1.132057,0.946667,0.946667
1.132458,0.946667,0.953333
1.132859,0.960000,1.040000
1.133260,0.946667,0.946667
1.133662,0.973333,0.946667
1.134063,0.966667,0.946667
1.134464,0.953333,0.946667
1.134865,0.966667,0.946667
1.135267,1.026667,0.953333
1.135669,1.006667,0.960000
1.136071,1.020000,0.980000
1.136472,0.993333,0.946667
1.136874,1.020000,0.960000
1.137275,0.986667,1.086667
1.137676,1.040000,1.020000
1.138077,1.053333,1.033333
1.138479,1.080000,0.946667
1.138880,1.060000,1.046667
1.139282,1.113333,1.040000
1.139683,1.026667,1.040000
1.140084,1.140000,1.053333
1.140486,1.120000,1.033333
1.140887,1.133333,1.073333
1.141289,1.160000,1.086667
1.141690,1.160000,1.120000
1.142091,1.173333,1.113333
1.142493,1.173333,1.140000
1.142894,1.200000,1.120000
1.143295,1.206667,1.113333
1.143697,1.220000,1.193333
1.144098,1.220000,1.146667
1.144500,1.226667,1.220000
1.144903,1.206667,1.206667
1.145304,1.293333,1.333333
1.145705,1.273333,1.206667
1.146106,1.280000,1.286667
1.146508,1.266667,1.266667
1.146909,1.293333,1.266667
1.147310,1.266667,1.193333
1.147711,1.313333,1.246667
1.148114,1.360000,1.280000
1.148516,1.346667,1.320000
1.148917,1.386667,1.300000
1.149318,1.373333,1.260000
1.149719,1.373333,1.113333
1.150120,1.380000,1.313333
1.150522,1.386667,1.300000
1.150924,1.400000,1.360000
1.151325,1.406667,1.386667
1.151727,1.400000,1.373333
1.152128,1.433333,1.373333
1.152529,1.460000,1.386667
1.152930,1.446667,1.386667
1.153335,1.480000,1.706667
1.153736,1.513333,1.386667
1.154139,1.506667,1.466667
1.154540,1.533333,1.473333
1.154941,1.593333,1.466667
1.155342,1.566667,1.460000
1.155744,1.546667,1.480000
1.156145,1.506667,1.500000
1.156546,1.500000,1.493333
1.156947,1.606667,1.506667
1.157349,1.580000,1.566667
1.157751,1.626667,1.593333
1.158152,1.540000,1.540000
1.158553,1.633333,1.573333
1.158954,1.646667,1.566667
1.159355,1.653333,1.566667
1.159756,1.660000,1.633333
1.160157,1.706667,1.600000
1.160559,1.706667,1.706667
1.160960,1.713333,1.746667
1.161362,1.733333,1.653333
1.161763,1.740000,1.666667
1.162164,1.660000,1.673333
1.162565,1.746667,1.686667
1.162967,1.786667,1.720000
1.163368,1.806667,1.700000
1.163769,1.826667,1.693333
1.164170,1.840000,1.740000
1.164571,1.840000,1.740000
1.164973,1.940000,1.753333
1.165375,1.873333,1.786667
1.165776,1.880000,1.760000
1.166177,1.893333,1.760000
1.166578,1.913333,1.806667
1.166979,1.893333,1.880000
1.167382,1.913333,1.753333
1.167783,1.940000,1.846667
1.168184,1.973333,1.860000
1.168585,1.986667,1.880000
1.168986,1.966667,1.906667
1.169388,2.000000,1.906667
1.169789,2.006667,2.000000
1.170190,2.053333,1.906667
1.170592,2.066667,1.906667
1.170993,2.060000,1.913333
1.171395,2.080000,1.986667
1.171796,2.100000,2.000000
1.172197,2.093333,1.946667
1.172599,2.120000,2.020000
1.173001,2.200000,2.053333
1.173402,2.120000,2.053333
1.173803,2.033333,2.060000
1.174205,2.166667,2.080000
1.174607,2.206667,1.993333
1.175008,2.206667,2.173333
1.175409,2.246667,2.326667
1.175810,2.233333,2.120000
1.176211,2.246667,2.140000
1.176612,2.253333,2.173333
1.177013,2.280000,2.160000
1.177414,2.266667,2.200000
1.177815,2.333333,2.186667
1.178216,2.333333,2.240000
1.178617,2.353333,2.246667
1.179018,2.306667,2.260000
1.179420,2.366667,2.306667
1.179821,2.400000,2.193333
1.180223,2.326667,2.266667
1.180625,2.386667,2.306667
1.181026,2.453333,2.333333
1.181428,2.440000,2.320000
1.181829,2.446667,2.340000
1.182230,2.486667,2.486667
1.182632,2.493333,2.386667
1.183033,2.520000,2.400000
1.183436,2.453333,2.486667
1.183837,2.553333,2.453333
1.184239,2.566667,2.433333
1.184641,2.600000,2.433333
1.185042,2.606667,2.433333
1.185443,2.613333,2.486667
1.185844,2.613333,2.520000
1.186245,2.633333,2.520000
1.186646,2.653333,2.520000
1.187047,2.653333,2.580000
1.187449,2.700000,2.560000
1.187850,2.746667,2.593333
1.188252,2.666667,2.526667
1.188653,2.726667,2.580000
1.189054,2.773333,2.613333
1.189456,2.786667,2.613333
1.189857,2.820000,2.666667
1.190258,2.846667,2.646667
1.190659,2.820000,2.660000
1.191061,2.906667,2.673333
1.191463,2.853333,2.733333
1.191864,2.780000,2.706666
1.192266,2.866667,2.733333
1.192667,2.913333,2.786667
1.193069,2.920000,2.766667
1.193470,2.953333,2.793333
1.193871,2.960000,2.840000
1.194272,3.026667,2.833333
1.194673,2.966666,2.853333
1.195074,3.026667,2.846667
1.195476,3.053333,2.873333
1.195877,3.046667,3.313333
1.196279,3.066667,2.900000
1.196680,3.093333,2.906667
1.197082,3.106667,2.960000
1.197483,3.126667,2.960000
1.197884,3.133333,2.866667
1.198287,3.180000,3.020000
1.198688,3.073333,3.013333
1.199090,3.133333,3.046667
1.199491,3.200000,3.053333
1.199893,3.206667,3.046667
1.200294,3.260000,3.073333
1.200696,3.266667,3.100000
1.201097,3.260000,3.100000
1.201499,3.293333,3.120000
1.201900,3.313333,3.120000
1.202302,3.446667,3.146667
1.202703,3.340000,3.166667
1.203104,3.380000,3.193333
1.203505,3.380000,3.133333
1.203906,3.400000,3.246666
1.204307,3.400000,3.420000
1.204708,3.453333,3.260000
1.205109,3.433333,3.400000
1.205511,3.453333,3.313333
1.205914,3.460000,3.313333
1.206315,3.500000,3.313333
1.206716,3.466666,3.393333
1.207117,3.540000,3.360000
1.207518,3.580000,3.486667
1.207919,3.546667,3.426666
1.208320,3.593333,3.400000
1.208722,3.546667,3.426666
1.209123,3.660000,3.453333
1.209524,3.653333,3.486667
1.209925,3.660000,3.486667
1.210327,3.666667,3.460000
1.210728,3.740000,3.500000
1.211129,3.726667,3.546667
1.211531,3.713333,3.560000
1.211932,3.753333,3.580000
1.212335,3.780000,3.540000
1.212736,3.833333,3.626667
1.213137,3.853333,3.606667
1.213538,3.873333,3.680000
1.213939,3.900000,3.746666
1.214341,3.900000,3.660000
1.214742,3.933333,3.700000
1.215144,3.886667,3.740000
1.215545,3.913333,3.746666
1.215946,4.013333,3.706666
1.216348,4.080000,3.686666
1.216750,4.013333,3.806666
1.217152,4.000000,3.833333
1.217553,4.066667,3.846667
1.217954,4.086667,3.866667
1.218355,4.106667,3.893333
1.218757,4.113333,3.913333
1.219159,4.146667,3.926666
1.219560,4.180000,3.833333
1.219961,4.120000,3.960000
1.220362,4.133333,4.140000
1.220763,4.233333,4.013333
1.221164,4.233333,3.993333
1.221565,4.233333,4.173333
1.221967,4.273333,4.066667
1.222368,4.313334,4.073333
1.222771,4.300000,3.960000
1.223172,4.346667,4.140000
1.223573,4.326666,4.133333
1.223975,4.333333,4.146667
1.224376,4.406667,4.193333
1.224777,4.553333,4.186666
1.225178,4.420000,4.213334
1.225579,4.473333,4.213334
1.225980,4.486666,4.253333
1.226382,4.500000,4.266666
1.226783,4.513333,4.273333
1.227185,4.520000,4.226666
1.227586,4.560000,4.266666
1.227988,4.553333,4.346667
1.228390,4.613333,4.300000
1.228791,4.613333,4.373333
1.229193,4.640000,4.400000
1.229595,4.653333,4.433333
1.229996,4.646667,4.420000
1.230397,4.700000,4.460000
1.230798,4.733333,4.466667
1.231200,4.753333,4.540000
1.231601,4.740000,4.506667
1.232002,4.773334,4.640000
1.232404,4.693333,4.533333
1.232807,4.813333,4.553333
1.233208,4.833333,4.660000
1.233609,4.873333,4.626667
1.234010,4.886666,4.540000
1.234413,4.906667,4.653333
1.234815,4.933333,4.680000
1.235217,4.953333,4.713333
1.235618,4.980000,4.720000
1.236020,4.993333,4.713333
1.236422,5.046667,4.773334
1.236823,5.033333,4.786666
1.237225,5.060000,4.793333
1.237626,5.100000,4.833333
1.238027,5.113333,4.860000
1.238429,5.140000,4.853333
1.238830,5.146667,4.873333
1.239232,5.033333,4.913333
1.239633,5.173333,4.873333
1.240034,5.226666,4.886666
1.240436,5.246666,5.160000
1.240837,5.266667,4.926667
1.241238,5.300000,4.993333
1.241639,5.340000,5.060000
1.242042,5.453333,5.066667
1.242443,5.340000,5.060000
1.242844,5.346666,5.060000
1.243245,5.406666,5.093333
1.243646,5.400000,5.093333
1.244047,5.460000,5.133333
1.244449,5.446666,5.160000
1.244850,5.493333,5.233334
1.245252,5.500000,5.200000
1.245654,5.520000,5.240000
1.246055,5.526667,5.240000
1.246456,5.580000,5.300000
1.246858,5.539999,5.266667
1.247259,5.580000,5.426667
1.247660,5.620000,5.333333
1.248061,5.653333,5.160000
1.248462,5.713333,5.380000
1.248863,5.693333,5.413333
1.249264,5.713333,5.413333
1.249666,5.833333,5.486667
1.250069,5.760000,5.466667
1.250471,5.820000,5.486667
1.250872,5.806666,5.513333
1.251273,5.860000,5.560000
1.251675,5.853333,5.500000
1.252076,5.893333,5.586667
1.252477,5.893333,5.586667
1.252878,5.940000,5.593333
1.253280,5.966666,5.620000
1.253682,5.973333,5.660000
1.254083,5.993333,5.646667
1.254484,6.033333,5.686666
1.254885,6.026667,5.586667
1.255287,6.060000,5.733333
1.255688,6.120000,5.886667
1.256089,6.066667,5.780000
1.256490,6.146667,5.760000
1.256891,6.173333,5.840000
1.257293,6.166667,5.853333
1.257694,6.226666,5.853333
1.258097,6.260000,5.920000
1.258499,6.226666,5.953333
1.258900,6.233333,5.946667
1.259302,6.326666,5.973333
1.259703,6.306666,5.980000
1.260104,6.340000,6.006667
1.260505,6.346667,5.933333
1.260907,6.360000,6.086667
1.261308,6.406667,6.160000
1.261709,6.433333,6.113333
1.262110,6.453333,6.280000
1.262511,6.473333,5.926667
1.262914,6.493333,6.153333
1.263315,6.526666,6.186666
1.263716,6.573333,6.180000
1.264117,6.573333,6.313334
1.264518,6.620000,6.286667
1.264919,6.653333,6.273333
1.265320,6.653333,6.320000
1.265722,6.720000,6.293333
1.266123,6.660000,6.320000
1.266524,6.800000,6.326666
1.266925,6.766666,6.373333
1.267326,6.793334,6.406667
1.267728,6.806667,6.426666
1.268129,6.820000,6.453333
1.268530,6.833333,6.466667
1.268931,6.893333,6.500000
1.269335,6.940000,6.640000
1.269736,6.913333,6.413333
1.270137,6.946667,6.540000
1.270538,6.980000,6.606667
1.270939,7.006667,6.640000
1.271341,7.106667,6.640000
1.271743,7.040000,6.693333
1.272145,7.100000,6.733333
1.272546,7.040000,6.726666
1.272948,7.100000,6.740000
1.273349,7.146667,6.780000
1.273751,7.146667,6.713333
1.274152,7.153333,6.813333
1.274554,7.193333,6.846666
1.274956,7.193333,6.886666
1.275359,7.246666,6.866666
1.275760,7.286667,7.046667
1.276161,7.333333,6.993333
1.276562,7.360000,6.920000
1.276963,7.386667,6.980000
1.277364,7.386667,6.986666
1.277766,7.386667,7.006667
1.278169,7.433333,7.026667
1.278571,7.473333,7.066666
1.278972,7.500000,7.093333
1.279374,7.486667,7.106667
1.279775,7.633333,7.160000
1.280176,7.526666,7.173333
1.280577,7.566667,7.180000
1.280980,7.646666,7.200000
1.281382,7.666667,7.180000
1.281783,7.633333,7.280000
1.282184,7.686666,7.500000
1.282585,7.653333,7.340000
1.282986,7.733333,7.340000
1.283388,7.713333,7.346666
1.283789,7.833333,7.393333
1.284190,7.726667,7.393333
1.284592,7.926667,7.420000
1.284993,7.866666,7.446666
1.285395,7.860000,7.420000
1.285796,7.893333,7.480000
1.286197,7.913333,7.513333
1.286599,7.946667,7.500000
1.287000,8.066667,7.473333
1.287402,8.026667,7.620000
1.287804,8.093333,7.593334
1.288206,8.033334,7.633333
1.288607,8.053332,7.660000
1.289008,8.033334,7.620000
1.289409,8.179999,7.660000
1.289810,8.160000,7.653333
1.290211,8.166667,7.780000
1.290613,8.146667,7.786666
1.291016,8.220000,7.786666
1.291417,8.240000,7.726667
1.291820,8.146667,7.840000
1.292221,8.273334,7.860000
1.292623,8.300000,7.860000
1.293024,8.346666,7.880000
1.293425,8.373333,7.913333
1.293827,8.373333,7.866666
1.294228,8.366667,7.960000
1.294629,8.406667,8.006666
1.295031,8.446666,8.040000
1.295434,8.493334,8.046666
1.295836,8.540000,8.086667
1.296237,8.606667,8.120000
1.296639,8.573333,8.120000
1.297041,8.633333,8.133333
1.297443,8.680000,8.179999
1.297844,8.660000,8.226666
1.298246,8.653333,8.200000
1.298647,8.713333,8.300000
1.299050,8.733333,8.213333
1.299452,8.800000,8.300000
1.299853,8.719999,8.320000
1.300254,8.760000,8.300000
1.300656,8.820000,8.340000
1.301058,8.839999,8.346666
1.301459,8.839999,8.400000
1.301860,8.900000,8.386666
1.302262,8.886666,8.420000
1.302663,8.953334,8.446666
1.303064,9.000000,8.513332
1.303465,8.913333,8.513332
1.303867,9.000000,8.579999
1.304268,9.046666,8.526667
1.304669,9.080000,8.573333
1.305071,9.153334,8.626667
1.305473,9.099999,8.666666
1.305874,9.126666,8.646667
1.306275,9.186666,8.793333
1.306676,9.193333,8.706666
1.307077,9.179999,8.740000
1.307479,9.240000,8.793333
1.307881,9.233333,8.773333
1.308282,9.166666,8.813334
1.308683,9.340000,8.740000
1.309084,9.346666,8.920000
1.309486,9.346666,8.866667
1.309887,9.346666,8.913333
1.310289,9.400000,8.933333
1.310690,9.473333,8.986667
1.311091,9.493333,8.953334
1.311492,9.586666,8.986667
1.311894,9.546667,9.026667
1.312295,9.606667,9.080000
1.312696,9.600000,9.093333
1.313097,9.620000,9.093333
1.313498,9.626666,9.000000
1.313901,9.646667,9.126666
1.314303,9.673333,9.173333
1.314704,9.706666,9.160000
1.315106,9.740000,9.346666
1.315507,9.793333,9.233333
1.315909,9.786667,9.266666
1.316310,9.813334,9.266666
1.316711,9.860000,9.160000
1.317112,9.866667,9.326667
1.317513,9.900000,9.346666
1.317914,9.900000,9.346666
1.318315,9.940001,9.346666
1.318716,10.026666,9.466666
1.319118,9.973333,9.346666
1.319519,10.046666,9.480000
1.319920,10.053333,9.540000
1.320321,10.046666,9.533333
1.320723,10.073334,9.553333
1.321124,10.093333,9.586666
1.321525,10.140000,9.693333
1.321926,10.133333,9.646667
1.322327,10.206667,9.680000
1.322729,10.193334,9.673333
1.323131,10.260000,9.726666
1.323532,10.273334,9.746667
1.323933,10.320000,9.740000
1.324335,10.326667,9.839999
1.324736,10.320000,9.906666
1.325138,10.346666,9.820000
1.325540,10.453333,9.766666
1.325942,10.426666,9.880000
1.326343,10.440000,9.920000
1.326744,10.486666,9.940001
1.327146,10.486666,9.946667
1.327547,10.526667,9.966666
1.327949,10.540000,9.993333
1.328350,10.613333,10.006667
1.328752,10.613333,9.980000
1.329153,10.666667,10.059999
1.329555,10.633333,10.059999
1.329956,10.679999,10.106667
1.330357,10.660000,10.120000
1.330758,10.713333,10.140000
1.331161,10.753333,10.140000
1.331563,10.800000,10.140000
1.331965,10.900000,10.200000
1.332367,10.826666,10.266666
1.332768,10.833333,10.233333
1.333169,10.893332,10.299999
1.333570,10.893332,10.320000
1.333972,10.920000,10.380000
1.334374,10.966666,10.393333
1.334775,10.986667,10.413333
1.335176,10.900000,10.400000
1.335577,11.013332,10.413333
1.335978,11.026667,10.473333
1.336380,11.053333,10.486666
1.336782,11.079999,10.506666
1.337184,11.120000,10.500000
1.337585,11.146667,10.546666
1.337986,11.186666,10.513333
1.338389,11.186666,10.593333
1.338790,11.219999,10.646667
1.339192,11.240000,10.666667
1.339593,11.240000,10.660000
1.339995,11.286666,10.720000
1.340396,11.333333,10.746666
1.340798,11.373333,10.746666
1.341199,11.486667,10.780000
1.341601,11.380000,10.793333
1.342004,11.393333,10.826666
1.342405,11.453334,10.846666
1.342807,11.466666,10.846666
1.343208,11.466666,10.860000
1.343609,11.533333,10.913333
1.344010,11.533333,10.933333
1.344411,11.493333,11.193334
1.344812,11.646667,11.000000
1.345214,11.620000,11.020000
1.345615,11.640000,11.046666
1.346017,11.679999,11.020000
1.346418,11.673333,11.066667
1.346820,11.693333,11.099999
1.347221,11.706667,11.126667
1.347622,11.766666,11.153333
1.348023,11.766666,11.173333
1.348424,11.806666,11.186666
1.348826,11.853333,11.206666
1.349228,11.860000,11.260000
1.349629,11.873333,11.266666
1.350032,11.953333,11.300000
1.350434,11.960000,11.360000
1.350836,11.980000,11.286666
1.351238,11.980000,11.313334
1.351639,11.980000,11.386666
1.352040,12.146667,11.386666
1.352442,12.059999,11.426666
1.352843,12.046667,11.446667
1.353245,12.120000,11.473332
1.353646,12.139999,11.513333
1.354047,12.180000,11.539999
1.354448,12.200000,11.539999
1.354849,12.213333,11.559999
1.355251,12.226666,11.599999
1.355653,12.266666,11.613333
1.356055,12.273333,11.720000
1.356456,12.333333,11.646667
1.356857,12.366667,11.580000
1.357259,12.386666,11.833333
1.357661,12.386666,11.740000
1.358062,12.453333,11.746666
1.358464,12.480000,11.786667
1.358865,12.480000,11.846666
1.359266,12.513333,11.840000
1.359668,12.506667,11.860000
1.360070,12.553333,11.879999
1.360471,12.593333,11.913333
1.360874,12.620000,11.886666
1.361275,12.606667,11.933332
1.361676,12.633333,11.940000
1.362077,12.679999,11.973333
1.362478,12.686666,12.006666
1.362880,12.713333,11.993333
1.363281,12.766666,12.240000
1.363682,12.760000,12.059999
1.364083,12.693334,12.066666
1.364485,12.833333,12.093333
1.364886,12.840000,12.100000
1.365287,12.866666,12.213333
1.365688,12.866666,12.233334
1.366090,12.926666,12.226666
1.366493,12.933333,12.246667
1.366894,12.946667,12.293333
1.367295,12.973333,12.339999
1.367696,12.980000,12.306666
1.368097,13.020000,12.346666
1.368499,13.053332,12.393332
1.368901,13.080000,12.393332
1.369302,13.073333,12.420000
1.369704,13.160000,12.446667
1.370105,13.153334,12.506667
1.370508,13.179999,12.493333
1.370909,13.166667,12.480000
1.371310,13.226666,12.513333
1.371711,13.240000,12.459999
1.372112,13.293333,12.706667
1.372513,13.286667,12.573334
1.372915,13.300000,12.366667
1.373316,13.326666,12.620000
1.373718,13.360000,12.673333
1.374120,13.406666,12.766666
1.374522,13.433333,12.686666
1.374923,13.446666,12.686666
1.375325,13.420000,12.793333
1.375726,13.466666,12.786666
1.376127,13.520000,12.806666
1.376530,13.533333,12.840000
1.376931,13.546667,12.846666
1.377335,13.559999,12.846666
1.377736,13.566667,12.860000
1.378138,13.646666,12.913333
1.378539,13.653334,12.946667
1.378940,13.666666,12.966667
1.379342,13.606666,12.973333
1.379744,13.733333,13.000000
1.380145,13.720000,12.980000
1.380547,13.806667,13.059999
1.380949,13.860000,13.046666
1.381350,13.833333,13.113333
1.381752,13.566667,13.120000
1.382153,13.799999,13.166667
1.382554,13.873334,13.406666
1.382956,13.973332,13.073333
1.383357,13.860000,13.226666
1.383758,13.933332,13.126666
1.384159,13.979999,13.266666
1.384560,13.993333,13.286667
1.384961,13.999999,13.280000
1.385362,14.026667,12.840000
1.385763,14.080000,13.313333
1.386164,14.113334,13.353333
1.386565,14.093333,13.333333
1.386966,14.113334,13.366667
1.387368,14.113334,13.406666
1.387769,14.173332,13.460000
1.388170,14.173332,13.446666
1.388572,14.233333,13.466666
1.388974,14.166666,13.493333
1.389375,14.246667,13.559999
1.389777,14.253333,13.506666
1.390178,14.313334,13.506666
1.390580,14.253333,13.573333
1.390981,14.346666,13.626666
1.391382,14.360000,13.620000
1.391783,14.400001,13.646666
1.392184,14.393332,13.773333
1.392586,14.466667,13.693333
1.392988,14.493333,13.720000
1.393389,14.473333,13.726666
1.393791,14.506667,13.726666
1.394192,14.513333,13.793333
1.394593,14.533334,13.786667
1.394996,14.559999,13.799999
1.395397,14.659999,14.020000
1.395799,14.573334,13.820000
1.396200,14.640000,13.913332
1.396601,14.679999,13.940001
1.397002,14.693333,13.913332
1.397404,14.706667,13.946667
1.397807,14.719999,13.993333
1.398209,14.746666,13.860000
1.398611,14.753333,13.999999
1.399012,14.733334,13.906666
1.399413,14.846666,14.059999
1.399816,14.899999,14.120000
1.400217,14.953333,14.093333
1.400618,14.873333,14.080000
1.401019,14.906667,14.160000
1.401421,14.940000,14.173332
1.401822,14.946667,14.173332
1.402224,14.953333,14.226666
1.402626,14.953333,14.200001
1.403027,14.953333,14.266667
1.403429,15.013333,14.259999
1.403831,15.080000,14.239999
1.404232,15.113333,14.280000
1.404634,15.113333,14.259999
1.405035,15.166667,14.326666
1.405436,15.166667,14.679999
1.405837,15.253334,14.793334
1.406239,15.233334,14.386666
1.406640,15.046666,14.406667
1.407041,15.266666,14.426666
1.407442,15.246666,14.333334
1.407845,15.306666,14.546666
1.408246,15.313333,14.520000
1.408647,15.379999,14.526666
1.409049,15.386667,14.533334
1.409450,15.366667,14.540000
1.409853,15.413333,14.553333
1.410254,15.440000,14.593332
1.410655,15.486666,14.613333
1.411056,15.480000,14.633332
1.411457,15.500000,14.659999
1.411858,15.526667,14.646667
1.412259,15.560000,14.686666
1.412661,15.573333,14.693333
1.413062,15.613333,14.673333
1.413464,15.619999,14.733334
1.413865,15.613333,14.686666
1.414267,15.666666,14.759999
1.414668,15.646666,14.873333
1.415069,15.706666,14.840000
1.415470,15.720000,14.846666
1.415871,15.780001,14.873333
1.416272,15.686666,14.893332
1.416674,15.806666,14.886666
1.417075,15.873333,14.953333
1.417476,15.833333,14.953333
1.417877,15.833333,14.953333
1.418279,15.866667,14.953333
1.418681,15.900000,14.953333
1.419082,15.913334,14.953333
1.419483,15.926666,15.086666
1.419884,15.986667,15.119999
1.420286,15.980000,15.113333
1.420688,16.020000,15.393333
1.421089,16.020000,15.153333
1.421490,16.046667,15.219999
1.421891,16.086666,15.213333
1.422293,16.093332,15.426665
1.422695,16.080000,15.260000
1.423097,16.126665,15.273333
1.423499,16.186666,15.293332
1.423900,16.153334,15.300000
1.424301,16.146666,15.306666
1.424703,16.153334,15.226665
1.425104,16.273333,15.340000
1.425505,16.253332,15.433333
1.425906,16.293333,15.400000
1.426307,16.266666,15.453334
1.426709,16.306667,15.346666
1.427111,16.320000,15.413333
1.427512,16.346666,15.660000
1.427914,16.340000,15.486666
1.428315,16.386665,15.500000
1.428716,16.393333,15.586667
1.429117,16.446667,15.586667
1.429518,16.393333,15.426665
1.429919,16.453333,15.573333
1.430320,16.473333,15.579999
1.430721,16.499998,15.606667
1.431122,16.513332,15.606667
1.431523,16.559999,15.619999
1.431924,16.573334,15.666666
1.432325,16.533333,15.706666
1.432726,16.586666,15.653334
1.433128,16.639999,15.733333
1.433530,16.639999,15.746666
1.433932,16.646666,15.753332
1.434335,16.686666,15.786667
1.434736,16.719999,15.753332
1.435138,16.740000,15.839999
1.435539,16.753332,15.833333
1.435940,16.773333,15.853333
1.436342,16.753332,15.866667
1.436743,16.793333,15.886665
1.437145,16.799999,15.913334
1.437546,16.826666,15.946666
1.437947,16.846666,15.920000
1.438349,16.879999,15.960000
1.438750,16.879999,15.953332
1.439151,16.866667,15.933333
1.439552,16.879999,16.006666
1.439954,16.906666,16.026667
1.440355,16.933332,16.039999
1.440756,16.913332,16.099998
1.441157,16.913332,16.093332
1.441558,16.933332,16.119999
1.441959,17.006666,16.080000
1.442362,16.980000,16.126665
1.442763,17.026665,16.173334
1.443165,17.026665,16.186666
1.443566,17.000000,16.193333
1.443967,17.039999,16.219999
1.444368,17.053333,16.213333
1.444769,17.073334,16.266666
1.445170,17.106667,16.273333
1.445571,17.120001,16.279999
1.445972,17.179998,16.313334
1.446374,17.153332,16.313334
1.446776,17.186666,16.353333
1.447178,17.093332,16.353333
1.447579,17.193333,16.353333
1.447980,17.193333,16.379999
1.448382,17.226667,16.400000
1.448783,17.260000,16.433332
1.449185,17.286665,16.519999
1.449586,17.333332,16.440001
1.449987,17.380001,16.373333
1.450389,17.326666,16.473333
1.450790,17.320000,16.499998
1.451192,17.433332,16.526667
1.451594,17.346666,16.539999
1.451996,17.366667,16.553333
1.452397,17.386667,16.586666
1.452798,17.406666,16.573334
1.453199,17.433332,16.519999
1.453602,17.406666,16.619999
1.454003,17.433332,16.733334
1.454404,17.459999,16.559999
1.454805,17.473333,16.700001
1.455206,17.473333,16.680000
1.455607,17.486666,16.693333
1.456008,17.533333,16.759998
1.456409,17.513334,16.759998
1.456811,17.533333,16.813334
1.457212,17.539999,16.773333
1.457613,17.613333,16.740000
1.458014,17.559999,16.786665
1.458416,17.633333,16.766666
1.458818,17.633333,16.833334
1.459220,17.653334,16.826666
1.459621,17.666666,16.826666
1.460023,17.699999,16.853334
1.460424,17.713333,16.866667
1.460825,17.726665,16.913332
1.461226,17.713333,16.873333
1.461627,17.679998,16.886665
1.462029,17.753334,16.913332
1.462430,17.766666,16.933332
1.462832,17.780001,16.953333
1.463234,17.793333,16.939999
1.463635,17.813332,16.953333
1.464037,17.820000,16.953333
1.464438,17.773333,16.973333
1.464839,17.833332,16.980000
1.465240,17.873333,16.926666
1.465641,17.893333,17.053333
1.466042,17.873333,16.886665
1.466443,17.893333,17.039999
1.466844,17.900000,17.039999
1.467246,17.933332,17.059999
1.467647,17.953333,17.100000
1.468048,17.966665,17.106667
1.468450,17.959999,17.086666
1.468851,18.006666,17.120001
1.469252,17.993332,17.120001
1.469654,17.953333,17.186666
1.470055,18.013332,17.120001
1.470457,17.980000,17.166666
1.470858,18.073332,17.186666
1.471259,18.059999,17.186666
1.471660,18.073332,17.186666
1.472061,18.113333,17.086666
1.472463,18.133333,17.179998
1.472864,18.133333,17.260000
1.473265,18.133333,17.286665
1.473666,18.119999,17.279999
1.474068,18.180000,17.293333
1.474469,18.240000,17.306665
1.474871,18.173334,17.266666
1.475272,18.193333,17.286665
1.475673,18.173334,17.340000
1.476074,18.219999,17.320000
1.476476,18.226665,17.346666
1.476877,18.260000,17.380001
1.477278,18.280001,17.186666
1.477679,18.386665,17.393333
1.478081,18.286667,17.400000
1.478483,18.313334,17.406666
1.478884,18.299999,17.473333
1.479286,18.313334,17.500000
1.479687,18.353333,17.433332
1.480089,18.346666,17.480000
1.480490,18.333332,17.453333
1.480891,18.473331,17.480000
1.481293,18.379999,17.500000
1.481694,18.373333,17.473333
1.482095,18.400000,17.500000
1.482496,18.420000,17.539999
1.482897,18.393333,17.526667
1.483298,18.386665,17.539999
1.483699,18.453333,17.613333
1.484100,18.433334,17.539999
1.484501,18.473331,17.586666
1.484902,18.500000,17.613333
1.485303,18.500000,17.619999
1.485704,18.506666,17.626667
1.486105,18.526667,17.639999
1.486507,18.546667,17.613333
1.486909,18.559999,17.666666
1.487310,18.539999,17.686666
1.487711,18.533333,17.586666
1.488112,18.573334,17.793333
1.488513,18.580000,17.693333
1.488914,18.626665,17.733334
1.489316,18.553333,17.733334
1.489718,18.626665,17.753334
1.490119,18.633333,17.746666
1.490521,18.673334,17.786667
1.490922,18.713333,17.766666
1.491323,18.646666,17.773333
1.491724,18.786667,17.799999
1.492125,18.666666,17.813332
1.492526,18.706667,17.826666
1.492927,18.733332,17.840000
1.493329,18.733332,17.820000
1.493731,18.746666,17.846666
1.494132,18.740000,17.859999
1.494534,18.813334,17.813332
1.494935,18.773333,17.886667
1.495336,18.799999,17.906668
1.495737,18.799999,17.906668
1.496138,18.793333,17.853333
1.496539,18.820000,17.926666
1.496940,18.813334,17.939999
1.497342,18.779999,17.959999
1.497743,18.879999,17.906668
1.498144,18.873333,17.966665
1.498546,18.866665,17.973333
1.498948,18.873333,17.953333
1.499349,18.879999,18.000000
1.499751,18.940001,17.799999
1.500152,19.093334,18.013332
1.500553,18.740000,18.046667
1.500955,18.933332,18.020000
1.501356,18.933332,18.020000
1.501757,18.953333,18.033333
1.502159,18.966667,18.020000
1.502561,18.946667,18.066666
1.502963,18.973333,18.006666
1.503364,18.993332,18.073332
1.503765,18.953333,18.066666
1.504166,18.999998,18.086666
1.504567,19.013332,18.073332
1.504969,19.026667,18.079998
1.505370,19.066666,17.959999
1.505772,18.999998,18.146666
1.506174,19.080000,18.139999
1.506575,19.053333,18.153334
1.506976,19.073334,18.160000
1.507377,19.080000,18.126667
1.507778,19.080000,18.160000
1.508179,19.106667,18.153334
1.508580,19.219999,18.233332
1.508981,19.106667,18.166666
1.509382,19.139999,18.213333
1.509783,19.119999,18.160000
1.510184,19.173332,18.253332
1.510585,19.160000,18.099998
1.510986,19.160000,18.240000
1.511388,19.146666,18.273333
1.511789,19.180000,18.266666
1.512190,19.186666,18.233332
1.512591,19.166666,18.266666
1.512993,19.219999,18.266666
1.513395,19.193333,18.273333
1.513796,19.206667,18.273333
1.514197,19.226667,18.273333
1.514599,19.240000,18.273333
1.515000,19.246666,18.313334
1.515402,19.266666,18.326666
1.515803,19.266666,18.333332
1.516206,19.340000,18.320000
1.516607,19.273333,18.333332
1.517009,19.273333,18.359999
1.517410,19.293333,18.333332
1.517811,19.299999,18.353333
1.518212,19.306665,18.333332
1.518613,19.299999,18.359999
1.519014,19.313334,18.393333
1.519416,19.320000,18.366667
1.519817,19.333334,18.400000
1.520219,19.340000,18.400000
1.520620,19.340000,18.393333
1.521022,19.360001,18.406666
1.521423,19.333334,18.453333
1.521825,19.313334,18.420000
1.522226,19.406666,18.473331
1.522627,19.373333,18.426666
1.523029,19.406666,18.446667
1.523430,19.400000,18.440001
1.523831,19.406666,18.466665
1.524233,19.433332,18.466665
1.524634,19.406666,18.420000
1.525035,19.433332,18.493332
1.525436,19.346666,18.480000
1.525838,19.433332,18.513332
1.526239,19.433332,18.513332
1.526641,19.453333,18.486666
1.527043,19.453333,18.506666
1.527444,19.446667,18.520000
1.527845,19.473333,18.539999
1.528247,19.500000,18.520000
1.528649,19.486668,18.520000
1.529051,19.480000,18.526667
1.529453,19.473333,18.459999
1.529855,19.500000,18.539999
1.530256,19.480000,18.566668
1.530658,19.506666,18.553333
1.531060,19.573334,18.586666
1.531461,19.493334,18.586666
1.531862,19.500000,18.459999
1.532264,19.559999,18.586666
1.532665,19.519999,18.626665
1.533067,19.600000,18.646666
1.533469,19.573334,18.673334
1.533870,19.573334,18.473331
1.534272,19.586666,18.633333
1.534674,19.593332,18.586666
1.535075,19.586666,18.633333
1.535476,19.600000,18.626665
1.535877,19.613333,18.646666
1.536278,19.613333,18.646666
1.536679,19.626667,18.660000
1.537080,19.626667,18.660000
1.537482,19.633333,18.686666
1.537883,19.719999,18.766666
1.538284,19.633333,18.580000
1.538685,19.639999,18.666666
1.539086,19.613333,18.646666
1.539488,19.853333,18.666666
1.539889,19.666666,18.646666
1.540291,19.673332,18.660000
1.540693,19.679998,18.660000
1.541094,19.653332,18.693333
1.541496,19.633333,18.646666
1.541897,19.686666,18.713333
1.542298,19.639999,18.706667
1.542699,19.733334,18.700001
1.543100,19.679998,18.693333
1.543502,19.679998,18.746666
1.543903,19.706667,18.713333
1.544305,19.679998,18.719999
1.544706,19.719999,18.706667
1.545107,19.693333,18.700001
1.545509,19.746666,18.733332
1.545910,19.699999,18.733332
1.546312,19.686666,18.713333
1.546714,19.740000,18.740000
1.547115,19.733334,18.686666
1.547516,19.740000,18.726665
1.547917,19.766666,18.759998
1.548319,19.740000,18.753332
1.548720,19.713333,18.753332
1.549121,19.740000,18.746666
1.549522,19.746666,18.766666
1.549924,19.806665,18.806667
1.550326,19.873333,18.706667
1.550728,19.793333,18.766666
1.551129,19.766666,18.759998
1.551531,19.766666,18.813334
1.551932,19.766666,18.833334
1.552335,19.766666,18.759998
1.552736,19.779999,18.799999
1.553137,19.760000,18.786667
1.553538,19.766666,18.793333
1.553940,19.833332,18.799999
1.554341,19.779999,18.786667
1.554742,19.799999,18.826666
1.555144,19.873333,18.759998
1.555545,19.766666,18.786667
1.555946,19.799999,18.779999
1.556347,19.779999,18.779999
1.556748,19.799999,18.820000
1.557149,19.799999,18.826666
1.557551,19.880001,18.806667
1.557952,19.820000,18.813334
1.558354,19.766666,18.759998
1.558755,19.873333,18.813334
1.559156,19.826666,18.820000
1.559557,19.793333,18.813334
1.559959,19.793333,18.799999
1.560361,19.820000,18.813334
1.560763,19.813332,18.786667
1.561165,19.813332,18.799999
1.561567,19.826666,18.846666
1.561968,19.826666,18.826666
1.562369,19.820000,18.859999
1.562770,19.846666,18.879999
1.563172,19.833332,18.826666
1.563573,19.826666,18.873333
1.563974,19.826666,18.820000
1.564375,19.779999,18.820000
1.564776,19.820000,18.820000
1.565177,19.799999,18.826666
1.565578,19.893333,18.846666
1.565980,19.766666,18.826666
1.566382,19.853333,18.833334
1.566783,19.786665,18.840000
1.567184,19.833332,18.853333
1.567585,19.846666,18.866665
1.567987,19.840000,18.866665
1.568389,19.799999,18.866665
1.568790,19.833332,18.840000
1.569192,19.820000,18.853333
1.569594,19.826666,18.859999
1.569995,19.833332,18.826666
1.570396,19.853333,18.846666
1.570797,19.833332,18.826666
1.571198,19.860001,18.859999
1.571600,19.833332,18.840000
1.572001,19.793333,18.859999
1.572402,19.806665,18.873333
1.572803,19.779999,18.833334
1.573205,19.820000,18.840000
1.573607,19.840000,18.859999
1.574009,19.840000,18.853333
1.574410,19.913332,18.719999
1.574811,19.826666,18.799999
1.575212,19.846666,18.873333
1.575614,19.833332,18.846666
1.576015,19.840000,18.840000
1.576417,19.840000,18.840000
1.576818,19.860001,18.853333
1.577219,19.840000,18.779999
1.577621,19.833332,18.833334
1.578022,19.853333,18.866665
1.578423,19.833332,18.846666
1.578825,19.840000,18.846666
1.579227,19.806665,18.859999
1.579629,19.833332,18.826666
1.580031,19.813332,18.813334
1.580433,19.860001,18.906666
1.580835,19.813332,18.799999
1.581236,19.766666,18.840000
1.581637,19.786665,18.826666
1.582038,19.846666,18.840000
1.582439,19.793333,18.833334
1.582841,19.820000,18.853333
1.583242,19.826666,18.813334
1.583643,19.813332,18.826666
1.584044,19.813332,18.833334
1.584446,19.793333,18.820000
1.584847,19.820000,18.833334
1.585249,19.806665,18.813334
1.585650,19.806665,18.806667
1.586051,19.786665,18.806667
1.586453,19.799999,18.799999
1.586854,19.840000,18.806667
1.587256,19.853333,18.813334
1.587658,19.820000,18.879999
1.588059,19.753334,18.813334
1.588460,19.753334,18.779999
1.588861,19.779999,18.826666
1.589262,19.773333,18.766666
1.589664,19.959999,18.759998
1.590066,19.799999,18.799999
1.590468,19.786665,18.766666
1.590870,19.753334,18.826666
1.591271,19.740000,18.786667
1.591673,19.886667,18.766666
1.592074,19.766666,18.820000
1.592476,19.766666,18.806667
1.592877,19.779999,18.779999
1.593279,19.773333,18.793333
1.593681,19.719999,18.766666
1.594083,19.746666,18.779999
1.594484,19.733334,18.820000
1.594885,19.740000,18.793333
1.595287,19.766666,18.773333
1.595688,19.840000,18.859999
1.596089,19.639999,18.746666
1.596491,19.713333,18.753332
1.596892,19.726667,18.759998
1.597293,19.753334,18.733332
1.597694,19.733334,18.766666
1.598095,19.726667,18.706667
1.598496,19.726667,18.773333
1.598897,19.699999,18.713333
1.599299,19.766666,18.719999
1.599701,19.699999,18.713333
1.600102,19.699999,18.726665
1.600504,19.706667,18.746666
1.600906,19.699999,18.706667
1.601307,19.713333,18.813334
1.601709,19.686666,18.660000
1.602111,19.673332,18.706667
1.602512,19.679998,18.719999
1.602914,19.686666,18.686666
1.603315,19.659998,18.686666
1.603717,19.673332,18.680000
1.604118,19.679998,18.700001
1.604519,19.639999,18.686666
1.604921,19.639999,18.673334
1.605322,19.626667,18.660000
1.605723,19.653332,18.606665
1.606124,19.659998,18.646666
1.606525,19.620001,18.639999
1.606926,19.620001,18.646666
1.607327,19.626667,18.646666
1.607729,19.553333,18.626665
1.608131,19.686666,18.646666
1.608532,19.613333,18.599998
1.608933,19.600000,18.599998
1.609335,19.593332,18.580000
1.609736,19.593332,18.646666
1.610137,19.593332,18.619999
1.610538,19.580000,18.626665
1.610940,19.573334,18.613333
1.611341,19.580000,18.606665
1.611742,19.546665,18.586666
1.612143,19.546665,18.593332
1.612544,19.679998,18.586666
1.612945,19.513332,18.553333
1.613347,19.533333,18.526667
1.613749,19.420000,18.580000
1.614150,19.586666,18.553333
1.614552,19.480000,18.539999
1.614953,19.480000,18.553333
1.615355,19.533333,18.599998
1.615756,19.506666,18.606665
1.616157,19.480000,18.566668
1.616558,19.553333,18.526667
1.616960,19.473333,18.526667
1.617361,19.439999,18.513332
1.617763,19.433332,18.486666
1.618164,19.406666,18.493332
1.618565,19.453333,18.486666
1.618966,19.406666,18.480000
1.619368,19.433332,18.526667
1.619769,19.393332,18.473331
1.620171,19.413332,18.466665
1.620572,19.353334,18.453333
1.620973,19.420000,18.426666
1.621375,19.406666,18.466665
1.621777,19.386665,18.406666
1.622178,19.366667,18.426666
1.622579,19.379999,18.433334
1.622980,19.373333,18.393333
1.623382,19.373333,18.406666
1.623783,19.353334,18.293333
1.624184,19.466667,18.406666
1.624585,19.293333,18.526667
1.624986,19.279999,18.273333
1.625388,19.373333,18.379999
1.625789,19.246666,18.379999
1.626190,19.293333,18.346666
1.626592,19.286665,18.333332
1.626993,19.273333,18.339998
1.627395,19.306665,18.333332
1.627796,19.279999,18.366667
1.628198,19.213333,18.339998
1.628599,19.246666,18.333332
1.629000,19.259998,18.299999
1.629403,19.240000,18.286667
1.629804,19.286665,18.299999
1.630206,19.253332,18.280001
1.630607,19.266666,18.353333
1.631009,19.213333,18.313334
1.631410,19.206667,18.246666
1.631811,19.200001,18.280001
1.632212,19.186666,18.273333
1.632613,19.186666,18.226665
1.633014,19.080000,18.226665
1.633416,19.166666,18.193333
1.633817,19.100000,18.226665
1.634219,19.146666,18.213333
1.634621,19.113333,18.213333
1.635022,19.119999,18.193333
1.635423,19.119999,18.206665
1.635824,19.126665,18.153334
1.636225,19.100000,18.180000
1.636626,19.093334,18.146666
1.637027,19.086666,18.146666
1.637429,19.073334,18.146666
1.637830,19.059999,18.126667
1.638231,19.086666,17.980000
1.638632,19.086666,18.073332
1.639033,19.046667,18.126667
1.639435,19.046667,18.139999
1.639836,19.053333,18.139999
1.640237,19.006666,18.079998
1.640639,18.999998,18.079998
1.641040,18.980000,18.086666
1.641442,18.960001,18.066666
1.641843,18.966667,18.106667
1.642244,18.926666,18.026667
1.642646,18.953333,18.033333
1.643047,18.933332,18.013332
1.643449,18.933332,18.006666
1.643850,18.933332,18.020000
1.644252,18.913332,17.946665
1.644654,18.900000,18.000000
1.645055,18.873333,17.973333
1.645456,18.879999,17.946665
1.645858,18.866665,17.806665
1.646259,18.779999,17.953333
1.646660,18.866665,17.946665
1.647062,18.826666,17.906668
1.647463,18.853333,17.913334
1.647865,18.833334,17.886667
1.648267,18.820000,17.886667
1.648669,18.799999,17.893333
1.649070,18.786667,17.893333
1.649471,18.806667,17.886667
1.649872,18.773333,17.879999
1.650273,18.759998,17.886667
1.650674,18.759998,17.840000
1.651075,18.746666,17.846666
1.651476,18.726665,17.840000
1.651877,18.706667,17.840000
1.652279,18.706667,17.806665
1.652680,18.740000,17.773333
1.653082,18.666666,17.780001
1.653483,18.653334,17.753334
1.653884,18.646666,17.746666
1.654287,18.646666,17.766666
1.654688,18.700001,17.726665
1.655089,18.613333,17.679998
1.655490,18.613333,17.740000
1.655891,18.573334,17.733334
1.656293,18.606665,17.686666
1.656694,18.586666,17.686666
1.657095,18.593332,17.666666
1.657497,18.553333,17.699999
1.657898,18.546667,17.673332
1.658300,18.506666,17.633333
1.658701,18.433334,17.639999
1.659103,18.506666,17.539999
1.659504,18.506666,17.613333
1.659905,18.573334,17.619999
1.660306,18.473331,17.593332
1.660707,18.466665,17.539999
1.661108,18.426666,17.526667
1.661509,18.446667,17.520000
1.661910,18.413334,17.539999
1.662311,18.426666,17.539999
1.662712,18.400000,17.473333
1.663114,18.379999,17.520000
1.663516,18.313334,17.473333
1.663917,18.346666,17.466665
1.664318,18.373333,17.419998
1.664720,18.353333,17.473333
1.665122,18.280001,17.426666
1.665523,18.299999,17.466665
1.665924,18.233332,17.426666
1.666325,18.246666,17.386667
1.666726,18.286667,17.386667
1.667127,18.233332,17.366667
1.667529,18.240000,17.366667
1.667930,18.420000,17.333332
1.668334,18.233332,17.340000
1.668735,18.213333,17.333332
1.669136,18.206665,17.333332
1.669538,18.173334,17.293333
1.669939,18.166666,17.313332
1.670341,18.166666,17.286665
1.670742,18.193333,17.293333
1.671144,18.133333,17.333332
1.671546,18.106667,16.980000
1.671947,18.133333,17.260000
1.672349,18.093332,17.146666
1.672750,18.099998,17.206667
1.673151,18.079998,17.186666
1.673552,17.953333,17.159998
1.673953,18.026667,17.179998
1.674355,18.046667,17.186666
1.674757,18.020000,17.179998
1.675158,18.026667,17.113333
1.675559,17.986666,17.186666
1.675960,17.966665,17.073334
1.676361,17.959999,17.106667
1.676763,17.953333,17.266666
1.677164,17.926666,17.086666
1.677565,17.906668,17.039999
1.677966,17.866667,17.039999
1.678368,17.886667,17.033333
1.678769,17.879999,16.986668
1.679171,17.879999,16.973333
1.679572,17.866667,16.986668
1.679973,17.886667,16.966667
1.680375,17.853333,16.973333
1.680776,17.840000,16.946667
1.681177,17.833332,16.866667
1.681579,17.813332,16.906666
1.681982,17.773333,16.986668
1.682383,17.766666,16.913332
1.682785,17.746666,16.900000
1.683187,17.740000,16.820000
1.683588,17.666666,16.846666
1.683989,17.679998,16.853334
1.684390,17.693333,16.826666
1.684792,17.699999,16.846666
1.685193,17.706665,16.833334
1.685594,17.633333,16.786665
1.685995,17.539999,16.826666
1.686396,17.593332,16.806665
1.686798,17.553331,16.759998
1.687199,17.559999,16.759998
1.687600,17.539999,16.726667
1.688001,17.506666,16.866667
1.688403,17.520000,16.719999
1.688804,17.513334,16.619999
1.689206,17.480000,16.646666
1.689608,17.473333,16.680000
1.690009,17.466665,16.619999
1.690410,17.493334,16.633331
1.690811,17.439999,16.680000
1.691213,17.333332,16.633331
1.691615,17.520000,16.606667
1.692016,17.213333,16.613333
1.692417,17.360001,16.573334
1.692818,17.373333,16.526667
1.693219,17.340000,16.519999
1.693621,17.313332,16.526667
1.694022,17.299999,16.506666
1.694423,17.326666,16.499998
1.694824,17.253334,16.466667
1.695226,17.260000,16.420000
1.695628,17.266666,16.413332
1.696029,17.286665,16.446667
1.696430,17.419998,16.193333
1.696832,17.193333,16.359999
1.697234,17.173332,16.353333
1.697635,17.166666,16.333334
1.698037,17.159998,16.413332
1.698439,17.153332,16.293333
1.698841,17.080000,16.133333
1.699242,17.100000,16.259998
1.699643,17.106667,16.273333
1.700044,17.059999,16.240000
1.700446,17.059999,16.219999
1.700849,17.033333,16.246666
1.701251,17.026665,16.193333
1.701652,17.000000,16.146666
1.702053,16.993334,16.180000
1.702456,16.980000,16.099998
1.702858,16.953333,16.026667
1.703259,16.939999,16.066668
1.703660,16.933332,16.059999
1.704062,16.926666,16.020000
1.704463,16.840000,16.039999
1.704864,16.946667,16.066668
1.705265,16.879999,15.980000
1.705666,16.953333,15.966666
1.706068,16.900000,16.006666
1.706469,16.840000,15.980000
1.706870,16.793333,15.940000
1.707272,16.786665,15.926666
1.707673,16.759998,15.920000
1.708074,16.779999,15.920000
1.708475,16.766666,15.793333
1.708876,16.719999,15.760000
1.709277,16.806665,15.826667
1.709678,16.706667,15.780001
1.710079,16.680000,15.780001
1.710481,16.646666,15.826667
1.710882,16.633331,15.733333
1.711284,16.619999,15.700000
1.711685,16.619999,15.700000
1.712086,16.580000,15.746666
1.712488,16.559999,15.666666
1.712891,16.486666,15.673333
1.713292,16.546667,15.606667
1.713693,16.393333,15.573333
1.714094,16.460001,15.579999
1.714495,16.539999,15.599999
1.714896,16.446667,15.606667
1.715297,16.433332,15.560000
1.715698,16.393333,15.546666
1.716100,16.386665,15.506666
1.716502,16.379999,15.540000
1.716903,16.246666,15.480000
1.717304,16.193333,15.433333
1.717706,16.273333,15.393333
1.718108,16.279999,15.406667
1.718510,16.273333,15.393333
1.718911,16.273333,15.393333
1.719312,16.233332,15.366667
1.719713,16.213333,15.179999
1.720116,16.200001,15.306666
1.720517,16.160000,15.306666
1.720919,16.126665,15.273333
1.721320,16.119999,15.240000
1.721722,15.966666,15.260000
1.722123,16.086666,14.946667
1.722524,16.066668,15.219999
1.722925,16.020000,15.200000
1.723326,15.993333,15.166667
1.723727,16.013332,15.139999
1.724128,15.966666,15.133333
1.724529,15.960000,15.093332
1.724930,15.879999,14.953333
1.725335,15.900000,14.953333
1.725737,15.846667,14.953333
1.726140,15.853333,14.953333
1.726542,15.873333,14.953333
1.726943,15.833333,14.953333
1.727344,15.773333,14.953333
1.727747,15.786667,14.933333
1.728148,15.760000,14.919999
1.728550,15.740000,14.899999
1.728951,15.733333,14.846666
1.729353,15.693334,14.840000
1.729755,15.660000,14.693333
1.730156,15.700000,14.753333
1.730558,15.633333,14.786666
1.730959,15.606667,14.766665
1.731361,15.573333,14.706667
1.731762,15.560000,14.713333
1.732163,15.573333,14.633332
1.732564,15.540000,14.659999
1.732965,15.566667,14.620000
1.733367,15.460000,14.633332
1.733768,15.393333,14.633332
1.734171,15.419999,14.520000
1.734572,15.393333,14.559999
1.734973,15.386667,14.580000
1.735375,15.386667,14.559999
1.735776,15.353333,14.493333
1.736179,15.333333,14.520000
1.736580,15.306666,14.506667
1.736982,15.306666,14.439999
1.737383,15.320001,14.426666
1.737786,15.246666,14.333334
1.738187,15.200000,14.580000
1.738590,15.200000,14.386666
1.738992,15.240000,14.360000
1.739394,15.200000,14.340000
1.739796,15.153333,14.420000
1.740198,15.106667,14.293333
1.740599,15.020000,14.286666
1.741000,15.093332,14.320000
1.741402,14.953333,14.253333
1.741803,14.926667,14.206667
1.742205,15.020000,14.180000
1.742606,14.946667,14.166666
1.743007,14.926667,14.166666
1.743409,14.913333,14.173332
1.743810,14.899999,14.120000
1.744211,14.853333,14.053333
1.744612,14.860001,14.180000
1.745013,14.813333,13.993333
1.745415,14.793334,13.993333
1.745816,14.780000,14.006667
1.746218,14.759999,13.960000
1.746619,14.726667,13.993333
1.747020,14.719999,13.940001
1.747422,14.693333,14.346666
1.747823,14.686666,13.920000
1.748225,14.666667,13.866666
1.748627,14.620000,13.866666
1.749028,14.646667,13.826666
1.749429,14.580000,13.833333
1.749830,14.566666,13.806667
1.750232,14.526666,13.726666
1.750633,14.600000,13.740001
1.751034,14.506667,13.726666
1.751435,14.466667,13.733333
1.751836,14.433332,13.700000
1.752237,14.420000,13.680000
1.752638,14.386666,13.646666
1.753041,14.380000,13.633333
1.753443,14.346666,13.613334
1.753844,14.346666,13.586667
1.754246,14.333334,13.553333
1.754647,14.299999,13.553333
1.755048,14.306665,13.526667
1.755449,14.280000,13.486667
1.755851,14.219999,13.466666
1.756253,14.193333,13.473332
1.756654,14.186666,13.440000
1.757056,14.233333,13.460000
1.757457,14.133332,13.379999
1.757859,14.013333,13.406666
1.758260,14.133332,13.313333
1.758662,13.986667,13.379999
1.759064,14.020000,13.313333
1.759465,13.999999,13.266666
1.759867,13.979999,13.253333
1.760268,13.953333,13.253333
1.760670,13.953333,13.246666
1.761072,13.920000,13.173333
1.761475,13.913332,13.193333
1.761877,13.860000,13.126666
1.762279,13.900000,13.120000
1.762680,13.826666,13.120000
1.763081,13.799999,13.040000
1.763483,13.759999,13.040000
1.763884,13.753333,13.040000
1.764285,13.666666,12.846666
1.764686,13.713332,12.993333
1.765088,13.746667,12.886666
1.765490,13.666666,12.946667
1.765891,13.713332,12.919999
1.766293,13.626666,12.940000
1.766694,13.599999,12.880000
1.767095,13.586667,12.860000
1.767497,13.493333,12.780000
1.767899,13.520000,12.793333
1.768300,13.500000,12.820000
1.768702,13.466666,12.773334
1.769103,13.460000,12.646667
1.769504,13.466666,12.706667
1.769905,13.500000,12.700000
1.770306,13.379999,12.633333
1.770708,13.366667,12.653333
1.771109,13.353333,12.633333
1.771511,13.333333,12.673333
1.771913,13.300000,12.793333
1.772314,13.286667,12.586666
1.772716,13.220000,12.593333
1.773117,13.220000,12.520000
1.773518,13.220000,12.513333
1.773919,13.206666,12.493333
1.774320,13.100000,12.426666
1.774722,13.133333,12.446667
1.775123,13.146667,12.426666
1.775524,13.053332,12.406666
1.775926,13.053332,12.420000
1.776327,13.020000,12.339999
1.776728,12.986666,12.339999
1.777129,12.973333,12.306666
1.777531,12.980000,12.293333
1.777932,12.946667,12.280000
1.778335,12.933333,12.246667
1.778736,12.900000,12.213333
1.779138,12.873333,12.213333
1.779539,12.860000,12.146667
1.779941,12.780000,12.120000
1.780342,12.786666,12.093333
1.780743,12.933333,12.100000
1.781145,12.793333,11.966666
1.781546,12.733333,11.999999
1.781947,12.660000,12.013333
1.782349,12.673333,12.073333
1.782750,12.660000,11.980000
1.783151,12.633333,12.013333
1.783552,12.593333,11.920000
1.783954,12.586666,11.953333
1.784355,12.559999,11.860000
1.784756,12.520000,11.879999
1.785157,12.500000,11.820000
1.785558,12.486667,11.820000
1.785961,12.413333,11.780000
1.786362,12.459999,11.793333
1.786764,12.386666,11.746666
1.787165,12.366667,11.720000
1.787566,12.366667,11.726666
1.787967,12.326666,11.666666
1.788368,12.226666,11.720000
1.788769,12.259999,11.593333
1.789170,12.253333,11.586667
1.789572,12.246667,11.559999
1.789973,12.219999,11.559999
1.790375,12.180000,11.533333
1.790776,12.120000,11.506666
1.791177,12.193333,11.493333
1.791578,12.093333,11.526667
1.791979,12.100000,11.453334
1.792381,12.080000,11.426666
1.792782,12.013333,11.400000
1.793183,11.973333,11.386666
1.793584,11.973333,11.366667
1.793985,11.960000,11.353333
1.794387,11.900000,11.366667
1.794788,11.873333,11.539999
1.795189,11.886666,11.240000
1.795591,11.846666,11.233333
1.795992,11.826667,11.193334
1.796394,11.840000,11.193334
1.796795,11.813333,11.166666
1.797196,11.726666,11.160000
1.797602,11.760000,11.166666
1.798003,11.686666,11.053333
1.798404,11.746666,11.020000
1.798805,11.633333,11.046666
1.799206,11.693333,11.133333
1.799608,11.546666,10.960000
1.800009,11.626666,10.966666
1.800410,11.506666,11.013332
1.800812,11.520000,10.926667
1.801213,11.480000,10.866667
1.801614,11.466666,10.866667
1.802015,11.446667,10.873333
1.802417,11.406666,10.813333
1.802818,11.420000,10.766666
1.803219,11.366667,10.753333
1.803621,11.353333,10.746666
1.804022,11.346666,10.733334
1.804423,11.306666,10.726666
1.804825,11.280000,10.693333
1.805226,11.273333,10.620000
1.805628,11.219999,10.639999
1.806029,11.193334,10.626666
1.806430,11.180000,10.566667
1.806831,11.153333,10.580000
1.807233,11.113334,10.566667
1.807635,11.160000,10.526667
1.808038,11.053333,10.419999
1.808439,11.046666,10.400000
1.808840,10.940000,10.473333
1.809242,11.153333,10.440000
1.809644,10.986667,10.413333
1.810045,10.946666,10.380000
1.810446,10.940000,10.346666
1.810848,10.886666,10.353333
1.811249,10.866667,10.313334
1.811650,10.900000,10.326667
1.812051,10.826666,10.286666
1.812453,10.780000,10.226666
1.812854,10.759999,10.280000
1.813255,10.773334,10.213333
1.813656,10.660000,10.160000
1.814057,10.686666,10.133333
1.814458,10.620000,10.106667
1.814860,10.660000,10.106667
1.815261,10.646667,10.040000
1.815662,10.586667,10.046666
1.816065,10.573333,10.046666
1.816467,10.553332,9.980000
1.816868,10.453333,9.993333
1.817269,10.533334,9.959999
1.817671,10.466667,9.953333
1.818073,10.486666,9.906666
1.818475,10.426666,9.886666
1.818876,10.406667,9.833333
1.819278,10.393333,9.806666
1.819679,10.333333,9.826666
1.820080,10.253333,9.740000
1.820481,10.293333,9.753333
1.820882,10.273334,9.740000
1.821283,10.240000,9.706666
1.821684,10.233333,9.626666
1.822085,10.153333,9.646667
1.822487,10.206667,9.646667
1.822889,10.153333,9.613334
1.823290,10.173333,9.600000
1.823691,10.120000,9.780000
1.824092,10.160000,9.559999
1.824494,10.053333,9.613334
1.824895,10.033333,9.493333
1.825296,10.000000,9.346666
1.825697,10.026666,9.466666
1.826098,9.966666,9.346666
1.826499,9.953333,9.346666
1.826900,9.913333,9.340000
1.827302,9.853333,9.346666
1.827704,9.820000,9.346666
1.828105,9.833333,9.280000
1.828508,9.793333,9.266666
1.828910,9.793333,9.260000
1.829311,9.766666,9.166666
1.829712,9.713333,9.166666
1.830113,9.733334,9.120000
1.830515,9.633333,9.326667
1.830916,9.620000,9.120000
1.831318,9.646667,9.093333
1.831720,9.646667,9.059999
1.832121,9.613334,9.226666
1.832523,9.559999,9.066667
1.832924,9.440000,8.893333
1.833325,9.473333,9.006666
1.833726,9.413333,8.973332
1.834127,9.466666,8.913333
1.834529,9.400000,8.920000
1.834931,9.346666,8.906666
1.835335,9.346666,8.906666
1.835736,9.340000,8.846666
1.836137,9.299999,8.853333
1.836538,9.306666,8.806666
1.836939,9.260000,8.740000
1.837341,9.173333,8.573333
1.837742,9.213333,8.639999
1.838143,9.173333,8.686666
1.838545,9.146667,8.686666
1.838946,9.166666,8.646667
1.839347,9.059999,8.646667
1.839748,9.120000,8.526667
1.840149,9.066667,8.599999
1.840550,9.053333,8.546666
1.840953,9.059999,8.566667
1.841355,8.973332,8.520000
1.841756,8.946667,8.500000
1.842157,8.940000,8.420000
1.842558,8.920000,8.460000
1.842961,8.880000,8.420000
1.843362,8.880000,8.386666
1.843763,8.820000,8.313333
1.844165,8.793333,8.340000
1.844566,8.766666,8.333333
1.844969,8.713333,8.273334
1.845370,8.740000,8.280000
1.845771,8.706666,8.220000
1.846172,8.686666,8.220000
1.846573,8.660000,8.206666
1.846975,8.593333,8.166667
1.847376,8.620000,8.179999
1.847777,8.606667,8.146667
1.848178,8.566667,8.040000
1.848579,8.533333,8.093333
1.848980,8.526667,8.013333
1.849381,8.340000,8.040000
1.849782,8.446666,8.033334
1.850184,8.440000,7.993333
1.850585,8.393332,7.913333
1.850986,8.393332,7.920000
1.851388,8.360000,7.900000
1.851789,8.326666,7.886666
1.852190,8.313333,7.873333
1.852592,8.266666,7.813334
1.852993,8.320000,7.866666
1.853395,8.146667,7.806666
1.853796,8.213333,7.793334
1.854198,8.173333,7.780000
1.854599,8.160000,7.726667
1.855001,8.139999,7.686666
1.855403,8.093333,7.740000
1.855804,8.080000,7.626667
1.856205,8.046666,7.686666
1.856607,7.966667,7.420000
1.857009,8.013333,7.593334
1.857410,8.026667,7.546666
1.857811,7.960000,7.526666
1.858213,7.966667,7.486667
1.858615,7.900000,7.506667
1.859016,7.913333,7.453333
1.859417,7.840000,7.446666
1.859820,7.840000,7.440000
1.860221,7.826667,7.400000
1.860622,7.800000,7.413333
1.861025,7.766666,7.353333
1.861428,7.760000,7.360000
1.861831,7.726667,7.326666
1.862233,7.693334,7.313333
1.862635,7.626667,7.166667
1.863036,7.653333,7.226666
1.863437,7.613333,7.233334
1.863839,7.573333,7.146667
1.864241,7.566667,7.173333
1.864643,7.546666,7.140000
1.865044,7.553333,7.146667
1.865446,7.513333,7.086666
1.865847,7.466667,7.106667
1.866248,7.426666,7.046667
1.866650,7.366667,7.046667
1.867051,7.386667,7.013333
1.867452,7.406666,7.006667
1.867854,7.360000,6.953333
1.868256,7.340000,6.960000
1.868658,7.320000,6.953333
1.869059,7.286667,6.900000
1.869461,7.260000,6.873333
1.869862,7.226666,6.833333
1.870263,7.200000,6.893333
1.870665,7.213333,6.766666
1.871066,7.166667,6.806667
1.871467,7.146667,6.773334
1.871868,7.106667,6.773334
1.872269,7.106667,6.766666
1.872670,7.066666,6.700000
1.873071,7.026667,6.746666
1.873473,7.000000,6.640000
1.873874,6.980000,6.640000
1.874275,6.980000,6.640000
1.874676,6.960000,6.640000
1.875077,6.946667,6.640000
1.875478,6.900000,6.526666
1.875881,6.880000,6.546667
1.876282,6.860000,6.466667
1.876683,6.820000,6.406667
1.877084,6.826667,6.433333
1.877485,6.786666,6.413333
1.877886,6.773334,6.393333
1.878287,6.640000,6.346667
1.878688,6.713333,6.366666
1.879089,6.693333,6.293333
1.879490,6.640000,6.313334
1.879891,6.633333,6.286667
1.880292,6.566667,6.240000
1.880694,6.613333,6.206666
1.881095,6.566667,6.220000
1.881497,6.460000,6.200000
1.881898,6.513333,6.126667
1.882300,6.446667,6.113333
1.882701,6.420000,6.113333
1.883102,6.393333,6.100000
1.883503,6.400000,6.040000
1.883904,6.266666,6.033333
1.884306,6.333333,6.033333
1.884708,6.340000,5.993333
1.885110,6.306666,5.993333
1.885511,6.280000,5.960000
1.885912,6.280000,5.940000
1.886313,6.246666,5.940000
1.886714,6.213333,5.866666
1.887117,6.180000,5.886667
1.887518,6.100000,5.833333
1.887919,6.126667,5.800000
1.888320,6.106667,5.786666
1.888721,6.120000,5.760000
1.889124,6.100000,5.813333
1.889525,6.100000,5.746666
1.889926,6.040000,5.713333
1.890328,6.053333,5.713333
1.890730,6.040000,5.586667
1.891132,5.900000,5.640000
1.891533,5.940000,5.673333
1.891935,5.933333,5.586667
1.892337,6.060000,5.586667
1.892738,5.853333,5.513333
1.893139,5.846666,5.580000
1.893542,5.813333,5.520000
1.893943,5.793334,5.506666
1.894345,5.793334,5.473333
1.894746,5.800000,5.453333
1.895149,5.740000,5.420000
1.895551,5.660000,5.413333
1.895952,5.653333,5.413333
1.896354,5.666667,5.320000
1.896755,5.706666,5.380000
1.897157,5.580000,5.273333
1.897558,5.593333,5.293334
1.897959,5.580000,5.320000
1.898361,5.533333,5.333333
1.898762,5.533333,5.220000
1.899165,5.526667,5.280000
1.899567,5.433333,5.226666
1.899969,5.466667,5.120000
1.900370,5.440000,5.180000
1.900771,5.400000,5.133333
1.901172,5.413333,5.093333
1.901573,5.380000,5.066667
1.901974,5.340000,5.060000
1.902375,5.326667,5.066667
1.902776,5.326667,5.033333
1.903177,5.333333,5.000000
1.903578,5.253333,4.993333
1.903979,5.240000,4.966667
1.904381,5.220000,4.940000
1.904782,5.213333,4.880000
1.905183,5.200000,4.920000
1.905584,5.253333,4.900000
1.905985,5.146667,4.880000
1.906388,5.160000,4.853333
1.906789,5.093333,4.893333
1.907190,5.073333,4.860000
1.907591,5.040000,4.840000
1.907993,5.133333,4.753333
1.908395,4.973333,4.673333
1.908796,4.993333,4.680000
1.909198,4.960000,4.720000
1.909599,4.940000,4.686666
1.910000,4.920000,4.660000
1.910402,4.893333,4.680000
1.910803,4.886666,4.660000
1.911205,4.860000,4.560000
1.911607,4.780000,4.573333
1.912008,4.813333,4.540000
1.912409,4.800000,4.533333
1.912810,4.746666,4.520000
1.913212,4.746666,4.513333
1.913613,4.746666,4.420000
1.914014,4.713333,4.486666
1.914415,4.706666,4.446667
1.914817,4.660000,4.440000
1.915218,4.720000,4.453333
1.915619,4.620000,4.386666
1.916020,4.640000,4.386666
1.916422,4.706666,4.360000
1.916823,4.586667,4.300000
1.917225,4.626667,4.313334
1.917626,4.460000,4.306667
1.918027,4.493333,4.273333
1.918429,4.453333,4.233333
1.918830,4.480000,4.226666
1.919231,4.453333,4.213334
1.919633,4.426666,4.180000
1.920034,4.400000,4.186666
1.920435,4.380000,4.153333
1.920836,4.380000,4.186666
1.921238,4.340000,4.160000
1.921639,4.400000,3.986666
1.922040,4.313334,4.093333
1.922441,4.293333,4.060000
1.922843,4.360000,4.066667
1.923245,4.246667,4.013333
1.923646,4.246667,3.993333
1.924047,4.220000,4.013333
1.924449,4.186666,3.966667
1.924851,4.173333,3.993333
1.925252,4.213334,3.953333
1.925653,4.126667,3.913333
1.926054,4.086667,3.906667
1.926455,4.080000,3.886667
1.926856,4.073333,3.866667
1.927257,4.060000,3.846667
1.927658,4.026666,3.833333
1.928061,4.020000,3.820000
1.928462,4.013333,3.746666
1.928865,4.000000,3.746666
1.929267,3.960000,3.713333
1.929668,3.886667,3.720000
1.930071,3.893333,3.726667
1.930472,3.913333,3.686666
1.930875,3.853333,3.540000
1.931276,3.940000,3.640000
1.931678,3.880000,3.593333
1.932079,3.760000,3.633333
1.932481,3.766667,3.593333
1.932883,3.826667,3.540000
1.933284,3.833333,3.546667
1.933686,3.766667,3.540000
1.934087,3.720000,3.386667
1.934490,3.673333,3.493333
1.934891,3.653333,3.500000
1.935293,3.646667,3.466666
1.935695,3.606667,3.426666
1.936096,3.593333,3.406667
1.936497,3.586667,3.413333
1.936898,3.560000,3.306667
1.937300,3.546667,3.380000
1.937701,3.520000,3.346666
1.938103,3.533333,3.346666
1.938505,3.373333,3.360000
1.938906,3.533333,3.260000
1.939308,3.440000,3.226667
1.939709,3.433333,3.286667
1.940110,3.453333,3.240000
1.940511,3.406667,3.200000
1.940913,3.400000,3.166667
1.941315,3.386667,3.206667
1.941716,3.333333,3.206667
1.942118,3.360000,3.173333
1.942519,3.460000,3.133333
1.942920,3.313333,3.173333
1.943322,3.300000,3.133333
1.943723,3.266667,3.126667
1.944125,3.240000,3.073333
1.944526,3.213333,3.053333
1.944929,3.200000,3.060000
1.945335,3.206667,3.040000
1.945736,3.160000,2.953333
1.946137,3.166667,3.000000
1.946538,3.133333,2.973333
1.946940,3.120000,2.960000
1.947342,3.106667,2.953333
1.947743,3.100000,2.960000
1.948146,3.066667,2.953333
1.948548,3.066667,2.920000
1.948949,3.086667,2.913333
1.949350,2.980000,2.866667
1.949752,2.966666,2.886667
1.950153,2.960000,2.906667
1.950555,2.866667,2.786667
1.950956,2.953333,2.780000
1.951357,2.953333,2.786667
1.951758,2.933333,2.786667
1.952159,2.893333,2.733333
1.952561,2.900000,2.706666
1.952963,2.860000,2.706666
1.953366,2.853333,2.673333
1.953767,2.866667,2.680000
1.954168,2.820000,2.673333
1.954569,2.806667,2.680000
1.954972,2.720000,2.660000
1.955374,2.780000,2.626667
1.955775,2.686666,2.600000
1.956177,2.713333,2.613333
1.956578,2.720000,2.600000
1.956980,2.673333,2.560000
1.957381,2.686666,2.553333
1.957782,2.700000,2.633333
1.958183,2.653333,2.513333
1.958584,2.626667,2.526667
1.958985,2.540000,2.486667
1.959387,2.606667,2.440000
1.959788,2.600000,2.446667
1.960189,2.573333,2.400000
1.960591,2.540000,2.433333
1.960993,2.526667,2.506666
1.961395,2.506666,2.400000
1.961797,2.500000,2.386667
1.962199,2.486667,2.546667
1.962600,2.473333,2.353333
1.963001,2.453333,2.433333
1.963402,2.386667,2.293333
1.963803,2.433333,2.313333
1.964205,2.426666,2.260000
1.964606,2.386667,2.280000
1.965008,2.353333,2.213333
1.965409,2.366667,2.226666
1.965810,2.366667,2.246667
1.966211,2.340000,2.300000
1.966612,2.280000,2.100000
1.967013,2.266667,2.200000
1.967415,2.260000,2.180000
1.967816,2.233333,2.206667
1.968218,2.260000,2.146667
1.968619,2.180000,2.146667
1.969020,2.273333,2.113333
1.969422,2.206667,2.086667
1.969823,2.213333,2.093333
1.970225,2.180000,2.086667
1.970626,2.166667,2.086667
1.971027,2.153333,2.026667
1.971429,2.166667,2.133333
1.971830,2.080000,2.080000
1.972231,2.060000,2.026667
1.972633,2.020000,1.973333
1.973034,2.086667,1.900000
1.973436,2.073333,1.966667
1.973837,2.033333,1.946667
1.974239,1.980000,1.926667
1.974640,2.120000,1.913333
1.975041,2.006667,1.906667
1.975443,1.986667,1.900000
1.975844,1.946667,1.906667
1.976246,1.953333,1.853333
1.976647,1.973333,1.833333
1.977048,1.940000,1.806667
1.977449,1.920000,1.820000
1.977850,1.906667,1.813333
1.978252,1.900000,1.860000
1.978653,1.820000,1.773333
1.979055,1.893333,1.773333
1.979457,1.853333,1.733333
1.979858,2.020000,1.740000
1.980259,1.826667,1.766667
1.980660,1.833333,1.706667
1.981061,1.853333,1.820000
1.981463,1.800000,1.666667
1.981864,1.786667,1.813333
1.982265,1.713333,1.693333
1.982666,1.673333,1.660000
1.983067,1.720000,1.633333
1.983469,1.746667,1.680000
1.983870,1.860000,1.620000
1.984272,1.766667,1.606667
1.984673,1.680000,1.633333
1.985074,1.653333,1.586667
1.985475,1.653333,1.573333
1.985876,1.633333,1.560000
1.986278,1.660000,1.560000
1.986679,1.680000,1.560000
1.987081,1.720000,1.453333
1.987483,1.600000,1.520000
1.987884,1.566667,1.486667
1.988286,1.566667,1.500000
1.988688,1.580000,1.480000
1.989089,1.553333,1.453333
1.989490,1.553333,1.473333
1.989891,1.553333,1.446667
1.990293,1.446667,1.440000
1.990694,1.480000,1.420000
1.991095,1.526667,1.393333
1.991497,1.486667,1.406667
1.991898,1.460000,1.393333
1.992300,1.413333,1.333333
1.992702,1.440000,1.386667
1.993103,1.400000,1.340000
1.993504,1.393333,1.246667
1.993905,1.433333,1.326667
1.994307,1.386667,1.326667
1.994709,1.380000,1.300000
1.995110,1.380000,1.313333
1.995511,1.360000,1.326667
1.995914,1.340000,1.266667
1.996315,1.273333,1.266667
1.996716,1.306667,1.266667
1.997119,1.113333,1.233333
1.997521,1.300000,1.206667
1.997923,1.260000,1.226667
1.998324,1.293333,1.220000
1.998725,1.280000,1.220000
1.999126,1.253333,1.206667
1.999527,1.246667,1.200000
1.999928,1.226667,1.193333
2.000334,1.126667,1.173333
2.000736,1.326667,1.146667
2.001137,1.206667,1.133333
2.001538,1.206667,1.120000
2.001939,1.186667,1.120000
2.002341,1.166667,1.060000
2.002742,1.166667,1.113333
2.003143,1.180000,1.073333
2.003544,1.186667,1.140000
2.003945,1.133333,1.106667
2.004347,1.073333,1.060000
2.004749,1.086667,1.086667
2.005150,1.053333,1.033333
2.005551,1.060000,1.040000
2.005952,1.106667,1.033333
2.006354,1.053333,1.033333
2.006755,1.046667,1.033333
