0.000000,0.946667,0.946667
0.000402,0.946667,0.946667
0.000804,0.946667,0.946667
0.001205,0.946667,0.946667
0.001606,0.946667,0.946667
0.002008,0.946667,0.946667
0.002409,0.946667,0.946667
0.002811,0.946667,0.946667
0.003212,0.946667,0.946667
0.003614,0.946667,0.946667
0.004016,0.946667,0.946667
0.004418,0.946667,0.946667
0.004819,0.946667,0.946667
0.005220,0.946667,0.946667
0.005622,0.946667,0.946667
0.006023,0.946667,0.946667
0.006424,0.946667,0.946667
0.006827,0.946667,0.946667
0.007228,0.946667,0.946667
0.007630,0.946667,0.946667
0.008032,0.946667,0.946667
0.008433,0.946667,0.946667
0.008835,0.946667,0.946667
0.009236,0.946667,0.946667
0.009637,0.946667,0.946667
0.010038,0.946667,0.946667
0.010439,0.946667,0.946667
0.010840,0.946667,0.946667
0.011243,0.946667,0.946667
0.011644,0.946667,0.946667
0.012046,0.946667,0.946667
0.012447,0.946667,0.946667
0.012848,0.946667,0.946667
0.013249,0.946667,0.946667
0.013651,0.946667,0.946667
0.014052,0.946667,0.946667
0.014454,0.946667,0.946667
0.014856,0.946667,0.946667
0.015258,0.946667,0.946667
0.015659,0.946667,0.946667
0.016060,0.946667,0.946667
0.016461,0.946667,0.946667
0.016863,0.946667,0.946667
0.017264,0.946667,0.946667
0.017665,0.946667,0.946667
0.018066,0.946667,0.946667
0.018467,0.946667,0.946667
0.018868,0.946667,0.946667
0.019269,0.946667,0.946667
0.019671,0.946667,0.946667
0.020072,0.946667,0.946667
0.020475,0.946667,0.946667
0.020876,0.946667,0.946667
0.021277,0.946667,0.946667
0.021678,0.946667,0.946667
0.022080,0.946667,0.946667
0.022481,0.946667,0.946667
0.022882,0.946667,0.946667
0.023283,0.946667,0.946667
0.023684,0.946667,0.946667
0.024085,0.946667,0.946667
0.024486,0.946667,0.946667
0.024887,0.946667,0.946667
0.025288,0.946667,0.946667
0.025690,0.946667,0.946667
0.026092,0.946667,0.946667
0.026493,0.960000,0.993333
0.026895,0.966667,0.946667
0.027296,0.960000,0.946667
0.027697,0.953333,0.946667
0.028099,0.993333,0.960000
0.028500,1.000000,0.966667
0.028901,0.986667,1.020000
0.029304,1.000000,0.946667
0.029705,1.046667,0.980000
0.030106,1.006667,0.960000
0.030507,1.033333,1.020000
0.030909,1.046667,1.026667
0.031310,1.133333,1.006667
0.031711,1.086667,1.033333
0.032112,1.020000,1.086667
0.032513,1.086667,0.946667
0.032914,1.140000,1.033333
0.033315,1.113333,1.086667
0.033717,1.126667,1.060000
0.034118,1.133333,1.206667
0.034521,1.173333,1.060000
0.034922,1.186667,1.006667
0.035323,1.146667,1.133333
0.035724,1.053333,1.133333
0.036125,1.200000,1.120000
0.036527,1.226667,1.206667
0.036929,1.206667,1.133333
0.037331,1.253333,1.160000
0.037732,1.226667,1.213333
0.038135,1.233333,1.193333
0.038537,1.226667,1.180000
0.038939,1.260000,1.206667
0.039340,1.266667,1.206667
0.039742,1.293333,1.246667
0.040143,1.300000,1.160000
0.040546,1.286667,1.220000
0.040948,1.333333,1.220000
0.041349,1.340000,1.300000
0.041751,1.266667,1.313333
0.042152,1.360000,1.300000
0.042553,1.366667,1.300000
0.042955,1.380000,1.300000
0.043358,1.373333,1.300000
0.043759,1.346667,1.326667
0.044160,1.386667,1.326667
0.044561,1.400000,1.313333
0.044962,1.400000,1.353333
0.045363,1.440000,1.353333
0.045765,1.440000,1.386667
0.046167,1.473333,1.386667
0.046568,1.486667,1.386667
0.046970,1.533333,1.393333
0.047371,1.513333,1.440000
0.047772,1.460000,1.433333
0.048174,1.533333,1.446667
0.048575,1.546667,1.433333
0.048977,1.546667,1.420000
0.049379,1.560000,1.513333
0.049780,1.593333,1.513333
0.050182,1.573333,1.606667
0.050583,1.613333,1.540000
0.050984,1.593333,1.506667
0.051386,1.560000,1.560000
0.051787,1.640000,1.560000
0.052189,1.640000,1.560000
0.052590,1.666667,1.593333
0.052992,1.686667,1.633333
0.053393,1.693333,1.573333
0.053794,1.706667,1.566667
0.054196,1.706667,1.586667
0.054597,1.766667,1.593333
0.054998,1.753333,1.693333
0.055399,1.693333,1.620000
0.055800,1.746667,1.626667
0.056201,1.753333,1.733333
0.056603,1.766667,1.720000
0.057004,1.846667,1.720000
0.057405,1.820000,1.720000
0.057806,1.866667,1.646667
0.058208,1.833333,1.733333
0.058609,1.900000,1.793333
0.059010,1.880000,1.760000
0.059411,1.886667,1.786667
0.059812,1.893333,1.806667
0.060213,1.933333,1.820000
0.060614,1.906667,1.820000
0.061015,1.933333,1.840000
0.061416,1.940000,1.840000
0.061818,1.946667,1.940000
0.062219,1.986667,1.860000
0.062621,2.033333,1.906667
0.063022,2.106667,1.813333
0.063423,2.000000,1.900000
0.063825,2.080000,1.920000
0.064227,2.060000,1.946667
0.064628,2.006667,1.906667
0.065030,2.086667,1.960000
0.065431,2.106667,2.000000
0.065833,2.120000,2.013333
0.066234,2.173333,2.000000
0.066636,2.026667,2.020000
0.067038,2.173333,2.073333
0.067440,2.153333,2.066667
0.067841,2.200000,2.086667
0.068244,2.193333,2.013333
0.068646,2.213333,2.106667
0.069047,2.240000,2.100000
0.069448,2.240000,2.093333
0.069851,2.246667,2.113333
0.070252,2.260000,2.120000
0.070653,2.293333,2.186667
0.071054,2.280000,2.153333
0.071455,2.340000,2.146667
0.071857,2.386667,2.226666
0.072258,2.353333,2.213333
0.072660,2.326667,2.260000
0.073061,2.433333,2.273333
0.073462,2.406667,2.273333
0.073864,2.406667,2.286667
0.074267,2.426666,2.280000
0.074669,2.460000,2.426666
0.075071,2.500000,2.346667
0.075472,2.453333,2.380000
0.075873,2.493333,2.366667
0.076275,2.466667,2.400000
0.076676,2.520000,2.400000
0.077077,2.506666,2.420000
0.077480,2.593333,2.453333
0.077881,2.593333,2.440000
0.078283,2.566667,2.433333
0.078685,2.620000,2.440000
0.079086,2.640000,2.546667
0.079487,2.613333,2.533333
0.079889,2.640000,2.513333
0.080290,2.673333,2.660000
0.080691,2.693333,2.520000
0.081092,2.706666,2.526667
0.081493,2.686666,2.506666
0.081895,2.720000,2.613333
0.082296,2.680000,2.580000
0.082698,2.826667,2.620000
0.083100,2.606667,2.640000
0.083501,2.793333,2.640000
0.083902,2.820000,2.673333
0.084304,2.813333,2.686666
0.084705,2.833333,2.693333
0.085107,2.853333,2.820000
0.085508,2.893333,2.733333
0.085910,2.886667,2.760000
0.086312,2.913333,2.786667
0.086714,2.960000,2.786667
0.087116,2.953333,2.800000
0.087519,2.953333,3.100000
0.087920,2.986667,2.840000
0.088321,3.013333,2.860000
0.088724,3.073333,2.840000
0.089125,3.046667,2.893333
0.089527,3.046667,2.886667
0.089929,3.060000,2.946667
0.090330,3.080000,2.960000
0.090731,3.180000,2.953333
0.091132,3.113333,2.953333
0.091533,3.133333,2.986667
0.091934,3.140000,2.993333
0.092335,3.160000,3.000000
0.092737,3.180000,3.040000
0.093139,3.213333,3.046667
0.093540,3.226667,3.073333
0.093942,3.266667,3.193333
0.094343,3.186666,3.100000
0.094744,3.300000,3.166667
0.095145,3.353333,3.126667
0.095546,3.433333,3.166667
0.095948,3.260000,3.146667
0.096349,3.346666,3.166667
0.096751,3.360000,3.173333
0.097152,3.393333,3.213333
0.097553,3.400000,3.226667
0.097954,3.473333,3.253333
0.098355,3.446667,3.260000
0.098757,3.446667,3.286667
0.099158,3.453333,3.306667
0.099559,3.400000,3.333333
0.099960,3.500000,3.320000
0.100361,3.546667,3.366667
0.100763,3.560000,3.373333
0.101165,3.566667,3.360000
0.101567,3.560000,3.393333
0.101968,3.620000,3.406667
0.102369,3.620000,3.646667
0.102771,3.620000,3.400000
0.103172,3.660000,3.486667
0.103574,3.666667,3.500000
0.103975,3.686666,3.533333
0.104376,3.766667,3.520000
0.104778,3.746666,3.573333
0.105179,3.780000,3.646667
0.105580,3.773333,3.573333
0.105981,3.800000,3.640000
0.106382,3.846667,3.580000
0.106784,3.833333,3.606667
0.107185,3.940000,3.626667
0.107586,3.913333,3.646667
0.107988,3.940000,3.680000
0.108389,3.940000,3.713333
0.108791,3.980000,3.746666
0.109192,3.993333,3.833333
0.109594,4.000000,3.933333
0.109995,4.020000,3.833333
0.110396,4.006667,3.833333
0.110798,4.066667,3.833333
0.111199,4.080000,3.860000
0.111600,4.146667,3.893333
0.112002,4.120000,3.893333
0.112403,4.126667,3.926666
0.112806,4.153333,3.886667
0.113207,4.146667,3.960000
0.113609,4.186666,4.046667
0.114010,4.220000,4.013333
0.114411,4.233333,4.013333
0.114813,4.240000,4.026666
0.115216,4.246667,4.113333
0.115617,4.333333,4.053333
0.116018,4.313334,4.100000
0.116419,4.333333,4.146667
0.116820,4.373333,4.186666
0.117222,4.346667,4.133333
0.117623,4.373333,4.140000
0.118024,4.526667,4.180000
0.118425,4.426666,4.193333
0.118827,4.446667,4.206666
0.119229,4.473333,4.260000
0.119630,4.480000,4.266666
0.120031,4.506667,4.266666
0.120432,4.540000,4.266666
0.120833,4.526667,4.326666
0.121234,4.580000,4.326666
0.121636,4.573333,4.360000
0.122038,4.626667,4.326666
0.122439,4.593333,4.386666
0.122841,4.660000,4.360000
0.123242,4.686666,4.426666
0.123643,4.700000,4.446667
0.124045,4.586667,4.466667
0.124447,4.753333,4.480000
0.124848,4.773334,4.440000
0.125251,4.880000,4.540000
0.125652,4.806667,4.553333
0.126053,4.826666,4.566667
0.126454,4.846666,4.600000
0.126855,4.880000,4.606667
0.127257,4.853333,4.653333
0.127659,4.886666,4.686666
0.128061,4.906667,4.606667
0.128462,4.920000,4.706666
0.128864,4.960000,4.706666
0.129265,5.013333,4.746666
0.129666,5.020000,4.726666
0.130067,5.073333,4.733333
0.130468,5.040000,4.806667
0.130870,5.060000,4.820000
0.131271,5.073333,4.840000
0.131673,5.120000,4.853333
0.132075,5.013333,4.873333
0.132476,5.160000,4.886666
0.132878,5.153333,4.920000
0.133279,5.193333,4.926667
0.133680,5.226666,4.940000
0.134081,5.253333,4.973333
0.134483,5.253333,5.006667
0.134884,5.306666,5.026667
0.135285,5.340000,5.060000
0.135686,5.293334,5.033333
0.136088,5.353333,5.060000
0.136489,5.446666,5.126667
0.136891,5.406666,5.126667
0.137293,5.420000,5.133333
0.137695,5.426667,5.160000
0.138096,5.453333,5.213333
0.138497,5.466667,5.200000
0.138899,5.533333,5.246666
0.139300,5.553333,5.246666
0.139701,5.560000,5.246666
0.140102,5.580000,5.326667
0.140503,5.606667,5.300000
0.140905,5.600000,5.326667
0.141306,5.646667,5.366667
0.141711,5.653333,5.373333
0.142112,5.700000,5.413333
0.142514,5.720000,5.013333
0.142915,5.720000,5.440000
0.143318,5.760000,5.466667
0.143719,5.760000,5.586667
0.144120,5.820000,5.520000
0.144521,5.806666,5.520000
0.144922,5.846666,5.526667
0.145324,5.880000,5.573333
0.145725,5.913333,5.613333
0.146127,5.913333,5.200000
0.146528,5.966666,5.620000
0.146929,6.020000,5.626667
0.147331,5.986667,5.666667
0.147732,5.986667,5.680000
0.148133,6.033333,5.760000
0.148535,6.026667,5.726667
0.148937,5.920000,5.760000
0.149339,6.100000,5.720000
0.149740,6.120000,5.706666
0.150141,6.146667,5.826667
0.150544,6.153333,5.666667
0.150946,6.186666,5.860000
0.151348,6.193333,5.880000
0.151750,6.226666,5.880000
0.152151,6.253334,5.946667
0.152552,6.280000,5.933333
0.152954,6.246666,5.946667
0.153355,6.320000,6.013333
0.153757,6.340000,6.000000
0.154158,6.286667,6.113333
0.154560,6.333333,6.046667
0.154961,6.426666,6.086667
0.155363,6.426666,6.060000
0.155765,6.460000,6.133333
0.156166,6.513333,6.146667
0.156568,6.486667,6.420000
0.156969,6.533333,6.446667
0.157372,6.580000,6.193333
0.157773,6.626667,6.180000
0.158176,6.593333,6.280000
0.158577,6.726666,6.273333
0.158978,6.700000,6.306666
0.159379,6.720000,6.320000
0.159780,6.720000,6.366666
0.160181,6.746666,6.393333
0.160582,6.773334,6.346667
0.160984,6.780000,6.426666
0.161385,6.820000,6.466667
0.161786,6.793334,6.500000
0.162187,6.873333,6.493333
0.162589,6.886666,6.546667
0.162990,6.893333,6.513333
0.163391,6.926667,6.586667
0.163792,6.953333,6.546667
0.164193,6.986666,6.620000
0.164594,7.033333,6.640000
0.164995,7.033333,6.666667
0.165396,7.033333,6.686666
0.165798,6.980000,6.740000
0.166199,7.093333,6.760000
0.166601,7.166667,6.800000
0.167002,7.046667,6.780000
0.167404,7.173333,6.813333
0.167805,7.213333,6.846666
0.168206,7.226666,6.866666
0.168608,7.266667,6.893333
0.169009,7.313333,6.906667
0.169412,7.306666,6.940000
0.169814,7.320000,6.900000
0.170216,7.340000,6.986666
0.170617,7.386667,6.973333
0.171018,7.340000,7.020000
0.171419,7.460000,7.080000
0.171821,7.446666,7.046667
0.172222,7.453333,7.106667
0.172623,7.493333,7.086666
0.173025,7.613333,7.153333
0.173428,7.566667,7.140000
0.173829,7.686666,7.173333
0.174230,7.553333,7.140000
0.174632,7.686666,7.253334
0.175034,7.753333,7.273333
0.175436,7.660000,7.293333
0.175838,7.686666,7.280000
0.176239,7.720000,7.313333
0.176641,7.720000,7.406666
0.177043,7.753333,7.366667
0.177444,7.786666,7.653333
0.177846,7.800000,7.380000
0.178248,7.860000,7.446666
0.178649,7.866666,7.453333
0.179050,7.900000,7.473333
0.179451,7.920000,7.486667
0.179853,7.913333,7.533333
0.180254,7.966667,7.526666
0.180656,7.980000,7.540000
0.181057,8.006666,7.579999
0.181458,8.046666,7.600000
0.181859,8.053332,7.600000
0.182260,8.133333,7.660000
0.182661,8.120000,7.686666
0.183062,8.126666,7.753333
0.183463,8.186666,7.766666
0.183864,8.173333,7.753333
0.184265,8.206666,7.753333
0.184667,8.213333,7.813334
0.185068,8.259999,7.860000
0.185469,8.266666,7.866666
0.185871,8.320000,7.866666
0.186273,8.333333,7.900000
0.186675,8.346666,7.926667
0.187077,8.379999,7.853333
0.187478,8.460000,7.880000
0.187879,8.360000,8.000000
0.188280,8.466666,8.126666
0.188682,8.540000,8.000000
0.189083,8.493334,8.033334
0.189484,8.553333,8.100000
0.189886,8.473333,8.100000
0.190288,8.573333,8.133333
0.190689,8.626667,8.086667
0.191091,8.680000,8.206666
0.191492,8.653333,8.246666
0.191893,8.680000,8.266666
0.192296,8.713333,8.240000
0.192697,8.733333,8.253333
0.193099,8.753333,8.300000
0.193500,8.766666,8.273334
0.193901,8.806666,8.333333
0.194304,8.826667,8.373333
0.194705,8.940000,8.393332
0.195107,8.886666,8.393332
0.195509,8.900000,8.446666
0.195911,8.966666,8.473333
0.196312,8.966666,8.513332
0.196713,9.046666,8.426667
0.197114,9.006666,8.546666
0.197515,8.986667,8.560000
0.197916,9.073333,8.573333
0.198319,9.126666,8.653333
0.198720,9.013333,8.646667
0.199122,9.133333,8.660000
0.199523,9.146667,8.680000
0.199925,9.179999,8.760000
0.200328,9.193333,8.740000
0.200730,9.240000,8.740000
0.201131,9.253333,8.760000
0.201533,9.273334,8.833333
0.201934,9.333333,8.826667
0.202335,9.313333,8.866667
0.202737,9.286667,8.846666
0.203138,9.400000,8.913333
0.203539,9.346666,8.886666
0.203940,9.400000,8.933333
0.204341,9.499999,9.000000
0.204743,9.426666,8.906666
0.205144,9.433332,8.886666
0.205545,9.506666,9.000000
0.205946,9.586666,9.066667
0.206347,9.633333,9.006666
0.206749,9.626666,9.093333
0.207150,9.873333,9.126666
0.207551,9.666667,9.160000
0.207953,9.700000,9.126666
0.208354,9.740000,9.153334
0.208756,9.786667,9.246666
0.209158,9.800000,9.246666
0.209560,9.800000,9.273334
0.209962,9.833333,9.299999
0.210363,9.839999,9.306666
0.210765,9.880000,9.340000
0.211167,9.900000,9.346666
0.211568,9.946667,9.733334
0.211970,9.973333,9.346666
0.212371,9.973333,9.346666
0.212772,10.033333,9.346666
0.213173,10.046666,9.573333
0.213575,10.086666,9.499999
0.213976,10.073334,9.546667
0.214377,10.126667,9.586666
0.214779,10.126667,9.586666
0.215180,10.153333,9.633333
0.215581,10.140000,9.700000
0.215982,10.153333,9.633333
0.216383,10.280000,9.706666
0.216784,10.040000,9.740000
0.217185,10.280000,9.753333
0.217587,10.326667,9.780000
0.217989,10.320000,10.226666
0.218391,10.333333,9.800000
0.218793,10.393333,9.860000
0.219194,10.400000,9.646667
0.219596,10.413333,10.113333
0.219997,10.453333,9.906666
0.220399,10.480000,9.940001
0.220801,10.453333,9.966666
0.221203,10.593333,10.093333
0.221604,10.553332,9.880000
0.222006,10.586667,10.020000
0.222408,10.626666,9.959999
0.222810,10.626666,10.073334
0.223211,10.666667,10.133333
0.223612,10.679999,10.140000
0.224013,10.780000,10.140000
0.224415,10.766666,10.226666
0.224817,10.860000,10.200000
0.225218,10.753333,10.226666
0.225619,10.833333,10.306666
0.226021,10.853333,10.299999
0.226422,10.840000,10.286666
0.226825,10.913333,10.353333
0.227226,10.906667,10.166666
0.227628,10.966666,10.173333
0.228030,10.986667,10.400000
0.228431,10.980000,10.406667
0.228832,11.046666,10.413333
0.229233,10.993334,10.460000
0.229635,11.033333,10.520000
0.230037,11.099999,10.513333
0.230438,11.139999,10.546666
0.230840,11.133333,10.546666
0.231242,11.173333,10.693333
0.231643,11.006666,10.593333
0.232045,11.226666,10.586667
0.232447,11.260000,10.666667
0.232848,11.240000,10.633333
0.233249,11.266666,10.706666
0.233650,11.253333,10.746666
0.234051,11.346666,10.726666
0.234453,11.366667,10.759999
0.234855,11.386666,10.806666
0.235256,11.393333,10.813333
0.235658,11.460000,10.820000
0.236059,11.473332,10.860000
0.236460,11.486667,10.879999
0.236861,11.599999,10.933333
0.237263,11.533333,10.926667
0.237665,11.586667,11.020000
0.238067,11.606667,11.020000
0.238469,11.593333,11.020000
0.238870,11.633333,11.093333
0.239271,11.606667,11.033333
0.239672,11.693333,11.099999
0.240074,11.793333,11.106667
0.240475,11.780000,11.113334
0.240877,11.766666,11.120000
0.241278,11.793333,11.186666
0.241679,11.793333,11.099999
0.242081,11.826667,11.246667
0.242482,11.913333,11.226666
0.242883,11.893333,11.273333
0.243285,11.913333,11.320000
0.243687,11.913333,11.320000
0.244089,11.920000,11.293333
0.244490,11.966666,11.353333
0.244892,12.006666,11.366667
0.245294,12.053333,11.400000
0.245695,12.106667,11.513333
0.246096,12.059999,11.453334
0.246497,12.073333,11.539999
0.246899,12.113334,11.473332
0.247300,12.180000,11.539999
0.247702,12.213333,11.539999
0.248103,12.219999,11.573333
0.248504,12.246667,11.573333
0.248905,12.193333,11.466666
0.249308,12.219999,11.646667
0.249711,12.333333,11.646667
0.250112,12.360000,11.666666
0.250513,12.440001,11.726666
0.250915,12.400000,11.720000
0.251316,12.420000,11.746666
0.251718,12.433333,11.766666
0.252119,12.459999,11.793333
0.252520,12.493333,11.879999
0.252921,12.533333,11.833333
0.253322,12.520000,11.866666
0.253723,12.586666,11.886666
0.254124,12.599999,11.893333
0.254525,12.599999,11.960000
0.254927,12.633333,11.973333
0.255328,12.626667,11.980000
0.255730,12.713333,11.986667
0.256131,12.733333,12.066666
0.256532,12.726666,12.040000
0.256934,12.766666,12.066666
0.257335,12.806666,12.120000
0.257737,12.813334,12.100000
0.258138,12.893333,12.106667
0.258539,12.840000,12.213333
0.258941,12.886666,12.226666
0.259342,12.893333,12.266666
0.259744,12.926666,12.246667
0.260145,12.919999,12.246667
0.260546,12.966667,12.339999
0.260947,13.006666,12.326666
0.261348,12.980000,12.366667
0.261750,12.913333,12.360000
0.262152,13.026667,12.386666
0.262554,13.106667,12.420000
0.262955,13.106667,12.420000
0.263356,13.313333,12.459999
0.263759,13.193333,12.520000
0.264160,13.186666,12.506667
0.264563,13.206666,12.500000
0.264964,13.240000,12.520000
0.265366,13.246666,12.506667
0.265767,13.226666,12.593333
0.266168,13.306666,12.606667
0.266569,13.326666,12.746666
0.266971,13.320000,12.679999
0.267374,13.379999,12.686666
0.267777,13.386665,12.706667
0.268179,13.446666,12.719999
0.268581,13.466666,12.766666
0.268982,13.486667,12.766666
0.269383,13.513332,12.799999
0.269785,13.526667,12.820000
0.270187,13.553333,12.980000
0.270588,13.559999,12.860000
0.270990,13.599999,12.873333
0.271392,13.613334,12.919999
0.271793,13.526667,12.926666
0.272194,13.666666,13.173333
0.272596,13.713332,13.193333
0.272997,13.740001,13.026667
0.273400,13.680000,13.020000
0.273801,13.786667,13.013333
0.274203,13.753333,13.146667
0.274604,13.793333,13.020000
0.275006,13.820000,13.133333
0.275407,13.826666,13.120000
0.275808,13.886666,13.160000
0.276210,13.893333,13.153334
0.276611,13.979999,13.193333
0.277013,13.960000,13.220000
0.277414,13.986667,13.220000
0.277816,13.993333,13.280000
0.278219,13.993333,13.266666
0.278621,13.979999,13.286667
0.279023,14.053333,13.313333
0.279425,14.146667,13.313333
0.279826,14.126666,13.366667
0.280228,14.093333,13.366667
0.280629,14.140000,13.400000
0.281030,14.186666,13.440000
0.281433,14.173332,13.466666
0.281835,14.193333,13.486667
0.282236,14.193333,13.473332
0.282637,14.233333,13.533333
0.283040,14.286666,13.566667
0.283442,14.320000,13.573333
0.283844,14.340000,13.620000
0.284245,14.346666,13.620000
0.284647,14.293333,13.620000
0.285048,14.400001,13.646666
0.285450,14.420000,13.680000
0.285852,14.426666,13.673334
0.286253,14.453333,13.653334
0.286655,14.480000,13.740001
0.287056,14.459999,13.759999
0.287458,14.506667,13.779999
0.287860,14.546666,13.806667
0.288261,14.586666,13.833333
0.288662,14.600000,13.813334
0.289063,14.566666,13.873334
0.289465,14.640000,13.886666
0.289867,14.706667,13.913332
0.290268,14.686666,13.940001
0.290670,14.653333,13.960000
0.291072,14.706667,13.986667
0.291473,14.806666,13.986667
0.291875,14.846666,13.986667
0.292278,14.793334,14.013333
0.292679,14.813333,14.006667
0.293081,14.833332,14.080000
0.293482,14.826666,14.073334
0.293884,14.873333,14.113334
0.294285,15.053332,14.153333
0.294687,14.893332,14.146667
0.295088,14.933333,14.173332
0.295489,14.953333,14.186666
0.295891,14.940000,14.173332
0.296292,14.953333,14.200001
0.296693,15.033334,14.259999
0.297094,15.100000,14.293333
0.297497,15.106667,14.293333
0.297899,15.146667,14.286666
0.298300,15.153333,14.326666
0.298701,15.159999,14.346666
0.299102,15.273333,14.346666
0.299503,15.073333,14.426666
0.299905,15.233334,14.406667
0.300307,15.320001,14.433332
0.300710,15.306666,14.459999
0.301111,15.300000,14.506667
0.301512,15.133333,14.473333
0.301913,15.353333,14.486667
0.302315,15.366667,14.520000
0.302717,15.400000,14.573334
0.303118,15.433333,14.559999
0.303519,15.413333,14.860001
0.303920,15.466666,14.626666
0.304321,15.506666,14.693333
0.304723,15.446666,14.613333
0.305124,15.480000,14.693333
0.305526,15.526667,14.626666
0.305927,15.560000,14.713333
0.306328,15.579999,14.693333
0.306730,15.520000,14.726667
0.307131,15.633333,14.820000
0.307532,15.613333,14.753333
0.307933,15.679999,14.820000
0.308334,15.679999,14.866667
0.308736,15.653334,14.873333
0.309139,15.733333,14.880000
0.309540,15.753332,14.873333
0.309941,15.753332,14.866667
0.310342,15.786667,14.933333
0.310745,15.819999,15.133333
0.311146,15.839999,14.926667
0.311547,15.833333,14.953333
0.311949,15.866667,14.953333
0.312350,15.893333,14.953333
0.312751,15.920000,14.953333
0.313152,15.940000,15.139999
0.313553,16.000000,14.953333
0.313954,15.986667,15.139999
0.314355,16.000000,15.153333
0.314757,16.086666,15.186667
0.315158,16.039999,15.173333
0.315560,16.000000,15.073333
0.315961,16.173334,15.213333
0.316362,16.066668,15.359999
0.316764,16.186666,15.293332
0.317165,16.166666,15.280000
0.317567,16.173334,15.300000
0.317968,16.193333,15.306666
0.318370,16.219999,15.340000
0.318772,16.240000,15.366667
0.319173,16.286667,15.393333
0.319574,16.246666,15.433333
0.319975,16.346666,15.466666
0.320376,16.306667,15.413333
0.320778,16.333334,15.460000
0.321179,16.373333,15.473333
0.321580,16.373333,15.520000
0.321981,16.473333,15.520000
0.322382,16.433332,15.520000
0.322784,16.446667,15.586667
0.323185,16.446667,15.579999
0.323587,16.446667,15.573333
0.323988,16.513332,15.633333
0.324389,16.486666,15.573333
0.324790,16.539999,15.619999
0.325193,16.593334,15.660000
0.325594,16.566666,15.660000
0.325995,16.600000,15.700000
0.326396,16.646666,15.733333
0.326798,16.626665,15.740000
0.327199,16.639999,15.753332
0.327601,16.693333,15.746666
0.328003,16.700001,15.760000
0.328404,16.713333,15.806666
0.328806,16.733334,15.766666
0.329209,16.813334,15.853333
0.329610,16.759998,15.866667
0.330013,16.779999,15.906666
0.330414,16.759998,15.773333
0.330816,16.793333,15.819999
0.331217,16.813334,15.920000
0.331620,16.840000,16.020000
0.332021,16.906666,15.940000
0.332422,16.946667,16.039999
0.332823,16.900000,15.980000
0.333224,16.913332,16.006666
0.333625,16.900000,16.066668
0.334026,16.926666,16.066668
0.334428,16.933332,16.086666
0.334830,16.953333,16.106665
0.335231,16.973333,16.139999
0.335633,16.986668,16.133333
0.336035,16.980000,16.133333
0.336436,17.046665,16.193333
0.336838,17.019999,16.160000
0.337240,17.033333,16.200001
0.337642,17.039999,16.273333
0.338043,17.073334,16.180000
0.338445,17.100000,16.586666
0.338846,17.126667,16.293333
0.339248,17.126667,16.333334
0.339649,17.120001,16.313334
0.340050,17.153332,16.306667
0.340451,17.179998,16.353333
0.340852,17.206667,16.386665
0.341253,17.193333,16.320000
0.341654,17.279999,16.373333
0.342055,17.306665,16.400000
0.342456,17.233334,16.433332
0.342858,17.273333,16.473333
0.343259,17.313332,16.480000
0.343660,17.313332,16.466667
0.344061,17.293333,16.460001
0.344462,17.326666,16.519999
0.344863,17.333332,16.526667
0.345264,17.373333,16.593334
0.345665,17.380001,16.619999
0.346066,17.366667,16.606667
0.346468,17.406666,16.619999
0.346869,17.426666,16.779999
0.347270,17.439999,16.633331
0.347672,17.506666,16.646666
0.348073,17.486666,16.786665
0.348475,17.480000,16.660000
0.348876,17.559999,16.733334
0.349278,17.573332,16.733334
0.349679,17.506666,16.786665
0.350080,17.613333,16.766666
0.350482,17.600000,16.766666
0.350884,17.606667,16.786665
0.351285,17.613333,16.793333
0.351686,17.639999,16.779999
0.352087,17.593332,16.793333
0.352488,17.639999,16.826666
0.352889,17.666666,16.846666
0.353290,17.693333,16.866667
0.353692,17.706665,16.713333
0.354094,17.699999,16.879999
0.354497,17.719999,16.873333
0.354899,17.733334,16.906666
0.355300,17.713333,16.860001
0.355701,17.719999,16.906666
0.356102,17.766666,16.980000
0.356503,17.786667,16.946667
0.356905,17.773333,16.906666
0.357306,17.813332,16.953333
0.357711,17.833332,16.966667
0.358112,17.866667,16.953333
0.358514,17.866667,16.959999
0.358915,17.873333,16.993334
0.359316,17.893333,17.013332
0.359718,17.913334,17.093332
0.360119,17.873333,17.039999
0.360520,17.939999,17.059999
0.360921,17.946665,17.080000
0.361322,17.986666,17.073334
0.361724,17.973333,17.100000
0.362125,17.993332,17.120001
0.362526,17.993332,17.093332
0.362927,18.013332,17.073334
0.363329,18.046667,17.153332
0.363731,17.986666,17.179998
0.364132,18.053333,17.186666
0.364534,18.040001,17.206667
0.364936,18.079998,17.233334
0.365338,18.280001,17.293333
0.365740,18.086666,17.133333
0.366141,18.119999,17.213333
0.366542,18.206665,17.286665
0.366943,18.246666,17.320000
0.367344,18.166666,17.313332
0.367745,18.180000,17.293333
0.368147,18.180000,17.306665
0.368548,18.199999,17.293333
0.368950,18.206665,17.346666
0.369351,18.213333,17.340000
0.369752,18.213333,17.333332
0.370153,18.260000,17.360001
0.370555,18.273333,17.406666
0.370957,18.273333,17.400000
0.371358,18.306667,17.473333
0.371759,18.273333,17.393333
0.372160,18.233332,17.333332
0.372561,18.346666,17.406666
0.372962,18.339998,17.446667
0.373363,18.353333,17.473333
0.373765,18.273333,17.459999
0.374167,18.400000,17.539999
0.374569,18.386665,17.333332
0.374970,18.339998,17.273333
0.375372,18.406666,17.526667
0.375773,18.406666,17.506666
0.376175,18.426666,17.539999
0.376576,18.453333,17.539999
0.376977,18.446667,17.586666
0.377378,18.440001,17.593332
0.377779,18.480000,17.600000
0.378180,18.473331,17.613333
0.378581,18.506666,17.613333
0.378983,18.520000,17.626667
0.379385,18.493332,17.713333
0.379786,18.513332,17.613333
0.380187,18.573334,17.686666
0.380589,18.553333,17.673332
0.380991,18.559999,17.679998
0.381392,18.573334,17.746666
0.381793,18.613333,17.780001
0.382195,18.619999,17.713333
0.382596,18.619999,17.713333
0.382997,18.626665,17.760000
0.383399,18.639999,17.746666
0.383800,18.646666,17.760000
0.384202,18.646666,17.766666
0.384603,18.680000,17.799999
0.385005,18.673334,17.806665
0.385406,18.666666,17.813332
0.385807,18.713333,17.799999
0.386208,18.666666,17.826666
0.386609,18.686666,17.826666
0.387010,18.773333,17.853333
0.387411,18.753332,17.840000
0.387813,18.719999,17.813332
0.388214,18.766666,17.886667
0.388615,18.786667,17.886667
0.389017,18.826666,17.926666
0.389418,18.793333,17.893333
0.389820,18.840000,17.906668
0.390221,18.820000,17.953333
0.390622,18.806667,17.946665
0.391023,18.879999,17.959999
0.391424,18.840000,17.939999
0.391826,18.873333,17.966665
0.392227,18.866665,18.006666
0.392628,18.893333,17.966665
0.393029,18.893333,17.966665
0.393431,18.900000,17.993332
0.393833,18.926666,18.020000
0.394234,18.906666,18.020000
0.394636,18.953333,18.106667
0.395038,18.946667,18.033333
0.395439,18.953333,18.066666
0.395841,19.039999,18.139999
0.396242,18.986666,18.079998
0.396643,18.993332,18.093332
0.397045,18.999998,18.093332
0.397447,19.053333,18.093332
0.397849,19.006666,18.126667
0.398250,19.046667,18.099998
0.398651,18.993332,18.126667
0.399052,19.106667,18.139999
0.399453,19.039999,18.099998
0.399855,19.126665,18.033333
0.400256,18.993332,18.146666
0.400658,19.073334,18.146666
0.401060,19.080000,18.146666
0.401461,19.093334,18.160000
0.401863,19.100000,18.186666
0.402264,19.106667,18.166666
0.402665,19.113333,18.213333
0.403067,19.100000,18.206665
0.403468,19.146666,18.206665
0.403869,19.133331,18.199999
0.404270,19.119999,18.253332
0.404671,19.200001,18.266666
0.405072,19.206667,18.240000
0.405473,19.166666,18.273333
0.405875,19.173332,18.246666
0.406277,19.206667,18.273333
0.406678,19.206667,18.273333
0.407080,19.273333,18.286667
0.407481,19.259998,18.273333
0.407883,19.246666,18.366667
0.408284,19.233334,18.333332
0.408686,19.240000,18.306667
0.409088,19.166666,18.313334
0.409489,19.259998,18.186666
0.409891,19.293333,18.339998
0.410292,19.340000,18.333332
0.410693,19.299999,18.346666
0.411094,19.299999,18.353333
0.411496,19.299999,18.366667
0.411897,19.320000,18.366667
0.412298,19.340000,18.393333
0.412699,19.293333,18.353333
0.413100,19.333334,18.400000
0.413501,19.353334,18.333332
0.413902,19.346666,18.400000
0.414304,19.340000,18.466665
0.414705,19.360001,18.359999
0.415106,19.353334,18.420000
0.415507,19.393332,18.526667
0.415909,19.400000,18.426666
0.416310,19.413332,18.520000
0.416711,19.379999,18.453333
0.417112,19.386665,18.459999
0.417513,19.426666,18.500000
0.417915,19.420000,18.473331
0.418317,19.426666,18.486666
0.418718,19.480000,18.473331
0.419119,19.433332,18.473331
0.419520,19.453333,18.473331
0.419921,19.453333,18.500000
0.420322,19.433332,18.513332
0.420723,19.439999,18.526667
0.421125,19.446667,18.533333
0.421527,19.473333,18.506666
0.421928,19.506666,18.506666
0.422329,19.500000,18.526667
0.422731,19.480000,18.533333
0.423132,19.533333,18.553333
0.423533,19.546665,18.553333
0.423934,19.480000,18.586666
0.424335,19.586666,18.586666
0.424737,19.500000,18.553333
0.425138,19.533333,18.559999
0.425539,19.553333,18.753332
0.425940,19.553333,18.573334
0.426341,19.559999,18.586666
0.426743,19.566666,18.553333
0.427144,19.553333,18.826666
0.427545,19.600000,18.420000
0.427947,19.580000,18.619999
0.428348,19.633333,18.646666
0.428750,19.533333,18.639999
0.429151,19.580000,18.626665
0.429552,19.593332,18.606665
0.429953,19.613333,18.646666
0.430354,19.600000,18.673334
0.430756,19.620001,18.653334
0.431157,19.626667,18.573334
0.431559,19.620001,18.653334
0.431961,19.586666,18.686666
0.432362,19.600000,18.646666
0.432764,19.553333,18.700001
0.433165,19.639999,18.660000
0.433567,19.653332,18.686666
0.433968,19.673332,18.660000
0.434370,19.666666,18.706667
0.434772,19.653332,18.680000
0.435173,19.673332,18.713333
0.435575,19.673332,18.706667
0.435976,19.659998,18.706667
0.436377,19.679998,18.686666
0.436778,19.693333,18.719999
0.437179,19.686666,18.733332
0.437581,19.653332,18.713333
0.437982,19.699999,18.746666
0.438384,19.706667,18.713333
0.438786,19.686666,18.753332
0.439187,19.699999,18.713333
0.439589,19.779999,18.733332
0.439991,19.726667,18.759998
0.440392,19.746666,18.766666
0.440794,19.733334,18.713333
0.441195,19.753334,18.786667
0.441597,19.793333,18.759998
0.441999,19.733334,18.766666
0.442400,19.746666,18.766666
0.442802,19.726667,18.806667
0.443205,19.753334,18.793333
0.443606,19.753334,18.766666
0.444007,19.740000,18.786667
0.444408,19.733334,18.766666
0.444809,19.760000,18.786667
0.445210,19.753334,18.779999
0.445611,19.746666,18.779999
0.446012,19.746666,18.786667
0.446413,19.740000,18.806667
0.446815,19.779999,18.806667
0.447218,19.773333,18.886665
0.447619,19.773333,18.813334
0.448020,19.760000,18.766666
0.448421,19.793333,18.820000
0.448823,19.799999,18.793333
0.449224,19.773333,18.759998
0.449625,19.826666,18.826666
0.450026,19.846666,18.820000
0.450427,19.773333,18.833334
0.450828,19.799999,18.820000
0.451230,19.826666,18.806667
0.451631,19.793333,18.813334
0.452032,19.786665,18.826666
0.452433,19.806665,18.820000
0.452834,19.806665,18.826666
0.453235,19.846666,18.833334
0.453637,19.880001,18.846666
0.454038,19.793333,18.900000
0.454439,19.826666,18.779999
0.454840,19.833332,18.833334
0.455241,19.866667,18.826666
0.455643,19.846666,18.866665
0.456045,19.813332,19.226667
0.456446,19.820000,18.953333
0.456847,19.820000,18.840000
0.457249,19.813332,18.879999
0.457651,19.833332,18.873333
0.458052,19.813332,18.813334
0.458453,19.826666,18.866665
0.458855,19.813332,18.853333
0.459258,19.840000,18.873333
0.459659,19.853333,18.866665
0.460061,19.840000,18.866665
0.460463,19.840000,18.866665
0.460865,19.813332,18.853333
0.461266,19.840000,18.826666
0.461668,19.846666,18.813334
0.462069,19.840000,18.846666
0.462470,19.853333,18.766666
0.462872,19.840000,18.826666
0.463273,19.799999,18.833334
0.463675,19.840000,18.859999
0.464076,19.866667,18.873333
0.464478,19.860001,18.826666
0.464880,19.833332,18.853333
0.465281,19.860001,18.853333
0.465683,19.833332,18.840000
0.466085,19.793333,18.879999
0.466486,19.853333,18.853333
0.466887,19.813332,18.840000
0.467288,19.860001,18.846666
0.467690,19.840000,18.833334
0.468091,19.853333,18.859999
0.468492,19.833332,18.846666
0.468894,19.786665,18.833334
0.469295,19.853333,18.799999
0.469696,19.840000,18.879999
0.470097,19.833332,18.840000
0.470498,19.826666,18.873333
0.470899,19.820000,18.833334
0.471301,19.846666,18.859999
0.471703,19.840000,18.846666
0.472104,19.833332,18.846666
0.472506,19.840000,18.859999
0.472907,19.846666,18.840000
0.473309,19.939999,18.833334
0.473711,19.820000,18.840000
0.474112,19.886667,18.840000
0.474513,20.039999,18.820000
0.474915,19.786665,18.726665
0.475316,19.886667,18.840000
0.475717,19.833332,18.879999
0.476118,19.773333,18.833334
0.476519,19.846666,18.820000
0.476921,19.833332,18.840000
0.477322,19.826666,18.833334
0.477724,19.813332,18.833334
0.478125,19.806665,18.826666
0.478526,19.793333,18.820000
0.478927,19.813332,18.813334
0.479328,19.820000,18.793333
0.479730,19.773333,18.820000
0.480131,19.786665,18.826666
0.480532,19.873333,18.866665
0.480934,19.773333,18.813334
0.481336,19.806665,18.873333
0.481737,19.786665,18.813334
0.482138,19.880001,18.826666
0.482539,19.733334,18.779999
0.482941,19.779999,18.833334
0.483343,19.760000,18.673334
0.483744,19.760000,18.766666
0.484145,19.799999,18.786667
0.484546,19.746666,18.773333
0.484948,19.753334,18.779999
0.485349,19.786665,18.779999
0.485751,19.806665,18.773333
0.486152,19.773333,18.813334
0.486554,19.760000,18.779999
0.486956,19.793333,18.766666
0.487357,19.733334,18.773333
0.487758,19.766666,18.786667
0.488160,19.753334,18.820000
0.488563,19.860001,18.779999
0.488964,19.733334,18.779999
0.489365,19.779999,18.766666
0.489766,19.753334,18.759998
0.490167,19.719999,18.766666
0.490568,19.713333,18.766666
0.490969,19.699999,18.740000
0.491370,19.679998,18.740000
0.491772,19.793333,18.766666
0.492173,19.686666,18.746666
0.492575,19.546665,18.746666
0.492977,19.713333,18.733332
0.493379,19.699999,18.713333
0.493780,19.699999,18.740000
0.494181,19.699999,18.753332
0.494583,19.693333,18.706667
0.494984,19.679998,18.746666
0.495385,19.626667,18.793333
0.495786,19.760000,18.713333
0.496188,19.726667,18.673334
0.496590,19.666666,18.779999
0.496992,19.659998,18.713333
0.497393,19.659998,18.660000
0.497794,19.659998,18.840000
0.498195,19.626667,18.646666
0.498596,19.646666,18.686666
0.498997,19.653332,18.653334
0.499399,19.726667,18.686666
0.499800,19.633333,18.719999
0.500201,19.626667,18.666666
0.500602,19.626667,18.706667
0.501004,19.600000,18.646666
0.501406,19.606667,18.626665
0.501808,19.613333,18.639999
0.502210,19.600000,18.639999
0.502611,19.553333,18.473331
0.503012,19.586666,18.639999
0.503413,19.473333,18.619999
0.503814,19.553333,18.599998
0.504215,19.566666,18.613333
0.504616,19.580000,18.633333
0.505017,19.573334,18.639999
0.505418,19.559999,18.613333
0.505819,19.533333,18.646666
0.506221,19.573334,18.693333
0.506622,19.513332,18.586666
0.507024,19.539999,18.573334
0.507425,19.593332,18.586666
0.507826,19.433332,18.566668
0.508228,19.533333,18.546667
0.508629,19.580000,18.566668
0.509030,19.480000,18.533333
0.509432,19.500000,18.539999
0.509833,19.466667,18.506666
0.510234,19.480000,18.526667
0.510636,19.480000,18.520000
0.511038,19.446667,18.513332
0.511439,19.446667,18.513332
0.511840,19.453333,18.526667
0.512242,19.433332,18.473331
0.512643,19.433332,18.486666
0.513044,19.486668,18.466665
0.513446,19.426666,18.426666
0.513849,19.466667,18.486666
0.514251,19.426666,18.426666
0.514652,19.426666,18.500000
0.515054,19.379999,18.533333
0.515455,19.406666,18.513332
0.515856,19.400000,18.473331
0.516258,19.379999,18.446667
0.516659,19.360001,18.400000
0.517060,19.386665,18.273333
0.517462,19.400000,18.379999
0.517864,19.353334,18.413334
0.518266,19.340000,18.406666
0.518668,19.313334,18.379999
0.519069,19.340000,18.406666
0.519470,19.320000,18.233332
0.519872,19.279999,18.379999
0.520273,19.313334,18.346666
0.520675,19.306665,18.326666
0.521076,19.313334,18.373333
0.521478,19.273333,18.353333
0.521880,19.293333,18.359999
0.522281,19.259998,18.333332
0.522682,19.279999,18.293333
0.523083,19.240000,18.333332
0.523484,19.246666,18.313334
0.523886,19.226667,18.233332
0.524287,19.153332,18.346666
0.524689,19.266666,18.186666
0.525090,19.226667,18.106667
0.525492,19.186666,18.273333
0.525895,19.153332,18.273333
0.526297,19.173332,18.286667
0.526698,19.160000,18.253332
0.527100,19.173332,18.266666
0.527501,19.153332,18.219999
0.527902,19.139999,18.193333
0.528303,19.119999,18.199999
0.528704,19.139999,18.193333
0.529105,19.113333,18.186666
0.529506,19.100000,18.199999
0.529907,19.039999,18.160000
0.530308,19.053333,18.146666
0.530711,19.093334,18.146666
0.531112,19.053333,18.180000
0.531514,19.106667,18.093332
0.531915,19.059999,18.133333
0.532316,19.059999,18.106667
0.532718,19.059999,18.139999
0.533119,19.026667,18.126667
0.533520,19.006666,18.073332
0.533921,19.006666,18.099998
0.534322,18.993332,18.079998
0.534723,18.999998,18.079998
0.535124,18.953333,18.053333
0.535526,18.986666,18.066666
0.535927,18.960001,18.040001
0.536328,18.946667,18.040001
0.536730,18.953333,18.086666
0.537131,18.920000,18.000000
0.537532,18.913332,18.020000
0.537934,18.886665,17.966665
0.538335,18.893333,18.006666
0.538737,18.866665,17.966665
0.539138,18.879999,17.973333
0.539539,18.846666,17.953333
0.539941,18.846666,17.993332
0.540342,18.866665,17.959999
0.540744,18.846666,17.926666
0.541145,18.833334,17.900000
0.541546,18.859999,17.746666
0.541947,18.806667,17.913334
0.542348,18.813334,17.886667
0.542751,18.813334,17.886667
0.543152,18.766666,17.986666
0.543554,18.759998,17.886667
0.543956,18.766666,17.859999
0.544358,18.753332,17.746666
0.544759,18.773333,17.786667
0.545160,18.713333,17.859999
0.545561,18.693333,17.826666
0.545962,18.660000,17.780001
0.546364,18.693333,17.773333
0.546765,18.686666,17.806665
0.547166,18.633333,17.746666
0.547567,18.639999,17.633333
0.547968,18.626665,17.760000
0.548369,18.613333,17.760000
0.548771,18.633333,17.673332
0.549172,18.599998,17.793333
0.549573,18.639999,17.746666
0.549975,18.580000,17.686666
0.550376,18.546667,17.673332
0.550777,18.533333,17.699999
0.551178,18.546667,17.660000
0.551579,18.526667,17.633333
0.551980,18.593332,17.653334
0.552381,18.520000,17.639999
0.552783,18.493332,17.619999
0.553184,18.513332,17.606667
0.553586,18.486666,17.619999
0.553987,18.433334,17.606667
0.554389,18.473331,17.600000
0.554791,18.486666,17.539999
0.555192,18.426666,17.539999
0.555593,18.440001,17.539999
0.555994,18.400000,17.500000
0.556395,18.426666,17.526667
0.556797,18.366667,17.419998
0.557198,18.386665,17.446667
0.557599,18.353333,17.486666
0.558000,18.339998,17.520000
0.558401,18.359999,17.473333
0.558802,18.313334,17.459999
0.559203,18.313334,17.459999
0.559605,18.286667,17.433332
0.560007,18.286667,17.400000
0.560408,18.260000,17.373333
0.560810,18.260000,17.419998
0.561211,18.233332,17.333332
0.561613,18.346666,17.380001
0.562014,18.233332,17.340000
0.562415,18.219999,17.346666
0.562817,18.206665,17.320000
0.563218,18.153334,17.386667
0.563619,18.186666,17.266666
0.564021,18.173334,17.293333
0.564422,18.160000,17.279999
0.564824,18.133333,17.253334
0.565225,18.126667,17.266666
0.565626,18.119999,17.266666
0.566028,18.119999,17.219999
0.566429,18.099998,17.219999
0.566832,18.059999,17.186666
0.567233,18.059999,17.206667
0.567634,18.033333,17.173332
0.568035,18.020000,17.146666
0.568436,18.013332,17.133333
0.568838,18.013332,17.133333
0.569239,17.973333,17.120001
0.569640,18.006666,17.139999
0.570042,17.933332,17.100000
0.570444,17.953333,17.039999
0.570846,17.939999,17.059999
0.571247,17.966665,17.066666
0.571650,17.906668,17.193333
0.572052,17.886667,17.039999
0.572453,17.886667,16.946667
0.572854,17.879999,16.980000
0.573255,17.853333,16.980000
0.573656,17.840000,17.013332
0.574058,17.826666,16.953333
0.574459,17.806665,16.920000
0.574860,17.833332,16.959999
0.575262,17.766666,16.920000
0.575663,17.780001,16.906666
0.576064,17.746666,16.886665
0.576465,17.740000,16.906666
0.576866,17.740000,16.900000
0.577267,17.713333,16.873333
0.577668,17.713333,16.900000
0.578070,17.673332,16.853334
0.578471,17.766666,16.906666
0.578872,17.626667,16.806665
0.579274,17.613333,16.806665
0.579675,17.633333,16.799999
0.580076,17.613333,16.766666
0.580478,17.593332,16.766666
0.580879,17.573332,16.766666
0.581280,17.533333,16.660000
0.581682,17.533333,16.759998
0.582083,17.486666,16.740000
0.582484,17.486666,16.740000
0.582885,17.513334,16.693333
0.583286,17.480000,16.680000
0.583687,17.446667,16.673332
0.584089,17.393333,16.660000
0.584490,17.406666,16.619999
0.584891,17.260000,16.619999
0.585293,17.406666,16.606667
0.585695,17.380001,16.559999
0.586096,17.353333,16.546667
0.586497,17.340000,16.573334
0.586899,17.340000,16.526667
0.587301,17.326666,16.506666
0.587703,17.313332,16.480000
0.588104,17.286665,16.460001
0.588505,17.293333,16.646666
0.588907,17.246666,16.466667
0.589309,17.266666,16.440001
0.589711,17.233334,16.519999
0.590112,17.219999,16.393333
0.590513,17.126667,16.480000
0.590914,17.086666,16.353333
0.591315,17.146666,16.379999
0.591717,17.153332,16.353333
0.592119,17.146666,16.313334
0.592520,17.126667,16.259998
0.592921,17.093332,16.266666
0.593322,17.073334,16.219999
0.593724,17.066666,16.253332
0.594126,17.019999,16.213333
0.594528,17.013332,16.186666
0.594930,17.013332,16.160000
0.595331,17.013332,16.180000
0.595732,16.986668,16.126665
0.596133,16.959999,16.126665
0.596534,16.953333,16.126665
0.596935,16.939999,16.099998
0.597337,16.946667,16.093332
0.597738,16.893332,16.093332
0.598139,16.913332,16.080000
0.598540,16.920000,16.026667
0.598941,16.886665,15.960000
0.599343,16.913332,15.946666
0.599745,16.773333,15.926666
0.600147,16.840000,15.940000
0.600549,16.773333,15.913334
0.600952,16.793333,15.940000
0.601353,16.786665,15.893333
0.601754,16.773333,15.873333
0.602155,16.740000,15.846667
0.602557,16.753332,15.833333
0.602959,16.719999,15.833333
0.603360,16.660000,15.773333
0.603761,16.733334,15.760000
0.604162,16.713333,15.886665
0.604564,16.660000,15.733333
0.604966,16.626665,15.720000
0.605368,16.619999,15.700000
0.605770,16.526667,15.753332
0.606171,16.519999,15.700000
0.606572,16.559999,15.946666
0.606974,16.506666,15.673333
0.607375,16.493332,15.599999
0.607778,16.513332,15.599999
0.608179,16.420000,15.573333
0.608581,16.486666,15.586667
0.608982,16.359999,15.546666
0.609383,16.406666,15.533333
0.609785,16.406666,15.513332
0.610186,16.346666,15.466666
0.610587,16.346666,15.460000
0.610989,16.353333,15.460000
0.611390,16.279999,15.413333
0.611792,16.273333,15.393333
0.612193,16.266666,15.340000
0.612595,16.219999,15.340000
0.612996,16.279999,15.306666
0.613397,16.213333,15.286666
0.613799,16.219999,15.273333
0.614200,16.093332,15.346666
0.614601,16.099998,15.273333
0.615002,16.073334,15.186667
0.615404,16.099998,15.213333
0.615805,16.073334,15.100000
0.616206,16.093332,15.213333
0.616608,16.066668,15.166667
0.617009,16.000000,15.166667
0.617410,15.973332,15.133333
0.617812,15.933333,15.106667
0.618213,15.926666,15.106667
0.618615,15.879999,15.073333
0.619016,15.913334,14.953333
0.619417,15.860000,14.940000
0.619818,15.866667,14.953333
0.620219,15.853333,14.953333
0.620621,15.839999,14.953333
0.621022,15.813333,14.953333
0.621423,15.760000,14.886666
0.621825,15.780001,14.953333
0.622226,15.780001,14.953333
0.622627,15.720000,14.873333
0.623028,15.799999,14.846666
0.623430,15.686666,14.640000
0.623831,15.693334,14.820000
0.624232,15.526667,14.786666
0.624633,15.633333,14.719999
0.625034,15.626667,14.713333
0.625435,15.560000,14.706667
0.625837,15.520000,14.693333
0.626239,15.466666,14.640000
0.626641,15.513332,14.646667
0.627043,15.480000,14.620000
0.627444,15.440000,14.659999
0.627846,15.440000,14.646667
0.628247,15.400000,14.520000
0.628649,15.340000,14.540000
0.629050,15.406667,14.540000
0.629451,15.320001,14.506667
0.629853,15.320001,14.513333
0.630254,15.326667,14.493333
0.630656,15.266666,14.400001
0.631057,15.246666,14.413333
0.631460,15.240000,14.420000
0.631861,15.293332,14.266667
0.632264,15.153333,14.413333
0.632665,15.200000,14.360000
0.633066,15.159999,14.346666
0.633469,15.173333,14.113334
0.633871,15.113333,14.280000
0.634272,15.100000,14.266667
0.634674,15.080000,14.266667
0.635076,14.953333,14.253333
0.635477,14.953333,14.173332
0.635879,14.953333,14.173332
0.636280,14.940000,14.160000
0.636681,14.906667,14.166666
0.637082,14.973333,14.113334
0.637483,15.033334,14.113334
0.637885,14.846666,14.080000
0.638287,14.813333,14.046667
0.638688,14.833332,13.999999
0.639089,14.606667,14.020000
0.639490,14.793334,13.986667
0.639892,14.773334,13.986667
0.640293,14.699999,13.960000
0.640694,14.740000,13.966666
0.641095,14.593332,13.813334
0.641496,14.699999,13.979999
0.641897,14.673333,13.813334
0.642300,14.586666,13.886666
0.642702,14.593332,13.820000
0.643103,14.586666,13.820000
0.643504,14.526666,13.786667
0.643905,14.526666,13.759999
0.644306,14.513333,13.759999
0.644711,14.513333,13.799999
0.645112,14.446667,13.713332
0.645513,14.393332,13.686666
0.645915,14.406667,13.673334
0.646317,14.406667,13.606666
0.646718,14.340000,13.639999
0.647119,14.346666,13.559999
0.647520,14.346666,13.520000
0.647922,14.320000,13.573333
0.648323,14.286666,13.520000
0.648724,14.273334,13.500000
0.649125,14.219999,13.486667
0.649526,14.226666,13.446666
0.649927,14.273334,13.440000
0.650330,14.126666,13.466666
0.650731,14.146667,13.406666
0.651132,14.113334,13.379999
0.651533,14.106666,13.386665
0.651935,14.073334,13.339999
0.652336,14.033333,13.320000
0.652738,13.999999,13.293333
0.653140,14.026667,13.266666
0.653542,13.986667,13.246666
0.653944,13.933332,13.220000
0.654345,13.940001,13.200000
0.654746,13.953333,13.120000
0.655147,13.893333,13.193333
0.655548,13.860000,13.133333
0.655949,13.786667,13.193333
0.656350,13.833333,13.120000
0.656752,13.866666,13.100000
0.657153,13.766666,12.960000
0.657554,13.793333,13.046666
0.657955,13.740001,12.960000
0.658356,13.686666,13.013333
0.658757,13.733333,12.960000
0.659158,13.646666,12.953333
0.659559,13.646666,12.940000
0.659961,13.613334,12.919999
0.660364,13.586667,12.853333
0.660765,13.573333,12.866666
0.661166,13.526667,12.860000
0.661567,13.506666,12.826667
0.661969,13.466666,12.826667
0.662371,13.466666,12.826667
0.662772,13.453332,12.706667
0.663175,13.453332,12.786666
0.663576,13.413334,12.706667
0.663978,13.360000,12.686666
0.664379,13.320000,12.673333
0.664780,13.313333,12.613333
0.665181,13.306666,12.606667
0.665582,13.293333,12.573334
0.665983,13.353333,12.526666
0.666385,13.313333,12.533333
0.666787,13.280000,12.580000
0.667188,13.153334,12.546666
0.667589,13.179999,12.500000
0.667990,13.146667,12.459999
0.668391,13.106667,12.426666
0.668793,13.093333,12.420000
0.669195,13.080000,12.413333
0.669596,13.040000,12.406666
0.669997,13.033334,12.333333
0.670399,13.013333,12.300000
0.670800,12.960000,12.326666
0.671201,12.946667,12.280000
0.671602,12.926666,12.306666
0.672003,12.940000,12.273333
0.672405,12.880000,12.206666
0.672807,12.866666,12.139999
0.673209,12.846666,12.133333
0.673610,12.780000,12.080000
0.674012,12.860000,12.120000
0.674413,12.806666,12.086666
0.674814,12.679999,12.059999
0.675215,12.760000,12.053333
0.675616,12.673333,11.999999
0.676017,12.666666,11.946667
0.676419,12.640000,11.940000
0.676821,12.586666,11.906667
0.677222,12.693334,11.886666
0.677624,12.473333,11.886666
0.678026,12.500000,11.879999
0.678427,12.520000,11.933332
0.678828,12.506667,11.813333
0.679231,12.486667,11.820000
0.679632,12.393332,11.799999
0.680033,12.433333,11.780000
0.680434,12.406666,11.726666
0.680835,12.393332,11.720000
0.681238,12.346666,11.693333
0.681639,12.326666,11.633333
0.682040,12.293333,11.640000
0.682441,12.293333,11.646667
0.682842,12.259999,11.539999
0.683244,12.226666,11.520000
0.683645,12.306666,11.633333
0.684047,12.153333,11.453334
0.684450,12.133333,11.513333
0.684852,12.093333,11.453334
0.685253,12.040000,11.446667
0.685655,12.059999,11.420000
0.686057,12.020000,11.386666
0.686458,12.006666,11.353333
0.686859,11.993333,11.366667
0.687262,11.820000,11.339999
0.687663,11.933332,11.493333
0.688064,11.886666,11.286666
0.688465,11.866666,11.266666
0.688866,11.846666,11.273333
0.689268,11.826667,11.240000
0.689669,11.799999,11.240000
0.690070,11.780000,11.173333
0.690472,11.700000,11.139999
0.690873,11.713333,11.339999
0.691274,11.746666,11.113334
0.691676,11.706667,11.113334
0.692077,11.599999,11.053333
0.692478,11.626666,10.960000
0.692879,11.613333,10.993334
0.693280,11.593333,11.006666
0.693682,11.539999,10.966666
0.694083,11.493333,10.906667
0.694485,11.520000,10.900000
0.694886,11.466666,10.879999
0.695289,11.486667,10.873333
0.695690,11.406666,10.840000
0.696091,11.346666,10.813333
0.696493,11.366667,10.813333
0.696895,11.320000,10.793333
0.697298,11.333333,10.879999
0.697699,11.339999,10.720000
0.698100,11.286666,10.693333
0.698501,11.233333,10.653334
0.698902,11.213333,10.673333
0.699303,11.160000,10.626666
0.699705,11.193334,10.566667
0.700106,11.180000,10.526667
0.700507,11.173333,10.586667
0.700908,11.106667,10.533334
0.701309,11.093333,10.486666
0.701711,11.053333,10.493333
0.702112,11.020000,10.473333
0.702515,11.106667,10.413333
0.702916,10.993334,10.406667
0.703318,10.966666,10.486666
0.703719,10.946666,10.393333
0.704122,10.933333,10.573333
0.704523,10.826666,10.320000
0.704925,10.873333,10.280000
0.705326,10.893332,10.266666
0.705729,10.866667,10.260000
0.706130,10.806666,10.233333
0.706531,10.780000,10.186666
0.706933,10.753333,10.173333
0.707334,10.686666,10.166666
0.707736,10.606667,10.140000
0.708137,10.613333,10.140000
0.708538,10.639999,10.086666
0.708939,10.613333,10.113333
0.709340,10.580000,10.040000
0.709741,10.613333,10.013333
0.710143,10.553332,9.980000
0.710544,10.493333,9.926666
0.710947,10.493333,9.959999
0.711348,10.466667,9.906666
0.711750,10.480000,9.893332
0.712153,10.419999,9.793333
0.712554,10.446667,9.860000
0.712955,10.320000,9.773333
0.713356,10.333333,9.793333
0.713758,10.280000,9.793333
0.714159,10.326667,9.740000
0.714560,10.226666,9.753333
0.714961,10.206667,9.693333
0.715362,10.206667,9.646667
0.715764,10.160000,9.686666
0.716165,10.106667,9.620000
0.716567,10.086666,9.613334
0.716968,10.106667,9.580000
0.717371,10.106667,9.559999
0.717772,10.093333,9.613334
0.718173,10.053333,9.546667
0.718574,10.006667,9.499999
0.718975,9.986667,9.480000
0.719377,10.013333,9.460000
0.719778,9.933333,9.266666
0.720179,9.893332,9.346666
0.720580,9.886666,9.346666
0.720981,9.886666,9.280000
0.721382,9.786667,9.313333
0.721784,9.833333,9.326667
0.722185,9.800000,9.313333
0.722586,9.846666,9.346666
0.722987,9.753333,9.253333
0.723389,9.666667,9.213333
0.723791,9.666667,9.153334
0.724192,9.680000,9.173333
0.724594,9.673333,9.126666
0.724995,9.620000,9.066667
0.725397,9.586666,9.086667
0.725798,9.600000,9.260000
0.726199,9.553333,9.039999
0.726601,9.540000,9.000000
0.727002,9.493333,8.986667
0.727403,9.493333,8.933333
0.727805,9.446667,8.926666
0.728207,9.393333,8.913333
0.728608,9.326667,8.946667
0.729009,9.340000,8.833333
0.729410,9.340000,8.746667
0.729812,9.273334,8.800000
0.730213,9.273334,8.813334
0.730614,9.293333,8.766666
0.731015,9.246666,8.740000
0.731416,9.213333,8.733333
0.731818,9.193333,8.666666
0.732220,9.173333,8.686666
0.732621,9.099999,8.653333
0.733022,9.253333,8.693334
0.733423,9.099999,8.613334
0.733825,9.046666,8.646667
0.734226,9.006666,8.546666
0.734628,9.000000,8.513332
0.735029,8.973332,8.473333
0.735432,8.940000,8.480000
0.735833,8.926666,8.426667
0.736234,8.900000,8.406667
0.736636,8.906666,8.406667
0.737038,8.866667,8.320000
0.737439,8.806666,8.340000
0.737841,8.839999,8.360000
0.738243,8.766666,8.206666
0.738644,8.753333,8.300000
0.739046,8.733333,7.993333
0.739447,8.719999,8.093333
0.739848,8.700000,8.320000
0.740251,8.680000,8.206666
0.740652,8.553333,8.179999
0.741053,8.566667,8.200000
0.741455,8.706666,8.120000
0.741856,8.546666,8.113333
0.742257,8.546666,8.059999
0.742659,8.506666,8.040000
0.743060,8.480000,8.033334
0.743463,8.480000,8.013333
0.743865,8.446666,8.026667
0.744266,8.413333,8.013333
0.744668,8.386666,7.940000
0.745069,8.353333,7.933333
0.745471,8.333333,7.866666
0.745873,8.300000,7.960000
0.746275,8.286667,7.633333
0.746676,8.246666,7.793334
0.747077,8.206666,7.780000
0.747479,8.213333,7.773333
0.747881,8.160000,7.726667
0.748282,8.133333,7.686666
0.748683,8.113333,7.673333
0.749084,8.100000,7.613333
0.749485,8.080000,7.606667
0.749886,8.053332,7.640000
0.750287,8.040000,7.626667
0.750689,8.126666,7.620000
0.751090,7.980000,7.526666
0.751491,7.946667,7.540000
0.751893,7.953333,7.513333
0.752294,7.913333,7.506667
0.752696,7.886666,7.473333
0.753097,7.873333,7.433333
0.753498,7.813334,7.340000
0.753899,7.806666,7.420000
0.754300,7.686666,7.373333
0.754702,7.780000,7.386667
0.755104,7.806666,7.393333
0.755506,7.646666,7.166667
0.755907,7.686666,7.293333
0.756310,7.653333,7.166667
0.756711,7.640000,7.233334
0.757114,7.626667,7.226666
0.757516,7.586667,7.193333
0.757917,7.600000,7.166667
0.758319,7.606667,7.126667
0.758720,7.559999,7.133334
0.759121,7.500000,7.106667
0.759522,7.460000,7.046667
0.759924,7.466667,7.060000
0.760326,7.393333,7.046667
0.760727,7.480000,7.000000
0.761129,7.366667,6.986666
0.761530,7.353333,6.953333
0.761932,7.346666,6.933333
0.762333,7.306666,6.926667
0.762735,7.260000,6.900000
0.763136,7.226666,6.886666
0.763537,7.213333,6.866666
0.763939,7.166667,6.800000
0.764340,7.173333,6.813333
0.764742,7.166667,6.786666
0.765144,7.133334,6.666667
0.765545,7.100000,6.693333
0.765946,7.053333,6.693333
0.766349,7.053333,6.406667
0.766751,6.953333,6.673334
0.767152,7.040000,6.546667
0.767553,6.993333,6.613333
0.767954,6.966666,6.546667
0.768357,6.933333,6.533333
0.768758,6.920000,6.533333
0.769159,6.893333,6.466667
0.769560,6.840000,6.513333
0.769961,6.773334,6.466667
0.770362,6.833333,6.413333
0.770765,6.800000,6.380000
0.771166,6.786666,6.466667
0.771568,6.773334,6.346667
0.771969,6.713333,6.406667
0.772370,6.700000,6.320000
0.772772,6.666667,6.500000
0.773173,6.646667,6.280000
0.773575,6.633333,6.253334
0.773976,6.540000,6.246666
0.774377,6.533333,5.940000
0.774778,6.433333,6.193333
0.775179,6.493333,6.113333
0.775580,6.486667,6.153333
0.775981,6.466667,6.113333
0.776382,6.433333,6.073333
0.776784,6.420000,6.066667
0.777185,6.400000,6.040000
0.777587,6.293333,6.026667
0.777988,6.326666,5.980000
0.778389,6.300000,5.946667
0.778792,6.306666,5.953333
0.779193,6.266666,5.946667
0.779595,6.253334,5.913333
0.779996,6.240000,5.980000
0.780398,6.206666,5.940000
0.780799,6.133333,5.866666
0.781200,6.126667,5.886667
0.781601,6.140000,5.833333
0.782002,6.066667,5.793334
0.782403,6.060000,5.873333
0.782805,6.086667,5.713333
0.783208,6.060000,5.733333
0.783610,5.946667,5.700000
0.784011,6.000000,5.686666
0.784412,5.953333,5.653333
0.784814,5.933333,5.653333
0.785215,5.926667,5.586667
0.785617,5.913333,5.626667
0.786018,5.900000,5.586667
0.786419,5.873333,5.606667
0.786820,5.826667,5.526667
0.787223,5.806666,5.473333
0.787624,5.686666,5.460000
0.788025,5.760000,5.500000
0.788426,5.760000,5.480000
0.788828,5.693333,5.420000
0.789229,5.693333,5.426667
0.789630,5.680000,5.413333
0.790032,5.660000,5.393333
0.790434,5.613333,5.300000
0.790835,5.526667,5.306666
0.791238,5.666667,5.326667
0.791639,5.580000,5.246666
0.792040,5.593333,5.260000
0.792441,5.526667,5.253333
0.792843,5.520000,5.240000
0.793244,5.480000,5.180000
0.793645,5.413333,5.180000
0.794046,5.413333,5.166667
0.794448,5.406666,5.373333
0.794849,5.413333,5.120000
0.795252,5.366667,5.086667
0.795654,5.346666,5.000000
0.796056,5.346666,5.060000
0.796458,5.320000,5.053333
0.796860,5.300000,5.060000
0.797261,5.253333,5.006667
0.797663,5.200000,4.973333
0.798064,5.213333,4.966667
0.798465,5.213333,4.886666
0.798866,5.160000,4.900000
0.799267,5.166667,4.906667
0.799669,5.060000,4.873333
0.800071,5.053333,4.813333
0.800472,5.153333,4.840000
0.800873,5.060000,4.813333
0.801274,5.060000,4.773334
0.801675,5.013333,4.740000
0.802077,5.033333,4.753333
0.802478,4.986667,4.720000
0.802879,4.966667,4.753333
0.803280,4.940000,4.680000
0.803681,4.906667,4.673333
0.804083,4.840000,4.653333
0.804484,4.886666,4.633333
0.804886,4.866667,4.606667
0.805287,4.860000,4.586667
0.805688,4.840000,4.553333
0.806089,4.813333,4.540000
0.806491,4.786666,4.553333
0.806893,4.686666,4.520000
0.807294,4.686666,4.486666
0.807696,4.833333,4.373333
0.808098,4.740000,4.540000
0.808499,4.686666,4.440000
0.808900,4.640000,4.393333
0.809302,4.626667,4.386666
0.809703,4.613333,4.360000
0.810105,4.566667,4.353333
0.810507,4.560000,4.333333
0.810908,4.540000,4.333333
0.811309,4.553333,4.280000
0.811711,4.553333,4.293333
0.812112,4.500000,4.240000
0.812513,4.446667,4.226666
0.812914,4.460000,4.220000
0.813315,4.460000,4.186666
0.813717,4.446667,4.200000
0.814118,4.360000,4.140000
0.814519,4.340000,4.113333
0.814920,4.340000,4.106667
0.815321,4.326666,4.113333
0.815724,4.273333,4.100000
0.816125,4.313334,4.133333
0.816526,4.340000,4.053333
0.816927,4.306667,4.000000
0.817330,4.226666,4.013333
0.817732,4.220000,4.020000
0.818133,4.186666,4.006667
0.818534,4.173333,3.940000
0.818935,4.160000,3.933333
0.819336,4.113333,3.920000
0.819738,4.113333,3.920000
0.820141,4.086667,3.866667
0.820542,4.026666,3.833333
0.820945,4.066667,3.893333
0.821347,4.026666,3.833333
0.821749,4.020000,3.826667
0.822150,4.026666,3.746666
0.822551,3.980000,3.746666
0.822953,3.940000,3.733333
0.823354,3.900000,3.746666
0.823756,3.900000,3.673333
0.824157,3.893333,3.633333
0.824559,3.833333,3.633333
0.824961,3.853333,3.660000
0.825362,3.840000,3.700000
0.825764,3.846667,3.613333
0.826165,3.740000,3.566667
0.826566,3.746666,3.580000
0.826967,3.800000,3.526666
0.827370,3.700000,3.466666
0.827772,3.680000,3.560000
0.828173,3.666667,3.500000
0.828574,3.660000,3.486667
0.828975,3.653333,3.460000
0.829376,3.640000,3.460000
0.829778,3.613333,3.413333
0.830180,3.586667,3.433333
0.830581,3.593333,3.400000
0.830982,3.546667,3.366667
0.831383,3.520000,3.360000
0.831785,3.513333,3.326667
0.832186,3.453333,3.313333
0.832588,3.500000,3.326667
0.832990,3.400000,3.293333
0.833391,3.446667,3.273333
0.833792,3.413333,3.226667
0.834193,3.400000,3.240000
0.834595,3.366667,3.173333
0.834996,3.353333,3.313333
0.835397,3.333333,3.186666
0.835798,3.286667,3.140000
0.836199,3.300000,3.133333
0.836601,3.306667,3.133333
0.837003,3.286667,3.080000
0.837404,3.253333,3.066667
0.837805,3.240000,3.086667
0.838206,3.260000,3.060000
0.838607,3.220000,3.033333
0.839009,3.173333,3.040000
0.839410,3.186666,3.013333
0.839812,3.166667,2.986667
0.840213,3.033333,2.980000
0.840615,3.120000,2.926667
0.841016,2.960000,2.960000
0.841417,3.073333,2.946667
0.841818,3.040000,2.886667
0.842219,2.933333,2.880000
0.842620,3.026667,2.880000
0.843021,3.000000,2.853333
0.843424,2.966666,2.800000
0.843825,2.993333,2.833333
0.844226,2.973333,2.793333
0.844627,2.933333,2.473333
0.845028,2.926667,2.786667
0.845429,2.906667,2.780000
0.845833,2.906667,2.773333
0.846236,2.820000,2.760000
0.846637,2.926667,2.713333
0.847039,2.846667,2.700000
0.847440,2.800000,2.673333
0.847842,2.786667,2.666667
0.848243,2.813333,2.646667
0.848645,2.780000,2.613333
0.849046,2.800000,2.520000
0.849448,2.706666,2.620000
0.849850,2.660000,2.613333
0.850251,2.666667,2.560000
0.850652,2.680000,2.533333
0.851053,2.746667,2.573333
0.851456,2.693333,2.540000
0.851858,2.653333,2.526667
0.852259,2.653333,2.493333
0.852660,2.626667,2.546667
0.853062,2.586667,2.453333
0.853464,2.580000,2.453333
0.853865,2.626667,2.453333
0.854266,2.553333,2.420000
0.854667,2.533333,2.426666
0.855069,2.626667,2.400000
0.855470,2.493333,2.433333
0.855872,2.460000,2.420000
0.856273,2.460000,2.000000
0.856675,2.460000,2.326667
0.857076,2.433333,2.260000
0.857477,2.353333,2.266667
0.857879,2.400000,2.300000
0.858280,2.366667,2.246667
0.858682,2.360000,2.246667
0.859084,2.380000,2.260000
0.859485,2.353333,2.213333
0.859886,2.320000,2.220000
0.860287,2.326667,2.213333
0.860688,2.286667,2.266667
0.861089,2.266667,2.113333
0.861491,2.320000,1.893333
0.861893,2.260000,2.133333
0.862295,2.246667,2.086667
0.862696,2.253333,2.126667
0.863098,2.180000,2.086667
0.863499,2.146667,2.100000
0.863902,2.233333,2.140000
0.864303,2.080000,2.086667
0.864704,2.153333,2.000000
0.865105,2.120000,2.033333
0.865506,2.120000,2.053333
0.865907,2.126667,1.926667
0.866308,2.093333,1.993333
0.866711,1.986667,1.973333
0.867112,2.060000,2.000000
0.867513,2.046667,1.920000
0.867914,2.053333,1.966667
0.868315,2.006667,1.906667
0.868717,2.000000,1.906667
0.869118,1.986667,1.906667
0.869519,1.980000,1.906667
0.869920,1.926667,1.880000
0.870322,1.960000,2.000000
0.870724,1.933333,1.760000
0.871125,2.133333,1.826667
0.871526,1.906667,1.813333
0.871927,1.860000,1.820000
0.872328,1.893333,1.766667
0.872731,1.886667,1.773333
0.873132,1.860000,1.646667
0.873533,1.820000,1.740000
0.873934,1.813333,1.713333
0.874336,1.806667,1.726667
0.874737,1.780000,1.713333
0.875138,1.820000,1.720000
0.875539,1.726667,1.680000
0.875940,1.740000,1.673333
0.876343,1.740000,1.680000
0.876744,1.726667,1.646667
0.877145,1.733333,1.646667
0.877546,1.713333,1.613333
0.877948,1.673333,1.566667
0.878349,1.660000,1.773333
0.878750,1.673333,1.586667
0.879151,1.666667,1.593333
0.879552,1.593333,1.560000
0.879953,1.613333,1.560000
0.880354,1.613333,1.553333
0.880756,1.593333,1.240000
0.881157,1.673333,1.520000
0.881560,1.520000,1.500000
0.881961,1.560000,1.480000
0.882362,1.613333,1.493333
0.882764,1.633333,1.453333
0.883165,1.520000,1.433333
0.883566,1.533333,1.453333
0.883967,1.460000,1.433333
0.884368,1.493333,1.413333
0.884770,1.420000,1.386667
0.885172,1.466667,1.420000
0.885574,1.446667,1.373333
0.885975,1.466667,1.386667
0.886376,1.446667,1.353333
0.886778,1.440000,1.360000
0.887179,1.400000,1.326667
0.887581,1.266667,1.386667
0.887983,1.360000,1.313333
0.888384,1.373333,1.366667
0.888785,1.366667,1.306667
0.889186,1.333333,1.273333
0.889588,1.366667,1.300000
0.889989,1.326667,1.266667
0.890390,1.320000,1.266667
0.890792,1.326667,1.300000
0.891193,1.280000,1.253333
0.891595,1.300000,1.140000
0.891997,1.280000,1.220000
0.892398,1.260000,1.186667
0.892800,1.246667,1.206667
0.893201,1.213333,1.180000
0.893603,1.226667,1.186667
0.894004,1.206667,0.946667
0.894405,1.200000,1.173333
0.894806,1.200000,1.146667
0.895207,1.180000,1.166667
0.895609,1.200000,1.126667
0.896011,1.160000,1.106667
0.896413,1.160000,1.120000
0.896814,1.093333,1.086667
0.897215,1.140000,1.060000
0.897616,1.113333,1.073333
0.898018,1.120000,1.060000
0.898419,1.073333,1.033333
0.898820,1.106667,1.033333
0.899221,1.053333,1.273333
0.899622,1.113333,1.033333
0.900024,1.120000,1.053333
0.900426,1.053333,1.086667
0.900827,1.026667,1.006667
0.901230,1.040000,0.993333
0.901631,1.040000,1.013333
0.902033,1.033333,0.960000
0.902434,1.013333,0.960000
0.902836,0.980000,0.946667
0.903237,0.980000,0.946667
0.903638,0.973333,0.946667
0.904040,0.960000,0.946667
0.904441,0.960000,0.946667
0.904842,0.986667,0.960000
0.905244,0.953333,0.946667
0.905645,0.960000,0.946667
0.906046,0.946667,0.946667
0.906447,0.953333,0.946667
0.906849,0.946667,1.086667
0.907250,0.946667,0.946667
0.907651,0.946667,0.946667
0.908052,0.946667,0.946667
0.908455,0.980000,0.946667
0.908857,0.946667,0.946667
0.909258,0.946667,0.946667
0.909660,0.946667,0.946667
0.910061,0.946667,0.946667
0.910462,0.946667,0.946667
0.910864,0.946667,0.946667
0.911266,0.946667,0.946667
0.911667,0.946667,0.946667
0.912069,0.946667,0.946667
0.912470,0.946667,0.946667
0.912872,0.946667,0.946667
0.913273,0.946667,1.073333
0.913674,0.946667,0.946667
0.914076,0.946667,0.946667
0.914477,0.946667,0.946667
0.914879,0.946667,0.946667
0.915280,0.946667,0.946667
0.915682,0.946667,0.946667
0.916083,0.946667,0.946667
0.916485,0.946667,0.946667
0.916886,0.946667,0.946667
0.917287,0.946667,0.946667
0.917689,0.946667,0.946667
0.918091,0.946667,0.946667
0.918492,0.946667,0.946667
0.918893,0.946667,0.946667
0.919294,0.946667,0.946667
0.919696,0.946667,0.946667
0.920097,0.946667,0.946667
0.920498,0.946667,0.946667
0.920900,0.946667,0.946667
0.921301,0.946667,0.946667
0.921703,0.946667,0.946667
0.922104,0.946667,0.946667
0.922506,0.946667,0.946667
0.922909,0.946667,0.946667
0.923310,0.946667,0.946667
0.923711,0.946667,0.946667
0.924113,0.946667,0.946667
0.924515,0.946667,0.946667
0.924916,0.946667,0.946667
0.925319,0.946667,0.946667
0.925720,0.946667,0.946667
0.926121,0.946667,0.946667
0.926524,0.946667,0.946667
0.926925,0.946667,0.946667
0.927326,0.946667,0.946667
0.927727,0.946667,0.946667
0.928129,0.946667,0.946667
0.928530,0.946667,0.946667
0.928931,0.946667,0.946667
0.929332,0.946667,0.946667
0.929733,0.946667,0.946667
0.930134,0.946667,0.946667
0.930537,0.946667,0.946667
0.930939,0.946667,0.946667
0.931340,0.946667,0.946667
0.931742,0.946667,0.946667
0.932144,0.946667,0.946667
0.932546,0.946667,0.946667
0.932947,0.946667,0.946667
0.933349,0.946667,0.946667
0.933751,0.946667,0.946667
0.934152,0.946667,0.946667
0.934553,0.946667,0.946667
0.934954,0.946667,0.946667
0.935355,0.946667,0.946667
0.935757,0.946667,0.946667
0.936158,0.946667,0.946667
0.936559,0.946667,0.946667
0.936961,0.946667,0.946667
0.937362,0.946667,0.946667
0.937765,0.946667,0.946667
0.938166,0.946667,0.946667
0.938569,0.946667,0.946667
0.938971,0.946667,0.946667
0.939372,0.946667,0.946667
0.939773,0.946667,0.946667
0.940175,0.946667,0.946667
0.940577,0.946667,0.946667
0.940979,0.946667,0.946667
0.941380,0.946667,0.946667
0.941781,0.946667,0.946667
0.942182,0.946667,0.946667
0.942583,0.946667,0.946667
0.942984,0.946667,0.946667
0.943385,0.946667,0.946667
0.943786,0.946667,0.946667
0.944188,0.946667,0.946667
0.944590,0.946667,0.946667
0.944992,0.946667,0.946667
0.945394,0.946667,0.946667
0.945796,0.946667,0.946667
0.946197,0.946667,0.946667
0.946598,0.946667,0.946667
0.947000,0.946667,0.946667
0.947401,0.946667,0.946667
0.947803,0.946667,0.946667
0.948205,0.946667,0.946667
0.948606,0.946667,0.946667
0.949007,0.946667,0.946667
0.949408,0.946667,0.946667
0.949809,0.946667,0.946667
0.950210,0.946667,0.946667
0.950611,0.946667,0.946667
0.951013,0.946667,0.946667
0.951414,0.946667,0.946667
0.951816,0.946667,0.946667
0.952217,0.946667,0.946667
0.952618,0.946667,0.946667
0.953019,0.946667,0.946667
0.953420,0.946667,0.946667
0.953821,0.946667,0.946667
0.954223,0.946667,0.946667
0.954625,0.946667,0.946667
0.955026,0.946667,0.946667
0.955427,0.946667,0.946667
0.955828,0.946667,0.946667
0.956230,0.946667,0.946667
0.956631,0.946667,0.946667
0.957033,0.946667,0.946667
0.957435,0.946667,0.946667
0.957837,0.946667,0.946667
0.958239,0.946667,0.946667
0.958642,0.946667,0.946667
0.959043,0.946667,0.946667
0.959444,0.946667,0.946667
0.959845,0.946667,0.946667
0.960246,0.946667,0.946667
0.960648,0.946667,0.946667
0.961050,0.946667,0.946667
0.961452,0.946667,0.946667
0.961853,0.946667,0.946667
0.962256,0.946667,0.946667
0.962658,0.946667,0.946667
0.963059,0.946667,0.946667
0.963460,0.946667,0.946667
0.963862,0.946667,0.946667
0.964263,0.946667,0.946667
0.964664,0.946667,0.946667
0.965066,0.946667,0.946667
0.965467,0.946667,0.946667
0.965869,0.946667,0.946667
0.966270,0.946667,0.946667
0.966672,0.946667,0.946667
0.967074,0.946667,0.946667
0.967476,0.946667,0.946667
0.967878,0.946667,0.946667
0.968279,0.946667,0.946667
0.968681,0.946667,0.946667
0.969083,0.946667,0.946667
0.969484,0.946667,0.946667
0.969886,0.946667,0.946667
0.970287,0.946667,0.946667
0.970689,0.946667,0.946667
0.971091,0.946667,0.946667
0.971493,0.946667,0.946667
0.971894,0.946667,0.946667
0.972295,0.946667,0.946667
0.972697,0.946667,0.946667
0.973098,0.946667,0.946667
0.973499,0.946667,0.946667
0.973900,0.946667,0.946667
0.974301,0.946667,0.946667
0.974702,0.946667,0.946667
0.975103,0.946667,0.946667
0.975504,0.946667,0.946667
0.975905,0.946667,0.946667
0.976308,0.946667,0.946667
0.976711,0.946667,0.946667
0.977113,0.946667,0.946667
0.977514,0.946667,0.946667
0.977915,0.946667,0.946667
0.978316,0.946667,0.946667
0.978717,0.946667,0.946667
0.979118,0.946667,0.946667
0.979519,0.946667,0.946667
0.979920,0.946667,0.946667
0.980322,0.946667,0.946667
0.980724,0.946667,0.946667
0.981125,0.946667,0.946667
0.981526,0.946667,0.946667
0.981927,0.946667,0.946667
0.982328,0.946667,0.946667
0.982730,0.946667,0.946667
0.983131,0.946667,0.946667
0.983532,0.946667,0.946667
0.983934,0.946667,0.946667
0.984337,0.946667,0.946667
0.984738,0.946667,0.946667
0.985139,0.946667,0.946667
0.985541,0.946667,0.946667
0.985942,0.946667,0.946667
0.986344,0.946667,0.946667
0.986745,0.946667,0.946667
0.987147,0.946667,0.946667
0.987548,0.946667,0.946667
0.987949,0.946667,0.946667
0.988350,0.946667,0.946667
0.988751,0.946667,0.946667
0.989152,0.946667,0.946667
0.989553,0.946667,0.946667
0.989954,0.946667,0.946667
0.990357,0.946667,0.946667
0.990758,0.946667,0.946667
0.991159,0.946667,0.946667
0.991560,0.946667,0.946667
0.991961,0.946667,0.946667
0.992362,0.946667,0.946667
0.992764,0.946667,0.946667
0.993165,0.946667,0.946667
0.993566,0.946667,0.946667
0.993967,0.946667,0.946667
0.994369,0.946667,0.946667
0.994770,0.946667,0.946667
0.995173,0.946667,0.946667
0.995575,0.946667,0.946667
0.995977,0.946667,0.946667
0.996378,0.946667,0.946667
0.996779,0.946667,0.946667
0.997181,0.946667,0.946667
0.997582,0.946667,0.946667
0.997983,0.946667,0.946667
0.998385,0.946667,0.946667
0.998786,0.946667,0.946667
0.999187,0.946667,0.946667
0.999588,0.946667,0.946667
0.999989,0.946667,0.946667
1.000391,0.946667,0.946667
1.000793,0.946667,0.946667
1.001194,0.946667,0.946667
1.001596,0.946667,0.946667
1.001997,0.946667,0.946667
1.002398,0.946667,0.946667
1.002799,0.946667,0.946667
1.003200,0.946667,0.946667
1.003601,0.946667,0.946667
1.004002,0.946667,0.946667
1.004404,0.946667,0.946667
1.004805,0.946667,0.946667
1.005206,0.946667,0.946667
1.005607,0.946667,0.946667
1.006009,0.946667,0.946667
1.006411,0.946667,0.946667
1.006812,0.946667,0.946667
1.007213,0.946667,0.946667
1.007614,0.946667,0.946667
1.008015,0.946667,0.946667
1.008416,0.946667,0.946667
1.008818,0.946667,0.946667
1.009219,0.946667,0.946667
1.009621,0.946667,0.946667
1.010022,0.946667,0.946667
1.010423,0.946667,0.946667
1.010825,0.946667,0.946667
1.011226,0.946667,0.946667
1.011628,0.946667,0.946667
1.012030,0.946667,0.946667
1.012432,0.946667,0.946667
1.012835,0.946667,0.946667
1.013237,0.946667,0.946667
1.013638,0.946667,0.946667
1.014040,0.946667,0.946667
1.014442,0.946667,0.946667
1.014843,0.946667,0.946667
1.015246,0.946667,0.946667
1.015648,0.946667,0.946667
1.016049,0.946667,0.946667
1.016450,0.946667,0.946667
1.016851,0.946667,0.946667
1.017254,0.946667,0.946667
1.017655,0.946667,0.946667
1.018056,0.946667,0.946667
1.018459,0.946667,0.946667
1.018860,0.946667,0.946667
1.019261,0.946667,0.946667
1.019662,0.946667,0.946667
1.020063,0.946667,0.946667
1.020465,0.946667,0.946667
1.020866,0.946667,0.946667
1.021267,0.946667,0.946667
1.021669,0.946667,0.946667
1.022070,0.946667,0.946667
1.022472,0.946667,0.946667
1.022873,0.946667,0.946667
1.023274,0.946667,0.946667
1.023676,0.946667,0.946667
1.024078,0.946667,0.946667
1.024479,0.946667,0.946667
1.024880,0.946667,0.946667
1.025282,0.986667,0.946667
1.025683,0.946667,0.946667
1.026084,0.946667,0.946667
1.026485,0.946667,0.946667
1.026887,0.966667,0.946667
1.027288,0.953333,0.946667
1.027689,0.973333,0.946667
1.028091,0.960000,0.946667
1.028492,1.000000,0.973333
1.028893,0.993333,0.960000
1.029296,0.973333,0.966667
1.029697,1.013333,1.113333
1.030098,1.033333,0.980000
1.030501,1.066667,0.993333
1.030902,0.993333,1.006667
1.031303,1.046667,1.173333
1.031704,1.073333,1.013333
1.032106,1.080000,1.053333
1.032507,1.086667,1.066667
1.032909,1.240000,1.060000
1.033311,1.120000,1.066667
1.033712,1.086667,1.086667
1.034114,1.166667,1.086667
1.034515,1.180000,1.093333
1.034916,1.373333,1.126667
1.035318,1.180000,1.100000
1.035721,1.160000,1.160000
1.036124,1.220000,0.946667
1.036525,1.206667,1.153333
1.036927,1.206667,1.120000
1.037328,1.220000,1.173333
1.037731,1.280000,1.160000
1.038132,1.266667,1.206667
1.038534,1.280000,1.153333
1.038935,1.246667,1.193333
1.039337,1.293333,1.286667
1.039738,1.233333,1.240000
1.040140,1.240000,1.246667
1.040542,1.353333,1.166667
1.040944,1.346667,1.206667
1.041345,1.293333,1.346667
1.041746,1.346667,1.260000
1.042148,1.353333,1.300000
1.042549,1.340000,1.266667
1.042951,1.386667,1.300000
1.043352,1.353333,1.306667
1.043753,1.393333,1.320000
1.044154,1.340000,1.313333
1.044556,1.420000,1.346667
1.044958,1.426667,1.360000
1.045359,1.440000,1.366667
1.045760,1.380000,1.386667
1.046161,1.460000,1.386667
1.046562,1.426667,1.386667
1.046963,1.553333,1.420000
1.047364,1.460000,1.333333
1.047765,1.566667,1.406667
1.048168,1.486667,1.566667
1.048569,1.533333,1.466667
1.048971,1.513333,1.433333
1.049373,1.546667,1.473333
1.049774,1.560000,1.420000
1.050176,1.580000,1.393333
1.050577,1.693333,1.526667
1.050978,1.593333,1.526667
1.051380,1.586667,1.553333
1.051781,1.640000,1.560000
1.052183,1.653333,1.560000
1.052585,1.666667,1.706667
1.052986,1.686667,1.586667
1.053387,1.693333,1.526667
1.053789,1.706667,1.620000
1.054190,1.733333,1.666667
1.054591,1.720000,1.620000
1.054992,1.726667,1.646667
1.055393,1.733333,1.653333
1.055794,1.773333,1.640000
1.056197,1.753333,1.693333
1.056600,1.800000,1.560000
1.057002,1.866667,1.726667
1.057403,1.806667,1.733333
1.057805,1.813333,1.813333
1.058206,1.940000,1.693333
1.058608,1.906667,1.766667
1.059009,1.880000,1.806667
1.059411,1.900000,1.820000
1.059812,1.893333,1.773333
1.060213,1.913333,1.806667
1.060615,1.873333,1.860000
1.061016,1.960000,1.860000
1.061417,1.926667,1.846667
1.061819,2.013333,1.833333
1.062220,1.973333,1.900000
1.062622,1.973333,1.913333
1.063023,2.006667,2.066667
1.063424,2.013333,1.906667
1.063827,2.040000,2.000000
1.064228,2.066667,1.946667
1.064629,2.086667,1.980000
1.065030,2.073333,1.966667
1.065433,2.100000,1.973333
1.065835,2.006667,2.000000
1.066238,2.146667,2.026667
1.066639,2.173333,2.053333
1.067041,2.033333,2.073333
1.067443,2.180000,2.086667
1.067845,2.186667,2.086667
1.068246,2.200000,2.086667
1.068648,2.233333,2.100000
1.069050,2.233333,2.113333
1.069451,2.226666,2.106667
1.069853,2.260000,2.146667
1.070254,2.280000,2.146667
1.070655,2.300000,2.213333
1.071056,2.266667,2.186667
1.071457,2.306667,2.186667
1.071859,2.326667,2.246667
1.072260,2.320000,2.240000
1.072662,2.346667,2.246667
1.073063,2.386667,2.300000
1.073465,2.480000,2.226666
1.073866,2.453333,2.266667
1.074267,2.433333,2.286667
1.074669,2.480000,2.346667
1.075071,2.406667,2.346667
1.075473,2.526667,2.366667
1.075874,2.493333,2.433333
1.076275,2.500000,2.373333
1.076677,2.533333,2.406667
1.077079,2.586667,2.406667
1.077481,2.586667,2.420000
1.077883,2.600000,2.493333
1.078284,2.593333,2.413333
1.078685,2.606667,2.460000
1.079087,2.633333,2.493333
1.079488,2.640000,2.520000
1.079889,2.646667,2.513333
1.080291,2.653333,2.520000
1.080693,2.660000,2.520000
1.081095,2.653333,2.593333
1.081496,2.713333,2.600000
1.081898,2.740000,2.606667
1.082301,2.900000,2.520000
1.082703,2.773333,2.613333
1.083105,2.766667,2.646667
1.083507,2.806667,2.680000
1.083908,2.700000,2.646667
1.084309,2.820000,2.680000
1.084711,2.866667,2.720000
1.085112,2.860000,2.706666
1.085515,2.880000,2.746667
1.085916,2.893333,2.900000
1.086317,2.900000,2.780000
1.086718,2.953333,2.800000
1.087120,2.906667,2.780000
1.087522,2.960000,2.866667
1.087923,2.980000,2.820000
1.088325,2.986667,2.846667
1.088726,3.073333,2.866667
1.089127,3.033333,2.873333
1.089530,3.086667,2.913333
1.089932,3.086667,2.913333
1.090334,3.093333,2.946667
1.090735,3.060000,2.960000
1.091136,3.100000,2.960000
1.091538,3.140000,2.993333
1.091940,3.153333,3.000000
1.092341,3.173333,3.020000
1.092743,3.180000,3.033333
1.093144,3.233333,3.066667
1.093545,3.240000,3.053333
1.093947,3.213333,3.073333
1.094348,3.293333,3.106667
1.094750,3.286667,3.100000
1.095151,3.266667,3.133333
1.095552,3.313333,3.146667
1.095954,3.340000,3.173333
1.096355,3.373333,3.273333
1.096757,3.353333,3.193333
1.097158,3.406667,3.240000
1.097559,3.400000,3.233333
1.097960,3.433333,3.313333
1.098361,3.446667,3.293333
1.098764,3.460000,3.313333
1.099165,3.526666,3.306667
1.099566,3.566667,3.320000
1.099968,3.526666,3.320000
1.100369,3.646667,3.353333
1.100771,3.553333,3.346666
1.101173,3.586667,3.386667
1.101574,3.593333,3.613333
1.101975,3.606667,3.426666
1.102376,3.633333,3.453333
1.102778,3.626667,3.486667
1.103179,3.626667,3.460000
1.103581,3.673333,3.513333
1.103983,3.700000,3.660000
1.104385,3.813334,3.646667
1.104786,3.726667,3.520000
1.105187,3.746666,3.526666
1.105588,3.786667,3.573333
1.105989,3.833333,3.606667
1.106391,3.780000,3.593333
1.106792,3.806666,3.620000
1.107193,3.866667,3.653333
1.107594,3.826667,3.653333
1.107996,3.926666,3.673333
1.108397,3.940000,3.720000
1.108798,3.966667,3.746666
1.109199,3.973333,3.993333
1.109601,3.986666,3.826667
1.110002,4.013333,3.826667
1.110403,4.060000,3.833333
1.110804,4.046667,3.833333
1.111205,4.053333,3.866667
1.111606,4.093333,3.900000
1.112007,4.113333,3.920000
1.112410,4.126667,3.913333
1.112812,4.140000,3.980000
1.113213,4.106667,3.973333
1.113615,4.186666,3.986666
1.114016,4.200000,3.926666
1.114417,4.220000,4.020000
1.114818,4.253333,4.040000
1.115219,4.186666,4.040000
1.115621,4.293333,4.066667
1.116023,4.293333,4.053333
1.116424,4.366666,4.173333
1.116825,4.360000,4.140000
1.117226,4.353333,4.146667
1.117628,4.373333,4.153333
1.118030,4.406667,4.186666
1.118431,4.446667,4.193333
1.118832,4.440000,4.200000
1.119233,4.493333,4.233333
1.119634,4.466667,4.266666
1.120035,4.540000,4.293333
1.120436,4.553333,4.300000
1.120838,4.486666,4.346667
1.121239,4.560000,4.346667
1.121641,4.580000,4.353333
1.122043,4.600000,4.360000
1.122444,4.573333,4.386666
1.122846,4.640000,4.393333
1.123247,4.673333,4.380000
1.123649,4.673333,4.260000
1.124050,4.713333,4.380000
1.124452,4.713333,4.606667
1.124853,4.760000,4.526667
1.125254,4.900000,4.480000
1.125656,4.806667,4.546667
1.126057,4.826666,4.600000
1.126460,4.833333,4.613333
1.126862,4.853333,4.620000
1.127263,4.886666,4.626667
1.127664,4.906667,4.673333
1.128065,4.913333,4.660000
1.128467,4.913333,4.713333
1.128868,4.966667,4.673333
1.129269,5.000000,4.746666
1.129670,5.020000,4.873333
1.130072,5.046667,4.733333
1.130475,5.060000,4.786666
1.130877,5.060000,4.793333
1.131278,5.133333,4.833333
1.131679,5.113333,4.860000
1.132081,5.166667,4.880000
1.132482,5.160000,4.880000
1.132883,5.180000,4.920000
1.133285,5.200000,4.913333
1.133688,5.260000,4.953333
1.134090,5.226666,5.006667
1.134491,5.280000,5.000000
1.134893,5.280000,5.006667
1.135294,5.320000,5.046667
1.135696,5.326667,5.006667
1.136097,5.346666,5.080000
1.136498,5.400000,4.693333
1.136900,5.413333,5.120000
1.137301,5.420000,5.146667
1.137702,5.453333,5.146667
1.138103,5.380000,5.186666
1.138504,5.413333,5.186666
1.138906,5.500000,5.233334
1.139308,5.533333,5.220000
1.139710,5.433333,5.273333
1.140111,5.560000,5.273333
1.140512,5.593333,5.293334
1.140914,5.606667,5.346666
1.141315,5.660000,5.333333
1.141717,5.660000,5.373333
1.142118,5.746666,5.340000
1.142519,5.686666,5.413333
1.142921,5.746666,5.433333
1.143322,5.753333,5.460000
1.143724,5.760000,5.493333
1.144125,5.806666,5.513333
1.144526,5.813333,5.526667
1.144927,5.866666,5.560000
1.145329,5.866666,5.533333
1.145730,5.873333,5.580000
1.146131,5.926667,5.586667
1.146532,5.953333,5.626667
1.146933,5.986667,5.660000
1.147334,5.986667,5.666667
1.147735,5.986667,5.726667
1.148136,6.040000,5.693333
1.148537,6.033333,5.726667
1.148939,6.066667,5.686666
1.149341,6.146667,5.793334
1.149743,6.133333,5.793334
1.150144,6.160000,5.800000
1.150545,6.173333,5.846666
1.150947,6.200000,5.866666
1.151348,6.233333,5.853333
1.151751,6.240000,6.026667
1.152152,6.246666,5.933333
1.152553,6.246666,5.940000
1.152954,6.293333,5.946667
1.153357,6.313334,6.046667
1.153758,6.333333,6.006667
1.154159,6.386667,6.033333
1.154561,6.393333,6.053333
1.154962,6.400000,6.073333
1.155363,6.473333,6.113333
1.155765,6.466667,6.133333
1.156166,6.493333,6.153333
1.156567,6.486667,6.160000
1.156968,6.620000,6.213333
1.157369,6.600000,6.213333
1.157771,6.640000,6.206666
1.158172,6.640000,6.233333
1.158574,6.540000,6.233333
1.158975,6.680000,6.466667
1.159376,6.706667,6.320000
1.159779,6.760000,6.346667
1.160181,6.753333,6.360000
1.160583,6.786666,6.433333
1.160984,6.773334,6.393333
1.161385,6.820000,6.466667
1.161787,6.860000,6.466667
1.162189,6.880000,6.493333
1.162590,6.633333,6.546667
1.162992,6.906667,6.513333
1.163393,6.940000,6.520000
1.163794,6.966666,6.620000
1.164195,6.980000,6.640000
1.164596,7.026667,6.646667
1.164998,7.033333,6.706667
1.165401,7.046667,6.693333
1.165803,7.113333,6.606667
1.166204,7.080000,6.546667
1.166606,7.093333,6.760000
1.167008,7.146667,6.760000
1.167409,7.213333,6.813333
1.167811,7.180000,6.813333
1.168213,7.246666,6.866666
1.168615,7.226666,6.866666
1.169016,7.346666,6.920000
1.169417,7.200000,6.960000
1.169819,7.326666,6.893333
1.170220,7.406666,6.913333
1.170622,7.366667,6.986666
1.171023,7.460000,7.020000
1.171425,7.453333,7.073333
1.171827,7.466667,7.040000
1.172228,7.473333,7.080000
1.172629,7.506667,7.106667
1.173031,7.500000,7.140000
1.173432,7.920000,7.166667
1.173833,7.553333,7.166667
1.174234,7.606667,7.233334
1.174636,7.586667,7.213333
1.175038,7.600000,7.260000
1.175440,7.760000,7.280000
1.175841,7.660000,7.306666
1.176242,7.726667,7.333333
1.176644,7.733333,7.340000
1.177045,7.800000,7.340000
1.177446,7.773333,7.420000
1.177847,7.846667,7.433333
1.178248,7.853333,7.440000
1.178649,7.820000,7.460000
1.179050,7.880000,7.486667
1.179453,7.906666,7.486667
1.179855,7.873333,7.480000
1.180257,7.973333,7.540000
1.180659,8.046666,7.593334
1.181060,7.993333,7.573333
1.181461,8.046666,7.613333
1.181863,8.040000,7.600000
1.182264,8.086667,7.686666
1.182666,8.153334,7.686666
1.183067,8.139999,7.880000
1.183468,8.186666,7.686666
1.183869,8.186666,7.686666
1.184271,8.206666,7.780000
1.184672,8.240000,7.786666
1.185073,8.226666,7.813334
1.185474,8.306666,7.873333
1.185875,8.333333,7.880000
1.186278,8.326666,7.906666
1.186679,8.366667,7.913333
1.187080,8.366667,7.940000
1.187481,8.379999,7.933333
1.187883,8.433333,7.993333
1.188285,8.400000,8.066667
1.188686,8.446666,8.033334
1.189087,8.540000,8.080000
1.189488,8.546666,8.086667
1.189889,8.573333,8.126666
1.190291,8.719999,8.126666
1.190692,8.593333,8.040000
1.191093,8.666666,8.259999
1.191494,8.633333,8.126666
1.191895,8.686666,8.139999
1.192297,8.706666,8.233334
1.192698,8.766666,8.240000
1.193100,8.753333,8.486667
1.193501,8.773333,8.293333
1.193902,8.806666,8.360000
1.194305,8.800000,8.353333
1.194711,8.846666,8.373333
1.195113,8.900000,8.393332
1.195515,8.913333,8.446666
1.195916,8.926666,8.486667
1.196317,8.826667,8.440000
1.196718,8.980000,8.500000
1.197119,8.980000,8.300000
1.197521,9.053333,8.586666
1.197923,9.033333,8.566667
1.198324,9.066667,8.566667
1.198725,9.166666,8.680000
1.199126,9.006666,8.593333
1.199529,9.166666,8.693334
1.199931,9.206667,8.726666
1.200332,9.206667,8.713333
1.200733,9.246666,8.713333
1.201134,9.260000,8.760000
1.201535,9.280000,8.773333
1.201936,9.293333,8.800000
1.202338,9.346666,8.839999
1.202739,9.346666,8.866667
1.203141,9.346666,8.913333
1.203542,9.340000,8.913333
1.203944,9.460000,8.933333
1.204345,9.486667,8.993333
1.204746,9.493333,8.946667
1.205147,9.526667,9.020000
1.205549,9.540000,9.039999
1.205950,9.553333,9.120000
1.206351,9.613334,9.086667
1.206753,9.620000,9.093333
1.207155,9.686666,9.140000
1.207557,9.766666,9.160000
1.207958,9.773333,9.179999
1.208359,9.719999,9.240000
1.208760,9.746667,9.273334
1.209162,9.773333,9.240000
1.209563,9.793333,9.266666
1.209965,9.846666,9.299999
1.210367,9.866667,9.280000
1.210768,9.886666,9.340000
1.211170,9.886666,9.340000
1.211571,9.940001,9.260000
1.211974,9.959999,9.466666
1.212375,9.973333,9.346666
1.212777,9.986667,9.346666
1.213178,10.073334,9.533333
1.213579,10.066667,9.346666
1.213981,10.066667,9.546667
1.214383,10.080000,9.613334
1.214785,10.073334,9.460000
1.215186,10.120000,9.646667
1.215588,10.186666,9.666667
1.215990,10.200000,9.653333
1.216391,10.260000,9.680000
1.216792,10.266666,9.740000
1.217193,10.346666,9.740000
1.217595,10.320000,9.766666
1.217996,10.320000,9.793333
1.218398,10.346666,9.793333
1.218799,10.400000,9.853333
1.219200,10.419999,9.826666
1.219601,10.433333,10.133333
1.220002,10.493333,9.946667
1.220403,10.500000,9.933333
1.220805,10.573333,9.959999
1.221206,10.533334,9.980000
1.221608,10.540000,9.980000
1.222009,10.586667,10.046666
1.222412,10.653334,10.086666
1.222813,10.639999,10.099999
1.223214,10.666667,10.113333
1.223615,10.673333,10.140000
1.224016,10.660000,10.140000
1.224418,10.786667,10.266666
1.224819,10.826666,10.219999
1.225220,10.860000,10.280000
1.225622,10.780000,10.280000
1.226023,10.833333,10.280000
1.226424,10.840000,10.273334
1.226827,10.860000,10.320000
1.227229,10.906667,10.353333
1.227630,10.946666,10.326667
1.228032,10.973333,10.400000
1.228433,10.980000,10.320000
1.228835,11.020000,10.440000
1.229237,11.020000,10.453333
1.229638,11.020000,10.500000
1.230039,11.073333,10.493333
1.230440,11.120000,10.533334
1.230841,11.099999,10.500000
1.231242,11.166666,10.593333
1.231643,11.186666,10.546666
1.232044,11.200000,10.639999
1.232445,11.233333,10.666667
1.232846,11.253333,10.666667
1.233249,11.273333,10.759999
1.233650,11.300000,10.693333
1.234052,11.333333,10.740000
1.234453,11.366667,10.793333
1.234854,11.380000,10.840000
1.235256,11.386666,10.806666
1.235658,11.446667,10.846666
1.236059,11.446667,10.846666
1.236460,11.506666,10.866667
1.236862,11.506666,10.920000
1.237265,11.533333,10.933333
1.237666,11.626666,10.953333
1.238067,11.599999,11.053333
1.238469,11.633333,11.006666
1.238870,11.599999,11.193334
1.239273,11.666666,10.960000
1.239674,11.679999,11.053333
1.240076,11.720000,11.160000
1.240477,11.760000,11.086666
1.240879,11.746666,11.173333
1.241280,11.820000,11.086666
1.241682,11.753333,11.193334
1.242083,11.860000,11.266666
1.242484,11.866666,11.226666
1.242886,11.886666,11.219999
1.243287,11.893333,11.313334
1.243689,11.960000,11.306666
1.244090,11.946667,11.339999
1.244491,11.940000,11.326667
1.244893,11.999999,11.366667
1.245295,12.006666,11.453334
1.245697,12.046667,11.440000
1.246098,12.066666,11.460000
1.246499,12.086666,11.453334
1.246900,12.153333,11.453334
1.247303,12.166667,11.520000
1.247704,12.206666,11.553333
1.248105,12.219999,11.566667
1.248506,12.246667,11.566667
1.248907,12.246667,11.546666
1.249308,12.300000,11.666666
1.249710,12.326666,11.720000
1.250112,12.366667,11.646667
1.250514,12.339999,11.713333
1.250915,12.406666,11.720000
1.251316,12.433333,11.733333
1.251717,12.459999,11.793333
1.252120,12.433333,11.780000
1.252522,12.493333,11.799999
1.252923,12.520000,11.840000
1.253325,12.553333,11.866666
1.253726,12.513333,11.900000
1.254129,12.566667,11.893333
1.254530,12.573334,11.893333
1.254932,12.313334,12.013333
1.255334,12.660000,11.940000
1.255736,12.693334,11.999999
1.256138,12.740000,11.840000
1.256539,12.760000,12.059999
1.256940,12.813334,12.233334
1.257341,12.766666,12.126666
1.257743,12.780000,12.100000
1.258144,12.780000,12.106667
1.258547,12.860000,12.193333
1.258950,12.966667,12.233334
1.259351,12.906667,12.240000
1.259753,12.953333,12.259999
1.260155,12.993333,12.293333
1.260557,12.960000,12.346666
1.260958,12.973333,12.339999
1.261359,13.020000,12.339999
1.261760,13.066667,12.393332
1.262161,13.066667,12.366667
1.262563,13.053332,12.426666
1.262965,13.120000,12.459999
1.263366,13.139999,12.473333
1.263767,13.146667,12.500000
1.264168,13.233334,12.506667
1.264569,13.153334,12.506667
1.264971,13.186666,12.566667
1.265372,13.300000,12.613333
1.265773,13.400000,12.633333
1.266176,13.273334,12.780000
1.266577,13.326666,12.599999
1.266978,13.333333,12.626667
1.267379,13.466666,12.700000
1.267780,13.420000,12.713333
1.268182,13.440000,12.740000
1.268583,13.460000,12.766666
1.268984,13.460000,12.786666
1.269385,13.493333,12.793333
1.269786,13.513332,12.806666
1.270187,13.539999,12.853333
1.270588,13.586667,12.873333
1.270989,13.579999,12.860000
1.271390,13.613334,13.100000
1.271792,13.740001,12.946667
1.272193,13.653334,12.866666
1.272594,13.686666,12.953333
1.272996,13.706666,13.000000
1.273397,13.726666,13.020000
1.273799,13.746667,13.093333
1.274200,13.786667,13.100000
1.274602,13.813334,13.013333
1.275004,13.826666,13.073333
1.275405,13.833333,13.113333
1.275806,14.133332,13.126666
1.276209,13.846665,13.133333
1.276610,13.920000,13.179999
1.277011,13.960000,13.193333
1.277412,13.999999,13.240000
1.277813,13.986667,13.233334
1.278214,13.999999,13.266666
1.278615,14.020000,13.286667
1.279016,14.026667,13.293333
1.279417,14.106666,13.393333
1.279818,14.126666,13.393333
1.280221,14.073334,13.373333
1.280622,14.133332,13.413334
1.281023,14.146667,13.466666
1.281424,14.153333,13.466666
1.281826,14.193333,13.466666
1.282227,14.126666,13.480000
1.282629,14.280000,13.553333
1.283030,14.286666,13.559999
1.283431,14.299999,13.559999
1.283833,14.333334,13.593333
1.284234,14.373332,13.680000
1.284636,14.380000,13.613334
1.285038,14.420000,13.646666
1.285439,14.446667,13.686666
1.285841,14.406667,13.680000
1.286243,14.459999,13.706666
1.286644,14.473333,13.793333
1.287046,14.540000,13.740001
1.287447,14.506667,13.853333
1.287848,14.553333,13.813334
1.288251,14.580000,13.806667
1.288653,14.620000,13.820000
1.289054,14.586666,13.846665
1.289455,14.573334,13.820000
1.289857,14.640000,13.966666
1.290260,14.646667,13.906666
1.290661,14.646667,13.900000
1.291062,14.719999,13.960000
1.291463,14.746666,14.053333
1.291865,14.740000,14.066666
1.292266,14.846666,14.006667
1.292668,14.813333,14.053333
1.293069,14.853333,14.073334
1.293470,14.860001,14.113334
1.293872,14.880000,14.099999
1.294273,14.899999,14.099999
1.294675,14.846666,14.160000
1.295076,14.926667,14.186666
1.295479,14.953333,14.173332
1.295880,14.953333,14.219999
1.296281,15.006666,14.233333
1.296682,15.026666,14.253333
1.297083,15.080000,14.186666
1.297484,15.106667,14.313334
1.297886,15.139999,14.286666
1.298287,15.139999,14.293333
1.298688,15.186667,14.153333
1.299089,15.200000,14.340000
1.299490,15.213333,14.406667
1.299892,15.266666,14.360000
1.300293,15.373333,14.439999
1.300695,15.260000,14.446667
1.301096,15.300000,14.493333
1.301498,15.320001,14.466667
1.301900,15.393333,14.506667
1.302301,15.366667,14.666667
1.302703,15.386667,14.540000
1.303105,15.426665,14.540000
1.303508,15.433333,14.606667
1.303910,15.466666,14.606667
1.304311,15.486666,14.659999
1.304712,15.480000,14.633332
1.305113,15.566667,14.693333
1.305516,15.546666,14.679999
1.305918,15.613333,14.706667
1.306319,15.586667,14.726667
1.306720,15.533333,14.726667
1.307122,15.593333,14.846666
1.307523,15.639999,14.753333
1.307925,15.666666,14.840000
1.308326,15.706666,14.846666
1.308727,15.793333,14.860001
1.309128,15.740000,14.873333
1.309529,15.740000,14.886666
1.309931,15.780001,14.906667
1.310332,15.826667,14.953333
1.310733,15.839999,14.953333
1.311136,15.853333,14.953333
1.311537,15.853333,14.953333
1.311939,15.846667,14.953333
1.312342,15.913334,14.953333
1.312744,15.973332,14.953333
1.313145,15.946666,15.093332
1.313546,15.986667,15.139999
1.313948,15.986667,14.953333
1.314349,15.960000,15.159999
1.314751,16.053333,15.133333
1.315152,16.013332,15.173333
1.315553,16.046667,15.219999
1.315954,16.059999,15.240000
1.316355,16.026667,15.246666
1.316757,16.086666,15.273333
1.317160,16.173334,15.300000
1.317561,16.173334,15.313333
1.317962,16.200001,15.326667
1.318363,16.206667,15.326667
1.318765,16.233332,15.406667
1.319168,16.293333,15.393333
1.319569,16.240000,15.426665
1.319970,16.313334,15.426665
1.320373,16.279999,15.453334
1.320774,16.346666,15.453334
1.321177,16.346666,15.433333
1.321578,16.346666,15.419999
1.321980,16.480000,15.513332
1.322381,16.473333,15.546666
1.322784,16.446667,15.566667
1.323185,16.453333,15.573333
1.323587,16.506666,15.606667
1.323988,16.600000,15.606667
1.324389,16.519999,15.606667
1.324791,16.580000,15.673333
1.325192,16.539999,15.700000
1.325593,16.573334,15.673333
1.325994,16.613333,15.706666
1.326395,16.619999,15.733333
1.326797,16.626665,15.740000
1.327198,16.646666,15.746666
1.327600,16.693333,15.766666
1.328001,16.713333,15.826667
1.328402,16.726667,15.826667
1.328804,16.753332,15.853333
1.329205,16.779999,15.846667
1.329607,16.753332,15.720000
1.330009,16.786665,15.873333
1.330410,16.793333,15.913334
1.330812,16.860001,15.913334
1.331213,16.793333,15.926666
1.331615,16.826666,15.993333
1.332016,16.860001,15.913334
1.332417,16.939999,16.006666
1.332818,16.860001,15.953332
1.333220,16.933332,16.080000
1.333621,16.906666,16.066668
1.334022,16.926666,16.093332
1.334424,16.920000,16.046667
1.334825,16.953333,16.106665
1.335227,16.959999,16.153334
1.335629,16.980000,16.126665
1.336031,16.993334,16.146666
1.336432,17.006666,16.279999
1.336835,17.039999,16.200001
1.337236,17.039999,16.233332
1.337637,17.053333,16.213333
1.338038,17.066666,16.240000
1.338440,17.106667,16.279999
1.338841,17.026665,16.273333
1.339242,17.120001,16.259998
1.339644,17.153332,16.279999
1.340046,17.139999,16.299999
1.340448,17.286665,16.440001
1.340850,17.193333,16.353333
1.341252,17.153332,16.373333
1.341654,17.226667,16.406666
1.342055,17.266666,16.393333
1.342456,17.233334,16.433332
1.342858,17.266666,16.453333
1.343259,17.299999,16.486666
1.343660,17.299999,16.499998
1.344061,17.333332,16.506666
1.344462,17.326666,16.499998
1.344864,17.326666,16.460001
1.345265,17.360001,16.559999
1.345666,17.419998,16.580000
1.346068,17.400000,16.586666
1.346469,17.400000,16.613333
1.346870,17.433332,16.633331
1.347271,17.480000,16.593334
1.347673,17.473333,16.619999
1.348075,17.453333,16.713333
1.348476,17.473333,16.693333
1.348878,17.613333,16.693333
1.349279,17.639999,16.713333
1.349681,17.613333,16.786665
1.350082,17.539999,16.759998
1.350484,17.580000,16.753332
1.350886,17.600000,16.786665
1.351287,17.613333,16.786665
1.351689,17.606667,16.619999
1.352090,17.626667,16.793333
1.352491,17.633333,16.833334
1.352893,17.706665,16.786665
1.353295,17.679998,16.873333
1.353696,17.706665,16.953333
1.354098,17.693333,16.866667
1.354499,17.719999,16.853334
1.354900,17.746666,16.900000
1.355301,17.753334,16.913332
1.355703,17.766666,16.959999
1.356104,17.766666,16.860001
1.356505,17.766666,16.913332
1.356906,17.713333,16.959999
1.357308,17.806665,17.026665
1.357710,17.853333,16.959999
1.358111,17.879999,16.959999
1.358512,17.873333,17.033333
1.358913,17.859999,16.986668
1.359315,17.886667,17.039999
1.359717,17.913334,17.026665
1.360118,17.933332,17.059999
1.360519,17.906668,17.039999
1.360921,17.939999,17.039999
1.361322,17.953333,17.100000
1.361723,17.980000,17.093332
1.362124,17.986666,17.139999
1.362525,17.993332,17.186666
1.362927,18.000000,17.126667
1.363328,18.013332,17.173332
1.363730,18.053333,17.153332
1.364131,18.040001,17.146666
1.364532,18.066666,17.193333
1.364933,18.086666,17.199999
1.365335,18.086666,17.193333
1.365737,18.126667,17.266666
1.366138,18.113333,17.253334
1.366539,18.139999,17.266666
1.366940,18.206665,17.306665
1.367342,18.146666,17.279999
1.367744,18.160000,17.279999
1.368145,18.193333,17.333332
1.368547,18.213333,17.333332
1.368948,18.206665,17.320000
1.369350,18.246666,17.279999
1.369751,18.240000,17.393333
1.370152,18.166666,17.386667
1.370553,18.226665,17.400000
1.370954,18.266666,17.393333
1.371355,18.253332,17.413332
1.371757,18.313334,17.380001
1.372158,18.320000,17.446667
1.372559,18.293333,17.473333
1.372960,18.400000,17.466665
1.373361,18.353333,17.473333
1.373764,18.373333,17.406666
1.374165,18.400000,17.539999
1.374566,18.339998,17.486666
1.374967,18.393333,17.539999
1.375368,18.406666,17.539999
1.375770,18.426666,17.539999
1.376171,18.406666,17.539999
1.376572,18.446667,17.539999
1.376978,18.440001,17.606667
1.377380,18.486666,17.539999
1.377781,18.480000,17.613333
1.378183,18.480000,17.619999
1.378584,18.506666,17.619999
1.378987,18.446667,17.633333
1.379388,18.559999,17.619999
1.379790,18.500000,17.633333
1.380192,18.566668,17.666666
1.380594,18.559999,17.673332
1.380995,18.546667,17.686666
1.381396,18.580000,17.746666
1.381798,18.619999,17.746666
1.382200,18.599998,17.713333
1.382601,18.759998,17.666666
1.383003,18.633333,17.733334
1.383405,18.660000,17.766666
1.383806,18.653334,17.840000
1.384208,18.653334,17.753334
1.384609,18.660000,17.766666
1.385010,18.673334,17.826666
1.385412,18.686666,17.820000
1.385813,18.706667,17.806665
1.386214,18.733332,17.799999
1.386615,18.713333,17.846666
1.387017,18.759998,17.886667
1.387418,18.746666,18.153334
1.387819,18.766666,17.846666
1.388220,18.766666,17.886667
1.388622,18.773333,17.946665
1.389023,18.806667,17.886667
1.389424,18.820000,17.920000
1.389825,18.826666,17.939999
1.390226,18.833334,17.906668
1.390628,18.853333,17.946665
1.391029,18.826666,17.966665
1.391431,18.873333,18.119999
1.391833,18.833334,18.006666
1.392234,18.866665,17.966665
1.392635,18.879999,17.986666
1.393038,18.900000,17.973333
1.393439,18.940001,18.020000
1.393841,18.920000,18.020000
1.394243,18.873333,17.959999
1.394644,18.960001,18.020000
1.395046,18.946667,18.046667
1.395447,18.980000,18.033333
1.395848,18.953333,18.066666
1.396250,18.986666,18.073332
1.396651,18.840000,17.906668
1.397053,19.019999,18.146666
1.397455,19.006666,18.106667
1.397857,19.039999,18.079998
1.398258,19.026667,18.126667
1.398659,19.059999,18.106667
1.399060,19.053333,18.153334
1.399462,19.080000,18.133333
1.399864,19.059999,18.199999
1.400266,19.066666,18.113333
1.400668,19.080000,18.146666
1.401070,19.100000,18.146666
1.401472,19.106667,18.166666
1.401873,19.106667,18.186666
1.402275,19.106667,18.246666
1.402676,19.146666,18.233332
1.403078,19.166666,18.226665
1.403479,19.139999,18.206665
1.403881,19.173332,18.240000
1.404282,19.173332,18.233332
1.404684,19.193333,18.286667
1.405086,19.139999,18.240000
1.405488,19.213333,18.226665
1.405890,19.206667,18.273333
1.406292,19.206667,18.253332
1.406693,19.160000,18.339998
1.407094,19.240000,18.299999
1.407495,19.226667,18.420000
1.407896,19.446667,18.446667
1.408297,19.259998,18.273333
1.408699,19.259998,18.353333
1.409101,19.259998,18.299999
1.409502,19.299999,18.306667
1.409904,19.286665,18.359999
1.410305,19.253332,18.353333
1.410711,19.353334,18.346666
1.411114,19.293333,18.373333
1.411515,19.313334,18.400000
1.411916,19.313334,18.393333
1.412317,19.386665,18.366667
1.412718,19.453333,18.320000
1.413119,19.246666,18.500000
1.413520,19.346666,18.406666
1.413921,19.346666,18.400000
1.414323,19.353334,18.420000
1.414725,19.346666,18.440001
1.415126,19.353334,18.400000
1.415527,19.379999,18.426666
1.415929,19.400000,18.473331
1.416330,19.413332,18.466665
1.416732,19.406666,18.473331
1.417133,19.406666,18.440001
1.417534,19.406666,18.486666
1.417935,19.426666,18.459999
1.418336,19.406666,18.459999
1.418738,19.433332,18.486666
1.419139,19.426666,18.506666
1.419540,19.526665,18.493332
1.419941,19.446667,18.506666
1.420342,19.406666,18.486666
1.420744,19.453333,18.599998
1.421145,19.446667,18.533333
1.421546,19.446667,18.553333
1.421947,19.506666,18.566668
1.422348,19.500000,18.533333
1.422750,19.420000,18.520000
1.423151,19.546665,18.566668
1.423552,19.526665,18.660000
1.423954,19.533333,18.586666
1.424355,19.473333,18.553333
1.424757,19.553333,18.660000
1.425159,19.546665,18.566668
1.425560,19.566666,18.586666
1.425961,19.546665,18.580000
1.426363,19.573334,18.593332
1.426764,19.580000,18.613333
1.427165,19.526665,18.626665
1.427567,19.566666,18.606665
1.427968,19.606667,18.639999
1.428369,19.573334,18.646666
1.428771,19.593332,18.566668
1.429172,19.639999,18.606665
1.429574,19.586666,18.639999
1.429975,19.620001,18.673334
1.430376,19.633333,18.646666
1.430778,19.639999,18.686666
1.431179,19.646666,18.639999
1.431580,19.613333,18.646666
1.431981,19.666666,18.686666
1.432383,19.653332,18.726665
1.432784,19.666666,18.646666
1.433185,19.633333,18.686666
1.433586,19.626667,18.693333
1.433987,19.633333,18.693333
1.434388,19.679998,18.686666
1.434790,19.659998,18.686666
1.435191,19.673332,18.686666
1.435592,19.686666,18.706667
1.435994,19.933332,18.693333
1.436395,19.679998,18.686666
1.436797,19.679998,18.733332
1.437198,19.686666,18.713333
1.437599,19.719999,18.660000
1.438001,19.613333,18.693333
1.438402,19.686666,18.873333
1.438804,19.733334,18.726665
1.439205,19.706667,18.746666
1.439606,19.760000,18.753332
1.440007,19.713333,18.746666
1.440409,19.713333,18.879999
1.440811,19.726667,18.753332
1.441212,19.740000,18.833334
1.441614,19.733334,18.759998
1.442016,19.740000,18.786667
1.442418,19.733334,18.766666
1.442819,19.760000,18.766666
1.443220,19.746666,18.766666
1.443622,19.740000,18.773333
1.444024,19.746666,18.806667
1.444425,19.773333,18.746666
1.444826,19.779999,18.759998
1.445227,19.773333,18.773333
1.445628,19.773333,18.766666
1.446030,19.746666,18.826666
1.446432,19.646666,18.786667
1.446833,19.713333,18.799999
1.447235,19.799999,18.746666
1.447636,19.799999,18.799999
1.448037,19.766666,18.799999
1.448438,19.806665,18.806667
1.448840,19.813332,18.786667
1.449242,19.799999,18.759998
1.449643,19.786665,18.746666
1.450044,19.760000,18.859999
1.450445,19.753334,18.793333
1.450846,19.820000,18.820000
1.451247,19.820000,18.820000
1.451649,19.793333,18.873333
1.452050,19.793333,18.793333
1.452452,19.786665,18.866665
1.452853,19.799999,18.820000
1.453254,19.833332,18.826666
1.453656,19.813332,18.879999
1.454057,19.606667,18.799999
1.454458,19.840000,18.859999
1.454859,19.833332,18.826666
1.455260,19.659998,18.820000
1.455663,19.813332,18.866665
1.456064,19.753334,18.833334
1.456465,19.826666,18.799999
1.456866,19.833332,18.826666
1.457268,19.773333,18.900000
1.457669,19.906666,18.826666
1.458070,19.826666,18.759998
1.458471,19.873333,18.786667
1.458872,19.866667,18.826666
1.459273,19.833332,18.840000
1.459674,19.853333,18.853333
1.460075,19.833332,18.846666
1.460476,19.833332,18.833334
1.460877,19.846666,18.946667
1.461278,19.826666,18.873333
1.461679,19.833332,18.846666
1.462080,19.900000,18.846666
1.462482,19.833332,18.833334
1.462884,19.840000,18.826666
1.463286,19.880001,18.879999
1.463687,19.833332,18.859999
1.464089,19.840000,18.846666
1.464490,19.833332,18.806667
1.464892,19.833332,18.873333
1.465293,19.760000,18.826666
1.465694,19.840000,18.833334
1.466095,19.760000,18.833334
1.466497,19.813332,18.853333
1.466899,19.826666,18.846666
1.467300,19.853333,18.773333
1.467702,19.846666,18.866665
1.468103,19.840000,18.866665
1.468505,19.833332,18.873333
1.468906,19.846666,18.859999
1.469307,19.853333,18.853333
1.469710,19.833332,18.859999
1.470112,19.820000,18.833334
1.470513,19.833332,18.859999
1.470914,19.820000,18.840000
1.471316,19.786665,18.866665
1.471717,19.820000,18.859999
1.472118,19.833332,18.826666
1.472519,19.846666,18.846666
1.472921,19.833332,18.840000
1.473322,19.840000,18.833334
1.473724,19.820000,18.826666
1.474125,19.840000,18.766666
1.474526,19.813332,18.759998
1.474927,19.833332,18.779999
1.475329,19.820000,18.826666
1.475730,19.806665,18.799999
1.476132,19.833332,18.826666
1.476533,19.833332,18.833334
1.476934,19.826666,18.853333
1.477335,19.813332,18.833334
1.477737,19.826666,18.873333
1.478139,19.813332,18.953333
1.478540,19.779999,18.813334
1.478941,19.799999,18.799999
1.479343,19.820000,18.813334
1.479744,19.813332,18.813334
1.480145,19.799999,18.820000
1.480547,19.799999,18.866665
1.480948,19.799999,18.799999
1.481349,19.806665,18.813334
1.481751,19.779999,18.646666
1.482152,19.766666,18.773333
1.482553,19.779999,18.826666
1.482955,19.793333,18.793333
1.483357,19.760000,18.813334
1.483758,19.786665,18.779999
1.484159,19.773333,18.799999
1.484560,19.760000,18.799999
1.484961,19.773333,18.786667
1.485362,19.773333,18.799999
1.485764,19.773333,18.793333
1.486165,19.699999,18.779999
1.486566,19.760000,18.786667
1.486967,19.740000,18.766666
1.487369,19.740000,18.773333
1.487772,19.773333,18.806667
1.488173,19.753334,18.793333
1.488574,19.733334,18.806667
1.488976,19.746666,19.226667
1.489377,19.733334,18.766666
1.489778,19.740000,18.759998
1.490179,19.726667,18.766666
1.490581,19.746666,18.759998
1.490983,19.766666,18.746666
1.491384,19.699999,18.759998
1.491785,19.659998,18.766666
1.492186,19.713333,18.660000
1.492588,19.726667,18.726665
1.492989,19.699999,18.753332
1.493391,19.693333,18.726665
1.493792,19.746666,18.719999
1.494193,19.713333,18.719999
1.494595,19.713333,18.733332
1.494997,19.673332,18.833334
1.495398,19.713333,18.706667
1.495799,19.679998,18.686666
1.496200,19.679998,18.673334
1.496602,19.686666,18.680000
1.497004,19.719999,18.673334
1.497406,19.659998,18.660000
1.497807,19.673332,18.693333
1.498208,19.620001,18.673334
1.498611,19.639999,18.686666
1.499013,19.626667,18.686666
1.499414,19.646666,18.653334
1.499816,19.580000,18.646666
1.500218,19.653332,18.653334
1.500619,19.646666,18.706667
1.501020,19.606667,18.646666
1.501421,19.620001,18.646666
1.501822,19.593332,18.646666
1.502223,19.613333,18.559999
1.502624,19.580000,18.613333
1.503025,19.586666,18.593332
1.503426,19.586666,18.599998
1.503827,19.586666,18.586666
1.504229,19.506666,18.613333
1.504632,19.513332,18.553333
1.505033,19.586666,18.599998
1.505435,19.559999,18.580000
1.505837,19.559999,18.586666
1.506239,19.593332,18.566668
1.506640,19.533333,18.566668
1.507041,19.533333,18.586666
1.507442,19.513332,18.586666
1.507844,19.533333,18.566668
1.508246,19.493334,18.559999
1.508647,19.533333,18.539999
1.509048,19.480000,18.580000
1.509449,19.459999,18.520000
1.509851,19.373333,18.513332
1.510252,19.493334,18.566668
1.510654,19.473333,18.513332
1.511056,19.299999,18.473331
1.511458,19.446667,18.493332
1.511860,19.446667,18.520000
1.512261,19.439999,18.526667
1.512663,19.433332,18.486666
1.513064,19.526665,18.420000
1.513465,19.373333,18.459999
1.513867,19.420000,18.473331
1.514268,19.433332,18.400000
1.514669,19.400000,18.420000
1.515071,19.466667,18.520000
1.515472,19.373333,18.473331
1.515874,19.386665,18.413334
1.516277,19.346666,18.473331
1.516678,19.346666,18.413334
1.517079,19.360001,18.426666
1.517480,19.346666,18.406666
1.517882,19.340000,18.406666
1.518283,19.346666,18.400000
1.518684,19.326666,18.400000
1.519086,19.293333,18.353333
1.519487,19.320000,18.359999
1.519889,19.313334,18.393333
1.520290,19.293333,18.466665
1.520692,19.286665,18.366667
1.521093,19.373333,18.346666
1.521495,19.299999,18.346666
1.521896,19.340000,18.333332
1.522298,19.286665,18.313334
1.522699,19.246666,18.359999
1.523101,19.253332,18.320000
1.523503,19.233334,18.219999
1.523904,19.233334,18.286667
1.524305,19.320000,18.313334
1.524711,19.213333,18.306667
1.525113,19.206667,18.286667
1.525514,19.193333,18.280001
1.525915,19.180000,18.233332
1.526316,19.180000,18.273333
1.526717,19.173332,18.253332
1.527118,19.133331,18.219999
1.527519,19.133331,18.219999
1.527920,19.119999,18.199999
1.528321,19.146666,18.213333
1.528723,19.139999,18.219999
1.529124,19.059999,18.206665
1.529526,19.100000,18.153334
1.529927,19.086666,18.186666
1.530328,19.100000,18.106667
1.530730,19.073334,18.160000
1.531132,19.059999,18.146666
1.531533,19.073334,18.146666
1.531934,19.059999,18.126667
1.532336,19.073334,18.113333
1.532737,18.993332,18.146666
1.533138,19.046667,18.126667
1.533539,18.973333,18.119999
1.533940,19.026667,18.073332
1.534342,19.026667,18.086666
1.534744,18.999998,18.093332
1.535145,18.940001,18.066666
1.535546,18.966667,18.093332
1.535947,18.986666,18.013332
1.536349,18.946667,18.046667
1.536751,18.953333,17.959999
1.537154,18.920000,17.973333
1.537555,18.906666,17.966665
1.537956,18.926666,18.006666
1.538357,18.886665,18.000000
1.538758,18.879999,17.920000
1.539160,18.886665,17.973333
1.539561,18.886665,17.973333
1.539962,18.859999,17.926666
1.540364,18.859999,17.959999
1.540765,18.799999,17.973333
1.541166,18.820000,17.953333
1.541567,18.799999,17.980000
1.541968,18.806667,17.946665
1.542369,18.799999,17.906668
1.542771,18.786667,17.886667
1.543173,18.786667,17.906668
1.543574,18.766666,17.873333
1.543975,18.746666,17.859999
1.544376,18.779999,17.846666
1.544778,18.700001,18.020000
1.545179,18.719999,17.820000
1.545580,18.719999,17.813332
1.545982,18.653334,17.706665
1.546383,18.673334,17.780001
1.546785,18.639999,17.793333
1.547186,18.660000,17.753334
1.547588,18.660000,17.760000
1.547989,18.706667,17.740000
1.548390,18.533333,17.746666
1.548792,18.660000,17.753334
1.549193,18.606665,17.706665
1.549594,18.559999,17.719999
1.549995,18.580000,17.719999
1.550396,18.546667,17.693333
1.550798,18.580000,17.699999
1.551199,18.553333,17.673332
1.551601,18.533333,17.653334
1.552003,18.526667,17.679998
1.552404,18.520000,17.660000
1.552806,18.500000,17.653334
1.553209,18.520000,17.619999
1.553610,18.466665,17.613333
1.554011,18.480000,17.600000
1.554412,18.453333,17.606667
1.554813,18.459999,17.539999
1.555214,18.426666,17.539999
1.555615,18.420000,17.486666
1.556016,18.379999,17.520000
1.556418,18.366667,17.473333
1.556819,18.353333,17.520000
1.557221,18.386665,17.446667
1.557623,18.386665,17.486666
1.558024,18.373333,17.539999
1.558425,18.353333,17.473333
1.558826,18.299999,17.433332
1.559227,18.306667,17.433332
1.559629,18.299999,17.433332
1.560030,18.299999,17.406666
1.560432,18.240000,17.373333
1.560833,18.253332,17.380001
1.561234,18.246666,17.393333
1.561635,18.240000,17.360001
1.562037,18.240000,17.333332
1.562439,18.219999,17.333332
1.562840,18.219999,17.326666
1.563242,18.186666,17.313332
1.563644,18.153334,17.299999
1.564045,18.160000,17.293333
1.564446,18.173334,17.293333
1.564847,18.059999,17.253334
1.565249,18.119999,17.279999
1.565650,18.106667,17.253334
1.566051,18.006666,17.240000
1.566453,18.093332,17.213333
1.566854,18.066666,17.086666
1.567255,18.066666,17.186666
1.567657,18.040001,17.233334
1.568058,18.026667,17.173332
1.568459,18.000000,17.146666
1.568860,17.993332,17.173332
1.569261,18.013332,17.126667
1.569662,17.966665,17.106667
1.570063,17.939999,17.086666
1.570465,17.946665,17.086666
1.570866,17.920000,17.039999
1.571268,17.666666,17.093332
1.571670,17.920000,17.039999
1.572071,17.873333,17.093332
1.572473,17.886667,17.033333
1.572874,17.879999,17.059999
1.573276,17.859999,16.980000
1.573677,17.799999,16.993334
1.574078,17.733334,16.959999
1.574479,17.820000,16.920000
1.574880,17.813332,16.926666
1.575281,17.766666,16.920000
1.575682,17.753334,16.926666
1.576083,17.746666,16.906666
1.576484,17.740000,16.906666
1.576886,17.719999,16.900000
1.577287,17.733334,16.900000
1.577689,17.706665,16.873333
1.578092,17.679998,16.873333
1.578493,17.679998,16.840000
1.578894,17.706665,16.806665
1.579295,17.619999,16.820000
1.579696,17.619999,16.726667
1.580098,17.613333,16.753332
1.580499,17.573332,16.799999
1.580900,17.453333,16.733334
1.581302,17.533333,16.920000
1.581704,17.386667,16.733334
1.582105,17.513334,16.719999
1.582507,17.506666,16.726667
1.582909,17.486666,16.639999
1.583310,17.473333,16.680000
1.583711,17.446667,16.646666
1.584112,17.459999,16.646666
1.584513,17.419998,16.619999
1.584914,17.400000,16.593334
1.585315,17.326666,16.619999
1.585717,17.373333,16.586666
1.586119,17.299999,16.593334
1.586521,17.340000,16.559999
1.586922,17.340000,16.526667
1.587323,17.320000,16.486666
1.587725,17.306665,16.460001
1.588126,17.293333,16.466667
1.588528,17.286665,16.420000
1.588929,17.246666,16.433332
1.589330,17.219999,16.273333
1.589731,17.226667,16.466667
1.590132,17.199999,16.460001
1.590533,17.153332,16.420000
1.590934,17.199999,16.366665
1.591336,17.313332,16.446667
1.591737,17.133333,16.359999
1.592138,17.026665,16.299999
1.592539,17.100000,16.286667
1.592941,17.100000,16.273333
1.593343,17.059999,16.259998
1.593745,17.126667,16.219999
1.594146,17.013332,16.213333
1.594547,16.986668,16.253332
1.594948,17.019999,16.153334
1.595349,17.013332,16.193333
1.595750,17.000000,16.180000
1.596151,16.926666,16.160000
1.596553,16.939999,16.113333
1.596955,16.913332,16.099998
1.597357,16.993334,16.066668
1.597758,16.906666,16.033333
1.598159,16.900000,16.039999
1.598561,16.893332,16.026667
1.598962,16.906666,16.006666
1.599364,16.853334,15.940000
1.599765,16.846666,15.953332
1.600166,16.833334,15.933333
1.600568,16.793333,15.920000
1.600969,16.806665,15.906666
1.601370,16.786665,15.920000
1.601772,16.773333,15.866667
1.602174,16.759998,15.846667
1.602576,16.726667,15.819999
1.602977,16.726667,15.826667
1.603379,16.693333,15.706666
1.603780,16.680000,15.733333
1.604181,16.680000,15.766666
1.604583,16.613333,15.733333
1.604985,16.619999,15.713334
1.605386,16.593334,15.746666
1.605788,16.580000,15.666666
1.606191,16.666666,15.660000
1.606593,16.580000,15.653334
1.606994,16.513332,15.653334
1.607395,16.519999,15.613333
1.607797,16.473333,15.586667
1.608198,16.533333,15.573333
1.608599,16.440001,15.546666
1.609001,16.413332,15.573333
1.609402,16.420000,15.460000
1.609805,16.433332,15.500000
1.610207,16.353333,15.486666
1.610608,16.359999,15.426665
1.611009,16.333334,15.433333
1.611410,16.306667,15.393333
1.611812,16.273333,15.413333
1.612213,16.306667,15.359999
1.612614,16.219999,15.346666
1.613015,16.180000,15.386667
1.613416,16.206667,15.333333
1.613818,16.213333,15.293332
1.614219,16.173334,15.253334
1.614621,16.200001,15.273333
1.615022,16.099998,15.233334
1.615423,16.026667,15.300000
1.615824,16.166666,15.213333
1.616226,16.093332,15.186667
1.616627,15.973332,15.106667
1.617029,15.966666,15.193334
1.617430,15.966666,15.153333
1.617832,15.946666,15.100000
1.618233,15.926666,15.060000
1.618635,15.926666,14.953333
1.619036,15.973332,14.953333
1.619437,15.873333,14.953333
1.619839,15.860000,14.953333
1.620240,15.819999,14.953333
1.620642,15.826667,14.953333
1.621043,15.793333,14.953333
1.621444,15.760000,14.906667
1.621846,15.773333,14.899999
1.622247,15.713334,14.880000
1.622649,15.753332,14.846666
1.623051,15.686666,14.873333
1.623452,15.613333,14.833332
1.623853,15.666666,14.786666
1.624255,15.613333,14.786666
1.624656,15.606667,14.780000
1.625058,15.573333,14.693333
1.625461,15.579999,14.713333
1.625863,15.533333,14.693333
1.626266,15.493332,14.673333
1.626668,15.493332,14.679999
1.627069,15.466666,14.659999
1.627472,15.473333,14.620000
1.627873,15.460000,14.606667
1.628276,15.433333,14.573334
1.628677,15.406667,14.546666
1.629078,15.373333,14.540000
1.629479,15.333333,14.520000
1.629880,15.326667,14.506667
1.630283,15.373333,14.439999
1.630684,15.260000,14.420000
1.631086,15.233334,14.446667
1.631487,15.226665,14.400001
1.631888,15.213333,14.386666
1.632289,15.193334,14.346666
1.632691,15.206666,14.346666
1.633092,15.153333,14.326666
1.633493,15.119999,14.333334
1.633894,15.100000,14.346666
1.634295,15.100000,14.253333
1.634696,15.013333,14.253333
1.635097,15.100000,14.206667
1.635498,14.953333,14.200001
1.635899,14.953333,14.180000
1.636300,14.926667,14.173332
1.636701,14.940000,14.180000
1.637102,14.913333,14.113334
1.637503,14.880000,14.140000
1.637904,14.860001,14.033333
1.638306,14.866667,14.053333
1.638710,14.806666,14.046667
1.639112,14.759999,14.073334
1.639513,14.733334,13.999999
1.639915,14.719999,13.979999
1.640317,14.699999,13.966666
1.640718,14.659999,13.913332
1.641119,14.653333,13.853333
1.641520,14.673333,13.933332
1.641922,14.646667,13.880000
1.642323,14.546666,13.860000
1.642725,14.600000,13.913332
1.643126,14.566666,13.813334
1.643527,14.526666,13.773333
1.643928,14.526666,13.806667
1.644329,14.506667,13.733333
1.644731,14.480000,13.759999
1.645132,14.473333,13.706666
1.645535,14.420000,13.680000
1.645936,14.413333,13.606666
1.646339,14.420000,13.653334
1.646740,14.366666,13.620000
1.647143,14.373332,13.633333
1.647544,14.333334,13.559999
1.647946,14.313334,13.639999
1.648347,14.280000,13.546667
1.648748,14.146667,13.506666
1.649150,14.253333,13.486667
1.649552,14.120000,13.313333
1.649954,14.120000,13.466666
1.650355,14.266667,13.440000
1.650757,14.166666,13.400000
1.651158,14.086666,13.400000
1.651559,14.093333,13.379999
1.651960,14.093333,13.333333
1.652361,14.073334,13.346667
1.652762,14.039999,13.286667
1.653163,14.006667,13.280000
1.653564,13.986667,13.253333
1.653965,13.953333,13.200000
1.654366,13.926666,13.253333
1.654767,13.979999,13.126666
1.655170,13.913332,13.160000
1.655571,13.839999,13.153334
1.655973,13.860000,13.146667
1.656376,13.793333,13.093333
1.656778,13.940001,13.020000
1.657179,13.713332,13.086667
1.657581,13.706666,13.226666
1.657982,13.746667,13.046666
1.658383,13.626666,12.973333
1.658785,13.653334,12.960000
1.659186,13.660000,12.933333
1.659588,13.646666,12.933333
1.659989,13.613334,12.919999
1.660392,13.586667,12.860000
1.660793,13.566667,12.853333
1.661194,13.500000,12.806666
1.661595,13.593333,12.840000
1.661997,13.506666,12.786666
1.662399,13.466666,12.773334
1.662800,13.446666,12.766666
1.663201,13.446666,12.733333
1.663602,13.406666,12.706667
1.664003,13.339999,12.693334
1.664404,13.360000,12.686666
1.664806,13.333333,12.620000
1.665207,13.306666,12.613333
1.665609,13.300000,12.599999
1.666010,13.273334,12.626667
1.666413,13.226666,12.513333
1.666814,13.246666,12.520000
1.667217,13.160000,12.553333
1.667618,13.153334,12.500000
1.668019,13.120000,12.473333
1.668422,13.120000,12.426666
1.668824,13.100000,12.433333
1.669226,13.093333,12.400000
1.669627,13.046666,12.506667
1.670028,13.040000,12.386666
1.670429,12.993333,12.360000
1.670830,12.980000,12.313334
1.671231,12.933333,12.259999
1.671632,12.919999,12.253333
1.672034,12.926666,12.240000
1.672435,12.880000,12.226666
1.672836,12.860000,12.073333
1.673238,12.813334,12.186666
1.673639,12.813334,12.126666
1.674040,12.646667,12.153333
1.674442,12.793333,12.066666
1.674844,12.700000,12.066666
1.675245,12.740000,12.020000
1.675646,12.753333,11.993333
1.676047,12.653333,11.973333
1.676448,12.653333,11.966666
1.676850,12.593333,11.926666
1.677251,12.599999,11.906667
1.677652,12.533333,11.893333
1.678054,12.533333,11.906667
1.678455,12.566667,11.893333
1.678856,12.493333,11.840000
1.679258,12.453333,11.806666
1.679660,12.480000,11.786667
1.680061,12.339999,11.760000
1.680462,12.326666,11.720000
1.680863,12.320000,11.686666
1.681264,12.360000,11.693333
1.681665,12.333333,11.613333
1.682066,12.280000,11.626666
1.682467,12.360000,11.633333
1.682868,12.200000,11.593333
1.683269,12.333333,11.573333
1.683671,12.180000,11.573333
1.684072,12.213333,11.513333
1.684473,12.126666,11.526667
1.684874,12.086666,11.506666
1.685275,12.073333,11.386666
1.685677,12.059999,11.426666
1.686078,12.006666,11.366667
1.686479,12.033333,11.380000
1.686880,11.980000,11.360000
1.687281,11.960000,11.286666
1.687682,11.946667,11.320000
1.688084,11.900000,11.266666
1.688487,11.866666,11.260000
1.688888,11.860000,11.260000
1.689289,11.826667,11.193334
1.689690,11.820000,11.193334
1.690091,11.766666,11.193334
1.690494,11.866666,11.120000
1.690896,11.760000,11.133333
1.691299,11.706667,11.120000
1.691700,11.740000,11.153333
1.692101,11.673333,11.120000
1.692502,11.626666,11.000000
1.692904,11.599999,11.000000
1.693306,11.586667,11.000000
1.693710,11.539999,10.960000
1.694111,11.566667,10.960000
1.694512,11.506666,10.900000
1.694914,11.506666,10.873333
1.695315,11.466666,10.860000
1.695717,11.406666,10.840000
1.696120,11.433333,10.793333
1.696521,11.373333,10.786667
1.696923,11.386666,10.773334
1.697324,11.440000,10.686666
1.697725,11.286666,10.746666
1.698127,11.293333,10.713333
1.698530,11.246667,10.686666
1.698932,11.213333,10.660000
1.699333,11.160000,10.653334
1.699734,11.193334,10.593333
1.700135,11.180000,10.413333
1.700537,11.193334,10.586667
1.700939,11.146667,10.566667
1.701342,11.079999,10.500000
1.701744,11.060000,10.526667
1.702145,11.026667,10.440000
1.702546,11.020000,10.473333
1.702947,11.000000,10.346666
1.703348,10.986667,10.380000
1.703750,10.900000,10.320000
1.704151,10.893332,10.333333
1.704554,10.940000,10.366666
1.704956,10.853333,10.320000
1.705358,10.806666,10.280000
1.705760,10.806666,10.219999
1.706162,10.786667,10.226666
1.706564,10.766666,10.206667
1.706966,10.726666,10.179999
1.707368,10.720000,10.153333
1.707770,10.606667,10.126667
1.708172,10.620000,10.113333
1.708573,10.586667,10.093333
1.708975,10.613333,10.046666
1.709376,10.593333,10.020000
1.709778,10.559999,10.080000
1.710179,10.520000,9.973333
1.710581,10.500000,9.953333
1.710983,10.473333,9.953333
1.711384,10.480000,9.920000
1.711785,10.446667,9.820000
1.712186,10.426666,9.893332
1.712588,10.413333,9.846666
1.712989,10.366666,9.880000
1.713392,10.333333,9.786667
1.713793,10.320000,9.773333
1.714196,10.040000,9.753333
1.714597,10.273334,9.713333
1.714998,10.233333,9.700000
1.715399,10.193334,9.706666
1.715800,10.106667,9.693333
1.716201,10.146667,9.613334
1.716603,10.140000,9.580000
1.717005,10.106667,9.613334
1.717406,10.080000,9.613334
1.717807,9.906666,9.553333
1.718208,10.040000,9.526667
1.718610,10.040000,9.506666
1.719011,10.006667,9.480000
1.719413,9.973333,9.460000
1.719816,9.933333,9.346666
1.720218,9.913333,9.346666
1.720620,10.006667,9.340000
1.721022,9.880000,9.320000
1.721423,9.839999,9.340000
1.721825,9.780000,9.266666
1.722228,9.886666,9.326667
1.722630,9.786667,9.240000
1.723032,9.740000,9.220000
1.723433,9.700000,9.160000
1.723834,9.693333,9.166666
1.724235,9.753333,9.126666
1.724636,9.680000,9.186666
1.725038,9.520000,9.099999
1.725439,9.626666,9.093333
1.725841,9.593333,9.066667
1.726242,9.553333,9.006666
1.726643,9.526667,9.006666
1.727045,9.513333,8.966666
1.727446,9.466666,8.966666
1.727847,9.460000,8.933333
1.728250,9.346666,8.826667
1.728651,9.346666,8.753333
1.729053,9.313333,8.793333
1.729454,9.299999,8.839999
1.729855,9.286667,8.793333
1.730256,9.226666,8.793333
1.730658,9.253333,8.800000
1.731059,9.206667,8.666666
1.731460,9.120000,8.700000
1.731862,9.166666,8.673333
1.732263,9.173333,8.760000
1.732664,9.059999,8.660000
1.733065,9.099999,8.560000
1.733467,9.086667,8.639999
1.733868,8.986667,8.586666
1.734271,9.000000,8.546666
1.734672,9.006666,8.513332
1.735073,8.960000,8.500000
1.735474,8.940000,8.453333
1.735876,8.913333,8.540000
1.736277,8.886666,8.393332
1.736678,8.826667,8.393332
1.737079,8.846666,8.393332
1.737481,8.820000,8.360000
1.737884,8.800000,8.360000
1.738285,8.793333,8.300000
1.738686,8.719999,8.273334
1.739087,8.766666,8.220000
1.739488,8.706666,8.213333
1.739889,8.613334,8.206666
1.740291,8.646667,8.179999
1.740692,8.633333,8.179999
1.741094,8.599999,8.306666
1.741495,8.566667,8.133333
1.741897,8.540000,8.059999
1.742298,8.540000,8.146667
1.742699,8.506666,8.040000
1.743100,8.466666,8.033334
1.743503,8.440000,7.953333
1.743905,8.420000,7.980000
1.744306,8.353333,7.980000
1.744711,8.420000,7.933333
1.745112,8.366667,7.886666
1.745514,8.326666,7.920000
1.745915,8.246666,7.860000
1.746317,8.253333,7.846667
1.746718,8.226666,7.800000
1.747120,8.213333,7.780000
1.747521,8.206666,7.793334
1.747922,8.106667,7.720000
1.748323,8.120000,7.693334
1.748725,8.173333,7.460000
1.749126,8.066667,7.633333
1.749527,8.059999,7.866666
1.749928,7.946667,7.620000
1.750331,8.053332,7.626667
1.750732,8.033334,7.593334
1.751135,7.966667,7.573333
1.751537,7.933333,7.506667
1.751939,7.940000,7.513333
1.752340,7.926667,7.500000
1.752742,7.880000,7.546666
1.753143,7.866666,7.446666
1.753544,7.820000,7.400000
1.753945,7.800000,7.453333
1.754347,7.793334,7.393333
1.754749,7.760000,7.313333
1.755150,7.746666,7.260000
1.755551,7.686666,7.346666
1.755953,7.686666,7.200000
1.756354,7.686666,7.413333
1.756756,7.646666,7.226666
1.757157,7.646666,7.346666
1.757558,7.566667,7.233334
1.757960,7.559999,7.160000
1.758361,7.393333,7.173333
1.758763,7.513333,7.119999
1.759164,7.506667,7.073333
1.759565,7.473333,7.073333
1.759967,7.446666,7.046667
1.760370,7.406666,7.006667
1.760771,7.386667,6.986666
1.761172,7.346666,6.960000
1.761574,7.340000,6.960000
1.761976,7.313333,6.960000
1.762377,7.273333,6.900000
1.762779,7.280000,6.900000
1.763180,7.246666,6.866666
1.763581,7.260000,6.806667
1.763982,7.433333,6.833333
1.764383,7.146667,6.813333
1.764785,7.213333,6.840000
1.765186,7.119999,6.740000
1.765588,7.140000,6.733333
1.765989,7.140000,6.673334
1.766391,7.053333,6.753333
1.766792,6.986666,6.620000
1.767193,6.953333,6.646667
1.767594,6.920000,6.620000
1.767995,6.960000,6.546667
1.768396,6.920000,6.526666
1.768798,6.920000,6.540000
1.769199,6.880000,6.493333
1.769601,6.886666,6.473333
1.770002,6.833333,6.500000
1.770403,6.840000,6.286667
1.770805,6.800000,6.400000
1.771206,6.780000,6.380000
1.771608,6.760000,6.366666
1.772010,6.673334,6.340000
1.772412,6.593333,6.313334
1.772813,6.700000,6.220000
1.773214,6.646667,6.193333
1.773616,6.626667,6.206666
1.774017,6.640000,6.233333
1.774418,6.540000,6.206666
1.774819,6.446667,6.166667
1.775220,6.466667,6.146667
1.775622,6.473333,6.140000
1.776023,6.466667,6.126667
1.776425,6.426666,6.086667
1.776826,6.400000,6.060000
1.777227,6.393333,6.086667
1.777629,6.360000,6.033333
1.778031,6.360000,6.040000
1.778433,6.293333,5.960000
1.778834,6.193333,5.920000
1.779235,6.273333,5.946667
1.779637,6.253334,5.940000
1.780038,6.220000,5.886667
1.780439,6.213333,5.866666
1.780841,6.153333,5.833333
1.781243,6.180000,5.833333
1.781644,6.126667,5.820000
1.782046,6.140000,5.780000
1.782448,6.040000,5.780000
1.782849,6.066667,5.673333
1.783251,6.006667,5.733333
1.783652,6.073333,5.700000
1.784053,5.986667,5.760000
1.784454,5.960000,5.640000
1.784856,5.953333,5.660000
1.785258,5.933333,5.600000
1.785659,5.913333,5.586667
1.786061,5.866666,5.586667
1.786462,5.853333,5.546667
1.786864,5.826667,5.520000
1.787266,5.826667,5.526667
1.787667,5.780000,5.486667
1.788069,5.766666,5.473333
1.788470,5.760000,5.440000
1.788872,5.746666,5.413333
1.789273,5.706666,5.333333
1.789675,5.686666,5.240000
1.790077,5.626667,5.373333
1.790478,5.646667,5.273333
1.790880,5.560000,4.886666
1.791281,5.586667,5.293334
1.791683,5.613333,5.273333
1.792084,5.526667,5.253333
1.792485,5.533333,5.240000
1.792886,5.513333,5.240000
1.793288,5.460000,5.213333
1.793689,5.460000,5.206666
1.794091,5.460000,5.140000
1.794493,5.433333,5.146667
1.794894,5.340000,5.120000
1.795295,5.380000,5.093333
1.795697,5.293334,5.053333
1.796098,5.353333,5.160000
1.796499,5.306666,5.026667
1.796900,5.246666,5.033333
1.797301,5.246666,4.966667
1.797702,5.240000,4.986667
1.798103,5.166667,4.793333
1.798505,5.240000,4.906667
1.798907,5.160000,4.886666
1.799308,5.166667,4.880000
1.799711,5.020000,4.880000
1.800112,5.120000,4.833333
1.800513,5.073333,4.800000
1.800916,5.060000,4.786666
1.801317,5.026667,4.800000
1.801718,5.013333,4.746666
1.802119,5.000000,4.760000
1.802520,4.966667,4.713333
1.802922,4.980000,4.753333
1.803324,4.926667,4.680000
1.803725,4.900000,4.700000
1.804127,4.893333,4.693333
1.804528,4.886666,4.593333
1.804930,4.846666,4.613333
1.805331,4.900000,4.593333
1.805732,4.860000,4.660000
1.806133,4.780000,4.540000
1.806534,4.773334,4.540000
1.806935,4.693333,4.480000
1.807338,4.673333,4.500000
1.807739,4.700000,4.453333
1.808140,4.700000,4.440000
1.808543,4.686666,4.440000
1.808944,4.613333,4.440000
1.809345,4.633333,4.366666
1.809746,4.600000,4.353333
1.810147,4.586667,4.353333
1.810548,4.546667,4.300000
1.810950,4.586667,4.420000
1.811351,4.520000,4.280000
1.811752,4.506667,4.266666
1.812153,4.506667,4.540000
1.812555,4.473333,4.206666
1.812957,4.426666,4.146667
1.813359,4.473333,4.186666
1.813760,4.366666,4.153333
1.814161,4.360000,4.126667
1.814562,4.353333,4.133333
1.814964,4.353333,4.153333
1.815365,4.333333,4.100000
1.815766,4.366666,4.066667
1.816167,4.273333,4.006667
1.816568,4.380000,4.046667
1.816970,4.240000,4.006667
1.817371,4.226666,4.040000
1.817772,4.180000,4.013333
1.818175,4.180000,3.986666
1.818576,4.160000,3.960000
1.818977,4.153333,3.953333
1.819378,4.193333,3.920000
1.819779,4.086667,3.920000
1.820180,4.093333,3.873333
1.820581,4.040000,3.813334
1.820983,4.040000,3.926666
1.821386,4.046667,3.820000
1.821787,4.020000,3.826667
1.822189,3.986666,3.826667
1.822591,3.933333,3.713333
1.822992,3.940000,3.746666
1.823393,3.926666,3.686666
1.823796,3.953333,3.713333
1.824199,3.873333,3.646667
1.824600,3.860000,3.660000
1.825001,3.833333,3.646667
1.825402,3.753333,3.680000
1.825804,3.833333,3.566667
1.826205,3.746666,3.540000
1.826607,3.733333,3.586667
1.827008,3.686666,3.560000
1.827411,3.706666,3.513333
1.827812,3.700000,3.513333
1.828213,3.673333,3.486667
1.828615,3.653333,3.426666
1.829016,3.633333,3.460000
1.829417,3.613333,3.433333
1.829819,3.586667,3.413333
1.830220,3.546667,3.426666
1.830622,3.566667,3.380000
1.831024,3.526666,3.393333
1.831426,3.466666,3.326667
1.831828,3.560000,3.326667
1.832229,3.480000,3.280000
1.832630,3.473333,3.073333
1.833031,3.406667,3.373333
1.833432,3.393333,3.440000
1.833833,3.366667,3.346666
1.834234,3.353333,3.220000
1.834635,3.366667,3.213333
1.835036,3.353333,3.166667
1.835438,3.353333,3.173333
1.835839,3.313333,3.133333
1.836240,3.293333,3.133333
1.836641,3.286667,3.133333
1.837042,3.286667,3.080000
1.837444,3.240000,3.086667
1.837845,3.173333,3.053333
1.838246,3.213333,3.013333
1.838647,3.206667,3.060000
1.839048,3.153333,3.040000
1.839449,3.166667,2.980000
1.839851,3.200000,2.966666
1.840252,3.140000,2.960000
1.840654,3.060000,3.040000
1.841055,3.080000,2.926667
1.841456,3.053333,2.913333
1.841858,2.993333,2.886667
1.842259,3.060000,2.853333
1.842661,2.993333,2.880000
1.843062,3.073333,2.860000
1.843463,2.980000,2.806667
1.843865,2.960000,2.833333
1.844267,2.966666,2.800000
1.844668,2.953333,2.760000
1.845070,2.926667,2.766667
1.845472,2.913333,2.773333
1.845874,2.913333,2.753333
1.846276,2.886667,2.733333
1.846677,2.840000,2.713333
1.847078,2.840000,2.706666
1.847479,2.766667,2.673333
1.847880,2.800000,2.673333
1.848282,2.853333,2.640000
1.848683,2.773333,2.613333
1.849084,2.806667,2.613333
1.849485,2.753333,2.613333
1.849886,2.626667,2.580000
1.850287,2.700000,2.613333
1.850689,2.673333,2.586667
1.851090,2.680000,2.553333
1.851491,2.673333,2.553333
1.851893,2.686666,2.520000
1.852294,2.613333,2.493333
1.852695,2.606667,2.506666
1.853096,2.560000,2.426666
1.853497,2.560000,2.446667
1.853898,2.533333,2.553333
1.854299,2.553333,2.400000
1.854700,2.526667,2.406667
1.855101,2.520000,2.493333
1.855502,2.500000,2.546667
1.855905,2.653333,2.360000
1.856306,2.466667,2.353333
1.856711,2.453333,2.313333
1.857112,2.433333,2.313333
1.857513,2.613333,2.286667
1.857914,2.560000,2.260000
1.858315,2.373333,2.206667
1.858717,2.393333,2.260000
1.859118,2.380000,2.260000
1.859520,2.306667,2.206667
1.859922,2.326667,2.233333
1.860324,2.313333,2.213333
1.860725,2.273333,2.200000
1.861128,2.286667,2.213333
1.861529,2.233333,2.186667
1.861930,2.253333,2.146667
1.862331,2.260000,2.106667
1.862733,2.286667,2.113333
1.863136,2.273333,2.093333
1.863537,2.153333,2.093333
1.863939,2.173333,2.060000
1.864340,2.153333,2.066667
1.864743,2.180000,2.086667
1.865145,2.160000,2.026667
1.865546,2.113333,1.913333
1.865947,2.180000,1.973333
1.866348,2.113333,2.046667
1.866750,2.086667,2.066667
1.867151,2.060000,1.906667
1.867552,2.160000,1.973333
1.867953,2.033333,1.940000
1.868356,2.040000,1.906667
1.868758,2.000000,1.906667
1.869159,2.080000,1.893333
1.869560,1.966667,1.846667
1.869961,1.973333,1.846667
1.870362,1.913333,1.866667
1.870764,1.946667,1.853333
1.871165,1.906667,1.806667
1.871566,1.906667,1.860000
1.871968,1.893333,1.833333
1.872369,1.900000,1.786667
1.872772,1.820000,1.780000
1.873173,1.860000,1.706667
1.873575,1.833333,1.793333
1.873977,1.853333,1.733333
1.874378,1.833333,1.726667
1.874779,1.720000,1.713333
1.875180,1.780000,1.753333
1.875582,1.773333,1.726667
1.875983,1.800000,1.673333
1.876385,1.740000,1.646667
1.876787,1.733333,1.646667
1.877189,1.733333,1.613333
1.877590,1.680000,1.633333
1.877991,1.706667,1.606667
1.878392,1.666667,1.600000
1.878793,1.673333,1.573333
1.879194,1.680000,1.573333
1.879595,1.726667,1.513333
1.879997,1.646667,1.560000
1.880398,1.553333,1.540000
1.880799,1.600000,1.433333
1.881201,1.586667,1.526667
1.881602,1.566667,1.560000
1.882004,1.560000,1.446667
1.882405,1.573333,1.513333
1.882806,1.626667,1.473333
1.883207,1.560000,1.433333
1.883608,1.546667,1.540000
1.884009,1.540000,1.420000
1.884410,1.506667,1.440000
1.884812,1.473333,1.406667
1.885214,1.466667,1.393333
1.885616,1.460000,1.393333
1.886017,1.433333,1.386667
1.886420,1.426667,1.386667
1.886822,1.420000,1.380000
1.887223,1.386667,1.333333
1.887625,1.393333,1.226667
1.888027,1.373333,1.346667
1.888428,1.386667,1.306667
1.888830,1.386667,1.386667
1.889231,1.346667,1.300000
1.889632,1.320000,1.300000
1.890033,1.313333,1.266667
1.890436,1.340000,1.260000
1.890839,1.300000,1.146667
1.891240,1.273333,1.206667
1.891642,1.300000,1.266667
1.892043,1.293333,1.226667
1.892444,1.246667,1.193333
1.892846,1.246667,1.186667
1.893247,1.233333,1.206667
1.893648,1.233333,1.153333
1.894050,1.213333,1.173333
1.894452,1.240000,1.146667
1.894853,1.200000,1.300000
1.895255,1.180000,1.153333
1.895656,1.206667,1.266667
1.896057,1.106667,1.106667
1.896460,1.066667,1.000000
1.896861,1.186667,1.106667
1.897262,1.133333,1.113333
1.897664,1.126667,1.133333
1.898065,1.046667,1.113333
1.898466,1.026667,1.053333
1.898868,1.153333,1.053333
1.899270,1.046667,1.113333
1.899671,1.173333,1.033333
1.900073,1.053333,1.000000
1.900474,1.053333,1.033333
1.900875,1.060000,1.033333
1.901277,1.040000,1.020000
1.901679,1.033333,0.946667
1.902081,1.006667,0.986667
1.902482,1.013333,0.960000
1.902884,0.966667,0.953333
1.903285,0.986667,0.946667
1.903688,1.013333,0.946667
1.904089,0.960000,0.946667
1.904491,0.960000,0.946667
1.904893,0.986667,0.946667
1.905294,0.946667,0.946667
1.905695,0.946667,0.946667
1.906097,0.946667,0.946667
1.906498,0.946667,0.946667
1.906900,0.946667,0.946667
1.907301,0.946667,0.946667
1.907703,0.960000,0.946667
1.908105,0.946667,0.946667
1.908507,0.946667,0.946667
1.908908,0.946667,0.946667
1.909310,0.946667,0.946667
1.909711,0.946667,0.946667
1.910112,0.946667,0.946667
1.910513,0.946667,0.946667
1.910915,0.946667,0.946667
1.911316,0.946667,0.946667
1.911717,0.946667,0.946667
1.912118,0.946667,0.946667
1.912519,0.946667,0.946667
1.912920,0.946667,0.946667
1.913322,0.946667,0.946667
1.913723,0.946667,0.946667
1.914124,0.946667,0.946667
1.914526,0.946667,0.946667
1.914927,0.946667,0.946667
1.915328,0.946667,0.946667
1.915730,0.946667,0.946667
1.916132,0.946667,0.946667
1.916534,0.946667,0.946667
1.916935,0.946667,0.946667
1.917336,0.946667,0.946667
1.917738,0.946667,0.946667
1.918140,0.946667,0.946667
1.918542,0.946667,0.946667
1.918943,0.946667,0.946667
1.919346,0.946667,0.946667
1.919749,0.946667,0.946667
1.920150,0.946667,0.946667
1.920552,0.946667,0.946667
1.920954,0.946667,0.946667
1.921355,0.946667,0.946667
1.921757,0.946667,0.946667
1.922158,0.946667,0.946667
1.922560,0.946667,0.946667
1.922961,0.946667,0.946667
1.923363,0.946667,0.946667
1.923765,0.946667,0.946667
1.924166,0.946667,0.946667
1.924568,0.946667,0.946667
1.924969,0.946667,0.946667
1.925370,0.946667,0.946667
1.925771,0.946667,0.946667
1.926172,0.946667,0.946667
1.926574,0.946667,0.946667
1.926976,0.946667,0.946667
1.927377,0.946667,0.946667
1.927778,0.946667,0.946667
1.928181,0.946667,0.946667
1.928583,0.946667,0.946667
1.928985,0.946667,0.946667
1.929387,0.946667,0.946667
1.929788,0.946667,0.946667
1.930190,0.946667,0.946667
1.930592,0.946667,0.946667
1.930993,0.946667,0.946667
1.931394,0.946667,0.946667
1.931795,0.946667,0.946667
1.932196,0.946667,0.946667
1.932598,0.946667,0.946667
1.933000,0.946667,0.946667
1.933402,0.946667,0.946667
1.933804,0.946667,0.946667
1.934205,0.946667,0.946667
1.934607,0.946667,0.946667
1.935008,0.946667,0.946667
1.935411,0.946667,0.946667
1.935812,0.946667,0.946667
1.936213,0.946667,0.946667
1.936615,0.946667,0.946667
1.937016,0.946667,0.946667
1.937419,0.946667,0.946667
1.937820,0.946667,0.946667
1.938223,0.946667,0.946667
1.938625,0.946667,0.946667
1.939026,0.946667,0.946667
1.939427,0.946667,0.946667
1.939829,0.946667,0.946667
1.940231,0.946667,0.946667
1.940633,0.946667,0.946667
1.941034,0.946667,0.946667
1.941436,0.946667,0.946667
1.941838,0.946667,0.946667
1.942239,0.946667,0.946667
1.942641,0.946667,0.946667
1.943042,0.946667,0.946667
1.943445,0.946667,0.946667
1.943846,0.946667,0.946667
1.944247,0.946667,0.946667
1.944649,0.946667,0.946667
1.945051,0.946667,0.946667
1.945452,0.946667,0.946667
1.945853,0.946667,0.946667
1.946256,0.946667,0.946667
1.946657,0.946667,0.946667
1.947058,0.946667,0.946667
1.947459,0.946667,0.946667
1.947860,0.946667,0.946667
1.948261,0.946667,0.946667
1.948663,0.946667,0.946667
1.949064,0.946667,0.946667
1.949465,0.946667,0.946667
1.949866,0.946667,0.946667
1.950268,0.946667,0.946667
1.950670,0.946667,0.946667
1.951071,0.946667,0.946667
1.951473,0.946667,0.946667
1.951875,0.946667,0.946667
1.952276,0.946667,0.946667
1.952678,0.946667,0.946667
1.953079,0.946667,0.946667
1.953480,0.946667,0.946667
1.953881,0.946667,0.946667
1.954282,0.946667,0.946667
1.954684,0.946667,0.946667
1.955086,0.946667,0.946667
1.955487,0.946667,0.946667
1.955888,0.946667,0.946667
1.956289,0.946667,0.946667
1.956691,0.946667,0.946667
1.957092,0.946667,0.946667
1.957493,0.946667,0.946667
1.957894,0.946667,0.946667
1.958295,0.946667,0.946667
1.958696,0.946667,0.946667
1.959098,0.946667,0.946667
1.959500,0.946667,0.946667
1.959902,0.946667,0.946667
1.960303,0.946667,0.946667
1.960705,0.946667,0.946667
1.961106,0.946667,0.946667
1.961507,0.946667,0.946667
1.961909,0.946667,0.946667
1.962310,0.946667,0.946667
1.962711,0.946667,0.946667
1.963112,0.946667,0.946667
1.963513,0.946667,0.946667
1.963914,0.946667,0.946667
1.964316,0.946667,0.946667
1.964718,0.946667,0.946667
1.965119,0.946667,0.946667
1.965521,0.946667,0.946667
1.965923,0.946667,0.946667
1.966324,0.946667,0.946667
1.966725,0.946667,0.946667
1.967126,0.946667,0.946667
1.967528,0.946667,0.946667
1.967930,0.946667,0.946667
1.968333,0.946667,0.946667
1.968734,0.946667,0.946667
1.969136,0.946667,0.946667
1.969538,0.946667,0.946667
1.969940,0.946667,0.946667
1.970341,0.946667,0.946667
1.970743,0.946667,0.946667
1.971145,0.946667,0.946667
1.971546,0.946667,0.946667
1.971948,0.946667,0.946667
1.972349,0.946667,0.946667
1.972751,0.946667,0.946667
1.973152,0.946667,0.946667
1.973553,0.946667,0.946667
1.973954,0.946667,0.946667
1.974355,0.946667,0.946667
1.974757,0.946667,0.946667
1.975158,0.946667,0.946667
1.975560,0.946667,0.946667
1.975961,0.946667,0.946667
1.976362,0.946667,0.946667
1.976764,0.946667,0.946667
1.977165,0.946667,0.946667
1.977566,0.946667,0.946667
1.977967,0.946667,0.946667
1.978368,0.946667,0.946667
1.978770,0.946667,0.946667
1.979171,0.946667,0.946667
1.979572,0.946667,0.946667
1.979974,0.946667,0.946667
1.980375,0.946667,0.946667
1.980777,0.946667,0.946667
1.981178,0.946667,0.946667
1.981579,0.946667,0.946667
1.981981,0.946667,0.946667
1.982382,0.946667,0.946667
1.982784,0.946667,0.946667
1.983185,0.946667,0.946667
1.983587,0.946667,0.946667
1.983988,0.946667,0.946667
1.984390,0.946667,0.946667
1.984791,0.946667,0.946667
1.985192,0.946667,0.946667
1.985593,0.946667,0.946667
1.985994,0.946667,0.946667
1.986395,0.946667,0.946667
1.986797,0.946667,0.946667
1.987199,0.946667,0.946667
1.987600,0.946667,0.946667
1.988001,0.946667,0.946667
1.988402,0.946667,0.946667
1.988805,0.946667,0.946667
1.989206,0.946667,0.946667
1.989608,0.946667,0.946667
1.990009,0.946667,0.946667
1.990411,0.946667,0.946667
1.990813,0.946667,0.946667
1.991214,0.946667,0.946667
1.991615,0.946667,0.946667
1.992017,0.946667,0.946667
1.992418,0.946667,0.946667
1.992819,0.946667,0.946667
1.993221,0.946667,0.946667
1.993622,0.946667,0.946667
1.994023,0.946667,0.946667
1.994425,0.946667,0.946667
1.994827,0.946667,0.946667
1.995228,0.946667,0.946667
1.995629,0.946667,0.946667
1.996030,0.946667,0.946667
1.996431,0.946667,0.946667
1.996833,0.946667,0.946667
1.997235,0.946667,0.946667
1.997636,0.946667,0.946667
1.998038,0.946667,0.946667
1.998439,0.946667,0.946667
1.998841,0.946667,0.946667
1.999243,0.946667,0.946667
1.999644,0.946667,0.946667
2.000045,0.946667,0.946667
2.000446,0.946667,0.946667
2.000848,0.946667,0.946667
2.001250,0.946667,0.946667
2.001651,0.946667,0.946667
2.002053,0.946667,0.946667
2.002454,0.946667,0.946667
2.002856,0.946667,0.946667
2.003258,0.946667,0.946667
2.003660,0.946667,0.946667
2.004061,0.946667,0.946667
2.004462,0.946667,0.946667
2.004864,0.946667,0.946667
2.005265,0.946667,0.946667
2.005666,0.946667,0.946667
2.006068,0.946667,0.946667
2.006470,0.946667,0.946667
2.006872,0.946667,0.946667
