0.000000,2.733333,2.613333
0.000401,2.706666,2.593333
0.000802,2.740000,2.626667
0.001204,2.786667,2.626667
0.001605,2.766667,2.613333
0.002006,2.786667,2.706666
0.002407,2.826667,2.713333
0.002809,2.820000,2.713333
0.003211,2.880000,2.733333
0.003612,2.786667,2.706666
0.004013,2.826667,2.700000
0.004415,2.906667,2.746667
0.004816,2.866667,2.780000
0.005218,2.946667,2.793333
0.005619,2.973333,2.800000
0.006021,2.966666,2.853333
0.006422,2.980000,2.840000
0.006823,3.066667,2.853333
0.007224,3.053333,2.840000
0.007625,3.066667,2.880000
0.008026,3.060000,2.900000
0.008427,3.053333,2.913333
0.008828,3.106667,2.933333
0.009230,3.126667,2.953333
0.009631,3.066667,2.960000
0.010033,3.220000,2.980000
0.010435,3.126667,3.026667
0.010836,3.186666,3.040000
0.011238,3.193333,3.046667
0.011641,3.200000,3.040000
0.012042,3.306667,3.086667
0.012443,3.346666,3.080000
0.012844,3.273333,3.186666
0.013246,3.286667,3.120000
0.013647,3.313333,3.146667
0.014049,3.326667,3.146667
0.014450,3.333333,3.173333
0.014851,3.360000,3.166667
0.015253,3.380000,3.173333
0.015655,3.426666,3.313333
0.016056,3.433333,3.260000
0.016457,3.453333,3.240000
0.016858,3.493333,3.326667
0.017259,3.460000,3.313333
0.017660,3.480000,3.286667
0.018061,3.520000,3.313333
0.018463,3.553333,3.386667
0.018864,3.566667,3.366667
0.019266,3.626667,3.386667
0.019667,3.553333,3.313333
0.020069,3.600000,3.313333
0.020471,3.580000,3.460000
0.020872,3.633333,3.426666
0.021273,3.700000,3.486667
0.021674,3.666667,3.520000
0.022075,3.686666,3.646667
0.022476,3.706666,3.513333
0.022877,3.726667,3.506667
0.023279,3.740000,3.513333
0.023681,3.800000,3.560000
0.024083,3.813334,3.573333
0.024484,3.833333,3.626667
0.024885,3.853333,3.660000
0.025287,3.866667,3.653333
0.025688,3.906667,4.040000
0.026089,3.920000,3.693333
0.026490,3.933333,3.680000
0.026891,3.960000,3.740000
0.027293,3.980000,3.720000
0.027694,3.986666,3.746666
0.028095,3.920000,3.826667
0.028496,4.066667,3.806666
0.028899,3.893333,3.833333
0.029300,4.046667,3.840000
0.029701,4.046667,3.893333
0.030105,4.160000,3.900000
0.030506,4.160000,3.920000
0.030907,4.146667,3.926666
0.031308,4.140000,3.960000
0.031710,4.180000,3.986666
0.032112,4.220000,4.013333
0.032513,4.220000,4.013333
0.032914,4.200000,4.020000
0.033315,4.280000,4.026666
0.033716,4.320000,4.100000
0.034119,4.326666,4.093333
0.034521,4.286666,4.100000
0.034922,4.353333,4.013333
0.035323,4.366666,4.146667
0.035724,4.373333,4.173333
0.036125,4.360000,4.166667
0.036526,4.400000,4.180000
0.036927,4.426666,4.186666
0.037329,4.460000,3.986666
0.037730,4.473333,4.240000
0.038131,4.586667,4.286666
0.038532,4.473333,4.300000
0.038933,4.540000,4.286666
0.039335,4.593333,4.353333
0.039736,4.573333,4.326666
0.040139,4.613333,4.360000
0.040540,4.586667,4.353333
0.040941,4.626667,4.460000
0.041342,4.673333,4.433333
0.041745,4.700000,4.446667
0.042146,4.673333,4.446667
0.042547,4.713333,4.486666
0.042948,4.753333,4.520000
0.043350,4.773334,4.533333
0.043751,5.033333,4.606667
0.044152,4.813333,4.560000
0.044555,4.813333,4.420000
0.044957,4.820000,4.586667
0.045358,4.886666,4.660000
0.045759,4.900000,4.653333
0.046160,4.860000,4.760000
0.046561,4.926667,4.713333
0.046963,4.966667,4.713333
0.047364,5.086667,4.806667
0.047766,5.006667,4.726666
0.048167,5.080000,4.766666
0.048568,5.053333,4.806667
0.048969,5.073333,4.800000
0.049370,5.093333,4.826666
0.049771,5.106667,4.846666
0.050172,5.226666,4.826666
0.050573,5.160000,4.886666
0.050974,5.180000,4.920000
0.051376,5.253333,4.880000
0.051778,5.240000,4.946666
0.052179,5.366667,4.953333
0.052581,5.260000,5.006667
0.052983,5.273333,5.006667
0.053384,5.326667,5.013333
0.053786,5.320000,5.060000
0.054188,5.440000,5.066667
0.054590,5.360000,4.993333
0.054992,5.393333,5.120000
0.055394,5.400000,5.133333
0.055795,5.446666,5.153333
0.056197,5.453333,5.160000
0.056599,5.473333,5.200000
0.057000,5.493333,5.200000
0.057402,5.553333,5.240000
0.057803,5.553333,5.240000
0.058205,5.573333,5.273333
0.058606,5.593333,5.293334
0.059007,5.726667,5.293334
0.059408,5.760000,5.333333
0.059809,5.680000,5.360000
0.060211,5.680000,5.393333
0.060612,5.720000,5.433333
0.061014,5.753333,5.446666
0.061416,5.806666,5.453333
0.061818,5.833333,5.520000
0.062219,5.820000,5.473333
0.062620,5.840000,5.506666
0.063022,5.786666,5.539999
0.063424,5.853333,5.560000
0.063825,5.886667,5.553333
0.064226,5.900000,5.586667
0.064628,5.906666,5.853333
0.065030,5.933333,5.680000
0.065432,6.020000,5.686666
0.065834,5.980000,5.733333
0.066236,6.026667,5.713333
0.066637,6.086667,5.713333
0.067038,6.073333,5.800000
0.067439,6.093333,5.760000
0.067840,6.126667,5.786666
0.068242,6.153333,5.806666
0.068643,6.193333,5.826667
0.069045,6.206666,5.886667
0.069447,6.066667,5.853333
0.069848,6.266666,5.933333
0.070250,6.200000,5.933333
0.070651,6.206666,5.940000
0.071053,6.286667,5.940000
0.071454,6.320000,5.946667
0.071855,6.313334,5.980000
0.072257,6.380000,6.086667
0.072658,6.380000,6.066667
0.073059,6.406667,6.086667
0.073460,6.433333,6.113333
0.073862,6.460000,6.113333
0.074263,6.546667,6.166667
0.074665,6.473333,6.186666
0.075066,6.526666,6.193333
0.075468,6.546667,6.193333
0.075869,6.586667,6.213333
0.076270,6.640000,6.240000
0.076673,6.640000,6.266666
0.077075,6.666667,6.240000
0.077477,6.700000,6.320000
0.077878,6.660000,6.360000
0.078280,6.733333,6.326666
0.078681,6.786666,6.313334
0.079083,6.786666,6.346667
0.079484,6.813333,6.446667
0.079887,6.753333,6.466667
0.080289,6.873333,6.473333
0.080690,6.893333,6.473333
0.081092,6.906667,6.500000
0.081494,6.933333,6.600000
0.081895,6.960000,6.546667
0.082296,6.986666,6.633333
0.082698,7.013333,6.646667
0.083103,7.026667,6.620000
0.083504,7.060000,6.800000
0.083905,7.080000,6.740000
0.084307,7.080000,6.600000
0.084708,7.260000,6.726666
0.085110,7.160000,6.760000
0.085511,7.180000,6.786666
0.085912,7.173333,6.813333
0.086314,7.273333,6.846666
0.086715,7.280000,6.893333
0.087117,7.219999,6.866666
0.087518,7.386667,6.926667
0.087919,7.346666,6.960000
0.088321,7.346666,6.960000
0.088722,7.360000,6.973333
0.089124,7.386667,7.006667
0.089525,7.406666,7.080000
0.089927,7.413333,7.046667
0.090328,7.400000,7.046667
0.090729,7.493333,7.113333
0.091131,7.520000,7.073333
0.091532,7.526666,7.166667
0.091935,7.540000,7.166667
0.092336,7.579999,7.193333
0.092737,7.600000,7.180000
0.093138,7.640000,7.219999
0.093540,7.693334,7.266667
0.093942,7.726667,7.286667
0.094343,7.733333,7.320000
0.094745,7.720000,7.313333
0.095147,7.960000,7.313333
0.095549,7.780000,7.446666
0.095951,7.780000,7.200000
0.096352,7.800000,7.473333
0.096753,7.860000,7.433333
0.097154,7.866666,7.440000
0.097555,7.900000,7.486667
0.097957,7.920000,7.486667
0.098359,7.960000,7.520000
0.098762,7.966667,7.546666
0.099164,7.966667,7.593334
0.099566,8.026667,7.540000
0.099968,8.033334,7.640000
0.100369,8.073333,7.653333
0.100770,8.040000,7.673333
0.101172,8.120000,7.679999
0.101574,8.146667,7.706666
0.101975,8.179999,7.746666
0.102376,8.246666,7.760000
0.102777,8.220000,7.766666
0.103178,8.240000,7.813334
0.103579,8.220000,7.753333
0.103981,8.273334,7.913333
0.104383,8.200000,7.906666
0.104785,8.366667,7.840000
0.105186,8.379999,7.953333
0.105589,8.386666,7.946667
0.105990,8.433333,7.973333
0.106392,8.420000,8.026667
0.106794,8.480000,8.040000
0.107195,8.460000,8.040000
0.107596,8.506666,8.053332
0.107997,8.566667,8.080000
0.108399,8.540000,8.106667
0.108800,8.606667,8.100000
0.109201,8.593333,8.160000
0.109602,8.673333,8.220000
0.110003,8.653333,8.233334
0.110405,8.686666,8.273334
0.110806,8.693334,8.300000
0.111208,8.740000,8.273334
0.111610,8.773333,8.273334
0.112011,8.826667,8.360000
0.112412,8.813334,8.346666
0.112813,8.839999,8.420000
0.113214,8.846666,8.393332
0.113617,8.920000,8.420000
0.114018,8.926666,8.453333
0.114420,8.960000,8.473333
0.114821,8.960000,8.513332
0.115222,9.013333,8.546666
0.115624,9.020000,8.493334
0.116025,8.980000,8.560000
0.116426,9.080000,8.593333
0.116828,9.093333,8.633333
0.117230,9.099999,8.606667
0.117631,9.146667,8.686666
0.118032,9.193333,8.693334
0.118434,9.166666,8.726666
0.118835,9.160000,8.733333
0.119237,9.220000,8.740000
0.119638,9.286667,8.746667
0.120040,9.273334,8.780000
0.120442,9.233333,8.833333
0.120843,9.340000,8.853333
0.121245,9.326667,8.853333
0.121647,9.346666,8.913333
0.122048,9.340000,8.926666
0.122449,9.460000,8.946667
0.122850,9.499999,9.000000
0.123252,9.526667,9.006666
0.123654,9.580000,9.020000
0.124055,9.573333,9.039999
0.124456,9.606667,9.093333
0.124858,9.606667,9.033333
0.125260,9.633333,9.099999
0.125663,9.666667,9.106667
0.126064,9.719999,9.160000
0.126465,9.726666,9.186666
0.126866,9.719999,9.206667
0.127267,9.786667,9.253333
0.127670,9.826666,9.266666
0.128071,9.820000,9.266666
0.128473,9.853333,9.280000
0.128874,9.806666,9.333333
0.129275,9.886666,9.320000
0.129677,9.913333,9.346666
0.130079,9.959999,9.346666
0.130480,9.959999,9.440000
0.130882,9.993333,9.480000
0.131283,10.013333,9.553333
0.131684,10.046666,9.499999
0.132085,10.046666,9.540000
0.132486,10.073334,9.546667
0.132887,10.113333,9.613334
0.133288,10.140000,9.613334
0.133689,10.146667,9.626666
0.134090,10.166666,9.680000
0.134491,10.179999,9.700000
0.134892,10.273334,9.719999
0.135294,10.273334,9.719999
0.135695,10.240000,9.773333
0.136097,10.326667,9.786667
0.136499,10.326667,9.833333
0.136900,10.366666,9.853333
0.137301,10.393333,9.866667
0.137703,10.406667,9.966666
0.138105,10.473333,9.966666
0.138506,10.553332,9.953333
0.138909,10.493333,9.953333
0.139310,10.533334,9.953333
0.139711,10.553332,9.966666
0.140112,10.526667,10.013333
0.140515,10.593333,10.046666
0.140916,10.626666,10.053333
0.141318,10.673333,10.106667
0.141719,10.706666,10.126667
0.142120,10.646667,10.133333
0.142521,10.740000,10.153333
0.142923,10.786667,10.113333
0.143325,10.780000,10.166666
0.143726,10.800000,10.260000
0.144127,10.853333,10.260000
0.144528,10.866667,10.280000
0.144931,10.893332,10.140000
0.145334,10.940000,10.320000
0.145735,10.920000,10.353333
0.146137,11.000000,10.380000
0.146538,10.986667,10.320000
0.146939,11.020000,10.440000
0.147341,11.040000,10.453333
0.147742,11.040000,10.493333
0.148144,11.079999,10.493333
0.148545,11.066667,10.533334
0.148946,11.113334,10.500000
0.149348,11.166666,10.533334
0.149749,11.173333,10.573333
0.150151,11.206666,10.613333
0.150552,11.233333,10.653334
0.150954,11.226666,10.780000
0.151355,11.280000,10.746666
0.151756,11.300000,10.726666
0.152158,11.326667,10.759999
0.152559,11.420000,10.766666
0.152960,11.460000,10.753333
0.153363,11.366667,10.840000
0.153765,11.486667,10.840000
0.154166,11.446667,10.966666
0.154567,11.500000,10.893332
0.154968,11.500000,10.860000
0.155369,11.480000,10.920000
0.155771,11.613333,10.960000
0.156172,11.566667,10.993334
0.156574,11.586667,11.013332
0.156976,11.593333,11.033333
0.157378,11.626666,11.020000
0.157779,11.693333,11.020000
0.158181,11.733333,10.940000
0.158584,11.726666,11.120000
0.158985,11.733333,11.120000
0.159386,11.806666,11.233333
0.159787,11.773334,11.160000
0.160188,11.820000,11.193334
0.160590,11.820000,11.233333
0.160991,11.886666,11.206666
0.161393,11.733333,11.266666
0.161794,11.926666,11.300000
0.162195,11.846666,11.386666
0.162596,11.973333,11.266666
0.162997,11.986667,11.373333
0.163398,11.986667,11.386666
0.163801,12.059999,11.386666
0.164202,12.059999,11.420000
0.164603,12.080000,11.613333
0.165005,12.139999,11.480000
0.165406,12.206666,11.500000
0.165809,12.186666,11.539999
0.166211,12.233334,11.559999
0.166614,12.253333,11.559999
0.167015,12.273333,11.580000
0.167417,12.273333,11.606667
0.167818,12.293333,11.660000
0.168220,12.360000,11.580000
0.168621,12.400000,11.633333
0.169023,12.400000,11.713333
0.169424,12.500000,11.840000
0.169826,12.446667,11.760000
0.170227,12.446667,11.780000
0.170628,12.566667,11.766666
0.171029,12.506667,11.893333
0.171431,12.480000,11.866666
0.171832,12.580000,11.893333
0.172234,12.573334,11.906667
0.172635,12.620000,11.933332
0.173037,12.613333,11.933332
0.173439,12.640000,11.926666
0.173840,12.673333,11.973333
0.174242,12.719999,11.973333
0.174644,12.733333,12.033333
0.175045,12.733333,12.126666
0.175446,12.633333,12.013333
0.175849,12.766666,12.073333
0.176250,12.813334,12.093333
0.176651,12.820000,12.126666
0.177053,12.880000,12.213333
0.177454,12.880000,12.300000
0.177855,12.913333,12.059999
0.178257,12.946667,12.246667
0.178659,12.940000,12.300000
0.179060,12.986666,12.306666
0.179461,13.006666,12.280000
0.179862,13.020000,12.339999
0.180264,13.073333,12.360000
0.180665,13.086667,12.393332
0.181067,13.113333,12.426666
0.181468,13.160000,12.446667
0.181870,13.139999,12.506667
0.182272,13.173333,12.459999
0.182673,13.106667,12.520000
0.183074,13.213333,12.506667
0.183475,13.253333,12.553333
0.183876,13.280000,12.546666
0.184278,13.293333,12.620000
0.184679,13.313333,12.520000
0.185081,13.320000,12.646667
0.185482,13.386665,12.693334
0.185884,13.440000,12.700000
0.186286,13.473332,12.686666
0.186687,13.406666,12.733333
0.187089,13.466666,12.740000
0.187490,13.533333,12.793333
0.187891,13.599999,12.780000
0.188293,13.593333,12.806666
0.188695,13.566667,12.860000
0.189097,13.579999,12.860000
0.189499,13.613334,12.886666
0.189900,13.639999,12.900000
0.190301,13.646666,12.940000
0.190703,13.653334,12.953333
0.191105,13.700000,12.873333
0.191506,13.706666,12.926666
0.191907,13.740001,13.020000
0.192309,13.733333,13.020000
0.192710,13.753333,13.033334
0.193111,13.740001,13.106667
0.193512,13.826666,13.113333
0.193913,13.839999,13.133333
0.194314,13.893333,13.133333
0.194715,13.866666,13.179999
0.195117,13.813334,13.206666
0.195519,13.946667,13.286667
0.195920,13.953333,13.220000
0.196321,13.999999,13.306666
0.196722,14.039999,13.300000
0.197124,14.020000,13.293333
0.197525,14.066666,13.320000
0.197926,14.086666,13.333333
0.198328,14.113334,13.353333
0.198729,14.153333,13.506666
0.199132,14.233333,13.406666
0.199534,14.180000,13.460000
0.199936,14.213333,13.553333
0.200337,14.266667,13.440000
0.200739,14.219999,13.486667
0.201140,14.280000,13.480000
0.201541,14.306665,13.546667
0.201942,14.366666,13.559999
0.202344,14.333334,13.586667
0.202745,14.466667,13.633333
0.203146,14.366666,13.639999
0.203547,14.453333,13.646666
0.203949,14.413333,13.680000
0.204350,14.559999,13.673334
0.204752,14.459999,13.713332
0.205153,14.499999,13.740001
0.205554,14.526666,13.820000
0.205955,14.540000,13.806667
0.206356,14.553333,13.806667
0.206759,14.633332,13.820000
0.207160,14.606667,13.820000
0.207561,14.633332,13.853333
0.207962,14.640000,13.873334
0.208363,14.706667,13.873334
0.208764,14.693333,13.933332
0.209166,14.706667,13.913332
0.209567,14.733334,13.993333
0.209968,14.773334,13.880000
0.210369,14.753333,13.999999
0.210770,14.820000,14.006667
0.211171,14.853333,14.073334
0.211574,14.873333,14.053333
0.211975,14.926667,14.133332
0.212376,14.773334,14.160000
0.212777,14.919999,14.173332
0.213180,14.913333,14.166666
0.213581,14.953333,14.180000
0.213982,14.953333,14.200001
0.214384,14.953333,14.200001
0.214785,15.013333,14.239999
0.215187,15.113333,14.246667
0.215588,15.100000,14.273334
0.215990,15.119999,14.286666
0.216391,15.139999,14.340000
0.216794,15.186667,14.326666
0.217195,15.226665,14.320000
0.217597,15.240000,14.353333
0.217998,15.226665,14.340000
0.218400,15.253334,14.420000
0.218801,15.266666,14.420000
0.219202,15.280000,14.473333
0.219604,15.260000,14.406667
0.220005,15.193334,14.573334
0.220406,15.326667,14.526666
0.220807,15.260000,14.520000
0.221208,15.359999,14.546666
0.221610,15.406667,14.580000
0.222011,15.433333,14.606667
0.222412,15.486666,14.646667
0.222813,15.493332,14.573334
0.223214,15.520000,14.666667
0.223616,15.526667,14.679999
0.224017,15.560000,14.693333
0.224419,15.586667,14.726667
0.224820,15.626667,14.746666
0.225222,15.633333,14.773334
0.225623,15.579999,14.766665
0.226024,15.713334,14.840000
0.226425,15.733333,14.846666
0.226826,15.660000,14.873333
0.227227,15.713334,14.880000
0.227629,15.773333,14.693333
0.228030,15.773333,14.946667
0.228431,15.806666,14.926667
0.228832,15.766666,14.953333
0.229233,15.806666,14.946667
0.229634,15.646666,14.953333
0.230036,15.873333,14.953333
0.230438,15.886665,14.953333
0.230839,15.920000,15.080000
0.231241,15.946666,15.080000
0.231643,15.960000,15.126667
0.232045,15.966666,15.119999
0.232446,16.020000,15.166667
0.232847,16.013332,15.179999
0.233249,16.013332,15.186667
0.233651,16.080000,15.153333
0.234052,16.080000,15.213333
0.234453,16.213333,15.273333
0.234854,16.133333,15.253334
0.235255,16.139999,15.219999
0.235656,16.133333,15.300000
0.236057,16.186666,15.306666
0.236458,16.240000,15.333333
0.236861,16.193333,15.346666
0.237263,16.320000,15.366667
0.237665,16.240000,15.393333
0.238066,16.353333,15.393333
0.238468,16.313334,15.426665
0.238869,16.320000,15.446666
0.239271,16.359999,15.486666
0.239672,16.400000,15.486666
0.240074,16.379999,15.493332
0.240476,16.420000,15.553332
0.240877,16.446667,15.566667
0.241279,16.460001,15.573333
0.241680,16.460001,15.546666
0.242082,16.513332,15.579999
0.242483,16.513332,15.606667
0.242884,16.519999,15.626667
0.243286,16.480000,15.653334
0.243687,16.566666,15.573333
0.244088,16.593334,15.693334
0.244490,16.619999,15.706666
0.244891,16.619999,15.726666
0.245293,16.686666,15.746666
0.245694,16.633331,15.746666
0.246095,16.653332,15.780001
0.246496,16.753332,15.806666
0.246898,16.726667,15.819999
0.247299,16.753332,15.839999
0.247701,16.759998,15.873333
0.248104,16.773333,15.780001
0.248505,16.799999,15.920000
0.248906,16.813334,15.920000
0.249307,16.833334,15.920000
0.249709,16.813334,15.953332
0.250111,16.893332,15.913334
0.250512,16.886665,15.960000
0.250914,16.893332,15.960000
0.251315,16.906666,16.000000
0.251716,16.913332,16.039999
0.252117,16.939999,16.073334
0.252518,16.920000,16.066668
0.252919,16.953333,16.133333
0.253321,16.980000,16.099998
0.253722,16.939999,16.099998
0.254124,17.006666,16.099998
0.254525,17.019999,16.180000
0.254927,17.006666,16.133333
0.255328,17.046665,16.253332
0.255730,17.059999,16.266666
0.256132,17.059999,16.219999
0.256533,17.106667,16.253332
0.256934,17.086666,16.273333
0.257335,17.113333,16.466667
0.257737,17.146666,16.273333
0.258138,17.139999,16.273333
0.258539,17.173332,16.353333
0.258940,17.186666,16.326666
0.259342,17.179998,16.353333
0.259743,17.193333,16.153334
0.260145,17.253334,16.413332
0.260546,17.253334,16.413332
0.260948,17.260000,16.453333
0.261349,17.279999,16.446667
0.261750,17.293333,16.446667
0.262151,17.326666,16.453333
0.262552,17.333332,16.486666
0.262953,17.333332,16.499998
0.263354,17.413332,16.713333
0.263755,17.353333,16.559999
0.264157,17.400000,16.593334
0.264558,17.406666,16.559999
0.264959,17.426666,16.600000
0.265360,17.419998,16.619999
0.265762,17.466665,16.639999
0.266164,17.413332,16.660000
0.266565,17.480000,16.653332
0.266966,17.473333,16.693333
0.267368,17.493334,16.713333
0.267769,17.546665,16.726667
0.268171,17.513334,16.759998
0.268574,17.593332,16.733334
0.268976,17.606667,16.773333
0.269378,17.606667,16.786665
0.269779,17.646667,16.786665
0.270180,17.633333,16.853334
0.270582,17.653334,16.826666
0.270983,17.660000,16.886665
0.271384,17.706665,16.833334
0.271785,17.686666,16.853334
0.272186,17.686666,16.860001
0.272587,17.726665,16.900000
0.272988,17.726665,16.866667
0.273390,17.746666,16.893332
0.273792,17.746666,16.886665
0.274193,17.766666,16.920000
0.274595,17.780001,16.893332
0.274996,17.833332,16.913332
0.275398,17.926666,16.959999
0.275800,17.833332,16.926666
0.276201,17.833332,16.959999
0.276602,17.873333,16.993334
0.277004,17.879999,16.926666
0.277406,17.879999,17.373333
0.277807,17.900000,17.013332
0.278208,17.820000,17.106667
0.278609,17.853333,17.039999
0.279010,17.946665,17.059999
0.279411,17.893333,17.053333
0.279812,17.953333,17.120001
0.280213,17.993332,17.153332
0.280614,17.993332,17.120001
0.281015,18.020000,17.139999
0.281416,18.020000,17.146666
0.281817,18.013332,17.113333
0.282218,18.073332,17.179998
0.282620,18.040001,17.186666
0.283022,18.040001,17.193333
0.283423,18.093332,17.219999
0.283825,18.139999,17.360001
0.284227,18.119999,17.246666
0.284628,18.126667,17.240000
0.285029,18.133333,17.260000
0.285430,18.160000,17.293333
0.285831,18.166666,17.279999
0.286233,18.053333,17.306665
0.286634,18.240000,17.320000
0.287036,18.186666,17.333332
0.287437,18.086666,17.333332
0.287838,18.280001,17.340000
0.288240,18.213333,17.333332
0.288641,18.253332,17.366667
0.289043,18.260000,17.606667
0.289444,18.273333,17.366667
0.289846,18.299999,17.393333
0.290247,18.299999,17.433332
0.290648,18.313334,17.466665
0.291050,18.326666,17.446667
0.291451,18.339998,17.473333
0.291852,18.353333,17.459999
0.292254,18.346666,17.493334
0.292655,18.280001,17.453333
0.293056,18.393333,17.486666
0.293457,18.386665,17.506666
0.293858,18.406666,17.539999
0.294260,18.400000,17.539999
0.294662,18.426666,17.539999
0.295063,18.433334,17.520000
0.295465,18.426666,17.593332
0.295866,18.493332,17.606667
0.296267,18.493332,17.606667
0.296668,18.613333,17.506666
0.297069,18.520000,17.639999
0.297470,18.526667,17.639999
0.297871,18.513332,17.619999
0.298273,18.526667,17.666666
0.298675,18.553333,17.693333
0.299077,18.566668,17.673332
0.299479,18.580000,17.686666
0.299881,18.580000,17.653334
0.300282,18.580000,17.699999
0.300684,18.693333,17.746666
0.301085,18.613333,17.686666
0.301487,18.626665,17.733334
0.301888,18.706667,17.733334
0.302289,18.660000,17.746666
0.302691,18.653334,17.760000
0.303092,18.660000,17.786667
0.303493,18.706667,17.813332
0.303894,18.753332,17.813332
0.304295,18.666666,17.820000
0.304697,18.719999,17.806665
0.305098,18.726665,17.806665
0.305499,18.746666,17.840000
0.305900,18.759998,17.846666
0.306302,18.773333,17.879999
0.306703,18.786667,17.873333
0.307105,18.813334,18.046667
0.307506,18.799999,17.913334
0.307907,18.813334,17.886667
0.308309,18.806667,17.920000
0.308710,18.799999,17.926666
0.309111,18.846666,17.939999
0.309513,18.853333,17.993332
0.309915,18.773333,17.959999
0.310316,18.873333,17.953333
0.310718,18.853333,17.966665
0.311119,18.893333,18.013332
0.311521,18.859999,18.000000
0.311922,18.920000,18.006666
0.312323,18.893333,18.006666
0.312725,18.993332,18.020000
0.313126,18.893333,18.020000
0.313527,18.966667,18.026667
0.313928,18.966667,18.040001
0.314329,18.973333,18.053333
0.314730,18.973333,18.000000
0.315132,19.059999,18.073332
0.315535,18.966667,18.020000
0.315937,18.980000,18.086666
0.316339,19.019999,18.086666
0.316740,19.059999,18.099998
0.317141,19.039999,18.126667
0.317542,19.059999,18.079998
0.317943,19.039999,18.133333
0.318345,19.073334,18.180000
0.318746,19.080000,18.160000
0.319147,19.126665,18.166666
0.319548,19.100000,18.186666
0.319949,19.093334,18.193333
0.320350,19.153332,18.186666
0.320752,19.119999,18.293333
0.321153,19.160000,18.186666
0.321554,19.113333,18.240000
0.321955,19.153332,18.126667
0.322356,19.146666,18.219999
0.322757,19.173332,18.213333
0.323158,19.186666,18.266666
0.323559,19.233334,18.400000
0.323960,19.193333,18.213333
0.324361,19.193333,18.253332
0.324762,19.206667,18.286667
0.325164,19.233334,18.406666
0.325565,19.233334,18.273333
0.325968,19.240000,18.293333
0.326369,19.246666,18.320000
0.326770,19.233334,18.206665
0.327172,19.259998,18.333332
0.327573,19.246666,18.313334
0.327975,19.266666,18.320000
0.328377,19.273333,18.313334
0.328778,19.279999,18.473331
0.329179,19.299999,18.359999
0.329580,19.353334,18.586666
0.329982,19.313334,18.359999
0.330384,19.326666,18.359999
0.330785,19.313334,18.379999
0.331187,19.340000,18.373333
0.331588,19.340000,18.393333
0.331989,19.346666,18.400000
0.332390,19.366667,18.400000
0.332791,19.346666,18.400000
0.333193,19.340000,18.406666
0.333594,19.413332,18.413334
0.333995,19.386665,18.440001
0.334397,19.433332,18.420000
0.334798,19.453333,18.459999
0.335199,19.413332,18.426666
0.335600,19.426666,18.486666
0.336001,19.386665,18.400000
0.336402,19.413332,18.420000
0.336804,19.426666,18.526667
0.337206,19.439999,18.473331
0.337607,19.400000,18.473331
0.338008,19.439999,18.486666
0.338409,19.473333,18.486666
0.338811,19.426666,18.473331
0.339212,19.459999,18.506666
0.339614,19.459999,18.513332
0.340015,19.480000,18.526667
0.340416,19.480000,18.513332
0.340817,19.506666,18.520000
0.341219,19.506666,18.533333
0.341620,19.519999,18.553333
0.342021,19.466667,18.533333
0.342422,19.506666,18.546667
0.342824,19.506666,18.559999
0.343226,19.633333,18.473331
0.343627,19.546665,18.553333
0.344029,19.553333,18.573334
0.344430,19.546665,18.766666
0.344831,19.466667,18.626665
0.345232,19.580000,18.613333
0.345633,19.559999,18.619999
0.346034,19.699999,18.646666
0.346435,19.613333,18.520000
0.346837,19.480000,18.599998
0.347239,19.673332,18.613333
0.347640,19.620001,18.639999
0.348041,19.613333,18.626665
0.348442,19.620001,18.619999
0.348843,19.633333,18.646666
0.349245,19.633333,18.639999
0.349646,19.626667,18.726665
0.350049,19.626667,18.660000
0.350450,19.639999,18.686666
0.350851,19.633333,18.653334
0.351253,19.639999,18.666666
0.351654,19.653332,18.646666
0.352055,19.666666,18.673334
0.352457,19.673332,18.586666
0.352858,19.646666,18.660000
0.353260,19.646666,18.700001
0.353661,19.480000,18.693333
0.354062,19.686666,18.686666
0.354463,19.666666,18.726665
0.354864,19.666666,18.686666
0.355265,19.693333,18.713333
0.355666,19.699999,18.713333
0.356067,19.686666,18.706667
0.356468,19.733334,18.680000
0.356870,19.699999,18.726665
0.357272,19.719999,18.706667
0.357673,19.699999,18.733332
0.358074,19.699999,18.713333
0.358476,19.693333,18.759998
0.358877,19.733334,18.726665
0.359279,19.719999,18.759998
0.359680,19.760000,18.766666
0.360082,19.686666,18.746666
0.360483,19.719999,18.759998
0.360884,19.753334,18.719999
0.361286,19.719999,18.746666
0.361687,19.740000,18.746666
0.362089,19.813332,18.753332
0.362491,19.666666,18.766666
0.362892,19.773333,18.713333
0.363293,19.753334,18.820000
0.363694,19.766666,18.766666
0.364096,19.766666,18.753332
0.364498,19.786665,18.753332
0.364899,19.773333,18.759998
0.365301,19.779999,18.766666
0.365702,19.773333,18.779999
0.366105,19.786665,18.766666
0.366506,19.779999,18.786667
0.366907,19.779999,18.786667
0.367308,19.760000,18.793333
0.367709,19.799999,18.786667
0.368112,19.793333,18.799999
0.368513,19.786665,18.920000
0.368914,19.813332,18.786667
0.369315,19.826666,18.733332
0.369716,19.806665,18.806667
0.370118,19.806665,18.879999
0.370519,19.853333,18.820000
0.370920,19.806665,18.680000
0.371321,19.826666,18.799999
0.371723,19.786665,18.779999
0.372124,19.833332,18.799999
0.372525,19.820000,18.826666
0.372927,19.826666,18.713333
0.373328,19.806665,18.826666
0.373729,19.833332,18.960001
0.374131,19.833332,18.833334
0.374533,19.753334,18.759998
0.374935,19.813332,18.820000
0.375337,19.846666,18.833334
0.375738,19.793333,18.793333
0.376139,19.846666,18.833334
0.376541,19.826666,18.799999
0.376943,19.833332,18.840000
0.377345,19.806665,18.833334
0.377747,19.893333,18.840000
0.378148,19.840000,18.826666
0.378550,19.766666,18.813334
0.378952,19.766666,18.859999
0.379353,19.906666,18.846666
0.379754,19.840000,18.859999
0.380156,19.840000,18.766666
0.380558,19.833332,18.826666
0.380959,19.826666,18.846666
0.381360,19.833332,18.833334
0.381761,19.860001,18.873333
0.382163,19.813332,18.906666
0.382565,19.833332,18.846666
0.382966,19.846666,18.826666
0.383371,19.786665,18.879999
0.383773,19.833332,18.833334
0.384174,19.833332,18.840000
0.384576,19.906666,18.946667
0.384977,19.840000,18.873333
0.385378,19.833332,18.866665
0.385779,19.753334,18.840000
0.386180,19.866667,18.779999
0.386582,19.833332,18.906666
0.386983,19.846666,18.873333
0.387385,19.820000,18.826666
0.387787,19.973333,18.833334
0.388188,19.840000,18.766666
0.388590,19.840000,18.840000
0.388991,19.840000,18.853333
0.389392,19.840000,18.840000
0.389794,19.840000,18.853333
0.390195,19.820000,18.833334
0.390596,19.833332,18.846666
0.390997,19.833332,18.826666
0.391399,19.853333,18.826666
0.391800,19.820000,18.820000
0.392201,19.820000,18.779999
0.392603,19.840000,18.886665
0.393004,19.833332,18.846666
0.393407,19.826666,18.826666
0.393808,19.826666,18.900000
0.394209,19.913332,18.766666
0.394610,19.833332,18.826666
0.395011,19.840000,18.820000
0.395413,19.866667,18.713333
0.395814,19.826666,18.793333
0.396217,19.826666,18.779999
0.396619,19.866667,18.820000
0.397021,19.820000,18.813334
0.397423,19.786665,18.806667
0.397825,19.793333,18.820000
0.398227,19.786665,18.779999
0.398628,19.793333,18.799999
0.399030,19.826666,19.273333
0.399431,19.793333,18.873333
0.399833,19.766666,18.826666
0.400234,19.779999,18.786667
0.400635,19.840000,18.786667
0.401036,19.773333,18.846666
0.401437,19.786665,18.793333
0.401838,19.813332,18.799999
0.402240,19.806665,18.813334
0.402641,19.833332,18.766666
0.403043,19.773333,18.759998
0.403445,19.753334,18.766666
0.403847,19.806665,18.799999
0.404248,19.773333,18.740000
0.404650,19.853333,18.773333
0.405051,19.740000,18.719999
0.405452,19.740000,18.766666
0.405854,19.733334,18.766666
0.406255,19.766666,18.766666
0.406656,19.740000,18.879999
0.407057,19.726667,18.753332
0.407459,19.733334,18.719999
0.407860,19.726667,18.733332
0.408262,19.526665,18.759998
0.408664,19.699999,18.726665
0.409065,19.733334,18.733332
0.409467,19.726667,18.766666
0.409868,19.719999,18.726665
0.410269,19.719999,18.746666
0.410670,19.753334,18.719999
0.411072,19.713333,18.733332
0.411474,19.699999,18.660000
0.411876,19.706667,18.873333
0.412278,19.666666,18.733332
0.412680,19.659998,18.639999
0.413081,19.653332,18.693333
0.413483,19.740000,18.719999
0.413885,19.779999,18.686666
0.414287,19.673332,18.673334
0.414688,19.686666,18.713333
0.415089,19.659998,18.646666
0.415490,19.659998,18.653334
0.415891,19.659998,18.686666
0.416292,19.639999,18.626665
0.416693,19.580000,18.766666
0.417095,19.653332,18.639999
0.417496,19.626667,18.660000
0.417898,19.620001,18.613333
0.418299,19.639999,18.646666
0.418700,19.626667,18.633333
0.419105,19.580000,18.639999
0.419507,19.606667,18.660000
0.419909,19.593332,18.626665
0.420310,19.719999,18.646666
0.420712,19.600000,18.653334
0.421113,19.586666,18.593332
0.421514,19.600000,18.599998
0.421915,19.586666,18.639999
0.422316,19.573334,18.593332
0.422718,19.580000,18.593332
0.423119,19.519999,18.599998
0.423521,19.559999,18.580000
0.423922,19.566666,18.559999
0.424324,19.553333,18.580000
0.424726,19.539999,18.546667
0.425127,19.539999,18.440001
0.425528,19.533333,18.566668
0.425930,19.500000,18.526667
0.426332,19.546665,18.566668
0.426733,19.493334,18.533333
0.427134,19.333334,18.520000
0.427536,19.480000,18.526667
0.427938,19.459999,18.513332
0.428339,19.500000,18.513332
0.428741,19.480000,18.520000
0.429143,19.373333,18.586666
0.429544,19.413332,18.500000
0.429945,19.446667,18.473331
0.430346,19.273333,18.493332
0.430747,19.480000,18.526667
0.431148,19.400000,18.453333
0.431550,19.420000,18.466665
0.431952,19.413332,18.466665
0.432354,19.426666,18.459999
0.432755,19.393332,18.353333
0.433157,19.406666,18.453333
0.433559,19.366667,18.506666
0.433960,19.406666,18.406666
0.434362,19.393332,18.440001
0.434764,19.366667,18.406666
0.435165,19.366667,18.400000
0.435566,19.353334,18.393333
0.435968,19.340000,18.400000
0.436369,19.366667,18.393333
0.436771,19.333334,18.346666
0.437172,19.373333,18.393333
0.437573,19.240000,18.346666
0.437974,19.326666,18.313334
0.438375,19.333334,18.333332
0.438777,19.293333,18.353333
0.439179,19.273333,18.273333
0.439580,19.279999,18.346666
0.439982,19.286665,18.326666
0.440383,19.273333,18.233332
0.440784,19.246666,18.333332
0.441186,19.299999,18.299999
0.441587,19.219999,18.266666
0.441989,19.173332,18.286667
0.442391,19.166666,18.280001
0.442792,19.206667,18.273333
0.443193,19.206667,18.253332
0.443594,19.180000,18.240000
0.443995,19.186666,18.253332
0.444396,19.213333,18.253332
0.444797,19.139999,18.226665
0.445199,19.133331,18.206665
0.445600,19.133331,18.219999
0.446001,19.139999,18.180000
0.446402,19.093334,18.146666
0.446803,19.139999,18.180000
0.447205,19.113333,18.186666
0.447606,19.139999,18.180000
0.448008,19.100000,18.139999
0.448409,19.080000,18.160000
0.448810,19.180000,18.146666
0.449211,18.966667,18.146666
0.449612,19.059999,18.126667
0.450013,19.073334,18.139999
0.450414,19.059999,18.059999
0.450815,19.053333,18.079998
0.451217,19.033333,18.113333
0.451619,19.019999,18.213333
0.452020,18.999998,18.086666
0.452421,18.999998,18.066666
0.452822,18.980000,18.046667
0.453224,18.920000,18.079998
0.453626,18.940001,18.020000
0.454027,18.946667,18.040001
0.454429,18.946667,18.040001
0.454831,19.059999,18.046667
0.455233,18.913332,18.020000
0.455635,18.913332,17.993332
0.456036,18.906666,17.966665
0.456437,18.906666,17.973333
0.456838,18.879999,17.959999
0.457240,18.886665,18.040001
0.457642,18.873333,17.926666
0.458044,18.846666,17.920000
0.458445,18.866665,17.913334
0.458847,18.786667,17.906668
0.459248,18.840000,17.926666
0.459650,18.826666,17.893333
0.460051,18.826666,17.873333
0.460452,18.786667,17.926666
0.460853,18.773333,17.886667
0.461254,18.766666,17.820000
0.461655,18.773333,17.879999
0.462056,18.859999,17.826666
0.462458,18.726665,17.873333
0.462859,18.726665,17.773333
0.463261,18.746666,17.859999
0.463663,18.680000,17.786667
0.464064,18.706667,17.786667
0.464466,18.686666,17.780001
0.464867,18.680000,17.760000
0.465269,18.639999,17.753334
0.465670,18.666666,17.766666
0.466071,18.633333,17.760000
0.466473,18.619999,17.746666
0.466874,18.606665,17.726665
0.467275,18.619999,17.746666
0.467677,18.599998,17.740000
0.468079,18.573334,17.679998
0.468481,18.559999,17.706665
0.468883,18.573334,17.686666
0.469285,18.500000,17.639999
0.469687,18.526667,17.633333
0.470089,18.533333,17.626667
0.470490,18.526667,17.613333
0.470891,18.506666,17.653334
0.471292,18.359999,17.660000
0.471693,18.473331,17.633333
0.472095,18.466665,17.586666
0.472496,18.459999,17.586666
0.472898,18.413334,17.586666
0.473300,18.420000,17.539999
0.473701,18.413334,17.513334
0.474105,18.413334,17.913334
0.474508,18.426666,17.526667
0.474909,18.366667,17.446667
0.475311,18.420000,17.500000
0.475712,18.366667,17.526667
0.476113,18.393333,17.433332
0.476514,18.346666,17.459999
0.476915,18.333332,17.406666
0.477317,18.280001,17.600000
0.477719,18.293333,17.393333
0.478120,18.293333,17.406666
0.478521,18.180000,17.386667
0.478923,18.440001,17.333332
0.479324,18.246666,17.366667
0.479726,18.193333,17.333332
0.480127,18.226665,17.340000
0.480528,18.226665,17.333332
0.480929,18.199999,17.333332
0.481330,18.166666,17.586666
0.481731,18.173334,17.273333
0.482133,18.146666,17.253334
0.482535,18.146666,17.266666
0.482937,18.133333,17.260000
0.483338,18.126667,17.206667
0.483739,18.113333,17.219999
0.484140,18.093332,17.226667
0.484541,18.046667,17.186666
0.484943,18.033333,17.186666
0.485344,18.079998,17.186666
0.485745,18.066666,17.179998
0.486146,17.993332,17.179998
0.486547,17.993332,17.139999
0.486948,17.973333,17.120001
0.487350,18.026667,17.146666
0.487751,17.939999,17.093332
0.488152,17.946665,17.093332
0.488553,17.926666,17.053333
0.488954,17.920000,17.039999
0.489355,17.893333,17.053333
0.489756,17.886667,16.926666
0.490158,17.906668,17.039999
0.490559,17.933332,17.013332
0.490960,17.879999,17.013332
0.491361,17.706665,17.039999
0.491762,17.840000,16.926666
0.492164,17.820000,16.906666
0.492565,17.813332,16.939999
0.492966,17.793333,16.920000
0.493371,17.786667,16.920000
0.493772,17.746666,16.920000
0.494173,17.760000,16.873333
0.494574,17.746666,16.900000
0.494975,17.733334,16.900000
0.495376,17.780001,16.826666
0.495778,17.826666,16.846666
0.496179,17.713333,16.833334
0.496581,17.666666,16.826666
0.496983,17.653334,16.826666
0.497385,17.613333,16.806665
0.497786,17.526667,16.786665
0.498187,17.613333,16.799999
0.498589,17.626667,16.786665
0.498990,17.533333,16.673332
0.499392,17.553331,16.786665
0.499793,17.526667,16.713333
0.500194,17.500000,16.713333
0.500595,17.520000,16.706667
0.500996,17.553331,16.713333
0.501397,17.480000,16.673332
0.501799,17.459999,16.646666
0.502200,17.406666,16.626665
0.502601,17.400000,16.593334
0.503003,17.400000,16.606667
0.503404,17.380001,16.626665
0.503805,17.393333,16.613333
0.504206,17.313332,16.559999
0.504607,17.333332,16.559999
0.505009,17.393333,16.539999
0.505410,17.360001,16.519999
0.505811,17.326666,16.426666
0.506212,17.286665,16.446667
0.506613,17.260000,16.433332
0.507015,17.260000,16.446667
0.507416,17.286665,16.433332
0.507817,17.226667,16.426666
0.508220,17.206667,16.379999
0.508623,17.286665,16.366665
0.509024,17.019999,16.273333
0.509426,17.173332,16.306667
0.509827,17.139999,16.333334
0.510229,17.139999,16.273333
0.510631,17.173332,16.266666
0.511032,17.086666,16.253332
0.511434,17.086666,16.233332
0.511835,17.080000,16.253332
0.512237,17.039999,16.286667
0.512639,17.033333,16.219999
0.513040,17.033333,16.259998
0.513441,17.019999,16.153334
0.513842,16.993334,16.119999
0.514243,16.966667,16.106665
0.514645,16.980000,16.099998
0.515046,16.933332,16.046667
0.515447,16.913332,15.993333
0.515848,16.913332,16.126665
0.516249,16.900000,16.026667
0.516651,16.879999,16.000000
0.517052,16.886665,16.099998
0.517453,16.853334,16.000000
0.517854,16.853334,15.960000
0.518255,16.840000,15.953332
0.518657,16.853334,15.893333
0.519059,16.793333,15.839999
0.519460,16.786665,15.893333
0.519862,16.779999,15.799999
0.520264,16.753332,15.913334
0.520666,16.733334,15.873333
0.521067,16.680000,15.760000
0.521468,16.759998,15.799999
0.521870,16.700001,15.780001
0.522272,16.673332,15.760000
0.522673,16.626665,15.733333
0.523074,16.619999,15.720000
0.523475,16.619999,15.726666
0.523877,16.580000,15.673333
0.524279,16.559999,15.673333
0.524680,16.559999,15.639999
0.525082,16.513332,15.606667
0.525484,16.506666,15.713334
0.525885,16.533333,15.573333
0.526287,16.433332,15.573333
0.526688,16.259998,15.573333
0.527089,16.426666,15.533333
0.527490,16.413332,15.486666
0.527891,16.486666,15.520000
0.528292,16.359999,15.460000
0.528693,16.340000,15.446666
0.529094,16.366665,15.433333
0.529495,16.293333,15.413333
0.529896,16.279999,15.406667
0.530299,16.413332,15.366667
0.530701,16.226665,15.379999
0.531105,16.219999,15.333333
0.531506,16.166666,15.326667
0.531908,16.146666,15.326667
0.532310,16.106665,15.300000
0.532711,16.180000,15.300000
0.533112,15.993333,15.273333
0.533514,16.093332,15.213333
0.533916,16.139999,15.213333
0.534318,16.119999,15.193334
0.534719,16.033333,15.186667
0.535120,15.946666,15.139999
0.535521,16.013332,15.139999
0.535923,15.940000,14.953333
0.536324,15.940000,15.126667
0.536726,15.933333,14.953333
0.537127,15.940000,14.953333
0.537528,15.833333,14.953333
0.537929,15.780001,14.926667
0.538330,15.813333,14.953333
0.538731,15.819999,14.926667
0.539132,15.826667,15.093332
0.539533,15.773333,14.899999
0.539934,15.786667,14.893332
0.540335,15.700000,14.846666
0.540737,15.679999,14.886666
0.541138,15.686666,14.813333
0.541539,15.700000,14.813333
0.541941,15.660000,14.780000
0.542343,15.639999,14.813333
0.542744,15.566667,14.726667
0.543145,15.573333,14.706667
0.543546,15.573333,14.713333
0.543949,15.540000,14.733334
0.544350,15.553332,14.593332
0.544752,15.493332,14.666667
0.545153,15.473333,14.679999
0.545554,15.453334,14.600000
0.545955,15.480000,14.593332
0.546357,15.440000,14.553333
0.546758,15.393333,14.520000
0.547159,15.393333,14.553333
0.547562,15.359999,14.480000
0.547963,15.333333,14.580000
0.548364,15.266666,14.446667
0.548767,15.293332,14.453333
0.549168,15.233334,14.493333
0.549571,15.193334,14.400001
0.549972,15.226665,14.400001
0.550374,15.213333,14.353333
0.550775,15.186667,14.333334
0.551176,15.126667,14.353333
0.551579,15.126667,14.340000
0.551981,15.153333,13.793333
0.552382,15.119999,14.266667
0.552783,14.953333,14.253333
0.553185,14.953333,14.239999
0.553586,14.953333,14.219999
0.553988,14.926667,14.173332
0.554389,14.933333,14.173332
0.554791,14.933333,14.153333
0.555192,14.893332,14.160000
0.555595,14.833332,14.120000
0.555996,14.860001,14.080000
0.556398,14.899999,14.053333
0.556799,14.786666,14.026667
0.557200,14.786666,14.006667
0.557601,14.800000,13.993333
0.558003,14.766665,13.993333
0.558405,14.713333,13.933332
0.558806,14.706667,13.966666
0.559208,14.673333,13.933332
0.559609,14.679999,13.886666
0.560011,14.640000,13.860000
0.560413,14.559999,13.826666
0.560814,14.526666,13.833333
0.561215,14.586666,13.813334
0.561616,14.540000,13.806667
0.562018,14.520000,13.773333
0.562419,14.433332,13.753333
0.562820,14.439999,13.740001
0.563221,14.459999,13.646666
0.563622,14.386666,13.713332
0.564023,14.393332,13.653334
0.564425,14.380000,13.646666
0.564826,14.386666,13.646666
0.565227,14.393332,13.573333
0.565628,14.333334,13.606666
0.566030,14.299999,13.559999
0.566432,14.266667,13.639999
0.566833,14.259999,13.480000
0.567234,14.259999,13.473332
0.567635,14.173332,13.440000
0.568036,14.193333,13.460000
0.568438,14.140000,13.433333
0.568839,14.160000,13.466666
0.569240,14.106666,13.400000
0.569641,14.120000,13.240000
0.570043,14.073334,13.320000
0.570445,14.046667,13.326666
0.570847,14.026667,13.266666
0.571248,13.953333,13.253333
0.571649,14.006667,13.259999
0.572050,13.946667,13.226666
0.572451,13.940001,13.246666
0.572852,13.900000,13.160000
0.573253,13.906666,13.193333
0.573656,13.860000,13.173333
0.574057,13.853333,13.126666
0.574458,13.813334,13.100000
0.574859,13.779999,13.073333
0.575260,13.720000,13.066667
0.575661,13.740001,13.013333
0.576063,13.726666,13.033334
0.576464,13.706666,13.013333
0.576866,13.706666,13.000000
0.577268,13.599999,12.946667
0.577670,13.686666,12.893333
0.578071,13.633333,12.873333
0.578473,13.559999,12.826667
0.578875,13.520000,12.886666
0.579276,13.566667,12.919999
0.579677,13.520000,12.840000
0.580078,13.566667,12.633333
0.580480,13.466666,12.766666
0.580881,13.460000,12.766666
0.581282,13.453332,12.700000
0.581685,13.406666,12.686666
0.582086,13.379999,12.633333
0.582487,13.366667,12.646667
0.582888,13.306666,12.626667
0.583289,13.326666,12.613333
0.583692,13.273334,12.566667
0.584093,13.253333,12.540000
0.584494,13.306666,12.733333
0.584895,13.206666,12.553333
0.585297,13.233334,12.500000
0.585698,13.133333,12.480000
0.586103,13.126666,12.426666
0.586504,13.120000,12.420000
0.586905,13.093333,12.426666
0.587307,13.113333,12.646667
0.587708,13.033334,12.366667
0.588110,13.046666,12.293333
0.588512,13.033334,12.339999
0.588914,12.953333,12.246667
0.589316,12.946667,12.273333
0.589718,12.946667,12.280000
0.590119,12.900000,12.240000
0.590522,12.900000,12.233334
0.590923,12.906667,12.206666
0.591325,12.846666,12.153333
0.591726,12.853333,12.126666
0.592127,12.780000,12.086666
0.592529,12.740000,12.059999
0.592930,12.799999,11.926666
0.593332,12.719999,12.046667
0.593733,12.679999,12.013333
0.594134,12.646667,11.986667
0.594537,12.660000,11.780000
0.594939,12.586666,11.786667
0.595341,12.599999,11.926666
0.595742,12.559999,11.846666
0.596144,12.546666,11.913333
0.596545,12.606667,11.840000
0.596946,12.459999,11.786667
0.597347,12.440001,11.813333
0.597748,12.466666,11.773334
0.598150,12.420000,11.726666
0.598551,12.406666,11.726666
0.598953,12.326666,11.700000
0.599354,12.366667,11.720000
0.599756,12.326666,11.646667
0.600158,12.300000,11.679999
0.600559,12.293333,11.599999
0.600961,12.313334,11.546666
0.601362,12.246667,11.573333
0.601763,12.226666,11.539999
0.602166,12.153333,11.666666
0.602567,12.166667,11.453334
0.602969,12.113334,11.473332
0.603370,12.066666,11.453334
0.603772,12.026667,11.426666
0.604173,11.973333,11.666666
0.604574,12.059999,11.360000
0.604975,11.980000,11.360000
0.605376,11.940000,11.320000
0.605777,11.920000,11.300000
0.606178,11.913333,11.286666
0.606579,11.886666,11.233333
0.606980,11.873333,11.206666
0.607381,11.840000,11.146667
0.607782,11.833333,11.200000
0.608184,11.793333,11.193334
0.608585,11.746666,11.160000
0.608986,11.826667,11.073333
0.609387,11.693333,11.053333
0.609790,11.666666,11.079999
0.610192,11.666666,11.073333
0.610593,11.599999,11.006666
0.610995,11.640000,11.006666
0.611396,11.559999,11.013332
0.611798,11.566667,10.946666
0.612199,11.546666,10.960000
0.612600,11.520000,11.020000
0.613002,11.500000,10.893332
0.613403,11.473332,10.759999
0.613805,11.446667,10.826666
0.614206,11.406666,10.800000
0.614607,11.393333,10.780000
0.615009,11.339999,10.766666
0.615410,11.346666,10.726666
0.615811,11.346666,10.693333
0.616213,11.293333,10.666667
0.616614,11.246667,10.666667
0.617016,11.240000,10.653334
0.617418,11.213333,10.593333
0.617820,11.206666,10.639999
0.618221,11.093333,10.573333
0.618622,11.093333,10.533334
0.619023,11.146667,10.566667
0.619424,11.093333,10.493333
0.619827,11.060000,10.493333
0.620229,11.060000,10.726666
0.620630,11.020000,10.400000
0.621031,11.026667,10.413333
0.621433,10.966666,10.280000
0.621835,10.926667,10.386666
0.622236,10.946666,10.380000
0.622638,10.986667,10.320000
0.623039,10.840000,10.266666
0.623441,10.833333,10.286666
0.623842,10.800000,10.266666
0.624244,10.786667,10.193334
0.624645,10.766666,10.260000
0.625047,10.740000,10.053333
0.625449,10.740000,10.140000
0.625850,10.686666,10.133333
0.626252,10.653334,10.106667
0.626654,10.660000,10.086666
0.627056,10.620000,9.966666
0.627457,10.593333,10.040000
0.627858,10.546666,10.059999
0.628260,10.559999,9.966666
0.628661,10.553332,9.980000
0.629063,10.493333,9.973333
0.629465,10.486666,9.920000
0.629867,10.446667,9.920000
0.630268,10.340000,9.886666
0.630670,10.393333,9.860000
0.631071,10.366666,9.820000
0.631473,10.353333,9.800000
0.631874,10.299999,9.713333
0.632275,10.273334,9.733334
0.632678,10.246666,9.653333
0.633080,10.266666,9.706666
0.633482,10.206667,9.733334
0.633883,10.253333,9.680000
0.634284,10.179999,9.706666
0.634685,10.146667,9.653333
0.635086,10.086666,9.566666
0.635487,10.080000,9.526667
0.635888,10.086666,9.526667
0.636289,10.046666,9.486667
0.636691,10.006667,9.499999
0.637093,10.026666,9.460000
0.637495,9.940001,9.499999
0.637896,10.040000,9.346666
0.638297,10.106667,9.346666
0.638698,9.920000,9.340000
0.639103,9.886666,9.326667
0.639504,9.853333,9.326667
0.639905,9.806666,9.266666
0.640307,9.813334,9.280000
0.640708,9.800000,9.253333
0.641110,9.746667,9.280000
0.641511,9.773333,9.193333
0.641912,9.713333,9.153334
0.642314,9.733334,9.106667
0.642715,9.713333,9.160000
0.643117,9.626666,9.066667
0.643518,9.600000,9.059999
0.643920,9.606667,9.073333
0.644321,9.446667,9.006666
0.644722,9.499999,9.006666
0.645124,9.506666,8.986667
0.645525,9.406667,8.953334
0.645927,9.346666,8.920000
0.646328,9.393333,8.973332
0.646730,9.179999,8.866667
0.647131,9.340000,8.760000
0.647534,9.326667,8.839999
0.647936,9.299999,8.820000
0.648337,9.280000,8.766666
0.648738,9.253333,8.813334
0.649139,9.233333,8.746667
0.649540,9.240000,8.746667
0.649943,9.160000,8.673333
0.650345,9.146667,8.686666
0.650746,9.106667,8.666666
0.651147,9.099999,8.613334
0.651548,8.993333,8.620000
0.651951,9.046666,8.579999
0.652353,9.000000,8.500000
0.652754,9.000000,8.546666
0.653155,9.020000,8.513332
0.653556,8.926666,8.486667
0.653957,8.960000,8.540000
0.654359,8.886666,8.426667
0.654760,8.833333,8.406667
0.655161,8.866667,8.393332
0.655563,8.820000,8.333333
0.655964,8.793333,8.306666
0.656366,8.780000,8.306666
0.656768,8.746667,8.293333
0.657169,8.686666,8.286667
0.657571,8.706666,8.233334
0.657973,8.673333,8.213333
0.658374,8.666666,8.213333
0.658775,8.613334,8.146667
0.659176,8.573333,8.153334
0.659578,8.566667,8.126666
0.659979,8.560000,8.120000
0.660380,8.526667,8.113333
0.660782,8.520000,8.073333
0.661184,8.480000,8.026667
0.661586,8.480000,7.966667
0.661988,8.393332,7.973333
0.662389,8.506666,7.946667
0.662790,8.406667,7.953333
0.663192,8.293333,7.906666
0.663593,8.293333,7.880000
0.663994,8.313333,7.793334
0.664396,8.240000,7.826667
0.664797,8.220000,7.840000
0.665199,8.226666,7.780000
0.665600,8.206666,7.760000
0.666002,8.193333,7.733333
0.666403,8.126666,7.686666
0.666805,8.106667,7.786666
0.667206,8.000000,7.673333
0.667607,8.066667,7.640000
0.668008,8.139999,7.660000
0.668409,8.020000,7.553333
0.668811,7.966667,7.613333
0.669213,7.920000,7.533333
0.669614,7.940000,7.533333
0.670016,7.940000,7.526666
0.670417,7.893333,7.506667
0.670818,7.893333,7.493333
0.671219,7.853333,7.420000
0.671620,7.813334,7.446666
0.672022,7.846667,7.413333
0.672423,7.760000,7.380000
0.672824,7.766666,7.340000
0.673226,7.740000,7.313333
0.673627,7.713333,7.300000
0.674028,7.686666,7.246666
0.674429,7.660000,7.213333
0.674830,7.620000,7.219999
0.675231,7.613333,7.119999
0.675632,7.593334,7.433333
0.676033,7.520000,7.180000
0.676435,7.540000,7.146667
0.676836,7.546666,7.026667
0.677237,7.473333,7.073333
0.677638,7.473333,7.080000
0.678040,7.446666,7.046667
0.678442,7.413333,7.020000
0.678844,7.520000,6.993333
0.679245,7.333333,6.973333
0.679646,7.466667,6.953333
0.680048,7.360000,7.000000
0.680449,7.313333,6.920000
0.680850,7.260000,6.893333
0.681252,7.260000,6.893333
0.681653,7.213333,6.813333
0.682054,7.260000,6.800000
0.682456,7.173333,6.766666
0.682857,7.160000,6.740000
0.683258,7.133334,6.766666
0.683659,6.986666,6.726666
0.684061,7.086666,6.740000
0.684462,7.260000,6.653333
0.684863,7.053333,6.653333
0.685264,7.006667,6.653333
0.685666,6.980000,6.460000
0.686068,6.953333,6.626667
0.686469,6.913333,6.546667
0.686871,6.920000,6.606667
0.687273,6.900000,6.500000
0.687674,6.886666,6.500000
0.688075,6.860000,6.433333
0.688476,6.826667,6.440000
0.688877,6.800000,6.413333
0.689279,6.793334,6.253334
0.689680,6.753333,6.346667
0.690082,6.720000,6.340000
0.690483,6.693333,6.340000
0.690886,6.666667,6.253334
0.691288,6.640000,6.280000
0.691689,6.626667,6.260000
0.692091,6.620000,6.213333
0.692493,6.626667,6.220000
0.692894,6.573333,6.193333
0.693295,6.486667,6.200000
0.693696,6.506667,6.146667
0.694097,6.426666,6.113333
0.694499,6.446667,6.113333
0.694901,6.406667,6.086667
0.695302,6.426666,6.053333
0.695703,6.333333,6.033333
0.696105,6.286667,6.026667
0.696508,6.313334,5.986667
0.696910,6.280000,5.946667
0.697312,6.286667,5.940000
0.697713,6.166667,5.940000
0.698114,6.240000,5.900000
0.698515,6.200000,5.886667
0.698916,6.180000,5.866666
0.699319,6.160000,5.833333
0.699720,6.133333,5.826667
0.700121,6.073333,5.793334
0.700523,6.073333,5.766666
0.700924,6.060000,5.780000
0.701326,6.046667,5.733333
0.701727,6.013333,5.673333
0.702128,6.000000,5.700000
0.702529,5.986667,5.686666
0.702931,5.960000,5.640000
0.703333,5.926667,5.600000
0.703734,5.900000,5.640000
0.704135,5.873333,5.606667
0.704537,5.853333,5.566667
0.704938,5.873333,5.526667
0.705340,5.800000,5.500000
0.705742,5.780000,5.440000
0.706144,5.786666,5.453333
0.706545,5.760000,5.440000
0.706946,5.700000,5.420000
0.707347,5.693333,5.420000
0.707748,5.693333,5.400000
0.708151,5.680000,5.366667
0.708553,5.600000,5.333333
0.708954,5.606667,5.306666
0.709355,5.633333,5.300000
0.709756,5.520000,5.146667
0.710158,5.553333,5.573333
0.710560,5.546667,5.246666
0.710961,5.526667,5.240000
0.711362,5.493333,5.213333
0.711763,5.260000,5.166667
0.712165,5.426667,5.146667
0.712566,5.526667,5.060000
0.712968,5.346666,5.166667
0.713370,5.386667,5.093333
0.713771,5.320000,5.086667
0.714172,5.333333,5.060000
0.714573,5.280000,5.020000
0.714974,5.300000,4.973333
0.715376,5.260000,5.000000
0.715777,5.240000,4.886666
0.716179,5.226666,4.946666
0.716580,5.206666,4.906667
0.716982,5.193333,4.960000
0.717383,5.160000,5.293334
0.717786,5.126667,4.840000
0.718187,5.060000,4.786666
0.718588,5.080000,4.813333
0.718989,5.066667,4.786666
0.719390,5.033333,4.793333
0.719791,5.026667,4.833333
0.720193,5.000000,4.800000
0.720594,4.973333,4.740000
0.720995,4.926667,4.713333
0.721398,4.980000,4.633333
0.721799,4.886666,4.660000
0.722200,4.880000,4.593333
0.722601,4.873333,4.633333
0.723003,4.866667,4.553333
0.723404,4.833333,4.573333
0.723806,4.820000,4.553333
0.724207,4.820000,4.553333
0.724608,4.713333,4.586667
0.725009,4.753333,4.506667
0.725410,4.733333,4.513333
0.725811,4.706666,4.546667
0.726213,4.706666,4.453333
0.726614,4.633333,4.433333
0.727016,4.660000,4.446667
0.727417,4.706666,4.380000
0.727819,4.600000,4.360000
0.728220,4.620000,4.340000
0.728621,4.640000,4.353333
0.729022,4.666667,4.360000
0.729424,4.640000,4.306667
0.729826,4.500000,4.300000
0.730227,4.493333,4.266666
0.730629,4.446667,4.206666
0.731031,4.446667,4.260000
0.731433,4.413333,4.253333
0.731834,4.380000,4.186666
0.732235,4.360000,4.126667
0.732637,4.326666,4.120000
0.733038,4.340000,4.126667
0.733439,4.300000,4.160000
0.733840,4.320000,4.020000
0.734242,4.273333,3.953333
0.734643,4.266666,4.060000
0.735045,4.280000,4.000000
0.735446,4.226666,4.013333
0.735847,4.186666,3.993333
0.736248,4.140000,3.980000
0.736649,4.180000,3.960000
0.737051,4.153333,3.920000
0.737452,4.126667,4.000000
0.737853,4.100000,3.806666
0.738255,4.093333,3.860000
0.738656,4.080000,3.900000
0.739058,3.933333,3.900000
0.739460,4.020000,3.833333
0.739861,4.020000,3.806666
0.740262,4.006667,3.833333
0.740664,3.946667,3.660000
0.741065,3.940000,3.720000
0.741466,3.966667,3.733333
0.741867,3.913333,3.693333
0.742268,3.873333,3.660000
0.742670,3.913333,3.660000
0.743071,3.833333,3.593333
0.743473,3.880000,3.640000
0.743875,3.780000,3.566667
0.744276,3.773333,3.600000
0.744678,3.713333,3.600000
0.745079,3.806666,3.453333
0.745480,3.706666,3.580000
0.745881,3.713333,3.493333
0.746283,3.713333,3.400000
0.746684,3.680000,3.480000
0.747086,3.633333,3.486667
0.747487,3.666667,3.460000
0.747890,3.593333,3.440000
0.748292,3.580000,3.406667
0.748693,3.553333,3.373333
0.749095,3.546667,3.386667
0.749496,3.513333,3.313333
0.749897,3.446667,3.313333
0.750299,3.486667,3.313333
0.750700,3.460000,3.313333
0.751105,3.440000,3.253333
0.751507,3.460000,3.233333
0.751908,3.420000,3.226667
0.752309,3.400000,3.220000
0.752710,3.346666,3.226667
0.753111,3.380000,3.226667
0.753512,3.393333,3.206667
0.753913,3.406667,3.133333
0.754315,3.313333,3.173333
0.754716,3.306667,3.226667
0.755118,3.300000,3.133333
0.755519,3.253333,3.073333
0.755921,3.213333,3.066667
0.756322,3.233333,3.066667
0.756724,3.213333,3.040000
0.757125,3.186666,3.013333
0.757527,3.140000,3.193333
0.757928,3.146667,3.053333
0.758329,3.133333,2.973333
0.758731,3.106667,2.960000
0.759132,3.126667,2.960000
0.759533,3.073333,2.973333
0.759935,3.053333,2.900000
0.760336,2.993333,2.900000
0.760738,3.026667,2.886667
0.761139,3.000000,2.833333
0.761541,2.986667,2.913333
0.761943,2.980000,2.840000
0.762344,2.960000,2.773333
0.762746,2.940000,2.746667
0.763147,2.826667,2.786667
0.763548,2.946667,2.766667
0.763949,2.893333,2.753333
0.764350,2.880000,2.746667
0.764752,2.866667,2.700000
0.765153,2.853333,2.700000
0.765554,2.893333,2.673333
0.765955,2.786667,2.673333
0.766356,2.700000,2.666667
0.766758,2.780000,2.640000
0.767160,2.786667,2.613333
0.767561,2.746667,2.613333
0.767962,2.680000,2.600000
0.768363,2.706666,2.580000
0.768766,2.713333,2.560000
0.769167,2.686666,2.553333
0.769568,2.680000,2.580000
0.769969,2.673333,2.513333
0.770371,2.653333,2.493333
0.770773,2.660000,2.466667
0.771174,2.573333,2.460000
0.771576,2.600000,2.446667
0.771977,2.520000,2.426666
0.772378,2.546667,2.433333
0.772779,2.520000,2.366667
0.773180,2.526667,2.406667
0.773581,2.540000,2.400000
0.773982,2.446667,2.353333
0.774384,2.466667,2.326667
0.774786,2.433333,2.333333
0.775188,2.500000,2.420000
0.775589,2.426666,2.300000
0.775990,2.420000,2.226666
0.776392,2.380000,2.260000
0.776793,2.380000,2.273333
0.777194,2.386667,2.253333
0.777595,2.340000,2.253333
0.777997,2.346667,2.233333
0.778398,2.033333,2.220000
0.778800,2.346667,2.186667
0.779201,2.353333,2.173333
0.779603,2.380000,2.173333
0.780004,2.326667,2.126667
0.780405,2.266667,2.140000
0.780806,2.233333,2.126667
0.781208,2.246667,2.093333
0.781609,2.200000,2.086667
0.782011,2.140000,2.053333
0.782412,2.113333,2.093333
0.782813,2.153333,2.040000
0.783215,2.113333,2.026667
0.783617,2.120000,2.053333
0.784018,2.120000,2.000000
0.784419,2.060000,2.066667
0.784820,2.080000,1.986667
0.785221,2.066667,2.000000
0.785623,2.066667,1.953333
0.786025,1.980000,1.933333
0.786426,2.013333,1.906667
0.786827,1.980000,1.906667
0.787228,1.913333,1.906667
0.787629,2.000000,1.880000
0.788030,1.973333,1.880000
0.788431,1.980000,1.860000
0.788832,1.920000,1.820000
0.789234,1.913333,1.826667
0.789636,1.900000,1.820000
0.790038,1.880000,1.786667
0.790439,1.886667,1.773333
0.790842,1.873333,1.766667
0.791243,1.846667,1.733333
0.791645,1.840000,1.760000
0.792046,1.826667,1.733333
0.792447,1.786667,1.733333
0.792849,1.766667,1.733333
0.793251,1.833333,1.686667
0.793653,1.786667,1.706667
0.794054,1.786667,1.573333
0.794455,1.746667,1.673333
0.794856,1.726667,1.686667
0.795258,1.760000,1.693333
0.795661,1.706667,1.673333
0.796063,1.706667,1.646667
0.796464,1.700000,1.573333
0.796865,1.686667,1.593333
0.797267,1.633333,1.560000
0.797668,1.626667,1.560000
0.798069,1.680000,1.560000
0.798470,1.613333,1.560000
0.798871,1.580000,1.520000
0.799273,1.580000,1.520000
0.799675,1.553333,1.533333
0.800076,1.560000,1.480000
0.800477,1.566667,1.500000
0.800878,1.560000,1.486667
0.801280,1.533333,1.353333
0.801682,1.533333,1.486667
0.802083,1.493333,1.420000
0.802484,1.526667,1.433333
0.802887,1.480000,1.393333
0.803288,1.486667,1.386667
0.803691,1.520000,1.393333
0.804092,1.500000,1.373333
0.804494,1.460000,1.400000
0.804895,1.420000,1.453333
0.805296,1.386667,1.393333
0.805697,1.400000,1.326667
0.806099,1.386667,1.320000
0.806501,1.426667,1.333333
0.806902,1.340000,1.300000
0.807303,1.346667,1.293333
0.807705,1.360000,1.273333
0.808106,1.366667,1.246667
0.808509,1.326667,1.240000
0.808911,1.306667,1.240000
0.809313,1.280000,1.206667
0.809714,1.326667,1.033333
0.810117,1.266667,1.206667
0.810519,1.246667,1.206667
0.810920,1.233333,1.326667
0.811321,1.313333,1.180000
0.811723,1.220000,1.146667
0.812125,1.160000,1.133333
0.812527,1.206667,1.140000
0.812928,1.206667,1.126667
0.813329,1.193333,1.086667
0.813731,1.186667,1.073333
0.814133,1.166667,1.120000
0.814534,1.160000,1.220000
0.814935,1.133333,1.086667
0.815336,1.166667,1.073333
0.815737,1.133333,1.066667
0.816138,1.106667,1.040000
0.816539,1.106667,1.040000
0.816941,1.113333,1.093333
0.817342,1.080000,1.033333
0.817743,1.073333,1.033333
0.818145,1.053333,1.000000
0.818546,1.046667,1.033333
0.818948,1.006667,1.033333
0.819349,1.040000,1.006667
0.819751,1.033333,0.946667
0.820153,1.033333,1.000000
0.820554,1.013333,0.973333
0.820956,0.993333,0.946667
0.821358,0.980000,0.946667
0.821759,1.026667,0.946667
0.822160,0.953333,0.946667
0.822562,1.006667,0.946667
0.822963,0.953333,0.946667
0.823364,0.946667,0.946667
0.823765,0.946667,0.946667
0.824166,0.946667,0.946667
0.824567,0.946667,0.946667
0.824969,0.953333,0.946667
0.825370,0.946667,0.946667
0.825771,0.946667,0.946667
0.826172,0.946667,0.946667
0.826573,0.946667,0.946667
0.826975,0.946667,1.060000
0.827376,0.946667,0.946667
0.827778,0.946667,0.946667
0.828180,0.946667,0.946667
0.828581,0.946667,0.946667
0.828982,0.946667,0.946667
0.829383,0.946667,0.946667
0.829786,0.953333,0.946667
0.830187,0.946667,0.946667
0.830589,0.946667,0.946667
0.830990,0.946667,0.946667
0.831391,0.946667,0.946667
0.831792,0.946667,0.946667
0.832193,0.946667,0.946667
0.832594,0.946667,0.946667
0.832995,0.946667,0.946667
0.833397,0.946667,0.946667
0.833798,0.946667,0.946667
0.834199,0.946667,0.946667
0.834601,0.946667,0.946667
0.835002,0.946667,0.946667
0.835404,0.946667,0.946667
0.835805,0.946667,0.946667
0.836206,0.946667,0.946667
0.836608,0.946667,0.946667
0.837009,0.946667,0.946667
0.837410,0.946667,0.946667
0.837812,0.946667,0.946667
0.838213,0.946667,0.946667
0.838615,0.946667,0.946667
0.839017,0.946667,0.946667
0.839418,0.946667,0.946667
0.839819,0.946667,0.946667
0.840220,0.946667,0.946667
0.840621,0.946667,0.946667
0.841023,0.946667,0.946667
0.841425,0.946667,0.946667
0.841827,0.946667,0.946667
0.842229,0.946667,0.946667
0.842630,0.946667,0.946667
0.843032,0.946667,0.946667
0.843434,0.946667,0.946667
0.843835,0.946667,0.946667
0.844236,0.946667,0.946667
0.844638,0.946667,0.946667
0.845039,0.946667,0.946667
0.845441,0.946667,0.946667
0.845842,0.946667,0.946667
0.846244,0.946667,0.946667
0.846647,0.946667,0.946667
0.847049,0.946667,0.946667
0.847450,0.946667,0.946667
0.847853,0.946667,0.946667
0.848254,0.946667,0.946667
0.848655,0.946667,0.946667
0.849056,0.946667,0.946667
0.849457,0.946667,0.946667
0.849859,0.946667,0.946667
0.850260,0.946667,0.946667
0.850661,0.946667,0.946667
0.851062,0.946667,0.946667
0.851463,0.946667,0.946667
0.851865,0.946667,0.946667
0.852267,0.946667,0.946667
0.852668,0.946667,0.946667
0.853070,0.946667,0.946667
0.853472,0.946667,0.946667
0.853873,0.946667,0.946667
0.854274,0.946667,0.946667
0.854675,0.946667,0.946667
0.855076,0.946667,0.946667
0.855477,0.946667,0.946667
0.855878,0.946667,0.946667
0.856280,0.946667,0.946667
0.856681,0.946667,0.946667
0.857083,0.946667,0.946667
0.857485,0.946667,0.946667
0.857886,0.946667,0.946667
0.858288,0.946667,0.946667
0.858689,0.946667,0.946667
0.859091,0.946667,0.946667
0.859493,0.946667,0.946667
0.859894,0.946667,0.946667
0.860295,0.946667,0.946667
0.860696,0.946667,0.946667
0.861098,0.946667,0.946667
0.861499,0.946667,0.946667
0.861900,0.946667,0.946667
0.862301,0.946667,0.946667
0.862703,0.946667,0.946667
0.863105,0.946667,0.946667
0.863506,0.946667,0.946667
0.863907,0.946667,0.946667
0.864308,0.946667,0.946667
0.864711,0.946667,0.946667
0.865112,0.946667,0.946667
0.865513,0.946667,0.946667
0.865916,0.946667,0.946667
0.866319,0.946667,0.946667
0.866720,0.946667,0.946667
0.867121,0.946667,0.946667
0.867524,0.946667,0.946667
0.867925,0.946667,0.946667
0.868326,0.946667,0.946667
0.868728,0.946667,0.946667
0.869130,0.946667,0.946667
0.869531,0.946667,0.946667
0.869932,0.946667,0.946667
0.870334,0.946667,0.946667
0.870736,0.946667,0.946667
0.871138,0.946667,0.946667
0.871539,0.946667,0.946667
0.871941,0.946667,0.946667
0.872342,0.946667,0.946667
0.872743,0.946667,0.946667
0.873145,0.946667,0.946667
0.873547,0.946667,0.946667
0.873948,0.946667,0.946667
0.874350,0.946667,0.946667
0.874751,0.946667,0.946667
0.875153,0.946667,0.946667
0.875555,0.946667,0.946667
0.875956,0.946667,0.946667
0.876357,0.946667,0.946667
0.876760,0.946667,0.946667
0.877161,0.946667,0.946667
0.877564,0.946667,0.946667
0.877965,0.946667,0.946667
0.878366,0.946667,0.946667
0.878767,0.946667,0.946667
0.879168,0.946667,0.946667
0.879570,0.946667,0.946667
0.879971,0.946667,0.946667
0.880372,0.946667,0.946667
0.880773,0.946667,0.946667
0.881174,0.946667,0.946667
0.881576,0.946667,0.946667
0.881977,0.946667,0.946667
0.882379,0.946667,0.946667
0.882780,0.946667,0.946667
0.883181,0.946667,0.946667
0.883582,0.946667,0.946667
0.883984,0.946667,0.946667
0.884385,0.946667,0.946667
0.884788,0.946667,0.946667
0.885190,0.946667,0.946667
0.885591,0.946667,0.946667
0.885992,0.946667,0.946667
0.886393,0.946667,0.946667
0.886795,0.946667,0.946667
0.887196,0.946667,0.946667
0.887598,0.946667,0.946667
0.887999,0.946667,0.946667
0.888400,0.946667,0.946667
0.888801,0.946667,0.946667
0.889203,0.946667,0.946667
0.889605,0.946667,0.946667
0.890006,0.946667,0.946667
0.890408,0.946667,0.946667
0.890810,0.946667,0.946667
0.891212,0.946667,0.946667
0.891613,0.946667,0.946667
0.892014,0.946667,0.946667
0.892415,0.946667,0.946667
0.892816,0.946667,0.946667
0.893219,0.946667,0.946667
0.893620,0.946667,0.946667
0.894021,0.946667,0.946667
0.894422,0.946667,0.946667
0.894824,0.946667,0.946667
0.895226,0.946667,0.946667
0.895627,0.946667,0.946667
0.896029,0.946667,0.946667
0.896431,0.946667,0.946667
0.896832,0.946667,0.946667
0.897233,0.946667,0.946667
0.897634,0.946667,0.946667
0.898036,0.946667,0.946667
0.898438,0.946667,0.946667
0.898839,0.946667,0.946667
0.899240,0.946667,0.946667
0.899641,0.946667,0.946667
0.900043,0.946667,0.946667
0.900445,0.946667,0.946667
0.900846,0.946667,0.946667
0.901247,0.946667,0.946667
0.901648,0.946667,0.946667
0.902050,0.946667,0.946667
0.902451,0.946667,0.946667
0.902852,0.946667,0.946667
0.903253,0.946667,0.946667
0.903655,0.946667,0.946667
0.904056,0.946667,0.946667
0.904457,0.946667,0.946667
0.904859,0.946667,0.946667
0.905261,0.946667,0.946667
0.905662,0.946667,0.946667
0.906063,0.946667,0.946667
0.906464,0.946667,0.946667
0.906865,0.946667,0.946667
0.907266,0.946667,0.946667
0.907667,0.946667,0.946667
0.908069,0.946667,0.946667
0.908470,0.946667,0.946667
0.908871,0.946667,0.946667
0.909272,0.946667,0.946667
0.909673,0.946667,0.946667
0.910075,0.946667,0.946667
0.910476,0.946667,0.946667
0.910878,0.946667,0.946667
0.911280,0.946667,0.946667
0.911681,0.946667,0.946667
0.912083,0.946667,0.946667
0.912485,0.946667,0.946667
0.912886,0.946667,0.946667
0.913287,0.946667,0.946667
0.913688,0.946667,0.946667
0.914090,0.946667,0.946667
0.914491,0.946667,0.946667
0.914893,0.946667,0.946667
0.915295,0.946667,0.946667
0.915697,0.946667,0.946667
0.916098,0.946667,0.946667
0.916499,0.946667,0.946667
0.916901,0.946667,0.946667
0.917302,0.946667,0.946667
0.917703,0.946667,0.946667
0.918105,0.946667,0.946667
0.918506,0.946667,0.946667
0.918908,0.946667,0.946667
0.919309,0.946667,0.946667
0.919710,0.946667,0.946667
0.920111,0.946667,0.946667
0.920512,0.946667,0.946667
0.920913,0.946667,0.946667
0.921314,0.946667,0.946667
0.921715,0.946667,0.946667
0.922118,0.946667,0.946667
0.922519,0.946667,0.946667
0.922921,0.946667,0.946667
0.923322,0.946667,0.946667
0.923724,0.946667,0.946667
0.924125,0.946667,0.946667
0.924526,0.946667,0.946667
0.924927,0.946667,0.946667
0.925328,0.946667,0.946667
0.925729,0.946667,0.946667
0.926131,0.946667,0.946667
0.926534,0.946667,0.946667
0.926936,0.946667,0.946667
0.927337,0.946667,0.946667
0.927738,0.946667,0.946667
0.928140,0.946667,0.946667
0.928541,0.946667,0.946667
0.928943,0.946667,0.946667
0.929345,0.946667,0.946667
0.929746,0.946667,0.946667
0.930147,0.946667,0.946667
0.930548,0.946667,0.946667
0.930949,0.946667,0.946667
0.931350,0.946667,0.946667
0.931753,0.946667,0.946667
0.932154,0.946667,0.946667
0.932555,0.946667,0.946667
0.932957,0.946667,0.946667
0.933358,0.946667,0.946667
0.933759,0.946667,0.946667
0.934160,0.946667,0.946667
0.934561,0.946667,0.946667
0.934962,0.946667,0.946667
0.935363,0.946667,0.946667
0.935764,0.946667,0.946667
0.936165,0.946667,0.946667
0.936568,0.946667,0.946667
0.936969,0.946667,0.946667
0.937371,0.946667,0.946667
0.937774,0.953333,0.946667
0.938176,0.946667,0.946667
0.938577,0.946667,0.946667
0.938978,0.946667,0.946667
0.939380,0.946667,0.946667
0.939781,0.946667,0.946667
0.940182,0.946667,0.946667
0.940584,0.946667,0.946667
0.940986,0.946667,0.946667
0.941387,0.966667,0.946667
0.941789,0.946667,0.946667
0.942191,0.946667,0.946667
0.942592,0.946667,0.946667
0.942994,0.946667,0.946667
0.943396,0.966667,0.946667
0.943797,0.946667,0.946667
0.944198,0.946667,0.946667
0.944599,1.073333,1.046667
0.945001,0.953333,0.946667
0.945402,0.960000,0.946667
0.945803,0.960000,0.946667
0.946205,0.980000,0.946667
0.946606,1.000000,0.946667
0.947008,0.973333,1.013333
0.947410,1.006667,0.946667
0.947811,1.006667,0.966667
0.948212,1.040000,1.006667
0.948613,1.080000,0.953333
0.949015,1.040000,1.020000
0.949417,1.060000,0.980000
0.949818,1.073333,1.033333
0.950219,1.100000,1.033333
0.950620,1.093333,1.040000
0.951022,1.160000,1.033333
0.951423,1.113333,1.033333
0.951824,1.120000,1.066667
0.952226,1.140000,1.086667
0.952627,1.046667,1.073333
0.953029,1.120000,1.086667
0.953430,1.160000,1.173333
0.953832,1.100000,1.066667
0.954233,1.120000,1.120000
0.954635,1.206667,1.173333
0.955037,1.193333,1.146667
0.955439,1.226667,1.173333
0.955840,1.213333,1.173333
0.956241,1.226667,1.173333
0.956642,1.226667,1.173333
0.957043,1.253333,1.213333
0.957445,1.273333,1.193333
0.957847,1.293333,1.153333
0.958249,1.300000,1.226667
0.958651,1.293333,1.206667
0.959053,1.360000,1.266667
0.959454,1.426667,1.286667
0.959855,1.326667,1.240000
0.960256,1.333333,1.320000
0.960657,1.353333,1.300000
0.961058,1.380000,1.320000
0.961459,1.380000,1.440000
0.961861,1.400000,1.333333
0.962262,1.373333,1.153333
0.962663,1.380000,1.300000
0.963064,1.453333,1.366667
0.963466,1.420000,1.420000
0.963868,1.393333,1.366667
0.964269,1.433333,1.386667
0.964670,1.473333,1.386667
0.965072,1.493333,1.386667
0.965474,1.473333,1.406667
0.965875,1.613333,1.413333
0.966276,1.460000,1.453333
0.966678,1.566667,1.420000
0.967080,1.540000,1.560000
0.967482,1.560000,1.513333
0.967884,1.473333,1.506667
0.968286,1.573333,1.420000
0.968687,1.593333,1.686667
0.969088,1.626667,1.473333
0.969489,1.626667,1.540000
0.969892,1.660000,1.560000
0.970294,1.633333,1.646667
0.970695,1.680000,1.593333
0.971097,1.666667,1.566667
0.971498,1.753333,1.493333
0.971899,1.700000,1.633333
0.972300,1.680000,1.620000
0.972702,1.566667,1.613333
0.973105,1.733333,1.653333
0.973506,1.733333,1.666667
0.973907,1.766667,1.666667
0.974308,1.740000,1.653333
0.974709,1.786667,1.733333
0.975112,1.780000,1.706667
0.975514,1.866667,1.733333
0.975915,1.820000,1.686667
0.976317,1.846667,1.740000
0.976718,1.846667,1.686667
0.977119,1.880000,1.733333
0.977520,1.866667,1.786667
0.977921,1.900000,1.773333
0.978322,1.906667,1.786667
0.978723,1.926667,1.806667
0.979125,1.993333,1.813333
0.979526,2.120000,1.880000
0.979927,1.980000,1.806667
0.980328,1.993333,1.880000
0.980729,1.986667,1.906667
0.981132,1.993333,1.906667
0.981533,2.020000,1.933333
0.981936,2.053333,1.920000
0.982338,2.060000,1.946667
0.982739,2.040000,1.960000
0.983140,2.086667,1.993333
0.983542,2.100000,2.026667
0.983943,2.093333,2.046667
0.984345,2.086667,2.006667
0.984746,2.166667,2.026667
0.985147,2.153333,2.060000
0.985548,2.160000,2.080000
0.985949,2.180000,2.066667
0.986350,2.213333,2.120000
0.986751,2.213333,2.060000
0.987153,2.186667,2.086667
0.987554,2.220000,2.126667
0.987957,2.253333,2.133333
0.988359,2.240000,2.140000
0.988760,2.273333,2.260000
0.989162,2.286667,2.186667
0.989563,2.313333,2.173333
0.989964,2.313333,2.166667
0.990365,2.366667,2.226666
0.990767,2.366667,2.260000
0.991168,2.386667,2.260000
0.991571,2.393333,2.260000
0.991972,2.413333,2.280000
0.992374,2.453333,2.280000
0.992775,2.560000,2.320000
0.993177,2.446667,2.346667
0.993580,2.446667,2.426666
0.993981,2.500000,2.353333
0.994382,2.513333,2.340000
0.994784,2.526667,2.426666
0.995185,2.546667,2.373333
0.995586,2.546667,2.426666
0.995988,2.546667,2.366667
0.996389,2.600000,2.453333
0.996791,2.606667,2.513333
0.997192,2.613333,2.480000
0.997594,2.633333,2.493333
0.997996,2.633333,2.506666
0.998397,2.640000,2.473333
0.998799,2.686666,2.526667
0.999200,2.740000,2.553333
0.999602,2.733333,2.573333
1.000003,2.753333,2.580000
1.000405,2.753333,2.673333
1.000806,2.773333,2.613333
1.001207,2.780000,2.660000
1.001610,2.780000,2.726667
1.002011,2.726667,2.673333
1.002412,2.833333,2.686666
1.002814,2.846667,2.700000
1.003216,2.860000,2.780000
1.003617,2.793333,2.720000
1.004018,2.860000,2.713333
1.004419,2.913333,2.773333
1.004820,2.946667,2.760000
1.005222,2.906667,2.786667
1.005623,2.966666,2.833333
1.006025,3.020000,2.820000
1.006427,2.993333,2.840000
1.006829,2.960000,2.880000
1.007231,3.013333,2.833333
1.007632,3.046667,2.886667
1.008034,3.006667,2.873333
1.008436,3.040000,2.906667
1.008837,3.066667,2.960000
1.009239,3.053333,2.906667
1.009641,3.133333,2.973333
1.010042,3.146667,2.946667
1.010443,3.166667,2.980000
1.010846,3.173333,3.013333
1.011247,3.193333,3.033333
1.011649,3.213333,3.046667
1.012050,3.293333,3.133333
1.012451,3.226667,3.066667
1.012854,3.293333,3.080000
1.013255,3.293333,3.126667
1.013657,3.320000,3.133333
1.014058,3.320000,3.140000
1.014460,3.333333,3.166667
1.014861,3.346666,3.193333
1.015262,3.373333,3.173333
1.015664,3.406667,3.226667
1.016065,3.420000,3.253333
1.016467,3.433333,3.133333
1.016868,3.453333,3.366667
1.017270,3.486667,3.300000
1.017671,3.486667,3.313333
1.018072,3.486667,3.313333
1.018474,3.546667,3.360000
1.018875,3.646667,3.253333
1.019276,3.686666,3.393333
1.019677,3.493333,3.386667
1.020079,3.613333,3.906667
1.020480,3.633333,3.446667
1.020882,3.633333,3.493333
1.021284,3.660000,3.520000
1.021685,3.653333,3.686666
1.022087,3.673333,3.466666
1.022489,3.726667,3.526666
1.022891,3.720000,3.513333
1.023292,3.733333,3.580000
1.023695,3.773333,3.586667
1.024097,3.746666,3.720000
1.024498,3.833333,3.600000
1.024899,3.853333,3.653333
1.025300,3.893333,3.633333
1.025701,3.886667,3.653333
1.026105,3.913333,3.693333
1.026506,3.913333,3.686666
1.026907,3.973333,3.713333
1.027308,3.993333,3.746666
1.027709,4.006667,3.926666
1.028111,4.093333,3.826667
1.028513,4.020000,3.746666
1.028914,4.100000,3.826667
1.029315,4.086667,3.866667
1.029716,4.100000,3.893333
1.030118,4.186666,3.913333
1.030519,4.106667,3.926666
1.030920,4.120000,3.926666
1.031321,4.166667,3.960000
1.031722,4.166667,3.993333
1.032124,4.200000,3.993333
1.032525,4.240000,4.013333
1.032926,4.226666,4.026666
1.033327,4.240000,4.046667
1.033728,4.333333,4.066667
1.034130,4.286666,4.106667
1.034532,4.326666,4.140000
1.034934,4.266666,4.160000
1.035335,4.353333,4.186666
1.035736,4.380000,4.113333
1.036138,4.413333,4.160000
1.036539,4.426666,4.206666
1.036941,4.460000,4.186666
1.037342,4.480000,4.233333
1.037743,4.486666,4.306667
1.038144,4.393333,4.286666
1.038545,4.533333,4.200000
1.038946,4.533333,4.293333
1.039348,4.600000,4.340000
1.039749,4.573333,4.360000
1.040151,4.653333,4.360000
1.040553,4.633333,4.360000
1.040955,4.646667,4.440000
1.041356,4.646667,4.460000
1.041757,4.700000,4.473333
1.042159,4.713333,4.386666
1.042560,4.653333,4.660000
1.042962,4.746666,4.533333
1.043363,4.780000,4.506667
1.043764,4.786666,4.480000
1.044165,4.773334,4.573333
1.044566,4.853333,4.720000
1.044968,4.853333,4.573333
1.045369,4.886666,4.666667
1.045770,4.886666,4.660000
1.046172,4.906667,4.700000
1.046573,5.040000,4.660000
1.046975,4.980000,4.693333
1.047377,5.013333,4.740000
1.047778,4.986667,4.713333
1.048179,5.033333,4.766666
1.048580,5.060000,4.800000
1.048982,5.066667,4.800000
1.049383,5.080000,4.840000
1.049785,5.093333,4.846666
1.050186,5.106667,4.886666
1.050587,5.133333,4.920000
1.050988,4.960000,4.926667
1.051390,5.253333,4.806667
1.051791,5.240000,4.946666
1.052193,5.240000,4.960000
1.052594,5.280000,5.060000
1.052995,5.260000,4.986667
1.053396,5.366667,5.093333
1.053797,5.346666,5.066667
1.054199,5.366667,5.033333
1.054600,5.266667,5.073333
1.055001,5.326667,5.100000
1.055403,5.406666,5.133333
1.055805,5.420000,5.140000
1.056206,5.486667,5.166667
1.056607,5.480000,5.213333
1.057008,5.506666,5.206666
1.057409,5.539999,5.240000
1.057811,5.553333,4.813333
1.058212,5.586667,5.300000
1.058613,5.580000,5.306666
1.059015,5.613333,5.306666
1.059416,5.620000,5.373333
1.059817,5.673333,5.400000
1.060220,5.673333,5.360000
1.060622,5.720000,5.413333
1.061023,5.713333,5.433333
1.061425,5.746666,5.486667
1.061827,5.766666,5.486667
1.062228,5.773333,5.500000
1.062629,5.800000,5.473333
1.063030,5.813333,5.520000
1.063432,5.873333,5.560000
1.063833,5.813333,5.700000
1.064234,5.913333,5.826667
1.064637,5.920000,5.626667
1.065039,5.933333,5.613333
1.065440,6.086667,5.673333
1.065842,6.033333,5.760000
1.066243,5.993333,5.706666
1.066644,6.053333,5.753333
1.067046,6.073333,5.753333
1.067448,6.166667,5.760000
1.067850,6.106667,5.820000
1.068252,6.120000,5.800000
1.068654,6.180000,5.800000
1.069055,6.180000,5.880000
1.069456,6.206666,5.873333
1.069857,6.233333,5.933333
1.070259,6.266666,6.286667
1.070660,6.166667,5.980000
1.071061,6.373333,5.886667
1.071462,6.373333,5.966666
1.071863,6.313334,6.000000
1.072264,6.373333,6.100000
1.072665,6.386667,6.040000
1.073066,6.413333,6.053333
1.073467,6.466667,6.113333
1.073868,6.433333,6.253334
1.074269,6.506667,6.193333
1.074671,6.486667,6.153333
1.075072,6.526666,6.193333
1.075473,6.520000,6.213333
1.075874,6.566667,6.206666
1.076275,6.580000,6.346667
1.076678,6.640000,6.280000
1.077079,6.740000,6.313334
1.077481,6.673334,6.313334
1.077882,6.733333,6.286667
1.078284,6.740000,6.346667
1.078685,6.780000,6.240000
1.079086,6.760000,6.426666
1.079488,6.806667,6.466667
1.079889,6.840000,6.426666
1.080292,6.833333,6.446667
1.080694,6.880000,6.500000
1.081095,6.846666,6.520000
1.081496,6.933333,6.600000
1.081898,6.980000,6.546667
1.082300,6.973333,6.640000
1.082701,6.993333,6.620000
1.083105,7.013333,6.646667
1.083507,7.033333,6.686666
1.083908,7.100000,6.713333
1.084309,7.093333,6.693333
1.084711,7.106667,6.646667
1.085112,7.140000,6.780000
1.085513,7.166667,6.813333
1.085916,7.193333,6.820000
1.086317,7.213333,6.826667
1.086718,7.240000,6.926667
1.087119,7.286667,6.906667
1.087521,7.300000,6.926667
1.087922,7.320000,6.906667
1.088324,7.253334,6.933333
1.088725,7.293333,6.980000
1.089126,7.366667,6.993333
1.089527,7.433333,7.020000
1.089928,7.440000,7.046667
1.090329,7.466667,7.046667
1.090730,7.493333,7.080000
1.091132,7.506667,7.153333
1.091533,7.533333,7.140000
1.091936,7.506667,7.166667
1.092337,7.653333,7.166667
1.092739,7.586667,7.140000
1.093140,7.620000,7.193333
1.093543,7.666667,7.246666
1.093944,7.666667,7.266667
1.094346,7.713333,7.293333
1.094748,7.700000,7.340000
1.095150,7.760000,7.340000
1.095551,7.793334,7.393333
1.095954,7.860000,7.366667
1.096355,7.906666,7.413333
1.096756,7.900000,7.460000
1.097159,7.833333,7.473333
1.097560,7.893333,7.506667
1.097962,7.913333,7.526666
1.098363,7.986666,7.526666
1.098764,8.059999,7.566667
1.099166,8.006666,7.593334
1.099567,8.020000,7.620000
1.099969,8.040000,7.613333
1.100370,8.073333,7.660000
1.100772,8.086667,7.673333
1.101173,8.146667,7.686666
1.101574,8.133333,7.720000
1.101975,8.146667,7.746666
1.102376,8.186666,7.773333
1.102777,8.213333,7.726667
1.103179,8.226666,7.813334
1.103582,8.240000,7.880000
1.103983,8.320000,7.926667
1.104384,8.240000,7.866666
1.104785,8.366667,7.860000
1.105186,8.386666,7.900000
1.105587,8.500000,7.933333
1.105989,8.206666,7.993333
1.106390,8.413333,7.980000
1.106792,8.460000,8.026667
1.107193,8.513332,8.046666
1.107594,8.540000,7.953333
1.107996,8.553333,8.080000
1.108397,8.620000,8.093333
1.108798,8.599999,8.133333
1.109200,8.639999,8.153334
1.109602,8.653333,8.213333
1.110003,8.613334,8.293333
1.110404,8.706666,8.139999
1.110805,8.813334,8.240000
1.111206,8.753333,8.273334
1.111607,8.706666,8.300000
1.112009,8.813334,8.360000
1.112410,8.806666,8.586666
1.112812,8.846666,8.333333
1.113213,8.886666,8.360000
1.113615,8.846666,8.426667
1.114016,8.893333,8.426667
1.114418,8.953334,8.473333
1.114819,8.986667,8.513332
1.115222,8.980000,8.513332
1.115624,9.013333,8.540000
1.116025,9.059999,8.620000
1.116426,9.086667,8.620000
1.116827,9.093333,8.599999
1.117228,9.093333,8.633333
1.117630,9.140000,8.666666
1.118032,9.166666,8.719999
1.118434,9.140000,8.713333
1.118835,9.200000,8.740000
1.119236,9.226666,8.800000
1.119638,9.226666,8.800000
1.120039,9.320000,8.820000
1.120440,9.313333,8.886666
1.120841,9.333333,8.826667
1.121243,9.346666,8.866667
1.121644,9.346666,8.913333
1.122045,9.346666,8.913333
1.122447,9.460000,8.966666
1.122848,9.466666,8.973332
1.123249,9.540000,9.006666
1.123650,9.546667,9.020000
1.124052,9.513333,9.099999
1.124453,9.600000,9.053333
1.124854,9.593333,9.093333
1.125255,9.639999,9.106667
1.125656,9.686666,9.093333
1.126057,9.706666,9.153334
1.126458,9.753333,9.160000
1.126859,9.740000,9.093333
1.127260,9.726666,9.233333
1.127661,9.806666,9.253333
1.128063,9.846666,9.246666
1.128464,9.820000,9.280000
1.128866,9.880000,9.320000
1.129267,9.886666,9.346666
1.129668,10.026666,9.320000
1.130070,9.959999,9.346666
1.130472,9.873333,9.453333
1.130873,9.986667,9.493333
1.131274,10.046666,9.453333
1.131677,10.066667,9.580000
1.132079,10.080000,9.546667
1.132480,10.126667,9.559999
1.132882,10.120000,9.606667
1.133284,10.133333,9.613334
1.133685,10.186666,9.626666
1.134086,10.173333,9.673333
1.134487,10.246666,9.719999
1.134888,10.306666,9.680000
1.135289,10.313334,9.540000
1.135690,10.366666,9.773333
1.136091,10.333333,9.780000
1.136493,10.346666,9.880000
1.136894,10.400000,9.886666
1.137295,10.433333,9.826666
1.137697,10.453333,9.873333
1.138098,10.493333,9.873333
1.138499,10.506666,9.940001
1.138902,10.493333,9.920000
1.139303,10.526667,9.953333
1.139705,10.553332,10.093333
1.140106,10.553332,10.026666
1.140508,10.606667,10.040000
1.140909,10.639999,10.046666
1.141310,10.639999,9.886666
1.141713,10.646667,10.126667
1.142114,10.740000,10.140000
1.142516,10.740000,10.146667
1.142917,10.780000,10.046666
1.143319,10.700000,10.179999
1.143720,10.806666,10.280000
1.144121,10.753333,10.266666
1.144524,10.840000,10.306666
1.144925,10.900000,10.320000
1.145326,10.886666,10.160000
1.145727,11.026667,10.346666
1.146129,10.960000,10.353333
1.146530,10.953333,10.493333
1.146931,11.006666,10.460000
1.147333,11.013332,10.413333
1.147734,11.066667,10.500000
1.148135,11.079999,10.493333
1.148537,11.106667,10.533334
1.148938,11.246667,10.520000
1.149341,11.153333,10.553332
1.149744,11.139999,10.573333
1.150146,11.193334,10.646667
1.150547,11.226666,10.666667
1.150948,11.260000,10.693333
1.151349,11.293333,10.686666
1.151750,11.320000,10.700000
1.152153,11.339999,10.666667
1.152554,11.353333,10.753333
1.152955,11.366667,10.766666
1.153356,11.353333,10.866667
1.153759,11.413333,10.853333
1.154161,11.473332,10.946666
1.154562,11.486667,10.866667
1.154964,11.466666,10.900000
1.155366,11.613333,10.920000
1.155768,11.546666,10.966666
1.156170,11.586667,10.933333
1.156572,11.566667,11.000000
1.156973,11.626666,11.020000
1.157374,11.666666,11.033333
1.157775,11.679999,11.053333
1.158176,11.693333,11.033333
1.158579,11.706667,11.093333
1.158980,11.746666,11.146667
1.159382,11.740000,11.146667
1.159783,11.793333,11.173333
1.160185,11.806666,11.200000
1.160586,11.933332,11.113334
1.160988,11.806666,11.213333
1.161390,11.846666,11.253333
1.161792,11.946667,11.306666
1.162193,11.940000,11.320000
1.162594,12.006666,11.533333
1.162996,11.999999,11.353333
1.163397,11.946667,11.386666
1.163799,12.040000,11.406666
1.164200,12.053333,11.426666
1.164601,12.080000,11.453334
1.165002,12.100000,11.473332
1.165404,12.133333,11.500000
1.165805,12.213333,11.506666
1.166207,12.226666,11.539999
1.166608,12.233334,11.559999
1.167010,12.246667,11.553333
1.167411,12.353333,11.573333
1.167812,12.306666,11.679999
1.168213,12.353333,11.666666
1.168614,12.313334,11.620000
1.169015,12.413333,11.720000
1.169416,12.420000,11.726666
1.169817,12.459999,11.760000
1.170219,12.459999,11.786667
1.170620,12.540000,11.873333
1.171022,12.486667,11.786667
1.171423,12.533333,11.813333
1.171824,12.559999,11.853333
1.172225,12.593333,11.933332
1.172627,12.540000,11.913333
1.173029,12.573334,11.953333
1.173431,12.640000,11.946667
1.173832,12.679999,12.006666
1.174234,12.693334,12.013333
1.174637,12.686666,12.046667
1.175038,12.766666,12.059999
1.175440,12.746666,12.066666
1.175841,12.786666,12.100000
1.176244,12.833333,12.139999
1.176645,12.840000,12.186666
1.177046,12.866666,12.186666
1.177447,12.853333,12.246667
1.177848,12.886666,12.213333
1.178249,12.933333,12.259999
1.178651,13.006666,12.306666
1.179052,13.139999,12.320000
1.179453,12.993333,12.280000
1.179856,13.033334,12.366667
1.180257,13.020000,12.380000
1.180659,13.059999,12.446667
1.181061,13.100000,12.426666
1.181462,13.133333,12.426666
1.181864,13.179999,12.493333
1.182266,13.166667,12.473333
1.182667,13.193333,12.546666
1.183069,13.220000,12.526666
1.183471,13.253333,12.586666
1.183872,13.286667,12.593333
1.184273,13.226666,12.613333
1.184674,13.339999,12.620000
1.185075,13.320000,12.613333
1.185476,13.420000,12.646667
1.185877,13.413334,12.706667
1.186278,13.420000,12.706667
1.186679,13.453332,12.693334
1.187080,13.466666,12.913333
1.187482,13.473332,12.766666
1.187883,13.500000,12.793333
1.188285,13.586667,12.806666
1.188686,13.546667,12.906667
1.189087,13.553333,12.860000
1.189488,13.586667,12.886666
1.189889,13.593333,12.913333
1.190290,13.646666,12.926666
1.190692,13.660000,12.946667
1.191093,13.680000,12.940000
1.191494,13.720000,12.980000
1.191895,13.726666,13.040000
1.192296,13.753333,13.046666
1.192698,13.786667,13.026667
1.193099,13.813334,13.093333
1.193500,13.826666,13.093333
1.193902,13.793333,13.126666
1.194303,13.906666,13.120000
1.194705,13.900000,13.160000
1.195106,13.933332,13.179999
1.195507,13.953333,13.193333
1.195908,14.086666,13.286667
1.196309,13.986667,13.246666
1.196710,13.906666,13.179999
1.197112,14.046667,13.306666
1.197513,14.033333,13.326666
1.197914,14.113334,13.346667
1.198315,14.153333,13.379999
1.198716,14.126666,13.400000
1.199118,14.160000,13.440000
1.199520,14.173332,13.440000
1.199921,14.166666,13.466666
1.200323,14.233333,13.473332
1.200725,14.226666,13.486667
1.201126,14.253333,13.546667
1.201527,14.280000,13.546667
1.201928,14.313334,13.593333
1.202330,14.299999,13.546667
1.202732,14.353333,13.586667
1.203133,14.333334,13.686666
1.203535,14.393332,13.646666
1.203936,14.406667,13.653334
1.204337,14.406667,13.680000
1.204740,14.473333,13.726666
1.205141,14.373332,13.740001
1.205543,14.533334,13.793333
1.205944,14.533334,13.773333
1.206346,14.573334,13.793333
1.206747,14.600000,13.826666
1.207148,14.613333,13.860000
1.207550,14.620000,13.853333
1.207952,14.613333,13.806667
1.208354,14.679999,13.900000
1.208755,14.699999,13.933332
1.209158,14.740000,13.979999
1.209559,14.719999,13.993333
1.209960,14.726667,13.960000
1.210361,14.793334,14.093333
1.210763,14.793334,13.960000
1.211165,14.860001,14.086666
1.211566,14.826666,14.033333
1.211968,14.880000,14.093333
1.212374,14.873333,14.146667
1.212775,14.913333,14.200001
1.213178,14.913333,14.160000
1.213580,14.953333,14.086666
1.213981,15.093332,14.233333
1.214382,14.953333,14.226666
1.214785,15.020000,14.193333
1.215186,15.013333,14.259999
1.215587,15.073333,14.293333
1.215988,15.046666,14.293333
1.216389,15.113333,14.320000
1.216791,15.173333,14.293333
1.217192,15.213333,14.386666
1.217593,15.253334,14.373332
1.217994,15.233334,14.393332
1.218397,15.273333,14.426666
1.218798,15.280000,14.446667
1.219199,15.233334,14.453333
1.219600,15.366667,14.466667
1.220001,15.333333,14.446667
1.220402,15.353333,14.520000
1.220804,15.379999,14.520000
1.221206,15.320001,14.580000
1.221607,15.433333,14.586666
1.222009,15.413333,14.580000
1.222410,15.579999,14.873333
1.222811,15.486666,14.633332
1.223212,15.513332,14.659999
1.223614,15.540000,14.693333
1.224015,15.573333,14.699999
1.224416,15.586667,14.713333
1.224817,15.593333,14.733334
1.225219,15.613333,14.746666
1.225620,15.626667,14.773334
1.226022,15.666666,14.919999
1.226423,15.706666,14.813333
1.226825,15.693334,14.846666
1.227226,15.713334,14.813333
1.227627,15.706666,14.840000
1.228029,15.760000,14.880000
1.228430,15.773333,14.919999
1.228831,15.813333,14.953333
1.229233,15.846667,14.953333
1.229635,15.806666,15.153333
1.230037,15.879999,14.953333
1.230438,15.926666,14.953333
1.230839,15.926666,14.953333
1.231240,15.993333,14.953333
1.231641,15.946666,15.093332
1.232043,15.960000,15.126667
1.232445,16.020000,15.173333
1.232847,16.013332,15.146667
1.233248,16.033333,15.166667
1.233649,16.039999,15.213333
1.234050,15.993333,15.219999
1.234451,16.099998,15.246666
1.234854,16.206667,15.246666
1.235255,16.139999,15.366667
1.235657,16.180000,15.300000
1.236059,16.180000,15.359999
1.236460,16.213333,15.219999
1.236861,16.240000,15.393333
1.237263,16.240000,15.366667
1.237664,16.259998,15.373333
1.238066,16.233332,15.446666
1.238468,16.466667,15.426665
1.238869,16.366665,15.426665
1.239270,16.353333,15.460000
1.239671,16.359999,15.506666
1.240072,16.373333,15.553332
1.240474,16.353333,15.513332
1.240876,16.440001,15.546666
1.241278,16.433332,15.520000
1.241679,16.460001,15.573333
1.242080,16.480000,15.606667
1.242482,16.473333,15.599999
1.242883,16.539999,15.626667
1.243285,16.606667,15.686666
1.243686,16.566666,15.660000
1.244088,16.606667,15.673333
1.244489,16.619999,15.673333
1.244890,16.619999,15.706666
1.245291,16.666666,15.786667
1.245692,16.680000,15.733333
1.246093,16.633331,15.766666
1.246495,16.719999,15.886665
1.246897,16.746666,15.793333
1.247299,16.673332,15.833333
1.247700,16.766666,15.853333
1.248105,16.786665,15.860000
1.248506,16.779999,15.893333
1.248908,16.813334,15.940000
1.249309,16.840000,15.920000
1.249710,16.833334,15.980000
1.250111,16.846666,15.940000
1.250512,16.873333,16.093332
1.250913,16.879999,16.013332
1.251314,16.913332,16.039999
1.251716,17.019999,16.046667
1.252118,16.900000,16.086666
1.252520,16.920000,16.080000
1.252921,16.939999,16.153334
1.253323,16.939999,16.093332
1.253724,16.966667,16.126665
1.254126,17.000000,16.113333
1.254527,16.953333,16.146666
1.254929,17.106667,16.180000
1.255330,17.053333,16.193333
1.255731,17.039999,16.213333
1.256132,17.059999,16.200001
1.256534,17.086666,16.219999
1.256935,17.113333,16.326666
1.257336,17.093332,16.273333
1.257737,17.126667,16.286667
1.258138,17.153332,16.219999
1.258539,17.166666,16.353333
1.258941,17.213333,16.346666
1.259343,17.193333,16.426666
1.259745,17.199999,16.373333
1.260146,17.246666,16.373333
1.260547,17.253334,16.420000
1.260949,17.159998,16.233332
1.261350,17.286665,16.453333
1.261751,17.253334,16.480000
1.262152,17.306665,16.473333
1.262553,17.293333,16.486666
1.262955,17.333332,16.506666
1.263357,17.279999,16.379999
1.263758,17.380001,16.539999
1.264160,17.413332,16.546667
1.264561,17.406666,16.513332
1.264962,17.406666,16.619999
1.265363,17.426666,16.626665
1.265764,17.439999,16.619999
1.266166,17.459999,16.653332
1.266567,17.473333,16.693333
1.266969,17.480000,16.680000
1.267370,17.506666,16.693333
1.267771,17.533333,16.726667
1.268172,17.559999,16.726667
1.268573,17.619999,16.680000
1.268975,17.600000,16.759998
1.269376,17.513334,16.786665
1.269777,17.600000,16.786665
1.270179,17.633333,16.826666
1.270582,17.760000,16.806665
1.270984,17.633333,16.906666
1.271385,17.713333,16.873333
1.271787,17.666666,16.693333
1.272188,17.606667,16.860001
1.272590,17.719999,16.873333
1.272991,17.766666,16.873333
1.273393,17.753334,16.906666
1.273795,17.760000,16.906666
1.274198,17.766666,16.926666
1.274599,17.799999,16.906666
1.275001,17.793333,16.913332
1.275403,17.826666,16.939999
1.275804,17.840000,16.953333
1.276206,17.846666,16.966667
1.276607,17.859999,16.966667
1.277010,17.853333,16.920000
1.277411,17.873333,16.959999
1.277812,17.886667,16.953333
1.278213,17.906668,17.026665
1.278614,17.913334,17.066666
1.279016,17.966665,17.039999
1.279418,17.953333,17.046665
1.279819,17.966665,17.073334
1.280220,17.973333,17.126667
1.280621,18.000000,17.133333
1.281022,18.020000,17.139999
1.281423,18.013332,17.146666
1.281824,18.026667,17.153332
1.282226,18.053333,17.173332
1.282627,18.133333,17.186666
1.283029,18.066666,17.206667
1.283430,18.079998,17.199999
1.283831,18.139999,17.120001
1.284233,18.119999,17.219999
1.284634,18.113333,17.219999
1.285035,18.126667,17.240000
1.285436,18.166666,17.186666
1.285837,18.173334,17.333332
1.286239,18.166666,17.326666
1.286641,18.213333,17.326666
1.287042,18.173334,17.333332
1.287443,18.233332,17.386667
1.287845,18.233332,17.340000
1.288247,18.213333,17.480000
1.288648,18.246666,17.333332
1.289049,18.260000,17.386667
1.289450,18.233332,17.413332
1.289852,18.286667,17.386667
1.290253,18.299999,17.426666
1.290655,18.333332,17.539999
1.291056,18.326666,17.600000
1.291458,18.346666,17.459999
1.291860,18.366667,17.446667
1.292261,18.379999,17.466665
1.292662,18.379999,17.473333
1.293064,18.400000,17.486666
1.293465,18.339998,17.500000
1.293866,18.366667,17.500000
1.294268,18.493332,17.539999
1.294669,18.440001,17.586666
1.295070,18.426666,17.586666
1.295471,18.466665,17.573332
1.295873,18.466665,17.593332
1.296274,18.466665,17.613333
1.296676,18.573334,17.593332
1.297077,18.466665,17.619999
1.297478,18.606665,17.613333
1.297879,18.526667,17.633333
1.298281,18.539999,17.639999
1.298682,18.539999,17.666666
1.299084,18.566668,17.673332
1.299485,18.586666,17.719999
1.299886,18.486666,17.773333
1.300288,18.599998,17.746666
1.300689,18.573334,17.746666
1.301090,18.653334,17.706665
1.301491,18.673334,17.753334
1.301892,18.599998,17.746666
1.302294,18.706667,17.813332
1.302695,18.680000,17.760000
1.303096,18.666666,17.746666
1.303497,18.686666,17.786667
1.303898,18.726665,17.806665
1.304300,18.666666,17.799999
1.304701,18.806667,17.840000
1.305105,18.746666,17.773333
1.305507,18.753332,17.873333
1.305909,18.766666,17.886667
1.306310,18.766666,17.799999
1.306712,18.773333,18.020000
1.307113,18.793333,17.893333
1.307514,18.786667,17.893333
1.307916,18.813334,17.939999
1.308317,18.833334,17.893333
1.308719,18.820000,18.033333
1.309120,18.840000,17.913334
1.309521,18.833334,17.926666
1.309923,18.866665,17.946665
1.310325,18.859999,17.966665
1.310726,18.900000,17.966665
1.311127,18.879999,17.980000
1.311528,18.940001,17.966665
1.311929,18.940001,17.986666
1.312330,18.913332,18.160000
1.312731,19.019999,18.000000
1.313132,18.933332,18.013332
1.313533,18.986666,18.033333
1.313935,18.973333,18.146666
1.314337,18.993332,18.046667
1.314738,18.973333,18.020000
1.315139,18.993332,18.073332
1.315540,18.993332,18.079998
1.315941,19.013332,18.113333
1.316342,19.066666,18.093332
1.316743,19.026667,18.086666
1.317144,19.073334,18.119999
1.317545,19.046667,18.139999
1.317946,19.053333,18.213333
1.318347,19.039999,18.146666
1.318749,19.073334,18.146666
1.319151,19.093334,18.153334
1.319552,19.126665,18.146666
1.319954,19.106667,18.153334
1.320355,19.119999,18.180000
1.320756,19.113333,18.166666
1.321158,19.119999,18.213333
1.321559,19.160000,18.233332
1.321960,19.139999,18.226665
1.322362,19.080000,18.219999
1.322763,19.119999,18.199999
1.323165,19.166666,18.253332
1.323567,19.146666,18.266666
1.323968,19.193333,18.273333
1.324369,19.206667,18.253332
1.324770,19.219999,18.273333
1.325172,19.219999,18.266666
1.325573,19.219999,18.160000
1.325974,19.246666,18.286667
1.326375,19.246666,18.299999
1.326776,19.240000,18.293333
1.327178,19.266666,18.306667
1.327579,19.286665,18.306667
1.327981,19.259998,18.326666
1.328383,19.279999,18.359999
1.328784,19.299999,18.353333
1.329186,19.253332,18.326666
1.329587,19.313334,18.353333
1.329989,19.306665,18.313334
1.330391,19.286665,18.333332
1.330792,19.426666,18.379999
1.331193,19.213333,18.386665
1.331594,19.340000,18.406666
1.331996,19.340000,18.346666
1.332397,19.340000,18.400000
1.332798,19.306665,18.413334
1.333200,19.379999,18.413334
1.333603,19.320000,18.413334
1.334004,19.379999,18.426666
1.334405,19.406666,18.440001
1.334807,19.406666,18.453333
1.335209,19.420000,18.473331
1.335611,19.433332,18.446667
1.336012,19.400000,18.459999
1.336414,19.433332,18.453333
1.336815,19.386665,18.520000
1.337216,19.453333,18.466665
1.337617,19.439999,18.520000
1.338018,19.466667,18.513332
1.338419,19.420000,18.513332
1.338821,19.406666,18.493332
1.339222,19.473333,18.566668
1.339624,19.473333,18.526667
1.340025,19.480000,18.533333
1.340426,19.506666,18.520000
1.340827,19.453333,18.493332
1.341229,19.480000,18.553333
1.341631,19.506666,18.520000
1.342033,19.480000,18.706667
1.342435,19.559999,18.559999
1.342836,19.486668,18.599998
1.343237,19.533333,18.586666
1.343638,19.573334,18.566668
1.344040,19.546665,18.566668
1.344442,19.566666,18.586666
1.344843,19.593332,18.633333
1.345244,19.580000,18.566668
1.345645,19.586666,18.599998
1.346046,19.566666,18.566668
1.346448,19.600000,18.599998
1.346849,19.546665,18.613333
1.347251,19.593332,18.586666
1.347652,19.653332,18.606665
1.348053,19.679998,18.646666
1.348454,19.600000,18.639999
1.348855,19.620001,18.639999
1.349256,19.633333,18.626665
1.349657,19.606667,18.646666
1.350058,19.633333,18.653334
1.350459,19.639999,18.700001
1.350860,19.639999,18.859999
1.351262,19.626667,18.613333
1.351663,19.653332,18.660000
1.352065,19.659998,18.673334
1.352466,19.646666,18.653334
1.352867,19.659998,18.666666
1.353269,19.699999,18.693333
1.353671,19.686666,18.680000
1.354072,19.679998,18.726665
1.354473,19.606667,18.686666
1.354875,19.719999,18.706667
1.355276,19.799999,18.706667
1.355678,19.659998,18.726665
1.356079,19.679998,18.713333
1.356480,19.713333,18.733332
1.356881,19.699999,18.713333
1.357283,19.719999,18.700001
1.357684,19.719999,18.753332
1.358085,19.733334,18.706667
1.358486,19.679998,18.526667
1.358887,19.760000,18.693333
1.359289,19.726667,18.753332
1.359690,19.726667,18.753332
1.360092,19.699999,18.759998
1.360494,19.760000,18.673334
1.360895,19.746666,18.759998
1.361296,19.740000,18.733332
1.361698,19.746666,18.759998
1.362099,19.760000,18.766666
1.362501,19.773333,18.759998
1.362903,19.733334,18.753332
1.363305,19.773333,18.673334
1.363706,19.786665,18.766666
1.364107,19.766666,18.846666
1.364508,19.719999,18.779999
1.364910,19.766666,18.613333
1.365312,19.786665,18.786667
1.365713,19.766666,18.766666
1.366114,19.773333,18.799999
1.366516,19.773333,18.773333
1.366917,19.793333,18.773333
1.367319,19.779999,18.799999
1.367720,19.833332,18.779999
1.368123,19.799999,18.799999
1.368524,19.786665,18.773333
1.368925,19.793333,18.753332
1.369327,19.793333,18.826666
1.369728,19.766666,18.773333
1.370130,19.799999,18.779999
1.370531,19.799999,18.820000
1.370932,19.813332,18.660000
1.371334,19.813332,18.826666
1.371736,19.799999,18.779999
1.372138,19.840000,18.793333
1.372539,19.813332,18.820000
1.372940,19.826666,18.840000
1.373341,19.833332,18.840000
1.373742,19.826666,18.820000
1.374144,19.860001,18.813334
1.374545,19.820000,18.820000
1.374946,19.813332,18.806667
1.375347,19.793333,18.820000
1.375748,19.813332,18.833334
1.376150,19.793333,18.866665
1.376552,19.806665,19.026667
1.376954,19.826666,18.826666
1.377355,19.833332,18.833334
1.377757,19.833332,18.840000
1.378159,19.833332,18.820000
1.378560,19.833332,18.826666
1.378962,19.826666,18.873333
1.379364,19.833332,18.840000
1.379766,19.846666,18.746666
1.380167,19.833332,18.833334
1.380568,19.860001,18.820000
1.380970,19.846666,18.853333
1.381372,19.846666,18.846666
1.381774,19.866667,18.846666
1.382175,19.846666,18.826666
1.382576,19.866667,18.826666
1.382978,19.840000,18.840000
1.383379,19.840000,18.826666
1.383780,19.873333,18.846666
1.384181,19.813332,18.826666
1.384583,19.866667,18.859999
1.384984,19.833332,18.766666
1.385385,19.773333,18.786667
1.385787,19.799999,18.879999
1.386188,19.833332,18.826666
1.386589,19.833332,18.786667
1.386991,19.846666,18.873333
1.387392,19.840000,18.833334
1.387793,19.833332,18.879999
1.388195,19.846666,18.813334
1.388597,19.866667,18.840000
1.388998,19.833332,18.879999
1.389399,19.840000,18.833334
1.389801,19.820000,18.840000
1.390202,19.806665,18.820000
1.390603,19.913332,18.833334
1.391004,19.846666,18.826666
1.391406,19.846666,18.933332
1.391807,19.826666,18.826666
1.392208,19.820000,18.820000
1.392610,19.840000,18.833334
1.393011,19.840000,18.833334
1.393413,19.833332,18.853333
1.393815,19.793333,18.813334
1.394217,19.846666,18.833334
1.394618,19.779999,18.826666
1.395019,19.860001,18.846666
1.395420,19.820000,18.826666
1.395821,19.793333,18.886665
1.396222,19.793333,18.766666
1.396624,19.799999,18.833334
1.397026,19.746666,18.820000
1.397428,19.820000,18.766666
1.397829,19.820000,18.820000
1.398231,19.806665,18.766666
1.398632,19.806665,18.833334
1.399033,19.793333,18.793333
1.399434,19.900000,18.799999
1.399835,19.760000,18.773333
1.400236,19.773333,18.606665
1.400638,19.786665,18.820000
1.401039,19.793333,18.773333
1.401441,19.799999,18.786667
1.401842,19.793333,18.793333
1.402244,19.786665,18.786667
1.402645,19.760000,18.673334
1.403046,19.760000,18.766666
1.403447,19.773333,18.766666
1.403848,19.786665,18.766666
1.404250,19.760000,18.746666
1.404651,19.793333,18.759998
1.405053,19.699999,18.759998
1.405454,19.726667,18.766666
1.405855,19.746666,18.746666
1.406257,19.740000,18.766666
1.406658,19.746666,18.759998
1.407059,19.726667,18.753332
1.407461,19.733334,18.786667
1.407862,19.746666,18.913332
1.408264,19.726667,18.726665
1.408665,19.726667,18.719999
1.409066,19.719999,18.719999
1.409468,19.699999,18.660000
1.409870,19.686666,18.746666
1.410272,19.693333,18.626665
1.410673,19.659998,18.606665
1.411074,19.713333,18.713333
1.411476,19.673332,18.706667
1.411877,19.666666,18.759998
1.412279,19.699999,18.673334
1.412681,19.713333,18.706667
1.413083,19.646666,18.586666
1.413484,19.673332,18.686666
1.413886,19.600000,18.646666
1.414287,19.713333,18.613333
1.414688,19.679998,18.686666
1.415090,19.653332,18.673334
1.415491,19.666666,18.673334
1.415892,19.646666,18.653334
1.416293,19.673332,18.653334
1.416695,19.666666,18.653334
1.417096,19.646666,18.660000
1.417497,19.673332,18.666666
1.417898,19.639999,18.646666
1.418300,19.633333,18.646666
1.418701,19.633333,18.646666
1.419105,19.646666,18.646666
1.419506,19.606667,18.613333
1.419907,19.613333,18.613333
1.420308,19.593332,18.626665
1.420709,19.586666,18.586666
1.421111,19.539999,18.446667
1.421512,19.639999,18.526667
1.421913,19.586666,18.599998
1.422315,19.580000,18.580000
1.422716,19.613333,18.593332
1.423118,19.559999,18.566668
1.423519,19.573334,18.566668
1.423920,19.553333,18.573334
1.424321,19.546665,18.566668
1.424722,19.573334,18.553333
1.425124,19.573334,18.526667
1.425525,19.553333,18.566668
1.425926,19.500000,18.580000
1.426327,19.553333,18.546667
1.426729,19.526665,18.553333
1.427131,19.513332,18.553333
1.427532,19.480000,18.533333
1.427933,19.519999,18.553333
1.428334,19.459999,18.513332
1.428735,19.473333,18.513332
1.429137,19.573334,18.520000
1.429539,19.439999,18.500000
1.429940,19.633333,18.526667
1.430341,19.519999,18.459999
1.430742,19.426666,18.473331
1.431145,19.426666,18.446667
1.431547,19.393332,18.446667
1.431949,19.453333,18.426666
1.432350,19.413332,18.459999
1.432751,19.373333,18.446667
1.433152,19.373333,18.453333
1.433553,19.373333,18.420000
1.433955,19.406666,18.413334
1.434356,19.373333,18.400000
1.434757,19.373333,18.406666
1.435159,19.346666,18.373333
1.435560,19.286665,18.413334
1.435962,19.326666,18.400000
1.436364,19.340000,18.373333
1.436766,19.320000,18.426666
1.437167,19.333334,18.379999
1.437568,19.293333,18.400000
1.437969,19.340000,18.286667
1.438371,19.306665,18.366667
1.438772,19.279999,18.333332
1.439173,19.293333,18.333332
1.439574,19.273333,18.326666
1.439976,19.293333,18.346666
1.440378,19.246666,18.299999
1.440780,19.266666,18.313334
1.441181,19.240000,18.306667
1.441582,19.233334,18.286667
1.441984,19.219999,18.273333
1.442385,19.226667,18.126667
1.442786,19.213333,18.333332
1.443187,19.213333,18.193333
1.443588,19.206667,18.213333
1.443990,19.186666,18.193333
1.444392,19.180000,18.186666
1.444794,19.166666,18.180000
1.445195,19.186666,18.233332
1.445597,19.153332,18.233332
1.445998,19.113333,18.199999
1.446399,19.119999,18.186666
1.446801,19.113333,18.206665
1.447202,19.213333,18.166666
1.447603,19.046667,18.146666
1.448004,19.113333,18.139999
1.448406,19.093334,18.153334
1.448808,19.066666,18.153334
1.449209,19.066666,18.126667
1.449610,19.119999,18.139999
1.450011,19.053333,18.113333
1.450412,19.039999,18.206665
1.450814,19.039999,18.106667
1.451215,19.033333,18.139999
1.451616,19.006666,18.113333
1.452017,19.006666,18.079998
1.452418,18.993332,18.040001
1.452819,18.940001,18.093332
1.453220,18.973333,18.106667
1.453622,19.026667,18.079998
1.454023,18.966667,18.046667
1.454425,18.946667,18.013332
1.454826,18.940001,18.033333
1.455227,18.933332,18.000000
1.455628,18.886665,18.066666
1.456030,18.886665,17.973333
1.456431,18.900000,17.973333
1.456833,18.873333,17.953333
1.457235,18.886665,18.020000
1.457637,18.866665,17.933332
1.458039,18.853333,17.959999
1.458440,18.893333,17.939999
1.458842,18.813334,17.906668
1.459243,18.840000,17.893333
1.459644,18.820000,17.886667
1.460045,18.853333,17.906668
1.460446,18.786667,17.886667
1.460847,18.840000,17.886667
1.461248,18.773333,17.886667
1.461650,18.786667,17.859999
1.462051,18.759998,17.853333
1.462452,18.686666,17.820000
1.462853,18.706667,17.773333
1.463254,18.693333,17.840000
1.463656,18.733332,17.813332
1.464058,18.686666,17.873333
1.464459,18.686666,17.786667
1.464860,18.686666,17.760000
1.465261,18.673334,17.799999
1.465663,18.653334,17.780001
1.466064,18.633333,17.746666
1.466465,18.633333,17.746666
1.466867,18.606665,17.733334
1.467269,18.546667,17.639999
1.467671,18.613333,17.726665
1.468072,18.559999,17.666666
1.468474,18.573334,17.626667
1.468876,18.586666,17.666666
1.469278,18.546667,17.660000
1.469679,18.493332,17.633333
1.470080,18.546667,17.613333
1.470482,18.606665,17.619999
1.470883,18.566668,17.613333
1.471286,18.459999,17.613333
1.471688,18.480000,17.619999
1.472089,18.353333,17.600000
1.472490,18.420000,17.539999
1.472892,18.420000,17.526667
1.473294,18.446667,17.539999
1.473695,18.440001,17.539999
1.474097,18.406666,17.506666
1.474498,18.359999,17.506666
1.474899,18.379999,17.513334
1.475300,18.339998,17.473333
1.475702,18.326666,17.473333
1.476105,18.353333,17.466665
1.476506,18.320000,17.453333
1.476907,18.293333,17.413332
1.477308,18.313334,17.466665
1.477710,18.333332,17.433332
1.478111,18.280001,17.340000
1.478512,18.280001,17.373333
1.478914,18.293333,17.386667
1.479315,18.346666,17.393333
1.479716,18.246666,17.093332
1.480118,18.173334,17.346666
1.480520,18.219999,17.293333
1.480921,18.246666,17.360001
1.481323,18.180000,17.320000
1.481725,18.173334,17.266666
1.482126,18.153334,17.279999
1.482528,18.113333,17.260000
1.482930,18.113333,17.260000
1.483332,18.139999,17.266666
1.483733,18.113333,17.219999
1.484134,18.093332,17.179998
1.484535,18.066666,17.206667
1.484936,18.053333,17.186666
1.485337,18.059999,17.186666
1.485738,18.046667,17.186666
1.486139,18.026667,17.106667
1.486540,18.026667,17.120001
1.486941,18.059999,17.186666
1.487342,17.993332,17.100000
1.487743,17.946665,17.106667
1.488144,17.980000,17.039999
1.488545,17.906668,17.039999
1.488946,17.920000,17.039999
1.489348,17.920000,17.013332
1.489749,17.886667,17.039999
1.490151,17.859999,17.013332
1.490552,17.820000,16.993334
1.490954,17.866667,16.986668
1.491355,17.853333,17.053333
1.491756,17.813332,16.953333
1.492158,17.826666,16.939999
1.492559,17.820000,16.959999
1.492962,17.840000,16.900000
1.493363,17.773333,16.913332
1.493765,17.760000,16.906666
1.494166,17.753334,16.900000
1.494567,17.746666,16.913332
1.494968,17.733334,16.853334
1.495369,17.693333,16.900000
1.495770,17.660000,16.886665
1.496172,17.666666,16.853334
1.496573,17.679998,16.826666
1.496974,17.673332,16.879999
1.497376,17.619999,16.806665
1.497777,17.573332,16.759998
1.498178,17.539999,16.786665
1.498580,17.606667,16.759998
1.498982,17.559999,16.759998
1.499384,17.539999,16.740000
1.499785,17.520000,16.713333
1.500186,17.473333,16.726667
1.500588,17.500000,16.626665
1.500989,17.480000,16.673332
1.501390,17.500000,16.653332
1.501792,17.480000,16.646666
1.502193,17.446667,16.600000
1.502594,17.459999,16.619999
1.502996,17.426666,16.586666
1.503397,17.393333,16.593334
1.503799,17.393333,16.566666
1.504200,17.353333,16.533333
1.504601,17.346666,16.553333
1.505003,17.306665,16.539999
1.505404,17.340000,16.473333
1.505806,17.413332,16.466667
1.506207,17.299999,16.453333
1.506608,17.273333,16.413332
1.507009,17.253334,16.453333
1.507411,17.240000,16.446667
1.507813,17.233334,16.426666
1.508215,17.206667,16.359999
1.508616,17.166666,16.366665
1.509017,17.179998,16.346666
1.509418,17.100000,16.313334
1.509820,17.133333,16.313334
1.510222,17.159998,16.279999
1.510623,17.100000,16.266666
1.511024,17.073334,16.166666
1.511426,17.053333,16.206667
1.511828,17.039999,16.200001
1.512229,17.053333,16.219999
1.512630,17.059999,16.213333
1.513031,17.086666,16.193333
1.513433,17.006666,16.200001
1.513834,17.000000,16.153334
1.514236,16.973333,16.253332
1.514638,16.959999,16.113333
1.515040,16.946667,16.066668
1.515442,16.926666,16.066668
1.515843,16.913332,16.046667
1.516245,16.926666,16.026667
1.516646,16.900000,16.046667
1.517048,16.860001,15.993333
1.517450,16.846666,15.980000
1.517851,16.840000,15.920000
1.518252,16.826666,15.926666
1.518653,16.846666,15.926666
1.519055,16.773333,15.860000
1.519457,16.806665,15.906666
1.519858,16.773333,15.906666
1.520260,16.766666,15.833333
1.520662,16.746666,15.786667
1.521063,16.713333,15.819999
1.521465,16.680000,15.566667
1.521866,16.666666,15.853333
1.522267,16.646666,15.753332
1.522668,16.680000,15.713334
1.523069,16.619999,15.726666
1.523471,16.613333,15.693334
1.523872,16.566666,15.713334
1.524274,16.559999,15.666666
1.524675,16.559999,15.626667
1.525077,16.499998,15.546666
1.525479,16.499998,15.599999
1.525880,16.480000,15.579999
1.526281,16.413332,15.560000
1.526682,16.446667,15.566667
1.527084,16.433332,15.846667
1.527485,16.413332,15.533333
1.527888,16.379999,15.393333
1.528290,16.373333,15.480000
1.528691,16.393333,15.466666
1.529093,16.299999,15.446666
1.529494,16.259998,15.413333
1.529895,16.313334,15.393333
1.530296,16.233332,15.393333
1.530698,16.246666,15.393333
1.531099,16.246666,15.333333
1.531500,16.200001,15.326667
1.531903,16.180000,15.306666
1.532304,16.119999,15.280000
1.532705,16.113333,15.219999
1.533106,16.146666,15.233334
1.533507,16.053333,15.233334
1.533908,16.086666,15.153333
1.534309,16.106665,15.193334
1.534711,16.053333,15.186667
1.535112,15.973332,14.953333
1.535513,16.013332,14.953333
1.535914,15.980000,15.100000
1.536315,15.966666,15.100000
1.536716,15.940000,15.093332
1.537119,15.913334,14.953333
1.537520,15.873333,14.953333
1.537922,15.879999,15.086666
1.538323,15.866667,14.953333
1.538724,15.673333,14.933333
1.539125,15.853333,14.946667
1.539527,15.753332,14.873333
1.539929,15.666666,14.906667
1.540330,15.686666,14.873333
1.540731,15.733333,14.866667
1.541132,15.686666,14.820000
1.541533,15.660000,14.793334
1.541935,15.686666,14.800000
1.542336,15.633333,14.666667
1.542739,15.593333,14.759999
1.543140,15.573333,14.746666
1.543541,15.579999,14.693333
1.543942,15.566667,14.699999
1.544343,15.660000,14.659999
1.544744,15.460000,14.620000
1.545145,15.526667,14.633332
1.545546,15.446666,14.600000
1.545947,15.293332,14.580000
1.546349,15.393333,14.559999
1.546750,15.506666,14.540000
1.547152,15.379999,14.533334
1.547553,15.473333,14.526666
1.547954,15.313333,14.513333
1.548355,15.286666,14.446667
1.548756,15.273333,14.446667
1.549158,15.273333,14.420000
1.549559,15.226665,14.420000
1.549960,15.219999,14.353333
1.550361,15.213333,14.340000
1.550762,15.186667,14.406667
1.551165,15.213333,14.340000
1.551566,15.153333,14.293333
1.551967,15.113333,14.293333
1.552369,15.166667,14.193333
1.552771,14.953333,14.246667
1.553173,15.086666,14.286666
1.553574,14.953333,14.200001
1.553975,14.953333,14.219999
1.554376,15.026666,14.153333
1.554777,14.946667,14.173332
1.555178,15.040000,14.093333
1.555579,14.886666,13.993333
1.555981,14.873333,14.080000
1.556382,14.860001,14.073334
1.556783,14.833332,14.073334
1.557185,14.820000,14.053333
1.557586,14.780000,13.993333
1.557988,14.766665,13.993333
1.558390,14.699999,13.913332
1.558791,14.606667,13.966666
1.559192,14.666667,13.920000
1.559593,14.693333,13.880000
1.559994,14.633332,13.906666
1.560395,14.626666,13.833333
1.560796,14.553333,13.820000
1.561198,14.553333,13.820000
1.561599,14.600000,13.826666
1.562001,14.513333,13.766666
1.562403,14.513333,13.746667
1.562804,14.526666,13.873334
1.563207,14.406667,13.713332
1.563608,14.453333,13.673334
1.564010,14.386666,13.653334
1.564411,14.393332,13.653334
1.564813,14.373332,13.606666
1.565214,14.346666,13.593333
1.565615,14.333334,13.613334
1.566016,14.246667,13.533333
1.566417,14.306665,13.520000
1.566818,14.266667,13.486667
1.567220,14.246667,13.500000
1.567621,14.200001,13.466666
1.568023,14.200001,13.466666
1.568424,14.153333,13.460000
1.568826,14.153333,13.406666
1.569227,14.140000,13.373333
1.569628,14.120000,13.379999
1.570029,14.046667,13.326666
1.570430,14.080000,13.293333
1.570832,13.946667,13.293333
1.571233,14.020000,13.059999
1.571634,14.020000,13.213333
1.572036,13.986667,13.213333
1.572438,13.873334,13.206666
1.572840,13.906666,13.206666
1.573242,13.900000,13.166667
1.573643,13.906666,13.120000
1.574045,13.833333,13.126666
1.574447,13.820000,13.100000
1.574848,13.799999,13.120000
1.575249,13.786667,13.040000
1.575651,13.759999,13.033334
1.576052,13.740001,13.013333
1.576453,13.686666,12.966667
1.576856,13.680000,12.946667
1.577259,13.713332,12.946667
1.577660,13.620000,12.940000
1.578061,13.620000,12.886666
1.578462,13.599999,12.946667
1.578863,13.613334,12.900000
1.579265,13.553333,12.826667
1.579666,13.533333,12.826667
1.580068,13.500000,12.786666
1.580470,13.466666,12.766666
1.580871,13.466666,12.760000
1.581273,13.406666,12.719999
1.581674,13.413334,12.706667
1.582076,13.273334,12.700000
1.582478,13.360000,12.686666
1.582879,13.346667,12.606667
1.583280,13.273334,12.646667
1.583682,13.293333,12.586666
1.584083,13.259999,12.793333
1.584484,13.273334,12.526666
1.584885,13.213333,12.526666
1.585287,13.200000,12.580000
1.585688,13.206666,12.453333
1.586090,13.153334,12.453333
1.586492,13.093333,12.506667
1.586893,13.059999,12.420000
1.587294,13.086667,12.420000
1.587695,13.066667,12.360000
1.588096,12.980000,12.366667
1.588498,12.893333,12.326666
1.588899,13.026667,12.280000
1.589300,13.033334,12.293333
1.589701,12.886666,12.246667
1.590104,12.840000,12.253333
1.590505,12.813334,12.233334
1.590906,12.853333,12.193333
1.591307,12.840000,12.153333
1.591709,12.820000,12.066666
1.592111,12.793333,12.100000
1.592512,12.780000,12.073333
1.592913,12.766666,12.059999
1.593315,12.726666,12.033333
1.593716,12.673333,11.966666
1.594118,12.626667,11.986667
1.594519,12.606667,11.946667
1.594920,12.580000,11.900000
1.595321,12.593333,11.920000
1.595722,12.459999,11.893333
1.596124,12.580000,11.853333
1.596525,12.613333,11.879999
1.596926,12.453333,11.806666
1.597327,12.446667,11.753333
1.597728,12.440001,11.780000
1.598130,12.420000,11.866666
1.598531,12.413333,11.786667
1.598932,12.380000,11.706667
1.599333,12.353333,11.679999
1.599734,12.320000,11.633333
1.600136,12.280000,11.606667
1.600537,12.280000,11.606667
1.600938,12.233334,11.566667
1.601339,12.219999,11.566667
1.601740,12.186666,11.546666
1.602141,12.173333,11.520000
1.602542,12.146667,11.513333
1.602944,12.080000,11.480000
1.603346,12.086666,11.453334
1.603748,12.066666,11.426666
1.604150,12.013333,11.366667
1.604551,12.033333,11.380000
1.604952,12.193333,11.280000
1.605354,11.900000,11.420000
1.605755,11.953333,11.386666
1.606157,11.886666,11.260000
1.606558,11.873333,11.420000
1.606960,11.846666,11.213333
1.607362,11.853333,11.360000
1.607763,11.813333,11.193334
1.608165,11.780000,11.139999
1.608566,11.766666,11.186666
1.608968,11.706667,11.106667
1.609369,11.713333,11.113334
1.609770,11.666666,11.079999
1.610172,11.620000,11.040000
1.610573,11.666666,11.020000
1.610975,11.620000,10.993334
1.611377,11.586667,10.966666
1.611778,11.546666,10.940000
1.612179,11.526667,10.953333
1.612582,11.513333,10.913333
1.612983,11.480000,10.879999
1.613384,11.480000,10.933333
1.613787,11.433333,10.840000
1.614188,11.406666,10.840000
1.614590,11.386666,10.806666
1.614991,11.366667,10.766666
1.615393,11.106667,10.740000
1.615794,11.326667,10.746666
1.616196,11.333333,10.679999
1.616598,11.233333,10.660000
1.616999,11.240000,10.639999
1.617400,11.233333,10.639999
1.617801,11.219999,10.573333
1.618202,11.146667,10.566667
1.618604,11.120000,10.600000
1.619005,11.126667,10.513333
1.619406,11.120000,10.513333
1.619807,11.106667,10.473333
1.620208,11.040000,10.506666
1.620609,11.073333,10.593333
1.621010,10.926667,10.406667
1.621411,11.013332,10.433333
1.621812,10.900000,10.153333
1.622214,10.966666,10.353333
1.622615,10.906667,10.380000
1.623016,10.853333,10.293333
1.623418,10.879999,10.280000
1.623819,10.820000,10.246666
1.624220,10.766666,10.226666
1.624621,10.780000,10.200000
1.625022,10.726666,10.160000
1.625423,10.660000,10.086666
1.625824,10.693333,10.140000
1.626226,10.620000,10.059999
1.626627,10.693333,10.086666
1.627029,10.633333,10.046666
1.627431,10.526667,9.980000
1.627832,10.600000,10.040000
1.628233,10.559999,9.866667
1.628634,10.513333,9.940001
1.629035,10.580000,9.953333
1.629436,10.413333,9.959999
1.629837,10.446667,9.886666
1.630238,10.406667,9.893332
1.630639,10.360000,9.880000
1.631040,10.299999,9.820000
1.631441,10.340000,9.806666
1.631842,10.306666,9.773333
1.632243,10.306666,9.740000
1.632645,10.326667,9.740000
1.633047,10.226666,9.706666
1.633448,10.313334,9.706666
1.633850,10.173333,9.680000
1.634251,10.173333,9.620000
1.634652,10.140000,9.613334
1.635054,10.140000,9.600000
1.635455,10.013333,9.580000
1.635857,10.086666,9.613334
1.636258,10.053333,9.526667
1.636660,10.033333,9.446667
1.637062,9.973333,9.466666
1.637464,10.020000,9.586666
1.637865,9.953333,9.313333
1.638267,9.946667,9.346666
1.638668,9.866667,9.346666
1.639070,9.959999,9.340000
1.639471,9.926666,9.320000
1.639873,9.820000,9.286667
1.640274,9.793333,9.260000
1.640677,9.793333,9.260000
1.641079,9.753333,9.206667
1.641480,9.733334,9.193333
1.641881,9.686666,9.193333
1.642283,9.666667,9.140000
1.642684,9.660000,9.093333
1.643085,9.626666,9.099999
1.643486,9.620000,9.093333
1.643889,9.606667,9.166666
1.644291,9.566666,9.006666
1.644692,9.499999,9.013333
1.645094,9.520000,8.993333
1.645496,9.460000,8.926666
1.645897,9.346666,8.893333
1.646299,9.326667,8.913333
1.646701,9.420000,8.846666
1.647105,9.346666,8.853333
1.647506,9.393333,8.886666
1.647907,9.293333,8.820000
1.648308,9.286667,8.800000
1.648710,9.246666,8.773333
1.649112,9.226666,8.639999
1.649513,9.206667,8.719999
1.649914,9.179999,8.673333
1.650316,9.133333,8.646667
1.650718,9.126666,8.666666
1.651119,9.093333,8.620000
1.651520,9.080000,8.586666
1.651921,9.073333,8.566667
1.652323,9.020000,8.506666
1.652724,9.000000,8.553333
1.653125,8.993333,8.506666
1.653526,8.946667,8.453333
1.653927,8.933333,8.446666
1.654328,8.826667,8.426667
1.654730,8.866667,8.393332
1.655131,8.913333,8.393332
1.655534,8.793333,8.386666
1.655936,8.733333,8.306666
1.656339,8.760000,8.273334
1.656740,8.700000,8.266666
1.657141,8.726666,8.280000
1.657542,8.826667,8.266666
1.657944,8.686666,8.213333
1.658345,8.673333,8.186666
1.658746,8.620000,8.206666
1.659149,8.613334,8.146667
1.659551,8.566667,8.080000
1.659953,8.553333,8.093333
1.660355,8.579999,8.066667
1.660756,8.486667,8.040000
1.661158,8.466666,8.040000
1.661559,8.433333,8.053332
1.661960,8.420000,7.953333
1.662362,8.400000,7.926667
1.662764,8.379999,8.066667
1.663166,8.373333,7.900000
1.663567,8.406667,7.873333
1.663969,8.353333,7.866666
1.664371,8.293333,7.840000
1.664773,8.266666,7.860000
1.665174,8.213333,7.793334
1.665575,8.206666,7.773333
1.665977,8.206666,7.753333
1.666378,8.126666,7.726667
1.666780,8.073333,7.686666
1.667181,8.100000,7.686666
1.667582,8.093333,7.633333
1.667984,8.046666,7.633333
1.668385,8.026667,7.640000
1.668786,8.033334,7.686666
1.669187,8.000000,7.566667
1.669588,7.946667,7.446666
1.669989,7.913333,7.520000
1.670391,7.920000,7.513333
1.670792,7.853333,7.446666
1.671193,7.973333,7.426666
1.671594,7.826667,7.466667
1.671995,7.833333,7.420000
1.672397,7.780000,7.320000
1.672799,7.780000,7.340000
1.673200,7.726667,7.340000
1.673603,7.686666,7.300000
1.674005,7.693334,7.293333
1.674407,7.673333,7.260000
1.674808,7.653333,7.166667
1.675209,7.600000,7.253334
1.675611,7.586667,7.166667
1.676012,7.566667,7.113333
1.676413,7.533333,7.166667
1.676814,7.506667,7.093333
1.677215,7.506667,7.106667
1.677617,7.500000,7.153333
1.678019,7.446666,7.073333
1.678420,7.440000,7.080000
1.678823,7.400000,7.006667
1.679225,7.353333,7.026667
1.679626,7.340000,7.000000
1.680027,7.246666,6.920000
1.680428,7.340000,6.866666
1.680829,7.293333,6.886666
1.681230,7.253334,6.866666
1.681631,7.226666,6.833333
1.682032,7.213333,6.846666
1.682434,7.219999,6.820000
1.682835,7.166667,6.780000
1.683237,7.146667,6.786666
1.683638,7.213333,6.740000
1.684039,7.119999,6.840000
1.684441,7.086666,6.780000
1.684842,7.006667,6.646667
1.685243,6.966666,6.640000
1.685644,7.026667,6.673334
1.686045,6.960000,6.546667
1.686447,6.926667,6.533333
1.686848,6.913333,6.540000
1.687249,6.760000,6.486667
1.687650,6.873333,6.700000
1.688052,6.766666,6.426666
1.688453,6.813333,6.366666
1.688854,6.893333,6.406667
1.689256,6.760000,6.473333
1.689657,6.746666,6.373333
1.690058,6.733333,6.286667
1.690460,6.700000,6.293333
1.690861,6.680000,6.286667
1.691263,6.626667,6.280000
1.691664,6.613333,6.146667
1.692065,6.626667,6.253334
1.692466,6.486667,6.226666
1.692867,6.500000,6.153333
1.693268,6.486667,6.186666
1.693670,6.460000,6.146667
1.694072,6.466667,5.866666
1.694473,6.426666,5.946667
1.694875,6.420000,6.066667
1.695276,6.366666,6.040000
1.695677,6.400000,6.046667
1.696079,6.286667,6.020000
1.696481,6.313334,6.126667
1.696882,6.420000,5.973333
1.697283,6.266666,5.966666
1.697685,6.253334,5.940000
1.698086,6.253334,5.906666
1.698487,6.226666,6.060000
1.698888,6.200000,5.926667
1.699290,6.126667,5.846666
1.699691,6.120000,5.826667
1.700093,6.120000,5.766666
1.700494,6.113333,5.766666
1.700897,6.046667,5.733333
1.701298,6.106667,5.746666
1.701699,6.060000,5.706666
1.702105,6.026667,5.733333
1.702506,5.953333,5.626667
1.702907,5.940000,5.666667
1.703309,5.920000,5.626667
1.703710,5.926667,5.620000
1.704111,5.880000,5.573333
1.704512,5.906666,5.586667
1.704914,5.906666,5.520000
1.705315,5.720000,5.493333
1.705716,5.813333,5.520000
1.706119,5.740000,5.486667
1.706520,5.766666,5.446666
1.706921,5.720000,5.426667
1.707322,5.720000,5.413333
1.707723,5.680000,5.386667
1.708125,5.626667,5.386667
1.708527,5.553333,5.333333
1.708928,5.613333,5.333333
1.709330,5.593333,5.306666
1.709731,5.553333,5.293334
1.710132,5.580000,5.240000
1.710535,5.520000,5.293334
1.710936,5.520000,5.240000
1.711337,5.539999,5.060000
1.711738,5.440000,5.153333
1.712140,5.373333,5.240000
1.712543,5.413333,5.146667
1.712945,5.406666,5.133333
1.713347,5.406666,5.160000
1.713748,5.360000,4.946666
1.714150,5.333333,4.966667
1.714552,5.313333,5.053333
1.714953,5.273333,5.026667
1.715355,5.246666,4.986667
1.715757,5.240000,4.993333
1.716159,5.226666,4.946666
1.716560,5.180000,4.900000
1.716961,5.180000,4.893333
1.717363,5.153333,4.893333
1.717764,5.153333,4.813333
1.718165,5.146667,4.880000
1.718566,5.086667,4.806667
1.718968,5.126667,4.826666
1.719369,5.026667,4.806667
1.719771,5.000000,4.813333
1.720172,5.000000,4.720000
1.720573,4.973333,4.940000
1.720975,4.960000,4.706666
1.721376,4.946666,4.700000
1.721777,4.826666,4.573333
1.722179,4.873333,4.553333
1.722580,4.886666,4.653333
1.722981,4.853333,4.600000
1.723382,4.880000,4.546667
1.723783,4.820000,4.553333
1.724185,4.786666,4.540000
1.724586,4.780000,4.540000
1.724988,4.780000,4.480000
1.725389,4.753333,4.746666
1.725792,4.680000,4.460000
1.726193,4.686666,4.453333
1.726594,4.760000,4.420000
1.726996,4.673333,4.460000
1.727397,4.606667,4.400000
1.727798,4.593333,4.380000
1.728199,4.593333,4.353333
1.728601,4.560000,4.360000
1.729002,4.540000,4.300000
1.729404,4.480000,4.300000
1.729805,4.533333,4.273333
1.730206,4.513333,4.266666
1.730609,4.460000,4.233333
1.731010,4.486666,4.186666
1.731411,4.400000,4.193333
1.731812,4.426666,4.160000
1.732213,4.366666,4.146667
1.732615,4.353333,4.140000
1.733016,4.340000,4.133333
1.733417,4.313334,4.100000
1.733818,4.266666,4.100000
1.734219,4.286666,4.053333
1.734621,4.266666,4.020000
1.735022,4.293333,3.986666
1.735424,4.233333,4.160000
1.735825,4.206666,3.993333
1.736226,4.186666,4.013333
1.736627,4.146667,3.980000
1.737029,4.166667,3.913333
1.737431,4.133333,3.926666
1.737832,4.120000,3.880000
1.738234,4.100000,3.873333
1.738635,4.093333,3.840000
1.739036,4.080000,3.873333
1.739438,4.040000,3.913333
1.739839,3.993333,3.820000
1.740240,4.006667,3.746666
1.740642,3.966667,3.746666
1.741043,3.946667,3.706666
1.741444,3.966667,3.673333
1.741846,3.913333,3.713333
1.742247,3.900000,3.653333
1.742648,3.893333,3.646667
1.743049,3.853333,3.626667
1.743451,3.746666,3.840000
1.743852,3.826667,3.653333
1.744253,3.813334,3.580000
1.744655,3.780000,3.560000
1.745056,3.740000,3.553333
1.745457,3.720000,3.493333
1.745858,3.693333,3.466666
1.746260,3.660000,3.486667
1.746662,3.686666,3.486667
1.747063,3.653333,3.386667
1.747464,3.613333,3.380000
1.747865,3.500000,3.406667
1.748267,3.580000,3.360000
1.748668,3.600000,3.366667
1.749069,3.540000,3.346666
1.749470,3.520000,3.326667
1.749871,3.486667,3.333333
1.750272,3.473333,3.320000
1.750673,3.486667,3.306667
1.751074,3.440000,3.286667
1.751475,3.426666,3.273333
1.751878,3.406667,3.260000
1.752279,3.366667,3.166667
1.752680,3.406667,3.220000
1.753082,3.380000,3.186666
1.753483,3.340000,3.173333
1.753885,3.320000,3.133333
1.754287,3.313333,3.140000
1.754688,3.333333,3.133333
1.755090,3.273333,3.126667
1.755491,3.280000,3.106667
1.755892,3.186666,3.040000
1.756294,3.193333,3.086667
1.756696,3.206667,3.040000
1.757097,3.246666,3.020000
1.757498,3.166667,3.033333
1.757900,3.160000,2.966666
1.758301,3.153333,2.960000
1.758703,3.126667,2.960000
1.759105,2.953333,2.953333
1.759506,3.093333,2.886667
1.759907,3.060000,2.880000
1.760309,3.046667,2.893333
1.760712,3.013333,2.873333
1.761113,3.006667,2.826667
1.761514,3.000000,2.713333
1.761915,3.006667,2.820000
1.762316,2.960000,2.800000
1.762719,3.020000,2.793333
1.763120,2.913333,2.786667
1.763521,2.906667,2.726667
1.763922,2.900000,2.753333
1.764323,2.866667,2.733333
1.764726,2.820000,2.706666
1.765127,2.846667,2.693333
1.765528,2.786667,2.673333
1.765929,2.820000,2.680000
1.766331,2.706666,2.640000
1.766733,2.786667,2.673333
1.767134,2.773333,2.613333
1.767537,2.740000,2.613333
1.767938,2.713333,2.633333
1.768339,2.706666,2.520000
1.768740,2.726667,2.586667
1.769141,2.693333,2.553333
1.769542,2.693333,2.613333
1.769943,2.646667,2.580000
1.770344,2.613333,2.506666
1.770746,2.620000,2.466667
1.771147,2.606667,2.453333
1.771549,2.593333,2.406667
1.771951,2.566667,2.433333
1.772352,2.626667,2.426666
1.772753,2.386667,2.406667
1.773156,2.560000,2.346667
1.773557,2.506666,2.400000
1.773958,2.466667,2.386667
1.774360,2.480000,2.346667
1.774762,2.460000,2.353333
1.775164,2.433333,2.613333
1.775565,2.420000,2.286667
1.775966,2.393333,2.280000
1.776371,2.380000,2.366667
1.776774,2.386667,2.253333
1.777175,2.366667,2.280000
1.777576,2.353333,2.213333
1.777977,2.320000,2.273333
1.778379,2.333333,2.233333
1.778780,2.333333,2.246667
1.779181,2.280000,2.166667
1.779582,2.340000,2.146667
1.779984,2.246667,2.033333
1.780385,2.253333,2.206667
1.780787,2.133333,2.126667
1.781188,2.233333,2.080000
1.781589,2.220000,2.093333
1.781991,2.173333,2.073333
1.782392,2.173333,2.086667
1.782794,2.193333,2.053333
1.783195,2.120000,2.166667
1.783597,2.066667,2.086667
1.783998,2.126667,2.000000
1.784400,2.046667,1.986667
1.784801,2.066667,2.060000
1.785202,2.053333,1.973333
1.785603,2.033333,1.940000
1.786004,2.106667,1.906667
1.786405,2.046667,1.920000
1.786807,2.006667,1.940000
1.787208,2.006667,1.906667
1.787610,1.980000,1.860000
1.788011,1.953333,1.840000
1.788412,1.973333,1.880000
1.788814,1.940000,1.886667
1.789215,1.920000,1.840000
1.789616,1.906667,1.820000
1.790018,1.900000,1.766667
1.790420,1.940000,1.780000
1.790821,1.886667,1.766667
1.791222,1.866667,1.746667
1.791624,1.840000,1.733333
1.792025,1.820000,1.733333
1.792427,1.786667,1.733333
1.792828,1.813333,1.693333
1.793230,1.826667,1.680000
1.793632,1.760000,1.646667
1.794033,1.873333,1.653333
1.794434,1.720000,1.646667
1.794835,1.733333,1.660000
1.795236,1.706667,1.813333
1.795637,1.726667,1.613333
1.796038,1.700000,1.633333
1.796440,1.673333,1.693333
1.796841,1.673333,1.653333
1.797243,1.713333,1.566667
1.797644,1.773333,1.526667
1.798046,1.640000,1.560000
1.798448,1.606667,1.560000
1.798851,1.606667,1.533333
1.799253,1.586667,1.540000
1.799654,1.420000,1.540000
1.800056,1.566667,1.480000
1.800457,1.633333,1.493333
1.800859,1.526667,1.460000
1.801260,1.560000,1.440000
1.801662,1.513333,1.420000
1.802063,1.506667,1.360000
1.802465,1.520000,1.453333
1.802866,1.473333,1.420000
1.803268,1.513333,1.386667
1.803669,1.453333,1.413333
1.804071,1.453333,1.380000
1.804472,1.440000,1.360000
1.804874,1.406667,1.373333
1.805275,1.486667,1.326667
1.805676,1.466667,1.346667
1.806077,1.333333,1.326667
1.806478,1.386667,1.313333
1.806880,1.366667,1.300000
1.807281,1.366667,1.300000
1.807682,1.340000,1.266667
1.808083,1.313333,1.246667
1.808485,1.320000,1.266667
1.808887,1.300000,1.240000
1.809288,1.293333,1.213333
1.809689,1.253333,0.946667
1.810090,1.260000,1.220000
1.810492,1.273333,1.233333
1.810894,1.180000,1.240000
1.811295,1.220000,1.300000
1.811697,1.213333,1.206667
1.812098,1.220000,1.133333
1.812500,1.180000,1.173333
1.812901,1.200000,1.120000
1.813303,1.186667,1.146667
1.813704,1.173333,1.140000
1.814105,1.120000,1.020000
1.814506,1.186667,1.040000
1.814908,1.173333,1.120000
1.815309,1.140000,1.106667
1.815710,1.120000,1.060000
1.816112,1.113333,1.073333
1.816513,1.106667,1.046667
1.816914,1.120000,1.206667
1.817316,1.086667,1.020000
1.817717,1.093333,1.020000
1.818119,1.060000,1.026667
1.818520,1.066667,1.026667
1.818922,1.046667,1.146667
1.819323,1.033333,0.993333
1.819724,1.080000,0.993333
1.820126,1.033333,1.033333
1.820527,1.013333,0.960000
1.820928,1.046667,0.946667
1.821330,1.006667,0.960000
1.821731,1.026667,0.946667
1.822132,0.993333,0.946667
1.822534,0.960000,0.946667
1.822935,0.946667,0.946667
1.823336,0.953333,0.946667
1.823737,0.946667,0.946667
1.824138,0.946667,0.946667
1.824539,0.946667,0.946667
1.824940,0.966667,0.946667
1.825343,0.946667,0.946667
1.825744,0.946667,0.946667
1.826145,0.946667,0.946667
1.826546,0.946667,0.946667
1.826947,0.946667,0.946667
1.827348,0.946667,0.946667
1.827749,0.946667,0.946667
1.828151,0.946667,0.946667
1.828553,0.946667,0.946667
1.828954,0.946667,0.946667
1.829355,0.946667,0.946667
1.829757,0.946667,0.946667
1.830158,0.946667,0.946667
1.830560,0.946667,0.946667
1.830961,0.946667,0.946667
1.831362,0.946667,0.946667
1.831763,0.946667,0.946667
1.832165,0.946667,0.946667
1.832566,0.946667,0.946667
1.832967,0.946667,0.946667
1.833369,0.946667,0.946667
1.833770,0.946667,0.946667
1.834172,0.946667,0.946667
1.834573,0.946667,0.946667
1.834975,0.946667,0.946667
1.835376,0.946667,0.946667
1.835777,0.946667,0.946667
1.836180,0.946667,0.946667
1.836581,0.946667,0.946667
1.836982,0.946667,0.946667
1.837383,0.946667,0.946667
1.837784,0.946667,0.946667
1.838185,0.946667,0.946667
1.838586,0.946667,0.946667
1.838988,0.946667,0.946667
1.839389,0.946667,0.946667
1.839790,0.946667,0.946667
1.840192,0.946667,0.946667
1.840593,0.946667,0.946667
1.840995,0.946667,0.946667
1.841396,0.946667,0.946667
1.841798,0.946667,0.946667
1.842199,0.946667,0.946667
1.842600,0.946667,0.946667
1.843002,0.946667,0.946667
1.843403,0.946667,0.946667
1.843804,0.946667,0.946667
1.844206,0.946667,0.946667
1.844607,0.946667,0.946667
1.845009,0.946667,0.946667
1.845411,0.946667,0.946667
1.845812,0.946667,0.946667
1.846213,0.946667,0.946667
1.846615,0.946667,0.946667
1.847016,0.946667,0.946667
1.847417,0.946667,0.946667
1.847819,0.946667,0.946667
1.848220,0.946667,0.946667
1.848621,0.946667,0.946667
1.849022,0.946667,0.946667
1.849423,0.946667,0.946667
1.849824,0.946667,0.946667
1.850225,0.946667,0.946667
1.850626,0.946667,0.946667
1.851027,0.946667,0.946667
1.851429,0.946667,0.946667
1.851831,0.946667,0.946667
1.852233,0.946667,0.946667
1.852634,0.946667,0.946667
1.853035,0.946667,0.946667
1.853437,0.946667,0.946667
1.853838,0.946667,0.946667
1.854240,0.946667,0.946667
1.854641,0.946667,0.946667
1.855043,0.946667,0.946667
1.855445,0.946667,0.946667
1.855846,0.946667,0.946667
1.856247,0.946667,0.946667
1.856648,0.946667,0.946667
1.857050,0.946667,0.946667
1.857452,0.946667,0.946667
1.857853,0.946667,0.946667
1.858254,0.946667,0.946667
1.858656,0.946667,0.946667
1.859057,0.946667,0.946667
1.859459,0.946667,0.946667
1.859860,0.946667,0.946667
1.860261,0.946667,0.946667
1.860662,0.946667,0.946667
1.861063,0.946667,0.946667
1.861465,0.946667,0.946667
1.861867,0.946667,0.946667
1.862269,0.946667,0.946667
1.862670,0.946667,0.946667
1.863071,0.946667,0.946667
1.863472,0.946667,0.946667
1.863873,0.946667,0.946667
1.864275,0.946667,0.946667
1.864677,0.946667,0.946667
1.865078,0.946667,0.946667
1.865480,0.946667,0.946667
1.865881,0.946667,0.946667
1.866282,0.946667,0.946667
1.866685,0.946667,0.946667
1.867086,0.946667,0.946667
1.867487,0.946667,0.946667
1.867889,0.946667,0.946667
1.868291,0.946667,0.946667
1.868692,0.946667,0.946667
1.869093,0.946667,0.946667
1.869494,0.946667,0.946667
1.869895,0.946667,0.946667
1.870296,0.946667,0.946667
1.870697,0.946667,0.946667
1.871099,0.946667,0.946667
1.871500,0.946667,0.946667
1.871901,0.946667,0.946667
1.872302,0.946667,0.946667
1.872705,0.946667,0.946667
1.873106,0.946667,0.946667
1.873507,0.946667,0.946667
1.873908,0.946667,0.946667
1.874309,0.946667,0.946667
1.874710,0.946667,0.946667
1.875112,0.946667,0.946667
1.875514,0.946667,0.946667
1.875916,0.946667,0.946667
1.876318,0.946667,0.946667
1.876719,0.946667,0.946667
1.877120,0.946667,0.946667
1.877521,0.946667,0.946667
1.877922,0.946667,0.946667
1.878324,0.946667,0.946667
1.878725,0.946667,0.946667
1.879126,0.946667,0.946667
1.879527,0.946667,0.946667
1.879929,0.946667,0.946667
1.880330,0.946667,0.946667
1.880731,0.946667,0.946667
1.881132,0.946667,0.946667
1.881533,0.946667,0.946667
1.881934,0.946667,0.946667
1.882335,0.946667,0.946667
1.882736,0.946667,0.946667
1.883138,0.946667,0.946667
1.883539,0.946667,0.946667
1.883941,0.946667,0.946667
1.884343,0.946667,0.946667
1.884744,0.946667,0.946667
1.885146,0.946667,0.946667
1.885547,0.946667,0.946667
1.885949,0.946667,0.946667
1.886351,0.946667,0.946667
1.886753,0.946667,0.946667
1.887154,0.946667,0.946667
1.887555,0.946667,0.946667
1.887957,0.946667,0.946667
1.888358,0.946667,0.946667
1.888760,0.946667,0.946667
1.889161,0.946667,0.946667
1.889562,0.946667,0.946667
1.889963,0.946667,0.946667
1.890365,0.946667,0.946667
1.890766,0.946667,0.946667
1.891167,0.946667,0.946667
1.891568,0.946667,0.946667
1.891970,0.946667,0.946667
1.892371,0.946667,0.946667
1.892772,0.946667,0.946667
1.893173,0.946667,0.946667
1.893574,0.946667,0.946667
1.893976,0.946667,0.946667
1.894377,0.946667,0.946667
1.894779,0.946667,0.946667
1.895180,0.946667,0.946667
1.895581,0.946667,0.946667
1.895982,0.946667,0.946667
1.896383,0.946667,0.946667
1.896784,0.946667,0.946667
1.897185,0.946667,0.946667
1.897586,0.946667,0.946667
1.897988,0.946667,0.946667
1.898389,0.946667,0.946667
1.898791,0.946667,0.946667
1.899193,0.946667,0.946667
1.899594,0.946667,0.946667
1.899996,0.946667,0.946667
1.900397,0.946667,0.946667
1.900798,0.946667,0.946667
1.901200,0.946667,0.946667
1.901603,0.946667,0.946667
1.902005,0.946667,0.946667
1.902406,0.946667,0.946667
1.902807,0.946667,0.946667
1.903210,0.946667,0.946667
1.903611,0.946667,0.946667
1.904012,0.946667,0.946667
1.904414,0.946667,0.946667
1.904815,0.946667,0.946667
1.905216,0.946667,0.946667
1.905617,0.946667,0.946667
1.906018,0.946667,0.946667
1.906420,0.946667,0.946667
1.906821,0.946667,0.946667
1.907223,0.946667,0.946667
1.907624,0.946667,0.946667
1.908025,0.946667,0.946667
1.908426,0.946667,0.946667
1.908828,0.946667,0.946667
1.909230,0.946667,0.946667
1.909631,0.946667,0.946667
1.910033,0.946667,0.946667
1.910435,0.946667,0.946667
1.910837,0.946667,0.946667
1.911239,0.946667,0.946667
1.911640,0.946667,0.946667
1.912042,0.946667,0.946667
1.912443,0.946667,0.946667
1.912846,0.946667,0.946667
1.913247,0.946667,0.946667
1.913649,0.946667,0.946667
1.914050,0.946667,0.946667
1.914451,0.946667,0.946667
1.914854,0.946667,0.946667
1.915256,0.946667,0.946667
1.915657,0.946667,0.946667
1.916059,0.946667,0.946667
1.916460,0.946667,0.946667
1.916861,0.946667,0.946667
1.917262,0.946667,0.946667
1.917665,0.946667,0.946667
1.918067,0.946667,0.946667
1.918469,0.946667,0.946667
1.918871,0.946667,0.946667
1.919273,0.946667,0.946667
1.919674,0.946667,0.946667
1.920076,0.946667,0.946667
1.920477,0.946667,0.946667
1.920879,0.946667,0.946667
1.921281,0.946667,0.946667
1.921682,0.946667,0.946667
1.922083,0.946667,0.946667
1.922484,0.946667,0.946667
1.922887,0.946667,0.946667
1.923288,0.946667,0.946667
1.923690,0.946667,0.946667
1.924092,0.946667,0.946667
1.924494,0.946667,0.946667
1.924895,0.946667,0.946667
1.925298,0.946667,0.946667
1.925700,0.946667,0.946667
1.926105,0.946667,0.946667
1.926506,0.946667,0.946667
1.926907,0.946667,0.946667
1.927308,0.946667,0.946667
1.927709,0.946667,0.946667
1.928111,0.946667,0.946667
1.928513,0.946667,0.946667
1.928914,0.946667,1.113333
1.929315,0.946667,0.946667
1.929716,0.946667,0.946667
1.930118,0.946667,0.946667
1.930519,0.946667,0.946667
1.930920,0.946667,0.946667
1.931321,0.946667,0.946667
1.931722,0.946667,0.946667
1.932124,0.946667,0.946667
1.932526,0.946667,0.946667
1.932928,0.946667,0.946667
1.933329,0.946667,0.946667
1.933730,0.946667,0.946667
1.934132,0.946667,0.946667
1.934533,0.946667,0.946667
1.934936,0.946667,0.946667
1.935338,0.946667,0.946667
1.935739,0.946667,0.946667
1.936141,0.946667,0.946667
1.936543,0.946667,0.946667
1.936944,0.946667,0.946667
1.937345,0.946667,0.946667
1.937746,0.946667,0.946667
1.938147,0.946667,0.946667
1.938549,0.946667,0.946667
1.938950,0.946667,0.946667
1.939352,0.946667,0.946667
1.939754,0.946667,0.946667
1.940156,0.986667,0.946667
1.940557,0.946667,0.946667
1.940960,0.946667,0.946667
1.941361,0.946667,0.946667
1.941763,0.946667,0.946667
1.942165,0.946667,0.946667
1.942566,0.946667,0.946667
1.942968,0.946667,0.946667
1.943369,0.946667,0.946667
1.943770,0.980000,0.946667
1.944172,0.946667,0.946667
1.944573,0.966667,0.946667
1.944974,0.953333,0.946667
1.945375,0.993333,0.946667
1.945776,0.980000,0.946667
1.946178,0.973333,0.946667
1.946579,0.966667,0.953333
1.946981,1.120000,0.946667
1.947382,1.013333,0.960000
1.947783,1.033333,0.960000
1.948185,1.106667,1.006667
1.948586,1.026667,0.960000
1.948988,1.033333,1.020000
1.949390,1.040000,0.946667
1.949791,1.060000,0.973333
1.950193,1.060000,1.066667
1.950594,1.100000,1.053333
1.950996,1.100000,1.033333
1.951398,1.120000,1.033333
1.951799,1.126667,1.040000
1.952200,1.126667,1.060000
1.952602,1.166667,1.020000
1.953003,1.140000,1.153333
1.953405,1.173333,1.113333
1.953807,1.106667,1.100000
1.954208,1.226667,1.126667
1.954610,1.180000,1.206667
1.955011,1.180000,1.140000
1.955413,1.260000,1.146667
1.955814,1.220000,1.120000
1.956215,1.233333,1.160000
1.956617,1.233333,1.200000
1.957018,1.240000,1.200000
1.957419,1.260000,1.206667
1.957820,1.280000,1.180000
1.958221,1.320000,1.233333
1.958622,1.286667,1.213333
1.959023,1.306667,1.233333
1.959425,1.333333,1.246667
1.959826,1.306667,1.300000
1.960228,1.340000,1.293333
1.960630,1.373333,1.240000
1.961031,1.400000,1.293333
1.961432,1.333333,1.300000
1.961834,1.386667,1.326667
1.962235,1.386667,1.206667
1.962636,1.386667,1.386667
1.963037,1.440000,1.240000
1.963438,1.340000,1.386667
1.963839,1.506667,1.406667
1.964240,1.433333,1.373333
1.964641,1.473333,1.453333
1.965043,1.506667,1.420000
1.965444,1.426667,1.420000
1.965846,1.513333,1.440000
1.966247,1.533333,1.480000
1.966648,1.526667,1.446667
1.967049,1.466667,1.393333
1.967451,1.573333,1.480000
1.967852,1.600000,1.486667
1.968253,1.580000,1.553333
1.968654,1.566667,1.513333
1.969056,1.606667,1.540000
1.969458,1.626667,1.546667
1.969859,1.606667,1.533333
1.970261,1.646667,1.493333
1.970662,1.660000,1.573333
1.971064,1.666667,1.573333
1.971465,1.673333,1.566667
1.971866,1.706667,1.580000
1.972267,1.653333,1.653333
1.972668,1.760000,1.646667
1.973069,1.713333,1.660000
1.973470,1.746667,1.673333
1.973872,1.740000,1.666667
1.974273,1.780000,1.706667
1.974674,1.793333,1.700000
1.975076,1.786667,1.733333
1.975478,1.800000,1.726667
1.975881,1.860000,1.733333
1.976282,1.840000,1.773333
1.976683,1.806667,1.746667
1.977084,1.900000,1.726667
1.977485,1.920000,1.733333
1.977886,1.900000,1.793333
1.978288,1.906667,1.800000
1.978689,1.926667,1.806667
1.979090,1.920000,1.820000
1.979492,1.946667,1.846667
1.979893,1.926667,1.880000
1.980295,2.006667,1.860000
1.980697,2.000000,1.960000
1.981098,2.046667,1.913333
1.981500,2.006667,1.920000
1.981901,2.040000,1.920000
1.982302,2.026667,1.940000
1.982703,2.086667,1.973333
1.983105,2.120000,1.986667
1.983506,2.100000,1.993333
1.983907,2.086667,2.000000
1.984308,2.093333,1.993333
1.984709,2.120000,2.020000
1.985111,2.133333,2.046667
1.985512,2.166667,2.033333
1.985914,2.226666,2.346667
1.986316,2.226666,2.086667
1.986719,2.226666,2.086667
1.987121,2.260000,2.113333
1.987522,2.253333,2.060000
1.987924,2.293333,2.153333
1.988325,2.226666,2.153333
1.988726,2.386667,2.146667
1.989127,2.293333,2.200000
1.989528,2.340000,2.220000
1.989929,2.320000,2.206667
1.990330,2.326667,2.260000
1.990732,2.393333,2.260000
1.991133,2.373333,2.266667
1.991534,2.386667,2.266667
1.991936,2.413333,2.293333
1.992338,2.393333,2.293333
1.992740,2.433333,2.266667
1.993141,2.460000,2.366667
1.993543,2.433333,2.320000
1.993945,2.726667,2.360000
1.994346,2.493333,2.406667
1.994747,2.526667,2.400000
1.995150,2.540000,2.420000
1.995551,2.520000,2.426666
1.995952,2.580000,2.426666
1.996353,2.593333,2.446667
1.996754,2.666667,2.460000
1.997155,2.613333,2.493333
1.997556,2.653333,2.646667
1.997957,2.646667,2.493333
1.998359,2.633333,2.520000
1.998760,2.740000,2.526667
1.999162,2.700000,2.580000
1.999563,2.720000,2.600000
1.999964,2.733333,2.646667
2.000366,2.746667,2.600000
2.000768,2.773333,2.606667
2.001169,2.786667,2.613333
2.001572,2.793333,2.673333
2.001973,2.793333,2.666667
2.002375,2.766667,2.693333
2.002776,2.860000,2.700000
2.003178,2.860000,2.706666
2.003579,2.873333,2.726667
2.003981,2.906667,2.733333
2.004382,3.133333,2.780000
2.004783,2.926667,2.706666
2.005185,2.926667,2.786667
2.005587,2.960000,2.813333
2.005988,2.960000,2.826667
2.006389,2.993333,2.873333
2.006790,3.006667,3.046667
