0.000000,1.500000,1.420000
0.000401,1.480000,1.440000
0.000802,1.520000,1.420000
0.001204,1.466667,1.386667
0.001606,1.453333,1.406667
0.002007,1.413333,1.373333
0.002408,1.440000,1.373333
0.002809,1.406667,1.326667
0.003210,1.346667,1.340000
0.003613,1.386667,1.333333
0.004015,1.406667,1.313333
0.004416,1.386667,1.326667
0.004819,1.326667,1.313333
0.005220,1.340000,1.280000
0.005621,1.320000,1.386667
0.006023,1.353333,1.300000
0.006424,1.320000,1.240000
0.006826,1.300000,1.240000
0.007227,1.246667,1.240000
0.007628,1.373333,1.226667
0.008029,1.293333,1.213333
0.008430,1.260000,1.186667
0.008832,1.246667,1.206667
0.009233,1.220000,1.160000
0.009635,1.226667,1.186667
0.010041,1.213333,1.153333
0.010444,1.206667,1.160000
0.010846,1.206667,1.140000
0.011247,1.160000,1.093333
0.011648,1.186667,1.086667
0.012049,1.173333,1.100000
0.012450,1.173333,1.120000
0.012852,1.100000,1.113333
0.013254,1.140000,1.060000
0.013655,1.133333,1.086667
0.014056,1.146667,1.046667
0.014458,1.140000,1.040000
0.014860,1.106667,1.033333
0.015261,1.066667,1.033333
0.015663,1.060000,1.380000
0.016065,1.053333,0.946667
0.016466,1.046667,0.946667
0.016867,0.986667,0.986667
0.017268,1.033333,1.020000
0.017670,1.026667,0.993333
0.018071,1.000000,1.120000
0.018473,1.000000,1.026667
0.018874,0.980000,0.946667
0.019275,1.000000,0.946667
0.019677,0.973333,0.946667
0.020078,0.980000,0.946667
0.020479,0.960000,0.946667
0.020881,0.953333,0.946667
0.021282,0.946667,0.946667
0.021684,0.946667,0.946667
0.022085,0.946667,0.946667
0.022486,0.946667,0.946667
0.022888,0.946667,0.946667
0.023289,0.946667,0.946667
0.023690,0.946667,0.946667
0.024091,0.946667,0.946667
0.024494,0.946667,0.946667
0.024895,0.953333,0.946667
0.025298,0.946667,0.946667
0.025699,0.946667,0.946667
0.026100,0.946667,0.946667
0.026502,0.946667,0.946667
0.026903,0.946667,0.946667
0.027304,0.946667,0.946667
0.027706,0.946667,0.946667
0.028108,0.946667,0.946667
0.028509,0.946667,0.946667
0.028911,0.946667,0.946667
0.029312,0.946667,0.946667
0.029713,0.946667,0.946667
0.030114,0.946667,0.946667
0.030515,0.946667,0.946667
0.030916,0.946667,0.946667
0.031318,0.946667,0.946667
0.031719,0.946667,0.946667
0.032120,0.946667,0.946667
0.032523,0.946667,0.946667
0.032924,0.946667,0.946667
0.033326,0.946667,0.946667
0.033727,0.946667,0.946667
0.034129,0.946667,0.946667
0.034530,0.946667,0.946667
0.034931,0.946667,0.946667
0.035333,0.946667,0.946667
0.035735,0.946667,0.946667
0.036136,0.946667,0.946667
0.036538,0.946667,0.946667
0.036940,0.946667,0.946667
0.037343,0.946667,0.946667
0.037744,0.946667,0.946667
0.038145,0.946667,0.946667
0.038546,0.946667,0.946667
0.038948,0.946667,0.946667
0.039349,0.946667,0.946667
0.039750,0.946667,0.946667
0.040151,0.946667,0.946667
0.040554,0.946667,0.946667
0.040955,0.946667,0.946667
0.041357,0.946667,0.946667
0.041759,0.946667,0.946667
0.042161,0.946667,0.946667
0.042562,0.946667,0.946667
0.042963,0.946667,0.946667
0.043364,0.946667,0.946667
0.043766,0.946667,0.946667
0.044167,0.946667,0.946667
0.044568,0.946667,0.946667
0.044969,0.946667,0.946667
0.045370,0.946667,0.946667
0.045773,0.946667,0.946667
0.046174,0.946667,0.946667
0.046576,0.946667,0.946667
0.046978,0.946667,0.946667
0.047379,0.946667,0.946667
0.047780,0.946667,0.946667
0.048181,0.946667,0.946667
0.048582,0.946667,0.946667
0.048983,0.946667,0.946667
0.049386,0.946667,0.946667
0.049787,0.946667,0.946667
0.050188,0.946667,0.946667
0.050590,0.946667,0.946667
0.050991,0.946667,0.946667
0.051392,0.946667,0.946667
0.051794,0.946667,0.946667
0.052196,0.946667,0.946667
0.052597,0.946667,0.946667
0.052999,0.946667,0.946667
0.053400,0.946667,0.946667
0.053801,0.946667,0.946667
0.054202,0.946667,0.946667
0.054603,0.946667,0.946667
0.055005,0.946667,0.946667
0.055406,0.946667,0.946667
0.055807,0.946667,0.946667
0.056208,0.946667,0.946667
0.056609,0.946667,0.946667
0.057011,0.946667,0.946667
0.057412,0.946667,0.946667
0.057813,0.946667,0.946667
0.058214,0.946667,0.946667
0.058615,0.946667,0.946667
0.059017,0.946667,0.946667
0.059418,0.946667,0.946667
0.059820,0.946667,0.946667
0.060221,0.946667,0.946667
0.060622,0.946667,0.946667
0.061023,0.946667,0.946667
0.061424,0.946667,0.946667
0.061826,0.946667,0.946667
0.062227,0.946667,0.946667
0.062628,0.946667,0.946667
0.063029,0.946667,0.946667
0.063432,0.946667,0.946667
0.063833,0.946667,0.946667
0.064234,0.946667,0.946667
0.064636,0.946667,0.946667
0.065037,0.946667,0.946667
0.065438,0.946667,0.946667
0.065840,0.946667,0.946667
0.066241,0.946667,0.946667
0.066643,0.946667,0.946667
0.067044,0.946667,0.946667
0.067445,0.946667,0.946667
0.067847,0.946667,0.946667
0.068248,0.946667,0.946667
0.068649,0.946667,0.946667
0.069051,0.946667,0.946667
0.069452,0.946667,0.946667
0.069854,0.946667,0.946667
0.070255,0.946667,0.946667
0.070657,0.946667,0.946667
0.071058,0.946667,0.946667
0.071459,0.946667,0.946667
0.071860,0.946667,0.946667
0.072261,0.946667,0.946667
0.072663,0.946667,0.946667
0.073064,0.946667,0.946667
0.073467,0.946667,0.946667
0.073868,0.946667,0.946667
0.074269,0.946667,0.946667
0.074670,0.946667,0.946667
0.075072,0.946667,0.946667
0.075473,0.946667,0.946667
0.075874,0.946667,0.946667
0.076275,0.946667,0.946667
0.076677,0.946667,0.946667
0.077078,0.946667,0.946667
0.077479,0.946667,0.946667
0.077881,0.946667,0.946667
0.078282,0.946667,0.946667
0.078683,0.946667,0.946667
0.079084,0.946667,0.946667
0.079487,0.946667,0.946667
0.079888,0.946667,0.946667
0.080289,0.946667,0.946667
0.080690,0.946667,0.946667
0.081091,0.946667,0.946667
0.081493,0.946667,0.946667
0.081895,0.946667,0.946667
0.082296,0.946667,0.946667
0.082698,0.946667,0.946667
0.083100,0.946667,0.946667
0.083501,0.946667,0.946667
0.083903,0.946667,0.946667
0.084304,0.946667,0.946667
0.084706,0.946667,0.946667
0.085108,0.946667,0.946667
0.085509,0.946667,0.946667
0.085911,0.946667,0.946667
0.086313,0.946667,0.946667
0.086714,0.946667,0.946667
0.087115,0.946667,0.946667
0.087516,0.946667,0.946667
0.087918,0.946667,0.946667
0.088319,0.946667,0.946667
0.088720,0.946667,0.946667
0.089121,0.946667,0.946667
0.089522,0.946667,0.946667
0.089923,0.946667,0.946667
0.090324,0.946667,0.946667
0.090726,0.946667,0.946667
0.091127,0.946667,0.946667
0.091529,0.946667,0.946667
0.091931,0.946667,0.946667
0.092332,0.946667,0.946667
0.092734,0.946667,0.946667
0.093135,0.946667,0.946667
0.093536,0.946667,0.946667
0.093938,0.946667,0.946667
0.094339,0.946667,0.946667
0.094740,0.946667,0.946667
0.095141,0.946667,0.946667
0.095542,0.946667,0.946667
0.095943,0.946667,0.946667
0.096345,0.946667,0.946667
0.096747,0.946667,0.946667
0.097148,0.946667,0.946667
0.097549,0.946667,0.946667
0.097950,0.946667,0.946667
0.098351,0.946667,0.946667
0.098753,0.946667,0.946667
0.099154,0.946667,0.946667
0.099555,0.946667,0.946667
0.099957,0.946667,0.946667
0.100360,0.946667,0.946667
0.100761,0.946667,0.946667
0.101162,0.946667,0.946667
0.101563,0.946667,0.946667
0.101964,0.946667,0.946667
0.102365,0.946667,0.946667
0.102766,0.946667,0.946667
0.103167,0.946667,0.946667
0.103570,0.946667,0.946667
0.103971,0.946667,0.946667
0.104372,0.946667,0.946667
0.104773,0.946667,0.946667
0.105174,0.946667,0.946667
0.105575,0.946667,0.946667
0.105977,0.946667,0.946667
0.106378,0.946667,0.946667
0.106779,0.946667,0.946667
0.107180,0.946667,0.946667
0.107581,0.946667,0.946667
0.107982,0.946667,0.946667
0.108385,0.946667,0.946667
0.108786,0.946667,0.946667
0.109187,0.946667,0.946667
0.109588,0.946667,0.946667
0.109989,0.946667,0.946667
0.110390,0.946667,0.946667
0.110793,0.946667,0.946667
0.111194,0.946667,0.946667
0.111596,0.946667,0.946667
0.111997,0.946667,0.946667
0.112398,0.946667,0.946667
0.112801,0.946667,0.946667
0.113204,0.946667,0.946667
0.113605,0.946667,0.946667
0.114006,0.946667,0.946667
0.114408,0.946667,0.946667
0.114809,0.946667,0.946667
0.115210,0.946667,0.946667
0.115611,0.946667,0.946667
0.116012,0.946667,0.946667
0.116413,0.946667,0.946667
0.116815,0.946667,0.946667
0.117216,0.946667,0.946667
0.117617,0.946667,0.946667
0.118019,0.946667,0.946667
0.118421,0.946667,0.946667
0.118822,0.946667,0.946667
0.119224,0.946667,0.946667
0.119625,0.946667,0.946667
0.120027,0.946667,0.946667
0.120429,0.946667,0.946667
0.120832,0.946667,0.946667
0.121234,0.946667,0.946667
0.121635,0.946667,0.946667
0.122037,0.946667,0.946667
0.122438,0.946667,0.946667
0.122840,0.946667,0.946667
0.123241,0.946667,0.946667
0.123643,0.946667,0.946667
0.124045,0.946667,0.946667
0.124447,0.946667,0.946667
0.124848,0.946667,0.946667
0.125249,0.946667,0.946667
0.125650,0.946667,0.946667
0.126051,0.946667,0.946667
0.126453,0.946667,0.946667
0.126854,0.946667,0.946667
0.127255,0.946667,0.946667
0.127656,0.946667,0.946667
0.128057,0.946667,0.946667
0.128458,0.946667,0.946667
0.128860,0.946667,0.946667
0.129261,0.946667,0.946667
0.129663,0.946667,0.946667
0.130064,0.946667,0.946667
0.130465,0.946667,0.946667
0.130867,0.946667,0.946667
0.131268,0.946667,0.946667
0.131669,0.946667,0.946667
0.132071,0.946667,0.946667
0.132473,0.946667,0.946667
0.132875,0.946667,0.946667
0.133276,0.946667,0.946667
0.133678,0.946667,0.946667
0.134079,0.946667,0.946667
0.134480,0.946667,0.946667
0.134881,0.946667,0.946667
0.135283,0.946667,0.946667
0.135684,0.946667,0.946667
0.136086,0.946667,0.946667
0.136487,0.946667,0.946667
0.136889,0.946667,0.946667
0.137291,0.946667,0.946667
0.137692,0.946667,0.946667
0.138094,0.946667,0.946667
0.138495,0.946667,0.946667
0.138897,0.946667,0.946667
0.139299,0.946667,1.066667
0.139700,0.946667,0.946667
0.140101,0.946667,0.946667
0.140502,0.946667,0.946667
0.140903,0.960000,0.946667
0.141305,0.946667,0.946667
0.141706,0.946667,0.946667
0.142107,0.946667,0.946667
0.142508,0.946667,0.946667
0.142909,0.953333,0.946667
0.143310,0.980000,0.946667
0.143711,0.986667,0.946667
0.144112,0.980000,0.953333
0.144513,0.966667,0.986667
0.144915,1.020000,0.960000
0.145317,1.006667,0.960000
0.145718,1.033333,0.980000
0.146119,1.026667,0.946667
0.146522,1.093333,0.946667
0.146924,1.033333,1.033333
0.147325,1.053333,1.040000
0.147727,1.053333,1.026667
0.148128,1.093333,1.080000
0.148530,1.093333,1.040000
0.148931,1.140000,1.046667
0.149333,1.053333,1.146667
0.149735,1.080000,1.040000
0.150136,1.120000,1.400000
0.150539,1.140000,1.086667
0.150942,1.133333,1.106667
0.151344,1.160000,1.146667
0.151745,1.166667,1.126667
0.152146,1.173333,1.120000
0.152547,1.206667,1.146667
0.152948,1.220000,1.206667
0.153349,1.213333,1.180000
0.153751,1.206667,1.186667
0.154152,1.246667,1.206667
0.154553,1.153333,1.206667
0.154955,1.240000,1.253333
0.155356,1.253333,1.213333
0.155758,1.300000,1.240000
0.156160,1.300000,1.213333
0.156561,1.280000,1.226667
0.156962,1.320000,1.246667
0.157363,1.300000,1.153333
0.157765,1.326667,1.260000
0.158167,1.333333,1.306667
0.158569,1.360000,1.300000
0.158971,1.380000,1.313333
0.159372,1.380000,1.333333
0.159773,1.406667,1.313333
0.160174,1.446667,1.300000
0.160575,1.393333,1.360000
0.160977,1.240000,1.360000
0.161378,1.400000,1.433333
0.161779,1.453333,1.393333
0.162180,1.413333,1.386667
0.162581,1.480000,1.393333
0.162982,1.480000,1.400000
0.163383,1.520000,1.453333
0.163785,1.466667,1.326667
0.164187,1.546667,1.460000
0.164588,1.540000,1.453333
0.164989,1.506667,1.480000
0.165390,1.400000,1.506667
0.165792,1.560000,1.480000
0.166194,1.593333,1.500000
0.166596,1.533333,1.526667
0.166997,1.626667,1.480000
0.167398,1.606667,1.500000
0.167799,1.626667,1.560000
0.168202,1.606667,1.560000
0.168603,1.666667,1.573333
0.169004,1.673333,1.593333
0.169405,1.726667,1.573333
0.169807,1.680000,1.646667
0.170208,1.713333,1.633333
0.170609,1.713333,1.646667
0.171010,1.726667,1.633333
0.171411,1.720000,1.666667
0.171813,1.713333,1.673333
0.172214,1.760000,1.693333
0.172615,1.760000,1.666667
0.173016,1.806667,1.706667
0.173417,1.793333,1.726667
0.173819,1.873333,1.753333
0.174221,1.833333,1.773333
0.174622,1.840000,1.586667
0.175023,1.866667,1.940000
0.175424,1.906667,1.800000
0.175826,1.900000,1.786667
0.176227,1.873333,1.820000
0.176628,1.986667,1.840000
0.177030,1.926667,1.833333
0.177431,1.913333,1.860000
0.177834,1.953333,1.880000
0.178237,1.993333,1.906667
0.178638,1.926667,1.946667
0.179039,1.966667,1.906667
0.179440,2.000000,1.953333
0.179841,2.053333,1.946667
0.180242,2.040000,1.966667
0.180643,2.060000,1.940000
0.181045,2.080000,2.000000
0.181448,2.093333,2.000000
0.181849,2.113333,2.033333
0.182250,2.113333,2.026667
0.182652,2.213333,2.053333
0.183053,2.160000,2.073333
0.183454,2.166667,2.086667
0.183855,2.180000,2.066667
0.184256,2.220000,2.093333
0.184657,2.206667,2.120000
0.185058,2.240000,2.126667
0.185459,2.260000,2.106667
0.185861,2.253333,2.140000
0.186263,2.333333,2.173333
0.186665,2.280000,2.180000
0.187067,2.293333,2.213333
0.187470,2.300000,2.160000
0.187872,2.313333,2.246667
0.188273,2.320000,2.173333
0.188675,2.353333,2.186667
0.189076,2.373333,2.280000
0.189479,2.393333,2.280000
0.189880,2.413333,2.273333
0.190281,2.426666,2.333333
0.190683,2.433333,2.306667
0.191084,2.433333,2.346667
0.191486,2.506666,2.360000
0.191887,2.486667,2.360000
0.192288,2.513333,2.386667
0.192689,2.473333,2.400000
0.193091,2.540000,2.426666
0.193492,2.546667,2.413333
0.193893,2.566667,2.433333
0.194294,2.593333,2.446667
0.194696,2.613333,2.460000
0.195098,2.613333,2.553333
0.195499,2.646667,2.546667
0.195901,2.693333,2.540000
0.196302,2.646667,2.533333
0.196704,2.680000,2.540000
0.197105,2.706666,2.486667
0.197506,2.700000,2.633333
0.197907,2.740000,2.613333
0.198308,2.706666,2.620000
0.198710,2.726667,2.600000
0.199111,2.780000,2.700000
0.199512,2.793333,2.613333
0.199914,2.800000,2.953333
0.200315,2.833333,2.680000
0.200717,2.886667,2.706666
0.201118,2.866667,2.713333
0.201519,2.906667,2.726667
0.201920,2.880000,2.793333
0.202321,2.913333,2.766667
0.202722,2.920000,2.806667
0.203123,2.946667,2.800000
0.203524,2.960000,2.813333
0.203927,2.986667,2.820000
0.204328,3.000000,2.873333
0.204730,3.040000,2.860000
0.205132,3.026667,2.906667
0.205533,3.033333,2.913333
0.205935,3.066667,2.953333
0.206336,3.060000,2.946667
0.206737,3.073333,2.953333
0.207139,3.113333,2.846667
0.207541,3.166667,2.846667
0.207942,3.186666,3.040000
0.208343,3.213333,3.046667
0.208745,3.173333,3.026667
0.209147,3.206667,3.000000
0.209548,3.200000,2.886667
0.209949,3.240000,3.126667
0.210350,3.260000,3.046667
0.210751,3.266667,3.133333
0.211152,3.286667,3.133333
0.211553,3.306667,3.226667
0.211955,3.326667,3.166667
0.212356,3.313333,3.173333
0.212757,3.333333,3.186666
0.213159,3.386667,3.213333
0.213560,3.373333,3.253333
0.213962,3.380000,3.240000
0.214364,3.440000,3.173333
0.214766,3.460000,3.226667
0.215168,3.466666,3.306667
0.215569,3.500000,3.313333
0.215970,3.546667,3.400000
0.216371,3.520000,3.346666
0.216773,3.633333,3.400000
0.217175,3.566667,3.386667
0.217576,3.586667,3.413333
0.217978,3.600000,3.440000
0.218380,3.620000,3.400000
0.218781,3.640000,3.466666
0.219182,3.666667,3.493333
0.219585,3.680000,3.486667
0.219987,3.733333,3.500000
0.220390,3.720000,3.533333
0.220792,3.746666,3.653333
0.221194,3.726667,3.586667
0.221595,3.826667,3.606667
0.221996,3.826667,3.573333
0.222397,3.820000,3.633333
0.222799,3.846667,3.673333
0.223200,3.786667,3.660000
0.223602,3.913333,3.666667
0.224003,3.960000,3.746666
0.224405,3.906667,3.700000
0.224807,3.973333,3.706666
0.225208,3.973333,3.746666
0.225610,3.986666,3.746666
0.226011,4.020000,3.833333
0.226412,4.020000,3.853333
0.226813,4.046667,3.880000
0.227214,4.053333,3.860000
0.227615,4.093333,3.900000
0.228016,4.100000,3.926666
0.228419,4.120000,3.960000
0.228820,4.140000,4.013333
0.229221,4.186666,3.960000
0.229623,4.186666,3.880000
0.230025,4.200000,4.020000
0.230427,4.213334,4.026666
0.230828,4.240000,4.013333
0.231229,4.273333,4.053333
0.231631,4.286666,4.100000
0.232032,4.313334,4.113333
0.232434,4.266666,4.100000
0.232835,4.286666,4.133333
0.233236,4.340000,3.940000
0.233638,4.366666,4.173333
0.234039,4.373333,4.106667
0.234440,4.466667,4.206666
0.234841,4.406667,4.206666
0.235242,4.460000,4.180000
0.235644,4.480000,4.273333
0.236046,4.506667,4.300000
0.236448,4.540000,4.333333
0.236849,4.520000,4.326666
0.237252,4.493333,4.360000
0.237655,4.580000,4.360000
0.238056,4.580000,4.400000
0.238457,4.613333,4.373333
0.238859,4.660000,4.393333
0.239261,4.680000,4.446667
0.239663,4.700000,4.446667
0.240065,4.733333,4.500000
0.240467,4.713333,4.500000
0.240868,4.753333,4.486666
0.241269,4.733333,4.533333
0.241670,4.786666,4.593333
0.242071,4.813333,4.600000
0.242472,4.833333,4.680000
0.242874,4.873333,4.633333
0.243275,4.866667,4.646667
0.243677,4.886666,4.653333
0.244078,4.906667,4.673333
0.244479,4.953333,4.726666
0.244880,4.953333,4.706666
0.245282,4.946666,4.753333
0.245683,4.980000,4.760000
0.246084,5.000000,4.813333
0.246486,5.066667,4.793333
0.246887,5.060000,4.833333
0.247288,5.106667,4.860000
0.247690,5.133333,4.873333
0.248092,5.133333,4.860000
0.248493,5.126667,4.886666
0.248894,5.226666,4.926667
0.249297,5.193333,4.980000
0.249699,5.233334,5.120000
0.250100,5.173333,5.000000
0.250503,5.213333,5.033333
0.250904,5.266667,5.033333
0.251305,5.306666,5.066667
0.251706,5.280000,5.073333
0.252107,5.346666,5.180000
0.252508,5.380000,5.120000
0.252910,5.393333,5.153333
0.253311,5.446666,5.146667
0.253713,5.413333,5.206666
0.254115,5.573333,5.186666
0.254517,5.446666,5.213333
0.254918,5.580000,5.240000
0.255320,5.480000,5.273333
0.255722,5.560000,5.260000
0.256123,5.566667,5.313333
0.256524,5.580000,5.613333
0.256926,5.553333,5.320000
0.257327,5.626667,5.340000
0.257729,5.673333,5.380000
0.258131,5.680000,5.413333
0.258532,5.706666,5.420000
0.258934,5.726667,5.433333
0.259335,5.740000,5.446666
0.259736,5.760000,5.453333
0.260137,5.806666,5.520000
0.260538,5.793334,5.533333
0.260940,5.893333,5.573333
0.261341,5.846666,5.580000
0.261742,5.920000,5.586667
0.262143,5.893333,5.560000
0.262544,5.940000,5.660000
0.262946,5.940000,5.706666
0.263347,5.980000,5.746666
0.263749,5.980000,5.693333
0.264150,6.020000,5.746666
0.264551,6.026667,5.760000
0.264953,6.073333,5.780000
0.265354,6.073333,5.726667
0.265756,6.113333,5.860000
0.266157,6.026667,5.840000
0.266558,6.133333,6.220000
0.266960,6.166667,5.886667
0.267363,6.193333,5.940000
0.267765,6.220000,5.886667
0.268166,6.233333,5.940000
0.268567,6.280000,5.940000
0.268969,6.273333,5.973333
0.269370,6.293333,6.006667
0.269773,6.306666,6.306666
0.270174,6.406667,6.080000
0.270576,6.380000,6.086667
0.270977,6.393333,6.073333
0.271378,6.440000,6.133333
0.271779,6.486667,6.166667
0.272180,6.480000,6.166667
0.272582,6.453333,6.173333
0.272983,6.513333,6.193333
0.273385,6.586667,6.200000
0.273787,6.626667,6.260000
0.274188,6.720000,6.386667
0.274590,6.640000,6.273333
0.274991,6.633333,6.473333
0.275393,6.700000,6.320000
0.275794,6.706667,6.360000
0.276195,6.733333,6.373333
0.276596,6.773334,6.380000
0.276997,6.786666,6.320000
0.277400,6.806667,6.466667
0.277801,6.780000,6.480000
0.278202,6.820000,6.500000
0.278605,6.893333,6.513333
0.279006,6.893333,6.520000
0.279408,6.933333,6.546667
0.279809,7.066666,6.633333
0.280210,6.953333,6.640000
0.280611,7.000000,6.686666
0.281012,7.020000,6.680000
0.281415,7.053333,6.720000
0.281816,7.053333,6.740000
0.282218,7.133334,6.800000
0.282619,7.166667,6.773334
0.283020,7.119999,6.820000
0.283423,7.166667,6.813333
0.283825,7.193333,6.833333
0.284226,7.206666,6.866666
0.284627,7.206666,6.900000
0.285029,7.260000,6.926667
0.285431,7.286667,6.940000
0.285833,7.293333,6.926667
0.286234,7.340000,6.986666
0.286636,7.346666,7.000000
0.287037,7.433333,7.046667
0.287440,7.406666,7.046667
0.287841,7.413333,7.153333
0.288242,7.446666,7.133334
0.288644,7.460000,7.113333
0.289045,7.506667,7.160000
0.289446,7.526666,7.146667
0.289847,7.533333,7.280000
0.290248,7.526666,7.206666
0.290650,7.633333,7.326666
0.291051,7.720000,7.366667
0.291453,7.666667,7.153333
0.291854,7.733333,7.246666
0.292257,7.700000,7.320000
0.292658,7.706666,7.340000
0.293060,7.733333,7.380000
0.293461,7.720000,7.400000
0.293862,7.766666,7.400000
0.294264,7.826667,7.466667
0.294665,7.860000,7.513333
0.295067,7.866666,7.553333
0.295468,7.866666,7.520000
0.295869,7.920000,7.513333
0.296270,7.906666,7.573333
0.296671,7.960000,7.573333
0.297072,7.993333,7.753333
0.297473,8.033334,7.740000
0.297875,8.033334,7.686666
0.298276,8.053332,7.706666
0.298677,8.120000,7.686666
0.299078,8.040000,7.740000
0.299481,8.153334,7.446666
0.299882,8.213333,7.860000
0.300283,8.200000,7.773333
0.300684,8.213333,7.806666
0.301085,8.226666,7.846667
0.301488,8.233334,7.866666
0.301890,8.226666,7.893333
0.302291,8.253333,7.873333
0.302692,8.346666,7.940000
0.303093,8.360000,7.986666
0.303494,8.386666,7.960000
0.303895,8.393332,8.026667
0.304296,8.440000,8.020000
0.304697,8.540000,7.946667
0.305098,8.453333,8.133333
0.305499,8.480000,8.120000
0.305901,8.493334,8.126666
0.306302,8.560000,8.139999
0.306704,8.579999,8.293333
0.307106,8.593333,8.379999
0.307507,8.806666,8.333333
0.307908,8.713333,8.213333
0.308310,8.733333,8.333333
0.308711,8.706666,8.300000
0.309112,8.733333,8.300000
0.309515,8.746667,8.313333
0.309916,8.806666,8.360000
0.310317,8.806666,8.393332
0.310719,8.826667,8.393332
0.311120,8.900000,8.426667
0.311523,8.893333,8.653333
0.311925,8.900000,8.746667
0.312326,8.946667,8.513332
0.312727,9.006666,8.513332
0.313128,8.986667,8.560000
0.313529,9.013333,8.566667
0.313930,9.020000,8.599999
0.314331,9.080000,8.599999
0.314733,9.093333,8.693334
0.315135,9.093333,8.606667
0.315536,9.140000,8.713333
0.315937,9.173333,8.726666
0.316339,9.253333,8.760000
0.316740,9.293333,8.780000
0.317142,9.266666,8.800000
0.317544,9.266666,8.800000
0.317946,9.280000,8.833333
0.318347,9.306666,8.853333
0.318748,9.340000,8.866667
0.319150,9.393333,8.913333
0.319552,9.346666,8.913333
0.319954,9.346666,8.920000
0.320356,9.466666,8.973332
0.320757,9.466666,9.000000
0.321158,9.493333,9.033333
0.321559,9.540000,9.066667
0.321960,9.540000,9.140000
0.322361,9.606667,9.093333
0.322763,9.620000,9.160000
0.323165,9.646667,9.146667
0.323568,9.653333,9.193333
0.323969,9.666667,9.193333
0.324371,9.719999,9.186666
0.324773,9.613334,9.266666
0.325176,9.726666,9.246666
0.325577,9.653333,9.280000
0.325978,9.719999,9.346666
0.326380,9.526667,9.299999
0.326781,9.866667,9.346666
0.327182,9.880000,9.346666
0.327583,9.913333,9.346666
0.327984,9.959999,9.453333
0.328385,9.966666,9.586666
0.328786,10.020000,9.466666
0.329187,9.966666,9.526667
0.329588,10.033333,9.580000
0.329989,10.046666,9.553333
0.330390,10.080000,9.666667
0.330792,10.093333,9.620000
0.331193,10.113333,9.653333
0.331594,10.146667,9.666667
0.331996,10.160000,9.686666
0.332397,10.240000,9.833333
0.332799,10.240000,9.766666
0.333200,10.219999,9.766666
0.333601,10.299999,9.786667
0.334002,10.413333,9.800000
0.334403,10.333333,9.833333
0.334805,10.353333,9.873333
0.335206,10.313334,9.893332
0.335608,10.393333,9.913333
0.336010,10.433333,9.953333
0.336411,10.453333,9.966666
0.336813,10.486666,9.940001
0.337214,10.520000,9.980000
0.337615,10.593333,9.980000
0.338016,10.566667,10.053333
0.338418,10.626666,10.133333
0.338820,10.593333,10.073334
0.339221,10.606667,10.106667
0.339622,10.713333,10.073334
0.340023,10.673333,10.080000
0.340424,10.653334,10.179999
0.340826,10.713333,10.260000
0.341228,10.759999,10.260000
0.341629,10.813333,10.240000
0.342030,10.820000,10.320000
0.342433,10.833333,10.320000
0.342834,10.860000,10.393333
0.343235,10.879999,10.326667
0.343636,10.900000,10.326667
0.344037,10.920000,10.413333
0.344438,10.960000,10.433333
0.344840,11.013332,10.473333
0.345241,11.020000,10.453333
0.345643,11.020000,10.493333
0.346044,11.053333,10.540000
0.346445,11.106667,10.540000
0.346847,11.099999,10.580000
0.347248,11.133333,10.646667
0.347650,11.093333,10.593333
0.348052,11.200000,10.686666
0.348453,11.293333,10.720000
0.348854,11.193334,10.666667
0.349255,11.313334,10.686666
0.349657,11.286666,10.673333
0.350059,11.260000,10.766666
0.350460,11.353333,10.813333
0.350861,11.353333,10.833333
0.351262,11.360000,10.833333
0.351663,11.380000,10.860000
0.352064,11.426666,10.879999
0.352467,11.466666,10.900000
0.352868,11.480000,10.960000
0.353269,11.480000,10.933333
0.353670,11.533333,10.893332
0.354072,11.580000,11.006666
0.354473,11.546666,11.033333
0.354874,11.626666,11.013332
0.355275,11.626666,11.240000
0.355677,11.673333,11.099999
0.356078,11.653334,11.133333
0.356479,11.720000,11.120000
0.356881,11.740000,11.120000
0.357282,11.766666,11.233333
0.357683,11.753333,10.866667
0.358085,11.760000,11.240000
0.358486,11.833333,11.266666
0.358889,11.853333,11.293333
0.359290,11.793333,11.313334
0.359692,11.900000,11.360000
0.360093,11.920000,11.339999
0.360495,11.953333,11.400000
0.360897,11.966666,11.386666
0.361298,12.013333,11.460000
0.361699,12.026667,11.420000
0.362100,12.053333,11.480000
0.362501,12.120000,11.466666
0.362902,12.093333,11.539999
0.363304,12.126666,11.546666
0.363705,12.146667,11.559999
0.364106,12.193333,11.559999
0.364508,12.226666,11.620000
0.364909,12.213333,11.613333
0.365310,12.266666,11.893333
0.365711,12.433333,11.713333
0.366112,12.306666,11.753333
0.366514,12.339999,11.633333
0.366915,12.306666,11.726666
0.367316,12.380000,11.780000
0.367718,12.406666,11.813333
0.368120,12.413333,11.799999
0.368521,12.453333,11.760000
0.368922,12.486667,11.893333
0.369323,12.440001,11.886666
0.369725,12.533333,11.893333
0.370126,12.580000,11.946667
0.370527,12.580000,11.953333
0.370928,12.599999,11.953333
0.371329,12.513333,11.973333
0.371730,12.580000,12.040000
0.372131,12.693334,12.106667
0.372532,12.660000,12.059999
0.372934,12.666666,12.193333
0.373336,12.693334,12.073333
0.373738,12.766666,12.213333
0.374139,12.820000,12.146667
0.374540,12.766666,12.206666
0.374942,12.933333,12.246667
0.375345,12.873333,12.246667
0.375746,12.906667,12.280000
0.376147,12.913333,12.273333
0.376550,12.933333,12.339999
0.376951,12.940000,12.353333
0.377353,12.946667,12.366667
0.377754,13.026667,12.420000
0.378155,13.026667,12.393332
0.378556,13.040000,12.426666
0.378958,13.073333,12.453333
0.379359,13.080000,12.506667
0.379760,13.133333,12.513333
0.380161,13.126666,12.533333
0.380562,13.146667,12.546666
0.380963,13.146667,12.566667
0.381365,13.280000,12.540000
0.381766,13.253333,12.686666
0.382168,13.259999,12.599999
0.382569,13.293333,12.673333
0.382970,13.353333,12.646667
0.383371,13.213333,12.673333
0.383773,13.353333,12.766666
0.384174,13.379999,12.760000
0.384577,13.413334,12.773334
0.384979,13.413334,12.786666
0.385380,13.466666,12.826667
0.385781,13.460000,12.840000
0.386182,13.526667,12.893333
0.386584,13.486667,12.873333
0.386986,13.520000,12.919999
0.387387,13.573333,12.940000
0.387788,13.579999,12.953333
0.388189,13.620000,12.953333
0.388590,13.646666,12.960000
0.388992,13.666666,13.020000
0.389394,13.680000,13.033334
0.389795,13.706666,13.133333
0.390197,13.639999,13.086667
0.390599,13.786667,13.100000
0.391001,13.860000,13.120000
0.391402,13.806667,12.826667
0.391804,13.820000,13.186666
0.392206,13.826666,13.166667
0.392607,13.846665,13.206666
0.393009,13.893333,13.240000
0.393410,13.886666,13.240000
0.393811,14.080000,13.293333
0.394212,13.966666,13.293333
0.394613,14.033333,13.346667
0.395014,13.993333,13.320000
0.395415,14.086666,13.379999
0.395818,14.033333,13.393333
0.396219,14.066666,13.406666
0.396621,14.126666,13.366667
0.397023,14.126666,13.466666
0.397424,14.200001,13.500000
0.397826,14.180000,13.480000
0.398227,14.186666,13.613334
0.398628,14.146667,13.559999
0.399029,14.259999,13.573333
0.399431,14.293333,13.539999
0.399833,14.306665,13.766666
0.400234,14.346666,13.633333
0.400636,14.346666,13.646666
0.401037,14.360000,13.680000
0.401439,14.299999,13.713332
0.401840,14.433332,13.686666
0.402241,14.386666,13.740001
0.402642,14.433332,13.806667
0.403043,14.459999,13.759999
0.403444,14.573334,13.786667
0.403846,14.499999,13.766666
0.404247,14.393332,13.833333
0.404649,14.593332,13.893333
0.405050,14.573334,13.880000
0.405452,14.600000,13.900000
0.405853,14.620000,13.926666
0.406256,14.646667,13.906666
0.406658,14.673333,14.113334
0.407059,14.699999,14.026667
0.407460,14.699999,13.986667
0.407862,14.780000,14.033333
0.408265,14.746666,14.053333
0.408667,14.773334,14.033333
0.409068,14.826666,14.099999
0.409470,14.813333,14.099999
0.409872,14.860001,14.120000
0.410273,14.860001,14.140000
0.410675,14.886666,14.173332
0.411076,14.913333,14.206667
0.411477,14.926667,14.226666
0.411879,14.953333,14.219999
0.412280,14.946667,14.233333
0.412682,14.953333,14.286666
0.413083,15.020000,14.206667
0.413484,14.953333,14.239999
0.413885,15.020000,14.346666
0.414286,15.093332,14.459999
0.414687,15.026666,14.353333
0.415088,15.133333,14.426666
0.415489,15.179999,14.353333
0.415890,15.313333,14.439999
0.416292,15.086666,14.459999
0.416693,15.233334,14.533334
0.417094,15.260000,14.513333
0.417495,15.306666,14.520000
0.417898,15.320001,14.540000
0.418299,15.326667,14.540000
0.418700,15.346666,14.593332
0.419101,15.393333,14.593332
0.419503,15.353333,14.606667
0.419904,15.386667,14.633332
0.420305,15.480000,14.679999
0.420707,15.426665,14.693333
0.421109,15.446666,14.693333
0.421510,15.526667,14.786666
0.421912,15.506666,14.706667
0.422313,15.553332,14.753333
0.422714,15.573333,14.953333
0.423116,15.560000,14.793334
0.423517,15.586667,14.719999
0.423919,15.613333,14.873333
0.424320,15.646666,14.866667
0.424722,15.746666,14.873333
0.425123,15.679999,14.780000
0.425525,15.733333,14.926667
0.425927,15.746666,14.953333
0.426329,15.780001,14.953333
0.426730,15.780001,14.953333
0.427132,15.786667,14.953333
0.427534,15.793333,15.073333
0.427937,15.846667,15.066667
0.428338,15.866667,15.113333
0.428740,15.893333,15.100000
0.429142,15.839999,15.080000
0.429543,15.920000,15.139999
0.429944,15.920000,15.146667
0.430347,16.000000,15.260000
0.430748,15.986667,15.219999
0.431149,15.986667,15.340000
0.431551,16.046667,15.139999
0.431953,16.086666,15.219999
0.432354,16.073334,15.320001
0.432755,16.073334,15.306666
0.433156,16.139999,15.393333
0.433557,16.099998,15.313333
0.433958,16.153334,15.340000
0.434360,16.166666,15.346666
0.434761,16.186666,15.393333
0.435162,16.193333,15.373333
0.435564,16.166666,15.426665
0.435967,16.113333,15.466666
0.436368,16.266666,15.446666
0.436773,16.286667,15.500000
0.437175,16.306667,15.573333
0.437576,16.379999,15.540000
0.437978,16.346666,15.540000
0.438379,16.359999,15.606667
0.438780,16.426666,15.533333
0.439183,16.393333,15.579999
0.439584,16.426666,15.606667
0.439986,16.600000,15.639999
0.440387,16.606667,15.673333
0.440788,16.480000,15.673333
0.441189,16.446667,15.540000
0.441591,16.546667,15.733333
0.441993,16.546667,15.720000
0.442395,16.593334,15.746666
0.442797,16.573334,15.773333
0.443198,16.606667,15.799999
0.443599,16.619999,15.746666
0.444000,16.633331,15.913334
0.444401,16.666666,15.839999
0.444804,16.726667,15.886665
0.445205,16.700001,15.873333
0.445606,16.713333,16.113333
0.446008,16.759998,15.926666
0.446410,16.793333,15.920000
0.446812,16.779999,15.980000
0.447213,16.806665,16.013332
0.447614,16.820000,16.000000
0.448015,16.833334,16.026667
0.448416,16.840000,15.933333
0.448818,16.846666,16.013332
0.449219,16.873333,15.926666
0.449620,16.879999,16.086666
0.450021,16.913332,16.093332
0.450422,16.893332,16.099998
0.450823,16.920000,16.099998
0.451225,16.933332,16.146666
0.451628,16.939999,16.180000
0.452030,16.953333,16.213333
0.452431,16.980000,16.266666
0.452833,16.980000,16.173334
0.453234,17.019999,16.253332
0.453636,17.013332,16.279999
0.454037,17.019999,16.279999
0.454438,17.046665,16.306667
0.454839,17.053333,16.279999
0.455241,17.046665,16.353333
0.455642,17.106667,16.306667
0.456043,17.093332,16.386665
0.456445,17.219999,16.386665
0.456847,17.139999,16.546667
0.457249,17.179998,16.213333
0.457650,17.179998,16.433332
0.458052,17.193333,16.453333
0.458453,17.186666,16.446667
0.458854,17.219999,16.499998
0.459255,17.260000,16.499998
0.459656,17.266666,16.526667
0.460057,17.273333,16.539999
0.460460,17.273333,16.653332
0.460861,17.306665,16.586666
0.461263,17.306665,16.619999
0.461665,17.333332,16.619999
0.462066,17.353333,16.619999
0.462467,17.333332,16.600000
0.462868,17.380001,16.660000
0.463270,17.373333,16.653332
0.463671,17.419998,16.719999
0.464072,17.466665,16.706667
0.464474,17.413332,16.873333
0.464875,17.466665,16.673332
0.465276,17.459999,16.786665
0.465677,17.506666,16.786665
0.466079,17.480000,16.786665
0.466480,17.520000,16.786665
0.466881,17.606667,16.786665
0.467282,17.539999,16.806665
0.467683,17.539999,16.799999
0.468084,17.600000,16.873333
0.468485,17.613333,16.846666
0.468886,17.633333,16.846666
0.469287,17.626667,16.873333
0.469688,17.646667,16.886665
0.470089,17.660000,16.879999
0.470490,17.673332,16.946667
0.470892,17.753334,16.920000
0.471293,17.706665,16.933332
0.471694,17.719999,16.920000
0.472096,17.706665,16.799999
0.472497,17.713333,16.959999
0.472898,17.753334,16.986668
0.473300,17.780001,16.993334
0.473701,17.786667,17.253334
0.474102,17.820000,16.993334
0.474503,17.813332,17.039999
0.474905,17.826666,16.906666
0.475306,17.799999,17.073334
0.475707,17.873333,17.073334
0.476108,17.879999,17.100000
0.476509,17.886667,17.106667
0.476911,17.886667,17.106667
0.477312,17.933332,17.126667
0.477714,17.920000,17.146666
0.478116,17.913334,17.173332
0.478518,17.980000,17.159998
0.478920,17.986666,17.159998
0.479322,17.926666,17.206667
0.479724,17.980000,17.186666
0.480126,18.006666,17.219999
0.480527,17.853333,17.260000
0.480928,17.959999,17.279999
0.481330,18.099998,17.266666
0.481731,18.046667,17.246666
0.482133,18.093332,17.286665
0.482534,18.033333,17.273333
0.482935,18.099998,17.039999
0.483336,18.073332,17.293333
0.483738,18.126667,17.313332
0.484140,18.133333,17.333332
0.484543,18.160000,17.333332
0.484945,18.153334,17.340000
0.485346,18.146666,17.419998
0.485747,18.160000,17.473333
0.486149,18.226665,17.253334
0.486550,18.186666,17.433332
0.486952,18.213333,17.419998
0.487353,18.293333,17.459999
0.487754,18.219999,17.400000
0.488156,18.266666,17.433332
0.488557,18.273333,17.473333
0.488958,18.299999,17.473333
0.489360,18.280001,17.500000
0.489761,18.299999,17.500000
0.490163,18.313334,17.513334
0.490564,18.299999,17.639999
0.490966,18.453333,17.633333
0.491367,18.353333,17.539999
0.491772,18.386665,17.606667
0.492173,18.366667,17.626667
0.492574,18.406666,17.600000
0.492975,18.406666,17.626667
0.493376,18.420000,17.613333
0.493778,18.406666,17.653334
0.494179,18.420000,17.633333
0.494580,18.513332,17.660000
0.494982,18.486666,17.660000
0.495383,18.493332,17.673332
0.495785,18.493332,17.686666
0.496186,18.480000,17.746666
0.496587,18.526667,17.713333
0.496989,18.533333,17.746666
0.497390,18.580000,17.973333
0.497792,18.566668,17.713333
0.498194,18.559999,17.753334
0.498595,18.606665,17.813332
0.498996,18.586666,17.539999
0.499397,18.619999,17.780001
0.499799,18.619999,18.059999
0.500200,18.566668,17.813332
0.500601,18.646666,17.793333
0.501003,18.633333,17.813332
0.501404,18.693333,17.820000
0.501806,18.653334,17.799999
0.502207,18.673334,17.846666
0.502609,18.660000,17.859999
0.503011,18.680000,17.886667
0.503412,18.700001,17.879999
0.503813,18.706667,17.906668
0.504215,18.746666,17.893333
0.504616,18.733332,17.906668
0.505017,18.746666,17.946665
0.505418,18.759998,17.926666
0.505820,18.759998,17.973333
0.506221,18.779999,17.966665
0.506622,18.779999,17.966665
0.507023,18.820000,18.020000
0.507424,18.806667,18.326666
0.507826,18.873333,18.066666
0.508228,18.826666,17.980000
0.508630,18.840000,18.033333
0.509031,18.840000,18.000000
0.509433,18.859999,18.020000
0.509835,18.873333,18.026667
0.510236,18.859999,18.059999
0.510638,18.920000,18.086666
0.511039,18.879999,18.079998
0.511440,18.913332,18.073332
0.511841,18.920000,18.113333
0.512243,18.933332,18.133333
0.512644,18.926666,18.146666
0.513045,18.913332,18.099998
0.513446,18.946667,18.166666
0.513847,18.960001,18.126667
0.514248,18.986666,18.166666
0.514649,18.980000,18.146666
0.515051,18.933332,18.046667
0.515452,18.999998,18.400000
0.515854,19.019999,18.186666
0.516255,19.019999,18.186666
0.516657,19.019999,18.260000
0.517058,19.046667,18.193333
0.517459,19.053333,18.219999
0.517860,19.059999,18.193333
0.518261,19.080000,18.273333
0.518663,19.080000,18.146666
0.519065,19.086666,18.233332
0.519466,19.206667,18.253332
0.519867,19.186666,18.286667
0.520268,19.093334,18.273333
0.520671,19.106667,18.273333
0.521073,19.119999,18.273333
0.521474,19.173332,18.299999
0.521875,19.160000,18.273333
0.522276,19.133331,18.333332
0.522678,19.160000,18.299999
0.523079,19.213333,18.326666
0.523481,19.186666,18.346666
0.523883,19.206667,18.406666
0.524284,19.206667,18.566668
0.524686,19.153332,17.953333
0.525087,19.219999,18.160000
0.525488,19.213333,18.346666
0.525889,19.240000,18.379999
0.526291,19.233334,18.359999
0.526692,19.246666,18.400000
0.527093,19.246666,18.386665
0.527494,19.360001,18.440001
0.527896,19.279999,18.420000
0.528297,19.266666,18.400000
0.528698,19.299999,18.333332
0.529099,19.299999,18.400000
0.529500,19.299999,18.486666
0.529902,19.326666,18.453333
0.530303,19.286665,18.406666
0.530704,19.326666,18.466665
0.531106,19.306665,18.493332
0.531508,19.353334,18.486666
0.531909,19.360001,18.400000
0.532310,19.320000,18.486666
0.532711,19.240000,18.493332
0.533112,19.313334,18.473331
0.533513,19.366667,18.513332
0.533914,19.373333,18.506666
0.534316,19.386665,18.506666
0.534717,19.420000,18.599998
0.535118,19.393332,18.526667
0.535520,19.420000,18.533333
0.535922,19.453333,18.526667
0.536323,19.420000,18.546667
0.536724,19.446667,18.539999
0.537125,19.433332,18.553333
0.537526,19.439999,18.586666
0.537927,19.426666,18.580000
0.538328,19.439999,18.599998
0.538730,19.453333,18.580000
0.539132,19.459999,18.586666
0.539535,19.439999,18.586666
0.539936,19.446667,18.553333
0.540338,19.546665,18.613333
0.540740,19.466667,18.593332
0.541141,19.519999,18.613333
0.541543,19.480000,18.626665
0.541944,19.513332,18.593332
0.542345,19.480000,18.613333
0.542746,19.500000,18.646666
0.543148,19.506666,18.646666
0.543549,19.526665,18.626665
0.543951,19.506666,18.660000
0.544352,19.533333,18.646666
0.544753,19.533333,18.653334
0.545154,19.546665,18.646666
0.545555,19.620001,18.673334
0.545957,19.533333,18.653334
0.546359,19.573334,18.686666
0.546760,19.606667,18.719999
0.547161,19.620001,18.840000
0.547562,19.573334,18.673334
0.547964,19.646666,18.680000
0.548365,19.586666,18.706667
0.548766,19.606667,18.706667
0.549167,19.693333,18.706667
0.549568,19.606667,18.726665
0.549969,19.620001,18.766666
0.550370,19.620001,18.726665
0.550773,19.606667,18.766666
0.551174,19.626667,18.553333
0.551575,19.639999,18.759998
0.551976,19.633333,18.766666
0.552377,19.633333,18.759998
0.552779,19.513332,18.733332
0.553180,19.626667,18.759998
0.553581,19.633333,18.759998
0.553982,19.653332,18.759998
0.554383,19.659998,18.779999
0.554785,19.666666,18.766666
0.555187,19.659998,18.793333
0.555588,19.666666,18.759998
0.555989,19.673332,18.786667
0.556390,19.653332,18.793333
0.556792,19.639999,18.766666
0.557193,19.706667,18.779999
0.557594,19.666666,18.779999
0.557996,19.706667,18.793333
0.558397,19.659998,18.786667
0.558799,19.693333,18.833334
0.559200,19.706667,18.840000
0.559601,19.733334,18.820000
0.560003,19.686666,18.820000
0.560404,19.639999,18.799999
0.560806,19.706667,18.826666
0.561207,19.693333,18.840000
0.561608,19.719999,18.859999
0.562010,19.713333,18.826666
0.562411,19.726667,18.833334
0.562813,19.726667,18.813334
0.563214,19.733334,18.820000
0.563615,19.740000,18.813334
0.564016,19.659998,18.853333
0.564417,19.666666,18.886665
0.564819,19.740000,18.873333
0.565220,19.733334,19.013332
0.565622,19.686666,18.879999
0.566023,19.686666,18.879999
0.566424,19.760000,19.259998
0.566826,19.740000,18.879999
0.567228,19.753334,18.859999
0.567629,19.699999,18.873333
0.568030,19.719999,18.853333
0.568431,19.746666,18.846666
0.568833,19.746666,18.853333
0.569234,19.753334,18.866665
0.569635,19.760000,18.873333
0.570037,19.753334,18.940001
0.570438,19.760000,18.879999
0.570840,19.706667,18.879999
0.571241,19.846666,18.879999
0.571643,19.773333,18.840000
0.572044,19.773333,18.926666
0.572445,19.760000,18.879999
0.572847,19.793333,18.873333
0.573248,19.760000,18.879999
0.573650,19.779999,18.840000
0.574051,19.773333,18.853333
0.574453,19.740000,18.853333
0.574854,19.786665,18.879999
0.575255,19.766666,18.893333
0.575657,19.793333,18.893333
0.576058,19.799999,18.886665
0.576459,19.799999,18.886665
0.576861,19.799999,18.879999
0.577262,19.786665,18.866665
0.577663,19.779999,18.886665
0.578064,19.806665,18.920000
0.578465,19.779999,18.886665
0.578867,19.820000,18.906666
0.579268,19.786665,18.886665
0.579670,19.799999,18.879999
0.580072,19.753334,18.920000
0.580473,19.806665,18.859999
0.580875,19.813332,18.753332
0.581276,19.806665,18.879999
0.581677,19.773333,18.873333
0.582079,19.740000,18.513332
0.582481,19.786665,18.893333
0.582883,19.826666,18.926666
0.583284,19.793333,18.900000
0.583685,19.793333,18.879999
0.584086,19.786665,18.886665
0.584487,19.786665,18.879999
0.584888,19.793333,18.940001
0.585290,19.799999,18.879999
0.585691,19.826666,18.879999
0.586093,19.813332,18.879999
0.586494,19.766666,18.879999
0.586895,19.766666,18.879999
0.587296,19.786665,18.886665
0.587697,19.813332,18.793333
0.588098,19.779999,18.879999
0.588500,19.793333,18.759998
0.588901,19.753334,18.900000
0.589302,19.733334,18.873333
0.589704,19.766666,18.826666
0.590105,19.719999,18.879999
0.590507,19.659998,18.873333
0.590909,19.753334,18.813334
0.591310,19.713333,18.866665
0.591711,19.760000,18.873333
0.592113,19.719999,18.879999
0.592515,19.793333,18.879999
0.592917,19.779999,18.879999
0.593318,19.766666,18.879999
0.593719,19.779999,18.879999
0.594120,19.740000,18.873333
0.594521,19.719999,18.859999
0.594923,19.760000,18.873333
0.595325,19.740000,18.879999
0.595727,19.760000,18.879999
0.596128,19.719999,18.866665
0.596530,19.746666,18.853333
0.596931,19.746666,18.853333
0.597333,19.719999,18.879999
0.597734,19.740000,18.846666
0.598136,19.726667,18.859999
0.598538,19.753334,18.833334
0.598940,19.740000,18.833334
0.599342,19.753334,18.793333
0.599743,19.699999,18.833334
0.600144,19.659998,18.859999
0.600546,19.713333,18.799999
0.600948,19.726667,18.820000
0.601350,19.713333,18.773333
0.601752,19.719999,18.846666
0.602154,19.679998,18.799999
0.602555,19.719999,18.826666
0.602956,19.639999,18.799999
0.603357,19.713333,18.820000
0.603758,19.699999,18.873333
0.604160,19.686666,18.773333
0.604561,19.706667,18.793333
0.604963,19.713333,18.826666
0.605364,19.686666,18.806667
0.605765,19.686666,18.826666
0.606166,19.606667,18.820000
0.606567,19.686666,18.773333
0.606969,19.673332,19.013332
0.607370,19.699999,18.719999
0.607773,19.673332,18.766666
0.608174,19.639999,18.726665
0.608575,19.699999,18.646666
0.608976,19.673332,18.773333
0.609377,19.606667,18.786667
0.609779,19.633333,18.759998
0.610181,19.626667,18.753332
0.610582,19.653332,18.773333
0.610983,19.633333,18.740000
0.611384,19.639999,18.746666
0.611786,19.646666,18.733332
0.612187,19.626667,18.746666
0.612588,19.626667,18.733332
0.612989,19.580000,18.726665
0.613390,19.593332,18.686666
0.613792,19.620001,18.546667
0.614193,19.606667,18.713333
0.614594,19.600000,18.719999
0.614996,19.573334,18.833334
0.615397,19.593332,18.586666
0.615799,19.566666,18.726665
0.616200,19.633333,18.673334
0.616601,19.586666,18.700001
0.617002,19.559999,18.666666
0.617403,19.539999,18.693333
0.617805,19.559999,18.666666
0.618206,19.500000,18.646666
0.618607,19.539999,18.653334
0.619009,19.586666,18.646666
0.619410,19.546665,18.646666
0.619812,19.546665,18.626665
0.620213,19.533333,18.626665
0.620614,19.486668,18.660000
0.621016,19.506666,18.646666
0.621417,19.500000,18.613333
0.621819,19.513332,18.626665
0.622220,19.566666,18.613333
0.622622,19.553333,18.666666
0.623023,19.526665,18.626665
0.623424,19.480000,18.586666
0.623826,19.433332,18.553333
0.624227,19.466667,18.599998
0.624628,19.439999,18.733332
0.625029,19.433332,18.766666
0.625430,19.473333,18.580000
0.625832,19.433332,18.553333
0.626233,19.426666,18.580000
0.626634,19.426666,18.566668
0.627039,19.406666,18.526667
0.627440,19.413332,18.546667
0.627841,19.420000,18.553333
0.628242,19.366667,18.526667
0.628644,19.400000,18.539999
0.629046,19.393332,18.526667
0.629447,19.353334,18.539999
0.629848,19.366667,18.513332
0.630250,19.353334,18.506666
0.630652,19.320000,18.493332
0.631054,19.340000,18.446667
0.631455,19.340000,18.466665
0.631856,19.333334,18.486666
0.632257,19.333334,18.613333
0.632659,19.306665,18.426666
0.633061,19.320000,18.406666
0.633462,19.253332,18.440001
0.633863,19.299999,18.446667
0.634265,19.293333,18.459999
0.634666,19.286665,18.413334
0.635068,19.273333,18.413334
0.635469,19.279999,18.400000
0.635871,19.279999,18.400000
0.636272,19.240000,18.379999
0.636673,19.193333,18.426666
0.637074,19.226667,18.446667
0.637475,19.233334,18.339998
0.637877,19.240000,18.379999
0.638278,19.340000,18.379999
0.638679,19.240000,18.373333
0.639081,19.213333,18.353333
0.639482,19.226667,18.326666
0.639883,19.213333,18.346666
0.640284,19.206667,18.339998
0.640686,19.153332,18.286667
0.641087,19.146666,18.286667
0.641488,19.119999,18.286667
0.641889,19.153332,18.320000
0.642291,19.173332,18.286667
0.642693,19.119999,18.273333
0.643094,19.113333,18.273333
0.643495,19.106667,18.273333
0.643897,19.080000,18.273333
0.644298,19.106667,18.213333
0.644699,19.119999,18.206665
0.645100,19.080000,18.186666
0.645502,19.053333,18.226665
0.645904,19.059999,18.213333
0.646305,19.053333,18.186666
0.646707,19.026667,18.180000
0.647109,19.033333,18.166666
0.647510,19.013332,18.126667
0.647912,18.999998,18.173334
0.648313,18.999998,18.186666
0.648714,18.980000,18.046667
0.649115,18.986666,18.066666
0.649516,18.986666,18.126667
0.649918,19.066666,18.126667
0.650320,18.946667,18.180000
0.650722,18.946667,18.106667
0.651123,18.940001,18.099998
0.651525,18.920000,18.119999
0.651927,18.893333,18.079998
0.652328,18.906666,18.086666
0.652730,18.893333,18.073332
0.653131,18.840000,18.046667
0.653532,18.879999,18.073332
0.653933,18.866665,18.013332
0.654335,18.840000,18.013332
0.654737,18.740000,18.006666
0.655139,18.826666,18.040001
0.655541,18.820000,18.013332
0.655942,18.799999,17.980000
0.656343,18.813334,17.939999
0.656744,18.779999,17.939999
0.657145,18.820000,17.966665
0.657546,18.779999,17.939999
0.657948,18.773333,17.953333
0.658349,18.820000,18.033333
0.658751,18.726665,17.900000
0.659153,18.740000,17.939999
0.659554,18.726665,17.906668
0.659955,18.646666,17.886667
0.660356,18.706667,17.886667
0.660757,18.686666,17.846666
0.661158,18.666666,17.886667
0.661559,18.653334,17.840000
0.661960,18.639999,17.853333
0.662361,18.673334,17.826666
0.662762,18.606665,17.806665
0.663164,18.633333,17.813332
0.663565,18.593332,17.793333
0.663967,18.639999,17.799999
0.664369,18.619999,17.766666
0.664773,18.586666,17.760000
0.665174,18.606665,17.846666
0.665575,18.500000,17.766666
0.665976,18.593332,17.606667
0.666377,18.473331,17.633333
0.666780,18.526667,17.726665
0.667181,18.506666,17.699999
0.667582,18.480000,17.686666
0.667983,18.493332,17.713333
0.668384,18.473331,17.666666
0.668786,18.466665,17.666666
0.669187,18.466665,17.619999
0.669588,18.440001,17.619999
0.669989,18.420000,17.573332
0.670390,18.420000,17.613333
0.670793,18.386665,17.539999
0.671194,18.393333,17.606667
0.671595,18.333332,17.539999
0.671996,18.379999,17.539999
0.672397,18.313334,17.593332
0.672799,18.320000,17.539999
0.673200,18.313334,17.386667
0.673603,18.266666,17.466665
0.674004,18.353333,17.500000
0.674406,18.280001,17.473333
0.674807,18.240000,17.459999
0.675208,18.426666,17.433332
0.675610,18.273333,17.473333
0.676011,18.260000,17.473333
0.676412,18.233332,17.433332
0.676813,18.213333,17.400000
0.677214,18.233332,17.406666
0.677615,18.260000,17.433332
0.678016,18.193333,17.419998
0.678418,18.186666,17.393333
0.678820,18.146666,17.373333
0.679221,18.139999,17.353333
0.679622,18.126667,17.293333
0.680023,18.126667,17.326666
0.680424,18.113333,16.833334
0.680826,18.093332,17.360001
0.681227,18.099998,17.186666
0.681628,18.066666,17.279999
0.682029,18.113333,17.266666
0.682430,18.073332,17.246666
0.682832,18.013332,17.260000
0.683233,18.053333,17.253334
0.683634,18.020000,17.206667
0.684039,17.986666,17.173332
0.684440,17.920000,17.173332
0.684841,17.959999,17.320000
0.685242,17.959999,17.166666
0.685644,17.939999,17.146666
0.686046,17.906668,17.159998
0.686447,17.893333,17.053333
0.686848,17.900000,17.066666
0.687250,17.913334,17.126667
0.687651,17.913334,16.953333
0.688052,17.820000,17.046665
0.688453,17.859999,17.039999
0.688854,17.826666,17.066666
0.689256,17.820000,17.039999
0.689657,17.799999,16.980000
0.690059,17.793333,17.013332
0.690460,17.766666,16.993334
0.690861,17.760000,16.953333
0.691262,17.706665,16.806665
0.691663,17.726665,16.946667
0.692065,17.726665,16.953333
0.692466,17.713333,16.913332
0.692868,17.693333,16.926666
0.693269,17.679998,16.906666
0.693671,17.679998,16.900000
0.694072,17.653334,16.873333
0.694473,17.606667,16.873333
0.694874,17.619999,16.860001
0.695275,17.600000,16.846666
0.695677,17.593332,16.833334
0.696079,17.573332,16.706667
0.696480,17.539999,16.826666
0.696881,17.466665,16.799999
0.697283,17.526667,16.786665
0.697685,17.480000,16.786665
0.698086,17.466665,16.759998
0.698488,17.366667,16.759998
0.698889,17.380001,16.733334
0.699291,17.446667,16.706667
0.699692,17.446667,16.420000
0.700093,17.413332,16.680000
0.700494,17.373333,16.680000
0.700895,17.380001,16.646666
0.701296,17.340000,16.613333
0.701698,17.333332,16.646666
0.702099,17.340000,16.193333
0.702501,17.333332,16.779999
0.702903,17.313332,16.573334
0.703305,17.299999,16.566666
0.703707,17.279999,16.546667
0.704108,17.213333,16.519999
0.704509,17.219999,16.466667
0.704910,17.299999,16.539999
0.705311,17.219999,16.466667
0.705713,17.226667,16.526667
0.706114,17.186666,16.433332
0.706515,17.139999,16.446667
0.706916,17.166666,16.386665
0.707317,17.133333,16.313334
0.707719,17.093332,16.446667
0.708120,17.066666,16.346666
0.708522,17.053333,16.326666
0.708924,17.053333,16.273333
0.709325,17.033333,16.279999
0.709727,17.033333,16.273333
0.710129,17.026665,16.273333
0.710531,16.980000,16.219999
0.710933,16.980000,16.200001
0.711335,16.959999,16.173334
0.711737,16.959999,16.193333
0.712139,16.926666,16.160000
0.712540,16.906666,16.113333
0.712941,16.933332,16.146666
0.713342,16.886665,16.146666
0.713744,16.893332,16.099998
0.714146,16.893332,16.099998
0.714547,16.860001,15.946666
0.714948,16.840000,15.933333
0.715349,16.826666,15.980000
0.715750,16.799999,16.080000
0.716152,16.853334,16.433332
0.716553,16.779999,15.946666
0.716954,16.753332,15.920000
0.717356,16.759998,15.913334
0.717758,16.726667,15.920000
0.718159,16.713333,15.886665
0.718560,16.693333,15.893333
0.718962,16.706667,15.873333
0.719363,16.653332,15.833333
0.719764,16.639999,15.913334
0.720165,16.606667,15.839999
0.720566,16.546667,15.819999
0.720968,16.580000,15.746666
0.721369,16.586666,15.740000
0.721773,16.533333,15.673333
0.722174,16.519999,15.733333
0.722575,16.486666,15.693334
0.722977,16.499998,15.693334
0.723379,16.473333,15.646666
0.723780,16.406666,15.379999
0.724181,16.340000,15.533333
0.724583,16.393333,15.700000
0.724984,16.346666,15.560000
0.725386,16.253332,15.586667
0.725787,16.346666,15.573333
0.726189,16.306667,15.500000
0.726591,16.279999,15.473333
0.726993,16.259998,15.486666
0.727395,16.259998,15.466666
0.727797,16.200001,15.419999
0.728199,16.219999,15.413333
0.728600,16.193333,15.426665
0.729002,16.206667,15.406667
0.729403,16.099998,15.366667
0.729805,16.186666,15.340000
0.730206,16.053333,15.313333
0.730607,16.093332,15.306666
0.731008,16.086666,15.306666
0.731409,16.093332,15.280000
0.731812,16.020000,15.253334
0.732215,16.000000,15.573333
0.732616,16.046667,15.166667
0.733017,15.933333,15.260000
0.733419,15.940000,15.153333
0.733820,15.913334,15.146667
0.734222,15.920000,15.133333
0.734625,15.906666,15.153333
0.735027,15.853333,15.100000
0.735428,15.826667,14.953333
0.735829,15.813333,14.953333
0.736232,15.806666,14.953333
0.736633,15.853333,15.100000
0.737035,15.760000,14.953333
0.737437,15.920000,14.940000
0.737839,15.660000,14.953333
0.738240,15.666666,14.899999
0.738642,15.839999,14.899999
0.739044,15.653334,14.873333
0.739445,15.639999,14.860001
0.739847,15.553332,14.880000
0.740248,15.546666,15.200000
0.740649,15.560000,14.780000
0.741051,15.593333,14.786666
0.741452,15.480000,14.746666
0.741854,15.493332,14.733334
0.742255,15.466666,14.693333
0.742657,15.453334,14.693333
0.743059,15.433333,14.666667
0.743460,15.406667,14.640000
0.743861,15.393333,14.633332
0.744262,15.393333,14.606667
0.744664,15.353333,14.593332
0.745066,15.320001,14.580000
0.745468,15.233334,14.559999
0.745869,15.293332,14.559999
0.746271,15.253334,14.520000
0.746673,15.246666,14.526666
0.747074,15.226665,14.540000
0.747475,15.200000,14.433332
0.747878,15.186667,14.446667
0.748279,15.166667,14.259999
0.748680,15.193334,14.400001
0.749081,15.119999,14.373332
0.749484,15.153333,14.353333
0.749885,14.953333,14.346666
0.750286,14.953333,14.353333
0.750687,14.953333,14.320000
0.751088,14.953333,14.266667
0.751489,14.953333,14.253333
0.751891,14.946667,14.233333
0.752292,14.919999,14.200001
0.752694,14.873333,14.180000
0.753095,14.860001,14.173332
0.753496,14.866667,14.140000
0.753898,14.840000,14.113334
0.754300,14.800000,14.113334
0.754701,14.740000,14.053333
0.755102,14.793334,14.039999
0.755504,14.759999,14.046667
0.755906,14.753333,14.006667
0.756307,14.659999,13.999999
0.756709,14.646667,13.999999
0.757111,14.653333,13.960000
0.757512,14.653333,13.920000
0.757913,14.580000,13.900000
0.758314,14.513333,13.900000
0.758715,14.553333,13.833333
0.759116,14.540000,13.860000
0.759517,14.473333,13.833333
0.759919,14.513333,13.820000
0.760320,14.473333,13.746667
0.760722,14.406667,13.779999
0.761124,14.406667,13.726666
0.761526,14.366666,13.806667
0.761928,14.373332,13.706666
0.762329,14.353333,13.646666
0.762731,14.306665,13.653334
0.763133,14.320000,13.646666
0.763534,14.299999,13.613334
0.763935,14.266667,13.559999
0.764337,14.246667,13.559999
0.764738,14.193333,13.539999
0.765140,14.226666,13.506666
0.765541,14.173332,13.493333
0.765942,14.099999,13.480000
0.766343,14.146667,13.480000
0.766744,14.153333,13.366667
0.767145,14.113334,13.413334
0.767547,14.080000,13.386665
0.767948,14.026667,13.379999
0.768349,14.020000,13.353333
0.768751,14.006667,13.346667
0.769153,14.053333,13.320000
0.769554,13.973332,13.320000
0.769955,13.933332,13.286667
0.770357,13.920000,13.226666
0.770758,13.873334,13.233334
0.771159,13.833333,13.206666
0.771560,13.813334,13.173333
0.771962,13.839999,13.160000
0.772363,13.806667,13.160000
0.772764,13.773333,13.133333
0.773165,13.740001,13.093333
0.773566,13.740001,13.046666
0.773967,13.686666,13.046666
0.774370,13.639999,13.040000
0.774773,13.660000,12.953333
0.775174,13.633333,13.006666
0.775576,13.639999,12.946667
0.775978,13.559999,12.946667
0.776381,13.559999,12.940000
0.776782,13.520000,12.893333
0.777184,13.513332,12.860000
0.777585,13.473332,12.893333
0.777987,13.453332,12.786666
0.778390,13.440000,12.793333
0.778792,13.440000,12.780000
0.779193,13.426666,12.766666
0.779594,13.386665,12.713333
0.779995,13.353333,12.660000
0.780396,13.306666,12.693334
0.780798,13.280000,12.526666
0.781201,13.300000,12.666666
0.781602,13.266666,12.633333
0.782003,13.213333,12.753333
0.782404,13.213333,12.660000
0.782806,13.186666,12.520000
0.783207,13.166667,12.540000
0.783608,13.133333,12.500000
0.784011,13.120000,12.520000
0.784412,13.120000,12.459999
0.784813,13.040000,12.740000
0.785214,13.040000,12.426666
0.785616,12.980000,12.420000
0.786017,12.973333,12.406666
0.786419,12.986666,12.393332
0.786820,12.940000,12.333333
0.787221,12.933333,12.300000
0.787622,12.873333,12.286667
0.788024,12.933333,12.246667
0.788426,12.900000,12.246667
0.788827,12.833333,12.213333
0.789228,12.786666,12.213333
0.789630,12.713333,12.126666
0.790031,12.840000,12.193333
0.790432,12.473333,12.046667
0.790834,12.666666,12.106667
0.791235,12.713333,12.080000
0.791636,12.666666,12.100000
0.792037,12.646667,12.059999
0.792438,12.599999,11.980000
0.792841,12.599999,11.953333
0.793242,12.580000,11.933332
0.793644,12.540000,11.900000
0.794045,12.526666,11.893333
0.794447,12.493333,11.866666
0.794848,12.486667,11.820000
0.795249,12.466666,11.866666
0.795651,12.426666,11.646667
0.796053,12.413333,11.799999
0.796454,12.373333,11.753333
0.796855,12.333333,11.720000
0.797258,12.259999,11.799999
0.797659,12.313334,11.693333
0.798060,12.259999,11.573333
0.798461,12.246667,11.620000
0.798862,12.219999,11.506666
0.799263,12.226666,11.626666
0.799664,12.180000,11.573333
0.800066,12.100000,11.586667
0.800467,12.106667,11.526667
0.800868,12.080000,11.486667
0.801269,12.059999,11.473332
0.801671,12.153333,11.473332
0.802073,12.040000,11.393333
0.802474,11.999999,11.420000
0.802875,11.953333,11.373333
0.803276,11.906667,11.353333
0.803678,11.906667,11.513333
0.804079,11.846666,11.286666
0.804480,11.813333,11.353333
0.804882,11.840000,11.240000
0.805283,11.806666,11.206666
0.805685,11.793333,11.233333
0.806086,11.773334,11.406666
0.806488,11.726666,11.180000
0.806890,11.713333,11.180000
0.807291,11.693333,11.020000
0.807693,11.646667,11.099999
0.808094,11.673333,11.120000
0.808495,11.613333,11.020000
0.808896,11.606667,11.040000
0.809298,11.559999,11.020000
0.809699,11.539999,11.000000
0.810100,11.526667,10.900000
0.810501,11.473332,10.806666
0.810902,11.460000,10.960000
0.811304,11.466666,10.913333
0.811706,11.406666,10.853333
0.812107,11.386666,10.820000
0.812509,11.360000,10.840000
0.812910,11.360000,10.840000
0.813312,11.339999,10.813333
0.813713,11.273333,10.746666
0.814114,11.213333,10.706666
0.814517,11.260000,10.666667
0.814920,11.219999,10.686666
0.815321,11.160000,10.666667
0.815722,11.166666,10.879999
0.816123,11.126667,10.600000
0.816525,11.106667,10.533334
0.816926,11.093333,10.500000
0.817327,11.060000,10.533334
0.817729,11.040000,10.493333
0.818131,11.000000,10.493333
0.818532,10.993334,10.480000
0.818934,11.000000,10.473333
0.819335,10.966666,10.446667
0.819737,10.906667,10.413333
0.820138,10.913333,10.366666
0.820539,10.866667,10.320000
0.820941,10.840000,10.346666
0.821342,10.800000,10.286666
0.821744,10.773334,10.286666
0.822145,10.780000,10.286666
0.822546,10.726666,10.260000
0.822948,10.706666,10.173333
0.823350,10.693333,10.166666
0.823751,10.600000,10.160000
0.824152,10.666667,10.226666
0.824553,10.633333,10.133333
0.824955,10.586667,10.093333
0.825356,10.533334,10.059999
0.825757,10.533334,10.026666
0.826158,10.580000,10.020000
0.826559,10.480000,9.966666
0.826960,10.453333,9.966666
0.827361,10.406667,9.920000
0.827764,10.453333,9.940001
0.828165,10.400000,9.906666
0.828567,10.360000,9.786667
0.828969,10.406667,9.833333
0.829370,10.320000,9.813334
0.829773,10.280000,9.793333
0.830176,10.280000,9.766666
0.830577,10.240000,9.766666
0.830978,10.326667,9.706666
0.831379,10.226666,9.706666
0.831781,10.226666,9.693333
0.832182,10.160000,9.680000
0.832583,10.013333,9.700000
0.832984,10.126667,9.653333
0.833386,10.066667,9.600000
0.833787,10.059999,9.600000
0.834188,10.033333,9.559999
0.834591,9.966666,9.520000
0.834993,10.053333,9.533333
0.835394,9.966666,9.493333
0.835795,9.920000,9.346666
0.836196,9.900000,9.346666
0.836597,9.893332,9.346666
0.836998,9.866667,9.346666
0.837400,9.813334,9.346666
0.837801,9.813334,9.340000
0.838202,9.793333,9.280000
0.838603,9.713333,9.260000
0.839005,9.713333,9.220000
0.839406,9.719999,9.246666
0.839807,9.660000,9.093333
0.840208,9.713333,9.160000
0.840609,9.573333,9.246666
0.841011,9.613334,9.099999
0.841412,9.520000,9.093333
0.841813,9.586666,9.126666
0.842214,9.506666,9.073333
0.842615,9.506666,9.033333
0.843016,9.506666,9.013333
0.843417,9.400000,8.973332
0.843819,9.293333,8.933333
0.844220,9.400000,8.913333
0.844621,9.326667,8.913333
0.845022,9.333333,8.893333
0.845423,9.313333,8.513332
0.845826,9.260000,8.833333
0.846227,9.266666,8.760000
0.846628,9.240000,8.780000
0.847029,9.213333,8.740000
0.847432,9.200000,8.780000
0.847833,9.160000,8.733333
0.848234,9.133333,8.713333
0.848636,9.106667,8.666666
0.849037,9.053333,8.639999
0.849439,9.086667,8.626667
0.849840,9.033333,8.586666
0.850241,8.960000,8.593333
0.850642,8.980000,8.546666
0.851044,8.940000,8.513332
0.851445,8.920000,8.506666
0.851847,8.913333,8.493334
0.852248,8.860000,8.360000
0.852649,8.846666,8.426667
0.853051,8.813334,8.426667
0.853452,8.806666,8.320000
0.853853,8.766666,8.379999
0.854254,8.746667,8.306666
0.854655,8.680000,8.273334
0.855057,8.733333,8.286667
0.855459,8.653333,8.266666
0.855860,8.639999,8.166667
0.856261,8.613334,8.206666
0.856663,8.593333,8.166667
0.857064,8.566667,8.166667
0.857466,8.579999,8.206666
0.857867,8.500000,8.120000
0.858268,8.579999,8.153334
0.858670,8.480000,8.040000
0.859072,8.446666,8.040000
0.859474,8.440000,8.006666
0.859875,8.386666,8.026667
0.860276,8.393332,7.920000
0.860677,8.360000,8.020000
0.861078,8.320000,7.946667
0.861479,8.306666,7.906666
0.861881,8.273334,7.853333
0.862282,8.273334,7.853333
0.862684,8.226666,7.746666
0.863085,8.226666,7.840000
0.863486,8.193333,7.853333
0.863887,8.153334,7.780000
0.864288,8.126666,7.780000
0.864689,8.093333,7.726667
0.865090,8.080000,7.840000
0.865491,8.073333,7.673333
0.865892,8.106667,7.660000
0.866293,8.013333,7.633333
0.866694,8.173333,7.586667
0.867096,7.980000,7.579999
0.867497,7.813334,7.513333
0.867899,7.926667,7.546666
0.868300,7.873333,7.500000
0.868701,7.846667,7.313333
0.869102,7.846667,7.386667
0.869503,7.813334,7.413333
0.869905,7.800000,7.433333
0.870306,7.766666,7.400000
0.870708,7.753333,7.340000
0.871110,7.706666,7.366667
0.871511,7.686666,7.320000
0.871913,7.679999,7.273333
0.872315,7.686666,7.266667
0.872716,7.666667,7.200000
0.873117,7.593334,7.246666
0.873518,7.613333,7.219999
0.873920,7.540000,7.186666
0.874322,7.480000,7.146667
0.874724,7.506667,7.140000
0.875126,7.406666,7.100000
0.875528,7.480000,7.086666
0.875929,7.433333,7.073333
0.876330,7.400000,7.000000
0.876732,7.380000,7.020000
0.877134,7.340000,7.080000
0.877536,7.333333,6.933333
0.877938,7.346666,6.986666
0.878340,7.260000,6.953333
0.878741,7.260000,6.913333
0.879142,7.186666,6.926667
0.879543,7.213333,6.846666
0.879945,7.193333,6.813333
0.880346,7.133334,6.893333
0.880748,7.160000,6.813333
0.881150,7.140000,6.833333
0.881552,7.066666,6.733333
0.881953,7.066666,6.713333
0.882355,7.073333,6.706667
0.882756,7.033333,6.640000
0.883158,7.080000,6.620000
0.883559,6.966666,6.626667
0.883961,6.953333,6.640000
0.884362,6.926667,6.586667
0.884764,6.920000,6.406667
0.885165,6.880000,6.513333
0.885566,6.853333,6.520000
0.885968,6.826667,6.466667
0.886369,6.740000,6.460000
0.886773,6.786666,6.466667
0.887174,6.760000,6.406667
0.887575,6.720000,6.326666
0.887976,6.726666,6.293333
0.888378,6.740000,6.353333
0.888779,6.653333,6.286667
0.889180,6.646667,6.286667
0.889581,6.620000,6.253334
0.889982,6.580000,6.253334
0.890383,6.560000,6.240000
0.890784,6.533333,6.326666
0.891185,6.553333,6.173333
0.891586,6.466667,6.153333
0.891988,6.420000,6.126667
0.892390,6.433333,6.113333
0.892792,6.386667,6.086667
0.893193,6.380000,6.106667
0.893594,6.386667,6.040000
0.893995,6.340000,6.026667
0.894396,6.280000,6.000000
0.894798,6.266666,5.880000
0.895199,6.233333,5.946667
0.895600,6.280000,5.940000
0.896002,6.213333,5.853333
0.896403,6.200000,5.980000
0.896805,6.180000,5.860000
0.897207,6.133333,5.873333
0.897609,6.140000,5.793334
0.898010,6.106667,5.780000
0.898411,6.040000,5.760000
0.898813,6.006667,5.760000
0.899214,6.020000,6.100000
0.899615,6.000000,5.406666
0.900016,5.986667,5.700000
0.900417,5.953333,5.666667
0.900819,5.913333,5.673333
0.901221,5.920000,5.593333
0.901622,5.906666,5.586667
0.902023,5.920000,5.646667
0.902425,5.840000,5.586667
0.902827,5.840000,5.500000
0.903228,5.813333,5.546667
0.903630,5.780000,5.486667
0.904031,5.826667,5.473333
0.904433,5.726667,5.460000
0.904834,5.713333,5.420000
0.905235,5.713333,5.420000
0.905637,5.666667,5.413333
0.906039,5.660000,5.406666
0.906440,5.666667,5.340000
0.906841,5.593333,5.306666
0.907242,5.586667,5.313333
0.907644,5.513333,5.286666
0.908045,5.493333,5.260000
0.908446,5.533333,5.273333
0.908847,5.513333,5.240000
0.909248,5.473333,5.200000
0.909650,5.446666,5.200000
0.910052,5.413333,5.213333
0.910455,5.413333,5.146667
0.910856,5.393333,5.153333
0.911257,5.406666,5.166667
0.911658,5.353333,5.080000
0.912060,5.313333,5.186666
0.912461,5.266667,5.033333
0.912862,5.253333,5.000000
0.913265,5.240000,4.966667
0.913666,5.226666,4.966667
0.914068,5.166667,4.940000
0.914470,5.126667,4.973333
0.914871,5.160000,4.886666
0.915272,5.160000,4.886666
0.915674,5.080000,4.880000
0.916076,5.073333,4.860000
0.916477,5.073333,4.720000
0.916879,5.060000,4.820000
0.917282,5.013333,4.786666
0.917683,5.020000,4.780000
0.918084,5.033333,4.786666
0.918485,4.973333,4.720000
0.918886,4.960000,4.720000
0.919287,4.920000,4.713333
0.919688,4.840000,4.686666
0.920089,4.866667,4.660000
0.920491,4.806667,4.633333
0.920893,4.826666,4.573333
0.921294,4.820000,4.606667
0.921696,4.786666,4.420000
0.922097,4.826666,4.546667
0.922500,4.760000,4.533333
0.922901,4.726666,4.506667
0.923304,4.706666,4.526667
0.923706,4.700000,4.526667
0.924108,4.740000,4.420000
0.924510,4.646667,4.446667
0.924912,4.586667,4.540000
0.925313,4.606667,4.333333
0.925714,4.640000,4.366666
0.926115,4.600000,4.360000
0.926516,4.560000,4.353333
0.926917,4.586667,4.373333
0.927318,4.500000,4.286666
0.927719,4.400000,4.300000
0.928120,4.480000,4.286666
0.928521,4.466667,4.260000
0.928922,4.440000,4.246667
0.929323,4.380000,4.200000
0.929725,4.373333,4.160000
0.930127,4.360000,4.153333
0.930528,4.346667,4.140000
0.930929,4.333333,4.140000
0.931330,4.506667,4.106667
0.931731,4.293333,4.073333
0.932132,4.266666,4.100000
0.932533,4.220000,4.420000
0.932934,4.220000,4.026666
0.933335,4.293333,4.013333
0.933737,4.193333,4.000000
0.934138,4.166667,4.013333
0.934539,4.160000,3.966667
0.934941,4.146667,3.960000
0.935343,4.160000,3.846667
0.935744,4.093333,3.893333
0.936145,4.086667,3.960000
0.936546,4.053333,3.860000
0.936948,4.026666,3.840000
0.937349,4.046667,3.833333
0.937750,4.013333,3.826667
0.938152,3.920000,3.720000
0.938553,3.980000,3.686666
0.938955,3.960000,3.733333
0.939357,3.940000,3.733333
0.939758,3.893333,3.906667
0.940159,3.886667,3.673333
0.940560,3.926666,3.733333
0.940962,3.826667,3.646667
0.941363,3.833333,3.740000
0.941765,3.860000,3.586667
0.942167,3.773333,3.573333
0.942568,3.786667,3.560000
0.942969,3.726667,3.560000
0.943370,3.700000,3.513333
0.943773,3.680000,3.480000
0.944174,3.673333,3.346666
0.944575,3.633333,3.486667
0.944977,3.620000,3.460000
0.945378,3.633333,3.440000
0.945779,3.633333,3.473333
0.946180,3.573333,3.406667
0.946581,3.573333,3.406667
0.946983,3.560000,3.360000
0.947384,3.526666,3.346666
0.947786,3.466666,3.380000
0.948187,3.486667,3.346666
0.948590,3.480000,3.293333
0.948991,3.313333,3.286667
0.949393,3.406667,3.260000
0.949794,3.413333,3.293333
0.950196,3.380000,3.240000
0.950597,3.366667,3.286667
0.950998,3.360000,3.153333
0.951399,3.333333,3.173333
0.951800,3.306667,3.193333
0.952202,3.313333,3.166667
0.952605,3.280000,3.140000
0.953007,3.293333,3.133333
0.953408,3.273333,3.086667
0.953809,3.273333,3.073333
0.954210,3.173333,3.226667
0.954611,3.153333,3.046667
0.955013,3.186666,3.106667
0.955416,3.146667,3.013333
0.955818,3.120000,2.980000
0.956219,3.106667,3.006667
0.956620,3.113333,2.880000
0.957022,3.106667,2.960000
0.957423,3.113333,2.886667
0.957824,3.053333,2.946667
0.958225,3.040000,2.826667
0.958626,3.026667,2.946667
0.959028,3.006667,2.833333
0.959429,2.980000,2.860000
0.959830,2.966666,2.826667
0.960232,2.946667,2.846667
0.960633,2.940000,2.786667
0.961038,2.906667,2.793333
0.961441,2.900000,2.786667
0.961843,2.840000,2.766667
0.962244,2.913333,2.713333
0.962645,2.853333,2.713333
0.963047,2.800000,2.833333
0.963448,2.833333,2.706666
0.963849,2.760000,2.593333
0.964250,2.786667,2.646667
0.964652,2.786667,2.913333
0.965053,2.766667,2.646667
0.965454,2.773333,2.873333
0.965855,2.726667,2.600000
0.966257,2.713333,2.520000
0.966658,2.720000,2.566667
0.967060,2.753333,2.573333
0.967462,2.673333,2.553333
0.967863,2.660000,2.520000
0.968264,2.606667,2.493333
0.968665,2.613333,2.493333
0.969066,2.606667,2.453333
0.969467,2.560000,2.460000
0.969868,2.626667,2.400000
0.970269,2.600000,2.433333
0.970670,2.513333,2.433333
0.971072,2.506666,2.433333
0.971473,2.546667,2.393333
0.971874,2.480000,2.366667
0.972275,2.466667,2.366667
0.972676,2.453333,2.326667
0.973077,2.433333,2.293333
0.973478,2.440000,2.326667
0.973879,2.406667,2.266667
0.974280,2.400000,2.246667
0.974681,2.386667,2.240000
0.975083,2.340000,2.233333
0.975486,2.346667,2.260000
0.975888,2.333333,2.206667
0.976289,2.306667,2.233333
0.976690,2.320000,2.200000
0.977091,2.273333,2.186667
0.977492,2.286667,2.173333
0.977893,2.160000,2.166667
0.978294,2.240000,2.153333
0.978695,2.166667,2.120000
0.979097,2.226666,2.080000
0.979498,2.186667,2.086667
0.979900,2.146667,2.073333
0.980301,2.160000,2.086667
0.980703,2.146667,2.086667
0.981105,2.120000,2.080000
0.981507,2.106667,2.026667
0.981908,2.140000,2.020000
0.982310,2.086667,1.906667
0.982712,2.073333,1.946667
0.983114,2.093333,1.946667
0.983515,2.066667,1.973333
0.983916,2.026667,1.913333
0.984317,2.020000,1.933333
0.984719,1.960000,1.906667
0.985120,1.980000,1.906667
0.985522,1.973333,1.900000
0.985924,1.933333,1.860000
0.986327,1.960000,1.740000
0.986728,1.820000,1.846667
0.987129,1.913333,1.846667
0.987530,1.900000,1.800000
0.987931,1.880000,1.820000
0.988334,1.980000,1.806667
0.988735,1.893333,1.773333
0.989136,1.826667,1.746667
0.989537,1.826667,1.740000
0.989939,1.866667,1.720000
0.990340,1.706667,1.700000
0.990741,1.753333,1.726667
0.991142,1.833333,1.726667
0.991543,1.846667,1.686667
0.991945,1.773333,1.706667
0.992346,1.733333,1.653333
0.992748,1.753333,1.660000
0.993149,1.726667,1.646667
0.993550,1.706667,1.646667
0.993951,1.720000,1.733333
0.994354,1.666667,1.653333
0.994756,1.680000,1.593333
0.995157,1.713333,1.573333
0.995558,1.640000,1.573333
0.995960,1.640000,1.553333
0.996362,1.573333,1.513333
0.996763,1.613333,1.546667
0.997164,1.566667,1.500000
0.997566,1.593333,1.520000
0.997968,1.560000,1.486667
0.998369,1.593333,1.473333
0.998772,1.546667,1.406667
0.999173,1.506667,1.453333
0.999574,1.486667,1.453333
0.999976,1.500000,1.433333
1.000377,1.486667,1.546667
1.000779,1.493333,1.400000
1.001180,1.453333,1.386667
1.001581,1.400000,1.380000
1.001982,1.473333,1.393333
1.002385,1.446667,1.386667
1.002786,1.400000,1.280000
1.003189,1.386667,1.333333
1.003590,1.386667,1.386667
1.003991,1.426667,1.160000
1.004393,1.380000,1.320000
1.004794,1.273333,1.286667
1.005196,1.346667,1.206667
1.005597,1.353333,1.306667
1.006000,1.320000,1.240000
1.006403,1.320000,1.300000
1.006805,1.313333,1.266667
1.007207,1.293333,1.206667
1.007608,1.286667,1.220000
1.008010,1.273333,1.213333
1.008411,1.240000,1.306667
1.008813,1.220000,1.200000
1.009214,1.220000,1.266667
1.009616,1.220000,1.193333
1.010018,1.226667,1.160000
1.010421,1.246667,1.160000
1.010822,1.206667,1.153333
1.011223,1.206667,1.160000
1.011625,1.186667,1.126667
1.012026,1.180000,1.120000
1.012428,1.120000,1.300000
1.012829,1.153333,1.120000
1.013230,1.146667,1.033333
1.013631,1.140000,1.066667
1.014032,1.113333,1.073333
1.014435,1.106667,1.046667
1.014836,1.113333,1.066667
1.015237,1.066667,1.086667
1.015638,1.053333,1.040000
1.016040,1.060000,1.086667
1.016441,1.060000,1.026667
1.016842,1.053333,1.013333
1.017244,1.000000,0.973333
1.017645,1.033333,0.946667
1.018046,1.033333,0.973333
1.018447,1.000000,0.966667
1.018848,0.966667,0.946667
1.019249,0.966667,0.946667
1.019651,0.966667,0.946667
1.020052,0.973333,0.946667
1.020453,0.953333,0.946667
1.020854,0.946667,0.946667
1.021255,0.946667,0.946667
1.021657,0.986667,0.946667
1.022058,0.953333,0.946667
1.022459,0.946667,0.946667
1.022860,0.946667,0.946667
1.023263,0.946667,0.946667
1.023664,0.993333,0.946667
1.024065,0.946667,0.946667
1.024468,0.946667,0.946667
1.024869,0.946667,1.000000
1.025270,0.946667,0.946667
1.025671,0.946667,0.946667
1.026074,0.946667,0.946667
1.026475,0.946667,0.946667
1.026876,0.946667,0.946667
1.027279,0.946667,0.946667
1.027680,0.946667,0.946667
1.028082,0.946667,0.946667
1.028484,1.020000,0.946667
1.028887,0.946667,0.946667
1.029289,0.946667,0.946667
1.029690,0.946667,0.946667
1.030091,0.946667,0.946667
1.030492,0.946667,0.946667
1.030893,0.946667,0.946667
1.031295,0.946667,0.946667
1.031697,0.946667,0.946667
1.032098,0.946667,0.946667
1.032499,0.946667,0.946667
1.032901,0.946667,0.946667
1.033303,0.946667,0.946667
1.033704,0.946667,0.946667
1.034105,0.946667,0.946667
1.034507,0.946667,0.946667
1.034909,0.946667,0.946667
1.035310,0.946667,0.946667
1.035711,0.946667,0.946667
1.036112,0.946667,0.946667
1.036513,0.946667,0.946667
1.036914,0.946667,0.946667
1.037316,0.946667,0.946667
1.037717,0.946667,0.946667
1.038118,0.946667,0.946667
1.038519,0.946667,0.946667
1.038921,0.946667,0.946667
1.039322,0.946667,0.946667
1.039724,0.946667,0.946667
1.040126,0.946667,0.946667
1.040527,0.946667,0.946667
1.040928,0.946667,0.946667
1.041329,0.946667,0.946667
1.041731,0.946667,0.946667
1.042132,0.946667,0.946667
1.042533,0.946667,0.946667
1.042935,0.946667,0.946667
1.043336,0.946667,0.946667
1.043738,0.946667,0.946667
1.044139,0.946667,0.946667
1.044542,0.946667,0.946667
1.044944,0.946667,0.946667
1.045346,0.946667,0.946667
1.045747,0.946667,0.946667
1.046148,0.946667,0.946667
1.046549,0.946667,0.946667
1.046950,0.946667,0.946667
1.047351,0.946667,0.946667
1.047753,0.946667,0.946667
1.048155,0.946667,0.946667
1.048556,0.946667,0.946667
1.048957,0.946667,0.946667
1.049358,0.946667,0.946667
1.049759,0.946667,0.946667
1.050161,0.946667,0.946667
1.050562,0.946667,0.946667
1.050963,0.946667,0.946667
1.051364,0.946667,0.946667
1.051766,0.946667,0.946667
1.052167,0.946667,0.946667
1.052568,0.946667,0.946667
1.052969,0.946667,0.946667
1.053370,0.946667,0.946667
1.053773,0.946667,0.946667
1.054174,0.946667,0.946667
1.054575,0.946667,0.946667
1.054976,0.946667,0.946667
1.055377,0.946667,0.946667
1.055779,0.946667,0.946667
1.056180,0.946667,0.946667
1.056581,0.946667,0.946667
1.056982,0.946667,0.946667
1.057383,0.946667,0.946667
1.057785,0.946667,0.946667
1.058187,0.946667,0.946667
1.058589,0.946667,0.946667
1.058991,0.946667,0.946667
1.059392,0.946667,0.946667
1.059793,0.946667,0.946667
1.060194,0.946667,0.946667
1.060597,0.946667,0.946667
1.060998,0.946667,0.946667
1.061401,0.946667,0.946667
1.061802,0.946667,0.946667
1.062203,0.946667,0.946667
1.062606,0.946667,0.946667
1.063008,0.946667,0.946667
1.063410,0.946667,0.946667
1.063812,0.946667,0.946667
1.064213,0.946667,0.946667
1.064614,0.946667,0.946667
1.065015,0.946667,0.946667
1.065416,0.946667,0.946667
1.065818,0.946667,0.946667
1.066219,0.946667,0.946667
1.066621,0.946667,0.946667
1.067022,0.946667,0.946667
1.067423,0.946667,0.946667
1.067825,0.946667,0.946667
1.068226,0.946667,0.946667
1.068628,0.946667,0.946667
1.069029,0.946667,0.946667
1.069430,0.946667,0.946667
1.069832,0.946667,0.946667
1.070235,0.946667,0.946667
1.070637,0.946667,0.946667
1.071038,0.946667,0.946667
1.071440,0.946667,0.946667
1.071841,0.946667,0.946667
1.072242,0.946667,0.946667
1.072643,0.946667,0.946667
1.073045,0.946667,0.946667
1.073446,0.946667,0.946667
1.073847,0.946667,0.946667
1.074248,0.946667,0.946667
1.074650,0.946667,0.946667
1.075052,0.946667,0.946667
1.075454,0.946667,0.946667
1.075855,0.946667,0.946667
1.076257,0.946667,0.946667
1.076658,0.946667,0.946667
1.077060,0.946667,0.946667
1.077461,0.946667,0.946667
1.077862,0.946667,0.946667
1.078264,0.946667,0.946667
1.078665,0.946667,0.946667
1.079066,0.946667,0.946667
1.079468,0.946667,0.946667
1.079869,0.946667,0.946667
1.080271,0.946667,0.946667
1.080672,0.946667,0.946667
1.081073,0.946667,0.946667
1.081475,0.946667,0.946667
1.081876,0.946667,0.946667
1.082277,0.946667,0.946667
1.082679,0.946667,0.946667
1.083081,0.946667,0.946667
1.083482,0.946667,0.946667
1.083884,0.946667,0.946667
1.084287,0.946667,0.946667
1.084688,0.946667,0.946667
1.085090,0.946667,0.946667
1.085491,0.946667,0.946667
1.085893,0.946667,0.946667
1.086295,0.946667,0.946667
1.086696,0.946667,0.946667
1.087097,0.946667,0.946667
1.087499,0.946667,0.946667
1.087901,0.946667,0.946667
1.088302,0.946667,0.946667
1.088704,0.946667,0.946667
1.089105,0.946667,0.946667
1.089506,0.946667,0.946667
1.089907,0.946667,0.946667
1.090308,0.946667,0.946667
1.090709,0.946667,0.946667
1.091110,0.946667,0.946667
1.091511,0.946667,0.946667
1.091913,0.946667,0.946667
1.092314,0.946667,0.946667
1.092716,0.946667,0.946667
1.093117,0.946667,0.946667
1.093519,0.946667,0.946667
1.093921,0.946667,0.946667
1.094322,0.946667,0.946667
1.094723,0.946667,0.946667
1.095124,0.946667,0.946667
1.095527,0.946667,0.946667
1.095929,0.946667,0.946667
1.096330,0.946667,0.946667
1.096732,0.946667,0.946667
1.097134,0.946667,0.946667
1.097535,0.946667,0.946667
1.097937,0.946667,0.946667
1.098338,0.946667,0.946667
1.098739,0.946667,0.946667
1.099141,0.946667,0.946667
1.099543,0.946667,0.946667
1.099946,0.946667,0.946667
1.100347,0.946667,0.946667
1.100748,0.946667,0.946667
1.101150,0.946667,0.946667
1.101551,0.946667,0.946667
1.101952,0.946667,0.946667
1.102353,0.946667,0.946667
1.102754,0.946667,0.946667
1.103156,0.946667,0.946667
1.103557,0.946667,0.946667
1.103958,0.946667,0.946667
1.104361,0.946667,0.946667
1.104762,0.946667,0.946667
1.105163,0.946667,0.946667
1.105564,0.946667,0.946667
1.105966,0.946667,0.946667
1.106369,0.946667,0.946667
1.106773,0.946667,0.946667
1.107174,0.946667,0.946667
1.107576,0.946667,0.946667
1.107978,0.946667,0.946667
1.108379,0.946667,0.946667
1.108780,0.946667,0.946667
1.109181,0.946667,0.946667
1.109583,0.946667,0.946667
1.109984,0.946667,0.946667
1.110385,0.946667,0.946667
1.110786,0.946667,0.946667
1.111187,0.946667,0.946667
1.111588,0.946667,0.946667
1.111989,0.946667,0.946667
1.112390,0.946667,0.946667
1.112792,0.946667,0.946667
1.113193,0.946667,0.946667
1.113594,0.946667,0.946667
1.113996,0.946667,0.946667
1.114399,0.946667,0.946667
1.114800,0.946667,0.946667
1.115201,0.946667,0.946667
1.115602,0.946667,0.946667
1.116004,0.946667,0.946667
1.116406,0.946667,0.946667
1.116807,0.946667,0.946667
1.117208,0.946667,0.946667
1.117609,0.946667,0.946667
1.118010,0.946667,0.946667
1.118412,0.946667,0.946667
1.118813,0.946667,0.946667
1.119214,0.946667,0.946667
1.119615,0.946667,0.946667
1.120016,0.946667,0.946667
1.120417,0.946667,0.946667
1.120819,0.946667,0.946667
1.121220,0.946667,0.946667
1.121622,0.946667,0.946667
1.122023,0.946667,0.946667
1.122426,0.946667,0.946667
1.122827,0.946667,0.946667
1.123229,0.946667,0.946667
1.123630,0.946667,0.946667
1.124031,0.946667,0.946667
1.124434,0.946667,0.946667
1.124835,0.946667,0.946667
1.125237,0.946667,0.946667
1.125638,0.946667,0.946667
1.126039,0.946667,0.946667
1.126441,0.946667,0.946667
1.126842,0.946667,0.946667
1.127243,0.946667,0.946667
1.127644,0.946667,0.946667
1.128045,0.946667,0.946667
1.128447,0.946667,0.946667
1.128848,0.946667,0.946667
1.129250,0.946667,0.946667
1.129652,0.946667,0.946667
1.130054,0.946667,0.946667
1.130456,0.946667,0.946667
1.130859,0.946667,0.946667
1.131260,0.946667,0.946667
1.131661,0.946667,0.946667
1.132062,0.946667,0.946667
1.132463,0.946667,0.946667
1.132866,0.946667,0.946667
1.133267,0.946667,0.946667
1.133668,0.946667,0.946667
1.134069,0.946667,0.946667
1.134470,0.946667,0.946667
1.134872,0.946667,0.946667
1.135274,0.946667,0.946667
1.135676,0.946667,0.946667
1.136077,0.946667,0.946667
1.136478,0.946667,0.946667
1.136880,0.946667,0.946667
1.137281,0.946667,0.946667
1.137683,0.946667,0.946667
1.138084,0.946667,0.946667
1.138487,0.946667,0.946667
1.138888,0.946667,0.946667
1.139290,0.946667,0.946667
1.139691,0.946667,0.946667
1.140093,0.946667,0.946667
1.140494,0.946667,0.946667
1.140895,0.946667,0.946667
1.141297,0.946667,0.946667
1.141698,0.946667,0.946667
1.142099,0.946667,0.946667
1.142501,0.980000,0.946667
1.142902,0.953333,1.060000
1.143305,0.993333,0.946667
1.143706,0.993333,0.946667
1.144107,0.953333,0.946667
1.144508,0.973333,0.946667
1.144909,1.026667,0.960000
1.145310,1.020000,0.946667
1.145711,1.033333,0.973333
1.146112,1.053333,0.993333
1.146513,1.033333,0.960000
1.146914,1.040000,1.000000
1.147316,1.100000,1.033333
1.147717,1.073333,1.000000
1.148118,1.060000,1.053333
1.148520,1.040000,1.033333
1.148922,1.093333,1.046667
1.149323,1.153333,1.046667
1.149724,1.060000,1.060000
1.150125,1.253333,1.113333
1.150526,1.133333,1.140000
1.150928,1.146667,1.093333
1.151330,1.166667,0.960000
1.151731,1.160000,1.066667
1.152132,1.193333,1.160000
1.152533,1.066667,1.140000
1.152935,1.206667,1.186667
1.153336,1.213333,1.133333
1.153737,1.206667,1.160000
1.154138,1.226667,1.186667
1.154539,1.266667,1.206667
1.154940,1.266667,1.200000
1.155343,1.286667,1.206667
1.155744,1.246667,1.226667
1.156146,1.286667,1.240000
1.156547,1.293333,1.246667
1.156948,1.300000,1.393333
1.157349,1.286667,1.246667
1.157751,1.313333,1.266667
1.158152,1.340000,1.300000
1.158553,1.340000,1.206667
1.158955,1.366667,1.300000
1.159357,1.380000,1.306667
1.159758,1.386667,1.366667
1.160160,1.393333,1.306667
1.160561,1.406667,1.346667
1.160962,1.406667,1.373333
1.161363,1.433333,1.360000
1.161765,1.420000,1.386667
1.162166,1.426667,1.386667
1.162568,1.486667,1.400000
1.162969,1.300000,1.393333
1.163370,1.506667,1.366667
1.163772,1.506667,1.420000
1.164174,1.533333,1.466667
1.164575,1.520000,1.460000
1.164977,1.546667,1.413333
1.165379,1.553333,1.493333
1.165780,1.600000,1.480000
1.166181,1.566667,1.526667
1.166582,1.573333,1.486667
1.166984,1.546667,1.553333
1.167386,1.626667,1.546667
1.167787,1.633333,1.560000
1.168189,1.640000,1.560000
1.168591,1.653333,1.573333
1.168994,1.686667,1.560000
1.169395,1.673333,1.593333
1.169797,1.700000,1.633333
1.170198,1.706667,1.646667
1.170599,1.733333,1.646667
1.171000,1.740000,1.673333
1.171402,1.746667,1.706667
1.171803,1.733333,1.640000
1.172205,1.886667,1.666667
1.172607,1.786667,1.720000
1.173009,1.820000,1.700000
1.173410,1.820000,1.733333
1.173812,1.853333,1.706667
1.174213,1.800000,1.906667
1.174616,1.840000,1.766667
1.175018,1.900000,1.800000
1.175419,1.900000,1.393333
1.175820,1.893333,1.766667
1.176221,1.906667,1.820000
1.176623,1.926667,1.820000
1.177024,1.933333,1.846667
1.177425,1.920000,1.853333
1.177826,1.966667,1.860000
1.178227,1.966667,1.906667
1.178628,2.000000,1.893333
1.179029,1.973333,1.846667
1.179430,2.000000,1.880000
1.179832,2.133333,1.993333
1.180233,2.113333,1.960000
1.180634,2.100000,1.973333
1.181040,2.073333,1.980000
1.181441,2.093333,2.000000
1.181842,2.093333,2.006667
1.182243,2.186667,2.006667
1.182644,2.133333,2.073333
1.183045,2.166667,2.260000
1.183448,2.260000,2.060000
1.183849,2.160000,2.086667
1.184250,2.186667,2.060000
1.184651,2.213333,2.093333
1.185053,2.246667,2.086667
1.185454,2.206667,1.913333
1.185855,2.260000,2.166667
1.186257,2.273333,2.173333
1.186658,2.260000,2.160000
1.187060,2.286667,2.160000
1.187461,2.280000,2.200000
1.187862,2.273333,2.226666
1.188263,2.286667,2.253333
1.188664,2.366667,2.260000
1.189066,2.413333,2.286667
1.189467,2.366667,2.300000
1.189868,2.400000,2.280000
1.190269,2.433333,2.313333
1.190671,2.513333,2.460000
1.191073,2.453333,2.260000
1.191474,2.460000,2.353333
1.191875,2.466667,2.360000
1.192276,2.486667,2.380000
1.192678,2.546667,2.373333
1.193079,2.540000,2.380000
1.193480,2.566667,2.426666
1.193882,2.560000,2.406667
1.194283,2.566667,2.433333
1.194685,2.580000,2.460000
1.195086,2.626667,2.506666
1.195487,2.633333,2.520000
1.195889,2.633333,2.533333
1.196290,2.653333,2.433333
1.196691,2.653333,2.526667
1.197092,2.693333,2.580000
1.197494,2.713333,2.613333
1.197895,2.786667,2.613333
1.198296,2.680000,2.593333
1.198698,2.766667,2.646667
1.199099,2.786667,2.693333
1.199500,2.753333,2.493333
1.199901,2.800000,2.666667
1.200304,2.833333,3.166667
1.200706,2.853333,2.706666
1.201108,2.846667,2.733333
1.201510,2.900000,2.740000
1.201911,2.886667,2.753333
1.202314,2.886667,2.786667
1.202716,2.933333,2.813333
1.203117,2.953333,2.793333
1.203518,2.946667,2.800000
1.203920,2.920000,2.820000
1.204321,2.993333,2.860000
1.204722,3.000000,2.873333
1.205123,2.986667,3.040000
1.205524,3.040000,2.913333
1.205926,3.066667,2.913333
1.206327,3.060000,2.913333
1.206729,3.066667,2.966666
1.207130,3.113333,2.960000
1.207532,3.126667,2.986667
1.207933,3.153333,2.993333
1.208335,3.073333,3.013333
1.208736,3.166667,3.046667
1.209138,3.206667,3.073333
1.209539,3.206667,3.093333
1.209940,3.260000,3.100000
1.210341,3.333333,3.120000
1.210744,3.286667,3.100000
1.211146,3.293333,3.140000
1.211547,3.313333,3.146667
1.211948,3.313333,3.153333
1.212350,3.326667,3.173333
1.212752,3.400000,3.200000
1.213153,3.400000,3.140000
1.213555,3.400000,3.280000
1.213956,3.453333,3.246666
1.214357,3.440000,3.253333
1.214759,3.406667,3.313333
1.215160,3.560000,3.300000
1.215561,3.480000,3.120000
1.215963,3.506667,3.493333
1.216364,3.520000,3.360000
1.216766,3.593333,3.380000
1.217167,3.553333,3.286667
1.217568,3.580000,3.406667
1.217969,3.593333,3.460000
1.218370,3.606667,3.466666
1.218773,3.633333,3.453333
1.219174,3.653333,3.486667
1.219575,3.626667,3.493333
1.219977,3.673333,3.486667
1.220378,3.713333,3.480000
1.220779,3.680000,3.660000
1.221181,3.740000,3.486667
1.221582,3.820000,3.593333
1.221983,3.786667,3.593333
1.222384,3.786667,3.613333
1.222786,3.873333,3.646667
1.223187,3.880000,3.666667
1.223589,3.886667,3.660000
1.223990,3.893333,3.693333
1.224393,3.713333,3.713333
1.224794,3.973333,3.713333
1.225195,3.940000,4.040000
1.225597,3.986666,3.746666
1.225998,4.013333,3.833333
1.226400,4.000000,3.853333
1.226801,4.020000,3.833333
1.227202,4.060000,3.833333
1.227604,4.086667,3.713333
1.228006,4.113333,3.920000
1.228407,4.146667,3.913333
1.228808,4.240000,3.933333
1.229209,4.160000,3.986666
1.229610,4.180000,4.000000
1.230011,4.200000,3.993333
1.230412,4.186666,4.020000
1.230814,4.213334,4.060000
1.231215,4.253333,4.086667
1.231617,4.293333,4.080000
1.232019,4.293333,4.106667
1.232420,4.346667,4.113333
1.232821,4.353333,4.240000
1.233223,4.353333,4.173333
1.233625,4.393333,4.180000
1.234027,4.386666,4.186666
1.234428,4.426666,4.186666
1.234829,4.406667,4.226666
1.235232,4.440000,4.246667
1.235634,4.460000,4.266666
1.236039,4.506667,4.300000
1.236440,4.520000,4.320000
1.236841,4.540000,4.326666
1.237244,4.540000,4.353333
1.237646,4.553333,4.360000
1.238047,4.586667,4.393333
1.238449,4.620000,4.480000
1.238850,4.640000,4.420000
1.239253,4.606667,4.440000
1.239654,4.693333,4.466667
1.240056,4.706666,4.540000
1.240457,4.686666,4.506667
1.240859,4.760000,4.486666
1.241260,4.753333,4.560000
1.241661,4.886666,4.566667
1.242062,4.893333,4.573333
1.242464,4.820000,4.620000
1.242867,4.846666,4.646667
1.243268,4.860000,4.640000
1.243669,4.900000,4.640000
1.244070,4.893333,4.686666
1.244471,4.913333,4.713333
1.244873,4.920000,4.706666
1.245274,4.973333,4.726666
1.245675,4.980000,4.833333
1.246076,5.006667,4.760000
1.246479,5.053333,4.693333
1.246880,5.060000,4.800000
1.247281,5.040000,4.573333
1.247683,5.080000,4.873333
1.248084,5.173333,4.886666
1.248485,5.133333,4.886666
1.248887,5.320000,4.933333
1.249290,5.220000,4.906667
1.249691,5.233334,4.960000
1.250093,5.073333,4.986667
1.250495,5.273333,4.993333
1.250897,5.253333,5.040000
1.251298,5.286666,5.060000
1.251699,5.306666,5.060000
1.252100,5.340000,5.133333
1.252501,5.373333,5.093333
1.252902,5.393333,5.146667
1.253304,5.413333,5.220000
1.253706,5.420000,5.166667
1.254107,5.473333,5.160000
1.254508,5.466667,5.146667
1.254909,5.526667,5.186666
1.255310,5.520000,5.346666
1.255711,5.526667,5.273333
1.256112,5.566667,5.286666
1.256513,5.566667,5.333333
1.256914,5.600000,5.333333
1.257315,5.620000,5.426667
1.257717,5.820000,5.440000
1.258118,5.680000,5.400000
1.258519,5.733333,5.420000
1.258920,5.720000,5.426667
1.259321,5.800000,5.453333
1.259723,5.760000,5.500000
1.260125,5.786666,5.520000
1.260526,5.806666,5.506666
1.260928,5.846666,5.573333
1.261329,5.840000,5.526667
1.261731,5.926667,5.586667
1.262132,5.906666,5.586667
1.262534,5.973333,5.620000
1.262935,5.933333,5.640000
1.263336,5.980000,5.680000
1.263738,5.993333,5.700000
1.264140,6.006667,5.726667
1.264541,6.033333,5.753333
1.264942,6.060000,5.760000
1.265345,6.060000,5.760000
1.265747,6.066667,5.846666
1.266149,6.113333,5.853333
1.266550,6.146667,6.266666
1.266951,6.180000,5.940000
1.267353,6.180000,5.886667
1.267754,6.206666,5.940000
1.268155,6.233333,5.973333
1.268556,6.273333,5.973333
1.268957,6.366666,5.973333
1.269360,6.300000,6.020000
1.269761,6.300000,5.993333
1.270163,6.346667,6.053333
1.270564,6.380000,6.080000
1.270967,6.426666,6.106667
1.271368,6.466667,6.113333
1.271773,6.440000,6.113333
1.272174,6.480000,6.173333
1.272575,6.500000,6.220000
1.272976,6.520000,6.206666
1.273377,6.520000,6.226666
1.273779,6.580000,6.066667
1.274180,6.560000,6.280000
1.274581,6.726666,6.273333
1.274983,6.713333,6.326666
1.275384,6.686666,6.340000
1.275786,6.713333,6.426666
1.276187,6.746666,6.380000
1.276588,6.773334,6.426666
1.276989,6.766666,6.406667
1.277390,6.806667,6.466667
1.277792,6.840000,6.466667
1.278193,6.860000,6.486667
1.278594,6.893333,6.486667
1.278996,6.866666,6.513333
1.279397,6.933333,6.546667
1.279799,6.933333,6.633333
1.280200,6.960000,6.546667
1.280601,6.986666,6.686666
1.281003,6.993333,6.466667
1.281406,7.006667,6.666667
1.281807,7.073333,6.713333
1.282208,6.973333,6.760000
1.282610,7.153333,6.973333
1.283011,7.133334,6.813333
1.283413,7.266667,6.840000
1.283814,7.153333,6.373333
1.284216,7.213333,6.886666
1.284618,7.246666,6.893333
1.285020,7.246666,6.900000
1.285421,7.353333,6.940000
1.285822,7.300000,6.926667
1.286224,7.333333,7.000000
1.286625,7.353333,7.046667
1.287026,7.353333,6.986666
1.287429,7.433333,7.013333
1.287831,7.400000,7.046667
1.288232,7.380000,7.086666
1.288633,7.466667,7.140000
1.289035,7.493333,7.140000
1.289436,7.553333,7.160000
1.289837,7.540000,7.193333
1.290239,7.546666,7.226666
1.290640,7.540000,7.166667
1.291041,7.700000,7.200000
1.291443,7.640000,7.286667
1.291845,7.620000,7.353333
1.292246,7.693334,7.306666
1.292648,7.706666,7.340000
1.293049,7.740000,7.406666
1.293450,7.760000,7.386667
1.293851,7.793334,7.386667
1.294253,7.813334,7.413333
1.294654,7.860000,7.353333
1.295056,7.866666,7.573333
1.295457,7.913333,7.440000
1.295859,7.893333,7.513333
1.296260,7.966667,7.566667
1.296661,7.966667,7.620000
1.297062,7.980000,7.540000
1.297465,8.040000,7.613333
1.297866,8.033334,7.653333
1.298267,8.059999,7.666667
1.298669,8.126666,7.686666
1.299071,8.073333,7.720000
1.299472,8.133333,7.713333
1.299873,8.139999,7.866666
1.300274,8.179999,7.793334
1.300676,8.220000,7.813334
1.301077,8.226666,7.800000
1.301479,8.280000,7.866666
1.301880,8.320000,7.413333
1.302281,8.306666,7.940000
1.302682,8.353333,7.946667
1.303083,8.340000,7.966667
1.303484,8.386666,8.000000
1.303886,8.413333,8.006666
1.304287,8.413333,7.953333
1.304688,8.446666,8.040000
1.305089,8.473333,8.086667
1.305490,8.506666,8.086667
1.305893,8.520000,8.120000
1.306294,8.500000,8.160000
1.306696,8.599999,8.153334
1.307098,8.666666,8.213333
1.307499,8.660000,8.233334
1.307901,8.673333,8.253333
1.308302,8.686666,8.273334
1.308703,8.726666,8.293333
1.309104,8.726666,8.320000
1.309505,8.740000,8.313333
1.309907,8.740000,8.373333
1.310308,8.793333,8.333333
1.310710,8.826667,8.393332
1.311112,8.853333,8.453333
1.311513,8.900000,8.473333
1.311914,8.900000,8.493334
1.312315,8.920000,8.486667
1.312717,9.020000,8.506666
1.313118,8.986667,8.626667
1.313519,8.986667,8.639999
1.313921,8.986667,8.393332
1.314322,9.073333,8.620000
1.314723,9.073333,8.626667
1.315125,9.093333,8.666666
1.315526,9.113333,8.753333
1.315928,9.146667,8.713333
1.316329,9.186666,8.660000
1.316731,9.200000,8.740000
1.317132,9.213333,8.693334
1.317534,9.260000,8.780000
1.317935,9.280000,8.826667
1.318338,9.293333,8.853333
1.318739,9.286667,8.880000
1.319140,9.333333,8.906666
1.319541,9.346666,8.886666
1.319942,9.393333,9.000000
1.320343,9.460000,8.933333
1.320744,9.460000,9.000000
1.321146,9.559999,9.026667
1.321548,9.533333,9.073333
1.321949,9.559999,9.093333
1.322350,9.606667,9.126666
1.322751,9.613334,9.153334
1.323152,9.620000,9.120000
1.323553,9.626666,9.200000
1.323954,9.613334,9.260000
1.324355,9.680000,9.193333
1.324757,9.740000,9.186666
1.325159,9.860000,9.226666
1.325561,9.780000,9.280000
1.325962,9.806666,9.320000
1.326364,9.826666,9.346666
1.326766,9.846666,9.346666
1.327168,9.866667,9.346666
1.327569,9.946667,9.346666
1.327970,9.953333,9.460000
1.328371,9.959999,9.480000
1.328773,9.959999,9.513333
1.329174,9.980000,9.540000
1.329575,10.040000,9.586666
1.329976,10.059999,9.626666
1.330379,10.120000,9.600000
1.330780,10.020000,9.566666
1.331181,10.140000,9.613334
1.331582,10.260000,9.613334
1.331983,10.153333,9.700000
1.332385,10.113333,9.733334
1.332786,10.206667,9.740000
1.333187,10.066667,9.766666
1.333588,10.353333,9.800000
1.333989,10.299999,9.820000
1.334390,10.326667,9.833333
1.334792,10.366666,9.880000
1.335193,10.386666,9.893332
1.335594,10.406667,9.920000
1.335995,10.480000,9.940001
1.336397,10.526667,9.973333
1.336799,10.493333,9.966666
1.337200,10.493333,9.980000
1.337601,10.520000,9.906666
1.338002,10.559999,10.053333
1.338403,10.593333,10.053333
1.338805,10.613333,10.386666
1.339208,10.633333,10.126667
1.339609,10.700000,10.140000
1.340010,10.666667,10.179999
1.340411,10.600000,10.226666
1.340812,10.720000,10.226666
1.341213,10.753333,10.246666
1.341614,10.780000,10.286666
1.342016,10.840000,10.320000
1.342419,10.866667,10.320000
1.342820,10.860000,10.346666
1.343221,10.866667,10.353333
1.343623,10.913333,10.400000
1.344025,10.933333,10.413333
1.344427,10.946666,10.406667
1.344828,10.986667,10.460000
1.345229,10.993334,10.426666
1.345631,11.020000,10.500000
1.346033,11.040000,10.526667
1.346435,11.113334,10.413333
1.346836,11.106667,10.580000
1.347237,11.120000,10.593333
1.347638,11.166666,10.613333
1.348039,11.180000,10.639999
1.348440,11.213333,10.653334
1.348841,11.219999,10.679999
1.349243,11.333333,10.720000
1.349645,11.286666,10.746666
1.350046,11.320000,10.746666
1.350448,11.440000,10.759999
1.350849,11.360000,10.813333
1.351250,11.313334,10.826666
1.351651,11.386666,10.933333
1.352052,11.426666,10.913333
1.352454,11.500000,10.553332
1.352855,11.486667,10.940000
1.353256,11.513333,10.940000
1.353658,11.580000,10.840000
1.354059,11.626666,11.013332
1.354461,11.559999,10.940000
1.354862,11.580000,11.093333
1.355263,11.620000,11.113334
1.355664,11.666666,11.053333
1.356066,11.740000,11.120000
1.356468,11.720000,11.120000
1.356869,11.706667,11.173333
1.357271,11.793333,11.193334
1.357672,11.713333,11.206666
1.358073,11.733333,11.266666
1.358474,11.820000,11.233333
1.358876,11.846666,11.320000
1.359278,11.886666,11.300000
1.359679,11.893333,11.366667
1.360080,11.886666,11.366667
1.360481,11.973333,11.366667
1.360882,11.986667,11.580000
1.361284,11.986667,11.366667
1.361685,12.020000,11.426666
1.362086,12.040000,11.460000
1.362488,12.093333,11.493333
1.362889,12.080000,11.513333
1.363291,12.093333,11.626666
1.363692,12.133333,11.573333
1.364093,12.113334,11.580000
1.364494,12.219999,11.820000
1.364895,12.240000,11.633333
1.365296,12.173333,11.686666
1.365698,12.326666,11.726666
1.366099,12.333333,11.253333
1.366501,12.373333,11.366667
1.366902,12.380000,11.766666
1.367303,12.393332,11.780000
1.367704,12.413333,11.786667
1.368105,12.420000,11.806666
1.368508,12.433333,11.853333
1.368910,12.480000,11.846666
1.369311,12.520000,11.813333
1.369712,12.533333,11.906667
1.370114,12.546666,11.933332
1.370515,12.540000,11.893333
1.370916,12.593333,11.999999
1.371317,12.599999,12.033333
1.371718,12.626667,12.086666
1.372120,12.786666,12.040000
1.372521,12.679999,12.006666
1.372922,12.733333,12.086666
1.373323,12.786666,12.120000
1.373725,12.806666,12.139999
1.374126,12.806666,12.213333
1.374527,12.833333,12.126666
1.374928,12.886666,12.213333
1.375329,12.840000,12.339999
1.375731,12.873333,12.253333
1.376133,12.913333,12.273333
1.376534,12.926666,12.313334
1.376935,12.866666,12.339999
1.377336,12.960000,12.346666
1.377738,12.980000,12.406666
1.378140,13.059999,12.420000
1.378542,13.066667,12.426666
1.378943,13.086667,12.546666
1.379346,13.146667,12.493333
1.379747,13.120000,12.506667
1.380148,13.160000,12.706667
1.380549,13.139999,12.526666
1.380950,13.233334,12.580000
1.381353,13.286667,12.586666
1.381754,13.266666,12.606667
1.382155,13.233334,12.613333
1.382556,13.293333,12.666666
1.382958,13.313333,12.700000
1.383360,13.339999,12.686666
1.383761,13.473332,12.740000
1.384163,13.386665,12.766666
1.384564,13.413334,12.766666
1.384965,13.426666,12.793333
1.385368,13.500000,12.833333
1.385773,13.486667,12.860000
1.386174,13.480000,12.873333
1.386575,13.573333,12.893333
1.386976,13.526667,12.906667
1.387377,13.599999,12.933333
1.387779,13.613334,12.946667
1.388180,13.586667,13.013333
1.388582,13.613334,12.946667
1.388983,13.646666,13.040000
1.389384,13.680000,13.040000
1.389786,13.759999,13.080000
1.390187,13.733333,13.106667
1.390588,13.700000,13.100000
1.390990,13.726666,13.126666
1.391391,13.806667,13.033334
1.391793,13.826666,13.173333
1.392194,13.820000,13.179999
1.392595,13.853333,13.206666
1.392996,13.860000,13.240000
1.393397,13.839999,13.273334
1.393799,13.933332,13.293333
1.394200,13.946667,13.293333
1.394601,13.986667,13.286667
1.395003,14.006667,13.346667
1.395404,14.020000,13.500000
1.395807,14.093333,13.400000
1.396208,14.106666,13.426666
1.396609,14.120000,13.440000
1.397011,14.113334,13.440000
1.397413,14.200001,13.559999
1.397814,14.173332,13.486667
1.398217,14.219999,13.506666
1.398618,14.206667,13.500000
1.399020,14.306665,13.593333
1.399421,14.266667,13.620000
1.399822,14.306665,13.526667
1.400223,14.286666,13.646666
1.400624,14.320000,13.639999
1.401026,14.346666,13.653334
1.401429,14.380000,13.606666
1.401831,14.400001,13.706666
1.402232,14.439999,13.720000
1.402633,14.459999,13.753333
1.403035,14.473333,13.773333
1.403436,14.493333,13.766666
1.403838,14.513333,13.820000
1.404239,14.533334,13.833333
1.404640,14.533334,13.833333
1.405041,14.586666,13.886666
1.405442,14.653333,13.906666
1.405843,14.653333,13.933332
1.406244,14.640000,13.860000
1.406646,14.626666,13.946667
1.407048,14.686666,13.820000
1.407450,14.653333,13.946667
1.407852,14.780000,14.033333
1.408255,14.759999,13.993333
1.408656,14.780000,14.053333
1.409058,14.826666,14.086666
1.409459,14.840000,14.113334
1.409860,14.833332,14.113334
1.410261,14.860001,14.173332
1.410663,14.873333,14.173332
1.411065,14.926667,14.180000
1.411466,14.926667,14.206667
1.411867,14.926667,14.253333
1.412268,14.946667,14.259999
1.412669,14.953333,14.293333
1.413070,14.953333,14.346666
1.413471,15.020000,14.353333
1.413872,15.020000,14.346666
1.414273,15.106667,14.353333
1.414674,15.166667,14.386666
1.415076,15.146667,14.439999
1.415477,15.173333,14.406667
1.415879,15.246666,14.446667
1.416282,15.213333,14.426666
1.416683,15.240000,14.506667
1.417084,15.253334,14.493333
1.417485,15.300000,14.526666
1.417887,15.293332,14.520000
1.418288,15.326667,14.559999
1.418690,15.333333,14.573334
1.419092,15.379999,14.606667
1.419494,15.366667,14.633332
1.419895,15.400000,14.600000
1.420296,15.446666,14.666667
1.420697,15.340000,14.679999
1.421099,15.486666,14.699999
1.421500,15.619999,14.726667
1.421901,15.500000,14.733334
1.422302,15.553332,14.793334
1.422704,15.500000,14.746666
1.423106,15.573333,14.800000
1.423508,15.586667,14.846666
1.423910,15.540000,14.866667
1.424312,15.639999,14.733334
1.424713,15.679999,14.899999
1.425114,15.673333,14.906667
1.425516,15.693334,14.953333
1.425918,15.740000,14.940000
1.426319,15.753332,14.933333
1.426720,15.773333,14.953333
1.427121,15.813333,14.953333
1.427523,15.740000,14.953333
1.427925,15.833333,14.953333
1.428326,15.853333,15.100000
1.428727,15.860000,15.093332
1.429128,15.906666,14.953333
1.429529,15.920000,15.179999
1.429930,15.933333,15.106667
1.430331,15.900000,15.246666
1.430733,15.973332,15.219999
1.431135,15.966666,15.219999
1.431536,16.066668,15.260000
1.431937,16.026667,15.320001
1.432338,16.080000,15.306666
1.432739,16.099998,14.833332
1.433141,16.053333,15.326667
1.433542,16.106665,15.366667
1.433943,16.133333,15.133333
1.434345,16.139999,15.379999
1.434746,16.226665,15.393333
1.435148,16.206667,15.386667
1.435549,16.166666,15.400000
1.435951,16.266666,15.446666
1.436352,16.273333,15.480000
1.436753,16.279999,15.480000
1.437154,16.286667,15.366667
1.437556,16.346666,15.520000
1.437957,16.373333,15.520000
1.438358,16.359999,15.566667
1.438759,16.393333,15.573333
1.439160,16.440001,15.599999
1.439561,16.460001,15.653334
1.439964,16.460001,15.700000
1.440365,16.480000,15.660000
1.440766,16.480000,15.379999
1.441167,16.480000,15.733333
1.441568,16.533333,15.746666
1.441969,16.460001,15.740000
1.442370,16.580000,15.746666
1.442773,16.606667,15.773333
1.443174,16.619999,15.773333
1.443575,16.633331,15.599999
1.443976,16.660000,15.753332
1.444377,16.680000,15.866667
1.444779,16.686666,15.913334
1.445180,16.713333,15.913334
1.445581,16.713333,15.913334
1.445982,16.700001,15.913334
1.446383,16.779999,15.933333
1.446785,16.773333,16.006666
1.447186,16.786665,15.960000
1.447587,16.786665,15.980000
1.447989,16.806665,16.039999
1.448390,16.820000,16.046667
1.448792,16.853334,16.066668
1.449193,16.913332,16.026667
1.449594,16.939999,16.106665
1.449996,16.866667,16.126665
1.450397,16.946667,16.119999
1.450799,16.926666,16.386665
1.451200,16.933332,16.146666
1.451601,16.933332,16.246666
1.452002,16.953333,16.160000
1.452403,16.980000,16.253332
1.452805,16.973333,16.066668
1.453207,17.000000,16.253332
1.453609,17.000000,16.253332
1.454010,17.039999,16.279999
1.454411,17.066666,16.219999
1.454813,17.073334,16.353333
1.455214,17.046665,16.366665
1.455615,17.093332,16.326666
1.456016,17.113333,16.373333
1.456418,17.139999,16.400000
1.456820,17.146666,16.539999
1.457221,17.179998,16.413332
1.457622,17.186666,16.446667
1.458023,17.199999,16.446667
1.458424,17.219999,16.453333
1.458826,17.153332,16.486666
1.459228,17.240000,16.499998
1.459630,17.266666,16.340000
1.460032,17.299999,16.553333
1.460434,17.293333,16.559999
1.460835,17.299999,16.646666
1.461236,17.333332,16.619999
1.461637,17.320000,16.680000
1.462038,17.340000,16.619999
1.462439,17.360001,16.706667
1.462840,17.366667,16.639999
1.463241,17.366667,16.693333
1.463643,17.406666,16.693333
1.464044,17.433332,16.719999
1.464446,17.226667,16.726667
1.464847,17.459999,16.740000
1.465249,17.473333,16.766666
1.465651,17.480000,16.619999
1.466052,17.559999,16.786665
1.466454,17.606667,16.826666
1.466855,17.419998,16.846666
1.467256,17.580000,16.806665
1.467658,17.586666,16.826666
1.468060,17.533333,16.820000
1.468462,17.626667,16.846666
1.468863,17.619999,16.886665
1.469264,17.666666,16.873333
1.469665,17.639999,16.886665
1.470066,17.673332,16.913332
1.470468,17.673332,16.906666
1.470869,17.699999,16.920000
1.471271,17.453333,16.953333
1.471672,17.740000,16.900000
1.472073,17.740000,16.959999
1.472475,17.753334,16.953333
1.472876,17.746666,16.986668
1.473278,17.820000,16.993334
1.473679,17.793333,16.993334
1.474081,17.920000,17.039999
1.474482,17.826666,17.066666
1.474883,17.799999,17.066666
1.475284,17.973333,17.113333
1.475685,17.846666,17.073334
1.476086,17.866667,17.059999
1.476487,17.886667,17.093332
1.476889,17.900000,17.106667
1.477291,17.939999,17.146666
1.477692,17.939999,17.120001
1.478095,17.920000,17.173332
1.478496,17.933332,17.153332
1.478898,18.046667,17.179998
1.479299,17.986666,17.186666
1.479700,17.993332,17.206667
1.480102,18.059999,17.213333
1.480503,18.026667,17.206667
1.480905,18.040001,17.219999
1.481307,18.053333,17.253334
1.481708,18.066666,17.266666
1.482109,18.053333,17.293333
1.482511,18.106667,17.306665
1.482913,18.079998,17.320000
1.483314,18.106667,17.539999
1.483715,18.193333,17.380001
1.484116,18.146666,17.333332
1.484517,18.153334,17.360001
1.484920,18.146666,17.346666
1.485321,18.153334,17.386667
1.485722,18.313334,17.393333
1.486124,18.199999,17.400000
1.486525,18.219999,17.400000
1.486927,18.233332,17.433332
1.487328,18.266666,17.459999
1.487729,18.219999,17.446667
1.488130,18.266666,17.533333
1.488531,18.286667,17.506666
1.488933,18.273333,17.500000
1.489334,18.306667,17.506666
1.489736,18.320000,17.500000
1.490138,18.306667,17.533333
1.490539,18.333332,17.593332
1.490941,18.373333,17.366667
1.491342,18.366667,17.526667
1.491744,18.379999,17.926666
1.492146,18.379999,17.613333
1.492548,18.400000,17.613333
1.492949,18.406666,17.613333
1.493350,18.413334,17.619999
1.493751,18.413334,17.673332
1.494153,18.420000,17.639999
1.494555,18.466665,17.786667
1.494956,18.500000,17.699999
1.495357,18.433334,17.660000
1.495758,18.500000,17.686666
1.496160,18.526667,17.686666
1.496562,18.513332,17.840000
1.496963,18.520000,17.713333
1.497365,18.526667,17.746666
1.497766,18.553333,17.746666
1.498167,18.553333,17.746666
1.498568,18.573334,17.766666
1.498969,18.559999,17.773333
1.499370,18.546667,17.799999
1.499772,18.586666,17.793333
1.500173,18.639999,17.793333
1.500574,18.633333,17.746666
1.500976,18.613333,17.799999
1.501378,18.619999,17.820000
1.501780,18.666666,17.820000
1.502181,18.680000,17.666666
1.502582,18.706667,17.939999
1.502984,18.706667,17.886667
1.503385,18.653334,17.859999
1.503786,18.733332,17.906668
1.504187,18.740000,17.946665
1.504588,18.713333,17.926666
1.504989,18.759998,17.939999
1.505391,18.759998,17.926666
1.505792,18.786667,17.973333
1.506194,18.786667,18.066666
1.506596,18.786667,17.980000
1.506997,18.799999,17.986666
1.507398,18.759998,18.079998
1.507799,18.820000,17.926666
1.508201,18.826666,17.826666
1.508603,18.820000,18.026667
1.509005,18.833334,17.886667
1.509406,18.873333,18.046667
1.509807,18.873333,18.020000
1.510209,18.826666,18.040001
1.510611,18.900000,18.053333
1.511012,18.920000,18.093332
1.511413,18.913332,18.099998
1.511814,18.920000,18.093332
1.512215,18.946667,18.113333
1.512617,18.900000,18.086666
1.513018,18.940001,18.113333
1.513419,18.953333,18.020000
1.513821,18.986666,18.146666
1.514222,18.980000,18.146666
1.514624,18.999998,18.146666
1.515026,18.999998,18.160000
1.515427,18.999998,18.206665
1.515829,19.019999,18.180000
1.516230,19.013332,18.193333
1.516631,19.019999,18.233332
1.517032,19.033333,18.213333
1.517434,19.046667,18.233332
1.517835,19.006666,18.219999
1.518237,19.073334,18.233332
1.518638,19.059999,18.240000
1.519039,19.106667,18.226665
1.519440,19.119999,18.266666
1.519841,19.100000,18.273333
1.520242,19.113333,18.280001
1.520644,19.113333,18.273333
1.521046,19.119999,18.280001
1.521448,19.133331,18.313334
1.521849,19.133331,18.293333
1.522251,19.139999,18.313334
1.522653,19.153332,18.326666
1.523055,19.133331,18.333332
1.523456,19.186666,18.326666
1.523857,19.226667,18.346666
1.524258,19.160000,18.286667
1.524659,19.126665,18.400000
1.525061,19.200001,18.353333
1.525463,19.206667,18.379999
1.525865,19.233334,18.400000
1.526267,19.219999,18.373333
1.526668,19.273333,18.400000
1.527069,19.253332,18.400000
1.527470,19.273333,18.400000
1.527872,19.299999,18.393333
1.528273,19.259998,18.406666
1.528675,19.259998,18.420000
1.529076,19.306665,18.440001
1.529478,19.333334,18.466665
1.529880,19.320000,18.493332
1.530282,19.306665,18.493332
1.530683,19.320000,18.459999
1.531084,19.320000,18.466665
1.531485,19.333334,18.473331
1.531887,19.333334,18.473331
1.532288,19.400000,18.473331
1.532690,19.366667,18.493332
1.533092,19.346666,18.506666
1.533494,19.386665,18.473331
1.533895,19.393332,18.706667
1.534296,19.379999,18.520000
1.534698,19.386665,18.526667
1.535099,19.413332,18.539999
1.535501,19.406666,18.520000
1.535903,19.400000,18.553333
1.536304,19.406666,18.586666
1.536705,19.413332,18.686666
1.537107,19.426666,18.513332
1.537509,19.426666,18.580000
1.537910,19.433332,18.580000
1.538312,19.433332,18.626665
1.538713,19.420000,18.580000
1.539114,19.406666,18.599998
1.539515,19.513332,18.673334
1.539916,19.466667,18.573334
1.540317,19.480000,18.626665
1.540718,19.413332,18.599998
1.541119,19.473333,18.606665
1.541521,19.513332,18.366667
1.541922,19.506666,18.626665
1.542323,19.500000,18.646666
1.542725,19.533333,18.639999
1.543126,19.500000,18.613333
1.543528,19.480000,18.633333
1.543929,19.553333,18.653334
1.544330,19.539999,18.593332
1.544731,19.553333,18.680000
1.545133,19.533333,18.680000
1.545534,19.526665,18.653334
1.545935,19.500000,18.706667
1.546336,19.580000,18.646666
1.546738,19.600000,18.859999
1.547140,19.559999,18.673334
1.547541,19.580000,18.706667
1.547942,19.600000,18.680000
1.548343,19.613333,18.706667
1.548744,19.626667,18.646666
1.549145,19.613333,18.693333
1.549547,19.620001,18.706667
1.549948,19.626667,18.726665
1.550350,19.613333,18.733332
1.550752,19.626667,18.726665
1.551153,19.626667,18.733332
1.551554,19.633333,18.773333
1.551955,19.633333,18.766666
1.552356,19.626667,18.886665
1.552758,19.633333,18.773333
1.553159,19.679998,18.753332
1.553561,19.713333,18.759998
1.553962,19.646666,18.859999
1.554364,19.666666,18.820000
1.554765,19.666666,18.773333
1.555167,19.673332,18.773333
1.555569,19.626667,18.779999
1.555970,19.653332,18.766666
1.556371,19.646666,18.759998
1.556773,19.679998,18.799999
1.557174,19.679998,18.779999
1.557575,19.686666,18.786667
1.557978,19.693333,18.826666
1.558379,19.779999,18.746666
1.558780,19.746666,19.033333
1.559182,19.699999,18.826666
1.559584,19.706667,18.813334
1.559985,19.713333,18.806667
1.560386,19.706667,18.786667
1.560787,19.699999,18.820000
1.561189,19.733334,18.793333
1.561590,19.726667,18.826666
1.561992,19.726667,18.826666
1.562394,19.726667,18.840000
1.562797,19.719999,18.799999
1.563199,19.726667,18.820000
1.563600,19.740000,18.879999
1.564002,19.773333,18.866665
1.564403,19.733334,18.900000
1.564805,19.740000,18.886665
1.565206,19.726667,18.833334
1.565607,19.846666,18.646666
1.566009,19.753334,18.920000
1.566410,19.760000,18.853333
1.566813,19.666666,18.873333
1.567214,19.746666,18.833334
1.567615,19.753334,18.853333
1.568016,19.740000,18.833334
1.568418,19.733334,18.859999
1.568820,19.766666,18.853333
1.569221,19.666666,18.879999
1.569622,19.726667,18.833334
1.570023,19.559999,18.879999
1.570424,19.779999,18.873333
1.570826,19.773333,18.879999
1.571228,19.886667,18.779999
1.571630,19.786665,19.160000
1.572032,19.799999,18.893333
1.572433,19.793333,18.826666
1.572834,19.760000,18.920000
1.573235,19.779999,18.886665
1.573636,19.779999,18.866665
1.574037,19.773333,18.879999
1.574438,19.773333,18.893333
1.574839,19.799999,19.053333
1.575240,19.806665,18.893333
1.575641,19.826666,18.879999
1.576043,19.806665,18.906666
1.576444,19.799999,18.879999
1.576846,19.799999,18.893333
1.577248,19.760000,18.893333
1.577650,19.799999,18.886665
1.578052,19.786665,18.873333
1.578454,19.773333,18.873333
1.578856,19.779999,18.859999
1.579257,19.779999,18.879999
1.579658,19.746666,18.920000
1.580059,19.799999,18.893333
1.580460,19.793333,18.826666
1.580861,19.866667,18.879999
1.581262,19.840000,18.879999
1.581663,19.779999,18.879999
1.582064,19.793333,18.893333
1.582465,19.786665,18.793333
1.582867,19.793333,18.946667
1.583268,19.779999,18.906666
1.583670,19.806665,18.773333
1.584072,19.786665,18.873333
1.584473,19.773333,18.879999
1.584874,19.786665,18.879999
1.585276,19.779999,18.940001
1.585677,19.799999,18.840000
1.586079,19.786665,18.886665
1.586481,19.820000,18.900000
1.586883,19.746666,18.886665
1.587284,19.726667,18.886665
1.587685,19.826666,18.893333
1.588087,19.806665,18.879999
1.588489,19.793333,18.879999
1.588891,19.740000,18.799999
1.589292,19.746666,18.879999
1.589694,19.786665,18.859999
1.590096,19.760000,18.873333
1.590498,19.753334,18.879999
1.590900,19.666666,18.840000
1.591302,19.773333,18.879999
1.591704,19.806665,18.886665
1.592105,19.706667,19.066666
1.592507,19.760000,19.160000
1.592909,19.753334,18.866665
1.593310,19.746666,18.859999
1.593711,19.766666,18.879999
1.594113,19.753334,18.826666
1.594515,19.760000,18.866665
1.594916,19.779999,18.879999
1.595317,19.766666,18.813334
1.595718,19.793333,18.853333
1.596119,19.746666,18.826666
1.596520,19.746666,18.859999
1.596922,19.753334,18.859999
1.597323,19.593332,18.866665
1.597725,19.713333,18.833334
1.598126,19.746666,18.833334
1.598528,19.706667,18.833334
1.598929,19.726667,18.793333
1.599331,19.746666,18.879999
1.599732,19.693333,18.886665
1.600134,19.573334,18.966667
1.600535,19.699999,18.826666
1.600937,19.733334,18.820000
1.601338,19.713333,18.820000
1.601739,19.713333,18.826666
1.602140,19.639999,18.826666
1.602541,19.726667,18.879999
1.602942,19.719999,18.806667
1.603343,19.693333,18.799999
1.603745,19.653332,18.799999
1.604146,19.699999,18.826666
1.604548,19.686666,18.820000
1.604950,19.719999,18.786667
1.605351,19.679998,18.786667
1.605753,19.699999,18.759998
1.606155,19.679998,18.833334
1.606557,19.679998,18.873333
1.606958,19.666666,18.786667
1.607360,19.693333,18.813334
1.607761,19.659998,18.546667
1.608163,19.740000,18.886665
1.608564,19.659998,18.773333
1.608966,19.659998,18.646666
1.609368,19.646666,18.766666
1.609773,19.646666,18.746666
1.610175,19.639999,18.766666
1.610576,19.639999,18.766666
1.610977,19.646666,18.753332
1.611378,19.633333,18.726665
1.611779,19.633333,18.706667
1.612180,19.606667,18.759998
1.612581,19.626667,18.740000
1.612982,19.659998,18.706667
1.613383,19.606667,18.740000
1.613785,19.600000,18.733332
1.614186,19.573334,18.879999
1.614587,19.593332,18.713333
1.614989,19.606667,18.713333
1.615390,19.580000,18.706667
1.615793,19.513332,18.673334
1.616194,19.573334,18.859999
1.616596,19.526665,18.706667
1.616997,19.620001,18.673334
1.617398,19.639999,18.660000
1.617800,19.553333,18.666666
1.618201,19.566666,18.653334
1.618603,19.539999,18.660000
1.619004,19.546665,18.666666
1.619405,19.533333,18.799999
1.619806,19.500000,18.586666
1.620207,19.506666,18.646666
1.620608,19.559999,18.626665
1.621009,19.493334,18.639999
1.621410,19.480000,18.639999
1.621812,19.546665,18.653334
1.622213,19.500000,18.619999
1.622614,19.466667,18.713333
1.623015,19.493334,18.599998
1.623417,19.473333,18.599998
1.623819,19.480000,18.599998
1.624220,19.453333,18.666666
1.624622,19.426666,18.580000
1.625023,19.453333,18.593332
1.625425,19.426666,18.566668
1.625826,19.433332,18.599998
1.626228,19.413332,18.553333
1.626630,19.426666,18.546667
1.627031,19.426666,18.553333
1.627432,19.413332,18.526667
1.627833,19.420000,18.573334
1.628234,19.393332,18.546667
1.628636,19.373333,18.539999
1.629037,19.393332,18.520000
1.629438,19.353334,18.526667
1.629840,19.360001,18.526667
1.630242,19.353334,18.493332
1.630643,19.346666,18.506666
1.631044,19.373333,18.486666
1.631446,19.340000,18.466665
1.631847,19.346666,18.486666
1.632248,19.393332,18.400000
1.632650,19.266666,18.493332
1.633051,19.299999,18.506666
1.633453,19.313334,18.466665
1.633854,19.306665,18.486666
1.634255,19.306665,18.426666
1.634656,19.279999,18.446667
1.635058,19.279999,18.426666
1.635459,19.286665,18.400000
1.635861,19.279999,18.400000
1.636263,19.259998,18.400000
1.636664,19.240000,18.373333
1.637065,19.233334,18.353333
1.637466,19.226667,18.459999
1.637867,19.226667,18.353333
1.638268,19.213333,18.339998
1.638670,19.226667,18.346666
1.639071,19.193333,18.326666
1.639472,19.173332,18.333332
1.639875,19.180000,18.359999
1.640276,19.180000,18.393333
1.640677,19.193333,18.253332
1.641079,19.160000,18.293333
1.641480,19.146666,18.273333
1.641881,19.119999,18.280001
1.642282,19.139999,18.233332
1.642684,19.113333,18.273333
1.643085,19.126665,18.253332
1.643486,19.093334,18.280001
1.643888,19.100000,18.260000
1.644290,19.100000,18.206665
1.644691,19.119999,18.219999
1.645092,19.066666,18.213333
1.645493,19.073334,18.233332
1.645895,19.086666,18.233332
1.646298,18.986666,18.219999
1.646699,19.053333,18.199999
1.647100,19.019999,18.193333
1.647501,19.013332,18.173334
1.647902,19.019999,18.186666
1.648303,18.999998,18.153334
1.648705,18.986666,18.146666
1.649107,18.960001,18.146666
1.649508,18.960001,18.146666
1.649909,18.926666,18.139999
1.650310,18.866665,18.160000
1.650711,18.946667,18.126667
1.651112,18.906666,18.099998
1.651513,18.900000,18.099998
1.651914,18.893333,18.079998
1.652315,18.900000,18.079998
1.652716,18.879999,18.073332
1.653118,18.893333,18.066666
1.653519,18.993332,18.020000
1.653920,18.859999,18.026667
1.654322,18.873333,18.240000
1.654724,18.906666,18.000000
1.655126,18.840000,17.986666
1.655527,18.773333,18.000000
1.655929,18.840000,17.973333
1.656330,18.799999,17.946665
1.656731,18.773333,17.966665
1.657133,18.786667,17.966665
1.657535,18.726665,17.966665
1.657936,18.753332,17.953333
1.658337,18.766666,17.953333
1.658738,18.726665,17.926666
1.659139,18.733332,17.926666
1.659541,18.719999,17.879999
1.659942,18.706667,17.900000
1.660343,18.706667,17.893333
1.660744,18.680000,17.859999
1.661146,18.673334,17.879999
1.661547,18.653334,17.853333
1.661948,18.666666,17.840000
1.662349,18.619999,17.840000
1.662751,18.566668,17.786667
1.663153,18.619999,17.826666
1.663555,18.599998,17.799999
1.663957,18.626665,17.766666
1.664359,18.593332,17.813332
1.664761,18.586666,17.699999
1.665162,18.546667,17.746666
1.665564,18.513332,17.746666
1.665965,18.459999,17.746666
1.666366,18.526667,17.746666
1.666773,18.526667,17.753334
1.667174,18.553333,17.726665
1.667575,18.493332,17.693333
1.667976,18.486666,17.679998
1.668378,18.480000,17.653334
1.668779,18.466665,17.653334
1.669180,18.459999,17.606667
1.669581,18.426666,17.653334
1.669982,18.420000,17.626667
1.670383,18.453333,17.606667
1.670785,18.379999,17.606667
1.671187,18.400000,17.539999
1.671588,18.386665,17.760000
1.671990,18.339998,17.586666
1.672391,18.400000,17.539999
1.672793,18.280001,17.586666
1.673195,18.353333,17.526667
1.673596,18.326666,17.533333
1.673997,18.306667,17.473333
1.674399,18.320000,17.573332
1.674800,18.320000,17.480000
1.675201,18.260000,17.419998
1.675602,18.240000,17.406666
1.676003,18.246666,17.433332
1.676404,18.226665,17.433332
1.676806,18.213333,17.386667
1.677208,18.199999,17.393333
1.677609,18.199999,17.386667
1.678011,18.186666,17.386667
1.678413,18.180000,17.366667
1.678814,18.153334,17.293333
1.679215,18.133333,17.260000
1.679617,18.166666,17.326666
1.680019,18.126667,17.326666
1.680420,18.119999,17.320000
1.680821,18.073332,17.286665
1.681222,18.053333,17.206667
1.681623,18.079998,17.266666
1.682024,18.079998,17.246666
1.682425,18.079998,17.219999
1.682827,18.073332,17.219999
1.683228,18.026667,17.246666
1.683629,18.086666,17.186666
1.684030,17.986666,17.186666
1.684431,17.966665,17.179998
1.684833,17.953333,17.186666
1.685235,17.920000,17.206667
1.685637,17.873333,17.113333
1.686038,17.906668,17.053333
1.686439,17.893333,17.106667
1.686840,17.886667,17.066666
1.687241,17.893333,17.073334
1.687643,17.866667,17.100000
1.688044,17.840000,17.039999
1.688445,17.846666,17.039999
1.688847,17.833332,17.026665
1.689249,17.806665,17.026665
1.689650,17.793333,17.013332
1.690051,17.780001,17.006666
1.690453,17.733334,16.980000
1.690854,17.753334,17.139999
1.691255,17.746666,17.086666
1.691656,17.746666,16.900000
1.692058,17.713333,16.920000
1.692459,17.726665,16.913332
1.692861,17.713333,16.926666
1.693262,17.673332,16.913332
1.693663,17.666666,16.906666
1.694065,17.646667,16.879999
1.694466,17.619999,16.879999
1.694867,17.613333,16.853334
1.695269,17.600000,16.853334
1.695670,17.606667,16.820000
1.696071,17.559999,16.833334
1.696472,17.566666,16.806665
1.696874,17.466665,16.786665
1.697275,17.520000,16.786665
1.697677,17.459999,16.773333
1.698079,17.466665,16.740000
1.698482,17.439999,16.713333
1.698884,17.466665,16.740000
1.699285,17.360001,16.719999
1.699687,17.373333,16.713333
1.700089,17.393333,16.246666
1.700490,17.400000,16.680000
1.700891,17.360001,16.619999
1.701292,17.360001,16.613333
1.701694,17.346666,16.626665
1.702096,17.333332,16.619999
1.702498,17.366667,16.586666
1.702900,17.306665,16.553333
1.703301,17.279999,16.546667
1.703702,17.273333,16.526667
1.704103,17.219999,16.486666
1.704505,17.240000,16.446667
1.704908,17.226667,16.566666
1.705309,17.266666,16.573334
1.705710,17.193333,16.446667
1.706113,17.179998,16.440001
1.706515,17.146666,16.400000
1.706916,17.126667,16.266666
1.707317,17.120001,16.619999
1.707719,17.126667,16.366665
1.708120,17.059999,16.286667
1.708522,17.159998,16.346666
1.708924,17.039999,16.299999
1.709326,17.039999,16.373333
1.709727,16.980000,16.313334
1.710128,17.019999,16.273333
1.710529,16.986668,16.193333
1.710930,16.959999,16.240000
1.711331,16.959999,16.193333
1.711733,16.939999,16.200001
1.712134,16.953333,16.180000
1.712536,16.833334,16.126665
1.712937,16.906666,16.106665
1.713338,16.866667,16.099998
1.713739,16.939999,16.080000
1.714141,16.820000,16.046667
1.714542,16.840000,16.066668
1.714943,16.846666,16.033333
1.715345,16.793333,16.000000
1.715746,16.833334,15.980000
1.716147,16.793333,15.980000
1.716548,16.906666,15.973332
1.716949,16.773333,15.953332
1.717350,16.746666,15.920000
1.717751,16.733334,15.913334
1.718152,16.693333,15.886665
1.718553,16.693333,15.866667
1.718955,16.680000,15.866667
1.719357,16.619999,15.760000
1.719759,16.639999,15.826667
1.720161,16.586666,15.826667
1.720563,16.553333,15.746666
1.720964,16.580000,15.746666
1.721366,16.593334,15.773333
1.721767,16.553333,15.733333
1.722169,16.526667,15.706666
1.722570,16.466667,15.633333
1.722971,16.426666,15.653334
1.723372,16.446667,15.653334
1.723773,16.460001,15.646666
1.724175,16.420000,15.579999
1.724576,16.400000,15.653334
1.724979,16.313334,15.566667
1.725380,16.366665,15.553332
1.725783,16.353333,15.433333
1.726184,16.306667,15.493332
1.726585,16.293333,15.493332
1.726987,16.226665,15.500000
1.727388,16.253332,15.426665
1.727790,16.253332,15.419999
1.728191,16.233332,15.406667
1.728593,16.193333,15.393333
1.728995,16.153334,15.393333
1.729396,16.160000,15.359999
1.729798,16.213333,15.413333
1.730200,16.106665,15.393333
1.730601,16.066668,15.233334
1.731002,16.073334,15.240000
1.731404,16.080000,15.253334
1.731806,16.026667,15.273333
1.732207,16.013332,15.226665
1.732609,15.986667,15.193334
1.733010,15.966666,15.206666
1.733411,16.059999,15.213333
1.733813,15.933333,15.179999
1.734214,15.920000,15.153333
1.734615,15.893333,15.139999
1.735016,15.860000,15.100000
1.735418,15.833333,14.953333
1.735820,15.833333,14.953333
1.736221,15.780001,14.933333
1.736623,15.726666,14.953333
1.737025,15.746666,14.953333
1.737428,15.713334,14.919999
1.737829,15.720000,14.906667
1.738231,15.666666,14.940000
1.738632,15.646666,14.873333
1.739034,15.619999,14.873333
1.739435,15.619999,14.873333
1.739837,15.593333,14.813333
1.740238,15.573333,14.800000
1.740640,15.606667,14.793334
1.741042,15.573333,14.766665
1.741443,15.533333,14.679999
1.741844,15.493332,14.693333
1.742247,15.473333,14.713333
1.742649,15.440000,14.693333
1.743050,15.426665,14.679999
1.743452,15.413333,14.626666
1.743854,15.386667,14.606667
1.744255,15.386667,14.786666
1.744657,15.346666,14.600000
1.745058,15.320001,14.540000
1.745459,15.306666,14.526666
1.745860,15.306666,14.520000
1.746262,15.273333,14.459999
1.746663,15.246666,14.453333
1.747064,15.226665,14.459999
1.747465,15.226665,14.426666
1.747867,15.193334,14.433332
1.748268,15.133333,14.380000
1.748670,15.133333,14.400001
1.749072,15.033334,14.420000
1.749474,15.080000,14.366666
1.749875,15.013333,14.340000
1.750276,14.953333,14.320000
1.750677,14.953333,14.273334
1.751078,14.953333,14.219999
1.751481,14.953333,14.239999
1.751883,14.940000,14.233333
1.752285,14.893332,14.173332
1.752686,14.919999,14.113334
1.753087,14.866667,14.146667
1.753488,14.893332,14.146667
1.753890,14.833332,14.113334
1.754291,14.820000,14.093333
1.754692,14.753333,14.053333
1.755094,14.740000,14.013333
1.755496,14.699999,13.973332
1.755897,14.646667,14.013333
1.756299,14.659999,14.006667
1.756701,14.673333,13.966666
1.757102,14.653333,13.966666
1.757503,14.620000,13.966666
1.757905,14.586666,14.180000
1.758306,14.566666,13.880000
1.758707,14.553333,14.113334
1.759108,14.526666,13.826666
1.759509,14.533334,13.820000
1.759910,14.466667,13.820000
1.760311,14.433332,13.779999
1.760714,14.446667,13.766666
1.761116,14.426666,13.700000
1.761517,14.400001,13.746667
1.761919,14.386666,13.726666
1.762320,14.346666,13.660000
1.762721,14.400001,13.653334
1.763122,14.340000,13.653334
1.763524,14.286666,13.613334
1.763925,14.266667,13.586667
1.764326,14.259999,13.573333
1.764727,14.253333,13.546667
1.765129,14.173332,13.586667
1.765531,14.173332,13.500000
1.765933,14.166666,13.386665
1.766334,14.193333,13.466666
1.766736,14.113334,13.433333
1.767137,14.099999,13.426666
1.767539,14.080000,13.386665
1.767940,14.033333,13.353333
1.768341,13.999999,13.333333
1.768744,13.993333,13.333333
1.769146,13.986667,13.293333
1.769547,13.953333,13.346667
1.769948,13.860000,13.266666
1.770349,13.860000,13.206666
1.770750,13.860000,13.206666
1.771152,13.853333,13.206666
1.771553,13.820000,13.113333
1.771955,13.820000,13.120000
1.772357,13.806667,13.073333
1.772759,13.759999,13.120000
1.773161,13.806667,13.086667
1.773562,13.733333,13.059999
1.773963,13.680000,13.040000
1.774364,13.646666,12.906667
1.774765,13.606666,12.993333
1.775167,13.633333,13.033334
1.775569,13.613334,12.946667
1.775971,13.586667,12.919999
1.776373,13.559999,12.940000
1.776774,13.546667,12.893333
1.777175,13.493333,12.826667
1.777577,13.500000,12.806666
1.777978,13.466666,12.706667
1.778380,13.440000,12.799999
1.778781,13.433333,12.833333
1.779182,13.400000,12.766666
1.779583,13.366667,12.706667
1.779984,13.373333,12.713333
1.780386,13.320000,12.660000
1.780787,13.120000,12.673333
1.781188,13.300000,12.673333
1.781589,13.226666,12.593333
1.781991,13.206666,12.766666
1.782394,13.233334,12.580000
1.782795,13.166667,12.686666
1.783196,13.146667,12.540000
1.783599,13.160000,12.506667
1.784001,13.113333,12.559999
1.784402,13.086667,12.473333
1.784804,13.059999,12.393332
1.785205,13.046666,12.440001
1.785606,13.000000,12.420000
1.786008,12.973333,12.413333
1.786409,12.946667,12.346666
1.786811,12.946667,12.360000
1.787212,12.973333,12.333333
1.787613,12.846666,12.273333
1.788015,12.913333,12.273333
1.788416,12.853333,12.333333
1.788817,12.813334,12.246667
1.789219,12.820000,12.139999
1.789621,12.813334,12.086666
1.790022,12.793333,12.146667
1.790424,12.713333,12.066666
1.790826,12.606667,12.093333
1.791227,12.673333,11.886666
1.791628,12.626667,12.026667
1.792031,12.620000,11.940000
1.792433,12.593333,11.993333
1.792834,12.526666,11.933332
1.793235,12.580000,11.933332
1.793637,12.520000,11.906667
1.794038,12.513333,11.933332
1.794439,12.506667,11.879999
1.794840,12.426666,11.820000
1.795241,12.466666,11.820000
1.795642,12.360000,11.786667
1.796044,12.400000,11.793333
1.796445,12.393332,11.766666
1.796847,12.320000,11.726666
1.797248,12.259999,11.693333
1.797650,12.139999,11.666666
1.798052,12.266666,11.640000
1.798453,12.246667,11.633333
1.798854,12.200000,11.599999
1.799255,12.219999,11.606667
1.799657,12.173333,11.559999
1.800058,12.120000,11.606667
1.800459,12.206666,11.526667
1.800860,12.073333,11.506666
1.801261,12.059999,11.466666
1.801663,12.053333,11.453334
1.802064,12.013333,11.446667
1.802466,11.980000,11.426666
1.802867,11.940000,11.386666
1.803268,11.900000,11.386666
1.803669,11.893333,11.320000
1.804071,11.873333,11.300000
1.804472,11.853333,11.273333
1.804873,11.840000,11.266666
1.805276,11.806666,11.219999
1.805677,11.806666,11.333333
1.806078,11.753333,11.206666
1.806479,11.733333,10.866667
1.806880,11.720000,11.120000
1.807282,11.686666,11.093333
1.807683,11.673333,11.086666
1.808084,11.626666,11.099999
1.808485,11.586667,11.126667
1.808887,11.539999,11.020000
1.809288,11.546666,11.020000
1.809689,11.539999,10.986667
1.810091,11.513333,11.000000
1.810492,11.473332,10.906667
1.810894,11.460000,10.933333
1.811295,11.460000,10.913333
1.811697,11.400000,10.866667
1.812099,11.333333,10.853333
1.812500,11.366667,10.813333
1.812902,11.300000,10.780000
1.813303,11.306666,10.753333
1.813705,11.286666,10.806666
1.814107,11.280000,10.813333
1.814508,11.253333,10.746666
1.814911,11.200000,10.720000
1.815313,11.186666,10.666667
1.815714,11.153333,10.693333
1.816116,11.126667,10.773334
1.816517,11.193334,10.573333
1.816919,11.126667,10.493333
1.817320,11.113334,10.500000
1.817722,11.026667,10.506666
1.818123,10.980000,10.500000
1.818524,10.973333,10.473333
1.818926,11.000000,10.419999
1.819327,10.973333,10.453333
1.819728,10.893332,10.386666
1.820130,10.879999,10.426666
1.820531,10.853333,10.346666
1.820933,10.840000,10.299999
1.821334,10.833333,10.306666
1.821735,10.773334,10.273334
1.822137,10.733334,10.240000
1.822539,10.693333,10.240000
1.822941,10.726666,10.226666
1.823342,10.693333,10.160000
1.823744,10.759999,10.140000
1.824145,10.646667,10.140000
1.824547,10.639999,9.986667
1.824948,10.606667,9.940001
1.825351,10.520000,10.040000
1.825752,10.660000,10.026666
1.826154,10.566667,10.013333
1.826555,10.486666,9.966666
1.826956,10.433333,9.980000
1.827357,10.446667,9.980000
1.827758,10.426666,9.900000
1.828160,10.393333,9.920000
1.828561,10.366666,9.866667
1.828962,10.306666,9.846666
1.829363,10.360000,9.793333
1.829765,10.313334,9.800000
1.830166,10.293333,9.793333
1.830568,10.253333,9.766666
1.830969,10.213333,9.719999
1.831370,10.219999,9.706666
1.831773,10.160000,9.613334
1.832174,10.253333,9.646667
1.832576,10.133333,9.633333
1.832977,10.120000,9.626666
1.833379,10.033333,9.633333
1.833780,10.020000,9.586666
1.834181,10.206667,9.546667
1.834582,9.993333,9.513333
1.834983,9.973333,8.973332
1.835386,9.973333,9.480000
1.835787,9.913333,9.446667
1.836188,9.940001,9.446667
1.836590,9.873333,9.346666
1.836992,9.860000,9.340000
1.837393,9.893332,9.333333
1.837794,9.653333,9.299999
1.838195,9.793333,9.293333
1.838596,9.773333,9.266666
1.838998,9.706666,9.260000
1.839399,9.633333,9.206667
1.839800,9.686666,9.220000
1.840201,9.633333,9.166666
1.840602,9.646667,9.153334
1.841003,9.593333,9.093333
1.841404,9.586666,9.093333
1.841806,9.586666,9.073333
1.842207,9.566666,9.093333
1.842608,9.493333,8.993333
1.843009,9.473333,9.013333
1.843410,9.440000,8.953334
1.843812,9.346666,8.953334
1.844213,9.306666,8.913333
1.844615,9.346666,8.913333
1.845016,9.320000,8.866667
1.845417,9.286667,8.866667
1.845819,9.260000,8.820000
1.846220,9.193333,8.826667
1.846622,9.226666,8.780000
1.847023,9.240000,8.880000
1.847424,9.220000,8.740000
1.847826,9.166666,8.726666
1.848227,9.160000,8.693334
1.848628,9.059999,8.693334
1.849029,9.026667,8.666666
1.849430,9.073333,8.606667
1.849832,9.006666,8.620000
1.850233,8.960000,8.493334
1.850636,9.013333,8.566667
1.851037,9.039999,8.546666
1.851438,8.953334,8.493334
1.851840,8.920000,8.486667
1.852243,8.893333,8.453333
1.852645,8.860000,8.400000
1.853047,8.826667,8.446666
1.853449,8.760000,8.379999
1.853850,8.753333,8.360000
1.854252,8.753333,8.366667
1.854653,8.760000,8.320000
1.855054,8.733333,8.273334
1.855455,8.700000,8.273334
1.855856,8.666666,8.666666
1.856257,8.680000,8.233334
1.856658,8.599999,8.153334
1.857060,8.566667,8.206666
1.857461,8.579999,8.179999
1.857862,8.540000,8.120000
1.858263,8.346666,8.286667
1.858665,8.480000,8.080000
1.859067,8.426667,8.059999
1.859468,8.433333,8.033334
1.859869,8.400000,8.013333
1.860270,8.393332,8.020000
1.860672,8.393332,8.000000
1.861073,8.340000,7.920000
1.861474,8.300000,7.906666
1.861875,8.286667,7.893333
1.862277,8.253333,7.846667
1.862678,8.233334,7.860000
1.863079,8.206666,7.840000
1.863480,8.206666,7.813334
1.863882,8.120000,7.753333
1.864285,8.066667,7.806666
1.864687,8.133333,7.746666
1.865088,8.100000,7.720000
1.865490,8.053332,7.626667
1.865892,8.033334,7.813334
1.866293,8.046666,7.626667
1.866695,7.953333,7.513333
1.867097,7.973333,7.586667
1.867498,7.933333,7.513333
1.867899,7.920000,7.540000
1.868300,7.880000,7.513333
1.868702,7.873333,7.493333
1.869104,7.860000,7.466667
1.869506,7.800000,7.420000
1.869908,7.786666,7.460000
1.870309,7.753333,7.346666
1.870711,7.720000,7.386667
1.871112,7.733333,7.340000
1.871514,7.700000,7.306666
1.871915,7.666667,7.226666
1.872317,7.753333,7.260000
1.872719,7.606667,7.253334
1.873121,7.600000,7.226666
1.873522,7.593334,7.200000
1.873924,7.513333,7.213333
1.874325,7.520000,7.173333
1.874727,7.626667,7.146667
1.875128,7.433333,7.080000
1.875529,7.466667,7.086666
1.875930,7.433333,7.066666
1.876331,7.386667,7.006667
1.876732,7.413333,7.046667
1.877133,7.353333,7.080000
1.877534,7.320000,6.980000
1.877935,7.340000,6.953333
1.878337,7.219999,6.900000
1.878739,7.260000,6.913333
1.879140,7.273333,6.893333
1.879541,7.193333,6.866666
1.879942,7.193333,6.826667
1.880343,7.166667,6.813333
1.880745,7.160000,6.866666
1.881147,7.119999,6.786666
1.881548,7.073333,6.773334
1.881949,6.980000,6.726666
1.882351,7.073333,6.706667
1.882753,6.980000,6.646667
1.883155,6.960000,6.646667
1.883556,6.980000,6.640000
1.883957,6.960000,6.640000
1.884358,6.900000,6.546667
1.884759,6.946667,6.546667
1.885160,6.880000,6.546667
1.885562,6.880000,6.466667
1.885963,6.840000,6.466667
1.886364,6.833333,6.466667
1.886765,6.786666,6.406667
1.887166,6.766666,6.380000
1.887567,6.740000,6.313334
1.887968,6.740000,6.346667
1.888369,6.680000,6.340000
1.888773,6.673334,6.280000
1.889174,6.633333,6.280000
1.889575,6.626667,6.273333
1.889976,6.600000,6.280000
1.890377,6.553333,6.240000
1.890779,6.506667,6.233333
1.891180,6.513333,6.133333
1.891582,6.453333,6.326666
1.891983,6.440000,6.173333
1.892384,6.433333,6.120000
1.892786,6.360000,6.086667
1.893188,6.333333,5.946667
1.893590,6.340000,6.060000
1.893992,6.340000,6.013333
1.894393,6.306666,6.006667
1.894794,6.286667,5.953333
1.895195,6.266666,5.953333
1.895596,6.253334,5.933333
1.895998,6.286667,5.933333
1.896399,6.193333,5.920000
1.896800,6.153333,5.853333
1.897201,6.126667,5.940000
1.897602,6.113333,5.826667
1.898004,6.106667,5.886667
1.898407,6.066667,5.780000
1.898808,6.066667,5.686666
1.899209,6.026667,5.760000
1.899610,6.033333,5.660000
1.900011,6.013333,5.726667
1.900412,6.040000,5.640000
1.900814,5.720000,5.660000
1.901215,5.913333,5.620000
1.901616,5.920000,5.626667
1.902017,5.886667,5.626667
1.902420,5.840000,5.573333
1.902821,5.780000,5.520000
1.903222,5.786666,5.546667
1.903624,5.780000,5.520000
1.904025,5.746666,5.520000
1.904426,5.726667,5.440000
1.904827,5.733333,5.413333
1.905228,5.686666,5.420000
1.905631,5.673333,5.300000
1.906032,5.653333,5.413333
1.906433,5.600000,5.420000
1.906834,5.646667,5.333333
1.907236,5.600000,5.333333
1.907637,5.620000,5.333333
1.908039,5.533333,5.646667
1.908440,5.500000,5.246666
1.908841,5.426667,5.226666
1.909242,5.486667,5.240000
1.909644,5.453333,5.186666
1.910045,5.420000,5.153333
1.910446,5.413333,5.140000
1.910847,5.373333,5.153333
1.911249,5.373333,5.113333
1.911650,5.433333,5.060000
1.912052,5.333333,5.060000
1.912454,5.300000,4.940000
1.912855,5.260000,5.020000
1.913258,5.206666,4.940000
1.913659,5.213333,5.166667
1.914061,5.233334,4.940000
1.914462,5.160000,4.966667
1.914863,5.173333,4.920000
1.915264,5.173333,4.900000
1.915665,5.133333,4.873333
1.916067,5.100000,4.880000
1.916470,5.000000,4.826666
1.916871,5.033333,4.813333
1.917273,5.033333,4.900000
1.917675,5.026667,4.786666
1.918076,4.980000,4.766666
1.918477,4.966667,4.720000
1.918878,4.946666,4.726666
1.919280,4.966667,4.660000
1.919681,4.913333,4.686666
1.920082,4.980000,4.686666
1.920483,4.860000,4.673333
1.920885,4.813333,4.633333
1.921286,4.793333,4.600000
1.921689,4.780000,4.506667
1.922091,4.760000,4.546667
1.922492,4.780000,4.446667
1.922894,4.733333,4.540000
1.923295,4.780000,4.513333
1.923697,4.686666,4.426666
1.924099,4.680000,4.600000
1.924500,4.726666,4.506667
1.924901,4.646667,4.386666
1.925302,4.620000,4.393333
1.925704,4.620000,4.373333
1.926105,4.586667,4.360000
1.926508,4.546667,4.206666
1.926909,4.540000,4.153333
1.927312,4.540000,4.293333
1.927713,4.520000,4.293333
1.928115,4.473333,4.266666
1.928518,4.440000,4.133333
1.928920,4.440000,4.226666
1.929322,4.426666,4.186666
1.929724,4.466667,4.186666
1.930126,4.366666,4.180000
1.930528,4.346667,4.113333
1.930930,4.306667,4.113333
1.931331,4.280000,4.060000
1.931732,4.300000,4.086667
1.932133,4.260000,4.020000
1.932534,4.306667,4.340000
1.932935,4.213334,4.053333
1.933336,4.193333,3.900000
1.933738,4.193333,4.000000
1.934139,4.146667,4.006667
1.934542,4.173333,3.980000
1.934944,4.133333,3.973333
1.935346,4.106667,3.926666
1.935748,4.106667,3.906667
1.936149,4.053333,3.926666
1.936552,4.053333,3.853333
1.936954,4.026666,3.853333
1.937356,4.013333,3.840000
1.937757,4.013333,3.833333
1.938158,4.040000,3.806666
1.938559,3.940000,3.746666
1.938960,3.926666,3.746666
1.939361,3.913333,3.740000
1.939763,3.880000,3.666667
1.940164,3.880000,3.673333
1.940567,3.866667,3.653333
1.940969,3.846667,3.640000
1.941370,3.786667,3.600000
1.941772,3.733333,3.593333
1.942173,3.746666,3.540000
1.942574,3.720000,3.593333
1.942975,3.793333,3.560000
1.943376,3.700000,3.513333
1.943778,3.680000,3.660000
1.944179,3.686666,3.500000
1.944581,3.660000,3.486667
1.944983,3.646667,3.586667
1.945384,3.620000,3.413333
1.945786,3.580000,3.420000
1.946188,3.586667,3.400000
1.946589,3.480000,3.440000
1.946991,3.540000,3.373333
1.947392,3.606667,3.373333
1.947793,3.480000,3.326667
1.948194,3.506667,3.313333
1.948595,3.460000,3.313333
1.948996,3.446667,3.306667
1.949397,3.440000,3.166667
1.949799,3.400000,3.173333
1.950200,3.400000,2.926667
1.950601,3.360000,3.193333
1.951003,3.346666,3.193333
1.951405,3.326667,3.173333
1.951806,3.313333,3.166667
1.952208,3.313333,3.133333
1.952610,3.266667,3.166667
1.953011,3.286667,3.120000
1.953413,3.240000,3.086667
1.953814,3.240000,3.060000
1.954215,3.200000,3.106667
1.954617,3.220000,2.966666
1.955020,3.193333,3.073333
1.955421,3.173333,3.013333
1.955822,3.133333,2.993333
1.956225,3.080000,2.960000
1.956626,3.106667,2.973333
1.957028,3.100000,2.926667
1.957429,3.040000,3.100000
1.957831,3.066667,2.806667
1.958232,2.940000,2.726667
1.958633,3.026667,2.886667
1.959034,3.020000,2.946667
1.959435,3.000000,2.860000
1.959836,2.960000,2.826667
1.960238,2.873333,2.800000
1.960640,2.940000,2.786667
1.961041,2.926667,2.786667
1.961442,2.880000,2.786667
1.961843,2.886667,2.753333
1.962245,2.893333,2.766667
1.962646,2.860000,2.786667
1.963047,2.860000,2.673333
1.963448,2.806667,2.693333
1.963851,2.813333,2.466667
1.964253,2.880000,2.660000
1.964654,2.786667,2.646667
1.965055,2.766667,2.626667
1.965456,2.753333,2.400000
1.965858,2.720000,2.613333
1.966260,2.693333,2.453333
1.966661,2.640000,2.580000
1.967062,2.646667,2.573333
1.967463,2.646667,2.553333
1.967866,2.640000,2.526667
1.968268,2.633333,2.520000
1.968670,2.606667,2.486667
1.969071,2.606667,2.440000
1.969472,2.580000,2.433333
1.969874,2.520000,2.406667
1.970276,2.540000,2.433333
1.970678,2.526667,2.413333
1.971079,2.513333,2.320000
1.971481,2.473333,2.320000
1.971883,2.480000,2.173333
1.972286,2.486667,2.346667
1.972687,2.460000,2.340000
1.973088,2.426666,2.313333
1.973489,2.426666,2.306667
1.973890,2.413333,2.300000
1.974292,2.380000,2.260000
1.974693,2.333333,2.166667
1.975095,2.326667,2.093333
1.975496,2.320000,2.246667
1.975898,2.326667,2.226666
1.976300,2.340000,2.200000
1.976701,2.300000,2.206667
1.977102,2.293333,2.186667
1.977503,2.240000,2.180000
1.977904,2.253333,2.153333
1.978305,2.246667,2.140000
1.978706,2.233333,2.140000
1.979108,2.206667,2.086667
1.979509,2.186667,1.633333
1.979910,2.173333,2.093333
1.980313,2.173333,2.053333
1.980714,2.120000,2.126667
1.981115,2.120000,2.046667
1.981517,2.093333,2.033333
1.981919,2.113333,2.026667
1.982320,2.140000,1.986667
1.982721,2.093333,2.000000
1.983122,2.080000,1.906667
1.983523,2.053333,1.966667
1.983925,1.973333,1.793333
1.984326,2.026667,1.906667
1.984727,1.993333,1.913333
1.985128,1.986667,1.906667
1.985530,2.020000,1.900000
1.985932,1.933333,2.266667
1.986333,1.946667,1.760000
1.986734,1.906667,1.813333
1.987136,1.920000,1.826667
1.987537,1.906667,1.786667
1.987939,1.860000,1.793333
1.988340,1.860000,1.806667
1.988741,1.866667,1.766667
1.989143,1.893333,1.753333
1.989546,1.833333,1.746667
1.989947,1.846667,1.753333
1.990348,1.813333,1.726667
1.990750,1.793333,1.726667
1.991152,1.786667,1.733333
1.991553,1.766667,1.660000
1.991955,1.793333,1.646667
1.992357,1.753333,1.486667
1.992759,1.733333,1.660000
1.993160,1.726667,1.653333
1.993561,1.720000,1.640000
1.993963,1.686667,1.633333
1.994364,1.686667,1.573333
1.994766,1.673333,1.566667
1.995168,1.646667,1.513333
1.995569,1.640000,1.560000
1.995970,1.620000,1.553333
1.996371,1.626667,1.553333
1.996773,1.606667,1.513333
1.997174,1.566667,1.486667
1.997575,1.633333,1.500000
1.997977,1.533333,1.513333
1.998378,1.560000,1.486667
1.998779,1.546667,1.453333
1.999180,1.506667,1.420000
1.999581,1.553333,1.453333
1.999982,1.526667,1.286667
2.000385,1.506667,1.573333
2.000786,1.433333,1.393333
2.001187,1.533333,1.373333
2.001589,1.433333,1.386667
2.001990,1.440000,1.393333
2.002391,1.413333,1.306667
2.002793,1.400000,1.373333
2.003194,1.400000,1.360000
2.003596,1.380000,1.353333
2.003997,1.360000,1.306667
2.004398,1.393333,1.326667
2.004799,1.380000,1.300000
2.005200,1.353333,1.300000
2.005601,1.353333,1.386667
2.006003,1.313333,1.266667
2.006405,1.313333,1.266667
2.006807,1.293333,1.220000
