0.000000,1.893333,1.746667
0.000401,1.886667,1.733333
0.000802,1.920000,1.740000
0.001203,1.840000,1.760000
0.001606,1.773333,1.733333
0.002007,1.773333,1.733333
0.002409,1.780000,1.720000
0.002811,1.780000,1.620000
0.003212,1.760000,1.846667
0.003614,1.753333,1.686667
0.004015,1.773333,1.673333
0.004417,1.820000,1.693333
0.004819,1.740000,1.760000
0.005220,1.713333,1.786667
0.005621,1.700000,1.626667
0.006024,1.653333,1.593333
0.006425,1.660000,1.586667
0.006826,1.633333,1.580000
0.007229,1.546667,1.560000
0.007631,1.646667,1.553333
0.008032,1.620000,1.540000
0.008433,1.593333,1.533333
0.008834,1.560000,1.553333
0.009235,1.566667,1.553333
0.009636,1.546667,1.453333
0.010037,1.560000,1.500000
0.010438,1.540000,1.480000
0.010841,1.433333,1.473333
0.011242,1.526667,1.460000
0.011643,1.500000,1.440000
0.012045,1.480000,1.506667
0.012446,1.493333,1.406667
0.012847,1.493333,1.480000
0.013249,1.446667,1.406667
0.013651,1.433333,1.393333
0.014053,1.446667,1.386667
0.014455,1.406667,1.353333
0.014858,1.400000,1.360000
0.015259,1.380000,1.353333
0.015660,1.386667,1.313333
0.016061,1.386667,1.326667
0.016463,1.366667,1.260000
0.016864,1.360000,1.300000
0.017266,1.360000,1.326667
0.017667,1.300000,1.273333
0.018068,1.346667,1.206667
0.018471,1.293333,1.226667
0.018872,1.306667,1.260000
0.019274,1.280000,1.220000
0.019676,1.153333,1.206667
0.020077,1.286667,1.220000
0.020478,1.253333,1.200000
0.020881,1.213333,1.193333
0.021282,1.226667,0.993333
0.021683,1.193333,1.173333
0.022085,1.220000,1.206667
0.022486,1.206667,1.206667
0.022887,1.200000,1.053333
0.023288,1.166667,1.106667
0.023689,1.186667,1.120000
0.024090,1.160000,1.106667
0.024491,1.153333,1.080000
0.024894,1.180000,1.106667
0.025295,1.126667,1.060000
0.025697,1.080000,1.066667
0.026098,1.086667,1.040000
0.026499,1.100000,0.946667
0.026900,1.080000,1.073333
0.027302,1.060000,1.000000
0.027703,1.066667,1.020000
0.028105,1.060000,1.006667
0.028506,1.033333,0.993333
0.028907,1.066667,1.113333
0.029308,1.006667,0.960000
0.029710,1.040000,0.960000
0.030112,1.026667,0.946667
0.030514,0.993333,0.980000
0.030916,0.973333,0.960000
0.031317,1.020000,0.946667
0.031719,0.966667,0.946667
0.032121,0.960000,0.946667
0.032523,0.960000,0.946667
0.032926,0.953333,0.946667
0.033327,0.946667,0.946667
0.033728,1.006667,0.946667
0.034130,0.946667,0.946667
0.034532,0.946667,0.946667
0.034933,0.946667,0.946667
0.035335,0.946667,1.013333
0.035737,0.946667,0.946667
0.036138,0.946667,0.946667
0.036539,0.946667,0.946667
0.036940,0.946667,0.946667
0.037342,0.946667,0.946667
0.037744,0.946667,0.946667
0.038145,0.946667,0.946667
0.038546,0.946667,0.946667
0.038947,0.946667,0.946667
0.039349,0.946667,0.946667
0.039751,0.946667,0.946667
0.040152,0.946667,0.946667
0.040553,0.946667,0.946667
0.040955,0.946667,0.946667
0.041357,0.946667,0.946667
0.041758,0.946667,0.946667
0.042161,0.946667,0.946667
0.042563,0.946667,0.946667
0.042964,0.946667,0.946667
0.043365,0.946667,0.946667
0.043766,0.946667,0.946667
0.044168,0.946667,0.946667
0.044569,0.946667,0.946667
0.044970,0.946667,0.946667
0.045371,0.946667,0.946667
0.045772,0.946667,0.946667
0.046173,0.946667,0.946667
0.046574,0.946667,0.946667
0.046975,0.946667,0.946667
0.047377,0.946667,0.946667
0.047779,0.946667,0.946667
0.048181,0.946667,0.946667
0.048583,0.946667,0.946667
0.048984,0.946667,0.946667
0.049385,0.946667,0.946667
0.049786,0.946667,0.946667
0.050187,0.946667,0.946667
0.050588,0.946667,0.946667
0.050989,0.946667,0.946667
0.051390,0.946667,0.946667
0.051792,0.946667,0.946667
0.052194,0.946667,0.946667
0.052596,0.946667,0.946667
0.052997,0.946667,0.946667
0.053399,0.946667,0.946667
0.053800,0.946667,0.946667
0.054202,0.946667,0.946667
0.054603,0.946667,0.946667
0.055004,0.946667,0.946667
0.055406,0.946667,0.946667
0.055807,0.946667,0.946667
0.056209,0.946667,0.946667
0.056611,0.946667,0.946667
0.057014,0.946667,0.946667
0.057417,0.946667,0.946667
0.057818,0.946667,0.946667
0.058219,0.946667,0.946667
0.058620,0.946667,0.946667
0.059023,0.946667,0.946667
0.059424,0.946667,0.946667
0.059825,0.946667,0.946667
0.060227,0.946667,0.946667
0.060628,0.946667,0.946667
0.061030,0.946667,0.946667
0.061431,0.946667,0.946667
0.061832,0.946667,0.946667
0.062233,0.946667,0.946667
0.062634,0.946667,0.946667
0.063035,0.946667,0.946667
0.063437,0.946667,0.946667
0.063838,0.946667,0.946667
0.064240,0.946667,0.946667
0.064641,0.946667,0.946667
0.065042,0.946667,0.946667
0.065444,0.946667,0.946667
0.065845,0.946667,0.946667
0.066246,0.946667,0.946667
0.066647,0.946667,0.946667
0.067048,0.946667,0.946667
0.067450,0.946667,0.946667
0.067851,0.946667,0.946667
0.068252,0.946667,0.946667
0.068654,0.946667,0.946667
0.069055,0.946667,0.946667
0.069457,0.946667,0.946667
0.069858,0.946667,0.946667
0.070259,0.946667,0.946667
0.070661,0.946667,0.946667
0.071062,0.946667,0.946667
0.071464,0.946667,0.946667
0.071866,0.946667,0.946667
0.072267,0.946667,0.946667
0.072669,0.946667,0.946667
0.073070,0.946667,0.946667
0.073471,0.946667,0.946667
0.073872,0.946667,0.946667
0.074274,0.946667,0.946667
0.074675,0.946667,0.946667
0.075076,0.946667,0.946667
0.075477,0.946667,0.946667
0.075878,0.946667,0.946667
0.076279,0.946667,0.946667
0.076681,0.946667,0.946667
0.077082,0.946667,0.946667
0.077485,0.946667,0.946667
0.077886,0.946667,0.946667
0.078287,0.946667,0.946667
0.078689,0.946667,0.946667
0.079090,0.946667,0.946667
0.079492,0.946667,0.946667
0.079893,0.946667,0.946667
0.080294,0.946667,0.946667
0.080695,0.946667,0.946667
0.081096,0.946667,0.946667
0.081498,0.946667,0.946667
0.081899,0.946667,0.946667
0.082301,0.946667,0.946667
0.082703,0.946667,0.946667
0.083104,0.946667,0.946667
0.083505,0.946667,0.946667
0.083906,0.946667,0.946667
0.084308,0.946667,0.946667
0.084709,0.946667,0.946667
0.085111,0.946667,0.946667
0.085512,0.946667,0.946667
0.085914,0.946667,0.946667
0.086316,0.946667,0.946667
0.086717,0.946667,0.946667
0.087120,0.946667,0.946667
0.087521,0.946667,0.946667
0.087922,0.946667,0.946667
0.088323,0.946667,0.946667
0.088724,0.946667,0.946667
0.089125,0.946667,0.946667
0.089527,0.946667,0.946667
0.089928,0.946667,0.946667
0.090330,0.946667,0.946667
0.090731,0.946667,0.946667
0.091132,0.946667,0.946667
0.091534,0.946667,0.946667
0.091935,0.946667,0.946667
0.092337,0.946667,0.946667
0.092738,0.946667,0.946667
0.093139,0.946667,0.946667
0.093540,0.946667,0.946667
0.093941,0.946667,0.946667
0.094343,0.946667,0.946667
0.094744,0.946667,0.946667
0.095145,0.946667,0.946667
0.095547,0.946667,0.946667
0.095948,0.946667,0.946667
0.096350,0.946667,0.946667
0.096752,0.946667,0.946667
0.097153,0.946667,0.946667
0.097556,0.946667,0.946667
0.097957,0.946667,0.946667
0.098358,0.946667,0.946667
0.098760,0.946667,0.946667
0.099161,0.946667,0.946667
0.099564,0.946667,0.946667
0.099966,0.946667,0.946667
0.100368,0.946667,0.946667
0.100770,0.946667,0.946667
0.101172,0.946667,0.946667
0.101574,0.946667,0.946667
0.101977,0.946667,0.946667
0.102379,0.946667,0.946667
0.102780,0.946667,0.946667
0.103181,0.946667,0.946667
0.103583,0.946667,0.946667
0.103984,0.946667,0.946667
0.104385,0.946667,0.946667
0.104786,0.946667,0.946667
0.105187,0.946667,0.946667
0.105588,0.946667,0.946667
0.105990,0.946667,0.946667
0.106392,0.946667,0.946667
0.106794,0.946667,0.946667
0.107195,0.946667,0.946667
0.107597,0.946667,0.946667
0.107998,0.946667,0.946667
0.108400,0.946667,0.946667
0.108801,0.946667,0.946667
0.109204,0.946667,0.946667
0.109606,0.946667,0.946667
0.110007,0.946667,0.946667
0.110409,0.946667,0.946667
0.110810,0.946667,0.946667
0.111212,0.946667,0.946667
0.111613,0.946667,0.946667
0.112014,0.946667,0.946667
0.112417,0.946667,0.946667
0.112818,0.946667,0.946667
0.113219,0.946667,0.946667
0.113620,0.946667,0.946667
0.114021,0.946667,0.946667
0.114423,0.946667,0.946667
0.114824,0.946667,0.946667
0.115226,0.946667,0.946667
0.115627,0.946667,0.946667
0.116029,0.946667,0.946667
0.116430,0.946667,0.946667
0.116831,0.946667,0.946667
0.117233,0.946667,0.946667
0.117634,0.946667,0.946667
0.118036,0.946667,0.946667
0.118437,0.946667,0.946667
0.118840,0.946667,0.946667
0.119241,0.946667,0.946667
0.119643,0.946667,0.946667
0.120045,0.946667,0.946667
0.120446,0.946667,0.946667
0.120848,0.946667,0.946667
0.121250,0.946667,0.946667
0.121651,0.946667,0.946667
0.122052,0.946667,0.946667
0.122453,0.946667,0.946667
0.122855,0.946667,0.946667
0.123258,0.946667,0.946667
0.123660,0.946667,0.946667
0.124061,0.946667,0.946667
0.124463,0.946667,0.946667
0.124864,0.946667,0.946667
0.125265,0.946667,0.946667
0.125667,0.946667,0.946667
0.126068,0.946667,0.946667
0.126470,0.946667,0.946667
0.126872,0.946667,0.946667
0.127275,0.946667,0.946667
0.127676,0.946667,0.946667
0.128077,0.946667,0.946667
0.128478,0.946667,0.946667
0.128880,0.946667,0.946667
0.129282,0.946667,0.946667
0.129684,0.946667,0.946667
0.130085,0.946667,0.946667
0.130486,0.946667,0.946667
0.130887,0.946667,0.946667
0.131288,0.946667,0.946667
0.131690,0.946667,0.946667
0.132091,0.946667,0.946667
0.132492,0.946667,0.946667
0.132894,0.946667,0.946667
0.133296,0.946667,0.946667
0.133698,0.946667,0.946667
0.134099,0.946667,0.946667
0.134500,0.946667,0.946667
0.134902,0.946667,0.946667
0.135303,0.946667,0.946667
0.135705,0.946667,0.946667
0.136106,0.946667,0.946667
0.136507,0.946667,0.946667
0.136909,0.946667,0.946667
0.137310,0.946667,0.946667
0.137712,0.946667,0.946667
0.138113,0.946667,0.946667
0.138514,0.946667,0.946667
0.138916,0.946667,0.946667
0.139318,0.946667,0.946667
0.139719,0.946667,0.946667
0.140122,0.946667,0.946667
0.140524,0.946667,0.946667
0.140926,0.946667,0.946667
0.141327,0.946667,0.946667
0.141728,0.946667,0.946667
0.142129,0.946667,0.946667
0.142530,0.946667,0.946667
0.142931,0.946667,0.946667
0.143333,0.946667,0.946667
0.143735,0.946667,0.946667
0.144136,0.946667,0.946667
0.144538,0.946667,0.946667
0.144939,0.946667,0.946667
0.145341,0.946667,0.946667
0.145743,0.946667,0.946667
0.146145,0.946667,0.946667
0.146547,0.946667,0.946667
0.146948,0.946667,0.946667
0.147350,0.946667,0.946667
0.147752,0.946667,0.946667
0.148153,0.946667,0.946667
0.148555,0.946667,0.946667
0.148958,0.946667,0.946667
0.149360,0.946667,0.946667
0.149762,0.946667,0.946667
0.150163,0.946667,1.046667
0.150564,0.946667,0.946667
0.150965,0.946667,0.946667
0.151367,0.946667,0.946667
0.151768,0.946667,0.946667
0.152170,0.946667,0.946667
0.152572,0.946667,0.946667
0.152973,0.946667,0.946667
0.153375,0.960000,0.946667
0.153777,0.946667,0.946667
0.154179,0.946667,0.946667
0.154580,1.026667,0.946667
0.154981,0.966667,1.033333
0.155382,1.000000,0.946667
0.155784,0.973333,0.946667
0.156185,0.993333,0.946667
0.156586,1.000000,0.946667
0.156988,1.026667,0.960000
0.157389,1.020000,0.966667
0.157791,1.026667,0.946667
0.158192,1.026667,0.986667
0.158594,1.033333,1.013333
0.158995,1.046667,1.020000
0.159397,1.046667,1.033333
0.159799,1.080000,1.033333
0.160200,1.080000,1.053333
0.160601,1.100000,1.053333
0.161002,1.100000,1.053333
0.161403,1.106667,0.986667
0.161804,1.100000,1.073333
0.162205,1.140000,1.106667
0.162606,1.126667,1.033333
0.163009,1.166667,1.053333
0.163410,1.153333,1.113333
0.163811,1.193333,1.173333
0.164212,1.186667,1.300000
0.164615,1.206667,1.146667
0.165016,1.220000,1.173333
0.165417,1.206667,1.173333
0.165818,1.233333,1.206667
0.166219,1.240000,1.200000
0.166620,1.160000,1.206667
0.167021,1.266667,1.206667
0.167423,1.273333,1.206667
0.167824,1.280000,1.246667
0.168225,1.306667,1.300000
0.168626,1.306667,1.233333
0.169028,1.260000,1.246667
0.169430,1.326667,1.286667
0.169831,1.326667,1.066667
0.170232,1.360000,1.293333
0.170633,1.300000,1.206667
0.171034,1.353333,1.360000
0.171436,1.413333,1.326667
0.171837,1.346667,1.386667
0.172238,1.400000,1.213333
0.172639,1.406667,1.360000
0.173040,1.413333,1.366667
0.173443,1.453333,1.386667
0.173844,1.440000,1.366667
0.174245,1.446667,1.386667
0.174646,1.473333,1.420000
0.175049,1.486667,1.393333
0.175450,1.506667,1.420000
0.175851,1.480000,1.426667
0.176252,1.520000,1.326667
0.176653,1.460000,1.560000
0.177054,1.593333,1.460000
0.177456,1.560000,1.453333
0.177858,1.580000,1.513333
0.178259,1.626667,1.520000
0.178660,1.600000,1.526667
0.179062,1.633333,1.206667
0.179463,1.646667,1.473333
0.179864,1.600000,1.540000
0.180266,1.740000,1.573333
0.180667,1.686667,1.573333
0.181070,1.686667,1.613333
0.181471,1.686667,1.600000
0.181872,1.713333,1.620000
0.182275,1.713333,1.613333
0.182676,1.726667,1.606667
0.183078,1.733333,1.660000
0.183479,1.766667,1.653333
0.183880,1.753333,1.726667
0.184281,1.786667,1.700000
0.184682,1.806667,1.720000
0.185084,1.886667,1.726667
0.185485,1.733333,1.766667
0.185886,1.786667,2.046667
0.186288,1.860000,1.740000
0.186689,1.886667,1.766667
0.187090,1.893333,1.766667
0.187492,1.926667,1.786667
0.187895,1.906667,2.020000
0.188297,1.886667,1.846667
0.188699,1.940000,1.826667
0.189100,1.940000,1.840000
0.189503,1.966667,1.860000
0.189904,1.926667,1.880000
0.190306,1.980000,1.880000
0.190707,1.953333,1.906667
0.191109,2.033333,1.926667
0.191511,2.026667,1.926667
0.191912,2.046667,2.166667
0.192314,2.060000,1.966667
0.192715,2.106667,1.966667
0.193118,2.086667,2.000000
0.193519,2.120000,2.000000
0.193922,2.093333,1.993333
0.194323,2.306667,2.106667
0.194724,2.160000,1.980000
0.195126,2.166667,2.026667
0.195527,2.186667,2.073333
0.195929,2.146667,2.086667
0.196330,2.166667,1.913333
0.196731,2.200000,2.120000
0.197132,2.226666,2.093333
0.197534,2.253333,2.140000
0.197935,2.260000,2.200000
0.198337,2.273333,2.200000
0.198738,2.286667,2.153333
0.199140,2.280000,2.193333
0.199541,2.326667,2.213333
0.199942,2.300000,2.200000
0.200343,2.346667,2.260000
0.200745,2.366667,2.260000
0.201146,2.300000,2.513333
0.201548,2.413333,2.286667
0.201949,2.426666,2.340000
0.202351,2.433333,2.333333
0.202753,2.433333,2.200000
0.203155,2.426666,2.346667
0.203557,2.440000,2.340000
0.203958,2.493333,2.620000
0.204359,2.453333,2.413333
0.204761,2.553333,2.406667
0.205162,2.533333,2.353333
0.205563,2.633333,2.420000
0.205964,2.580000,2.433333
0.206365,2.586667,2.453333
0.206767,2.626667,2.493333
0.207168,2.626667,2.493333
0.207570,2.640000,2.513333
0.207973,2.640000,2.520000
0.208375,2.673333,2.540000
0.208776,2.686666,2.566667
0.209178,2.720000,2.666667
0.209581,2.713333,2.613333
0.209982,2.733333,2.613333
0.210384,2.786667,2.580000
0.210785,2.786667,2.646667
0.211187,2.766667,2.666667
0.211588,2.780000,2.773333
0.211989,2.826667,2.660000
0.212390,2.826667,2.700000
0.212791,2.860000,2.573333
0.213193,2.820000,2.726667
0.213594,2.866667,2.766667
0.213997,2.886667,2.766667
0.214398,2.946667,2.786667
0.214799,2.946667,2.800000
0.215200,2.973333,2.786667
0.215601,2.980000,2.800000
0.216004,3.013333,2.880000
0.216405,3.020000,2.866667
0.216807,2.973333,2.880000
0.217208,3.060000,2.913333
0.217609,3.046667,2.786667
0.218011,3.066667,2.946667
0.218417,3.100000,2.946667
0.218818,3.080000,2.960000
0.219219,3.166667,2.973333
0.219620,3.140000,3.013333
0.220021,3.113333,3.013333
0.220423,3.046667,3.040000
0.220824,3.226667,3.066667
0.221225,3.193333,3.040000
0.221627,3.226667,3.113333
0.222028,3.173333,3.133333
0.222430,3.193333,3.106667
0.222831,3.253333,3.133333
0.223232,3.300000,3.153333
0.223633,3.313333,3.166667
0.224034,3.313333,3.193333
0.224436,3.340000,3.200000
0.224839,3.360000,3.226667
0.225241,3.413333,3.240000
0.225643,3.380000,3.240000
0.226044,3.446667,3.273333
0.226445,3.433333,3.293333
0.226846,3.480000,3.313333
0.227248,3.440000,3.313333
0.227649,3.500000,3.346666
0.228050,3.500000,3.346666
0.228451,3.540000,3.220000
0.228852,3.560000,3.293333
0.229254,3.580000,3.400000
0.229655,3.560000,3.426666
0.230056,3.566667,3.500000
0.230458,3.606667,3.453333
0.230861,3.653333,3.493333
0.231262,3.666667,3.500000
0.231663,3.660000,3.500000
0.232066,3.766667,3.540000
0.232469,3.720000,3.506667
0.232871,3.700000,3.520000
0.233272,3.786667,3.593333
0.233674,3.820000,3.573333
0.234075,3.893333,3.593333
0.234477,3.853333,3.653333
0.234878,3.900000,3.653333
0.235280,3.866667,3.660000
0.235682,3.906667,3.713333
0.236083,3.900000,3.620000
0.236484,3.973333,3.746666
0.236885,3.973333,3.806666
0.237287,3.993333,3.740000
0.237688,3.993333,3.833333
0.238090,4.013333,3.846667
0.238492,4.033333,3.833333
0.238893,3.960000,3.886667
0.239294,3.833333,3.926666
0.239695,4.100000,3.900000
0.240096,4.126667,3.933333
0.240498,4.073333,3.880000
0.240899,4.180000,3.986666
0.241301,4.126667,4.046667
0.241702,4.206666,3.926666
0.242104,4.180000,4.020000
0.242505,4.253333,4.040000
0.242906,4.260000,4.080000
0.243307,4.273333,4.066667
0.243708,4.280000,4.106667
0.244109,4.386666,4.046667
0.244511,4.320000,4.126667
0.244914,4.353333,4.153333
0.245316,4.353333,4.173333
0.245718,4.353333,4.206666
0.246119,4.440000,4.186666
0.246520,4.420000,4.273333
0.246921,4.466667,4.246667
0.247322,4.466667,4.226666
0.247723,4.493333,4.293333
0.248126,4.506667,4.446667
0.248527,4.533333,4.326666
0.248928,4.553333,4.360000
0.249329,4.553333,4.380000
0.249730,4.580000,4.380000
0.250131,4.620000,4.393333
0.250532,4.626667,4.386666
0.250933,4.686666,4.420000
0.251334,4.666667,4.460000
0.251736,4.740000,4.480000
0.252137,4.706666,4.480000
0.252539,4.720000,4.533333
0.252940,4.766666,4.540000
0.253341,4.793333,4.540000
0.253742,4.786666,4.573333
0.254144,4.866667,4.593333
0.254545,4.866667,4.606667
0.254946,4.780000,4.660000
0.255348,4.886666,4.633333
0.255749,4.926667,4.693333
0.256150,4.920000,4.700000
0.256551,4.946666,4.713333
0.256952,4.986667,4.786666
0.257354,4.986667,4.713333
0.257755,5.006667,4.833333
0.258157,5.033333,4.800000
0.258558,5.060000,4.940000
0.258960,5.060000,4.940000
0.259361,5.100000,4.846666
0.259762,5.073333,4.813333
0.260164,5.146667,4.940000
0.260566,5.166667,4.940000
0.260967,5.186666,4.940000
0.261369,5.206666,4.980000
0.261770,5.240000,4.973333
0.262173,5.253333,4.813333
0.262574,5.266667,4.726666
0.262976,5.300000,5.100000
0.263377,5.406666,5.060000
0.263779,5.386667,5.100000
0.264181,5.166667,5.093333
0.264583,5.393333,5.146667
0.264984,5.406666,5.100000
0.265385,5.426667,5.180000
0.265787,5.433333,5.146667
0.266188,5.406666,5.233334
0.266590,5.480000,5.226666
0.266991,5.566667,5.200000
0.267392,5.560000,5.286666
0.267793,5.573333,5.280000
0.268194,5.606667,5.293334
0.268595,5.606667,5.326667
0.268997,5.620000,5.393333
0.269398,5.646667,5.360000
0.269799,5.673333,5.386667
0.270200,5.706666,5.413333
0.270601,5.700000,5.240000
0.271003,5.753333,5.453333
0.271404,5.780000,5.486667
0.271805,5.760000,5.539999
0.272207,5.793334,5.520000
0.272608,5.826667,5.573333
0.273009,5.826667,5.580000
0.273411,5.873333,5.586667
0.273812,5.873333,5.586667
0.274213,5.953333,5.613333
0.274615,5.953333,5.613333
0.275016,5.946667,5.680000
0.275417,5.993333,5.706666
0.275818,6.066667,5.706666
0.276219,6.086667,5.733333
0.276621,6.040000,5.760000
0.277022,6.180000,5.800000
0.277423,6.100000,5.820000
0.277824,6.126667,5.820000
0.278225,6.133333,5.853333
0.278627,6.166667,5.946667
0.279028,6.173333,5.526667
0.279430,6.226666,6.186666
0.279831,6.220000,6.046667
0.280232,6.333333,5.946667
0.280633,6.293333,5.953333
0.281036,6.300000,5.993333
0.281437,6.300000,6.006667
0.281839,6.333333,6.040000
0.282240,6.373333,6.060000
0.282641,6.393333,6.100000
0.283042,6.426666,6.120000
0.283444,6.453333,6.113333
0.283845,6.466667,6.166667
0.284246,6.486667,6.200000
0.284647,6.493333,6.160000
0.285049,6.520000,6.226666
0.285450,6.540000,6.280000
0.285853,6.573333,6.280000
0.286254,6.640000,6.286667
0.286655,6.593333,6.306666
0.287058,6.706667,6.093333
0.287459,6.706667,6.380000
0.287862,6.826667,6.373333
0.288263,6.686666,6.326666
0.288665,6.773334,6.540000
0.289066,6.793334,6.440000
0.289467,6.820000,6.466667
0.289868,6.840000,6.486667
0.290271,6.860000,6.513333
0.290672,6.893333,6.546667
0.291074,6.913333,6.546667
0.291476,6.940000,6.626667
0.291878,6.946667,6.653333
0.292280,6.973333,6.653333
0.292681,7.000000,6.706667
0.293082,7.086666,6.713333
0.293484,7.033333,6.720000
0.293885,7.086666,6.753333
0.294287,7.126667,6.766666
0.294688,7.180000,6.740000
0.295091,7.173333,6.813333
0.295492,7.166667,6.640000
0.295893,7.213333,6.866666
0.296294,7.093333,6.906667
0.296696,7.253334,7.046667
0.297099,7.280000,6.893333
0.297500,7.286667,6.960000
0.297901,7.340000,6.986666
0.298302,7.386667,7.000000
0.298704,7.346666,7.026667
0.299106,7.453333,7.073333
0.299508,7.426666,7.073333
0.299909,7.426666,7.020000
0.300310,7.473333,7.133334
0.300711,7.506667,7.166667
0.301112,7.520000,7.200000
0.301513,7.440000,7.226666
0.301914,7.573333,7.193333
0.302315,7.600000,7.233334
0.302716,7.600000,7.260000
0.303119,7.600000,7.266667
0.303521,7.666667,7.286667
0.303922,7.679999,7.660000
0.304324,7.686666,7.346666
0.304725,7.720000,7.540000
0.305127,7.780000,7.666667
0.305529,7.773333,7.413333
0.305930,7.826667,7.433333
0.306331,7.860000,7.453333
0.306732,7.866666,7.486667
0.307134,7.880000,7.513333
0.307536,7.920000,7.513333
0.307937,7.933333,7.573333
0.308338,7.980000,7.540000
0.308739,8.006666,7.653333
0.309140,8.033334,7.966667
0.309541,8.006666,7.606667
0.309944,8.100000,7.673333
0.310345,8.033334,7.566667
0.310747,8.093333,7.806666
0.311148,8.113333,7.740000
0.311550,8.160000,7.813334
0.311951,8.146667,7.800000
0.312352,8.213333,7.486667
0.312753,8.233334,7.826667
0.313155,8.259999,7.866666
0.313557,8.280000,7.960000
0.313958,8.293333,7.900000
0.314360,8.346666,7.953333
0.314762,8.333333,7.940000
0.315163,8.366667,7.986666
0.315565,8.413333,8.046666
0.315967,8.446666,7.980000
0.316368,8.433333,8.040000
0.316769,8.486667,7.953333
0.317170,8.520000,8.086667
0.317572,8.540000,8.126666
0.317973,8.566667,8.166667
0.318375,8.573333,8.146667
0.318776,8.620000,8.206666
0.319178,8.566667,8.213333
0.319579,8.653333,8.240000
0.319980,8.680000,8.240000
0.320382,8.693334,8.306666
0.320783,8.719999,8.313333
0.321184,8.726666,8.333333
0.321586,8.760000,8.179999
0.321987,8.793333,8.373333
0.322388,8.820000,8.393332
0.322790,8.853333,8.400000
0.323192,8.913333,8.453333
0.323593,8.900000,8.473333
0.323994,8.926666,8.493334
0.324395,8.953334,8.566667
0.324796,8.960000,8.540000
0.325197,9.066667,8.573333
0.325599,9.033333,8.586666
0.326001,9.066667,8.606667
0.326402,9.080000,8.620000
0.326804,9.033333,8.666666
0.327205,9.153334,8.660000
0.327606,9.140000,8.726666
0.328007,9.193333,8.740000
0.328409,9.206667,8.760000
0.328810,9.233333,8.893333
0.329212,9.253333,8.760000
0.329614,9.260000,8.780000
0.330016,9.333333,8.860000
0.330417,9.266666,8.893333
0.330818,9.313333,8.913333
0.331221,9.346666,8.920000
0.331623,9.393333,8.946667
0.332024,9.466666,9.000000
0.332427,9.486667,8.973332
0.332830,9.620000,9.026667
0.333231,9.559999,9.039999
0.333633,9.559999,9.086667
0.334035,9.600000,9.086667
0.334437,9.633333,9.099999
0.334838,9.626666,9.073333
0.335240,9.680000,9.153334
0.335642,9.633333,9.213333
0.336044,9.700000,9.233333
0.336445,9.719999,9.246666
0.336848,9.746667,9.260000
0.337250,9.759999,9.320000
0.337653,9.780000,9.346666
0.338054,9.900000,9.340000
0.338456,9.853333,9.340000
0.338857,9.880000,9.266666
0.339258,9.913333,9.346666
0.339660,9.946667,9.346666
0.340061,9.959999,9.473333
0.340463,9.973333,9.126666
0.340864,10.013333,9.553333
0.341265,10.026666,9.540000
0.341666,10.073334,9.566666
0.342068,10.053333,9.600000
0.342470,10.053333,9.620000
0.342871,10.140000,9.633333
0.343274,10.160000,9.680000
0.343675,10.186666,9.713333
0.344078,10.179999,9.753333
0.344479,10.186666,9.740000
0.344881,10.246666,9.786667
0.345283,10.299999,9.780000
0.345685,10.340000,9.839999
0.346086,10.320000,9.820000
0.346488,10.340000,9.833333
0.346889,10.426666,9.793333
0.347290,10.333333,9.893332
0.347691,10.440000,9.953333
0.348092,10.473333,9.959999
0.348493,10.540000,9.973333
0.348894,10.553332,9.993333
0.349295,10.506666,10.006667
0.349696,10.540000,10.053333
0.350097,10.580000,10.080000
0.350498,10.500000,10.073334
0.350900,10.633333,10.126667
0.351302,10.666667,10.133333
0.351703,10.666667,10.160000
0.352106,10.713333,10.179999
0.352507,10.753333,10.166666
0.352909,10.720000,10.226666
0.353310,10.720000,10.266666
0.353712,10.840000,10.313334
0.354114,10.840000,10.473333
0.354516,10.853333,10.593333
0.354917,10.840000,10.353333
0.355318,10.920000,10.393333
0.355719,10.920000,10.406667
0.356120,10.933333,10.426666
0.356521,11.000000,10.473333
0.356924,11.020000,10.466667
0.357326,11.020000,10.486666
0.357727,11.026667,10.506666
0.358128,11.086666,10.546666
0.358531,11.126667,10.586667
0.358932,11.126667,10.613333
0.359334,11.166666,10.513333
0.359736,11.186666,10.666667
0.360137,11.206666,10.660000
0.360538,11.193334,10.653334
0.360940,11.213333,10.726666
0.361341,11.286666,10.693333
0.361742,11.300000,10.733334
0.362143,11.333333,10.773334
0.362544,11.360000,10.813333
0.362945,11.366667,10.780000
0.363346,11.386666,10.866667
0.363748,11.393333,10.900000
0.364149,11.453334,10.900000
0.364551,11.480000,10.926667
0.364952,11.486667,10.940000
0.365354,11.520000,10.966666
0.365756,11.633333,11.020000
0.366157,11.513333,11.053333
0.366558,11.613333,11.046666
0.366961,11.613333,11.079999
0.367362,11.660000,11.086666
0.367763,11.706667,11.106667
0.368164,11.693333,11.099999
0.368566,11.766666,11.126667
0.368967,11.753333,11.160000
0.369369,11.726666,11.166666
0.369770,11.813333,11.246667
0.370171,11.806666,11.146667
0.370572,11.806666,11.020000
0.370975,11.879999,11.313334
0.371377,11.920000,11.360000
0.371779,12.100000,11.353333
0.372181,11.986667,11.386666
0.372583,11.973333,11.386666
0.372984,11.986667,11.386666
0.373385,12.026667,11.440000
0.373786,12.033333,11.460000
0.374188,12.066666,11.539999
0.374590,12.113334,11.353333
0.374991,12.133333,11.539999
0.375392,12.139999,11.539999
0.375793,12.026667,11.539999
0.376194,12.266666,11.599999
0.376596,12.246667,11.640000
0.376998,12.293333,11.446667
0.377399,12.286667,11.660000
0.377800,12.286667,11.633333
0.378201,12.273333,11.733333
0.378603,12.380000,11.660000
0.379004,12.373333,11.720000
0.379405,12.386666,11.799999
0.379806,12.360000,11.726666
0.380209,12.446667,11.846666
0.380610,12.486667,11.746666
0.381011,12.500000,11.893333
0.381416,12.559999,11.906667
0.381817,12.540000,11.926666
0.382218,12.493333,11.973333
0.382619,12.660000,11.986667
0.383020,12.593333,11.973333
0.383423,12.633333,12.040000
0.383824,12.666666,12.066666
0.384225,12.706667,12.080000
0.384626,12.826667,12.059999
0.385027,12.726666,12.073333
0.385429,12.766666,12.186666
0.385830,12.780000,12.226666
0.386231,12.853333,12.186666
0.386632,12.813334,12.360000
0.387033,12.853333,12.246667
0.387435,12.906667,12.506667
0.387836,12.973333,12.326666
0.388237,12.953333,12.333333
0.388639,12.953333,12.400000
0.389040,12.966667,12.380000
0.389442,12.993333,12.393332
0.389845,13.026667,12.420000
0.390246,13.073333,12.420000
0.390647,13.086667,12.473333
0.391048,13.113333,12.486667
0.391450,13.113333,12.506667
0.391851,13.120000,12.493333
0.392252,13.133333,12.520000
0.392654,13.200000,12.580000
0.393055,13.213333,12.586666
0.393457,13.213333,12.526666
0.393858,13.253333,12.626667
0.394260,13.286667,12.599999
0.394662,13.320000,12.740000
0.395063,13.320000,12.679999
0.395464,13.366667,12.733333
0.395866,13.413334,12.706667
0.396269,13.393333,12.613333
0.396671,13.466666,12.766666
0.397072,13.460000,12.826667
0.397473,13.480000,12.846666
0.397875,13.480000,12.793333
0.398276,13.526667,12.793333
0.398678,13.539999,12.886666
0.399080,13.546667,12.919999
0.399482,13.633333,12.886666
0.399883,13.606666,12.946667
0.400286,13.599999,12.786666
0.400687,13.633333,13.013333
0.401088,13.673334,13.286667
0.401490,13.706666,13.046666
0.401891,13.740001,13.100000
0.402293,13.726666,13.133333
0.402694,13.779999,13.120000
0.403095,13.813334,13.153334
0.403498,13.846665,13.153334
0.403900,13.860000,13.186666
0.404301,13.880000,13.213333
0.404703,13.900000,13.300000
0.405104,13.880000,13.280000
0.405505,13.940001,13.266666
0.405906,13.986667,13.286667
0.406308,13.993333,13.320000
0.406709,13.993333,13.326666
0.407112,13.986667,13.440000
0.407513,14.006667,13.379999
0.407915,14.080000,13.379999
0.408316,14.126666,13.440000
0.408717,14.133332,13.433333
0.409118,14.160000,13.466666
0.409519,14.173332,13.466666
0.409920,14.180000,13.506666
0.410321,14.259999,13.539999
0.410723,14.219999,13.593333
0.411126,14.253333,13.553333
0.411528,14.213333,13.606666
0.411929,14.286666,13.626666
0.412330,14.406667,13.646666
0.412731,14.439999,13.653334
0.413132,14.346666,13.713332
0.413534,14.446667,13.706666
0.413935,14.380000,13.759999
0.414336,14.446667,13.779999
0.414737,14.466667,13.773333
0.415138,14.466667,13.779999
0.415539,14.520000,14.053333
0.415940,14.540000,13.853333
0.416342,14.546666,13.900000
0.416744,14.633332,13.900000
0.417145,14.593332,13.900000
0.417546,14.613333,13.913332
0.417947,14.626666,13.926666
0.418348,14.673333,13.993333
0.418750,14.686666,14.013333
0.419151,14.706667,13.993333
0.419552,14.693333,14.086666
0.419953,14.706667,14.046667
0.420354,14.740000,14.066666
0.420756,14.846666,13.799999
0.421157,14.820000,14.086666
0.421559,14.873333,14.099999
0.421960,14.866667,14.193333
0.422361,14.906667,14.166666
0.422762,14.893332,14.259999
0.423163,14.899999,14.200001
0.423565,14.933333,14.246667
0.423966,14.953333,14.233333
0.424368,14.953333,14.266667
0.424770,15.006666,14.313334
0.425171,15.073333,14.333334
0.425572,15.119999,14.340000
0.425973,15.146667,14.326666
0.426375,15.146667,14.346666
0.426777,15.186667,14.353333
0.427178,15.166667,14.400001
0.427579,15.226665,14.493333
0.427980,15.179999,14.446667
0.428381,15.280000,14.486667
0.428782,15.219999,14.506667
0.429185,15.260000,14.520000
0.429586,15.320001,14.506667
0.429988,15.240000,14.553333
0.430389,15.426665,14.580000
0.430790,15.373333,14.600000
0.431192,15.379999,14.600000
0.431593,15.379999,14.633332
0.431996,15.413333,14.646667
0.432397,15.453334,14.666667
0.432798,15.480000,14.679999
0.433199,15.466666,14.693333
0.433600,15.506666,14.780000
0.434001,15.586667,14.753333
0.434402,15.560000,14.520000
0.434803,15.579999,14.793334
0.435205,15.533333,14.806666
0.435606,15.553332,14.833332
0.436007,15.633333,14.873333
0.436408,15.679999,14.893332
0.436809,15.660000,14.873333
0.437211,15.673333,14.933333
0.437613,15.713334,14.926667
0.438015,15.799999,14.886666
0.438417,15.700000,14.953333
0.438819,15.860000,14.933333
0.439220,15.813333,14.953333
0.439621,15.866667,14.953333
0.440022,15.846667,14.953333
0.440423,15.879999,15.086666
0.440825,15.900000,14.953333
0.441226,15.906666,15.173333
0.441627,15.900000,15.159999
0.442028,15.973332,15.139999
0.442430,15.893333,15.219999
0.442831,15.980000,15.253334
0.443232,16.039999,15.273333
0.443633,16.026667,15.260000
0.444036,16.093332,15.306666
0.444437,16.066668,15.320001
0.444838,16.093332,15.466666
0.445239,16.113333,15.333333
0.445640,16.139999,15.579999
0.446041,16.173334,15.433333
0.446442,16.186666,15.313333
0.446843,16.200001,15.413333
0.447246,16.233332,15.426665
0.447647,16.266666,15.460000
0.448048,16.273333,15.486666
0.448450,16.286667,15.486666
0.448851,16.279999,15.486666
0.449252,16.326666,15.546666
0.449653,16.386665,15.573333
0.450054,16.359999,15.566667
0.450457,16.433332,15.573333
0.450859,16.413332,15.606667
0.451260,16.446667,15.606667
0.451661,16.446667,15.653334
0.452062,16.453333,15.660000
0.452465,16.466667,15.773333
0.452866,16.513332,15.660000
0.453267,16.566666,15.806666
0.453669,16.559999,15.746666
0.454070,16.606667,15.733333
0.454471,16.559999,15.746666
0.454874,16.626665,15.853333
0.455275,16.619999,15.793333
0.455676,16.639999,15.833333
0.456077,16.666666,15.873333
0.456478,16.673332,15.860000
0.456879,16.726667,15.886665
0.457281,16.759998,15.906666
0.457683,16.740000,15.940000
0.458085,16.773333,15.980000
0.458486,16.759998,16.020000
0.458888,16.799999,15.993333
0.459290,16.766666,16.006666
0.459692,16.846666,16.086666
0.460093,16.833334,16.006666
0.460495,16.886665,16.039999
0.460898,16.866667,16.166666
0.461299,16.873333,16.099998
0.461700,16.886665,16.099998
0.462101,16.900000,16.406666
0.462503,16.933332,16.166666
0.462904,16.893332,16.146666
0.463306,16.946667,16.133333
0.463708,16.959999,16.126665
0.464109,16.959999,16.213333
0.464511,16.986668,16.233332
0.464913,17.000000,16.259998
0.465315,17.033333,16.313334
0.465716,17.033333,16.286667
0.466117,17.033333,16.279999
0.466518,17.073334,16.333334
0.466919,17.126667,16.359999
0.467321,17.126667,16.333334
0.467723,17.133333,16.353333
0.468125,17.126667,16.420000
0.468526,17.139999,16.393333
0.468927,17.173332,16.446667
0.469329,17.193333,16.386665
0.469730,17.179998,16.466667
0.470132,17.173332,16.473333
0.470533,17.226667,16.486666
0.470934,17.333332,16.526667
0.471336,17.253334,16.519999
0.471737,17.253334,16.519999
0.472139,17.293333,16.573334
0.472540,17.286665,16.619999
0.472941,17.326666,16.619999
0.473342,17.333332,16.606667
0.473743,17.366667,16.633331
0.474144,17.353333,16.613333
0.474546,17.386667,16.673332
0.474947,17.353333,16.680000
0.475349,17.400000,16.660000
0.475750,17.413332,16.706667
0.476151,17.453333,16.680000
0.476552,17.446667,16.713333
0.476954,17.466665,16.759998
0.477356,17.473333,16.759998
0.477757,17.480000,16.786665
0.478159,17.500000,16.786665
0.478560,17.539999,16.786665
0.478962,17.606667,16.820000
0.479364,17.553331,16.820000
0.479766,17.593332,16.826666
0.480169,17.580000,16.906666
0.480571,17.619999,16.853334
0.480972,17.619999,16.853334
0.481373,17.633333,16.866667
0.481774,17.666666,16.879999
0.482176,17.673332,16.906666
0.482577,17.713333,16.913332
0.482978,17.660000,16.906666
0.483379,17.733334,16.973333
0.483781,17.719999,16.933332
0.484182,17.746666,16.959999
0.484584,17.766666,16.973333
0.484985,17.753334,16.966667
0.485386,17.753334,16.993334
0.485787,17.766666,17.026665
0.486188,17.806665,17.086666
0.486590,17.873333,16.946667
0.486991,17.859999,17.059999
0.487392,17.859999,17.073334
0.487793,17.946665,17.039999
0.488195,17.893333,17.073334
0.488597,17.906668,17.100000
0.488998,17.900000,17.133333
0.489399,17.926666,17.146666
0.489800,17.946665,17.179998
0.490201,17.959999,17.126667
0.490603,17.966665,17.193333
0.491004,18.006666,17.179998
0.491406,17.986666,17.186666
0.491807,18.006666,17.233334
0.492209,18.006666,17.219999
0.492611,18.040001,17.286665
0.493013,18.033333,17.093332
0.493417,18.033333,17.386667
0.493819,18.066666,17.266666
0.494220,18.106667,17.333332
0.494621,18.099998,17.286665
0.495022,18.099998,17.333332
0.495424,18.139999,17.333332
0.495825,18.139999,17.360001
0.496226,18.126667,17.446667
0.496628,18.153334,17.360001
0.497029,18.206665,17.346666
0.497430,18.213333,17.393333
0.497831,18.206665,17.380001
0.498233,18.213333,17.360001
0.498634,18.246666,17.459999
0.499035,18.199999,17.433332
0.499438,18.286667,17.473333
0.499839,18.273333,17.533333
0.500241,18.273333,17.459999
0.500642,18.280001,17.473333
0.501043,18.260000,17.526667
0.501444,18.333332,17.573332
0.501845,18.339998,17.539999
0.502246,18.366667,17.506666
0.502647,18.346666,17.586666
0.503048,18.386665,17.586666
0.503450,18.393333,17.573332
0.503851,18.393333,17.606667
0.504252,18.440001,17.686666
0.504653,18.400000,17.933332
0.505055,18.406666,17.639999
0.505457,18.420000,17.673332
0.505858,18.433334,17.653334
0.506259,18.453333,17.653334
0.506660,18.480000,17.679998
0.507062,18.480000,17.706665
0.507464,18.493332,17.653334
0.507865,18.506666,17.600000
0.508266,18.513332,17.719999
0.508667,18.533333,17.713333
0.509068,18.553333,17.746666
0.509469,18.660000,17.733334
0.509870,18.566668,17.793333
0.510271,18.553333,17.813332
0.510672,18.593332,17.760000
0.511074,18.633333,17.793333
0.511476,18.593332,17.826666
0.511878,18.626665,17.813332
0.512279,18.660000,17.813332
0.512681,18.700001,17.813332
0.513082,18.653334,17.526667
0.513485,18.666666,17.613333
0.513886,18.700001,17.879999
0.514287,18.680000,17.873333
0.514688,18.706667,17.886667
0.515089,18.693333,17.820000
0.515490,18.700001,17.886667
0.515892,18.733332,17.920000
0.516294,18.753332,17.893333
0.516696,18.746666,17.953333
0.517097,18.759998,17.926666
0.517498,18.773333,17.953333
0.517899,18.773333,17.973333
0.518300,18.766666,18.013332
0.518702,18.813334,17.980000
0.519103,18.806667,18.000000
0.519504,18.840000,18.020000
0.519906,18.833334,18.013332
0.520307,18.853333,18.006666
0.520709,18.840000,18.160000
0.521110,18.826666,17.813332
0.521511,18.826666,18.013332
0.521912,18.873333,18.006666
0.522314,18.940001,18.079998
0.522716,18.866665,18.113333
0.523118,18.859999,18.079998
0.523519,18.940001,18.086666
0.523920,18.906666,18.106667
0.524322,18.926666,18.099998
0.524724,18.920000,18.126667
0.525126,18.940001,18.099998
0.525528,18.973333,18.126667
0.525929,18.960001,18.139999
0.526331,18.993332,18.206665
0.526732,18.993332,18.186666
0.527133,18.999998,18.286667
0.527534,19.046667,18.166666
0.527935,19.039999,18.193333
0.528337,19.033333,18.160000
0.528738,19.006666,18.193333
0.529140,19.119999,18.233332
0.529541,19.046667,18.086666
0.529942,19.066666,18.213333
0.530344,19.066666,18.333332
0.530746,19.113333,18.273333
0.531147,19.100000,18.273333
0.531549,19.106667,18.253332
0.531950,19.106667,18.273333
0.532351,19.126665,18.273333
0.532752,19.113333,18.273333
0.533153,19.126665,18.320000
0.533555,19.106667,18.306667
0.533957,19.166666,18.306667
0.534358,19.160000,18.333332
0.534760,19.193333,18.293333
0.535162,19.160000,18.320000
0.535565,19.166666,18.219999
0.535967,19.193333,18.400000
0.536368,19.193333,18.313334
0.536769,19.186666,18.359999
0.537171,19.240000,18.359999
0.537573,19.226667,18.486666
0.537974,19.219999,18.400000
0.538375,19.186666,18.400000
0.538776,19.240000,18.373333
0.539178,19.273333,18.400000
0.539579,19.259998,18.400000
0.539980,19.439999,18.406666
0.540381,19.226667,18.426666
0.540782,19.293333,18.480000
0.541184,19.346666,18.426666
0.541585,19.293333,18.426666
0.541986,19.299999,18.446667
0.542388,19.306665,18.473331
0.542790,19.279999,18.433334
0.543191,19.340000,18.506666
0.543593,19.353334,18.459999
0.543994,19.393332,18.459999
0.544395,19.340000,18.513332
0.544796,19.360001,18.506666
0.545197,19.379999,18.526667
0.545599,19.379999,18.346666
0.546000,19.353334,18.533333
0.546402,19.386665,18.426666
0.546804,19.273333,18.526667
0.547207,19.413332,18.473331
0.547608,19.413332,18.533333
0.548010,19.400000,18.553333
0.548411,19.466667,18.573334
0.548812,19.426666,18.566668
0.549213,19.406666,18.539999
0.549615,19.439999,18.613333
0.550016,19.453333,18.580000
0.550417,19.459999,18.580000
0.550818,19.453333,18.580000
0.551220,19.480000,18.599998
0.551622,19.486668,18.599998
0.552024,19.453333,18.706667
0.552425,19.466667,18.646666
0.552826,19.459999,18.639999
0.553228,19.459999,18.626665
0.553630,19.480000,18.606665
0.554031,19.513332,18.619999
0.554433,19.473333,18.700001
0.554834,19.539999,18.733332
0.555235,19.506666,18.766666
0.555637,19.506666,18.726665
0.556038,19.539999,18.660000
0.556439,19.539999,18.666666
0.556840,19.533333,18.660000
0.557242,19.519999,18.673334
0.557644,19.546665,18.713333
0.558045,19.553333,18.673334
0.558446,19.573334,18.693333
0.558848,19.580000,18.726665
0.559250,19.586666,18.719999
0.559653,19.513332,18.719999
0.560054,19.580000,18.693333
0.560456,19.593332,18.680000
0.560857,19.633333,18.693333
0.561259,19.653332,18.719999
0.561660,19.620001,18.740000
0.562061,19.620001,18.726665
0.562463,19.633333,18.900000
0.562864,19.713333,18.753332
0.563266,19.659998,18.726665
0.563667,19.633333,18.733332
0.564069,19.679998,18.766666
0.564471,19.639999,18.753332
0.564873,19.653332,18.766666
0.565275,19.659998,18.759998
0.565676,19.633333,18.773333
0.566078,19.659998,18.733332
0.566479,19.673332,18.779999
0.566881,19.646666,18.786667
0.567282,19.699999,18.773333
0.567684,19.653332,18.719999
0.568085,19.573334,18.786667
0.568486,19.706667,18.779999
0.568887,19.686666,18.793333
0.569288,19.686666,18.840000
0.569689,19.673332,18.926666
0.570091,19.693333,18.786667
0.570492,19.719999,19.046667
0.570893,19.693333,18.826666
0.571295,19.733334,18.999998
0.571696,19.693333,18.806667
0.572098,19.693333,18.813334
0.572499,19.699999,18.840000
0.572900,19.726667,18.833334
0.573301,19.713333,18.840000
0.573702,19.706667,18.820000
0.574103,19.740000,18.853333
0.574505,19.726667,18.886665
0.574906,19.740000,18.826666
0.575307,19.726667,18.826666
0.575708,19.746666,18.853333
0.576109,19.733334,18.833334
0.576511,19.719999,18.793333
0.576912,19.740000,18.846666
0.577314,19.766666,18.820000
0.577716,19.719999,18.859999
0.578118,19.746666,18.853333
0.578519,19.740000,18.859999
0.578920,19.766666,18.866665
0.579322,19.766666,18.853333
0.579724,19.753334,18.873333
0.580125,19.746666,18.873333
0.580526,19.746666,18.853333
0.580927,19.760000,18.879999
0.581328,19.766666,18.873333
0.581729,19.746666,18.873333
0.582130,19.753334,18.879999
0.582532,19.779999,18.879999
0.582933,19.786665,18.879999
0.583334,19.753334,18.879999
0.583735,19.779999,18.879999
0.584136,19.813332,18.886665
0.584538,19.766666,18.873333
0.584939,19.746666,18.926666
0.585341,19.760000,18.940001
0.585743,19.766666,18.906666
0.586144,19.753334,18.920000
0.586545,19.806665,18.879999
0.586946,19.766666,18.913332
0.587348,19.799999,18.886665
0.587750,19.719999,18.759998
0.588151,19.793333,19.279999
0.588552,19.866667,18.893333
0.588953,19.840000,18.879999
0.589354,19.779999,18.900000
0.589755,19.799999,18.879999
0.590156,19.813332,18.920000
0.590558,19.786665,18.886665
0.590959,19.779999,18.886665
0.591361,19.806665,18.906666
0.591762,19.773333,18.906666
0.592164,19.799999,18.913332
0.592565,19.779999,18.940001
0.592967,19.793333,18.906666
0.593368,19.793333,18.920000
0.593769,19.799999,18.906666
0.594171,19.793333,18.900000
0.594572,19.779999,18.879999
0.594973,19.793333,18.886665
0.595374,19.773333,18.879999
0.595775,19.786665,18.879999
0.596176,19.746666,18.940001
0.596578,19.786665,18.920000
0.596979,19.833332,18.973333
0.597381,19.779999,18.893333
0.597783,19.760000,18.893333
0.598185,19.786665,18.926666
0.598586,19.786665,18.886665
0.598987,19.793333,18.920000
0.599389,19.806665,18.906666
0.599791,19.793333,18.879999
0.600193,19.799999,18.900000
0.600594,19.833332,18.920000
0.600996,19.686666,18.806667
0.601397,19.866667,18.786667
0.601798,19.779999,18.820000
0.602199,19.766666,18.840000
0.602600,19.773333,18.900000
0.603001,19.746666,18.859999
0.603403,19.760000,18.879999
0.603804,19.766666,18.879999
0.604206,19.740000,18.926666
0.604608,19.779999,18.926666
0.605009,19.760000,18.879999
0.605410,19.773333,18.873333
0.605811,19.760000,18.866665
0.606212,19.746666,18.873333
0.606613,19.746666,18.879999
0.607014,19.766666,18.873333
0.607417,19.760000,18.879999
0.607818,19.773333,18.866665
0.608219,19.779999,18.873333
0.608620,19.719999,18.866665
0.609021,19.740000,18.873333
0.609423,19.733334,18.826666
0.609824,19.786665,18.840000
0.610226,19.746666,18.859999
0.610628,19.686666,18.873333
0.611030,19.773333,18.820000
0.611431,19.673332,18.826666
0.611832,19.746666,18.833334
0.612233,19.786665,18.920000
0.612635,19.699999,18.606665
0.613037,19.753334,18.799999
0.613438,19.719999,18.940001
0.613839,19.726667,18.526667
0.614241,19.733334,18.859999
0.614642,19.726667,18.813334
0.615043,19.719999,18.806667
0.615444,19.693333,18.813334
0.615845,19.686666,18.793333
0.616247,19.659998,18.840000
0.616648,19.713333,18.793333
0.617049,19.686666,18.766666
0.617451,19.679998,18.779999
0.617852,19.686666,18.813334
0.618253,19.653332,18.806667
0.618654,19.693333,18.793333
0.619055,19.653332,18.779999
0.619457,19.679998,18.766666
0.619858,19.679998,18.766666
0.620259,19.706667,18.793333
0.620660,19.666666,18.786667
0.621062,19.653332,18.766666
0.621464,19.699999,18.740000
0.621865,19.646666,18.639999
0.622266,19.639999,18.766666
0.622667,19.633333,18.740000
0.623068,19.626667,18.719999
0.623470,19.600000,18.746666
0.623871,19.626667,18.766666
0.624273,19.633333,18.719999
0.624675,19.620001,18.746666
0.625076,19.606667,18.753332
0.625478,19.633333,18.660000
0.625879,19.653332,18.719999
0.626281,19.639999,18.719999
0.626682,19.606667,18.713333
0.627084,19.600000,18.766666
0.627485,19.566666,18.673334
0.627886,19.559999,18.646666
0.628287,19.573334,18.746666
0.628689,19.513332,18.706667
0.629090,19.519999,18.759998
0.629491,19.533333,18.660000
0.629892,19.533333,18.673334
0.630293,19.566666,18.533333
0.630694,19.559999,18.673334
0.631095,19.539999,18.653334
0.631497,19.539999,18.646666
0.631899,19.526665,18.646666
0.632300,19.480000,18.646666
0.632701,19.526665,18.646666
0.633102,19.519999,18.613333
0.633504,19.513332,18.626665
0.633905,19.473333,18.639999
0.634308,19.553333,18.599998
0.634709,19.506666,18.606665
0.635110,19.473333,18.626665
0.635511,19.473333,18.606665
0.635912,19.573334,18.586666
0.636314,19.446667,18.566668
0.636716,19.433332,18.586666
0.637117,19.453333,18.580000
0.637518,19.406666,18.573334
0.637919,19.420000,18.406666
0.638320,19.426666,18.626665
0.638721,19.400000,18.606665
0.639123,19.406666,18.533333
0.639525,19.413332,18.566668
0.639926,19.386665,18.539999
0.640328,19.379999,18.559999
0.640729,19.393332,18.520000
0.641131,19.379999,18.506666
0.641532,19.366667,18.526667
0.641933,19.373333,18.533333
0.642334,19.340000,18.493332
0.642735,19.299999,18.486666
0.643136,19.340000,18.466665
0.643538,19.379999,18.459999
0.643939,19.379999,18.493332
0.644341,19.286665,18.459999
0.644742,19.333334,18.473331
0.645143,19.346666,18.446667
0.645545,19.279999,18.566668
0.645946,19.313334,18.566668
0.646347,19.293333,18.573334
0.646749,19.253332,18.353333
0.647151,19.279999,18.406666
0.647552,19.266666,18.400000
0.647953,19.286665,18.386665
0.648355,19.246666,18.400000
0.648757,19.246666,18.333332
0.649158,19.226667,18.400000
0.649559,19.226667,18.366667
0.649960,19.226667,18.353333
0.650362,19.219999,18.379999
0.650764,19.186666,18.253332
0.651165,19.166666,18.346666
0.651567,19.166666,18.333332
0.651968,19.166666,18.306667
0.652370,19.166666,18.333332
0.652771,19.146666,18.293333
0.653172,19.080000,18.306667
0.653573,19.139999,18.306667
0.653974,19.146666,18.280001
0.654376,19.019999,18.206665
0.654777,19.119999,18.406666
0.655179,19.106667,18.233332
0.655580,19.093334,18.079998
0.655981,19.100000,18.253332
0.656383,19.133331,18.253332
0.656785,19.053333,18.199999
0.657186,19.066666,18.253332
0.657587,19.119999,18.213333
0.657988,19.059999,18.213333
0.658389,19.053333,18.193333
0.658791,19.046667,18.206665
0.659192,19.013332,18.206665
0.659594,19.006666,18.180000
0.659996,19.006666,18.186666
0.660397,18.986666,18.146666
0.660799,18.986666,18.146666
0.661200,18.920000,18.106667
0.661601,18.940001,18.213333
0.662002,18.986666,18.093332
0.662403,18.953333,18.106667
0.662805,18.906666,17.980000
0.663208,18.806667,18.079998
0.663609,19.013332,18.086666
0.664010,18.906666,18.099998
0.664411,18.873333,18.053333
0.664812,18.906666,18.086666
0.665213,18.779999,18.066666
0.665614,18.866665,18.026667
0.666015,18.866665,18.099998
0.666417,18.866665,18.026667
0.666818,18.893333,18.026667
0.667220,18.793333,17.746666
0.667621,18.773333,17.959999
0.668022,18.793333,17.973333
0.668424,18.773333,17.959999
0.668825,18.779999,17.973333
0.669226,18.759998,17.953333
0.669627,18.773333,17.946665
0.670028,18.820000,17.893333
0.670430,18.740000,17.953333
0.670833,18.706667,17.966665
0.671235,18.740000,17.953333
0.671636,18.726665,17.980000
0.672037,18.653334,17.900000
0.672439,18.680000,17.859999
0.672841,18.700001,17.973333
0.673242,18.626665,17.873333
0.673643,18.646666,17.859999
0.674044,18.646666,17.846666
0.674446,18.606665,17.813332
0.674848,18.613333,17.820000
0.675249,18.599998,17.746666
0.675650,18.586666,17.766666
0.676051,18.599998,17.793333
0.676452,18.573334,17.746666
0.676853,18.539999,17.773333
0.677254,18.553333,17.666666
0.677655,18.553333,17.746666
0.678056,18.539999,17.813332
0.678457,18.520000,17.719999
0.678858,18.500000,17.719999
0.679259,18.466665,17.746666
0.679660,18.500000,17.766666
0.680062,18.500000,17.726665
0.680464,18.453333,17.719999
0.680865,18.446667,17.719999
0.681266,18.433334,17.619999
0.681667,18.413334,17.639999
0.682068,18.413334,17.613333
0.682470,18.393333,17.613333
0.682872,18.400000,17.633333
0.683274,18.379999,17.606667
0.683675,18.379999,17.539999
0.684077,18.353333,17.539999
0.684478,18.306667,17.686666
0.684879,18.326666,17.513334
0.685281,18.306667,17.606667
0.685682,18.306667,17.506666
0.686083,18.293333,17.473333
0.686485,18.280001,17.473333
0.686886,18.260000,17.473333
0.687287,18.293333,17.600000
0.687689,18.260000,17.373333
0.688090,18.240000,17.360001
0.688492,18.193333,17.400000
0.688893,18.186666,17.419998
0.689294,18.240000,17.386667
0.689696,18.180000,17.400000
0.690097,18.180000,17.393333
0.690498,18.146666,17.340000
0.690900,18.166666,17.386667
0.691301,18.079998,17.326666
0.691703,18.119999,17.333332
0.692104,18.133333,17.293333
0.692505,18.099998,17.293333
0.692906,18.093332,17.320000
0.693307,18.199999,17.159998
0.693708,18.073332,17.273333
0.694109,18.026667,17.266666
0.694511,18.020000,17.219999
0.694913,18.073332,17.219999
0.695315,18.073332,17.233334
0.695718,18.013332,17.233334
0.696119,18.046667,17.179998
0.696520,17.926666,17.186666
0.696921,17.959999,17.173332
0.697322,17.920000,17.139999
0.697723,17.920000,17.126667
0.698124,17.900000,17.126667
0.698525,17.893333,17.106667
0.698926,17.879999,17.100000
0.699327,17.906668,17.073334
0.699728,17.900000,17.093332
0.700130,17.840000,17.039999
0.700532,17.873333,17.039999
0.700933,17.840000,17.039999
0.701334,17.799999,17.006666
0.701736,17.780001,17.026665
0.702137,17.780001,16.980000
0.702538,17.746666,16.993334
0.702940,17.733334,16.993334
0.703341,17.753334,16.980000
0.703742,17.726665,16.939999
0.704143,17.706665,16.913332
0.704544,17.673332,16.926666
0.704946,17.653334,16.926666
0.705347,17.706665,17.026665
0.705749,17.660000,16.886665
0.706151,17.633333,16.886665
0.706552,17.613333,16.873333
0.706953,17.606667,16.846666
0.707355,17.593332,16.826666
0.707757,17.606667,16.833334
0.708160,17.533333,16.786665
0.708562,17.506666,16.793333
0.708963,17.493334,16.786665
0.709364,17.480000,16.759998
0.709765,17.466665,16.700001
0.710166,17.453333,16.766666
0.710568,17.453333,16.713333
0.710969,17.419998,16.726667
0.711370,17.419998,16.686666
0.711772,17.386667,16.680000
0.712173,17.439999,16.646666
0.712574,17.400000,16.626665
0.712975,17.366667,16.286667
0.713377,17.326666,16.559999
0.713778,17.333332,16.593334
0.714179,17.293333,16.606667
0.714580,17.293333,16.566666
0.714982,17.286665,16.539999
0.715383,17.333332,16.526667
0.715784,17.219999,16.466667
0.716185,17.233334,16.499998
0.716586,17.213333,16.499998
0.716988,17.213333,16.466667
0.717389,17.179998,16.446667
0.717790,17.179998,16.706667
0.718191,17.120001,16.353333
0.718593,17.146666,16.400000
0.718995,17.113333,16.400000
0.719396,17.086666,16.373333
0.719797,17.106667,16.266666
0.720198,17.059999,16.333334
0.720599,17.019999,16.279999
0.721001,17.053333,16.320000
0.721402,17.039999,16.246666
0.721803,16.893332,16.346666
0.722204,17.013332,16.266666
0.722605,16.953333,16.219999
0.723006,16.986668,16.160000
0.723408,16.939999,16.219999
0.723810,16.926666,16.160000
0.724211,16.920000,16.160000
0.724613,16.906666,16.133333
0.725014,16.893332,16.473333
0.725417,16.906666,16.080000
0.725818,16.866667,16.020000
0.726220,16.840000,16.020000
0.726621,16.813334,16.080000
0.727022,16.813334,16.006666
0.727424,16.813334,16.026667
0.727825,16.806665,15.980000
0.728226,16.793333,16.006666
0.728628,16.786665,15.926666
0.729029,16.733334,15.953332
0.729430,16.759998,16.046667
0.729831,16.539999,15.933333
0.730234,16.686666,15.893333
0.730636,16.673332,15.833333
0.731037,16.660000,15.853333
0.731438,16.646666,15.839999
0.731839,16.639999,15.819999
0.732241,16.619999,15.806666
0.732643,16.613333,15.760000
0.733044,16.580000,15.740000
0.733445,16.526667,15.753332
0.733846,16.393333,15.733333
0.734248,16.499998,15.713334
0.734649,16.460001,15.666666
0.735050,16.386665,15.673333
0.735451,16.400000,15.573333
0.735852,16.433332,15.579999
0.736254,16.413332,15.579999
0.736655,16.266666,15.579999
0.737056,16.326666,15.566667
0.737457,16.366665,15.753332
0.737858,16.373333,15.533333
0.738259,16.340000,15.766666
0.738661,16.286667,15.520000
0.739063,16.259998,15.473333
0.739464,16.253332,15.473333
0.739865,16.206667,15.393333
0.740266,16.180000,15.393333
0.740667,16.173334,15.426665
0.741069,16.126665,15.366667
0.741471,16.146666,15.413333
0.741872,16.133333,15.366667
0.742274,16.099998,15.293332
0.742675,16.099998,15.313333
0.743076,16.113333,15.273333
0.743477,16.039999,15.246666
0.743878,16.020000,15.240000
0.744280,15.933333,15.219999
0.744681,15.986667,15.213333
0.745083,15.933333,15.166667
0.745484,15.933333,15.153333
0.745885,15.913334,15.139999
0.746286,15.886665,14.953333
0.746687,15.826667,15.173333
0.747088,15.886665,14.953333
0.747490,15.706666,14.953333
0.747891,15.793333,14.953333
0.748292,15.786667,14.953333
0.748694,15.760000,14.953333
0.749095,15.713334,14.953333
0.749497,15.693334,14.919999
0.749899,15.726666,14.919999
0.750300,15.679999,14.906667
0.750701,15.706666,14.906667
0.751103,15.619999,14.846666
0.751504,15.653334,14.846666
0.751906,15.579999,14.806666
0.752307,15.579999,14.813333
0.752708,15.480000,14.786666
0.753109,15.533333,14.753333
0.753510,15.446666,14.693333
0.753912,15.473333,14.753333
0.754313,15.453334,14.713333
0.754715,15.453334,14.353333
0.755116,15.419999,14.786666
0.755518,15.393333,14.633332
0.755919,15.346666,14.593332
0.756321,15.373333,14.600000
0.756722,15.313333,14.586666
0.757124,15.286666,14.533334
0.757525,15.306666,14.553333
0.757926,15.293332,14.520000
0.758328,15.266666,14.513333
0.758729,15.246666,14.459999
0.759130,15.206666,14.439999
0.759531,15.213333,14.420000
0.759932,15.186667,14.393332
0.760334,15.226665,14.346666
0.760736,15.139999,14.400001
0.761138,15.113333,14.346666
0.761540,15.026666,14.266667
0.761941,15.119999,14.459999
0.762342,15.086666,14.273334
0.762743,14.953333,14.233333
0.763144,15.066667,14.253333
0.763545,14.919999,14.173332
0.763948,14.893332,14.206667
0.764349,14.886666,14.173332
0.764751,14.880000,14.166666
0.765152,14.873333,14.140000
0.765554,14.820000,14.099999
0.765956,14.806666,14.113334
0.766357,14.786666,14.066666
0.766759,14.719999,14.046667
0.767160,14.679999,14.053333
0.767563,14.726667,13.999999
0.767965,14.713333,14.093333
0.768366,14.659999,13.986667
0.768767,14.666667,13.979999
0.769168,14.626666,13.926666
0.769570,14.633332,13.926666
0.769972,14.533334,13.900000
0.770374,14.540000,13.873334
0.770775,14.493333,13.853333
0.771177,14.493333,13.820000
0.771578,14.486667,13.820000
0.771980,14.433332,13.806667
0.772382,14.380000,13.799999
0.772783,14.420000,13.726666
0.773186,14.433332,13.759999
0.773587,14.386666,13.666666
0.773990,14.360000,13.693333
0.774392,14.340000,13.660000
0.774793,14.306665,13.613334
0.775194,14.313334,13.646666
0.775596,14.286666,13.566667
0.775997,14.280000,13.579999
0.776398,14.239999,13.646666
0.776799,14.246667,13.553333
0.777200,14.193333,13.546667
0.777601,14.200001,13.573333
0.778002,14.126666,13.440000
0.778404,14.146667,13.460000
0.778806,14.066666,13.440000
0.779207,14.153333,12.980000
0.779608,14.286666,13.366667
0.780010,14.026667,13.333333
0.780411,13.979999,13.406666
0.780812,13.979999,13.293333
0.781214,13.946667,13.293333
0.781616,13.920000,13.326666
0.782017,13.900000,13.286667
0.782418,13.880000,13.213333
0.782821,13.853333,13.193333
0.783222,13.820000,13.179999
0.783624,13.820000,13.146667
0.784025,13.793333,13.133333
0.784426,13.766666,13.020000
0.784827,13.720000,13.073333
0.785230,13.726666,13.160000
0.785631,13.680000,13.040000
0.786032,13.686666,13.006666
0.786433,13.620000,13.040000
0.786836,13.639999,12.980000
0.787238,13.646666,12.946667
0.787639,13.573333,12.946667
0.788040,13.566667,12.886666
0.788442,13.553333,12.886666
0.788844,13.513332,12.766666
0.789246,13.466666,12.860000
0.789647,13.453332,12.826667
0.790048,13.446666,12.786666
0.790450,13.453332,12.773334
0.790851,13.393333,12.753333
0.791252,13.379999,12.713333
0.791654,13.366667,12.713333
0.792056,13.333333,12.673333
0.792457,13.300000,12.666666
0.792858,13.426666,12.620000
0.793259,13.280000,12.606667
0.793661,13.206666,12.566667
0.794062,13.166667,12.613333
0.794464,13.200000,12.566667
0.794865,13.153334,12.580000
0.795266,13.126666,12.540000
0.795667,13.086667,12.493333
0.796068,13.100000,12.660000
0.796470,13.226666,12.480000
0.796871,13.073333,12.459999
0.797272,13.093333,12.426666
0.797674,13.000000,12.360000
0.798076,12.973333,12.386666
0.798477,12.940000,12.320000
0.798880,12.919999,12.313334
0.799281,12.906667,12.273333
0.799682,12.933333,12.293333
0.800084,12.953333,12.253333
0.800486,12.799999,12.240000
0.800887,12.753333,12.246667
0.801288,12.780000,12.146667
0.801691,12.773334,12.139999
0.802092,12.760000,12.106667
0.802494,12.713333,12.093333
0.802896,12.700000,11.999999
0.803297,12.679999,11.966666
0.803699,12.633333,12.013333
0.804102,12.613333,11.999999
0.804504,12.599999,11.953333
0.804905,12.566667,11.953333
0.805307,12.593333,11.933332
0.805708,12.513333,11.906667
0.806109,12.486667,11.860000
0.806511,12.466666,11.860000
0.806912,12.480000,11.820000
0.807314,12.426666,11.799999
0.807715,12.433333,11.920000
0.808116,12.400000,11.720000
0.808519,12.253333,11.733333
0.808920,12.320000,11.720000
0.809321,12.333333,11.693333
0.809722,12.406666,11.666666
0.810123,12.286667,11.693333
0.810524,12.240000,11.620000
0.810926,12.233334,11.606667
0.811327,12.166667,11.720000
0.811728,12.093333,11.546666
0.812129,11.999999,11.539999
0.812531,12.066666,11.480000
0.812932,12.053333,11.373333
0.813334,11.953333,11.480000
0.813736,11.980000,11.460000
0.814138,11.980000,11.400000
0.814539,11.960000,11.366667
0.814940,11.926666,11.333333
0.815342,11.973333,11.366667
0.815744,11.886666,11.306666
0.816145,11.833333,11.300000
0.816547,11.833333,11.206666
0.816948,11.786667,11.200000
0.817350,11.820000,11.213333
0.817751,11.760000,11.206666
0.818153,11.706667,11.193334
0.818555,11.706667,11.233333
0.818956,11.700000,11.240000
0.819357,11.666666,11.120000
0.819758,11.666666,11.079999
0.820159,11.593333,11.053333
0.820561,11.593333,10.993334
0.820962,11.526667,11.020000
0.821364,11.593333,10.960000
0.821766,11.573333,10.900000
0.822167,11.500000,10.639999
0.822568,11.480000,10.940000
0.822969,11.440000,10.926667
0.823370,11.400000,10.879999
0.823771,11.373333,10.820000
0.824172,11.366667,10.866667
0.824574,11.366667,10.726666
0.824976,11.333333,10.780000
0.825378,11.280000,10.773334
0.825779,11.226666,10.720000
0.826180,11.286666,10.733334
0.826582,11.233333,10.700000
0.826985,11.193334,10.666667
0.827386,11.193334,10.606667
0.827788,11.133333,10.566667
0.828189,11.120000,10.580000
0.828591,11.113334,10.559999
0.828993,11.066667,10.653334
0.829396,11.026667,10.500000
0.829797,10.940000,10.746666
0.830198,10.913333,10.486666
0.830599,10.940000,10.413333
0.831000,10.953333,10.433333
0.831401,10.920000,10.406667
0.831803,10.886666,10.386666
0.832205,10.873333,10.400000
0.832606,10.833333,10.286666
0.833008,10.793333,10.313334
0.833409,10.806666,10.286666
0.833810,10.800000,10.260000
0.834211,10.766666,10.260000
0.834612,10.693333,10.233333
0.835013,10.626666,10.106667
0.835417,10.686666,10.166666
0.835819,10.573333,10.113333
0.836221,10.633333,10.140000
0.836623,10.580000,10.093333
0.837024,10.540000,10.059999
0.837425,10.666667,9.766666
0.837828,10.526667,9.980000
0.838230,10.500000,9.980000
0.838632,10.446667,9.973333
0.839033,10.433333,9.959999
0.839434,10.426666,9.900000
0.839836,10.413333,9.913333
0.840237,10.380000,9.833333
0.840639,10.346666,9.860000
0.841040,10.326667,9.846666
0.841442,10.293333,9.800000
0.841845,10.286666,9.766666
0.842247,10.253333,9.346666
0.842649,10.193334,9.706666
0.843051,10.206667,9.713333
0.843452,10.146667,9.706666
0.843853,10.166666,9.673333
0.844255,10.120000,9.639999
0.844657,10.059999,9.613334
0.845058,10.086666,9.600000
0.845459,10.073334,9.620000
0.845860,10.026666,9.553333
0.846261,10.000000,9.473333
0.846662,10.000000,9.520000
0.847064,10.040000,9.473333
0.847465,9.946667,9.480000
0.847866,9.933333,9.240000
0.848267,9.880000,9.346666
0.848669,9.860000,9.346666
0.849071,9.860000,9.313333
0.849472,9.833333,9.266666
0.849873,9.766666,9.273334
0.850275,9.766666,9.266666
0.850677,9.733334,9.273334
0.851079,9.660000,9.220000
0.851480,9.700000,9.206667
0.851883,9.480000,9.173333
0.852284,9.633333,9.160000
0.852685,9.639999,9.093333
0.853086,9.600000,9.093333
0.853487,9.593333,8.986667
0.853890,9.533333,8.973332
0.854292,9.566666,9.120000
0.854693,9.513333,9.146667
0.855094,9.493333,8.953334
0.855496,9.486667,8.946667
0.855898,9.346666,8.920000
0.856300,9.346666,8.880000
0.856701,9.320000,8.880000
0.857102,9.299999,8.866667
0.857504,9.299999,8.839999
0.857905,9.260000,8.833333
0.858307,9.253333,8.740000
0.858708,9.179999,8.740000
0.859109,9.226666,8.740000
0.859511,9.186666,8.846666
0.859912,9.140000,8.700000
0.860314,9.120000,8.660000
0.860716,9.093333,8.653333
0.861117,9.073333,8.639999
0.861518,9.033333,8.593333
0.861919,8.986667,8.560000
0.862321,9.006666,8.780000
0.862723,8.960000,8.473333
0.863125,8.926666,8.546666
0.863526,8.920000,8.460000
0.863927,8.886666,8.426667
0.864329,8.846666,8.426667
0.864730,8.813334,8.393332
0.865131,8.793333,8.386666
0.865532,8.766666,8.379999
0.865934,8.746667,8.393332
0.866336,8.700000,8.293333
0.866738,8.733333,8.240000
0.867139,8.713333,8.273334
0.867540,8.573333,8.446666
0.867942,8.633333,8.253333
0.868343,8.586666,8.040000
0.868744,8.599999,8.166667
0.869145,8.586666,8.160000
0.869546,8.599999,8.120000
0.869947,8.506666,8.106667
0.870349,8.493334,8.059999
0.870750,8.406667,8.026667
0.871152,8.420000,7.873333
0.871553,8.393332,7.980000
0.871956,8.406667,8.026667
0.872357,8.326666,7.906666
0.872758,8.346666,7.933333
0.873159,8.326666,7.906666
0.873560,8.259999,7.906666
0.873962,8.240000,7.780000
0.874363,8.233334,7.866666
0.874764,8.213333,7.840000
0.875167,8.206666,7.793334
0.875568,8.186666,7.753333
0.875970,8.126666,7.720000
0.876371,8.120000,7.713333
0.876772,8.086667,7.706666
0.877174,8.086667,7.686666
0.877575,8.040000,7.633333
0.877976,8.013333,7.626667
0.878378,8.006666,7.606667
0.878780,7.953333,7.513333
0.879183,7.826667,7.586667
0.879584,7.953333,7.546666
0.879985,7.906666,7.513333
0.880386,7.840000,7.500000
0.880787,7.866666,7.480000
0.881188,7.806666,7.433333
0.881590,7.813334,7.426666
0.881991,7.726667,7.413333
0.882393,7.746666,7.380000
0.882795,7.700000,7.340000
0.883197,7.686666,7.320000
0.883598,7.686666,7.306666
0.883999,7.660000,7.266667
0.884401,7.613333,7.260000
0.884802,7.553333,7.260000
0.885204,7.579999,7.240000
0.885606,7.559999,7.219999
0.886007,7.573333,7.166667
0.886408,7.453333,7.160000
0.886809,7.526666,7.066666
0.887210,7.473333,6.773334
0.887612,7.393333,7.026667
0.888013,7.393333,7.013333
0.888417,7.373333,7.113333
0.888818,7.433333,7.046667
0.889220,7.340000,6.986666
0.889623,7.326666,6.966666
0.890024,7.273333,6.913333
0.890425,7.253334,6.900000
0.890826,7.253334,6.893333
0.891227,7.193333,6.866666
0.891628,7.186666,6.866666
0.892031,7.119999,6.813333
0.892432,6.986666,6.813333
0.892833,7.060000,6.800000
0.893234,7.086666,6.740000
0.893635,7.066666,6.800000
0.894037,7.020000,6.720000
0.894438,7.033333,6.673334
0.894839,6.993333,6.720000
0.895240,6.960000,6.726666
0.895641,6.953333,6.660000
0.896042,6.913333,6.466667
0.896444,6.900000,6.313334
0.896845,6.900000,6.673334
0.897246,6.920000,6.466667
0.897647,6.826667,6.486667
0.898050,6.820000,6.460000
0.898451,6.806667,6.446667
0.898854,6.753333,6.466667
0.899255,6.753333,6.393333
0.899657,6.700000,6.373333
0.900060,6.673334,6.366666
0.900463,6.653333,6.153333
0.900865,6.640000,6.320000
0.901266,6.660000,6.100000
0.901667,6.586667,6.286667
0.902068,6.573333,6.226666
0.902470,6.533333,6.193333
0.902871,6.493333,6.213333
0.903272,6.506667,6.133333
0.903673,6.446667,6.160000
0.904074,6.426666,6.140000
0.904476,6.340000,6.093333
0.904878,6.353333,6.033333
0.905279,6.360000,6.220000
0.905685,6.340000,6.033333
0.906087,6.300000,6.006667
0.906489,6.286667,6.006667
0.906891,6.260000,6.000000
0.907292,6.253334,5.920000
0.907693,6.213333,5.913333
0.908094,6.213333,5.880000
0.908496,6.160000,5.886667
0.908899,6.133333,5.860000
0.909301,6.100000,5.820000
0.909703,6.106667,5.773333
0.910105,6.093333,5.793334
0.910506,6.066667,5.673333
0.910907,6.000000,5.760000
0.911308,6.033333,5.733333
0.911709,6.060000,5.700000
0.912111,5.946667,5.673333
0.912512,5.940000,5.680000
0.912914,5.900000,5.613333
0.913316,5.833333,5.613333
0.913717,5.853333,5.586667
0.914118,5.840000,5.586667
0.914519,5.786666,5.546667
0.914920,5.786666,5.520000
0.915322,5.766666,5.506666
0.915723,5.766666,5.453333
0.916125,5.746666,5.473333
0.916527,5.673333,5.426667
0.916928,5.706666,5.413333
0.917330,5.673333,5.413333
0.917731,5.686666,5.393333
0.918132,5.613333,5.333333
0.918533,5.633333,5.313333
0.918934,5.726667,5.313333
0.919336,5.580000,5.286666
0.919737,5.546667,5.266667
0.920140,5.520000,5.213333
0.920541,5.506666,5.253333
0.920942,5.473333,5.266667
0.921343,5.433333,5.206666
0.921745,5.413333,5.133333
0.922146,5.340000,5.160000
0.922548,5.346666,5.133333
0.922950,5.380000,5.113333
0.923351,5.360000,5.086667
0.923752,5.326667,5.060000
0.924153,5.280000,5.060000
0.924554,5.273333,4.940000
0.924956,5.240000,5.033333
0.925357,5.213333,4.906667
0.925758,5.186666,4.966667
0.926159,5.140000,4.966667
0.926560,5.126667,4.920000
0.926961,5.146667,4.900000
0.927362,5.113333,4.873333
0.927763,5.100000,4.713333
0.928165,5.066667,4.860000
0.928566,5.053333,4.793333
0.928967,5.193333,4.793333
0.929368,5.020000,4.753333
0.929769,5.013333,4.733333
0.930170,5.053333,4.766666
0.930572,4.920000,4.726666
0.930973,4.926667,4.713333
0.931375,4.900000,4.713333
0.931777,4.886666,4.646667
0.932178,4.880000,4.653333
0.932579,4.833333,4.626667
0.932982,4.826666,4.620000
0.933383,4.800000,4.640000
0.933784,4.700000,4.566667
0.934185,4.760000,4.540000
0.934586,4.740000,4.540000
0.934987,4.706666,4.506667
0.935388,4.713333,4.480000
0.935790,4.693333,4.460000
0.936192,4.646667,4.380000
0.936593,4.660000,4.380000
0.936995,4.533333,4.413333
0.937397,4.566667,4.386666
0.937798,4.553333,4.293333
0.938201,4.520000,4.360000
0.938604,4.493333,4.293333
0.939006,4.513333,4.313334
0.939407,4.520000,4.313334
0.939808,4.493333,4.280000
0.940209,4.700000,4.226666
0.940612,4.420000,4.240000
0.941013,4.400000,4.213334
0.941417,4.320000,4.186666
0.941818,4.353333,4.153333
0.942221,4.353333,4.133333
0.942622,4.346667,4.160000
0.943025,4.293333,4.106667
0.943427,4.306667,4.113333
0.943830,4.260000,4.066667
0.944231,4.213334,3.960000
0.944633,4.240000,4.020000
0.945036,4.193333,4.053333
0.945437,4.186666,4.013333
0.945838,4.120000,4.013333
0.946240,4.166667,4.053333
0.946641,4.106667,3.820000
0.947042,4.060000,3.920000
0.947444,4.080000,3.926666
0.947845,4.086667,3.886667
0.948246,4.046667,3.880000
0.948647,3.833333,3.833333
0.949048,4.013333,3.846667
0.949451,4.013333,3.840000
0.949852,3.986666,3.820000
0.950254,3.933333,3.746666
0.950655,3.946667,3.713333
0.951056,3.966667,3.573333
0.951457,3.900000,3.653333
0.951858,3.806666,3.673333
0.952260,3.853333,3.680000
0.952661,3.833333,3.660000
0.953062,3.833333,3.620000
0.953464,3.820000,3.600000
0.953865,3.773333,3.586667
0.954267,3.780000,3.486667
0.954668,3.786667,3.193333
0.955071,3.706666,3.573333
0.955472,3.666667,3.513333
0.955874,3.666667,3.486667
0.956275,3.653333,3.473333
0.956677,3.646667,3.473333
0.957078,3.613333,3.453333
0.957479,3.580000,3.413333
0.957881,3.566667,3.406667
0.958282,3.533333,3.346666
0.958683,3.533333,3.373333
0.959084,3.506667,3.360000
0.959485,3.506667,3.326667
0.959886,3.500000,3.306667
0.960287,3.413333,3.300000
0.960688,3.446667,3.266667
0.961089,3.433333,3.240000
0.961491,3.380000,3.280000
0.961892,3.393333,3.166667
0.962294,3.346666,3.193333
0.962695,3.333333,3.273333
0.963096,3.280000,3.173333
0.963498,3.400000,3.133333
0.963899,3.306667,3.126667
0.964301,3.300000,3.133333
0.964702,3.280000,3.133333
0.965103,3.253333,3.093333
0.965505,3.226667,3.100000
0.965906,3.226667,3.046667
0.966308,3.193333,3.013333
0.966710,3.140000,3.060000
0.967111,3.160000,3.013333
0.967512,3.133333,2.986667
0.967913,3.120000,3.073333
0.968314,3.120000,2.980000
0.968715,3.100000,2.946667
0.969116,3.060000,2.800000
0.969518,3.060000,2.893333
0.969919,3.046667,2.866667
0.970321,3.040000,2.900000
0.970723,3.086667,2.886667
0.971124,2.960000,2.866667
0.971525,2.986667,2.860000
0.971926,2.946667,2.793333
0.972327,2.900000,2.806667
0.972728,2.920000,2.786667
0.973131,2.926667,2.766667
0.973532,2.880000,2.793333
0.973933,2.853333,2.760000
0.974335,2.846667,2.766667
0.974737,2.833333,2.773333
0.975138,2.833333,2.700000
0.975539,2.780000,2.673333
0.975940,2.786667,2.613333
0.976341,2.780000,2.666667
0.976742,2.746667,2.613333
0.977144,2.740000,2.613333
0.977545,2.746667,2.560000
0.977946,2.760000,2.593333
0.978347,2.640000,2.553333
0.978749,2.680000,2.566667
0.979151,2.640000,2.600000
0.979552,2.653333,2.520000
0.979953,2.626667,2.553333
0.980355,2.613333,2.493333
0.980757,2.593333,2.453333
0.981159,2.666667,2.460000
0.981561,2.566667,2.420000
0.981962,2.553333,2.433333
0.982363,2.520000,2.400000
0.982764,2.506666,2.380000
0.983165,2.506666,2.380000
0.983566,2.493333,2.793333
0.983967,2.453333,2.340000
0.984369,2.480000,2.366667
0.984770,2.433333,2.340000
0.985171,2.373333,2.286667
0.985573,2.413333,2.333333
0.985974,2.346667,2.206667
0.986375,2.366667,2.273333
0.986777,2.346667,2.266667
0.987178,2.333333,2.133333
0.987579,2.213333,2.246667
0.987980,2.346667,2.220000
0.988382,2.280000,2.180000
0.988783,2.233333,2.180000
0.989185,2.280000,2.180000
0.989586,2.260000,2.153333
0.989987,2.246667,2.153333
0.990388,2.226666,2.073333
0.990789,2.193333,2.100000
0.991190,2.180000,2.073333
0.991592,2.160000,2.120000
0.991993,2.166667,2.040000
0.992394,2.126667,2.053333
0.992796,2.106667,2.033333
0.993197,2.133333,2.053333
0.993599,2.073333,2.013333
0.994000,2.086667,2.113333
0.994401,2.080000,2.100000
0.994803,2.073333,2.013333
0.995204,2.053333,1.946667
0.995606,1.933333,1.926667
0.996007,1.973333,1.906667
0.996409,2.053333,2.126667
0.996811,1.973333,1.866667
0.997212,1.973333,1.986667
0.997613,1.953333,1.860000
0.998016,1.940000,1.880000
0.998417,1.866667,1.853333
0.998818,1.906667,1.946667
0.999221,1.906667,1.800000
0.999622,1.900000,1.806667
1.000025,1.900000,1.800000
1.000426,1.820000,1.760000
1.000828,1.866667,1.726667
1.001229,1.826667,1.793333
1.001631,1.820000,1.733333
1.002032,1.820000,1.733333
1.002434,1.726667,1.726667
1.002836,1.786667,1.733333
1.003238,1.760000,1.700000
1.003639,1.760000,1.773333
1.004040,1.880000,1.560000
1.004442,1.773333,1.633333
1.004843,1.740000,1.613333
1.005245,1.706667,1.560000
1.005646,1.713333,1.620000
1.006047,1.613333,1.566667
1.006449,1.653333,1.573333
1.006850,1.653333,1.573333
1.007251,1.626667,1.560000
1.007652,1.640000,1.586667
1.008053,1.626667,1.546667
1.008455,1.586667,1.573333
1.008857,1.613333,1.526667
1.009258,1.580000,1.493333
1.009659,1.546667,1.486667
1.010061,1.580000,1.466667
1.010463,1.506667,1.386667
1.010865,1.493333,1.386667
1.011266,1.546667,1.460000
1.011667,1.486667,1.386667
1.012070,1.526667,1.386667
1.012471,1.460000,1.400000
1.012873,1.480000,1.386667
1.013274,1.486667,1.366667
1.013675,1.446667,1.366667
1.014078,1.433333,1.386667
1.014479,1.406667,1.346667
1.014880,1.386667,1.366667
1.015282,1.393333,1.360000
1.015684,1.520000,1.333333
1.016086,1.386667,1.353333
1.016487,1.366667,1.353333
1.016889,1.386667,1.300000
1.017290,1.346667,1.260000
1.017691,1.326667,1.266667
1.018092,1.340000,1.160000
1.018493,1.313333,1.266667
1.018895,1.306667,1.220000
1.019296,1.306667,1.220000
1.019698,1.213333,1.240000
1.020100,1.300000,1.193333
1.020502,1.246667,1.193333
1.020905,1.326667,1.206667
1.021307,1.246667,1.180000
1.021709,1.286667,1.173333
1.022110,1.186667,1.173333
1.022512,1.200000,1.140000
1.022913,1.193333,1.146667
1.023314,1.186667,1.113333
1.023715,1.160000,1.113333
1.024116,1.146667,0.980000
1.024518,1.153333,1.073333
1.024919,1.140000,1.093333
1.025321,1.120000,1.060000
1.025722,1.180000,1.040000
1.026123,1.086667,1.053333
1.026524,1.073333,0.946667
1.026925,1.086667,1.040000
1.027326,1.080000,1.033333
1.027727,1.026667,1.000000
1.028128,1.046667,1.033333
1.028529,1.040000,1.073333
1.028930,1.040000,0.946667
1.029331,1.026667,1.146667
1.029732,1.026667,0.980000
1.030133,1.006667,0.946667
1.030535,1.006667,0.946667
1.030938,1.006667,0.953333
1.031339,0.966667,1.040000
1.031741,0.966667,0.973333
1.032143,0.966667,0.960000
1.032545,0.946667,0.946667
1.032947,0.966667,0.946667
1.033348,0.946667,0.946667
1.033750,0.946667,0.946667
1.034151,0.946667,0.946667
1.034552,0.946667,0.946667
1.034953,0.946667,0.946667
1.035355,0.986667,0.946667
1.035757,0.946667,0.946667
1.036159,0.946667,0.946667
1.036560,0.946667,0.946667
1.036962,0.946667,0.946667
1.037364,0.946667,1.053333
1.037765,0.946667,0.946667
1.038168,0.946667,0.946667
1.038569,0.946667,0.946667
1.038970,0.946667,0.946667
1.039372,0.946667,0.946667
1.039774,0.946667,0.946667
1.040176,0.946667,0.946667
1.040578,0.946667,0.946667
1.040979,0.946667,0.946667
1.041381,0.946667,0.946667
1.041783,0.946667,0.946667
1.042185,0.946667,0.946667
1.042586,0.946667,0.946667
1.042987,0.946667,0.946667
1.043388,0.946667,0.946667
1.043789,0.946667,0.946667
1.044190,0.946667,0.946667
1.044592,0.946667,0.946667
1.044993,0.946667,0.946667
1.045395,0.946667,0.946667
1.045796,0.946667,0.946667
1.046198,0.946667,0.946667
1.046600,0.946667,0.946667
1.047001,0.946667,0.946667
1.047402,0.946667,0.946667
1.047803,0.946667,0.946667
1.048204,0.946667,0.946667
1.048606,0.946667,0.946667
1.049007,0.946667,0.946667
1.049409,0.946667,0.946667
1.049810,0.946667,0.946667
1.050211,0.946667,0.946667
1.050612,0.946667,0.946667
1.051013,0.946667,0.946667
1.051417,0.946667,0.946667
1.051818,0.946667,0.946667
1.052220,0.946667,0.946667
1.052622,0.946667,0.946667
1.053023,0.946667,0.946667
1.053424,0.946667,0.946667
1.053825,0.946667,0.946667
1.054226,0.946667,0.946667
1.054627,0.946667,0.946667
1.055028,0.946667,0.946667
1.055430,0.946667,0.946667
1.055831,0.946667,0.946667
1.056234,0.946667,0.946667
1.056635,0.946667,0.946667
1.057036,0.946667,0.946667
1.057437,0.946667,0.946667
1.057838,0.946667,0.946667
1.058240,0.946667,0.946667
1.058642,0.946667,0.946667
1.059043,0.946667,0.946667
1.059444,0.946667,0.946667
1.059845,0.946667,0.946667
1.060247,0.946667,0.946667
1.060649,0.946667,0.946667
1.061050,0.946667,0.946667
1.061451,0.946667,0.946667
1.061853,0.946667,0.946667
1.062254,0.946667,0.946667
1.062656,0.946667,0.946667
1.063058,0.946667,0.946667
1.063460,0.946667,0.946667
1.063862,0.946667,0.946667
1.064264,0.946667,0.946667
1.064665,0.946667,0.946667
1.065066,0.946667,0.946667
1.065467,0.946667,0.946667
1.065868,0.946667,0.946667
1.066270,0.946667,0.946667
1.066672,0.946667,0.946667
1.067074,0.946667,0.946667
1.067477,0.946667,0.946667
1.067878,0.946667,0.946667
1.068279,0.946667,0.946667
1.068680,0.946667,0.946667
1.069082,0.946667,0.946667
1.069484,0.946667,0.946667
1.069886,0.946667,0.946667
1.070287,0.946667,0.946667
1.070689,0.946667,0.946667
1.071090,0.946667,0.946667
1.071491,0.946667,0.946667
1.071892,0.946667,0.946667
1.072293,0.946667,0.946667
1.072694,0.946667,0.946667
1.073095,0.946667,0.946667
1.073497,0.946667,0.946667
1.073898,0.946667,0.946667
1.074300,0.946667,0.946667
1.074701,0.946667,0.946667
1.075102,0.946667,0.946667
1.075504,0.946667,0.946667
1.075905,0.946667,0.946667
1.076306,0.946667,0.946667
1.076707,0.946667,0.946667
1.077109,0.946667,0.946667
1.077511,0.946667,0.946667
1.077914,0.946667,0.946667
1.078315,0.946667,0.946667
1.078717,0.946667,0.946667
1.079119,0.946667,0.946667
1.079520,0.946667,0.946667
1.079922,0.946667,0.946667
1.080323,0.946667,0.946667
1.080724,0.946667,0.946667
1.081125,0.946667,0.946667
1.081526,0.946667,0.946667
1.081928,0.946667,0.946667
1.082330,0.946667,0.946667
1.082731,0.946667,0.946667
1.083133,0.946667,0.946667
1.083535,0.946667,0.946667
1.083937,0.946667,0.946667
1.084338,0.946667,0.946667
1.084740,0.946667,0.946667
1.085141,0.946667,0.946667
1.085543,0.946667,0.946667
1.085944,0.946667,0.946667
1.086345,0.946667,0.946667
1.086746,0.946667,0.946667
1.087147,0.946667,0.946667
1.087548,0.946667,0.946667
1.087949,0.946667,0.946667
1.088351,0.946667,0.946667
1.088753,0.946667,0.946667
1.089154,0.946667,0.946667
1.089556,0.946667,0.946667
1.089957,0.946667,0.946667
1.090358,0.946667,0.946667
1.090759,0.946667,0.946667
1.091160,0.946667,0.946667
1.091561,0.946667,0.946667
1.091964,0.946667,0.946667
1.092365,0.946667,0.946667
1.092766,0.946667,0.946667
1.093167,0.946667,0.946667
1.093570,0.946667,0.946667
1.093972,0.946667,0.946667
1.094374,0.946667,0.946667
1.094776,0.946667,0.946667
1.095177,0.946667,0.946667
1.095578,0.946667,0.946667
1.095979,0.946667,0.946667
1.096381,0.946667,0.946667
1.096783,0.946667,0.946667
1.097184,0.946667,0.946667
1.097586,0.946667,0.946667
1.097987,0.946667,0.946667
1.098389,0.946667,0.946667
1.098791,0.946667,0.946667
1.099192,0.946667,0.946667
1.099593,0.946667,0.946667
1.099995,0.946667,0.946667
1.100396,0.946667,0.946667
1.100798,0.946667,0.946667
1.101199,0.946667,0.946667
1.101600,0.946667,0.946667
1.102001,0.946667,0.946667
1.102403,0.946667,0.946667
1.102805,0.946667,0.946667
1.103207,0.946667,0.946667
1.103608,0.946667,0.946667
1.104009,0.946667,0.946667
1.104410,0.946667,0.946667
1.104811,0.946667,0.946667
1.105212,0.946667,0.946667
1.105613,0.946667,0.946667
1.106014,0.946667,0.946667
1.106417,0.946667,0.946667
1.106818,0.946667,0.946667
1.107220,0.946667,0.946667
1.107621,0.946667,0.946667
1.108023,0.946667,0.946667
1.108424,0.946667,0.946667
1.108825,0.946667,0.946667
1.109226,0.946667,0.946667
1.109627,0.946667,0.946667
1.110028,0.946667,0.946667
1.110431,0.946667,0.946667
1.110832,0.946667,0.946667
1.111233,0.946667,0.946667
1.111634,0.946667,0.946667
1.112035,0.946667,0.946667
1.112437,0.946667,0.946667
1.112838,0.946667,0.946667
1.113239,0.946667,0.946667
1.113640,0.946667,0.946667
1.114042,0.946667,0.946667
1.114445,0.946667,0.946667
1.114846,0.946667,0.946667
1.115247,0.946667,0.946667
1.115649,0.946667,0.946667
1.116050,0.946667,0.946667
1.116451,0.946667,0.946667
1.116852,0.946667,0.946667
1.117253,0.946667,0.946667
1.117655,0.946667,0.946667
1.118056,0.946667,0.946667
1.118458,0.946667,0.946667
1.118859,0.946667,0.946667
1.119260,0.946667,0.946667
1.119661,0.946667,0.946667
1.120062,0.946667,0.946667
1.120464,0.946667,0.946667
1.120865,0.946667,0.946667
1.121266,0.946667,0.946667
1.121668,0.946667,0.946667
1.122069,0.946667,0.946667
1.122470,0.946667,0.946667
1.122871,0.946667,0.946667
1.123272,0.946667,0.946667
1.123673,0.946667,0.946667
1.124074,0.946667,0.946667
1.124476,0.946667,0.946667
1.124877,0.946667,0.946667
1.125278,0.946667,0.946667
1.125684,0.946667,0.946667
1.126085,0.946667,0.946667
1.126486,0.946667,0.946667
1.126889,0.946667,0.946667
1.127291,0.946667,0.946667
1.127692,0.946667,0.946667
1.128093,0.946667,0.946667
1.128495,0.946667,0.946667
1.128896,0.946667,0.946667
1.129297,0.946667,0.946667
1.129699,0.946667,0.946667
1.130100,0.946667,0.946667
1.130502,0.946667,0.946667
1.130903,0.946667,0.946667
1.131304,0.946667,0.946667
1.131705,0.946667,0.946667
1.132106,0.946667,0.946667
1.132507,0.946667,0.946667
1.132908,0.946667,0.946667
1.133309,0.946667,0.946667
1.133711,0.946667,0.946667
1.134113,0.946667,0.946667
1.134514,0.946667,0.946667
1.134915,0.946667,0.946667
1.135317,0.946667,0.946667
1.135719,0.946667,0.946667
1.136120,0.946667,0.946667
1.136522,0.946667,0.946667
1.136923,0.946667,0.946667
1.137324,0.946667,0.946667
1.137725,0.946667,0.946667
1.138126,0.946667,0.946667
1.138528,0.946667,0.946667
1.138929,0.946667,0.946667
1.139330,0.946667,0.946667
1.139732,0.946667,0.946667
1.140133,0.946667,0.946667
1.140536,0.946667,0.946667
1.140937,0.946667,0.946667
1.141338,0.946667,0.946667
1.141740,0.946667,0.946667
1.142141,0.946667,0.946667
1.142542,0.946667,0.946667
1.142944,0.946667,0.946667
1.143346,0.946667,0.946667
1.143747,0.946667,0.946667
1.144148,0.946667,0.946667
1.144550,0.946667,0.946667
1.144951,0.946667,0.946667
1.145352,0.946667,0.946667
1.145753,0.946667,0.946667
1.146154,0.946667,0.946667
1.146556,0.946667,1.020000
1.146958,0.946667,0.946667
1.147359,0.946667,0.946667
1.147760,0.946667,0.946667
1.148162,0.946667,0.946667
1.148563,0.946667,0.946667
1.148964,0.946667,0.946667
1.149365,0.946667,0.946667
1.149767,0.946667,0.946667
1.150169,0.946667,0.946667
1.150570,0.946667,0.946667
1.150971,0.946667,1.206667
1.151372,0.946667,0.946667
1.151774,0.946667,0.946667
1.152175,0.946667,0.946667
1.152577,0.946667,0.946667
1.152978,0.946667,0.946667
1.153380,0.946667,0.946667
1.153781,0.946667,0.946667
1.154182,0.966667,0.946667
1.154583,0.946667,0.946667
1.154986,0.986667,0.946667
1.155387,0.986667,0.946667
1.155789,0.973333,0.946667
1.156190,1.006667,0.946667
1.156592,1.020000,0.953333
1.156993,1.013333,0.946667
1.157394,1.020000,0.973333
1.157795,1.026667,0.953333
1.158196,1.033333,0.993333
1.158598,1.060000,1.020000
1.159000,1.046667,1.000000
1.159401,1.053333,1.033333
1.159803,1.086667,1.020000
1.160204,1.066667,1.033333
1.160606,1.113333,0.973333
1.161008,1.106667,1.066667
1.161409,1.113333,1.053333
1.161810,1.120000,1.060000
1.162211,1.146667,1.146667
1.162612,1.053333,1.106667
1.163013,1.153333,1.326667
1.163417,1.166667,1.266667
1.163818,1.180000,1.140000
1.164220,1.206667,1.166667
1.164622,1.206667,1.113333
1.165023,1.213333,1.206667
1.165424,1.180000,1.173333
1.165825,1.220000,1.233333
1.166226,1.220000,1.160000
1.166627,1.280000,1.206667
1.167029,1.320000,1.160000
1.167430,1.226667,1.206667
1.167831,1.326667,1.246667
1.168232,1.280000,1.240000
1.168633,1.346667,1.266667
1.169035,1.440000,1.246667
1.169437,1.333333,1.366667
1.169839,1.306667,1.280000
1.170240,1.326667,1.300000
1.170641,1.393333,1.240000
1.171043,1.373333,1.286667
1.171444,1.380000,1.300000
1.171845,1.380000,1.306667
1.172247,1.393333,1.326667
1.172649,1.340000,1.360000
1.173050,1.393333,1.386667
1.173451,1.453333,1.380000
1.173853,1.453333,1.386667
1.174254,1.480000,1.393333
1.174655,1.486667,1.386667
1.175056,1.520000,1.400000
1.175458,1.460000,1.440000
1.175859,1.520000,1.420000
1.176261,1.533333,1.513333
1.176663,1.553333,1.466667
1.177066,1.566667,1.480000
1.177467,1.560000,1.480000
1.177869,1.573333,1.486667
1.178270,1.580000,1.473333
1.178672,1.593333,1.513333
1.179074,1.646667,1.466667
1.179476,1.633333,1.266667
1.179877,1.640000,1.560000
1.180279,1.660000,1.526667
1.180682,1.666667,1.586667
1.181083,1.673333,1.593333
1.181484,1.673333,1.633333
1.181885,1.753333,1.646667
1.182286,1.713333,1.620000
1.182687,1.733333,1.606667
1.183088,1.753333,1.666667
1.183490,1.793333,1.666667
1.183891,1.773333,1.693333
1.184293,1.786667,1.760000
1.184694,1.806667,1.600000
1.185095,1.813333,1.753333
1.185497,1.813333,1.746667
1.185898,1.846667,1.753333
1.186300,1.880000,1.860000
1.186701,1.873333,1.820000
1.187102,1.860000,1.833333
1.187504,1.840000,1.740000
1.187905,1.833333,1.786667
1.188307,1.940000,1.646667
1.188709,1.933333,1.840000
1.189110,1.940000,1.853333
1.189511,1.953333,1.840000
1.189912,1.986667,1.906667
1.190313,2.046667,1.906667
1.190714,1.993333,1.906667
1.191116,2.013333,1.980000
1.191518,2.020000,1.900000
1.191919,2.053333,1.826667
1.192322,2.053333,1.906667
1.192723,2.026667,2.066667
1.193124,2.113333,2.026667
1.193525,2.100000,2.126667
1.193928,2.173333,2.073333
1.194330,2.053333,2.026667
1.194731,2.126667,2.093333
1.195133,2.120000,2.060000
1.195536,2.153333,2.060000
1.195938,2.193333,2.153333
1.196340,2.206667,2.340000
1.196742,2.253333,2.120000
1.197144,2.220000,2.013333
1.197546,2.253333,2.133333
1.197947,2.260000,2.060000
1.198349,2.266667,2.166667
1.198751,2.266667,2.166667
1.199153,2.293333,2.193333
1.199554,2.313333,2.240000
1.199955,2.340000,2.226666
1.200356,2.326667,2.260000
1.200758,2.333333,2.260000
1.201159,2.373333,2.260000
1.201561,2.426666,2.266667
1.201962,2.420000,2.280000
1.202363,2.426666,2.346667
1.202765,2.446667,2.346667
1.203167,2.466667,2.346667
1.203569,2.480000,2.426666
1.203970,2.520000,2.386667
1.204372,2.566667,2.426666
1.204773,2.473333,2.646667
1.205176,2.546667,2.486667
1.205577,2.560000,2.753333
1.205978,2.573333,2.440000
1.206381,2.593333,2.460000
1.206783,2.613333,2.466667
1.207184,2.660000,2.493333
1.207585,2.706666,2.440000
1.207986,2.633333,2.520000
1.208388,2.653333,2.580000
1.208789,2.666667,2.553333
1.209190,2.706666,2.613333
1.209592,2.726667,2.580000
1.209994,2.746667,2.626667
1.210395,2.766667,2.646667
1.210796,2.766667,2.626667
1.211197,2.820000,2.646667
1.211599,2.853333,2.680000
1.212000,2.793333,2.693333
1.212401,2.833333,2.860000
1.212803,2.866667,2.900000
1.213204,2.886667,2.733333
1.213605,2.920000,2.780000
1.214008,2.913333,2.760000
1.214409,2.933333,2.766667
1.214810,2.926667,2.793333
1.215211,2.960000,2.800000
1.215612,2.966666,2.853333
1.216013,3.013333,2.866667
1.216417,2.980000,2.886667
1.216818,3.000000,2.886667
1.217221,3.026667,2.906667
1.217623,3.000000,2.933333
1.218024,3.153333,2.946667
1.218425,3.113333,2.960000
1.218827,3.120000,2.953333
1.219228,3.126667,2.973333
1.219629,3.133333,2.813333
1.220031,3.146667,3.040000
1.220432,3.180000,3.040000
1.220833,3.280000,3.066667
1.221234,3.220000,3.000000
1.221635,3.246666,3.100000
1.222036,3.253333,3.166667
1.222437,3.253333,3.133333
1.222838,3.273333,3.133333
1.223239,3.300000,3.146667
1.223640,3.313333,3.166667
1.224041,3.306667,3.173333
1.224444,3.346666,3.186666
1.224845,3.360000,3.206667
1.225247,3.400000,3.213333
1.225648,3.560000,3.260000
1.226049,3.486667,3.286667
1.226450,3.440000,3.313333
1.226851,3.473333,3.313333
1.227252,3.446667,3.306667
1.227655,3.513333,3.326667
1.228056,3.500000,3.346666
1.228458,3.553333,3.413333
1.228859,3.566667,3.400000
1.229261,3.553333,3.486667
1.229662,3.506667,3.440000
1.230064,3.620000,3.466666
1.230465,3.753333,3.466666
1.230866,3.660000,3.486667
1.231267,3.666667,3.500000
1.231669,3.660000,3.513333
1.232071,3.726667,3.560000
1.232473,3.720000,3.546667
1.232875,3.700000,3.520000
1.233276,3.806666,3.593333
1.233677,3.760000,3.580000
1.234078,3.833333,3.566667
1.234479,3.866667,3.640000
1.234880,3.853333,3.646667
1.235281,3.893333,3.680000
1.235683,3.926666,3.713333
1.236084,3.913333,3.693333
1.236486,3.940000,3.746666
1.236887,3.960000,3.913333
1.237288,3.993333,3.746666
1.237690,4.006667,3.826667
1.238091,3.986666,3.746666
1.238492,4.033333,3.426666
1.238894,4.086667,4.206666
1.239295,4.086667,3.866667
1.239696,4.106667,3.926666
1.240097,4.113333,3.933333
1.240499,4.073333,3.946667
1.240901,4.173333,4.006667
1.241302,4.200000,3.973333
1.241703,4.193333,4.000000
1.242105,4.206666,4.020000
1.242506,4.240000,4.060000
1.242907,4.206666,4.080000
1.243308,4.280000,4.040000
1.243709,4.313334,4.260000
1.244110,4.286666,4.100000
1.244512,4.360000,4.106667
1.244913,4.353333,4.140000
1.245315,4.373333,4.173333
1.245716,4.433333,4.200000
1.246118,4.406667,4.193333
1.246520,4.420000,4.253333
1.246921,4.546667,4.286666
1.247323,4.486666,4.280000
1.247725,4.520000,4.293333
1.248127,4.513333,4.326666
1.248529,4.520000,4.333333
1.248930,4.540000,4.266666
1.249331,4.506667,4.360000
1.249732,4.613333,4.360000
1.250134,4.646667,4.386666
1.250536,4.693333,4.440000
1.250937,4.653333,4.440000
1.251338,4.600000,4.506667
1.251739,4.800000,4.460000
1.252140,4.706666,4.506667
1.252542,4.793333,4.526667
1.252943,4.706666,4.533333
1.253344,4.766666,4.480000
1.253745,4.800000,4.573333
1.254146,4.826666,4.660000
1.254548,4.833333,4.453333
1.254949,4.953333,4.600000
1.255351,4.880000,4.700000
1.255752,4.906667,4.700000
1.256155,4.946666,4.686666
1.256556,4.926667,4.720000
1.256957,4.966667,4.740000
1.257358,4.986667,4.700000
1.257760,5.006667,4.773334
1.258161,5.033333,4.793333
1.258562,5.066667,4.793333
1.258964,5.066667,4.860000
1.259366,5.100000,4.873333
1.259767,5.106667,4.900000
1.260169,5.166667,4.840000
1.260571,5.120000,4.926667
1.260972,5.186666,4.913333
1.261374,5.233334,4.993333
1.261776,5.226666,4.966667
1.262177,5.240000,5.066667
1.262579,5.266667,5.000000
1.262980,5.273333,5.013333
1.263382,5.333333,5.060000
1.263783,5.346666,5.060000
1.264185,5.360000,5.060000
1.264586,5.386667,5.113333
1.264988,5.386667,5.140000
1.265389,5.420000,5.133333
1.265791,5.440000,5.180000
1.266192,5.460000,5.166667
1.266593,5.486667,5.240000
1.266995,5.566667,5.166667
1.267397,5.486667,5.253333
1.267799,5.433333,5.333333
1.268200,5.586667,5.306666
1.268601,5.606667,5.333333
1.269003,5.586667,5.320000
1.269404,5.620000,5.386667
1.269805,5.646667,5.360000
1.270206,5.693333,5.420000
1.270608,5.720000,5.313333
1.271009,5.720000,5.566667
1.271411,5.753333,5.486667
1.271812,5.726667,5.180000
1.272215,5.793334,5.506666
1.272617,5.846666,5.533333
1.273018,5.846666,5.526667
1.273419,5.606667,5.600000
1.273820,5.906666,5.600000
1.274221,5.893333,5.613333
1.274622,5.900000,5.646667
1.275024,5.960000,5.886667
1.275425,6.000000,5.700000
1.275826,6.006667,5.746666
1.276227,6.040000,5.733333
1.276628,6.040000,5.746666
1.277031,6.060000,5.880000
1.277432,6.040000,5.733333
1.277834,6.113333,5.900000
1.278236,6.173333,5.860000
1.278638,6.226666,5.913333
1.279040,6.173333,6.046667
1.279442,6.280000,5.940000
1.279843,6.220000,5.913333
1.280244,6.246666,6.000000
1.280646,6.260000,5.953333
1.281047,6.260000,6.006667
1.281449,6.226666,6.020000
1.281850,6.333333,6.040000
1.282252,6.366666,6.080000
1.282653,6.386667,6.020000
1.283054,6.433333,6.113333
1.283456,6.426666,6.113333
1.283857,6.480000,6.146667
1.284259,6.493333,6.326666
1.284660,6.606667,6.220000
1.285061,6.426666,6.226666
1.285463,6.586667,6.113333
1.285864,6.553333,6.286667
1.286265,6.593333,6.286667
1.286667,6.673334,6.380000
1.287070,6.660000,6.273333
1.287471,6.766666,6.373333
1.287872,6.673334,6.386667
1.288274,6.766666,6.406667
1.288675,6.766666,6.426666
1.289077,6.786666,6.446667
1.289478,6.820000,6.480000
1.289879,6.833333,6.533333
1.290280,6.873333,6.500000
1.290681,6.900000,6.513333
1.291084,6.873333,6.600000
1.291486,6.946667,6.626667
1.291887,6.973333,6.646667
1.292288,6.966666,6.640000
1.292690,7.006667,6.653333
1.293092,7.026667,6.666667
1.293493,7.066666,6.720000
1.293894,7.140000,6.820000
1.294295,7.100000,6.753333
1.294697,7.106667,6.800000
1.295098,7.166667,6.953333
1.295499,7.180000,6.806667
1.295901,7.200000,6.846666
1.296302,7.253334,7.053333
1.296704,7.246666,6.893333
1.297105,7.219999,7.020000
1.297507,7.300000,7.153333
1.297908,7.340000,6.933333
1.298310,7.406666,6.986666
1.298711,7.353333,7.013333
1.299113,7.393333,7.020000
1.299514,7.513333,7.046667
1.299915,7.453333,7.080000
1.300317,7.466667,7.066666
1.300719,7.506667,7.153333
1.301121,7.506667,7.160000
1.301523,7.526666,7.173333
1.301924,7.546666,7.200000
1.302326,7.600000,7.166667
1.302727,7.600000,7.313333
1.303128,7.633333,7.266667
1.303530,7.666667,7.300000
1.303933,7.673333,7.320000
1.304334,7.706666,7.453333
1.304735,7.720000,7.346666
1.305136,7.766666,7.393333
1.305537,7.833333,7.393333
1.305940,7.826667,7.460000
1.306341,7.866666,7.486667
1.306742,7.866666,7.486667
1.307143,7.873333,7.466667
1.307545,7.900000,7.513333
1.307946,7.966667,7.540000
1.308348,7.940000,7.566667
1.308750,7.960000,7.586667
1.309151,8.013333,7.613333
1.309552,7.993333,7.626667
1.309953,8.046666,7.686666
1.310355,8.066667,7.640000
1.310756,8.120000,7.840000
1.311157,8.153334,7.780000
1.311558,8.146667,7.760000
1.311961,8.246666,7.806666
1.312362,8.220000,7.946667
1.312764,8.213333,8.033334
1.313165,8.093333,7.900000
1.313566,8.306666,8.093333
1.313967,8.253333,7.873333
1.314368,8.346666,7.926667
1.314770,8.366667,7.986666
1.315172,8.413333,7.973333
1.315573,8.453333,8.006666
1.315976,8.413333,8.013333
1.316377,8.466666,8.053332
1.316778,8.493334,8.066667
1.317179,8.480000,8.100000
1.317580,8.526667,8.200000
1.317982,8.540000,8.153334
1.318383,8.579999,7.993333
1.318785,8.353333,8.313333
1.319187,8.666666,8.233334
1.319588,8.639999,8.213333
1.319990,8.673333,8.246666
1.320391,8.660000,8.300000
1.320792,8.639999,8.300000
1.321193,8.746667,8.360000
1.321594,8.760000,8.340000
1.321995,8.806666,7.966667
1.322396,8.820000,8.386666
1.322797,8.839999,8.420000
1.323198,8.873333,8.453333
1.323600,8.880000,8.486667
1.324003,8.920000,8.486667
1.324404,8.960000,8.546666
1.324805,8.953334,8.513332
1.325206,8.993333,8.573333
1.325608,8.993333,8.693334
1.326009,9.039999,8.646667
1.326410,9.093333,8.639999
1.326812,9.113333,8.666666
1.327213,9.093333,8.666666
1.327614,9.153334,8.700000
1.328016,9.153334,8.726666
1.328417,9.213333,8.740000
1.328818,9.193333,8.800000
1.329220,9.306666,9.213333
1.329621,9.299999,8.813334
1.330022,9.306666,8.926666
1.330423,9.433332,8.813334
1.330824,9.346666,8.913333
1.331225,9.346666,8.900000
1.331627,9.346666,8.946667
1.332028,9.473333,9.039999
1.332430,9.480000,9.020000
1.332831,9.480000,9.006666
1.333232,9.526667,9.073333
1.333634,9.573333,9.006666
1.334035,9.593333,9.093333
1.334437,9.613334,9.160000
1.334840,9.600000,9.126666
1.335241,9.633333,9.126666
1.335642,9.700000,9.179999
1.336044,9.733334,9.093333
1.336445,9.726666,9.233333
1.336846,9.753333,9.266666
1.337247,9.793333,9.346666
1.337648,9.846666,9.240000
1.338049,9.786667,9.320000
1.338450,9.913333,9.346666
1.338852,9.880000,8.953334
1.339253,9.906666,9.346666
1.339654,9.926666,9.346666
1.340055,9.953333,9.460000
1.340457,9.966666,9.493333
1.340858,10.006667,9.493333
1.341259,10.046666,9.553333
1.341660,10.046666,9.566666
1.342061,10.099999,9.613334
1.342463,10.080000,9.513333
1.342864,10.126667,9.653333
1.343266,10.133333,9.646667
1.343667,10.173333,9.693333
1.344068,10.219999,9.886666
1.344470,10.226666,9.813334
1.344871,10.253333,9.753333
1.345272,10.286666,9.793333
1.345673,10.260000,9.820000
1.346074,10.326667,9.806666
1.346476,10.340000,9.346666
1.346877,10.393333,9.920000
1.347278,10.393333,10.080000
1.347684,10.440000,9.920000
1.348085,10.393333,9.993333
1.348486,10.493333,9.980000
1.348887,10.493333,9.993333
1.349288,10.526667,10.006667
1.349689,10.546666,10.046666
1.350092,10.593333,10.059999
1.350493,10.593333,10.146667
1.350894,10.639999,10.113333
1.351296,10.660000,10.160000
1.351697,10.660000,10.140000
1.352100,10.693333,10.179999
1.352502,10.673333,10.233333
1.352905,10.773334,10.200000
1.353307,10.753333,10.266666
1.353709,10.826666,10.299999
1.354110,10.820000,10.380000
1.354511,10.953333,10.413333
1.354912,10.866667,10.440000
1.355314,10.940000,10.320000
1.355716,10.940000,10.426666
1.356117,10.946666,10.433333
1.356518,11.000000,10.286666
1.356919,11.020000,10.440000
1.357321,11.026667,10.460000
1.357722,11.060000,10.513333
1.358123,11.079999,10.546666
1.358525,11.093333,10.566667
1.358926,11.139999,10.573333
1.359328,11.113334,10.606667
1.359729,11.173333,10.666667
1.360130,11.186666,10.666667
1.360533,11.226666,10.679999
1.360934,11.186666,10.693333
1.361336,11.286666,10.746666
1.361737,11.280000,10.766666
1.362140,11.326667,10.780000
1.362541,11.480000,10.786667
1.362943,11.353333,10.840000
1.363344,11.393333,10.606667
1.363746,11.493333,10.926667
1.364147,11.433333,10.900000
1.364549,11.460000,10.933333
1.364952,11.486667,10.946666
1.365353,11.539999,10.986667
1.365754,11.559999,11.020000
1.366155,11.599999,11.006666
1.366557,11.586667,11.193334
1.366958,11.620000,11.099999
1.367360,11.653334,11.120000
1.367761,11.700000,11.113334
1.368164,11.693333,11.120000
1.368565,11.706667,11.193334
1.368967,11.720000,11.186666
1.369368,11.753333,11.193334
1.369770,11.786667,11.206666
1.370171,11.599999,11.240000
1.370573,11.873333,11.253333
1.370974,11.933332,11.300000
1.371375,11.946667,11.293333
1.371776,11.933332,11.253333
1.372177,11.993333,11.386666
1.372579,11.960000,11.406666
1.372981,11.920000,11.393333
1.373382,12.040000,11.426666
1.373784,11.973333,11.460000
1.374185,12.066666,11.453334
1.374586,12.106667,11.526667
1.374987,12.139999,11.539999
1.375388,12.146667,11.546666
1.375790,12.200000,11.593333
1.376192,12.213333,11.599999
1.376593,12.286667,11.726666
1.376994,12.233334,11.626666
1.377396,12.293333,11.666666
1.377798,12.286667,11.726666
1.378199,12.453333,11.733333
1.378601,12.339999,11.786667
1.379002,12.313334,11.760000
1.379403,12.453333,11.746666
1.379804,12.426666,11.813333
1.380205,12.446667,11.820000
1.380607,12.486667,11.866666
1.381010,12.500000,11.893333
1.381411,12.540000,11.900000
1.381812,12.559999,11.926666
1.382213,12.580000,11.933332
1.382615,12.586666,11.940000
1.383017,12.613333,11.980000
1.383418,12.626667,12.006666
1.383820,12.553333,11.946667
1.384222,12.686666,12.066666
1.384624,12.773334,12.093333
1.385025,12.740000,12.053333
1.385426,12.760000,12.186666
1.385829,12.793333,12.139999
1.386230,12.786666,12.213333
1.386632,12.873333,12.273333
1.387033,12.860000,12.253333
1.387434,12.873333,12.506667
1.387836,12.880000,12.213333
1.388238,12.953333,12.259999
1.388640,12.980000,12.333333
1.389042,12.966667,12.380000
1.389444,13.006666,12.400000
1.389845,13.026667,12.426666
1.390246,13.046666,12.433333
1.390648,13.053332,12.466666
1.391049,13.093333,12.493333
1.391450,13.120000,12.506667
1.391853,13.133333,12.500000
1.392255,13.166667,12.559999
1.392657,13.160000,12.459999
1.393058,13.206666,12.599999
1.393459,13.266666,12.646667
1.393860,13.306666,12.613333
1.394263,13.246666,12.646667
1.394665,13.306666,12.540000
1.395067,13.313333,12.593333
1.395469,13.353333,12.760000
1.395870,13.393333,12.733333
1.396271,13.413334,13.026667
1.396673,13.493333,12.866666
1.397074,13.559999,12.786666
1.397476,13.500000,12.853333
1.397879,13.480000,12.860000
1.398280,13.546667,12.886666
1.398681,13.573333,12.893333
1.399082,13.566667,12.946667
1.399484,13.559999,12.940000
1.399885,13.620000,12.946667
1.400286,13.566667,13.033334
1.400688,13.660000,12.993333
1.401089,13.680000,13.026667
1.401491,13.700000,13.053332
1.401892,13.740001,13.086667
1.402294,13.786667,13.059999
1.402695,13.779999,13.120000
1.403096,13.806667,13.133333
1.403498,13.753333,13.173333
1.403900,13.833333,13.153334
1.404301,13.853333,13.193333
1.404703,13.906666,13.259999
1.405105,13.960000,13.266666
1.405506,13.873334,13.313333
1.405907,13.966666,13.293333
1.406308,13.986667,13.306666
1.406710,13.986667,13.313333
1.407111,14.039999,13.353333
1.407512,14.059999,13.373333
1.407913,14.073334,13.433333
1.408315,14.066666,13.246666
1.408717,14.126666,13.453332
1.409118,14.166666,13.473332
1.409519,14.140000,13.533333
1.409920,14.193333,13.553333
1.410321,14.206667,13.546667
1.410722,14.253333,13.533333
1.411125,14.239999,13.559999
1.411527,14.266667,13.613334
1.411928,14.320000,13.586667
1.412330,14.340000,13.620000
1.412732,14.353333,13.220000
1.413133,14.286666,13.680000
1.413534,14.406667,13.713332
1.413935,14.406667,13.653334
1.414337,14.433332,13.759999
1.414739,14.473333,13.793333
1.415140,14.480000,13.813334
1.415541,14.546666,13.793333
1.415943,14.540000,13.866666
1.416344,14.600000,13.873334
1.416746,14.640000,13.893333
1.417148,14.606667,13.886666
1.417549,14.626666,13.926666
1.417950,14.580000,13.960000
1.418352,14.726667,13.946667
1.418753,14.673333,13.960000
1.419156,14.640000,14.013333
1.419558,14.733334,14.046667
1.419959,14.759999,13.960000
1.420361,14.773334,14.080000
1.420762,14.806666,14.166666
1.421165,14.846666,14.113334
1.421567,14.840000,14.173332
1.421969,14.866667,14.140000
1.422371,14.873333,14.173332
1.422772,14.893332,14.173332
1.423174,14.926667,14.226666
1.423576,14.946667,14.233333
1.423977,14.953333,14.246667
1.424379,15.026666,14.333334
1.424780,15.046666,14.266667
1.425182,14.953333,14.306665
1.425583,15.080000,14.340000
1.425984,15.113333,14.393332
1.426386,15.126667,14.373332
1.426788,15.179999,14.346666
1.427189,15.153333,14.406667
1.427591,15.213333,14.439999
1.427993,15.266666,14.446667
1.428395,15.179999,14.459999
1.428796,15.253334,14.506667
1.429198,15.286666,14.140000
1.429599,15.246666,14.540000
1.430000,15.340000,14.640000
1.430401,15.320001,14.586666
1.430802,15.373333,14.600000
1.431203,15.393333,14.600000
1.431606,15.400000,14.633332
1.432007,15.460000,14.659999
1.432409,15.533333,14.693333
1.432811,15.500000,14.713333
1.433212,15.513332,14.699999
1.433613,15.533333,14.759999
1.434014,15.506666,14.753333
1.434417,15.566667,14.793334
1.434818,15.526667,14.759999
1.435219,15.593333,14.833332
1.435621,15.619999,14.860001
1.436022,15.639999,14.860001
1.436423,15.673333,14.866667
1.436824,15.679999,14.880000
1.437225,15.733333,14.940000
1.437626,15.733333,14.953333
1.438027,15.873333,14.953333
1.438429,15.786667,14.953333
1.438831,15.740000,14.946667
1.439232,15.806666,14.953333
1.439633,15.806666,14.953333
1.440035,15.819999,14.953333
1.440437,15.866667,15.119999
1.440838,15.900000,15.133333
1.441240,15.879999,15.213333
1.441641,15.913334,15.133333
1.442043,15.953332,15.179999
1.442444,15.993333,15.213333
1.442845,15.980000,15.219999
1.443246,16.033333,15.273333
1.443647,16.013332,15.226665
1.444049,16.073334,15.280000
1.444450,16.066668,15.306666
1.444851,16.099998,15.493332
1.445254,16.066668,15.373333
1.445655,16.139999,15.393333
1.446056,16.193333,15.346666
1.446457,16.186666,15.740000
1.446858,16.193333,15.366667
1.447259,16.219999,15.426665
1.447660,16.279999,15.446666
1.448061,16.233332,15.480000
1.448463,16.286667,15.480000
1.448865,16.326666,15.540000
1.449267,16.320000,15.553332
1.449669,16.379999,15.573333
1.450070,16.353333,15.346666
1.450471,16.393333,15.586667
1.450872,16.426666,15.626667
1.451274,16.420000,15.626667
1.451676,16.446667,15.599999
1.452077,16.480000,15.740000
1.452478,16.486666,15.646666
1.452881,16.506666,15.693334
1.453282,16.539999,15.733333
1.453683,16.406666,15.866667
1.454085,16.573334,15.746666
1.454486,16.706667,15.760000
1.454887,16.666666,15.806666
1.455288,16.666666,15.826667
1.455689,16.639999,15.833333
1.456092,16.673332,15.839999
1.456493,16.693333,15.853333
1.456894,16.713333,15.799999
1.457295,16.713333,15.913334
1.457696,16.700001,15.920000
1.458097,16.753332,15.960000
1.458498,16.766666,15.946666
1.458899,16.773333,15.980000
1.459300,16.779999,15.946666
1.459701,16.846666,16.000000
1.460102,16.846666,16.020000
1.460503,16.846666,16.020000
1.460905,16.873333,16.093332
1.461307,16.933332,16.099998
1.461709,16.900000,16.099998
1.462110,16.719999,16.113333
1.462511,16.886665,16.139999
1.462912,16.900000,15.913334
1.463313,16.900000,16.193333
1.463715,16.946667,16.180000
1.464116,16.966667,16.193333
1.464518,16.953333,16.219999
1.464919,16.986668,16.193333
1.465320,17.126667,16.213333
1.465721,17.033333,16.246666
1.466122,17.046665,16.286667
1.466524,17.186666,16.346666
1.466925,17.066666,16.313334
1.467326,17.139999,16.333334
1.467727,17.106667,16.233332
1.468129,17.139999,16.366665
1.468532,17.153332,16.400000
1.468933,17.166666,16.393333
1.469334,17.193333,16.466667
1.469737,17.199999,16.446667
1.470139,17.240000,16.466667
1.470540,17.126667,16.499998
1.470941,17.233334,16.680000
1.471342,17.333332,16.499998
1.471743,17.260000,16.539999
1.472144,17.273333,16.573334
1.472546,17.353333,16.713333
1.472948,17.326666,16.593334
1.473349,17.333332,16.613333
1.473750,17.360001,16.586666
1.474151,17.353333,16.646666
1.474552,17.373333,16.759998
1.474954,17.426666,16.673332
1.475355,17.386667,16.660000
1.475756,17.433332,16.386665
1.476157,17.433332,16.726667
1.476558,17.459999,16.786665
1.476959,17.486666,16.759998
1.477360,17.493334,16.773333
1.477761,17.500000,16.779999
1.478162,17.573332,16.799999
1.478564,17.559999,16.793333
1.478966,17.533333,16.779999
1.479367,17.546665,16.793333
1.479768,17.553331,16.886665
1.480170,17.619999,16.879999
1.480572,17.619999,16.886665
1.480973,17.653334,16.860001
1.481374,17.646667,16.866667
1.481776,17.679998,16.893332
1.482178,17.646667,16.906666
1.482580,17.686666,16.920000
1.482981,17.733334,16.939999
1.483382,17.726665,16.946667
1.483783,17.773333,16.946667
1.484184,17.753334,16.959999
1.484586,17.766666,16.966667
1.484987,17.753334,16.993334
1.485389,17.786667,17.006666
1.485791,17.799999,16.833334
1.486192,17.813332,17.039999
1.486594,17.826666,17.039999
1.486995,17.840000,17.073334
1.487397,17.799999,17.073334
1.487798,17.886667,17.039999
1.488200,17.939999,17.106667
1.488601,17.886667,17.333332
1.489003,17.920000,17.126667
1.489404,17.920000,17.139999
1.489805,17.946665,17.146666
1.490206,17.959999,17.173332
1.490608,17.959999,17.206667
1.491009,17.980000,17.186666
1.491410,17.973333,17.206667
1.491811,18.013332,17.186666
1.492212,18.026667,17.253334
1.492613,18.026667,17.206667
1.493015,18.053333,17.266666
1.493417,18.040001,17.266666
1.493818,18.093332,17.380001
1.494219,18.073332,17.286665
1.494620,18.079998,17.279999
1.495021,18.086666,17.293333
1.495423,18.199999,17.333332
1.495825,18.173334,17.333332
1.496227,18.160000,17.193333
1.496628,18.153334,17.333332
1.497029,18.219999,17.340000
1.497430,18.199999,17.393333
1.497831,18.199999,17.380001
1.498232,18.213333,17.306665
1.498633,18.186666,17.426666
1.499035,18.233332,17.426666
1.499437,18.260000,17.433332
1.499838,18.260000,17.486666
1.500239,18.280001,17.486666
1.500640,18.273333,17.473333
1.501041,18.353333,17.446667
1.501443,18.313334,17.673332
1.501844,18.326666,17.453333
1.502245,18.386665,17.500000
1.502646,18.393333,17.506666
1.503047,18.366667,17.586666
1.503450,18.386665,17.539999
1.503851,18.339998,17.539999
1.504252,18.406666,17.613333
1.504653,18.379999,17.633333
1.505054,18.440001,17.613333
1.505455,18.393333,17.633333
1.505856,18.393333,17.653334
1.506257,18.453333,17.653334
1.506659,18.473331,17.693333
1.507061,18.473331,17.673332
1.507463,18.506666,17.740000
1.507865,18.500000,17.719999
1.508267,18.500000,17.713333
1.508669,18.526667,17.780001
1.509070,18.546667,17.726665
1.509471,18.546667,17.746666
1.509872,18.619999,17.746666
1.510273,18.580000,17.746666
1.510674,18.559999,17.766666
1.511075,18.619999,17.793333
1.511478,18.599998,17.799999
1.511879,18.633333,17.813332
1.512280,18.639999,17.840000
1.512682,18.633333,17.826666
1.513083,18.693333,17.799999
1.513484,18.680000,17.733334
1.513885,18.686666,17.859999
1.514287,18.660000,17.873333
1.514688,18.680000,17.886667
1.515090,18.706667,17.886667
1.515491,18.713333,17.926666
1.515892,18.719999,17.826666
1.516293,18.746666,17.939999
1.516695,18.753332,17.933332
1.517097,18.746666,17.939999
1.517498,18.759998,17.939999
1.517899,18.773333,17.959999
1.518300,18.773333,17.966665
1.518701,18.806667,18.000000
1.519103,18.820000,17.980000
1.519504,18.820000,18.000000
1.519906,18.826666,18.079998
1.520308,18.859999,18.040001
1.520709,18.846666,18.020000
1.521111,18.853333,17.826666
1.521512,18.940001,18.046667
1.521913,18.873333,18.040001
1.522315,18.853333,18.066666
1.522716,18.893333,18.066666
1.523117,18.920000,18.086666
1.523518,18.926666,18.233332
1.523919,18.933332,18.146666
1.524321,18.933332,18.106667
1.524722,18.926666,18.126667
1.525123,18.933332,18.086666
1.525524,18.946667,18.119999
1.525925,18.980000,18.139999
1.526327,18.993332,18.146666
1.526728,19.019999,18.180000
1.527129,19.033333,18.166666
1.527531,18.993332,18.226665
1.527932,19.019999,18.206665
1.528333,19.073334,18.146666
1.528734,19.039999,18.199999
1.529135,19.093334,18.213333
1.529537,19.133331,18.253332
1.529938,19.006666,18.240000
1.530340,19.066666,18.226665
1.530741,19.086666,18.226665
1.531142,19.106667,18.246666
1.531544,19.119999,18.273333
1.531945,19.113333,18.273333
1.532346,19.126665,18.280001
1.532747,19.080000,18.280001
1.533149,19.139999,18.293333
1.533551,19.160000,18.286667
1.533953,19.153332,18.326666
1.534354,19.153332,18.313334
1.534755,19.160000,18.320000
1.535156,19.153332,18.333332
1.535557,19.186666,18.299999
1.535959,19.146666,18.326666
1.536361,19.233334,18.339998
1.536763,19.146666,18.386665
1.537165,19.226667,18.400000
1.537566,19.233334,18.386665
1.537967,19.253332,18.373333
1.538368,19.259998,18.240000
1.538770,19.259998,18.646666
1.539172,19.259998,18.400000
1.539573,19.266666,18.406666
1.539974,19.340000,18.420000
1.540375,19.259998,18.406666
1.540776,19.279999,18.446667
1.541177,19.306665,18.446667
1.541579,19.293333,18.520000
1.541980,19.299999,18.466665
1.542382,19.326666,18.506666
1.542783,19.306665,18.400000
1.543185,19.340000,18.493332
1.543586,19.333334,18.453333
1.543987,19.340000,18.466665
1.544389,19.346666,18.506666
1.544790,19.340000,18.473331
1.545192,19.400000,18.520000
1.545593,19.426666,18.520000
1.545994,19.340000,18.546667
1.546395,19.446667,18.526667
1.546796,19.340000,18.693333
1.547197,19.393332,18.466665
1.547599,19.386665,18.526667
1.548001,19.406666,18.539999
1.548402,19.420000,18.546667
1.548803,19.433332,18.546667
1.549204,19.433332,18.653334
1.549606,19.439999,18.586666
1.550007,19.413332,18.580000
1.550409,19.453333,18.586666
1.550810,19.506666,18.613333
1.551211,19.466667,18.606665
1.551612,19.526665,18.646666
1.552013,19.473333,18.626665
1.552417,19.500000,18.626665
1.552818,19.453333,18.639999
1.553220,19.506666,18.646666
1.553621,19.480000,18.813334
1.554022,19.473333,18.586666
1.554423,19.500000,18.599998
1.554824,19.486668,18.646666
1.555225,19.480000,18.693333
1.555627,19.506666,18.673334
1.556028,19.553333,18.680000
1.556430,19.533333,18.660000
1.556831,19.539999,18.646666
1.557233,19.539999,18.653334
1.557634,19.566666,18.673334
1.558035,19.493334,18.686666
1.558437,19.593332,18.673334
1.558838,19.566666,18.666666
1.559240,19.573334,18.686666
1.559642,19.580000,18.700001
1.560043,19.613333,18.753332
1.560445,19.586666,18.706667
1.560846,19.606667,18.753332
1.561247,19.633333,18.713333
1.561648,19.600000,18.719999
1.562050,19.613333,18.713333
1.562451,19.613333,18.719999
1.562852,19.626667,18.613333
1.563254,19.639999,18.493332
1.563655,19.626667,18.766666
1.564056,19.633333,18.733332
1.564458,19.639999,18.759998
1.564859,19.646666,18.759998
1.565260,19.613333,18.746666
1.565661,19.633333,18.766666
1.566063,19.653332,18.759998
1.566465,19.666666,18.746666
1.566866,19.646666,18.700001
1.567268,19.659998,18.786667
1.567670,19.666666,18.779999
1.568071,19.673332,18.713333
1.568472,19.679998,18.820000
1.568873,19.686666,18.766666
1.569275,19.686666,18.806667
1.569676,19.659998,18.806667
1.570078,19.679998,18.786667
1.570479,19.686666,18.806667
1.570880,19.773333,18.719999
1.571281,19.706667,18.473331
1.571682,19.693333,18.866665
1.572083,19.706667,18.586666
1.572484,19.706667,18.799999
1.572886,19.713333,18.840000
1.573287,19.699999,18.813334
1.573688,19.726667,18.826666
1.574089,19.693333,18.799999
1.574491,19.699999,18.813334
1.574893,19.726667,18.799999
1.575294,19.733334,18.873333
1.575695,19.740000,18.826666
1.576096,19.699999,18.820000
1.576498,19.633333,18.806667
1.576899,19.746666,18.840000
1.577301,19.633333,18.833334
1.577703,19.753334,18.859999
1.578104,19.746666,18.873333
1.578505,19.740000,18.660000
1.578906,19.740000,18.840000
1.579307,19.773333,18.873333
1.579708,19.699999,18.700001
1.580109,19.826666,18.946667
1.580511,19.766666,18.813334
1.580912,19.753334,18.846666
1.581314,19.746666,18.833334
1.581716,19.760000,18.879999
1.582118,19.773333,18.859999
1.582520,19.779999,18.853333
1.582922,19.813332,18.879999
1.583323,19.773333,18.879999
1.583725,19.806665,18.879999
1.584126,19.846666,18.879999
1.584527,19.753334,18.879999
1.584928,19.786665,18.879999
1.585330,19.740000,18.853333
1.585731,19.793333,18.886665
1.586133,19.786665,18.926666
1.586534,19.806665,18.913332
1.586936,19.646666,18.886665
1.587338,19.806665,18.879999
1.587740,19.779999,18.886665
1.588141,19.840000,18.879999
1.588543,19.813332,18.999998
1.588945,19.799999,18.940001
1.589346,19.860001,18.900000
1.589748,19.786665,18.879999
1.590149,19.806665,18.879999
1.590550,19.799999,18.886665
1.590951,19.793333,18.879999
1.591352,19.799999,18.893333
1.591753,19.793333,18.886665
1.592154,19.806665,18.893333
1.592555,19.766666,18.879999
1.592957,19.793333,18.879999
1.593358,19.793333,18.953333
1.593759,19.786665,18.886665
1.594160,19.760000,18.879999
1.594561,19.793333,18.986666
1.594963,19.806665,18.933332
1.595364,19.799999,18.906666
1.595765,19.740000,18.900000
1.596166,19.786665,18.866665
1.596568,19.873333,18.806667
1.596969,19.786665,18.853333
1.597370,19.793333,18.886665
1.597771,19.786665,18.853333
1.598172,19.773333,18.793333
1.598574,19.793333,18.879999
1.598976,19.793333,18.879999
1.599377,19.806665,18.879999
1.599778,19.773333,18.940001
1.600179,19.753334,18.906666
1.600581,19.799999,18.900000
1.600982,19.806665,18.879999
1.601383,19.786665,18.873333
1.601784,19.773333,18.873333
1.602186,19.740000,18.873333
1.602587,19.753334,18.853333
1.602988,19.766666,18.960001
1.603389,19.760000,18.873333
1.603790,19.746666,19.046667
1.604191,19.779999,18.879999
1.604592,19.760000,18.886665
1.604994,19.773333,18.866665
1.605395,19.760000,18.906666
1.605796,19.760000,18.873333
1.606197,19.746666,18.866665
1.606599,19.740000,18.833334
1.607002,19.699999,18.833334
1.607403,19.753334,18.833334
1.607804,19.766666,18.913332
1.608205,19.753334,18.873333
1.608606,19.746666,18.846666
1.609007,19.760000,18.840000
1.609408,19.713333,18.879999
1.609809,19.713333,18.833334
1.610211,19.746666,18.653334
1.610612,19.639999,18.940001
1.611014,19.740000,18.846666
1.611417,19.786665,18.840000
1.611818,19.693333,18.859999
1.612220,19.719999,18.726665
1.612621,19.733334,18.826666
1.613022,19.733334,18.820000
1.613423,19.733334,18.826666
1.613824,19.766666,18.833334
1.614226,19.726667,18.833334
1.614627,19.706667,18.813334
1.615028,19.693333,18.799999
1.615430,19.673332,18.820000
1.615832,19.693333,18.820000
1.616233,19.686666,18.786667
1.616634,19.713333,18.893333
1.617035,19.686666,18.759998
1.617437,19.679998,18.820000
1.617839,19.693333,18.726665
1.618240,19.659998,18.826666
1.618642,19.686666,18.806667
1.619043,19.659998,18.766666
1.619444,19.673332,18.766666
1.619845,19.626667,18.746666
1.620246,19.646666,18.766666
1.620647,19.659998,18.779999
1.621049,19.713333,18.779999
1.621450,19.639999,18.879999
1.621851,19.613333,18.766666
1.622253,19.653332,18.759998
1.622654,19.653332,18.733332
1.623055,19.646666,18.746666
1.623457,19.639999,18.746666
1.623858,19.633333,18.766666
1.624259,19.633333,18.746666
1.624660,19.613333,18.746666
1.625062,19.626667,18.686666
1.625463,19.539999,18.746666
1.625865,19.606667,18.719999
1.626266,19.620001,18.713333
1.626667,19.633333,18.706667
1.627069,19.586666,18.706667
1.627470,19.573334,18.606665
1.627872,19.573334,18.693333
1.628273,19.600000,18.700001
1.628674,19.586666,18.693333
1.629076,19.493334,18.653334
1.629477,19.566666,18.646666
1.629878,19.533333,18.686666
1.630280,19.533333,18.666666
1.630681,19.533333,18.653334
1.631082,19.533333,18.646666
1.631484,19.526665,18.646666
1.631885,19.480000,18.660000
1.632286,19.506666,18.626665
1.632687,19.426666,18.619999
1.633088,19.553333,18.626665
1.633490,19.480000,18.626665
1.633891,19.480000,18.639999
1.634292,19.486668,18.619999
1.634693,19.480000,18.619999
1.635094,19.459999,18.566668
1.635496,19.459999,18.713333
1.635898,19.473333,18.626665
1.636300,19.473333,18.606665
1.636702,19.439999,18.586666
1.637103,19.433332,18.619999
1.637504,19.453333,18.586666
1.637906,19.439999,18.539999
1.638307,19.433332,18.520000
1.638709,19.453333,18.566668
1.639110,19.400000,18.559999
1.639511,19.386665,18.539999
1.639913,19.379999,18.526667
1.640314,19.373333,18.526667
1.640716,19.393332,18.533333
1.641118,19.373333,18.526667
1.641519,19.373333,18.506666
1.641921,19.353334,18.466665
1.642323,19.346666,18.446667
1.642724,19.353334,18.493332
1.643126,19.360001,18.473331
1.643527,19.326666,18.453333
1.643929,19.326666,18.486666
1.644330,19.346666,18.486666
1.644732,19.326666,18.466665
1.645133,19.313334,18.440001
1.645534,19.299999,18.506666
1.645935,19.279999,18.440001
1.646337,19.466667,18.466665
1.646738,19.360001,18.440001
1.647139,19.279999,18.406666
1.647540,19.240000,18.406666
1.647941,19.246666,18.400000
1.648342,19.273333,18.400000
1.648743,19.233334,18.400000
1.649144,19.253332,18.333332
1.649545,19.226667,18.359999
1.649946,19.219999,18.379999
1.650347,19.253332,18.359999
1.650749,19.200001,18.339998
1.651150,19.213333,18.346666
1.651552,19.259998,18.339998
1.651955,19.253332,18.326666
1.652356,19.153332,18.333332
1.652757,19.160000,18.293333
1.653158,19.166666,18.293333
1.653559,19.113333,18.293333
1.653960,19.146666,18.273333
1.654361,19.113333,18.146666
1.654762,19.106667,18.266666
1.655163,19.086666,18.219999
1.655565,19.106667,18.273333
1.655966,19.080000,18.240000
1.656368,19.066666,18.233332
1.656769,19.066666,18.226665
1.657170,19.059999,18.273333
1.657572,19.073334,18.206665
1.657973,19.053333,18.193333
1.658375,18.993332,18.213333
1.658777,19.013332,18.160000
1.659178,19.019999,18.160000
1.659579,18.993332,18.160000
1.659980,19.006666,18.246666
1.660381,19.019999,18.199999
1.660782,18.973333,18.139999
1.661183,18.946667,18.139999
1.661585,18.986666,18.113333
1.661988,18.986666,18.099998
1.662389,18.906666,17.939999
1.662790,18.940001,18.040001
1.663192,18.960001,18.333332
1.663593,18.900000,18.099998
1.663995,18.893333,18.033333
1.664397,18.906666,18.079998
1.664799,18.879999,18.079998
1.665200,18.879999,18.079998
1.665601,18.613333,18.066666
1.666003,18.879999,18.020000
1.666404,18.813334,18.013332
1.666805,18.826666,18.099998
1.667206,18.826666,18.020000
1.667607,18.813334,17.980000
1.668008,18.746666,18.000000
1.668411,18.799999,18.020000
1.668812,18.873333,17.966665
1.669214,18.773333,17.959999
1.669615,18.779999,17.946665
1.670016,18.733332,17.980000
1.670417,18.766666,17.939999
1.670819,18.746666,17.939999
1.671220,18.740000,17.893333
1.671622,18.713333,17.873333
1.672024,18.700001,17.406666
1.672425,18.693333,17.766666
1.672826,18.646666,17.879999
1.673227,18.653334,17.873333
1.673629,18.673334,17.873333
1.674031,18.653334,17.846666
1.674432,18.573334,17.813332
1.674834,18.619999,17.846666
1.675235,18.586666,17.773333
1.675636,18.606665,17.799999
1.676037,18.639999,17.813332
1.676438,18.713333,17.760000
1.676839,18.573334,17.760000
1.677240,18.513332,17.760000
1.677642,18.566668,17.733334
1.678043,18.526667,17.793333
1.678444,18.533333,17.786667
1.678845,18.500000,17.633333
1.679246,18.459999,17.719999
1.679647,18.473331,17.639999
1.680048,18.466665,17.973333
1.680450,18.459999,17.653334
1.680851,18.420000,17.673332
1.681252,18.446667,17.639999
1.681653,18.433334,17.639999
1.682055,18.406666,17.500000
1.682457,18.406666,17.613333
1.682859,18.420000,17.613333
1.683260,18.386665,17.613333
1.683663,18.426666,17.593332
1.684064,18.339998,17.586666
1.684465,18.366667,17.666666
1.684866,18.320000,17.526667
1.685267,18.313334,17.533333
1.685669,18.346666,17.539999
1.686070,18.299999,17.506666
1.686471,18.306667,17.486666
1.686873,18.266666,17.473333
1.687275,18.280001,17.486666
1.687676,18.260000,17.413332
1.688078,18.233332,17.386667
1.688479,18.233332,17.240000
1.688880,18.206665,17.419998
1.689282,18.199999,17.373333
1.689683,18.199999,17.380001
1.690085,18.160000,17.386667
1.690486,18.153334,17.333332
1.690887,18.153334,17.373333
1.691289,18.160000,17.333332
1.691690,18.059999,17.333332
1.692091,18.093332,17.320000
1.692492,18.093332,17.279999
1.692893,18.113333,17.246666
1.693294,18.066666,17.313332
1.693696,18.053333,17.333332
1.694097,18.066666,17.193333
1.694498,18.020000,17.240000
1.694900,18.026667,17.286665
1.695301,18.013332,17.233334
1.695702,17.939999,17.046665
1.696103,17.926666,17.186666
1.696504,17.939999,17.206667
1.696905,17.953333,17.139999
1.697306,17.913334,17.240000
1.697707,17.926666,17.139999
1.698108,17.906668,17.120001
1.698511,17.913334,17.106667
1.698912,17.906668,17.073334
1.699313,17.866667,17.039999
1.699714,17.846666,17.046665
1.700115,17.826666,17.039999
1.700517,17.793333,17.039999
1.700918,17.813332,17.039999
1.701320,17.806665,17.006666
1.701722,17.799999,17.013332
1.702123,17.780001,17.026665
1.702525,17.886667,16.953333
1.702927,17.753334,16.980000
1.703328,17.713333,16.953333
1.703729,17.733334,16.959999
1.704131,17.766666,16.953333
1.704532,17.679998,16.913332
1.704933,17.666666,16.913332
1.705334,17.706665,17.026665
1.705735,17.626667,16.873333
1.706136,17.633333,16.706667
1.706538,17.740000,16.860001
1.706939,17.566666,16.826666
1.707341,17.539999,16.873333
1.707743,17.573332,16.906666
1.708145,17.539999,16.786665
1.708546,17.533333,16.906666
1.708947,17.520000,16.779999
1.709348,17.473333,16.786665
1.709749,17.453333,16.766666
1.710150,17.419998,16.766666
1.710552,17.419998,16.713333
1.710954,17.453333,16.713333
1.711356,17.426666,16.713333
1.711757,17.400000,16.660000
1.712159,17.380001,16.706667
1.712561,17.360001,16.653332
1.712962,17.386667,16.646666
1.713363,17.333332,16.533333
1.713764,17.306665,16.299999
1.714165,17.313332,16.619999
1.714566,17.286665,16.586666
1.714967,17.299999,16.619999
1.715369,17.293333,16.553333
1.715770,17.240000,16.680000
1.716171,17.240000,16.466667
1.716572,17.253334,16.506666
1.716974,17.199999,16.446667
1.717375,17.193333,16.433332
1.717777,17.179998,16.446667
1.718179,17.166666,16.386665
1.718581,17.113333,16.420000
1.718982,17.139999,16.353333
1.719384,17.080000,16.366665
1.719785,17.120001,16.366665
1.720186,17.059999,16.366665
1.720588,17.013332,16.320000
1.720990,17.053333,16.446667
1.721391,17.019999,16.353333
1.721792,17.039999,16.259998
1.722193,16.966667,16.246666
1.722594,17.053333,16.213333
1.722995,16.953333,16.219999
1.723396,16.946667,16.186666
1.723798,16.946667,16.213333
1.724199,16.906666,16.099998
1.724600,16.786665,16.146666
1.725001,16.886665,16.099998
1.725403,16.906666,16.099998
1.725804,16.873333,16.080000
1.726205,16.853334,16.059999
1.726606,16.840000,16.093332
1.727008,16.826666,16.000000
1.727409,16.826666,16.006666
1.727811,16.846666,16.000000
1.728212,16.740000,15.980000
1.728613,16.766666,15.940000
1.729014,16.759998,15.933333
1.729417,16.746666,15.933333
1.729818,16.719999,15.893333
1.730220,16.706667,16.153334
1.730621,16.700001,15.853333
1.731022,16.666666,15.780001
1.731423,16.666666,15.839999
1.731824,16.619999,15.793333
1.732225,16.553333,15.619999
1.732626,16.639999,15.766666
1.733027,16.499998,15.753332
1.733429,16.553333,15.746666
1.733830,16.533333,15.733333
1.734231,16.499998,15.706666
1.734632,16.519999,15.720000
1.735035,16.466667,15.639999
1.735437,16.466667,15.633333
1.735838,16.400000,15.639999
1.736239,16.420000,15.346666
1.736640,16.386665,15.579999
1.737042,16.386665,15.579999
1.737443,16.306667,15.546666
1.737844,16.400000,15.546666
1.738245,16.286667,15.746666
1.738648,16.293333,15.306666
1.739050,16.180000,15.393333
1.739451,16.259998,15.460000
1.739852,16.233332,15.426665
1.740253,16.200001,15.400000
1.740654,16.186666,15.393333
1.741055,16.146666,15.340000
1.741456,16.153334,15.359999
1.741857,16.099998,15.306666
1.742258,16.160000,15.306666
1.742660,16.093332,15.240000
1.743061,16.046667,15.286666
1.743463,16.053333,15.286666
1.743865,16.006666,15.219999
1.744266,15.986667,15.213333
1.744667,15.980000,15.119999
1.745068,15.973332,15.159999
1.745470,15.926666,15.166667
1.745871,15.920000,14.953333
1.746272,15.893333,15.166667
1.746673,15.826667,15.086666
1.747074,15.846667,15.080000
1.747476,15.853333,14.953333
1.747877,15.819999,14.953333
1.748278,15.786667,14.953333
1.748683,15.773333,14.953333
1.749084,15.746666,14.953333
1.749485,15.733333,14.926667
1.749886,15.746666,14.919999
1.750288,15.733333,14.886666
1.750689,15.626667,14.873333
1.751090,15.633333,14.846666
1.751491,15.593333,14.840000
1.751892,15.633333,14.820000
1.752294,15.579999,14.800000
1.752695,15.553332,14.780000
1.753096,15.513332,14.693333
1.753498,15.500000,14.693333
1.753899,15.486666,14.766665
1.754300,15.453334,15.093332
1.754702,15.393333,14.659999
1.755104,15.393333,14.693333
1.755505,15.393333,14.580000
1.755906,15.386667,14.606667
1.756308,15.340000,14.600000
1.756710,15.346666,14.573334
1.757111,15.306666,14.573334
1.757512,15.313333,14.520000
1.757913,15.273333,14.533334
1.758314,15.260000,14.513333
1.758715,15.219999,14.446667
1.759116,15.213333,14.466667
1.759518,15.193334,14.426666
1.759919,15.159999,14.439999
1.760321,15.139999,14.373332
1.760722,15.126667,14.293333
1.761123,15.026666,14.360000
1.761525,15.040000,14.346666
1.761928,15.013333,14.326666
1.762329,15.013333,14.259999
1.762730,14.953333,14.266667
1.763132,14.933333,14.080000
1.763533,14.953333,14.266667
1.763934,14.913333,14.253333
1.764336,14.919999,14.186666
1.764738,14.866667,14.166666
1.765139,15.013333,14.173332
1.765540,14.846666,14.120000
1.765942,14.813333,14.113334
1.766344,14.833332,14.026667
1.766746,14.759999,14.099999
1.767147,14.706667,14.046667
1.767548,14.706667,14.026667
1.767950,14.673333,13.993333
1.768351,14.679999,13.986667
1.768752,14.780000,13.979999
1.769153,14.693333,13.926666
1.769555,14.633332,13.926666
1.769956,14.593332,13.893333
1.770357,14.573334,13.826666
1.770758,14.600000,13.860000
1.771159,14.559999,13.820000
1.771560,14.499999,13.813334
1.771963,14.546666,13.799999
1.772364,14.453333,13.773333
1.772765,14.420000,13.773333
1.773166,14.439999,13.740001
1.773567,14.380000,13.686666
1.773968,14.346666,13.673334
1.774370,14.346666,13.660000
1.774771,14.313334,13.693333
1.775173,14.326666,13.586667
1.775574,14.266667,13.586667
1.775975,14.239999,13.573333
1.776376,14.226666,13.573333
1.776777,14.239999,13.500000
1.777178,14.160000,13.559999
1.777579,14.166666,13.393333
1.777980,14.146667,13.533333
1.778382,14.126666,13.466666
1.778783,14.080000,13.220000
1.779184,14.033333,13.379999
1.779585,14.033333,13.646666
1.779986,14.106666,13.326666
1.780388,14.086666,13.353333
1.780789,13.979999,13.300000
1.781192,13.953333,13.293333
1.781593,13.933332,13.300000
1.781995,13.913332,13.253333
1.782396,13.866666,13.213333
1.782798,13.866666,13.226666
1.783199,13.839999,13.179999
1.783601,13.853333,13.120000
1.784002,13.793333,13.166667
1.784403,13.706666,13.126666
1.784805,13.759999,13.093333
1.785206,13.726666,13.080000
1.785607,13.706666,13.046666
1.786008,13.680000,12.960000
1.786410,13.586667,13.033334
1.786811,13.639999,13.013333
1.787212,13.586667,12.946667
1.787613,13.520000,12.933333
1.788014,13.500000,12.893333
1.788417,13.546667,12.946667
1.788819,13.579999,12.820000
1.789220,13.526667,12.786666
1.789621,13.486667,12.860000
1.790022,13.460000,12.780000
1.790424,13.440000,12.766666
1.790825,13.379999,12.753333
1.791226,13.346667,12.733333
1.791627,13.333333,12.706667
1.792029,13.339999,12.686666
1.792430,13.306666,12.686666
1.792832,13.286667,12.593333
1.793233,13.253333,12.620000
1.793634,13.286667,12.586666
1.794035,13.213333,12.573334
1.794437,13.133333,12.733333
1.794838,13.146667,12.513333
1.795240,13.073333,12.506667
1.795641,13.100000,12.506667
1.796042,13.106667,12.433333
1.796444,13.086667,12.580000
1.796845,13.053332,12.433333
1.797246,13.040000,12.353333
1.797647,12.966667,12.339999
1.798048,12.940000,12.339999
1.798450,12.953333,12.339999
1.798851,12.926666,12.313334
1.799252,12.933333,12.280000
1.799655,12.893333,12.253333
1.800056,12.853333,12.246667
1.800457,12.813334,12.213333
1.800858,12.813334,12.186666
1.801260,12.786666,12.186666
1.801662,12.719999,12.106667
1.802064,12.760000,12.126666
1.802466,12.733333,12.066666
1.802867,12.666666,12.066666
1.803269,12.653333,12.020000
1.803670,12.640000,12.006666
1.804072,12.606667,12.246667
1.804475,12.593333,12.206666
1.804876,12.593333,12.006666
1.805277,12.586666,11.726666
1.805679,12.566667,11.940000
1.806080,12.506667,11.886666
1.806482,12.486667,11.846666
1.806883,12.473333,11.840000
1.807286,12.420000,11.813333
1.807687,12.433333,11.799999
1.808090,12.326666,11.773334
1.808491,12.373333,11.753333
1.808894,12.339999,11.679999
1.809295,12.306666,11.593333
1.809696,12.266666,11.513333
1.810097,12.253333,11.706667
1.810498,12.246667,11.666666
1.810899,12.240000,11.599999
1.811300,12.200000,11.580000
1.811701,12.186666,11.573333
1.812102,12.040000,11.533333
1.812504,12.080000,11.533333
1.812905,12.059999,11.486667
1.813307,12.086666,11.493333
1.813709,11.953333,11.446667
1.814110,11.999999,11.446667
1.814511,11.960000,11.373333
1.814913,11.853333,11.360000
1.815315,11.860000,11.360000
1.815716,11.893333,11.366667
1.816119,11.860000,11.260000
1.816520,11.846666,11.240000
1.816922,11.820000,11.219999
1.817323,11.773334,11.286666
1.817725,11.786667,11.193334
1.818126,11.786667,11.120000
1.818527,11.746666,11.113334
1.818928,11.700000,11.180000
1.819330,11.666666,11.086666
1.819731,11.626666,11.079999
1.820133,11.620000,11.120000
1.820534,11.586667,11.020000
1.820936,11.573333,10.993334
1.821337,11.486667,11.046666
1.821738,11.486667,10.933333
1.822139,11.493333,11.006666
1.822540,11.480000,10.946666
1.822941,11.460000,10.920000
1.823343,11.433333,10.840000
1.823745,11.380000,10.840000
1.824146,11.360000,10.806666
1.824547,11.333333,10.780000
1.824949,11.313334,10.786667
1.825350,11.280000,10.753333
1.825751,11.266666,10.746666
1.826152,11.273333,10.706666
1.826554,11.200000,10.626666
1.826955,11.160000,10.666667
1.827357,11.186666,10.666667
1.827758,11.139999,10.606667
1.828159,11.113334,10.600000
1.828561,11.099999,10.593333
1.828963,11.113334,10.526667
1.829365,11.060000,10.526667
1.829766,11.026667,10.553332
1.830167,11.020000,10.466667
1.830568,10.986667,10.740000
1.830969,10.960000,10.380000
1.831370,10.913333,10.406667
1.831772,10.913333,10.240000
1.832173,10.853333,10.320000
1.832574,10.853333,10.320000
1.832976,10.826666,10.320000
1.833377,10.773334,10.266666
1.833778,10.766666,10.246666
1.834180,10.759999,10.233333
1.834581,10.713333,10.206667
1.834982,10.673333,10.166666
1.835383,10.673333,10.133333
1.835784,10.646667,10.226666
1.836186,10.653334,10.133333
1.836588,10.693333,10.086666
1.836990,10.546666,10.059999
1.837391,10.540000,9.973333
1.837793,10.593333,10.053333
1.838194,10.493333,10.020000
1.838596,10.493333,10.013333
1.838998,10.440000,9.993333
1.839400,10.433333,9.906666
1.839802,10.353333,9.893332
1.840203,10.386666,9.933333
1.840604,10.346666,9.853333
1.841007,10.326667,9.860000
1.841408,10.333333,9.780000
1.841810,10.266666,9.786667
1.842211,10.219999,9.706666
1.842613,10.166666,9.753333
1.843014,10.213333,9.733334
1.843417,10.126667,9.693333
1.843818,10.140000,9.646667
1.844221,10.120000,9.633333
1.844622,10.113333,9.593333
1.845024,10.080000,9.753333
1.845425,10.099999,9.593333
1.845826,10.026666,9.093333
1.846228,10.000000,9.646667
1.846630,9.980000,9.506666
1.847032,9.966666,9.460000
1.847433,9.940001,9.346666
1.847834,9.913333,9.346666
1.848236,9.880000,9.346666
1.848638,9.873333,9.340000
1.849039,9.839999,9.326667
1.849440,9.806666,9.346666
1.849841,9.839999,9.233333
1.850242,9.766666,9.266666
1.850644,9.740000,9.240000
1.851045,9.639999,9.186666
1.851446,9.660000,9.179999
1.851848,9.646667,9.346666
1.852249,9.719999,9.126666
1.852650,9.653333,9.333333
1.853052,9.513333,9.093333
1.853453,9.719999,9.073333
1.853854,9.540000,9.033333
1.854255,9.499999,8.613334
1.854656,9.486667,8.886666
1.855058,9.420000,8.953334
1.855459,9.486667,9.126666
1.855860,9.400000,8.946667
1.856261,9.346666,8.900000
1.856662,9.293333,8.886666
1.857063,9.286667,8.846666
1.857464,9.280000,8.833333
1.857865,9.273334,8.846666
1.858266,9.246666,8.820000
1.858667,9.193333,8.773333
1.859068,9.200000,8.753333
1.859470,9.140000,8.726666
1.859871,9.120000,8.913333
1.860273,9.099999,8.653333
1.860674,9.046666,8.666666
1.861075,9.053333,8.406667
1.861477,9.140000,8.620000
1.861879,9.013333,8.566667
1.862281,8.986667,8.553333
1.862682,8.960000,8.606667
1.863083,8.940000,8.486667
1.863484,8.913333,8.440000
1.863885,8.913333,8.453333
1.864287,8.860000,8.400000
1.864689,8.833333,8.440000
1.865090,8.813334,8.393332
1.865492,8.793333,8.340000
1.865893,8.766666,8.333333
1.866295,8.740000,8.273334
1.866696,8.733333,8.333333
1.867097,8.693334,8.253333
1.867499,8.653333,8.273334
1.867900,8.639999,8.220000
1.868301,8.606667,8.213333
1.868703,8.599999,8.186666
1.869104,8.613334,8.166667
1.869505,8.533333,8.093333
1.869906,8.533333,8.113333
1.870307,8.486667,8.066667
1.870708,8.440000,8.146667
1.871109,8.446666,8.040000
1.871511,8.426667,7.946667
1.871912,8.379999,7.966667
1.872313,8.433333,7.966667
1.872715,8.346666,7.920000
1.873116,8.320000,7.920000
1.873517,8.293333,7.873333
1.873920,8.253333,7.866666
1.874321,8.259999,7.866666
1.874722,8.206666,7.920000
1.875125,8.200000,7.780000
1.875526,8.133333,7.793334
1.875927,8.146667,7.726667
1.876329,8.120000,7.740000
1.876730,8.120000,7.693334
1.877132,8.066667,7.660000
1.877533,8.100000,7.653333
1.877936,8.053332,7.706666
1.878338,8.033334,7.633333
1.878740,7.953333,7.600000
1.879143,7.940000,7.600000
1.879544,7.926667,7.546666
1.879947,7.900000,7.566667
1.880348,7.893333,7.486667
1.880749,7.860000,7.486667
1.881151,7.800000,7.460000
1.881554,7.820000,7.420000
1.881955,7.773333,7.373333
1.882356,7.733333,7.320000
1.882758,7.720000,7.353333
1.883159,7.646666,7.320000
1.883560,7.686666,7.340000
1.883962,7.653333,7.273333
1.884363,7.679999,7.253334
1.884764,7.620000,7.233334
1.885165,7.553333,7.186666
1.885568,7.559999,7.166667
1.885969,7.546666,7.166667
1.886371,7.506667,7.066666
1.886772,7.526666,7.140000
1.887174,7.406666,7.140000
1.887575,7.433333,7.080000
1.887978,7.453333,7.140000
1.888380,7.353333,7.040000
1.888783,7.386667,7.020000
1.889184,7.340000,6.973333
1.889585,7.333333,6.940000
1.889986,7.300000,6.953333
1.890388,7.246666,6.940000
1.890790,7.253334,6.840000
1.891191,7.219999,6.866666
1.891593,7.180000,6.880000
1.891994,7.173333,6.826667
1.892396,7.153333,6.813333
1.892798,7.113333,6.780000
1.893199,7.106667,6.726666
1.893601,7.060000,6.820000
1.894003,7.013333,6.713333
1.894404,7.006667,6.693333
1.894805,7.053333,6.646667
1.895206,6.973333,6.640000
1.895607,6.900000,6.640000
1.896008,6.986666,6.626667
1.896410,6.933333,6.540000
1.896811,6.766666,6.513333
1.897213,6.866666,6.493333
1.897614,6.820000,6.473333
1.898016,6.813333,6.460000
1.898417,6.800000,6.466667
1.898820,6.753333,6.393333
1.899222,6.760000,6.426666
1.899624,6.720000,6.313334
1.900025,6.666667,6.346667
1.900426,6.653333,6.306666
1.900828,6.566667,6.286667
1.901229,6.686666,6.160000
1.901631,6.540000,6.100000
1.902032,6.566667,6.166667
1.902433,6.506667,6.126667
1.902835,6.520000,6.113333
1.903238,6.480000,6.140000
1.903639,6.593333,6.200000
1.904040,6.440000,6.146667
1.904442,6.393333,6.213333
1.904844,6.473333,6.080000
1.905245,6.333333,6.060000
1.905648,6.320000,6.073333
1.906050,6.293333,6.033333
1.906451,6.260000,6.000000
1.906852,6.206666,5.940000
1.907253,6.233333,5.946667
1.907654,6.226666,5.913333
1.908057,6.213333,5.913333
1.908458,6.153333,5.866666
1.908859,6.166667,5.746666
1.909260,6.093333,5.826667
1.909661,6.120000,5.786666
1.910063,6.086667,5.793334
1.910464,6.060000,5.773333
1.910865,6.040000,5.760000
1.911266,6.006667,5.793334
1.911667,5.986667,5.713333
1.912069,6.006667,5.666667
1.912470,5.933333,5.660000
1.912871,5.900000,5.680000
1.913272,5.906666,5.613333
1.913674,5.893333,5.613333
1.914075,5.846666,5.566667
1.914477,5.833333,5.553333
1.914878,5.786666,5.546667
1.915280,5.793334,5.513333
1.915681,5.793334,5.500000
1.916082,5.753333,5.493333
1.916484,5.706666,5.453333
1.916885,5.706666,5.413333
1.917287,5.653333,5.413333
1.917688,5.466667,5.380000
1.918089,5.520000,5.366667
1.918491,5.593333,5.333333
1.918892,5.620000,5.333333
1.919294,5.560000,5.313333
1.919696,5.533333,5.186666
1.920098,5.546667,5.240000
1.920499,5.493333,5.246666
1.920900,5.539999,5.233334
1.921302,5.373333,5.180000
1.921704,5.413333,5.206666
1.922105,5.480000,5.146667
1.922506,5.386667,5.120000
1.922908,5.373333,5.120000
1.923310,5.346666,4.893333
1.923711,5.326667,5.073333
1.924113,5.300000,5.060000
1.924515,5.273333,5.046667
1.924916,5.253333,5.033333
1.925317,5.240000,4.973333
1.925719,5.206666,4.973333
1.926121,5.200000,4.966667
1.926523,5.126667,4.913333
1.926924,5.153333,4.906667
1.927325,5.153333,4.873333
1.927726,5.166667,4.866667
1.928127,5.060000,4.833333
1.928530,5.053333,4.846666
1.928931,5.053333,4.786666
1.929332,5.033333,4.800000
1.929733,4.986667,4.760000
1.930135,4.953333,4.713333
1.930537,4.973333,4.713333
1.930938,4.826666,4.713333
1.931339,4.846666,4.693333
1.931740,4.880000,4.626667
1.932141,4.886666,4.673333
1.932543,4.826666,4.693333
1.932944,4.846666,4.593333
1.933345,4.813333,4.560000
1.933746,4.786666,4.573333
1.934148,4.780000,4.533333
1.934550,4.706666,4.526667
1.934951,4.753333,4.513333
1.935353,4.700000,4.506667
1.935755,4.633333,4.473333
1.936157,4.646667,4.413333
1.936558,4.606667,4.513333
1.936959,4.620000,4.386666
1.937361,4.600000,4.433333
1.937763,4.806667,4.360000
1.938164,4.586667,4.353333
1.938565,4.520000,4.346667
1.938967,4.513333,4.326666
1.939369,4.493333,4.353333
1.939770,4.486666,4.246667
1.940172,4.453333,4.273333
1.940574,4.460000,4.180000
1.940975,4.406667,4.200000
1.941376,4.380000,4.193333
1.941778,4.306667,4.173333
1.942179,4.353333,4.153333
1.942580,4.333333,4.153333
1.942981,4.280000,4.106667
1.943382,4.320000,4.113333
1.943783,4.246667,4.060000
1.944184,4.120000,4.066667
1.944585,4.220000,4.026666
1.944987,4.153333,4.000000
1.945388,4.366666,4.020000
1.945790,4.180000,4.006667
1.946191,4.173333,3.973333
1.946593,4.093333,3.700000
1.946995,4.106667,3.926666
1.947396,4.100000,3.906667
1.947797,4.086667,3.893333
1.948199,4.026666,3.886667
1.948600,4.033333,3.853333
1.949002,4.020000,3.746666
1.949404,4.006667,3.833333
1.949806,4.006667,3.833333
1.950207,3.993333,3.740000
1.950608,3.933333,3.746666
1.951009,3.926666,3.720000
1.951410,3.746666,3.713333
1.951811,3.900000,3.666667
1.952214,3.866667,3.673333
1.952616,3.846667,3.660000
1.953017,3.840000,3.633333
1.953418,3.820000,3.653333
1.953819,3.746666,3.586667
1.954220,3.786667,3.480000
1.954621,3.740000,3.526666
1.955022,3.706666,3.493333
1.955424,3.686666,3.540000
1.955825,3.666667,3.546667
1.956226,3.660000,3.486667
1.956627,3.660000,3.453333
1.957029,3.520000,3.460000
1.957430,3.593333,3.413333
1.957833,3.566667,3.413333
1.958235,3.573333,3.406667
1.958637,3.520000,3.366667
1.959038,3.500000,3.360000
1.959439,3.526666,3.326667
1.959842,3.486667,3.320000
1.960243,3.480000,3.346666
1.960645,3.466666,3.313333
1.961046,3.426666,3.313333
1.961448,3.406667,3.286667
1.961849,3.393333,3.226667
1.962250,3.386667,3.173333
1.962652,3.380000,3.220000
1.963053,3.286667,3.186666
1.963455,3.320000,3.213333
1.963857,3.313333,3.160000
1.964258,3.300000,3.160000
1.964659,3.280000,3.146667
1.965060,3.246666,3.100000
1.965461,3.240000,3.086667
1.965862,3.186666,3.100000
1.966264,3.193333,3.040000
1.966665,3.160000,3.040000
1.967068,3.173333,3.040000
1.967470,3.133333,2.980000
1.967871,3.133333,3.020000
1.968272,3.113333,2.973333
1.968673,3.066667,2.960000
1.969074,3.046667,2.933333
1.969477,3.053333,2.860000
1.969878,3.040000,2.893333
1.970280,3.013333,2.980000
1.970681,3.006667,2.826667
1.971083,2.966666,2.866667
1.971485,2.966666,2.493333
1.971886,2.986667,2.860000
1.972288,2.953333,2.786667
1.972689,2.913333,2.786667
1.973091,2.920000,2.786667
1.973492,2.906667,2.773333
1.973893,2.880000,2.733333
1.974295,2.860000,2.700000
1.974697,2.833333,2.713333
1.975098,2.793333,2.646667
1.975499,2.773333,2.660000
1.975901,2.793333,2.660000
1.976302,2.760000,2.666667
1.976703,2.780000,2.800000
1.977105,2.733333,2.593333
1.977506,2.720000,2.613333
1.977909,2.706666,2.593333
1.978310,2.693333,2.600000
1.978711,2.680000,2.580000
1.979113,2.686666,2.526667
1.979514,2.653333,2.406667
1.979915,2.680000,2.313333
1.980316,2.540000,2.486667
1.980717,2.606667,2.486667
1.981118,2.566667,2.440000
1.981519,2.560000,2.466667
1.981920,2.546667,2.433333
1.982322,2.533333,2.433333
1.982723,2.513333,2.386667
1.983124,2.486667,2.380000
1.983525,2.453333,2.373333
1.983927,2.500000,2.366667
1.984328,2.440000,2.333333
1.984729,2.553333,2.353333
1.985130,2.433333,2.280000
1.985532,2.406667,2.280000
1.985934,2.400000,2.253333
1.986335,2.360000,2.273333
1.986736,2.353333,2.280000
1.987138,2.380000,2.266667
1.987539,2.360000,2.106667
1.987941,2.313333,2.260000
1.988342,2.386667,2.213333
1.988744,2.286667,2.173333
1.989145,2.260000,2.173333
1.989546,2.260000,2.186667
1.989949,2.246667,2.280000
1.990350,2.226666,2.113333
1.990752,2.206667,2.086667
1.991153,2.213333,2.093333
1.991555,2.146667,2.073333
1.991957,2.193333,2.060000
1.992358,2.146667,2.026667
1.992760,2.140000,2.033333
1.993161,2.120000,2.006667
1.993564,2.173333,2.033333
1.993966,2.073333,1.980000
1.994368,2.086667,2.033333
1.994769,2.053333,1.973333
1.995171,1.993333,2.000000
1.995572,2.060000,2.006667
1.995973,2.013333,1.906667
1.996375,2.000000,1.973333
1.996776,1.993333,1.980000
1.997177,2.013333,1.873333
1.997578,1.946667,1.900000
1.997979,1.953333,1.880000
1.998380,1.933333,1.846667
1.998782,1.906667,1.813333
1.999183,1.900000,1.813333
1.999585,1.893333,1.853333
1.999987,1.886667,1.786667
2.000388,1.866667,1.786667
2.000790,1.813333,1.766667
2.001191,1.833333,1.746667
2.001592,1.806667,1.793333
2.001993,1.793333,1.740000
2.002395,1.833333,1.746667
2.002797,1.800000,1.733333
2.003198,1.740000,1.673333
2.003599,1.760000,1.653333
2.004000,1.726667,1.680000
2.004401,1.733333,1.840000
2.004802,1.760000,1.646667
2.005205,1.726667,1.600000
2.005606,1.726667,1.600000
2.006007,1.673333,1.593333
2.006408,1.653333,1.606667
2.006809,1.653333,1.573333
