0.000000,1.953333,1.913333
0.000402,1.986667,1.733333
0.000803,1.986667,1.933333
0.001204,2.033333,1.866667
0.001605,1.933333,1.973333
0.002006,2.080000,2.000000
0.002409,2.093333,2.000000
0.002810,2.120000,2.093333
0.003212,2.113333,2.000000
0.003614,2.106667,2.013333
0.004015,2.133333,2.086667
0.004416,2.173333,2.073333
0.004817,2.173333,2.086667
0.005218,2.206667,2.080000
0.005620,2.206667,2.126667
0.006022,2.226666,2.113333
0.006424,2.226666,2.120000
0.006826,2.246667,2.100000
0.007228,2.246667,2.166667
0.007629,2.260000,2.173333
0.008030,2.280000,2.193333
0.008432,2.313333,2.200000
0.008833,2.186667,2.186667
0.009234,2.306667,2.186667
0.009636,2.333333,2.260000
0.010037,2.386667,2.266667
0.010439,2.393333,2.280000
0.010840,2.380000,2.300000
0.011241,2.453333,2.306667
0.011642,2.426666,1.880000
0.012043,2.440000,2.273333
0.012444,2.460000,2.260000
0.012845,2.460000,2.380000
0.013248,2.500000,2.380000
0.013649,2.506666,2.386667
0.014052,2.546667,2.420000
0.014453,2.560000,2.433333
0.014854,2.566667,2.440000
0.015256,2.580000,2.440000
0.015657,2.573333,2.453333
0.016059,2.606667,2.486667
0.016460,2.646667,2.506666
0.016861,2.660000,2.540000
0.017262,2.653333,2.580000
0.017663,2.706666,2.580000
0.018064,2.686666,2.553333
0.018466,2.653333,2.553333
0.018867,2.720000,2.613333
0.019268,2.720000,2.693333
0.019669,2.766667,2.753333
0.020072,2.713333,2.546667
0.020473,2.793333,2.626667
0.020874,2.806667,2.680000
0.021276,2.806667,2.700000
0.021677,2.840000,2.786667
0.022079,2.853333,2.720000
0.022480,2.880000,2.726667
0.022882,2.906667,2.746667
0.023283,2.873333,2.766667
0.023685,2.920000,2.800000
0.024087,2.946667,2.893333
0.024489,2.960000,2.793333
0.024890,2.960000,2.846667
0.025291,2.960000,2.860000
0.025693,2.973333,2.860000
0.026094,3.033333,2.886667
0.026499,3.046667,2.906667
0.026900,2.966666,2.933333
0.027301,3.060000,2.933333
0.027702,3.060000,2.966666
0.028103,3.033333,2.886667
0.028505,3.140000,2.780000
0.028906,3.140000,2.966666
0.029307,3.140000,2.993333
0.029708,3.180000,3.046667
0.030109,3.173333,3.053333
0.030511,3.206667,3.073333
0.030912,3.226667,3.126667
0.031313,3.240000,3.060000
0.031715,3.280000,3.220000
0.032116,3.306667,3.133333
0.032518,3.260000,3.133333
0.032919,3.313333,3.166667
0.033320,3.320000,3.060000
0.033722,3.366667,3.286667
0.034123,3.373333,3.213333
0.034525,3.373333,3.280000
0.034926,3.413333,3.240000
0.035328,3.373333,3.273333
0.035729,3.380000,3.293333
0.036132,3.473333,3.286667
0.036533,3.486667,3.326667
0.036934,3.493333,3.346666
0.037335,3.506667,3.320000
0.037737,3.533333,3.346666
0.038138,3.560000,3.400000
0.038539,3.526666,3.400000
0.038942,3.613333,3.440000
0.039343,3.593333,3.413333
0.039744,3.613333,3.460000
0.040146,3.653333,3.473333
0.040547,3.693333,3.486667
0.040949,3.693333,3.533333
0.041350,3.826667,3.520000
0.041751,3.773333,3.513333
0.042154,3.660000,3.560000
0.042555,3.720000,3.580000
0.042956,3.833333,3.606667
0.043357,3.846667,3.626667
0.043759,3.873333,3.526666
0.044160,3.920000,3.653333
0.044561,3.886667,3.933333
0.044962,3.740000,3.720000
0.045363,3.913333,3.713333
0.045764,3.966667,3.746666
0.046165,3.993333,3.740000
0.046566,3.980000,3.746666
0.046969,3.993333,3.826667
0.047370,4.013333,3.806666
0.047771,4.046667,3.853333
0.048172,4.073333,3.873333
0.048574,4.100000,3.853333
0.048975,4.100000,3.946667
0.049376,4.146667,3.926666
0.049778,4.133333,3.960000
0.050180,4.106667,3.973333
0.050581,4.186666,3.966667
0.050983,4.186666,4.126667
0.051384,4.206666,4.013333
0.051786,4.226666,4.053333
0.052188,4.280000,4.020000
0.052589,4.300000,4.060000
0.052992,4.260000,4.086667
0.053393,4.246667,4.100000
0.053795,4.340000,4.113333
0.054197,4.353333,4.173333
0.054599,4.373333,4.160000
0.055001,4.366666,4.186666
0.055403,4.433333,4.360000
0.055805,4.440000,4.226666
0.056206,4.493333,4.260000
0.056607,4.540000,4.013333
0.057010,4.593333,4.353333
0.057411,4.466667,4.293333
0.057813,4.526667,4.466667
0.058214,4.553333,4.360000
0.058617,4.526667,4.360000
0.059018,4.600000,4.426666
0.059419,4.600000,4.386666
0.059820,4.640000,4.413333
0.060222,4.606667,4.426666
0.060623,4.633333,4.466667
0.061024,4.653333,4.486666
0.061425,4.640000,4.506667
0.061827,4.746666,4.540000
0.062229,4.760000,4.540000
0.062631,4.786666,4.586667
0.063033,4.820000,4.573333
0.063434,4.826666,4.566667
0.063836,4.866667,4.586667
0.064238,4.866667,4.646667
0.064640,4.893333,4.633333
0.065041,4.893333,4.633333
0.065442,4.926667,4.706666
0.065844,4.926667,4.766666
0.066245,4.980000,4.720000
0.066647,4.960000,4.613333
0.067048,5.013333,4.786666
0.067449,5.033333,4.793333
0.067850,5.066667,4.813333
0.068251,5.086667,4.753333
0.068653,5.106667,4.880000
0.069055,5.113333,4.886666
0.069456,5.233334,4.873333
0.069857,5.193333,4.960000
0.070258,5.180000,4.953333
0.070660,5.186666,4.940000
0.071061,5.246666,4.986667
0.071462,5.186666,5.000000
0.071864,5.286666,5.026667
0.072265,5.306666,5.060000
0.072667,5.300000,5.066667
0.073068,5.326667,5.066667
0.073470,5.393333,5.140000
0.073871,5.373333,5.006667
0.074272,5.420000,5.333333
0.074674,5.380000,5.160000
0.075075,5.473333,5.153333
0.075477,5.466667,5.180000
0.075879,5.426667,5.240000
0.076280,5.520000,5.280000
0.076681,5.539999,5.426667
0.077083,5.560000,5.300000
0.077484,5.606667,5.266667
0.077885,5.586667,5.306666
0.078288,5.633333,5.326667
0.078689,5.660000,5.400000
0.079090,5.666667,5.420000
0.079491,5.713333,5.840000
0.079893,5.693333,5.433333
0.080295,5.740000,5.440000
0.080697,5.773333,5.460000
0.081099,5.806666,5.520000
0.081500,5.860000,5.553333
0.081903,5.853333,5.560000
0.082305,5.800000,5.546667
0.082707,5.866666,5.613333
0.083109,5.913333,5.620000
0.083511,5.940000,5.626667
0.083912,5.933333,5.660000
0.084313,5.900000,5.700000
0.084715,5.986667,5.700000
0.085118,6.033333,5.733333
0.085519,6.006667,5.733333
0.085921,6.046667,5.760000
0.086322,6.080000,5.760000
0.086724,6.033333,5.826667
0.087125,6.126667,5.846666
0.087526,6.126667,5.853333
0.087927,6.120000,5.853333
0.088329,6.186666,5.873333
0.088731,6.213333,5.900000
0.089133,6.233333,5.946667
0.089534,6.273333,5.953333
0.089935,6.286667,5.953333
0.090336,6.326666,6.006667
0.090738,6.306666,6.006667
0.091139,6.240000,6.113333
0.091540,6.406667,6.086667
0.091941,6.406667,6.086667
0.092342,6.460000,6.113333
0.092744,6.446667,6.213333
0.093145,6.460000,6.340000
0.093547,6.493333,6.006667
0.093948,6.520000,6.193333
0.094349,6.540000,6.226666
0.094751,6.573333,6.113333
0.095152,6.626667,6.273333
0.095553,6.646667,6.286667
0.095954,6.666667,6.333333
0.096356,6.680000,6.360000
0.096757,6.720000,6.380000
0.097158,6.733333,6.393333
0.097560,6.746666,6.386667
0.097961,6.773334,6.433333
0.098362,6.806667,6.460000
0.098763,6.833333,6.366666
0.099164,6.880000,6.466667
0.099566,6.893333,6.640000
0.099967,6.893333,6.546667
0.100369,6.880000,6.606667
0.100770,6.926667,6.586667
0.101171,6.953333,6.606667
0.101573,6.940000,6.666667
0.101976,7.000000,6.673334
0.102377,7.020000,6.713333
0.102778,7.013333,6.740000
0.103181,7.080000,6.633333
0.103582,7.140000,6.800000
0.103984,7.153333,6.813333
0.104385,7.173333,6.813333
0.104787,7.173333,6.906667
0.105188,7.186666,6.866666
0.105589,7.240000,6.886666
0.105990,7.253334,6.920000
0.106392,7.280000,6.940000
0.106794,7.280000,6.960000
0.107195,7.333333,6.986666
0.107596,7.366667,7.026667
0.107998,7.366667,7.000000
0.108399,7.406666,7.073333
0.108801,7.420000,7.033333
0.109202,7.500000,7.086666
0.109604,7.406666,7.133334
0.110005,7.513333,7.119999
0.110406,7.486667,7.166667
0.110807,7.540000,7.106667
0.111208,7.526666,7.219999
0.111609,7.593334,6.886666
0.112010,7.620000,7.260000
0.112411,7.666667,7.273333
0.112813,7.653333,7.300000
0.113215,7.706666,7.340000
0.113616,7.693334,7.340000
0.114018,7.746666,7.353333
0.114419,7.679999,7.400000
0.114821,7.800000,7.426666
0.115222,7.833333,7.353333
0.115624,7.826667,7.460000
0.116025,7.866666,7.413333
0.116426,7.906666,7.513333
0.116828,7.806666,7.453333
0.117230,7.860000,7.586667
0.117632,8.006666,7.553333
0.118033,8.033334,7.573333
0.118435,8.020000,7.640000
0.118836,8.026667,7.633333
0.119237,8.046666,7.646666
0.119639,8.093333,7.480000
0.120040,8.073333,7.720000
0.120442,8.113333,7.740000
0.120843,8.153334,7.753333
0.121244,8.213333,7.800000
0.121646,8.233334,7.813334
0.122048,8.220000,7.846667
0.122450,8.253333,7.800000
0.122852,8.366667,7.873333
0.123253,8.253333,7.926667
0.123654,8.366667,7.946667
0.124057,8.373333,7.966667
0.124458,8.346666,7.840000
0.124859,8.393332,8.026667
0.125260,8.446666,7.953333
0.125661,8.486667,8.080000
0.126063,8.706666,8.046666
0.126465,8.413333,8.086667
0.126866,8.540000,7.926667
0.127268,8.560000,8.046666
0.127670,8.586666,8.040000
0.128071,8.579999,8.286667
0.128473,8.620000,8.226666
0.128874,8.673333,8.233334
0.129276,8.673333,8.206666
0.129677,8.706666,8.300000
0.130078,8.733333,8.326666
0.130480,8.740000,8.320000
0.130882,8.760000,8.333333
0.131285,8.820000,8.393332
0.131686,8.820000,8.393332
0.132087,8.860000,8.420000
0.132490,8.906666,8.406667
0.132891,8.900000,8.480000
0.133293,8.926666,8.513332
0.133695,9.000000,8.560000
0.134097,9.000000,8.573333
0.134499,9.026667,8.573333
0.134901,9.013333,8.713333
0.135302,9.093333,8.566667
0.135703,9.059999,8.660000
0.136104,9.133333,8.666666
0.136505,9.120000,8.706666
0.136906,9.146667,8.740000
0.137307,9.186666,8.733333
0.137708,9.220000,8.793333
0.138109,9.220000,8.773333
0.138511,9.260000,8.806666
0.138913,9.266666,8.880000
0.139314,9.313333,8.853333
0.139715,9.333333,8.913333
0.140116,9.346666,8.913333
0.140518,9.346666,8.913333
0.140919,9.353333,8.953334
0.141320,9.420000,8.993333
0.141721,9.420000,9.033333
0.142122,9.499999,9.033333
0.142524,9.513333,8.986667
0.142925,9.540000,9.066667
0.143326,9.600000,9.306666
0.143728,9.613334,9.120000
0.144130,9.660000,9.179999
0.144532,9.693333,9.166666
0.144933,9.786667,9.213333
0.145334,9.693333,9.206667
0.145735,9.746667,9.260000
0.146136,9.786667,9.240000
0.146538,9.793333,9.273334
0.146939,9.806666,9.313333
0.147340,9.793333,9.320000
0.147741,9.893332,9.346666
0.148142,9.860000,9.340000
0.148544,9.886666,9.346666
0.148945,9.906666,9.346666
0.149346,10.006667,9.666667
0.149747,9.993333,9.346666
0.150148,9.986667,9.546667
0.150549,10.040000,9.533333
0.150951,10.099999,9.586666
0.151353,10.086666,9.613334
0.151754,10.106667,9.613334
0.152156,10.186666,9.646667
0.152558,10.206667,9.686666
0.152959,10.173333,9.646667
0.153361,10.179999,9.700000
0.153766,10.253333,9.773333
0.154167,10.246666,9.753333
0.154569,10.286666,9.806666
0.154970,10.313334,9.846666
0.155371,10.320000,9.826666
0.155773,10.413333,9.806666
0.156174,10.386666,9.893332
0.156575,10.413333,9.933333
0.156976,10.360000,9.953333
0.157377,10.433333,9.966666
0.157779,10.506666,9.993333
0.158180,10.500000,9.980000
0.158581,10.533334,10.046666
0.158982,10.559999,10.053333
0.159383,10.600000,10.046666
0.159784,10.586667,10.066667
0.160186,10.646667,10.246666
0.160587,10.660000,10.160000
0.160988,10.646667,10.260000
0.161389,10.686666,10.179999
0.161791,10.740000,10.179999
0.162193,10.740000,10.200000
0.162594,10.806666,10.286666
0.162996,10.833333,10.340000
0.163398,10.846666,10.166666
0.163800,10.840000,10.353333
0.164201,11.066667,10.333333
0.164602,10.893332,10.380000
0.165004,10.933333,10.413333
0.165405,10.993334,10.386666
0.165806,11.006666,10.480000
0.166209,11.020000,10.486666
0.166611,11.020000,10.500000
0.167012,11.066667,10.413333
0.167413,11.013332,10.533334
0.167814,11.186666,10.580000
0.168215,11.066667,10.653334
0.168617,11.160000,10.606667
0.169018,11.146667,10.666667
0.169420,11.180000,10.920000
0.169822,11.099999,10.693333
0.170223,11.226666,10.726666
0.170625,11.293333,10.759999
0.171026,11.306666,10.773334
0.171427,11.326667,10.753333
0.171829,11.360000,10.813333
0.172230,11.366667,10.813333
0.172632,11.446667,10.840000
0.173034,11.420000,10.879999
0.173435,11.500000,10.920000
0.173837,11.466666,10.946666
0.174238,11.493333,10.946666
0.174640,11.446667,10.926667
0.175041,11.553333,10.993334
0.175442,11.573333,10.840000
0.175843,11.620000,11.020000
0.176245,11.620000,11.046666
0.176647,11.660000,11.286666
0.177048,11.640000,11.040000
0.177450,11.693333,11.253333
0.177852,11.793333,11.173333
0.178253,11.766666,11.200000
0.178654,11.773334,11.233333
0.179055,11.786667,11.240000
0.179457,11.826667,11.246667
0.179858,11.873333,11.300000
0.180259,11.886666,11.320000
0.180661,11.886666,11.353333
0.181062,11.906667,11.353333
0.181463,11.926666,11.366667
0.181865,11.926666,11.206666
0.182266,12.033333,11.426666
0.182667,12.006666,11.453334
0.183070,12.059999,11.373333
0.183471,12.066666,11.466666
0.183873,12.059999,11.539999
0.184274,12.086666,11.546666
0.184675,12.139999,11.653334
0.185077,12.200000,11.453334
0.185479,12.226666,11.693333
0.185880,12.273333,11.633333
0.186281,12.246667,11.679999
0.186682,12.306666,11.693333
0.187083,12.306666,11.713333
0.187485,12.339999,11.733333
0.187887,12.360000,11.726666
0.188288,12.393332,11.766666
0.188690,12.393332,11.820000
0.189092,12.459999,11.806666
0.189493,12.440001,12.213333
0.189894,12.486667,11.866666
0.190295,12.466666,11.833333
0.190697,12.526666,11.786667
0.191098,12.566667,11.953333
0.191499,12.559999,11.966666
0.191900,12.633333,11.999999
0.192301,12.653333,11.973333
0.192702,12.706667,11.993333
0.193103,12.673333,12.073333
0.193505,12.593333,12.066666
0.193906,12.700000,12.073333
0.194307,12.746666,11.946667
0.194708,12.666666,12.106667
0.195109,12.760000,12.153333
0.195511,12.813334,12.226666
0.195912,12.860000,12.233334
0.196314,12.900000,12.253333
0.196716,12.893333,12.280000
0.197117,12.893333,12.273333
0.197519,12.946667,12.360000
0.197920,12.960000,12.339999
0.198321,12.993333,12.313334
0.198722,13.013333,12.453333
0.199123,13.020000,12.420000
0.199525,13.100000,12.513333
0.199926,13.059999,12.506667
0.200328,13.106667,12.426666
0.200729,13.126666,12.493333
0.201131,13.133333,12.513333
0.201532,13.179999,12.493333
0.201933,13.206666,12.520000
0.202334,13.173333,12.846666
0.202737,13.240000,12.620000
0.203138,13.113333,12.673333
0.203539,13.266666,12.673333
0.203940,13.293333,12.673333
0.204341,13.346667,12.706667
0.204742,13.320000,12.719999
0.205144,13.386665,12.746666
0.205546,13.426666,12.773334
0.205947,13.446666,12.853333
0.206349,13.473332,12.820000
0.206750,13.473332,12.793333
0.207151,13.533333,12.853333
0.207553,13.573333,12.886666
0.207954,13.539999,12.913333
0.208356,13.553333,12.946667
0.208757,13.586667,12.946667
0.209158,13.646666,12.960000
0.209559,13.599999,12.986666
0.209961,13.639999,13.059999
0.210362,13.700000,13.033334
0.210763,13.613334,12.766666
0.211164,13.933332,13.120000
0.211565,13.606666,13.093333
0.211966,13.793333,13.100000
0.212367,13.813334,13.153334
0.212769,13.820000,13.133333
0.213170,13.853333,13.173333
0.213572,13.880000,13.233334
0.213974,13.866666,13.246666
0.214375,13.906666,13.240000
0.214777,13.926666,13.300000
0.215179,13.986667,13.300000
0.215580,13.993333,13.120000
0.215981,13.993333,13.353333
0.216382,14.020000,13.486667
0.216783,14.033333,13.353333
0.217184,14.146667,13.440000
0.217586,14.086666,13.466666
0.217987,14.153333,13.466666
0.218389,14.153333,13.559999
0.218790,14.160000,13.533333
0.219192,14.186666,13.379999
0.219593,14.226666,13.466666
0.219994,14.253333,13.586667
0.220396,14.259999,13.559999
0.220797,14.293333,13.680000
0.221199,14.306665,13.620000
0.221600,14.346666,13.680000
0.222001,14.346666,13.653334
0.222402,14.393332,13.720000
0.222803,14.246667,13.706666
0.223204,14.400001,13.713332
0.223606,14.433332,13.820000
0.224007,14.520000,13.753333
0.224408,14.499999,13.806667
0.224810,14.526666,13.833333
0.225211,14.540000,13.820000
0.225613,14.553333,13.880000
0.226015,14.573334,13.873334
0.226416,14.586666,13.880000
0.226818,14.626666,13.906666
0.227219,14.633332,13.920000
0.227621,14.679999,13.979999
0.228022,14.693333,13.993333
0.228423,14.706667,13.960000
0.228824,14.726667,14.020000
0.229225,14.746666,14.033333
0.229627,14.793334,14.080000
0.230028,14.679999,14.120000
0.230430,14.846666,14.173332
0.230831,14.826666,14.113334
0.231232,14.853333,14.166666
0.231633,14.873333,14.166666
0.232035,14.880000,14.180000
0.232436,14.906667,14.206667
0.232837,14.946667,14.259999
0.233238,14.993334,14.253333
0.233640,14.953333,14.306665
0.234041,14.953333,14.266667
0.234443,15.080000,14.120000
0.234845,15.106667,14.326666
0.235246,15.040000,14.353333
0.235648,15.119999,14.373332
0.236050,15.186667,14.380000
0.236451,15.166667,14.400001
0.236852,15.219999,14.459999
0.237253,15.080000,14.480000
0.237654,15.226665,14.493333
0.238057,15.240000,14.506667
0.238458,15.300000,14.540000
0.238860,15.306666,14.553333
0.239262,15.313333,14.573334
0.239664,15.379999,14.526666
0.240065,15.379999,14.606667
0.240467,15.353333,14.600000
0.240868,15.419999,14.659999
0.241269,15.446666,14.646667
0.241670,15.513332,14.726667
0.242071,15.480000,14.713333
0.242472,15.500000,14.693333
0.242874,15.513332,14.713333
0.243276,15.440000,14.753333
0.243678,15.553332,14.800000
0.244079,15.566667,14.813333
0.244480,15.560000,14.813333
0.244882,15.646666,14.853333
0.245283,15.633333,14.866667
0.245685,15.666666,14.873333
0.246087,15.686666,14.893332
0.246488,15.700000,14.906667
0.246889,15.780001,14.953333
0.247291,15.740000,14.953333
0.247693,15.766666,14.953333
0.248094,15.826667,15.139999
0.248499,15.793333,15.119999
0.248900,15.860000,14.953333
0.249302,15.866667,15.119999
0.249703,15.913334,15.173333
0.250105,15.853333,15.119999
0.250506,15.940000,15.179999
0.250907,15.926666,15.166667
0.251308,15.960000,15.159999
0.251710,15.966666,15.293332
0.252111,15.906666,15.066667
0.252513,16.039999,14.953333
0.252914,16.066668,15.213333
0.253316,16.080000,15.273333
0.253717,16.093332,15.306666
0.254119,16.099998,15.280000
0.254520,16.126665,15.306666
0.254923,16.173334,15.326667
0.255324,16.166666,15.393333
0.255726,16.240000,15.359999
0.256127,16.153334,15.393333
0.256528,16.233332,15.393333
0.256930,16.139999,15.466666
0.257331,16.273333,15.426665
0.257732,16.286667,15.486666
0.258134,16.346666,15.520000
0.258535,16.320000,15.540000
0.258936,16.353333,15.560000
0.259337,16.366665,15.553332
0.259739,16.366665,15.560000
0.260140,16.466667,15.673333
0.260541,16.420000,15.606667
0.260942,16.446667,15.879999
0.261345,16.480000,15.673333
0.261747,16.473333,15.673333
0.262149,16.519999,15.693334
0.262551,16.539999,15.746666
0.262953,16.559999,15.746666
0.263354,16.586666,15.746666
0.263755,16.586666,15.746666
0.264157,16.619999,15.786667
0.264559,16.633331,15.806666
0.264960,16.633331,15.826667
0.265362,16.680000,15.853333
0.265763,16.666666,15.853333
0.266165,16.713333,15.886665
0.266566,16.726667,15.866667
0.266967,16.746666,15.913334
0.267368,16.740000,16.099998
0.267770,16.779999,16.006666
0.268171,16.846666,16.000000
0.268573,16.833334,15.973332
0.268974,16.833334,16.020000
0.269375,16.826666,16.020000
0.269777,17.019999,16.066668
0.270178,16.873333,16.066668
0.270580,16.893332,16.099998
0.270983,16.906666,16.099998
0.271385,16.913332,16.099998
0.271787,16.933332,16.133333
0.272188,16.939999,16.153334
0.272589,16.939999,16.180000
0.272991,16.980000,16.146666
0.273393,16.959999,16.193333
0.273795,16.966667,16.266666
0.274196,16.993334,16.246666
0.274599,17.086666,16.273333
0.275001,17.000000,16.273333
0.275402,17.046665,16.279999
0.275803,17.019999,16.313334
0.276204,17.066666,16.313334
0.276606,17.266666,16.346666
0.277008,17.126667,16.013332
0.277409,17.199999,16.413332
0.277810,17.139999,16.066668
0.278212,17.146666,16.413332
0.278614,17.199999,16.446667
0.279015,17.179998,16.433332
0.279416,17.240000,16.473333
0.279817,17.233334,16.499998
0.280218,17.240000,16.506666
0.280620,17.260000,16.433332
0.281021,17.260000,16.806665
0.281422,17.299999,16.573334
0.281823,17.286665,16.446667
0.282225,17.340000,16.619999
0.282627,17.346666,16.613333
0.283028,17.346666,16.660000
0.283429,17.366667,16.619999
0.283830,17.386667,16.680000
0.284232,17.400000,16.693333
0.284634,17.439999,16.713333
0.285035,17.433332,16.713333
0.285436,17.380001,16.706667
0.285837,17.439999,16.733334
0.286239,17.439999,16.639999
0.286640,17.446667,16.759998
0.287041,17.500000,16.786665
0.287442,17.553331,16.806665
0.287843,17.559999,16.826666
0.288245,17.539999,16.826666
0.288647,17.613333,16.840000
0.289050,17.606667,16.846666
0.289452,17.573332,16.853334
0.289853,17.613333,16.886665
0.290254,17.626667,16.893332
0.290655,17.633333,16.900000
0.291056,17.600000,16.893332
0.291457,17.660000,16.913332
0.291858,17.693333,16.920000
0.292259,17.719999,16.939999
0.292660,17.726665,16.966667
0.293061,17.740000,16.886665
0.293462,17.740000,17.039999
0.293863,17.753334,16.900000
0.294265,17.773333,16.959999
0.294666,17.879999,16.986668
0.295067,17.813332,17.246666
0.295468,17.806665,17.013332
0.295869,17.846666,17.046665
0.296271,17.833332,17.066666
0.296672,17.886667,17.080000
0.297073,17.879999,17.159998
0.297474,17.893333,17.100000
0.297875,17.886667,17.100000
0.298277,17.886667,17.146666
0.298679,17.933332,17.133333
0.299080,17.953333,17.186666
0.299481,17.959999,17.179998
0.299883,17.893333,17.186666
0.300284,17.973333,17.206667
0.300685,18.006666,17.193333
0.301087,17.973333,17.213333
0.301488,18.026667,17.260000
0.301889,18.059999,17.260000
0.302290,18.006666,17.186666
0.302691,18.086666,17.273333
0.303092,18.079998,16.986668
0.303498,18.099998,17.473333
0.303899,18.086666,17.333332
0.304300,18.099998,17.313332
0.304701,18.139999,17.320000
0.305102,18.113333,17.340000
0.305504,18.146666,17.340000
0.305905,18.160000,17.386667
0.306307,18.166666,17.386667
0.306708,18.199999,17.393333
0.307109,18.219999,17.400000
0.307511,18.253332,17.406666
0.307912,18.260000,17.419998
0.308313,18.260000,17.453333
0.308715,18.280001,17.526667
0.309116,18.273333,17.433332
0.309518,18.293333,17.473333
0.309920,18.266666,17.473333
0.310321,18.299999,17.600000
0.310722,18.320000,17.526667
0.311123,18.440001,17.533333
0.311525,18.333332,17.539999
0.311926,18.320000,17.593332
0.312327,18.379999,17.606667
0.312728,18.366667,17.586666
0.313130,18.359999,17.600000
0.313532,18.386665,17.626667
0.313933,18.420000,17.633333
0.314335,18.400000,17.593332
0.314736,18.446667,17.626667
0.315137,18.440001,17.639999
0.315539,18.466665,17.699999
0.315940,18.493332,17.666666
0.316341,18.459999,17.639999
0.316743,18.493332,17.686666
0.317144,18.513332,17.746666
0.317546,18.520000,17.713333
0.317947,18.493332,17.699999
0.318348,18.533333,17.693333
0.318749,18.506666,17.746666
0.319150,18.553333,17.766666
0.319553,18.559999,17.813332
0.319954,18.593332,17.780001
0.320355,18.593332,17.799999
0.320756,18.613333,17.793333
0.321157,18.613333,17.859999
0.321559,18.639999,17.826666
0.321960,18.633333,17.840000
0.322361,18.633333,17.866667
0.322763,18.673334,17.840000
0.323164,18.666666,17.873333
0.323566,18.533333,17.886667
0.323967,18.686666,17.886667
0.324369,18.686666,17.873333
0.324770,18.746666,17.893333
0.325171,18.753332,17.846666
0.325573,18.753332,17.893333
0.325974,18.753332,17.886667
0.326376,18.733332,17.946665
0.326777,18.746666,17.953333
0.327178,18.826666,18.106667
0.327579,18.753332,17.966665
0.327980,18.813334,18.013332
0.328382,18.799999,18.000000
0.328784,18.820000,18.013332
0.329186,18.820000,17.980000
0.329587,18.833334,18.046667
0.329988,18.900000,18.013332
0.330389,18.866665,18.040001
0.330790,18.926666,18.046667
0.331191,18.873333,18.066666
0.331593,18.933332,18.059999
0.331994,18.893333,18.059999
0.332396,18.900000,18.079998
0.332798,18.933332,18.073332
0.333199,18.933332,18.106667
0.333600,18.926666,18.086666
0.334001,19.033333,18.119999
0.334402,18.953333,18.180000
0.334803,18.973333,18.126667
0.335204,18.966667,18.193333
0.335606,18.960001,18.219999
0.336007,18.980000,18.166666
0.336409,18.999998,18.160000
0.336811,19.013332,18.160000
0.337212,19.013332,18.186666
0.337613,19.019999,18.186666
0.338015,18.986666,18.219999
0.338416,19.039999,18.233332
0.338817,19.046667,18.186666
0.339218,19.059999,18.213333
0.339620,19.059999,18.213333
0.340021,19.073334,18.160000
0.340423,19.093334,18.253332
0.340825,19.113333,18.246666
0.341227,19.073334,18.266666
0.341628,19.160000,18.273333
0.342029,19.119999,18.280001
0.342430,19.139999,18.293333
0.342831,19.126665,18.273333
0.343233,19.160000,18.293333
0.343634,19.173332,18.320000
0.344035,19.173332,18.286667
0.344437,19.133331,18.313334
0.344839,19.186666,18.346666
0.345240,19.253332,18.306667
0.345642,19.219999,18.353333
0.346043,19.219999,18.339998
0.346444,19.219999,18.306667
0.346846,19.233334,18.379999
0.347248,19.226667,18.373333
0.347649,19.186666,18.373333
0.348050,19.240000,18.393333
0.348452,19.259998,18.413334
0.348854,19.286665,18.413334
0.349255,19.279999,18.400000
0.349656,19.279999,18.413334
0.350058,19.266666,18.426666
0.350459,19.286665,18.566668
0.350861,19.313334,18.440001
0.351263,19.320000,18.459999
0.351665,19.353334,18.466665
0.352068,19.273333,18.446667
0.352470,19.326666,18.466665
0.352871,19.340000,18.613333
0.353272,19.366667,18.493332
0.353674,19.346666,18.446667
0.354076,19.346666,18.506666
0.354478,19.360001,18.513332
0.354879,19.426666,18.520000
0.355281,19.366667,18.466665
0.355683,19.379999,18.533333
0.356085,19.379999,18.526667
0.356486,19.393332,18.553333
0.356889,19.433332,18.539999
0.357290,19.379999,18.533333
0.357692,19.426666,18.566668
0.358093,19.420000,18.566668
0.358499,19.453333,18.533333
0.358900,19.433332,18.619999
0.359301,19.433332,18.513332
0.359704,19.213333,18.566668
0.360105,19.439999,18.646666
0.360506,19.459999,18.626665
0.360907,19.506666,18.593332
0.361308,19.406666,18.653334
0.361710,19.466667,18.606665
0.362111,19.466667,18.639999
0.362513,19.480000,18.606665
0.362914,19.506666,18.613333
0.363315,19.480000,18.719999
0.363717,19.539999,18.613333
0.364118,19.506666,18.626665
0.364519,19.533333,18.646666
0.364921,19.546665,18.660000
0.365322,19.539999,18.706667
0.365723,19.539999,18.680000
0.366124,19.573334,18.753332
0.366526,19.546665,18.666666
0.366927,19.580000,18.680000
0.367329,19.786665,18.660000
0.367731,19.580000,18.726665
0.368132,19.600000,18.693333
0.368533,19.580000,18.686666
0.368934,19.606667,18.459999
0.369335,19.620001,18.686666
0.369736,19.533333,18.646666
0.370137,19.600000,18.726665
0.370539,19.593332,18.713333
0.370940,19.746666,18.733332
0.371341,19.613333,18.660000
0.371742,19.559999,18.719999
0.372144,19.633333,18.753332
0.372546,19.626667,18.733332
0.372947,19.653332,18.759998
0.373348,19.613333,18.680000
0.373749,19.679998,18.626665
0.374151,19.646666,18.520000
0.374553,19.699999,18.766666
0.374954,19.633333,18.766666
0.375355,19.646666,18.759998
0.375756,19.679998,18.786667
0.376157,19.679998,18.766666
0.376559,19.646666,18.759998
0.376960,19.693333,18.786667
0.377362,19.653332,18.786667
0.377763,19.686666,18.779999
0.378165,19.686666,18.766666
0.378566,19.673332,18.793333
0.378967,19.686666,18.773333
0.379370,19.686666,18.799999
0.379772,19.679998,18.826666
0.380173,19.699999,18.840000
0.380574,19.699999,18.813334
0.380976,19.693333,18.779999
0.381377,19.699999,18.820000
0.381778,19.719999,19.013332
0.382180,19.726667,18.719999
0.382581,19.733334,18.766666
0.382982,19.713333,18.820000
0.383383,19.733334,18.813334
0.383784,19.713333,18.806667
0.384185,19.793333,18.740000
0.384587,19.733334,18.879999
0.384988,19.713333,18.826666
0.385389,19.726667,18.833334
0.385791,19.760000,18.766666
0.386193,19.706667,18.853333
0.386594,19.726667,18.840000
0.386996,19.746666,18.806667
0.387397,19.740000,18.873333
0.387799,19.753334,18.853333
0.388201,19.740000,18.840000
0.388602,19.826666,18.866665
0.389003,19.733334,18.873333
0.389404,19.753334,18.879999
0.389805,19.740000,18.799999
0.390206,19.753334,18.866665
0.390607,19.760000,18.879999
0.391008,19.786665,18.826666
0.391409,19.779999,18.893333
0.391810,19.753334,18.879999
0.392212,19.773333,18.859999
0.392613,19.773333,18.879999
0.393014,19.773333,18.873333
0.393415,19.779999,18.826666
0.393816,19.973333,18.646666
0.394217,19.766666,18.973333
0.394620,19.779999,18.873333
0.395021,19.766666,18.873333
0.395423,19.760000,18.873333
0.395824,19.786665,18.993332
0.396225,19.786665,18.879999
0.396627,19.793333,18.893333
0.397028,19.906666,18.879999
0.397430,19.799999,18.886665
0.397831,19.793333,18.886665
0.398233,19.773333,18.906666
0.398634,19.786665,18.886665
0.399035,19.786665,18.893333
0.399436,19.806665,18.886665
0.399837,19.806665,18.893333
0.400239,19.719999,18.900000
0.400640,19.793333,18.913332
0.401041,19.820000,18.886665
0.401443,19.760000,18.879999
0.401844,19.779999,18.873333
0.402245,19.773333,18.973333
0.402647,19.786665,18.840000
0.403048,19.813332,18.853333
0.403449,19.779999,18.879999
0.403851,19.773333,18.879999
0.404252,19.799999,18.879999
0.404654,19.786665,18.900000
0.405055,19.793333,18.893333
0.405456,19.799999,18.893333
0.405857,19.786665,18.900000
0.406258,19.786665,18.886665
0.406660,19.806665,18.893333
0.407061,19.806665,18.873333
0.407463,19.779999,18.913332
0.407865,19.793333,18.920000
0.408267,19.813332,18.886665
0.408669,19.779999,18.879999
0.409071,19.799999,18.886665
0.409472,19.773333,18.886665
0.409873,19.779999,18.946667
0.410275,19.659998,18.840000
0.410676,19.753334,18.866665
0.411077,19.779999,18.920000
0.411478,19.786665,18.853333
0.411880,19.786665,18.879999
0.412281,19.779999,18.879999
0.412682,19.773333,18.879999
0.413084,19.760000,18.873333
0.413485,19.760000,18.879999
0.413888,19.760000,18.873333
0.414289,19.760000,18.873333
0.414690,19.760000,18.879999
0.415091,19.740000,18.853333
0.415493,19.779999,18.853333
0.415894,19.760000,18.833334
0.416295,19.746666,18.879999
0.416696,19.746666,18.859999
0.417097,19.753334,18.813334
0.417499,19.760000,18.833334
0.417901,19.753334,18.859999
0.418302,19.746666,18.879999
0.418703,19.779999,18.846666
0.419104,19.726667,18.779999
0.419505,19.746666,18.833334
0.419906,19.740000,18.940001
0.420307,19.740000,18.833334
0.420709,19.740000,18.859999
0.421110,19.746666,18.840000
0.421511,19.733334,18.833334
0.421912,19.726667,18.879999
0.422314,19.706667,18.826666
0.422715,19.719999,18.806667
0.423117,19.726667,18.766666
0.423519,19.713333,18.820000
0.423920,19.699999,18.799999
0.424321,19.753334,18.786667
0.424723,19.693333,18.806667
0.425125,19.693333,18.806667
0.425526,19.693333,18.799999
0.425927,19.666666,18.799999
0.426328,19.666666,18.806667
0.426730,19.740000,18.793333
0.427132,19.679998,18.660000
0.427533,19.679998,18.766666
0.427935,19.679998,18.786667
0.428336,19.653332,18.773333
0.428737,19.679998,18.779999
0.429139,19.679998,18.826666
0.429540,19.693333,18.813334
0.429941,19.686666,18.806667
0.430342,19.659998,18.766666
0.430743,19.659998,18.759998
0.431144,19.646666,18.766666
0.431546,19.646666,18.766666
0.431947,19.659998,18.673334
0.432349,19.639999,18.626665
0.432750,19.626667,18.753332
0.433151,19.633333,18.733332
0.433553,19.620001,18.733332
0.433956,19.673332,18.746666
0.434357,19.626667,18.719999
0.434758,19.626667,18.740000
0.435160,19.639999,18.713333
0.435563,19.606667,18.713333
0.435965,19.600000,18.686666
0.436366,19.593332,18.726665
0.436768,19.573334,18.686666
0.437169,19.573334,18.686666
0.437570,19.580000,18.713333
0.437972,19.600000,18.693333
0.438373,19.553333,18.653334
0.438774,19.566666,18.666666
0.439176,19.566666,18.673334
0.439578,19.539999,18.660000
0.439979,19.506666,18.660000
0.440381,19.533333,18.646666
0.440782,19.480000,18.639999
0.441183,19.526665,18.753332
0.441585,19.526665,18.646666
0.441986,19.593332,18.646666
0.442387,19.473333,18.626665
0.442788,19.539999,18.626665
0.443189,19.473333,18.599998
0.443591,19.480000,18.813334
0.443992,19.473333,18.639999
0.444394,19.466667,18.613333
0.444795,19.393332,18.593332
0.445196,19.446667,18.586666
0.445598,19.459999,18.606665
0.445999,19.439999,18.473331
0.446400,19.433332,18.586666
0.446801,19.426666,18.559999
0.447202,19.426666,18.566668
0.447603,19.360001,18.553333
0.448005,19.379999,18.493332
0.448406,19.400000,18.580000
0.448807,19.393332,18.533333
0.449208,19.393332,18.486666
0.449609,19.379999,18.533333
0.450010,19.406666,18.533333
0.450412,19.366667,18.553333
0.450814,19.406666,18.526667
0.451215,19.333334,18.459999
0.451617,19.340000,18.473331
0.452018,19.366667,18.473331
0.452420,19.333334,18.180000
0.452822,19.340000,18.459999
0.453223,19.333334,18.486666
0.453624,19.299999,18.446667
0.454025,19.279999,18.459999
0.454428,19.299999,18.426666
0.454829,19.306665,18.426666
0.455230,19.279999,18.420000
0.455631,19.279999,18.426666
0.456032,19.293333,18.406666
0.456433,19.279999,18.426666
0.456834,19.253332,18.400000
0.457235,19.226667,18.400000
0.457636,19.240000,18.333332
0.458038,19.226667,18.379999
0.458440,19.226667,18.379999
0.458842,19.346666,18.379999
0.459244,19.246666,18.379999
0.459645,19.200001,18.306667
0.460046,19.186666,18.320000
0.460447,19.200001,18.273333
0.460848,19.173332,18.473331
0.461249,19.273333,18.306667
0.461650,19.153332,18.293333
0.462051,19.166666,18.306667
0.462452,19.139999,18.299999
0.462853,19.173332,18.286667
0.463255,19.133331,18.286667
0.463656,19.160000,18.286667
0.464057,19.119999,18.266666
0.464459,19.113333,18.273333
0.464860,19.093334,18.233332
0.465261,19.119999,18.253332
0.465662,19.059999,18.266666
0.466063,19.073334,18.240000
0.466464,19.033333,18.253332
0.466865,19.053333,18.146666
0.467266,18.900000,18.199999
0.467668,19.100000,18.186666
0.468069,19.019999,18.180000
0.468470,18.993332,18.139999
0.468871,19.006666,18.153334
0.469272,18.999998,18.199999
0.469674,18.966667,18.020000
0.470075,18.993332,18.146666
0.470477,18.953333,18.119999
0.470879,19.013332,18.126667
0.471280,18.946667,18.113333
0.471681,18.926666,18.139999
0.472082,18.926666,18.099998
0.472484,18.966667,18.126667
0.472886,19.073334,18.079998
0.473288,18.906666,18.086666
0.473689,18.886665,18.066666
0.474090,18.833334,18.119999
0.474492,18.859999,18.040001
0.474894,18.866665,18.013332
0.475295,18.846666,18.053333
0.475696,18.840000,18.046667
0.476098,18.826666,18.046667
0.476499,18.900000,17.873333
0.476900,18.813334,17.920000
0.477301,18.786667,17.980000
0.477702,18.653334,17.953333
0.478103,18.786667,17.953333
0.478505,18.766666,17.926666
0.478906,18.766666,17.973333
0.479307,18.753332,17.966665
0.479709,18.759998,17.920000
0.480110,18.719999,17.926666
0.480512,18.713333,17.886667
0.480913,18.719999,17.879999
0.481314,18.686666,17.926666
0.481715,18.666666,17.873333
0.482116,18.673334,18.033333
0.482518,18.639999,17.806665
0.482920,18.726665,17.826666
0.483321,18.653334,17.859999
0.483722,18.619999,17.846666
0.484123,18.639999,17.806665
0.484525,18.613333,17.799999
0.484926,18.586666,17.766666
0.485328,18.619999,17.706665
0.485730,18.580000,17.539999
0.486132,18.646666,17.746666
0.486533,18.573334,17.746666
0.486934,18.539999,17.740000
0.487335,18.500000,17.746666
0.487737,18.526667,17.760000
0.488138,18.500000,17.706665
0.488539,18.500000,17.639999
0.488940,18.526667,17.593332
0.489341,18.406666,17.686666
0.489742,18.446667,17.673332
0.490143,18.466665,17.666666
0.490545,18.440001,17.660000
0.490946,18.413334,17.673332
0.491348,18.413334,17.480000
0.491749,18.406666,17.586666
0.492150,18.379999,17.613333
0.492552,18.366667,17.500000
0.492953,18.326666,17.593332
0.493354,18.400000,17.539999
0.493755,18.359999,17.539999
0.494156,18.333332,17.539999
0.494558,18.320000,17.673332
0.494959,18.313334,17.539999
0.495361,18.299999,17.500000
0.495768,18.273333,17.473333
0.496169,18.266666,17.473333
0.496571,18.260000,17.466665
0.496973,18.240000,17.419998
0.497375,18.213333,17.240000
0.497776,18.186666,17.386667
0.498177,18.339998,17.400000
0.498580,18.193333,17.400000
0.498981,18.180000,17.386667
0.499383,18.206665,17.400000
0.499785,18.153334,17.340000
0.500186,18.166666,17.333332
0.500587,18.139999,17.333332
0.500989,18.073332,17.313332
0.501390,18.099998,17.299999
0.501791,18.213333,17.286665
0.502192,18.126667,17.159998
0.502594,18.013332,17.253334
0.502995,18.093332,17.260000
0.503397,18.026667,17.246666
0.503798,18.020000,17.206667
0.504200,18.013332,17.360001
0.504601,18.026667,17.213333
0.505002,17.966665,17.179998
0.505403,17.986666,17.153332
0.505805,17.959999,17.186666
0.506206,17.953333,17.146666
0.506607,17.939999,17.093332
0.507008,17.933332,17.153332
0.507410,17.900000,17.139999
0.507811,17.879999,17.139999
0.508212,17.879999,17.053333
0.508614,17.873333,17.059999
0.509016,17.826666,17.199999
0.509417,17.826666,17.039999
0.509818,17.820000,17.026665
0.510219,17.840000,17.013332
0.510621,17.806665,17.013332
0.511023,17.760000,17.013332
0.511424,17.760000,17.113333
0.511826,17.760000,16.980000
0.512227,17.740000,16.959999
0.512629,17.673332,16.953333
0.513030,17.719999,16.906666
0.513432,17.699999,16.933332
0.513833,17.686666,16.886665
0.514234,17.673332,16.846666
0.514636,17.679998,16.920000
0.515037,17.646667,16.893332
0.515439,17.613333,16.860001
0.515840,17.613333,16.759998
0.516241,17.619999,16.826666
0.516642,17.600000,16.906666
0.517044,17.566666,16.920000
0.517446,17.533333,16.460001
0.517848,17.513334,17.053333
0.518249,17.493334,16.486666
0.518650,17.466665,16.806665
0.519051,17.466665,16.759998
0.519453,17.466665,16.733334
0.519855,17.459999,16.753332
0.520256,17.426666,16.660000
0.520658,17.393333,16.713333
0.521059,17.393333,16.680000
0.521460,17.373333,16.646666
0.521862,17.346666,16.626665
0.522263,17.333332,16.619999
0.522664,17.333332,16.619999
0.523066,17.293333,16.633331
0.523467,17.340000,16.586666
0.523868,17.286665,16.546667
0.524270,17.279999,16.566666
0.524671,17.279999,16.526667
0.525072,17.233334,16.506666
0.525473,17.286665,16.499998
0.525874,17.199999,16.460001
0.526275,17.226667,16.499998
0.526677,17.139999,16.440001
0.527079,17.179998,16.446667
0.527480,17.146666,16.400000
0.527882,17.133333,16.320000
0.528284,17.113333,16.353333
0.528686,17.106667,16.346666
0.529089,17.106667,16.346666
0.529490,17.093332,16.279999
0.529891,17.033333,16.293333
0.530292,17.013332,16.273333
0.530693,17.026665,16.246666
0.531094,17.000000,16.266666
0.531499,16.959999,16.119999
0.531900,16.953333,15.746666
0.532301,16.926666,16.200001
0.532702,16.939999,16.180000
0.533104,16.913332,16.173334
0.533506,16.906666,16.133333
0.533907,16.920000,16.099998
0.534309,16.900000,16.093332
0.534710,16.860001,16.066668
0.535112,16.879999,15.913334
0.535513,16.866667,15.980000
0.535915,16.860001,16.039999
0.536316,16.773333,15.973332
0.536717,16.799999,15.993333
0.537119,16.786665,15.953332
0.537520,16.779999,15.946666
0.537921,16.773333,15.980000
0.538323,16.733334,16.093332
0.538724,16.740000,15.946666
0.539125,16.666666,15.873333
0.539526,16.680000,15.853333
0.539927,16.693333,15.833333
0.540329,16.680000,15.819999
0.540730,16.506666,15.799999
0.541132,16.646666,15.773333
0.541533,16.600000,15.806666
0.541934,16.539999,15.760000
0.542335,16.573334,15.746666
0.542737,16.519999,15.686666
0.543138,16.533333,15.746666
0.543540,16.519999,15.393333
0.543941,16.460001,15.693334
0.544342,16.486666,15.693334
0.544743,16.440001,15.760000
0.545144,16.406666,15.593333
0.545545,16.386665,15.606667
0.545946,16.379999,15.579999
0.546347,16.340000,15.573333
0.546748,16.346666,15.480000
0.547150,16.286667,15.540000
0.547552,16.320000,15.500000
0.547953,16.273333,15.466666
0.548354,16.259998,15.460000
0.548755,16.240000,15.426665
0.549156,16.233332,15.393333
0.549559,16.200001,15.379999
0.549961,16.180000,15.379999
0.550362,16.166666,15.320001
0.550763,16.126665,15.313333
0.551164,16.139999,15.333333
0.551566,16.153334,15.306666
0.551967,16.020000,15.240000
0.552369,16.053333,14.933333
0.552771,16.033333,15.253334
0.553173,16.013332,15.233334
0.553574,15.993333,15.219999
0.553975,15.953332,15.306666
0.554377,15.946666,15.179999
0.554778,16.046667,15.206666
0.555180,15.973332,15.146667
0.555582,15.866667,15.153333
0.555983,15.879999,15.113333
0.556385,15.813333,15.093332
0.556787,15.813333,15.060000
0.557188,15.780001,14.953333
0.557589,15.673333,14.953333
0.557990,15.760000,14.719999
0.558392,15.786667,14.940000
0.558794,15.746666,14.933333
0.559196,15.679999,14.899999
0.559598,15.666666,14.880000
0.559999,15.639999,14.833332
0.560400,15.533333,14.873333
0.560802,15.613333,14.873333
0.561203,15.606667,14.793334
0.561605,15.560000,14.793334
0.562006,15.540000,14.773334
0.562408,15.533333,14.766665
0.562809,15.500000,14.726667
0.563210,15.446666,14.733334
0.563613,15.419999,14.693333
0.564014,15.433333,14.693333
0.564416,15.426665,14.613333
0.564817,15.393333,14.633332
0.565218,15.386667,14.593332
0.565620,15.359999,14.573334
0.566021,15.393333,14.593332
0.566424,15.273333,14.520000
0.566825,15.359999,14.726667
0.567228,15.286666,14.493333
0.567630,15.260000,14.459999
0.568031,15.219999,14.320000
0.568432,15.200000,14.499999
0.568833,15.200000,14.426666
0.569234,15.146667,14.426666
0.569636,15.126667,14.360000
0.570037,15.086666,14.353333
0.570438,15.106667,14.346666
0.570839,15.013333,14.333334
0.571240,14.953333,14.320000
0.571641,14.953333,14.266667
0.572042,14.953333,14.266667
0.572443,14.940000,14.233333
0.572844,14.940000,14.233333
0.573245,14.906667,14.186666
0.573647,14.873333,13.999999
0.574048,14.860001,14.246667
0.574450,14.800000,14.120000
0.574852,14.886666,14.160000
0.575253,14.800000,14.099999
0.575654,14.746666,14.086666
0.576055,14.826666,14.073334
0.576458,14.753333,14.026667
0.576860,14.713333,14.006667
0.577261,14.693333,13.866666
0.577662,14.613333,14.006667
0.578065,14.679999,13.960000
0.578466,14.626666,13.979999
0.578867,14.573334,13.913332
0.579268,14.573334,13.893333
0.579669,14.526666,13.866666
0.580071,14.513333,13.866666
0.580472,14.526666,13.806667
0.580873,14.506667,13.813334
0.581274,14.453333,13.820000
0.581675,14.433332,13.813334
0.582076,14.366666,13.713332
0.582477,14.420000,13.706666
0.582879,14.420000,13.653334
0.583280,14.353333,13.653334
0.583681,14.286666,13.646666
0.584083,14.326666,13.646666
0.584484,14.320000,13.566667
0.584886,14.373332,13.626666
0.585287,14.266667,13.606666
0.585688,14.180000,13.606666
0.586089,14.166666,13.539999
0.586491,14.166666,13.466666
0.586893,14.146667,13.466666
0.587294,14.106666,13.466666
0.587695,14.126666,13.440000
0.588096,14.099999,13.413334
0.588499,14.080000,13.460000
0.588900,14.033333,13.326666
0.589301,13.826666,13.366667
0.589702,13.999999,13.313333
0.590103,13.986667,13.293333
0.590505,13.946667,13.293333
0.590906,14.033333,13.226666
0.591308,13.900000,13.226666
0.591709,13.873334,13.226666
0.592112,13.860000,13.193333
0.592513,13.826666,13.160000
0.592915,13.806667,13.139999
0.593316,13.746667,13.139999
0.593717,13.753333,13.113333
0.594119,13.720000,13.100000
0.594520,13.706666,12.893333
0.594921,13.666666,13.059999
0.595322,13.653334,13.080000
0.595724,13.633333,12.886666
0.596126,13.613334,12.946667
0.596527,13.606666,12.946667
0.596928,13.539999,12.919999
0.597329,13.559999,12.919999
0.597730,13.620000,12.913333
0.598131,13.500000,12.866666
0.598532,13.480000,12.833333
0.598933,13.480000,12.860000
0.599334,13.360000,12.826667
0.599736,13.426666,12.766666
0.600137,13.366667,12.760000
0.600539,13.320000,12.740000
0.600940,13.379999,12.566667
0.601341,13.313333,13.086667
0.601742,13.320000,12.633333
0.602144,13.306666,12.646667
0.602545,13.253333,12.599999
0.602946,13.220000,12.613333
0.603347,13.186666,12.566667
0.603748,13.173333,12.520000
0.604149,13.139999,12.526666
0.604551,13.220000,12.506667
0.604952,13.046666,12.506667
0.605353,13.106667,12.480000
0.605755,13.080000,12.459999
0.606156,13.046666,12.446667
0.606558,13.026667,12.413333
0.606959,13.013333,12.400000
0.607361,12.960000,12.380000
0.607765,12.940000,12.326666
0.608166,13.026667,12.300000
0.608567,12.893333,12.253333
0.608968,12.880000,12.306666
0.609370,12.840000,12.246667
0.609772,12.853333,12.233334
0.610173,12.780000,12.126666
0.610574,12.746666,12.040000
0.610975,12.806666,12.080000
0.611376,12.719999,12.059999
0.611778,12.693334,12.059999
0.612179,12.693334,12.059999
0.612580,12.633333,12.020000
0.612981,12.626667,11.999999
0.613382,12.606667,11.973333
0.613784,12.646667,11.973333
0.614185,12.566667,11.940000
0.614587,12.513333,11.906667
0.614988,12.466666,11.900000
0.615389,12.506667,11.879999
0.615791,12.446667,11.833333
0.616192,12.426666,11.820000
0.616594,12.400000,11.879999
0.616995,12.446667,11.746666
0.617396,12.353333,11.726666
0.617797,12.326666,11.746666
0.618198,12.333333,12.006666
0.618600,12.286667,11.713333
0.619002,12.300000,11.533333
0.619404,12.246667,11.926666
0.619806,12.180000,11.580000
0.620208,12.113334,11.599999
0.620610,12.133333,11.539999
0.621011,12.106667,11.546666
0.621412,12.106667,11.620000
0.621814,12.073333,11.406666
0.622215,12.059999,11.493333
0.622616,12.059999,11.366667
0.623018,11.986667,11.400000
0.623420,11.973333,11.406666
0.623822,11.926666,11.366667
0.624225,11.913333,11.253333
0.624627,11.940000,11.353333
0.625028,11.886666,11.333333
0.625430,11.940000,11.300000
0.625831,11.840000,11.280000
0.626232,11.760000,11.200000
0.626633,11.773334,11.233333
0.627034,11.780000,11.193334
0.627435,11.666666,11.166666
0.627837,11.653334,11.153333
0.628239,11.673333,11.160000
0.628641,11.633333,11.106667
0.629042,11.626666,11.086666
0.629443,11.606667,11.053333
0.629844,11.566667,11.046666
0.630245,11.573333,10.993334
0.630647,11.513333,10.993334
0.631048,11.520000,10.960000
0.631449,11.500000,10.926667
0.631850,11.453334,10.866667
0.632251,11.440000,10.846666
0.632653,11.420000,10.860000
0.633054,11.373333,10.840000
0.633456,11.346666,10.820000
0.633858,11.339999,10.806666
0.634259,11.293333,10.833333
0.634661,11.253333,10.746666
0.635062,11.246667,10.726666
0.635463,11.206666,10.740000
0.635865,11.206666,10.673333
0.636267,11.180000,10.626666
0.636669,11.166666,10.593333
0.637071,11.126667,10.646667
0.637472,11.106667,10.593333
0.637873,11.113334,10.520000
0.638275,11.073333,10.566667
0.638677,11.033333,10.500000
0.639079,11.066667,10.460000
0.639480,11.006666,10.473333
0.639882,10.980000,10.460000
0.640284,10.973333,10.386666
0.640685,10.886666,10.320000
0.641086,10.900000,10.366666
0.641488,10.873333,10.346666
0.641889,10.833333,10.320000
0.642290,10.833333,10.320000
0.642692,10.766666,10.286666
0.643093,10.679999,10.266666
0.643499,10.806666,10.200000
0.643900,10.686666,10.219999
0.644302,10.720000,10.160000
0.644704,10.673333,10.193334
0.645106,10.653334,10.126667
0.645507,10.639999,10.113333
0.645908,10.586667,10.106667
0.646309,10.500000,10.040000
0.646711,10.526667,10.026666
0.647114,10.486666,10.020000
0.647515,10.493333,9.966666
0.647916,10.466667,9.980000
0.648319,10.433333,9.959999
0.648720,10.513333,9.986667
0.649121,10.386666,9.793333
0.649522,10.360000,9.913333
0.649923,10.360000,9.839999
0.650324,10.320000,9.833333
0.650726,10.313334,9.846666
0.651127,10.320000,9.793333
0.651528,10.233333,9.933333
0.651929,10.146667,9.780000
0.652330,10.120000,9.826666
0.652731,10.126667,9.673333
0.653133,10.173333,9.706666
0.653534,10.126667,9.633333
0.653936,10.106667,9.613334
0.654337,10.073334,9.586666
0.654738,10.020000,9.580000
0.655140,10.006667,9.546667
0.655541,10.026666,9.526667
0.655942,9.986667,9.466666
0.656343,9.946667,9.446667
0.656744,9.900000,9.346666
0.657147,9.920000,9.346666
0.657548,9.860000,9.346666
0.657949,9.880000,9.346666
0.658351,9.800000,9.266666
0.658752,9.793333,9.293333
0.659153,9.786667,9.266666
0.659555,9.753333,9.266666
0.659957,9.826666,9.200000
0.660358,9.700000,9.193333
0.660760,9.653333,9.440000
0.661162,9.633333,9.173333
0.661564,9.646667,9.146667
0.661965,9.586666,9.099999
0.662366,9.453333,9.066667
0.662768,9.379999,9.066667
0.663169,9.540000,9.059999
0.663571,9.506666,9.006666
0.663973,9.473333,9.000000
0.664375,9.400000,8.973332
0.664776,9.460000,8.946667
0.665177,9.333333,8.920000
0.665579,9.346666,8.900000
0.665981,9.266666,8.926666
0.666382,9.299999,8.853333
0.666783,9.246666,8.820000
0.667184,9.353333,8.793333
0.667586,9.240000,8.766666
0.667987,9.220000,8.740000
0.668389,9.140000,8.653333
0.668790,9.126666,8.680000
0.669191,9.113333,8.686666
0.669593,9.093333,8.719999
0.669994,9.080000,8.646667
0.670396,9.033333,8.586666
0.670798,9.013333,8.626667
0.671199,9.006666,8.579999
0.671600,8.980000,8.546666
0.672001,8.926666,9.080000
0.672402,8.940000,8.460000
0.672804,8.900000,8.453333
0.673205,8.860000,8.400000
0.673607,8.886666,8.393332
0.674008,8.813334,8.393332
0.674410,8.793333,8.213333
0.674811,8.773333,8.379999
0.675212,8.780000,8.313333
0.675614,8.719999,8.300000
0.676015,8.746667,8.273334
0.676417,8.719999,8.246666
0.676819,8.626667,8.246666
0.677220,8.639999,8.220000
0.677621,8.560000,8.166667
0.678022,8.533333,8.120000
0.678423,8.560000,8.139999
0.678825,8.526667,8.093333
0.679226,8.500000,8.113333
0.679627,8.480000,8.066667
0.680028,8.466666,8.066667
0.680429,8.420000,8.026667
0.680831,8.513332,8.013333
0.681233,8.393332,7.966667
0.681635,8.326666,7.940000
0.682036,8.313333,7.906666
0.682438,8.320000,7.893333
0.682839,8.273334,7.780000
0.683240,8.259999,7.780000
0.683641,8.246666,7.840000
0.684042,8.200000,7.806666
0.684443,8.193333,7.813334
0.684844,8.106667,7.753333
0.685246,8.120000,7.600000
0.685647,8.120000,7.706666
0.686048,8.059999,7.679999
0.686450,8.046666,7.679999
0.686851,8.006666,7.333333
0.687252,8.000000,7.593334
0.687654,7.933333,7.600000
0.688055,7.953333,7.573333
0.688457,7.926667,7.513333
0.688858,7.893333,7.533333
0.689259,7.893333,7.520000
0.689661,7.833333,7.486667
0.690062,7.826667,7.480000
0.690464,7.826667,7.426666
0.690865,7.780000,7.413333
0.691267,7.760000,7.386667
0.691668,7.746666,7.353333
0.692069,7.720000,7.333333
0.692471,7.686666,7.413333
0.692872,7.679999,7.293333
0.693273,7.660000,7.286667
0.693675,7.606667,7.246666
0.694076,7.579999,7.233334
0.694477,7.566667,7.306666
0.694878,7.533333,7.166667
0.695279,7.500000,7.166667
0.695681,7.520000,7.146667
0.696082,7.500000,7.106667
0.696483,7.440000,7.066666
0.696884,7.413333,7.066666
0.697285,7.366667,7.026667
0.697686,7.366667,7.020000
0.698089,7.373333,7.020000
0.698490,7.320000,6.986666
0.698891,7.313333,7.106667
0.699292,7.180000,6.833333
0.699694,7.260000,6.900000
0.700095,7.193333,6.906667
0.700499,7.200000,6.873333
0.700901,7.166667,6.893333
0.701302,7.113333,6.833333
0.701703,7.200000,6.813333
0.702104,7.153333,6.773334
0.702505,7.080000,6.546667
0.702906,7.080000,6.500000
0.703307,7.040000,6.686666
0.703709,7.020000,6.680000
0.704110,6.980000,6.640000
0.704511,6.966666,6.640000
0.704912,6.900000,6.626667
0.705314,6.920000,6.526666
0.705715,6.893333,6.613333
0.706118,6.900000,6.526666
0.706520,6.826667,6.500000
0.706921,6.813333,6.453333
0.707322,6.766666,6.460000
0.707724,6.780000,6.433333
0.708125,6.760000,6.466667
0.708527,6.693333,6.346667
0.708929,6.680000,6.286667
0.709330,6.766666,6.320000
0.709732,6.593333,6.326666
0.710133,6.640000,6.286667
0.710534,6.620000,6.280000
0.710935,6.593333,6.266666
0.711338,6.586667,6.273333
0.711740,6.513333,6.220000
0.712141,6.480000,6.186666
0.712542,6.480000,6.153333
0.712944,6.426666,6.140000
0.713346,6.400000,6.113333
0.713747,6.386667,6.080000
0.714148,6.366666,6.080000
0.714550,6.446667,6.040000
0.714951,6.346667,5.953333
0.715353,6.286667,6.013333
0.715755,6.313334,5.946667
0.716156,6.280000,5.946667
0.716558,6.273333,5.966666
0.716959,6.200000,5.920000
0.717360,6.180000,5.913333
0.717766,6.160000,5.853333
0.718168,6.106667,5.853333
0.718569,6.026667,5.840000
0.718971,6.093333,5.533333
0.719373,6.060000,5.760000
0.719774,6.046667,5.760000
0.720175,6.046667,5.733333
0.720577,6.006667,5.713333
0.720979,5.966666,5.726667
0.721380,5.940000,5.606667
0.721782,5.926667,5.653333
0.722185,5.906666,5.613333
0.722586,5.940000,5.593333
0.722987,5.853333,5.560000
0.723389,5.840000,5.553333
0.723791,5.866666,5.553333
0.724192,5.813333,5.546667
0.724593,5.760000,5.613333
0.724994,5.680000,5.520000
0.725395,5.726667,5.473333
0.725796,5.706666,5.440000
0.726197,5.706666,5.413333
0.726599,5.713333,5.393333
0.727001,5.646667,5.220000
0.727402,5.600000,5.360000
0.727804,5.646667,5.266667
0.728205,5.539999,5.326667
0.728607,5.580000,5.273333
0.729008,5.539999,5.273333
0.729409,5.506666,5.206666
0.729810,5.500000,5.226666
0.730211,5.420000,5.173333
0.730612,5.426667,5.186666
0.731013,5.453333,5.166667
0.731414,5.346666,5.153333
0.731815,5.366667,5.140000
0.732216,5.353333,5.120000
0.732618,5.346666,5.093333
0.733019,5.320000,5.000000
0.733420,5.266667,5.060000
0.733821,5.253333,5.026667
0.734223,5.240000,5.006667
0.734625,5.233334,4.740000
0.735026,5.306666,4.906667
0.735427,5.260000,4.893333
0.735829,5.166667,4.926667
0.736231,5.260000,4.880000
0.736633,5.073333,4.873333
0.737034,5.073333,4.853333
0.737436,5.060000,4.826666
0.737838,5.060000,4.813333
0.738239,5.040000,4.786666
0.738640,5.006667,4.720000
0.739041,5.046667,4.840000
0.739443,4.933333,4.720000
0.739845,5.000000,4.660000
0.740247,4.920000,4.786666
0.740648,4.880000,4.686666
0.741049,4.886666,4.706666
0.741450,4.900000,4.640000
0.741851,4.846666,4.626667
0.742252,4.840000,4.566667
0.742653,4.806667,4.533333
0.743054,4.666667,4.560000
0.743456,4.773334,4.526667
0.743857,4.733333,4.413333
0.744260,4.786666,4.506667
0.744661,4.693333,4.540000
0.745062,4.680000,4.446667
0.745464,4.646667,4.433333
0.745866,4.613333,4.413333
0.746267,4.573333,4.386666
0.746668,4.586667,4.373333
0.747071,4.553333,4.360000
0.747472,4.553333,4.480000
0.747874,4.540000,4.286666
0.748275,4.460000,4.293333
0.748676,4.493333,4.360000
0.749077,4.480000,4.240000
0.749478,4.420000,4.226666
0.749880,4.453333,4.266666
0.750281,4.280000,4.206666
0.750682,4.393333,4.186666
0.751083,4.360000,4.160000
0.751484,4.346667,4.166667
0.751886,4.340000,4.133333
0.752287,4.240000,4.106667
0.752689,4.293333,4.186666
0.753090,4.253333,4.180000
0.753492,4.246667,4.073333
0.753894,4.226666,4.020000
0.754295,4.200000,4.013333
0.754696,4.186666,4.013333
0.755097,4.166667,4.013333
0.755499,4.153333,3.940000
0.755900,4.140000,3.873333
0.756301,4.133333,3.906667
0.756703,4.073333,3.926666
0.757106,4.053333,3.866667
0.757507,4.060000,3.866667
0.757908,4.026666,3.833333
0.758310,4.020000,3.746666
0.758712,4.000000,3.813334
0.759113,3.980000,3.700000
0.759514,3.953333,3.746666
0.759917,3.853333,3.720000
0.760319,3.926666,3.713333
0.760720,3.826667,3.640000
0.761122,4.040000,3.633333
0.761525,3.853333,3.673333
0.761926,3.833333,3.133333
0.762327,3.866667,3.653333
0.762728,3.780000,3.620000
0.763129,3.806666,3.566667
0.763531,3.780000,3.573333
0.763933,3.733333,3.526666
0.764336,3.713333,3.500000
0.764737,3.693333,3.526666
0.765138,3.660000,3.486667
0.765539,3.640000,3.486667
0.765940,3.620000,3.473333
0.766341,3.580000,3.466666
0.766743,3.573333,3.313333
0.767144,3.520000,3.413333
0.767547,3.540000,3.400000
0.767948,3.360000,3.373333
0.768351,3.506667,3.406667
0.768752,3.486667,3.313333
0.769154,3.466666,3.313333
0.769555,3.440000,3.300000
0.769956,3.446667,3.286667
0.770357,3.400000,3.253333
0.770758,3.373333,3.240000
0.771160,3.393333,3.280000
0.771561,3.373333,3.206667
0.771962,3.300000,3.220000
0.772364,3.340000,3.166667
0.772766,3.313333,3.166667
0.773169,3.300000,3.133333
0.773571,3.280000,3.446667
0.773973,3.253333,3.126667
0.774374,3.266667,3.160000
0.774775,3.180000,3.126667
0.775176,3.200000,2.946667
0.775578,3.153333,3.033333
0.775979,3.180000,3.020000
0.776380,3.140000,2.980000
0.776781,3.280000,2.986667
0.777183,3.180000,2.960000
0.777585,3.080000,3.120000
0.777987,3.146667,2.960000
0.778388,3.053333,2.920000
0.778789,3.066667,2.900000
0.779191,3.040000,2.920000
0.779593,3.013333,2.893333
0.779994,3.000000,2.860000
0.780396,2.973333,2.840000
0.780798,2.966666,2.860000
0.781199,2.953333,2.820000
0.781600,2.933333,2.793333
0.782001,2.926667,2.800000
0.782403,2.880000,2.766667
0.782804,2.893333,2.793333
0.783207,2.880000,2.740000
0.783609,2.806667,2.706666
0.784010,2.860000,2.733333
0.784411,2.840000,2.700000
0.784812,2.693333,2.626667
0.785214,2.793333,2.626667
0.785616,2.820000,2.646667
0.786019,2.713333,2.613333
0.786420,2.753333,2.620000
0.786821,2.720000,2.346667
0.787222,2.693333,2.586667
0.787624,2.653333,2.580000
0.788025,2.700000,2.493333
0.788426,2.666667,2.553333
0.788828,2.653333,2.573333
0.789229,2.633333,2.513333
0.789630,2.586667,2.486667
0.790032,2.560000,2.473333
0.790433,2.553333,2.433333
0.790835,2.540000,2.433333
0.791236,2.546667,2.406667
0.791638,2.480000,2.420000
0.792039,2.486667,2.406667
0.792440,2.453333,2.366667
0.792841,2.446667,2.433333
0.793242,2.506666,2.320000
0.793644,2.506666,2.340000
0.794045,2.433333,2.346667
0.794447,2.420000,2.266667
0.794848,2.406667,2.273333
0.795250,2.366667,2.260000
0.795651,2.346667,2.206667
0.796052,2.360000,2.266667
0.796454,2.326667,2.220000
0.796856,2.340000,2.200000
0.797257,2.300000,2.213333
0.797659,2.300000,2.180000
0.798060,2.300000,2.160000
0.798461,2.293333,2.153333
0.798863,2.260000,2.180000
0.799264,2.240000,2.133333
0.799666,2.246667,2.033333
0.800067,2.246667,2.100000
0.800468,2.173333,2.086667
0.800869,2.133333,2.086667
0.801270,2.120000,2.086667
0.801672,2.100000,2.053333
0.802073,2.133333,2.060000
0.802475,2.086667,2.000000
0.802876,2.100000,2.133333
0.803279,2.080000,2.000000
0.803681,2.073333,2.000000
0.804082,2.033333,1.926667
0.804483,2.046667,1.940000
0.804885,2.033333,1.940000
0.805286,2.006667,1.913333
0.805688,2.026667,1.860000
0.806089,1.980000,1.913333
0.806491,1.960000,1.893333
0.806893,1.880000,1.886667
0.807294,1.940000,1.766667
0.807695,1.946667,1.860000
0.808096,1.946667,1.860000
0.808499,1.906667,1.813333
0.808900,1.880000,1.700000
0.809301,1.906667,1.786667
0.809702,1.880000,1.813333
0.810103,1.880000,1.673333
0.810505,1.860000,1.740000
0.810906,1.760000,1.733333
0.811308,1.813333,1.733333
0.811709,1.773333,1.700000
0.812110,1.773333,1.720000
0.812511,1.766667,1.726667
0.812913,1.746667,1.673333
0.813314,1.760000,1.666667
0.813715,1.706667,1.666667
0.814116,1.706667,1.680000
0.814518,1.653333,1.606667
0.814920,1.686667,1.613333
0.815322,1.653333,1.606667
0.815724,1.660000,1.580000
0.816125,1.686667,1.560000
0.816526,1.600000,1.526667
0.816927,1.633333,1.753333
0.817328,1.646667,1.513333
0.817731,1.500000,1.526667
0.818133,1.566667,1.526667
0.818534,1.606667,1.326667
0.818935,1.646667,1.480000
0.819337,1.560000,1.480000
0.819739,1.520000,1.473333
0.820140,1.513333,1.466667
0.820541,1.533333,1.466667
0.820944,1.486667,1.420000
0.821345,1.546667,1.433333
0.821747,1.480000,1.386667
0.822148,1.453333,1.420000
0.822549,1.466667,1.400000
0.822950,1.386667,1.373333
0.823351,1.453333,1.446667
0.823752,1.406667,1.386667
0.824154,1.420000,1.333333
0.824555,1.333333,1.360000
0.824957,1.400000,1.326667
0.825358,1.360000,1.300000
0.825760,1.360000,1.180000
0.826161,1.326667,1.326667
0.826562,1.253333,1.300000
0.826963,1.340000,1.220000
0.827365,1.273333,1.240000
0.827766,1.300000,1.240000
0.828167,1.366667,1.226667
0.828570,1.286667,1.240000
0.828971,1.273333,1.206667
0.829372,1.246667,1.266667
0.829774,1.233333,1.206667
0.830175,1.233333,1.000000
0.830576,1.286667,1.186667
0.830978,1.260000,1.166667
0.831379,1.206667,1.173333
0.831780,1.173333,1.146667
0.832181,1.220000,1.113333
0.832583,1.173333,1.126667
0.832986,1.180000,1.106667
0.833388,1.213333,1.113333
0.833789,1.100000,1.033333
0.834191,1.160000,1.093333
0.834593,1.113333,1.060000
0.834994,1.193333,1.060000
0.835396,1.100000,0.946667
0.835798,1.073333,1.106667
0.836199,1.073333,0.993333
0.836600,1.046667,1.020000
0.837001,1.040000,0.953333
0.837403,1.053333,1.033333
0.837804,1.086667,0.993333
0.838205,1.040000,0.980000
0.838606,1.073333,0.980000
0.839007,0.980000,0.986667
0.839408,1.006667,0.946667
0.839810,0.993333,0.946667
0.840212,1.113333,0.946667
0.840614,0.973333,0.946667
0.841016,0.960000,0.946667
0.841418,0.960000,0.946667
0.841819,0.960000,0.946667
0.842220,0.946667,0.946667
0.842622,0.946667,0.946667
0.843023,0.980000,0.946667
0.843424,0.946667,0.946667
0.843825,1.020000,0.946667
0.844226,0.946667,0.946667
0.844627,0.946667,0.946667
0.845029,0.946667,0.946667
0.845430,0.946667,0.946667
0.845832,0.946667,0.946667
0.846234,0.946667,0.946667
0.846636,0.946667,0.946667
0.847037,0.946667,0.946667
0.847438,0.946667,0.946667
0.847840,0.946667,0.946667
0.848241,0.946667,0.946667
0.848642,0.946667,0.946667
0.849043,0.946667,0.946667
0.849444,0.946667,0.946667
0.849845,0.946667,0.946667
0.850246,0.946667,0.946667
0.850647,0.946667,0.946667
0.851048,0.946667,0.946667
0.851450,0.946667,0.946667
0.851851,0.946667,0.946667
0.852252,0.946667,0.946667
0.852654,0.946667,0.946667
0.853055,0.946667,0.946667
0.853457,0.946667,0.946667
0.853859,0.946667,0.946667
0.854261,0.946667,0.946667
0.854663,0.946667,0.946667
0.855065,0.946667,0.946667
0.855466,0.946667,0.946667
0.855867,0.953333,0.946667
0.856269,0.946667,0.946667
0.856670,0.946667,0.946667
0.857072,0.946667,0.946667
0.857473,0.946667,0.946667
0.857875,0.946667,0.946667
0.858276,0.946667,0.946667
0.858677,0.946667,0.946667
0.859080,0.946667,0.946667
0.859482,0.946667,0.946667
0.859883,0.946667,0.946667
0.860286,0.946667,0.946667
0.860688,0.946667,0.946667
0.861089,0.946667,0.946667
0.861491,0.946667,0.946667
0.861892,0.946667,0.946667
0.862293,0.946667,0.946667
0.862694,0.946667,0.946667
0.863095,0.946667,0.946667
0.863499,0.946667,0.946667
0.863900,0.946667,0.946667
0.864301,0.946667,0.946667
0.864702,0.946667,0.946667
0.865103,0.946667,0.946667
0.865506,0.946667,0.946667
0.865908,0.946667,0.946667
0.866309,0.946667,0.946667
0.866711,0.946667,0.946667
0.867113,0.946667,0.946667
0.867514,0.946667,0.946667
0.867915,0.946667,0.946667
0.868316,0.946667,0.946667
0.868718,0.946667,0.946667
0.869119,0.946667,0.946667
0.869520,0.946667,0.946667
0.869921,0.946667,0.946667
0.870322,0.946667,0.946667
0.870723,0.946667,0.946667
0.871124,0.946667,0.946667
0.871525,0.946667,0.946667
0.871926,0.946667,0.946667
0.872327,0.946667,0.946667
0.872729,0.946667,0.946667
0.873132,0.946667,0.946667
0.873533,0.946667,0.946667
0.873934,0.946667,0.946667
0.874335,0.946667,0.946667
0.874738,0.946667,0.946667
0.875139,0.946667,0.946667
0.875540,0.946667,0.946667
0.875941,0.946667,0.946667
0.876342,0.946667,0.946667
0.876743,0.946667,0.946667
0.877144,0.946667,0.946667
0.877546,0.946667,0.946667
0.877947,0.946667,0.946667
0.878349,0.946667,0.946667
0.878750,0.946667,0.946667
0.879151,0.946667,0.946667
0.879553,0.946667,0.946667
0.879954,0.946667,0.946667
0.880356,0.946667,0.946667
0.880757,0.946667,0.946667
0.881158,0.946667,0.946667
0.881559,0.946667,0.946667
0.881960,0.946667,0.946667
0.882362,0.946667,0.946667
0.882764,0.946667,0.946667
0.883165,0.946667,0.946667
0.883567,0.946667,0.946667
0.883968,0.946667,0.946667
0.884369,0.946667,0.946667
0.884771,0.946667,0.946667
0.885172,0.946667,0.946667
0.885573,0.946667,0.946667
0.885975,0.946667,0.946667
0.886376,0.946667,0.946667
0.886777,0.946667,0.946667
0.887178,0.946667,0.946667
0.887580,0.946667,0.946667
0.887982,0.946667,0.946667
0.888383,0.946667,0.946667
0.888785,0.946667,0.946667
0.889186,0.946667,0.946667
0.889587,0.946667,0.946667
0.889988,0.946667,0.946667
0.890389,0.946667,0.946667
0.890791,0.946667,0.946667
0.891193,0.946667,0.946667
0.891594,0.946667,0.946667
0.891996,0.946667,0.946667
0.892398,0.946667,0.946667
0.892800,0.946667,0.946667
0.893201,0.946667,0.946667
0.893602,0.946667,0.946667
0.894004,0.946667,0.946667
0.894406,0.946667,0.946667
0.894807,0.946667,0.946667
0.895208,0.946667,0.946667
0.895610,0.946667,0.946667
0.896011,0.946667,0.946667
0.896412,0.946667,0.946667
0.896813,0.946667,0.946667
0.897214,0.946667,0.946667
0.897615,0.946667,0.946667
0.898016,0.946667,0.946667
0.898417,0.946667,0.946667
0.898819,0.946667,0.946667
0.899222,0.946667,0.946667
0.899623,0.946667,0.946667
0.900025,0.946667,0.946667
0.900426,0.946667,0.946667
0.900828,0.946667,0.946667
0.901229,0.946667,0.946667
0.901631,0.946667,0.946667
0.902033,0.946667,0.946667
0.902434,0.946667,0.946667
0.902835,0.946667,0.946667
0.903236,0.946667,0.946667
0.903638,0.946667,0.946667
0.904040,0.946667,0.946667
0.904442,0.946667,0.946667
0.904843,0.946667,0.946667
0.905245,0.946667,0.946667
0.905646,0.946667,0.946667
0.906047,0.946667,0.946667
0.906449,0.946667,0.946667
0.906850,0.946667,0.946667
0.907252,0.946667,0.946667
0.907654,0.946667,0.946667
0.908055,0.946667,0.946667
0.908456,0.946667,0.946667
0.908857,0.946667,0.946667
0.909258,0.946667,0.946667
0.909660,0.946667,0.946667
0.910061,0.946667,0.946667
0.910463,0.946667,0.946667
0.910864,0.946667,0.946667
0.911266,0.946667,0.946667
0.911668,0.946667,0.946667
0.912069,0.946667,0.946667
0.912470,0.946667,0.946667
0.912872,0.946667,0.946667
0.913273,0.946667,0.946667
0.913675,0.946667,0.946667
0.914076,0.946667,0.946667
0.914478,0.946667,0.946667
0.914879,0.946667,0.946667
0.915281,0.946667,0.946667
0.915682,0.946667,0.946667
0.916083,0.946667,0.946667
0.916485,0.946667,0.946667
0.916886,0.946667,0.946667
0.917287,0.946667,0.946667
0.917688,0.946667,0.946667
0.918089,0.946667,0.946667
0.918491,0.946667,0.946667
0.918892,0.946667,0.946667
0.919294,0.946667,0.946667
0.919695,0.946667,0.946667
0.920096,0.946667,0.946667
0.920499,0.946667,0.946667
0.920900,0.946667,0.946667
0.921301,0.946667,0.946667
0.921702,0.946667,0.946667
0.922103,0.946667,0.946667
0.922505,0.946667,0.946667
0.922907,0.946667,0.946667
0.923308,0.946667,0.946667
0.923709,0.946667,0.946667
0.924112,0.946667,0.946667
0.924513,0.946667,0.946667
0.924916,0.946667,0.946667
0.925318,0.946667,0.946667
0.925720,0.946667,0.946667
0.926121,0.946667,0.946667
0.926524,0.946667,0.946667
0.926925,0.946667,0.946667
0.927326,0.946667,0.946667
0.927728,0.946667,0.946667
0.928129,0.946667,0.946667
0.928531,0.946667,0.946667
0.928932,0.946667,0.946667
0.929333,0.946667,0.946667
0.929735,0.946667,0.946667
0.930136,0.946667,0.946667
0.930538,0.946667,0.946667
0.930940,0.946667,0.946667
0.931342,0.946667,0.946667
0.931743,0.946667,0.946667
0.932144,0.946667,0.946667
0.932546,0.946667,0.946667
0.932947,0.946667,0.946667
0.933348,0.946667,0.946667
0.933749,0.946667,0.946667
0.934150,0.946667,0.946667
0.934552,0.946667,0.946667
0.934953,0.946667,0.946667
0.935354,0.946667,0.946667
0.935755,0.946667,0.946667
0.936156,0.946667,0.946667
0.936558,0.946667,0.946667
0.936961,0.946667,0.946667
0.937363,0.946667,0.946667
0.937764,0.946667,0.946667
0.938165,0.946667,0.946667
0.938566,0.946667,0.946667
0.938967,0.946667,0.946667
0.939368,0.946667,0.946667
0.939769,0.946667,0.946667
0.940170,0.946667,0.946667
0.940573,0.946667,0.946667
0.940974,0.946667,0.946667
0.941376,0.946667,0.946667
0.941777,0.946667,0.946667
0.942179,0.946667,0.946667
0.942580,0.946667,0.946667
0.942981,0.946667,0.946667
0.943383,0.946667,0.946667
0.943785,0.946667,0.946667
0.944186,0.946667,0.946667
0.944588,0.946667,0.946667
0.944991,0.946667,0.946667
0.945392,0.946667,0.946667
0.945793,0.946667,0.946667
0.946195,0.946667,0.946667
0.946598,0.946667,0.946667
0.947000,0.946667,0.946667
0.947402,0.946667,0.946667
0.947803,0.946667,0.946667
0.948205,0.946667,1.006667
0.948607,0.946667,0.946667
0.949008,0.946667,0.946667
0.949409,0.946667,0.946667
0.949810,0.946667,0.946667
0.950211,0.946667,0.946667
0.950613,0.946667,0.946667
0.951014,0.946667,0.946667
0.951416,0.946667,0.946667
0.951817,0.946667,0.946667
0.952220,0.946667,0.946667
0.952622,0.946667,0.946667
0.953023,0.946667,0.946667
0.953424,0.946667,0.946667
0.953826,0.946667,0.946667
0.954227,0.946667,0.946667
0.954628,0.946667,0.946667
0.955030,0.946667,0.946667
0.955431,0.946667,0.946667
0.955832,0.946667,0.946667
0.956233,0.946667,0.946667
0.956635,0.946667,0.946667
0.957036,0.946667,0.946667
0.957437,0.946667,0.946667
0.957839,0.946667,0.946667
0.958240,0.946667,0.946667
0.958641,0.946667,0.946667
0.959042,0.946667,0.946667
0.959443,0.946667,0.946667
0.959844,0.946667,0.946667
0.960245,0.946667,0.946667
0.960646,0.966667,0.946667
0.961047,0.946667,0.946667
0.961448,0.946667,0.946667
0.961849,0.946667,0.946667
0.962250,0.946667,0.946667
0.962651,0.946667,0.946667
0.963053,0.946667,0.946667
0.963454,0.946667,0.946667
0.963855,0.973333,0.946667
0.964256,0.953333,0.946667
0.964658,0.966667,0.946667
0.965059,1.006667,0.946667
0.965460,1.006667,0.960000
0.965862,1.013333,0.953333
0.966264,1.006667,0.960000
0.966666,1.026667,1.000000
0.967067,0.993333,0.960000
0.967469,1.073333,0.993333
0.967870,1.033333,0.946667
0.968271,1.166667,1.020000
0.968673,1.140000,1.120000
0.969074,1.086667,1.033333
0.969476,1.080000,1.033333
0.969878,1.093333,1.153333
0.970279,1.100000,1.046667
0.970680,1.120000,1.066667
0.971083,1.146667,1.080000
0.971484,1.100000,1.026667
0.971885,1.153333,1.126667
0.972286,1.166667,1.106667
0.972687,1.140000,1.106667
0.973088,1.173333,1.153333
0.973490,1.213333,1.146667
0.973891,1.206667,1.173333
0.974293,1.166667,1.160000
0.974694,1.186667,1.160000
0.975096,1.240000,1.206667
0.975499,1.286667,1.093333
0.975901,1.226667,1.206667
0.976302,1.226667,1.206667
0.976703,1.280000,1.033333
0.977104,1.293333,1.200000
0.977506,1.300000,1.120000
0.977907,1.380000,1.266667
0.978309,1.300000,1.226667
0.978710,1.340000,1.213333
0.979111,1.346667,1.300000
0.979512,1.353333,1.280000
0.979913,1.473333,1.300000
0.980314,1.360000,1.306667
0.980715,1.353333,1.300000
0.981116,1.386667,1.313333
0.981518,1.393333,1.380000
0.981920,1.553333,1.386667
0.982321,1.393333,1.360000
0.982722,1.446667,1.326667
0.983124,1.460000,1.386667
0.983525,1.466667,1.486667
0.983927,1.493333,1.333333
0.984328,1.493333,1.440000
0.984729,1.506667,1.446667
0.985130,1.520000,1.420000
0.985532,1.513333,1.460000
0.985933,1.506667,1.500000
0.986335,1.560000,1.506667
0.986737,1.553333,1.486667
0.987138,1.573333,1.533333
0.987539,1.586667,1.513333
0.987940,1.593333,1.546667
0.988343,1.606667,1.540000
0.988744,1.646667,1.573333
0.989145,1.640000,1.540000
0.989547,1.660000,1.566667
0.989948,1.640000,1.553333
0.990349,1.660000,1.620000
0.990750,1.673333,1.573333
0.991152,1.746667,1.633333
0.991553,1.733333,1.646667
0.991955,1.733333,1.620000
0.992356,1.800000,1.640000
0.992757,1.726667,1.646667
0.993159,1.746667,1.686667
0.993560,1.780000,1.693333
0.993961,1.813333,1.846667
0.994363,1.813333,1.733333
0.994765,1.833333,1.746667
0.995166,1.846667,1.760000
0.995567,1.860000,1.766667
0.995968,1.880000,1.840000
0.996370,2.140000,1.760000
0.996771,1.900000,1.833333
0.997172,1.920000,1.820000
0.997574,1.913333,1.840000
0.997975,1.926667,1.853333
0.998376,1.933333,1.840000
0.998778,1.960000,1.820000
0.999179,1.966667,1.880000
0.999580,1.953333,1.800000
0.999983,1.980000,1.860000
1.000385,2.040000,1.926667
1.000786,2.026667,1.946667
1.001187,2.046667,1.906667
1.001588,2.053333,1.986667
1.001990,2.100000,1.986667
1.002391,2.093333,2.053333
1.002792,2.080000,2.073333
1.003194,2.060000,2.033333
1.003595,2.126667,2.000000
1.003998,2.140000,2.033333
1.004399,2.173333,2.060000
1.004800,2.173333,2.033333
1.005201,2.193333,1.706667
1.005603,2.186667,2.086667
1.006005,2.233333,2.133333
1.006406,2.226666,2.126667
1.006807,2.260000,2.093333
1.007208,2.266667,2.153333
1.007609,2.226666,2.186667
1.008010,2.280000,2.180000
1.008411,2.320000,2.180000
1.008812,2.306667,2.186667
1.009213,2.373333,2.253333
1.009614,2.426666,2.253333
1.010016,2.366667,2.273333
1.010417,2.380000,2.366667
1.010818,2.526667,2.273333
1.011219,2.420000,2.306667
1.011620,2.433333,2.313333
1.012021,2.440000,2.333333
1.012423,2.466667,2.346667
1.012824,2.493333,2.366667
1.013225,2.526667,2.366667
1.013627,2.520000,2.333333
1.014028,2.533333,2.406667
1.014429,2.566667,2.433333
1.014831,2.560000,2.466667
1.015232,2.533333,2.433333
1.015634,2.580000,2.453333
1.016035,2.613333,2.520000
1.016436,2.680000,2.506666
1.016837,2.646667,2.526667
1.017238,2.620000,2.553333
1.017639,2.653333,2.526667
1.018040,2.560000,2.560000
1.018442,2.646667,2.580000
1.018844,2.700000,2.626667
1.019245,2.720000,2.580000
1.019646,2.766667,2.646667
1.020047,2.780000,2.666667
1.020448,2.773333,2.706666
1.020850,2.806667,2.633333
1.021251,2.800000,2.680000
1.021653,2.840000,2.686666
1.022054,2.866667,2.733333
1.022456,2.833333,2.746667
1.022857,2.933333,2.726667
1.023258,2.906667,2.780000
1.023660,2.933333,2.806667
1.024061,2.940000,2.660000
1.024463,2.960000,2.800000
1.024865,2.960000,2.840000
1.025268,2.993333,2.840000
1.025669,3.013333,2.860000
1.026070,3.006667,2.933333
1.026471,3.066667,2.946667
1.026873,3.146667,2.933333
1.027274,3.093333,3.013333
1.027675,3.066667,2.913333
1.028076,3.100000,2.966666
1.028477,3.193333,2.980000
1.028879,3.133333,2.986667
1.029280,3.146667,2.993333
1.029681,3.180000,3.040000
1.030083,3.206667,3.040000
1.030484,3.213333,3.066667
1.030885,3.213333,3.073333
1.031286,3.266667,3.106667
1.031688,3.273333,3.133333
1.032089,3.286667,3.120000
1.032490,3.313333,3.133333
1.032891,3.306667,3.166667
1.033292,3.320000,3.133333
1.033694,3.413333,3.186666
1.034095,3.386667,3.133333
1.034499,3.420000,3.240000
1.034901,3.353333,3.220000
1.035304,3.406667,3.400000
1.035706,3.453333,3.413333
1.036107,3.480000,3.313333
1.036509,3.493333,3.313333
1.036910,3.493333,3.393333
1.037312,3.506667,3.346666
1.037714,3.540000,3.386667
1.038115,3.560000,3.386667
1.038516,3.566667,3.406667
1.038918,3.600000,3.426666
1.039320,3.606667,3.453333
1.039721,3.626667,3.460000
1.040122,3.653333,3.486667
1.040524,3.633333,3.533333
1.040926,3.686666,3.473333
1.041328,3.713333,3.486667
1.041729,3.733333,3.560000
1.042132,3.693333,3.513333
1.042533,3.786667,3.586667
1.042934,3.826667,3.566667
1.043335,3.866667,3.546667
1.043736,3.840000,3.660000
1.044139,3.853333,3.660000
1.044540,3.793333,3.660000
1.044941,3.920000,3.713333
1.045344,3.920000,3.733333
1.045746,3.953333,3.746666
1.046147,3.980000,3.746666
1.046548,4.013333,3.746666
1.046949,4.006667,3.833333
1.047351,4.073333,3.846667
1.047753,3.966667,3.873333
1.048154,4.073333,3.853333
1.048555,4.060000,3.900000
1.048956,4.086667,3.933333
1.049357,4.160000,3.960000
1.049759,4.193333,3.953333
1.050160,4.166667,4.013333
1.050561,4.180000,4.000000
1.050962,4.180000,4.013333
1.051364,4.193333,4.020000
1.051765,4.260000,4.040000
1.052166,4.240000,3.686666
1.052568,4.306667,4.046667
1.052970,4.293333,4.086667
1.053371,4.320000,4.113333
1.053773,4.326666,4.140000
1.054174,4.360000,4.140000
1.054575,4.366666,4.173333
1.054977,4.393333,4.080000
1.055379,4.433333,4.173333
1.055780,4.420000,4.200000
1.056181,4.486666,4.280000
1.056582,4.446667,4.293333
1.056983,4.360000,4.293333
1.057385,4.480000,4.306667
1.057787,4.533333,4.326666
1.058188,4.553333,4.373333
1.058589,4.580000,4.360000
1.058990,4.613333,4.360000
1.059392,4.573333,4.420000
1.059793,4.620000,4.653333
1.060194,4.666667,4.446667
1.060596,4.646667,4.460000
1.060997,4.706666,4.386666
1.061399,4.713333,4.486666
1.061800,4.726666,4.553333
1.062201,4.760000,4.540000
1.062603,4.826666,4.553333
1.063005,4.806667,4.560000
1.063406,4.893333,4.606667
1.063807,4.906667,4.600000
1.064209,4.853333,4.626667
1.064611,4.880000,4.660000
1.065013,4.920000,4.686666
1.065414,4.960000,4.713333
1.065815,4.933333,4.713333
1.066217,4.966667,4.746666
1.066619,5.006667,4.746666
1.067020,4.920000,4.780000
1.067422,5.006667,4.793333
1.067823,5.133333,4.820000
1.068225,5.073333,4.873333
1.068627,5.066667,4.886666
1.069028,5.100000,4.920000
1.069430,5.246666,5.000000
1.069832,5.160000,4.920000
1.070233,5.186666,4.926667
1.070635,5.233334,4.973333
1.071036,5.166667,5.000000
1.071438,5.240000,5.000000
1.071840,5.273333,5.046667
1.072241,5.340000,5.046667
1.072642,5.313333,5.000000
1.073044,5.320000,5.086667
1.073445,5.380000,5.100000
1.073847,5.393333,5.133333
1.074248,5.413333,5.140000
1.074650,5.420000,5.180000
1.075052,5.433333,5.180000
1.075453,5.466667,5.193333
1.075855,5.473333,5.220000
1.076257,5.513333,5.253333
1.076659,5.546667,5.166667
1.077060,5.653333,5.306666
1.077461,5.573333,4.946666
1.077862,5.586667,5.346666
1.078264,5.640000,5.353333
1.078666,5.646667,5.340000
1.079067,5.680000,5.406666
1.079469,5.640000,5.426667
1.079870,5.733333,5.453333
1.080272,5.753333,5.473333
1.080674,5.726667,5.500000
1.081075,5.806666,5.520000
1.081477,5.800000,5.493333
1.081878,5.853333,5.560000
1.082279,5.886667,5.600000
1.082681,5.846666,5.586667
1.083083,5.873333,5.586667
1.083484,5.920000,5.653333
1.083885,5.940000,5.646667
1.084288,5.960000,5.746666
1.084689,5.980000,5.733333
1.085090,5.960000,5.733333
1.085491,5.980000,5.726667
1.085893,6.013333,5.813333
1.086294,6.053333,5.766666
1.086695,6.106667,5.800000
1.087097,6.113333,5.846666
1.087499,6.146667,5.853333
1.087902,6.180000,5.886667
1.088303,6.180000,5.886667
1.088704,6.206666,5.893333
1.089106,6.260000,5.940000
1.089507,6.280000,5.940000
1.089908,6.280000,5.660000
1.090309,6.326666,6.053333
1.090711,6.326666,6.006667
1.091113,6.293333,6.040000
1.091514,6.393333,6.060000
1.091915,6.373333,6.113333
1.092317,6.440000,6.140000
1.092719,6.440000,5.953333
1.093120,6.546667,6.173333
1.093521,6.473333,6.173333
1.093923,6.553333,6.213333
1.094324,6.533333,6.193333
1.094725,6.660000,6.246666
1.095128,6.613333,6.120000
1.095530,6.660000,6.286667
1.095932,6.373333,6.300000
1.096333,6.640000,6.313334
1.096734,6.720000,6.433333
1.097135,6.740000,6.380000
1.097537,6.773334,6.386667
1.097938,6.746666,6.446667
1.098340,6.806667,6.466667
1.098741,6.753333,6.466667
1.099142,6.846666,6.480000
1.099543,6.900000,6.533333
1.099946,6.913333,6.473333
1.100348,6.913333,6.546667
1.100749,6.920000,6.546667
1.101150,6.900000,6.500000
1.101552,6.926667,6.680000
1.101954,6.973333,7.193333
1.102356,7.026667,6.680000
1.102758,7.166667,6.473333
1.103159,7.093333,6.720000
1.103560,7.119999,6.786666
1.103961,7.140000,6.806667
1.104362,7.160000,6.840000
1.104763,7.180000,6.840000
1.105164,7.273333,6.866666
1.105566,7.246666,6.893333
1.105967,7.300000,6.906667
1.106368,7.340000,6.913333
1.106769,7.440000,6.906667
1.107170,7.306666,6.986666
1.107572,7.346666,7.000000
1.107973,7.453333,7.020000
1.108375,7.420000,7.020000
1.108776,7.446666,7.046667
1.109177,7.426666,7.166667
1.109580,7.493333,7.166667
1.109981,7.486667,7.113333
1.110382,7.573333,7.173333
1.110783,7.613333,7.193333
1.111184,7.559999,7.200000
1.111586,7.566667,7.226666
1.111987,7.613333,7.260000
1.112389,7.646666,7.273333
1.112790,7.679999,7.346666
1.113192,7.666667,7.320000
1.113593,7.700000,7.340000
1.113996,7.753333,7.353333
1.114397,7.760000,7.393333
1.114798,7.766666,7.413333
1.115200,7.800000,7.566667
1.115601,7.853333,7.426666
1.116002,7.826667,7.506667
1.116403,7.893333,7.500000
1.116804,7.873333,7.520000
1.117206,7.933333,7.540000
1.117607,7.960000,7.573333
1.118008,7.993333,7.566667
1.118409,8.046666,7.686666
1.118811,8.033334,7.613333
1.119212,8.040000,7.600000
1.119614,8.093333,7.720000
1.120015,8.113333,7.720000
1.120417,8.133333,7.740000
1.120819,8.173333,7.773333
1.121220,8.100000,7.813334
1.121621,8.200000,7.860000
1.122022,8.220000,7.840000
1.122424,8.246666,7.833333
1.122826,8.286667,7.866666
1.123227,8.333333,7.953333
1.123629,8.346666,8.073333
1.124031,8.346666,7.960000
1.124433,8.386666,7.966667
1.124834,8.440000,7.993333
1.125236,8.413333,8.033334
1.125638,8.460000,8.053332
1.126040,8.520000,8.046666
1.126442,8.520000,7.866666
1.126844,8.513332,8.133333
1.127245,8.466666,8.040000
1.127646,8.566667,8.220000
1.128047,8.593333,8.213333
1.128449,8.626667,8.179999
1.128850,8.653333,8.206666
1.129252,8.693334,8.246666
1.129653,8.706666,8.233334
1.130055,8.726666,8.306666
1.130457,8.753333,8.353333
1.130858,8.820000,8.393332
1.131260,8.813334,8.366667
1.131661,8.793333,8.393332
1.132063,8.860000,8.393332
1.132464,8.886666,8.426667
1.132865,8.933333,8.466666
1.133266,8.900000,8.526667
1.133667,8.986667,8.506666
1.134069,8.980000,8.546666
1.134471,9.000000,8.573333
1.134872,9.006666,8.566667
1.135273,9.066667,8.613334
1.135674,9.066667,8.633333
1.136075,9.080000,8.639999
1.136477,9.120000,8.639999
1.136878,9.173333,8.813334
1.137280,9.200000,8.726666
1.137681,9.200000,8.766666
1.138082,9.226666,8.766666
1.138484,9.280000,8.800000
1.138885,9.246666,8.766666
1.139286,9.340000,8.853333
1.139687,9.293333,8.880000
1.140088,9.340000,9.006666
1.140490,9.346666,8.886666
1.140892,9.326667,8.953334
1.141293,9.286667,8.966666
1.141695,9.480000,8.880000
1.142096,9.520000,9.020000
1.142499,9.566666,9.033333
1.142900,9.453333,9.086667
1.143301,9.573333,9.146667
1.143703,9.639999,9.120000
1.144104,9.746667,9.126666
1.144506,9.660000,9.200000
1.144907,9.700000,9.186666
1.145308,9.700000,9.193333
1.145710,9.726666,9.253333
1.146112,9.746667,9.266666
1.146513,9.759999,9.266666
1.146914,9.806666,9.460000
1.147315,9.853333,9.260000
1.147716,9.846666,9.493333
1.148117,9.886666,9.346666
1.148519,9.880000,9.346666
1.148920,9.913333,9.346666
1.149322,9.933333,9.499999
1.149723,9.959999,9.540000
1.150124,10.020000,9.566666
1.150526,10.059999,9.520000
1.150927,10.066667,9.313333
1.151328,10.099999,9.586666
1.151730,10.086666,9.633333
1.152131,9.993333,9.626666
1.152532,10.179999,9.673333
1.152933,10.173333,9.686666
1.153335,10.226666,9.726666
1.153736,10.233333,9.793333
1.154137,10.233333,9.766666
1.154539,10.293333,9.800000
1.154941,10.320000,9.800000
1.155342,10.340000,9.793333
1.155743,10.333333,9.880000
1.156145,10.360000,9.920000
1.156546,10.413333,9.926666
1.156948,10.446667,9.993333
1.157350,10.453333,9.973333
1.157751,10.493333,9.986667
1.158152,10.540000,10.093333
1.158553,10.593333,10.013333
1.158954,10.533334,9.980000
1.159356,10.580000,10.126667
1.159757,10.700000,10.113333
1.160158,10.653334,10.160000
1.160559,10.679999,10.133333
1.160961,10.673333,10.226666
1.161363,10.706666,10.200000
1.161764,10.740000,10.200000
1.162165,10.753333,10.260000
1.162566,10.786667,10.286666
1.162969,10.879999,10.320000
1.163370,10.773334,10.320000
1.163772,10.833333,10.326667
1.164173,10.860000,10.333333
1.164574,10.886666,10.386666
1.164975,10.933333,10.406667
1.165376,10.980000,10.320000
1.165777,10.980000,10.500000
1.166179,10.980000,10.493333
1.166580,11.066667,10.500000
1.166981,11.106667,10.506666
1.167383,11.066667,10.533334
1.167785,11.060000,10.553332
1.168186,11.133333,10.286666
1.168587,11.139999,10.653334
1.168989,11.226666,10.639999
1.169391,11.193334,10.593333
1.169792,11.213333,10.639999
1.170194,11.246667,10.720000
1.170595,11.273333,10.753333
1.170998,11.300000,10.746666
1.171399,11.326667,10.773334
1.171800,11.353333,10.806666
1.172201,11.400000,10.813333
1.172603,11.360000,10.840000
1.173004,11.440000,11.153333
1.173406,11.320000,10.906667
1.173807,11.506666,10.946666
1.174209,11.460000,10.946666
1.174611,11.533333,10.966666
1.175012,11.573333,11.020000
1.175413,11.553333,10.993334
1.175815,11.599999,11.026667
1.176216,11.566667,11.099999
1.176618,11.660000,11.093333
1.177020,11.566667,11.120000
1.177422,11.706667,11.020000
1.177824,11.733333,11.099999
1.178225,11.740000,11.193334
1.178628,11.773334,11.040000
1.179030,11.806666,11.219999
1.179431,11.806666,11.240000
1.179832,11.840000,11.266666
1.180233,11.946667,11.226666
1.180635,11.886666,11.360000
1.181037,11.960000,11.360000
1.181439,11.946667,11.386666
1.181840,11.873333,11.420000
1.182241,11.933332,11.393333
1.182643,12.020000,11.400000
1.183044,12.080000,11.526667
1.183445,12.059999,11.486667
1.183846,12.086666,11.513333
1.184247,12.166667,11.526667
1.184648,12.139999,11.573333
1.185050,12.300000,11.580000
1.185452,12.213333,11.513333
1.185853,12.226666,11.720000
1.186254,12.266666,11.640000
1.186656,12.306666,11.706667
1.187058,12.306666,11.713333
1.187459,12.333333,11.720000
1.187861,12.346666,11.726666
1.188262,12.386666,11.780000
1.188664,12.446667,11.799999
1.189065,12.406666,11.846666
1.189466,12.426666,11.846666
1.189867,12.486667,11.873333
1.190268,12.373333,11.906667
1.190669,12.473333,11.906667
1.191070,12.559999,11.906667
1.191471,12.580000,12.020000
1.191873,12.613333,11.999999
1.192274,12.620000,11.973333
1.192675,12.666666,12.033333
1.193076,12.679999,12.013333
1.193478,12.700000,12.213333
1.193879,12.799999,11.720000
1.194281,12.713333,12.100000
1.194683,12.773334,12.126666
1.195084,12.873333,12.139999
1.195485,12.840000,12.226666
1.195887,12.846666,12.246667
1.196288,12.860000,12.246667
1.196690,12.780000,12.266666
1.197093,12.913333,12.293333
1.197499,12.940000,12.306666
1.197900,12.953333,12.259999
1.198301,12.973333,12.393332
1.198702,13.033334,12.453333
1.199103,13.013333,12.426666
1.199505,13.059999,12.433333
1.199906,13.080000,12.426666
1.200307,13.126666,12.473333
1.200708,13.146667,12.493333
1.201109,13.259999,12.533333
1.201511,13.073333,12.533333
1.201912,13.193333,12.493333
1.202314,13.226666,12.566667
1.202715,13.233334,12.580000
1.203116,13.246666,12.626667
1.203518,13.393333,12.633333
1.203919,13.413334,12.679999
1.204320,13.333333,12.706667
1.204721,13.373333,12.713333
1.205122,13.379999,12.760000
1.205524,13.406666,12.753333
1.205925,13.379999,12.766666
1.206326,13.466666,12.826667
1.206727,13.466666,12.826667
1.207128,13.433333,12.946667
1.207531,13.553333,12.873333
1.207934,13.553333,12.913333
1.208335,13.566667,12.926666
1.208736,13.606666,12.946667
1.209137,13.646666,12.960000
1.209539,13.586667,12.960000
1.209940,13.686666,13.040000
1.210341,13.700000,13.040000
1.210742,13.700000,13.059999
1.211143,13.746667,13.113333
1.211546,13.686666,13.113333
1.211947,13.779999,13.120000
1.212348,13.813334,13.133333
1.212749,13.833333,13.200000
1.213152,13.826666,13.179999
1.213554,13.866666,13.200000
1.213955,13.893333,13.293333
1.214357,14.059999,13.280000
1.214758,13.853333,13.286667
1.215159,13.933332,13.286667
1.215561,13.986667,13.306666
1.215962,13.999999,13.313333
1.216363,14.059999,13.360000
1.216765,14.046667,13.386665
1.217166,14.020000,13.420000
1.217567,14.113334,13.440000
1.217968,14.213333,13.466666
1.218369,14.126666,13.466666
1.218770,14.166666,13.500000
1.219173,14.180000,13.513332
1.219575,14.200001,13.526667
1.219977,14.259999,13.593333
1.220378,14.239999,13.606666
1.220779,14.266667,13.613334
1.221180,14.280000,13.593333
1.221581,14.346666,13.646666
1.221984,14.346666,13.733333
1.222385,14.353333,13.653334
1.222786,14.353333,13.686666
1.223187,14.393332,13.639999
1.223588,14.446667,13.773333
1.223989,14.439999,13.786667
1.224390,14.480000,13.700000
1.224792,14.540000,13.820000
1.225195,14.593332,13.779999
1.225596,14.546666,13.893333
1.225998,14.540000,13.986667
1.226399,14.593332,14.133332
1.226801,14.566666,13.926666
1.227202,14.673333,13.946667
1.227603,14.659999,13.833333
1.228004,14.693333,13.993333
1.228405,14.706667,14.013333
1.228806,14.726667,13.993333
1.229207,14.706667,14.020000
1.229608,14.806666,14.066666
1.230011,14.800000,14.086666
1.230412,14.800000,14.113334
1.230814,14.813333,14.173332
1.231215,14.860001,14.173332
1.231616,14.886666,14.173332
1.232019,15.000000,14.200001
1.232420,14.919999,14.206667
1.232821,14.926667,14.233333
1.233222,14.940000,14.286666
1.233623,14.953333,14.233333
1.234024,15.020000,14.293333
1.234425,14.993334,14.253333
1.234827,15.006666,14.520000
1.235228,15.093332,14.386666
1.235630,15.153333,14.380000
1.236031,15.133333,14.433332
1.236433,15.153333,14.413333
1.236834,15.026666,14.466667
1.237236,15.213333,14.439999
1.237637,15.233334,14.473333
1.238039,15.306666,14.520000
1.238441,15.313333,14.520000
1.238842,15.266666,14.533334
1.239243,15.333333,14.513333
1.239645,15.333333,14.573334
1.240046,15.460000,14.566666
1.240448,15.406667,14.793334
1.240850,15.446666,14.613333
1.241251,15.413333,14.626666
1.241652,15.446666,14.686666
1.242053,15.500000,14.693333
1.242454,15.533333,14.726667
1.242856,15.540000,14.746666
1.243257,15.553332,14.766665
1.243659,15.586667,14.746666
1.244060,15.593333,14.800000
1.244461,15.573333,14.853333
1.244863,15.639999,14.873333
1.245264,15.653334,14.873333
1.245665,15.660000,14.899999
1.246066,15.700000,14.940000
1.246467,15.746666,14.906667
1.246868,15.726666,14.933333
1.247270,15.740000,14.953333
1.247672,15.773333,14.953333
1.248073,15.793333,14.953333
1.248474,15.813333,14.953333
1.248875,15.786667,14.953333
1.249276,15.846667,14.953333
1.249678,15.906666,15.086666
1.250079,15.893333,14.926667
1.250480,15.920000,15.139999
1.250881,15.926666,15.166667
1.251283,15.846667,15.179999
1.251684,15.986667,15.213333
1.252086,16.000000,15.219999
1.252488,16.013332,15.246666
1.252890,16.053333,15.260000
1.253293,16.066668,15.300000
1.253694,16.073334,15.300000
1.254095,16.186666,15.333333
1.254499,16.119999,15.346666
1.254900,16.126665,15.366667
1.255302,16.180000,15.393333
1.255703,16.186666,15.426665
1.256106,16.200001,15.406667
1.256507,16.219999,15.426665
1.256908,16.259998,15.466666
1.257309,16.273333,15.480000
1.257710,16.286667,15.486666
1.258112,16.299999,15.520000
1.258514,16.346666,15.486666
1.258916,16.353333,15.540000
1.259317,16.400000,15.599999
1.259719,16.386665,15.826667
1.260121,16.440001,15.573333
1.260524,16.499998,15.619999
1.260926,16.440001,15.660000
1.261327,16.460001,15.673333
1.261729,16.473333,15.599999
1.262130,16.519999,15.686666
1.262532,16.526667,15.733333
1.262933,16.539999,15.733333
1.263335,16.433332,15.740000
1.263737,16.593334,15.799999
1.264138,16.619999,15.760000
1.264539,16.619999,15.786667
1.264940,16.626665,15.799999
1.265341,16.680000,15.786667
1.265742,16.686666,15.853333
1.266144,16.719999,15.886665
1.266546,16.753332,15.906666
1.266947,16.806665,15.860000
1.267348,16.753332,15.940000
1.267749,16.786665,15.940000
1.268151,16.786665,16.219999
1.268552,16.833334,16.093332
1.268953,16.833334,16.160000
1.269354,16.840000,16.039999
1.269755,16.846666,16.039999
1.270156,16.873333,16.080000
1.270558,16.879999,16.113333
1.270959,16.993334,16.099998
1.271360,16.886665,16.126665
1.271766,16.920000,16.126665
1.272167,16.906666,16.173334
1.272570,16.920000,16.180000
1.272971,16.920000,16.166666
1.273372,16.986668,16.166666
1.273773,17.006666,16.213333
1.274174,17.000000,16.333334
1.274575,17.019999,16.273333
1.274976,17.046665,16.353333
1.275377,17.080000,16.273333
1.275779,17.066666,16.346666
1.276180,17.006666,16.333334
1.276581,17.153332,16.366665
1.276982,17.059999,16.413332
1.277383,17.080000,16.366665
1.277784,17.166666,16.433332
1.278186,17.159998,16.393333
1.278587,17.186666,16.420000
1.278988,17.193333,16.466667
1.279389,17.213333,16.460001
1.279790,17.206667,16.499998
1.280192,17.246666,16.499998
1.280593,17.266666,16.473333
1.280994,17.299999,16.519999
1.281396,17.286665,16.740000
1.281798,17.299999,16.546667
1.282199,17.340000,16.613333
1.282600,17.260000,16.680000
1.283002,17.366667,16.613333
1.283403,17.353333,16.519999
1.283804,17.386667,16.626665
1.284205,17.413332,16.639999
1.284606,17.400000,16.840000
1.285008,17.413332,16.693333
1.285409,17.426666,16.406666
1.285810,17.553331,16.733334
1.286212,17.433332,16.733334
1.286614,17.480000,16.786665
1.287017,17.600000,16.779999
1.287419,17.506666,16.786665
1.287821,17.506666,16.799999
1.288222,17.539999,16.826666
1.288624,17.593332,16.853334
1.289027,17.580000,16.806665
1.289429,17.619999,16.900000
1.289830,17.626667,16.853334
1.290231,17.646667,16.906666
1.290633,17.733334,16.900000
1.291035,17.639999,16.900000
1.291437,17.679998,16.920000
1.291838,17.699999,16.953333
1.292239,17.740000,16.926666
1.292640,17.760000,16.939999
1.293042,17.760000,16.906666
1.293443,17.686666,16.966667
1.293845,17.786667,16.959999
1.294246,18.006666,17.013332
1.294648,17.793333,16.993334
1.295049,17.799999,17.013332
1.295451,17.813332,17.013332
1.295852,17.826666,17.039999
1.296253,17.833332,17.066666
1.296655,17.873333,16.993334
1.297057,17.859999,17.100000
1.297458,17.886667,17.106667
1.297860,17.939999,17.120001
1.298261,17.906668,17.113333
1.298662,17.926666,17.186666
1.299063,17.946665,17.166666
1.299464,17.946665,17.146666
1.299865,17.946665,17.193333
1.300266,17.986666,17.173332
1.300668,18.000000,17.186666
1.301069,17.993332,17.193333
1.301471,18.033333,16.799999
1.301872,18.020000,17.213333
1.302274,18.033333,17.306665
1.302675,18.053333,17.286665
1.303077,18.066666,17.266666
1.303478,18.079998,17.333332
1.303880,18.106667,17.253334
1.304281,18.099998,17.313332
1.304682,18.093332,17.333332
1.305083,18.133333,17.340000
1.305485,18.160000,17.346666
1.305887,18.146666,17.366667
1.306289,18.166666,17.393333
1.306691,18.193333,17.400000
1.307093,18.199999,17.406666
1.307499,18.213333,17.446667
1.307900,18.219999,17.419998
1.308301,18.240000,17.419998
1.308702,18.240000,17.353333
1.309103,18.246666,17.453333
1.309505,18.286667,17.313332
1.309907,18.326666,17.433332
1.310309,18.280001,17.820000
1.310711,18.306667,17.506666
1.311112,18.333332,17.639999
1.311514,18.320000,17.500000
1.311915,18.333332,17.539999
1.312316,18.373333,17.539999
1.312718,18.359999,17.606667
1.313119,18.406666,17.613333
1.313520,18.493332,17.613333
1.313921,18.386665,17.613333
1.314323,18.400000,17.619999
1.314724,18.446667,17.613333
1.315125,18.446667,17.666666
1.315526,18.453333,17.653334
1.315928,18.473331,17.673332
1.316329,18.513332,17.686666
1.316730,18.480000,17.626667
1.317131,18.493332,17.699999
1.317532,18.513332,17.686666
1.317933,18.459999,17.653334
1.318334,18.533333,17.719999
1.318735,18.553333,17.726665
1.319136,18.559999,17.780001
1.319537,18.573334,17.746666
1.319938,18.580000,17.786667
1.320339,18.586666,17.766666
1.320741,18.593332,17.813332
1.321143,18.660000,17.799999
1.321545,18.653334,17.826666
1.321946,18.619999,17.886667
1.322347,18.633333,17.813332
1.322749,18.653334,17.859999
1.323151,18.673334,17.813332
1.323553,18.633333,17.913334
1.323955,18.753332,17.886667
1.324356,18.719999,17.886667
1.324757,18.713333,17.893333
1.325159,18.793333,17.906668
1.325560,18.746666,17.966665
1.325961,18.746666,17.886667
1.326362,18.753332,17.939999
1.326763,18.879999,17.953333
1.327165,18.853333,17.953333
1.327566,18.786667,17.973333
1.327968,18.793333,18.006666
1.328369,18.799999,17.973333
1.328771,18.826666,18.006666
1.329172,18.820000,18.020000
1.329573,18.826666,18.013332
1.329974,18.866665,18.020000
1.330375,18.859999,18.006666
1.330777,18.879999,18.059999
1.331178,18.900000,18.073332
1.331580,18.879999,18.066666
1.331981,18.886665,18.046667
1.332383,18.926666,18.093332
1.332784,18.933332,18.106667
1.333186,18.953333,18.113333
1.333587,18.920000,18.126667
1.333989,18.946667,17.953333
1.334390,18.980000,18.166666
1.334791,19.013332,18.113333
1.335192,18.999998,18.160000
1.335593,18.986666,18.106667
1.335995,18.999998,18.020000
1.336396,18.999998,18.146666
1.336797,19.039999,18.160000
1.337198,18.999998,18.226665
1.337600,19.033333,18.206665
1.338001,18.999998,18.186666
1.338403,19.053333,18.366667
1.338804,19.046667,18.119999
1.339205,19.066666,18.253332
1.339606,19.059999,18.240000
1.340007,19.059999,18.233332
1.340408,19.093334,18.253332
1.340809,19.059999,18.026667
1.341210,19.093334,18.233332
1.341612,19.133331,18.273333
1.342013,19.113333,18.306667
1.342414,19.133331,18.306667
1.342815,19.119999,18.333332
1.343217,19.093334,18.320000
1.343619,19.180000,18.313334
1.344021,19.200001,18.313334
1.344422,19.166666,18.313334
1.344823,19.193333,18.313334
1.345225,19.206667,18.333332
1.345627,19.200001,18.333332
1.346028,19.200001,18.273333
1.346429,19.193333,18.459999
1.346830,19.226667,18.400000
1.347232,19.186666,18.379999
1.347634,19.320000,18.366667
1.348035,19.240000,18.400000
1.348436,19.206667,18.406666
1.348837,19.253332,18.400000
1.349239,19.253332,18.413334
1.349640,19.299999,18.400000
1.350041,19.273333,18.413334
1.350443,19.293333,18.406666
1.350844,19.293333,18.453333
1.351246,19.253332,18.440001
1.351647,19.326666,18.473331
1.352048,19.306665,18.459999
1.352450,19.333334,18.346666
1.352852,19.279999,18.533333
1.353254,19.340000,18.586666
1.353656,19.366667,18.500000
1.354058,19.333334,18.539999
1.354459,19.366667,18.520000
1.354860,19.360001,18.506666
1.355261,19.346666,18.513332
1.355663,19.386665,18.526667
1.356064,19.413332,18.526667
1.356465,19.393332,18.546667
1.356866,19.393332,18.580000
1.357267,19.400000,18.539999
1.357668,19.426666,18.493332
1.358069,19.426666,18.566668
1.358470,19.366667,18.553333
1.358871,19.433332,18.566668
1.359273,19.426666,18.586666
1.359674,19.426666,18.580000
1.360075,19.500000,18.486666
1.360476,19.433332,18.613333
1.360877,19.453333,18.580000
1.361279,19.459999,18.646666
1.361680,19.500000,18.606665
1.362081,19.480000,18.626665
1.362484,19.466667,18.646666
1.362886,19.480000,18.613333
1.363287,19.480000,18.646666
1.363688,19.453333,18.660000
1.364090,19.493334,18.646666
1.364491,19.533333,18.639999
1.364892,19.506666,18.646666
1.365294,19.533333,18.686666
1.365695,19.626667,18.639999
1.366097,19.500000,18.653334
1.366499,19.539999,18.606665
1.366900,19.553333,18.606665
1.367302,19.559999,18.673334
1.367703,19.580000,18.646666
1.368105,19.573334,18.666666
1.368506,19.486668,18.559999
1.368908,19.559999,18.853333
1.369309,19.620001,18.606665
1.369710,19.606667,18.719999
1.370111,19.593332,18.719999
1.370512,19.613333,18.713333
1.370913,19.613333,18.733332
1.371314,19.626667,18.726665
1.371715,19.633333,18.706667
1.372116,19.673332,18.753332
1.372518,19.633333,18.740000
1.372920,19.586666,18.660000
1.373321,19.620001,18.733332
1.373722,19.639999,18.693333
1.374123,19.639999,18.753332
1.374524,19.653332,18.746666
1.374926,19.639999,18.759998
1.375328,19.646666,18.766666
1.375729,19.666666,18.820000
1.376131,19.666666,18.779999
1.376532,19.646666,18.753332
1.376933,19.679998,18.753332
1.377334,19.686666,18.766666
1.377735,19.679998,18.786667
1.378137,19.679998,18.779999
1.378539,19.679998,18.793333
1.378940,19.686666,18.793333
1.379341,19.686666,18.793333
1.379742,19.719999,18.786667
1.380144,19.693333,18.799999
1.380545,19.699999,18.793333
1.380946,19.706667,18.813334
1.381348,19.726667,18.786667
1.381749,19.733334,18.820000
1.382150,19.766666,18.846666
1.382552,19.679998,18.999998
1.382953,19.713333,18.840000
1.383354,19.719999,18.986666
1.383756,19.713333,18.826666
1.384157,19.706667,18.846666
1.384559,19.760000,18.533333
1.384960,19.726667,18.826666
1.385361,19.733334,18.833334
1.385763,19.733334,18.886665
1.386164,19.740000,18.820000
1.386565,19.733334,18.840000
1.386966,19.746666,18.879999
1.387367,19.786665,18.846666
1.387768,19.753334,18.866665
1.388169,19.779999,18.833334
1.388570,19.719999,18.879999
1.388972,19.719999,18.840000
1.389373,19.746666,18.853333
1.389774,19.746666,18.833334
1.390175,19.753334,18.853333
1.390577,19.746666,18.859999
1.390979,19.766666,19.006666
1.391380,19.813332,18.886665
1.391781,19.779999,18.859999
1.392182,19.733334,18.873333
1.392583,19.773333,18.879999
1.392984,19.753334,18.820000
1.393385,19.773333,18.960001
1.393786,19.746666,18.779999
1.394187,19.773333,18.873333
1.394588,19.793333,18.879999
1.394989,19.766666,18.879999
1.395390,19.779999,18.879999
1.395792,19.779999,18.879999
1.396193,19.779999,18.886665
1.396594,19.779999,18.879999
1.396995,19.799999,18.906666
1.397397,19.760000,18.879999
1.397799,19.793333,18.893333
1.398200,19.766666,18.920000
1.398602,19.786665,18.879999
1.399003,19.740000,18.840000
1.399404,19.726667,18.920000
1.399806,19.799999,18.826666
1.400208,19.799999,18.833334
1.400610,19.900000,18.820000
1.401011,19.699999,18.893333
1.401413,19.779999,18.859999
1.401814,19.779999,18.900000
1.402215,19.786665,18.893333
1.402616,19.786665,18.886665
1.403017,19.779999,18.893333
1.403419,19.806665,18.879999
1.403820,19.773333,18.906666
1.404222,19.799999,18.799999
1.404623,19.786665,18.879999
1.405024,19.793333,18.873333
1.405426,19.806665,18.873333
1.405827,19.806665,18.879999
1.406229,19.793333,18.940001
1.406631,19.760000,18.900000
1.407032,19.773333,18.986666
1.407433,19.813332,18.879999
1.407834,19.760000,18.900000
1.408235,19.799999,18.893333
1.408637,19.813332,18.893333
1.409038,19.799999,18.906666
1.409439,19.779999,18.960001
1.409840,19.773333,18.833334
1.410242,19.806665,18.873333
1.410643,19.746666,19.106667
1.411044,19.760000,18.853333
1.411445,19.766666,18.893333
1.411846,19.786665,18.820000
1.412247,19.773333,18.879999
1.412648,19.779999,18.886665
1.413050,19.760000,18.879999
1.413452,19.786665,18.859999
1.413854,19.779999,18.886665
1.414255,19.753334,18.859999
1.414656,19.753334,18.866665
1.415057,19.740000,18.879999
1.415458,19.726667,18.853333
1.415860,19.760000,18.866665
1.416261,19.746666,18.846666
1.416662,19.740000,18.826666
1.417064,19.753334,18.859999
1.417465,19.793333,18.853333
1.417867,19.693333,18.846666
1.418268,19.766666,19.180000
1.418669,19.699999,18.933332
1.419070,19.713333,18.799999
1.419471,19.746666,18.833334
1.419872,19.733334,18.846666
1.420274,19.753334,18.820000
1.420675,19.726667,18.846666
1.421076,19.733334,18.833334
1.421477,19.713333,18.826666
1.421879,19.726667,18.799999
1.422280,19.706667,18.826666
1.422682,19.706667,18.859999
1.423083,19.706667,18.826666
1.423484,19.673332,18.820000
1.423885,19.673332,18.786667
1.424287,19.699999,18.806667
1.424689,19.686666,18.799999
1.425090,19.699999,18.786667
1.425491,19.693333,18.799999
1.425892,19.706667,18.886665
1.426293,19.706667,18.779999
1.426694,19.693333,19.113333
1.427095,19.699999,18.766666
1.427499,19.699999,18.786667
1.427900,19.679998,18.793333
1.428302,19.659998,18.920000
1.428703,19.673332,18.766666
1.429105,19.653332,18.766666
1.429506,19.673332,18.766666
1.429907,19.673332,18.833334
1.430308,19.653332,18.766666
1.430709,19.646666,18.766666
1.431111,19.646666,18.746666
1.431513,19.639999,18.766666
1.431914,19.626667,18.746666
1.432315,19.626667,18.673334
1.432716,19.586666,18.826666
1.433118,19.626667,18.820000
1.433519,19.600000,18.713333
1.433920,19.613333,18.759998
1.434321,19.639999,18.746666
1.434722,19.593332,18.379999
1.435123,19.606667,18.753332
1.435525,19.626667,18.666666
1.435926,19.593332,18.706667
1.436327,19.600000,18.693333
1.436728,19.566666,18.660000
1.437130,19.559999,18.606665
1.437532,19.553333,18.706667
1.437933,19.506666,18.673334
1.438335,19.593332,18.653334
1.438736,19.559999,18.646666
1.439137,19.566666,18.673334
1.439539,19.506666,18.653334
1.439941,19.539999,18.646666
1.440342,19.386665,18.713333
1.440744,19.559999,18.613333
1.441145,19.779999,18.646666
1.441546,19.533333,18.626665
1.441947,19.546665,18.673334
1.442349,19.506666,18.553333
1.442751,19.459999,18.639999
1.443153,19.539999,18.606665
1.443554,19.453333,18.573334
1.443956,19.506666,18.619999
1.444358,19.439999,18.653334
1.444760,19.466667,18.586666
1.445161,19.453333,18.586666
1.445562,19.453333,18.606665
1.445963,19.433332,18.580000
1.446365,19.459999,18.573334
1.446766,19.426666,18.553333
1.447167,19.426666,18.559999
1.447568,19.446667,18.559999
1.447970,19.400000,18.526667
1.448371,19.393332,18.526667
1.448773,19.360001,18.553333
1.449174,19.386665,18.520000
1.449575,19.386665,18.526667
1.449976,19.379999,18.526667
1.450378,19.386665,18.526667
1.450779,19.313334,18.379999
1.451181,19.333334,18.520000
1.451582,19.333334,18.126667
1.451984,19.393332,18.473331
1.452386,19.340000,18.426666
1.452788,19.333334,18.433334
1.453189,19.333334,18.466665
1.453591,19.306665,18.426666
1.453992,19.313334,18.486666
1.454394,19.306665,18.426666
1.454796,19.299999,18.426666
1.455198,19.306665,18.466665
1.455600,19.279999,18.400000
1.456001,19.273333,18.420000
1.456403,19.213333,18.393333
1.456804,19.313334,18.406666
1.457206,19.240000,18.400000
1.457607,19.219999,18.379999
1.458008,19.286665,18.379999
1.458410,19.226667,18.333332
1.458811,19.226667,18.379999
1.459212,19.093334,18.299999
1.459613,19.206667,18.346666
1.460014,19.153332,18.413334
1.460416,19.193333,18.339998
1.460817,19.193333,18.366667
1.461218,19.180000,18.320000
1.461620,19.173332,18.313334
1.462021,19.186666,18.359999
1.462423,19.200001,18.273333
1.462824,19.126665,18.306667
1.463225,19.066666,18.226665
1.463627,19.126665,18.273333
1.464028,19.086666,18.199999
1.464430,19.106667,18.186666
1.464831,19.100000,18.180000
1.465232,19.073334,18.240000
1.465633,19.106667,18.186666
1.466034,19.039999,18.219999
1.466436,19.059999,18.253332
1.466838,19.039999,18.213333
1.467240,19.100000,18.139999
1.467641,19.086666,18.206665
1.468042,18.999998,18.139999
1.468443,18.993332,18.186666
1.468844,19.006666,18.346666
1.469246,19.006666,18.180000
1.469647,18.999998,18.166666
1.470049,18.986666,18.146666
1.470451,18.966667,18.073332
1.470852,18.953333,18.099998
1.471253,18.940001,18.093332
1.471654,18.940001,18.139999
1.472056,18.920000,17.873333
1.472457,18.920000,18.086666
1.472859,18.913332,18.086666
1.473260,18.886665,18.033333
1.473661,18.980000,18.059999
1.474062,18.873333,18.053333
1.474464,18.866665,18.073332
1.474865,18.873333,18.026667
1.475267,18.866665,18.046667
1.475668,18.826666,18.020000
1.476069,18.826666,17.693333
1.476471,18.826666,17.973333
1.476872,18.840000,17.793333
1.477273,18.820000,17.953333
1.477674,18.786667,17.959999
1.478075,18.786667,17.966665
1.478477,18.759998,17.480000
1.478879,18.773333,17.939999
1.479280,18.753332,17.980000
1.479681,18.746666,17.886667
1.480082,18.719999,17.906668
1.480485,18.719999,17.966665
1.480887,18.700001,17.906668
1.481288,18.700001,17.893333
1.481689,18.666666,17.886667
1.482090,18.619999,17.859999
1.482491,18.633333,17.686666
1.482893,18.639999,17.826666
1.483295,18.646666,17.833332
1.483697,18.613333,17.813332
1.484098,18.626665,17.813332
1.484500,18.593332,17.766666
1.484901,18.586666,17.753334
1.485302,18.520000,17.780001
1.485703,18.526667,17.799999
1.486104,18.580000,17.766666
1.486505,18.566668,17.746666
1.486907,18.559999,17.746666
1.487309,18.646666,17.693333
1.487710,18.513332,17.713333
1.488111,18.526667,17.699999
1.488513,18.500000,17.713333
1.488915,18.493332,17.699999
1.489316,18.473331,17.660000
1.489717,18.453333,17.639999
1.490118,18.440001,17.639999
1.490520,18.379999,17.626667
1.490923,18.446667,17.639999
1.491324,18.400000,17.593332
1.491726,18.400000,17.593332
1.492127,18.400000,17.539999
1.492528,18.426666,17.613333
1.492930,18.346666,17.626667
1.493331,18.366667,17.539999
1.493733,18.333332,17.446667
1.494134,18.306667,17.513334
1.494537,18.313334,17.486666
1.494938,18.306667,17.533333
1.495339,18.286667,17.480000
1.495741,18.286667,17.473333
1.496142,18.260000,17.433332
1.496543,18.299999,17.586666
1.496944,18.240000,17.466665
1.497346,18.299999,17.419998
1.497748,18.173334,17.526667
1.498149,18.180000,17.400000
1.498551,18.206665,17.346666
1.498952,18.166666,17.380001
1.499353,18.186666,17.380001
1.499755,18.180000,17.473333
1.500156,18.133333,17.340000
1.500558,18.133333,17.366667
1.500959,18.146666,17.219999
1.501360,18.066666,17.326666
1.501765,18.059999,17.266666
1.502167,18.153334,17.260000
1.502569,18.046667,17.273333
1.502970,18.040001,17.253334
1.503372,18.040001,17.253334
1.503774,18.020000,17.206667
1.504176,18.026667,17.219999
1.504578,17.973333,17.193333
1.504979,17.973333,17.199999
1.505380,17.959999,17.173332
1.505782,17.953333,17.139999
1.506183,17.946665,17.153332
1.506585,17.900000,17.159998
1.506987,17.913334,17.173332
1.507389,17.886667,17.106667
1.507790,17.966665,17.100000
1.508192,17.853333,17.126667
1.508593,17.866667,17.059999
1.508994,17.866667,17.033333
1.509396,17.853333,17.039999
1.509797,17.859999,17.086666
1.510198,17.806665,17.013332
1.510600,17.866667,16.959999
1.511002,17.833332,17.013332
1.511404,17.766666,17.026665
1.511805,17.746666,17.233334
1.512206,17.740000,16.966667
1.512607,17.746666,16.913332
1.513008,17.653334,16.953333
1.513409,17.726665,16.953333
1.513811,17.639999,16.913332
1.514212,17.686666,16.900000
1.514613,17.653334,16.806665
1.515014,17.626667,16.886665
1.515417,17.626667,16.833334
1.515819,17.619999,16.860001
1.516220,17.619999,16.846666
1.516621,17.593332,16.826666
1.517022,17.533333,16.826666
1.517423,17.500000,16.799999
1.517824,17.533333,16.786665
1.518225,17.500000,16.806665
1.518627,17.446667,16.759998
1.519028,17.473333,16.746666
1.519429,17.459999,16.786665
1.519830,17.459999,16.733334
1.520232,17.426666,16.713333
1.520633,17.419998,16.686666
1.521034,17.393333,16.680000
1.521436,17.386667,16.639999
1.521837,17.353333,16.626665
1.522238,17.340000,16.619999
1.522639,17.333332,16.613333
1.523040,17.346666,16.566666
1.523441,17.293333,16.619999
1.523843,17.279999,16.586666
1.524245,17.293333,16.546667
1.524647,17.226667,16.526667
1.525048,17.293333,16.513332
1.525449,17.219999,16.453333
1.525850,17.166666,16.473333
1.526251,17.213333,16.400000
1.526653,17.213333,16.453333
1.527054,17.166666,16.433332
1.527455,17.246666,16.406666
1.527857,17.126667,16.373333
1.528259,17.120001,16.433332
1.528661,17.073334,16.366665
1.529062,17.080000,16.306667
1.529463,17.046665,16.313334
1.529864,17.046665,16.279999
1.530265,17.013332,16.286667
1.530667,17.026665,16.326666
1.531068,17.046665,16.219999
1.531469,16.993334,16.200001
1.531870,16.980000,16.233332
1.532271,16.933332,16.206667
1.532673,16.793333,16.193333
1.533075,16.946667,16.233332
1.533476,16.933332,16.133333
1.533877,16.900000,16.099998
1.534279,16.879999,16.099998
1.534680,16.886665,15.893333
1.535081,16.866667,16.073334
1.535483,16.860001,16.046667
1.535885,16.840000,16.006666
1.536286,16.833334,15.986667
1.536687,16.786665,16.006666
1.537088,16.786665,15.960000
1.537490,16.786665,15.960000
1.537891,16.740000,15.940000
1.538293,16.759998,15.920000
1.538694,16.759998,15.746666
1.539096,16.713333,15.893333
1.539499,16.759998,15.860000
1.539900,16.700001,15.866667
1.540303,16.639999,16.006666
1.540704,16.619999,15.826667
1.541106,16.619999,15.760000
1.541507,16.573334,15.746666
1.541908,16.346666,15.760000
1.542310,16.586666,15.746666
1.542712,16.486666,15.660000
1.543113,16.533333,15.606667
1.543514,16.506666,15.793333
1.543917,16.486666,15.606667
1.544318,16.426666,15.646666
1.544721,16.433332,15.626667
1.545122,16.433332,15.606667
1.545524,16.406666,15.579999
1.545925,16.326666,15.573333
1.546326,16.346666,15.546666
1.546728,16.346666,15.486666
1.547129,16.293333,15.533333
1.547531,16.293333,15.513332
1.547932,16.279999,15.473333
1.548333,16.253332,15.480000
1.548734,16.286667,15.300000
1.549137,16.200001,15.406667
1.549539,16.180000,15.373333
1.549940,16.166666,15.379999
1.550341,16.086666,15.373333
1.550742,16.126665,15.313333
1.551143,16.213333,15.366667
1.551545,16.080000,15.366667
1.551946,16.086666,15.386667
1.552348,16.000000,15.486666
1.552749,16.026667,15.273333
1.553150,16.000000,15.233334
1.553552,15.993333,15.219999
1.553953,16.020000,15.179999
1.554355,15.953332,15.113333
1.554756,15.920000,15.126667
1.555157,15.920000,15.133333
1.555559,15.866667,15.106667
1.555961,15.879999,15.100000
1.556362,15.846667,14.953333
1.556763,15.799999,15.080000
1.557164,15.799999,14.953333
1.557566,15.793333,14.953333
1.557967,15.753332,14.953333
1.558368,15.700000,14.846666
1.558770,15.706666,14.906667
1.559171,15.693334,14.886666
1.559573,15.693334,14.880000
1.559974,15.793333,14.873333
1.560376,15.639999,14.820000
1.560777,15.593333,14.813333
1.561178,15.546666,14.820000
1.561580,15.560000,14.786666
1.561981,15.533333,14.753333
1.562382,15.506666,14.753333
1.562784,15.473333,14.719999
1.563186,15.573333,14.600000
1.563587,15.466666,14.659999
1.563988,15.419999,14.666667
1.564390,15.419999,14.600000
1.564792,15.379999,14.626666
1.565193,15.386667,14.600000
1.565594,15.340000,14.493333
1.565995,15.313333,14.559999
1.566397,15.226665,14.520000
1.566799,15.300000,14.526666
1.567200,15.260000,14.386666
1.567601,15.206666,14.466667
1.568003,15.233334,14.473333
1.568405,15.139999,14.313334
1.568806,15.186667,14.266667
1.569209,15.153333,14.380000
1.569611,15.179999,14.346666
1.570012,15.119999,14.346666
1.570413,15.113333,14.373332
1.570815,14.953333,14.333334
1.571216,15.026666,14.326666
1.571618,14.953333,14.259999
1.572020,14.933333,14.259999
1.572421,14.913333,14.233333
1.572822,14.906667,14.200001
1.573225,14.913333,14.259999
1.573626,14.906667,14.186666
1.574027,14.880000,14.153333
1.574428,14.853333,14.140000
1.574829,14.833332,14.013333
1.575230,14.833332,14.120000
1.575632,14.746666,14.259999
1.576033,14.840000,14.086666
1.576435,14.713333,14.013333
1.576836,14.713333,14.420000
1.577237,14.693333,13.966666
1.577639,14.686666,13.986667
1.578042,14.646667,13.960000
1.578443,14.586666,13.913332
1.578844,14.600000,13.880000
1.579245,14.573334,13.900000
1.579647,14.553333,13.853333
1.580048,14.533334,13.826666
1.580449,14.506667,13.820000
1.580851,14.520000,13.793333
1.581252,14.473333,13.813334
1.581654,14.439999,13.746667
1.582056,14.426666,13.806667
1.582457,14.393332,13.706666
1.582859,14.360000,13.700000
1.583260,14.366666,13.660000
1.583661,14.306665,13.646666
1.584062,14.333334,13.646666
1.584464,14.246667,13.579999
1.584865,14.266667,13.566667
1.585267,14.239999,13.806667
1.585668,14.126666,13.553333
1.586069,14.200001,13.526667
1.586471,14.173332,13.453332
1.586872,14.173332,13.466666
1.587275,14.126666,13.440000
1.587676,14.099999,13.440000
1.588077,14.080000,13.353333
1.588479,14.053333,13.400000
1.588880,14.013333,13.120000
1.589281,14.020000,13.306666
1.589682,13.993333,13.306666
1.590085,13.973332,13.313333
1.590486,13.900000,13.286667
1.590887,13.940001,13.253333
1.591288,13.913332,13.220000
1.591690,13.906666,13.213333
1.592091,13.839999,13.213333
1.592492,13.820000,13.120000
1.592893,13.826666,13.166667
1.593295,13.813334,13.120000
1.593696,13.793333,13.193333
1.594097,13.793333,13.146667
1.594499,13.700000,13.073333
1.594900,13.720000,13.100000
1.595302,13.660000,13.013333
1.595704,13.639999,13.000000
1.596106,13.599999,12.993333
1.596507,13.639999,12.953333
1.596909,13.573333,12.946667
1.597311,13.533333,12.940000
1.597712,13.599999,12.866666
1.598113,13.573333,12.873333
1.598514,13.446666,12.866666
1.598915,13.453332,12.799999
1.599316,13.446666,12.766666
1.599717,13.413334,12.793333
1.600120,13.426666,12.766666
1.600521,13.400000,12.746666
1.600923,13.339999,12.686666
1.601324,13.273334,12.673333
1.601725,13.286667,12.686666
1.602126,13.246666,12.673333
1.602528,13.246666,12.679999
1.602929,13.206666,12.593333
1.603330,13.206666,12.459999
1.603731,13.233334,12.559999
1.604133,13.179999,12.546666
1.604534,13.120000,12.513333
1.604937,13.093333,12.480000
1.605338,13.080000,12.433333
1.605740,13.053332,12.446667
1.606141,13.033334,12.406666
1.606542,13.000000,12.420000
1.606943,12.986666,12.373333
1.607345,13.020000,12.346666
1.607747,12.940000,12.313334
1.608148,12.913333,12.333333
1.608549,12.940000,12.306666
1.608951,12.900000,12.253333
1.609352,12.760000,12.246667
1.609754,12.853333,12.233334
1.610156,12.799999,12.273333
1.610558,12.773334,11.833333
1.610961,12.826667,12.126666
1.611362,12.733333,12.100000
1.611763,12.713333,12.066666
1.612164,12.673333,12.086666
1.612567,12.646667,12.013333
1.612968,12.620000,12.033333
1.613370,12.599999,11.980000
1.613772,12.573334,11.926666
1.614174,12.573334,11.940000
1.614575,12.546666,11.906667
1.614976,12.520000,11.879999
1.615378,12.513333,11.873333
1.615779,12.480000,11.799999
1.616180,12.486667,11.886666
1.616581,12.453333,11.866666
1.616982,12.413333,11.799999
1.617383,12.380000,11.726666
1.617784,12.339999,11.666666
1.618185,12.273333,11.726666
1.618587,12.259999,11.720000
1.618988,12.253333,11.840000
1.619389,12.246667,11.640000
1.619791,12.233334,11.626666
1.620192,12.206666,11.620000
1.620594,12.173333,11.539999
1.620995,12.080000,11.566667
1.621396,12.086666,11.460000
1.621798,12.139999,11.506666
1.622199,12.046667,11.453334
1.622600,12.033333,11.293333
1.623001,11.993333,11.193334
1.623403,11.973333,11.380000
1.623804,11.913333,11.366667
1.624205,11.933332,11.386666
1.624606,11.913333,11.633333
1.625008,11.886666,11.320000
1.625409,11.853333,11.300000
1.625810,11.813333,11.293333
1.626212,12.073333,11.233333
1.626613,11.780000,11.219999
1.627015,11.740000,11.133333
1.627416,11.720000,11.173333
1.627817,11.713333,11.146667
1.628219,11.686666,11.120000
1.628620,11.673333,11.066667
1.629022,11.640000,11.086666
1.629423,11.606667,11.046666
1.629824,11.580000,11.026667
1.630225,11.559999,11.013332
1.630627,11.500000,11.006666
1.631028,11.526667,11.000000
1.631429,11.493333,10.933333
1.631831,11.446667,10.706666
1.632233,11.453334,10.900000
1.632635,11.400000,10.940000
1.633036,11.400000,10.840000
1.633437,11.346666,10.833333
1.633838,11.346666,10.793333
1.634241,11.180000,10.753333
1.634642,11.260000,10.433333
1.635043,11.219999,10.706666
1.635445,11.219999,10.626666
1.635847,11.213333,10.666667
1.636248,11.160000,10.613333
1.636650,11.219999,10.673333
1.637051,11.126667,10.620000
1.637453,11.099999,10.593333
1.637854,11.099999,10.566667
1.638255,11.046666,10.419999
1.638657,11.040000,10.506666
1.639058,11.006666,10.493333
1.639460,10.973333,10.440000
1.639861,11.000000,10.440000
1.640263,10.946666,10.419999
1.640664,10.893332,10.406667
1.641065,10.879999,10.320000
1.641467,10.860000,10.320000
1.641868,10.793333,10.333333
1.642269,10.813333,10.253333
1.642670,10.773334,10.266666
1.643071,10.773334,10.320000
1.643473,10.713333,10.240000
1.643874,10.679999,10.173333
1.644275,10.713333,10.160000
1.644676,10.653334,10.179999
1.645077,10.639999,10.166666
1.645479,10.653334,10.106667
1.645880,10.593333,10.073334
1.646281,10.506666,10.059999
1.646682,10.553332,10.020000
1.647083,10.513333,10.026666
1.647484,10.480000,9.973333
1.647886,10.480000,9.980000
1.648288,10.406667,9.773333
1.648689,10.400000,9.860000
1.649090,10.386666,9.873333
1.649492,10.400000,9.953333
1.649893,10.320000,9.833333
1.650295,10.346666,9.806666
1.650697,10.260000,9.793333
1.651099,10.213333,9.793333
1.651500,10.233333,9.719999
1.651901,10.219999,9.706666
1.652302,10.233333,9.726666
1.652704,10.113333,9.706666
1.653105,10.120000,9.706666
1.653506,10.120000,9.613334
1.653907,10.120000,9.613334
1.654308,10.053333,9.613334
1.654709,10.093333,9.559999
1.655112,10.033333,9.553333
1.655513,9.986667,9.526667
1.655914,9.973333,9.506666
1.656315,9.826666,9.466666
1.656716,9.933333,9.446667
1.657118,9.866667,9.346666
1.657519,9.913333,9.346666
1.657920,9.866667,9.346666
1.658321,9.806666,9.326667
1.658722,9.786667,9.153334
1.659125,9.773333,9.273334
1.659526,9.766666,9.280000
1.659927,9.726666,9.173333
1.660328,9.693333,9.220000
1.660730,9.700000,9.299999
1.661131,9.653333,9.126666
1.661532,9.613334,9.160000
1.661933,9.620000,9.106667
1.662336,9.573333,9.086667
1.662737,9.546667,9.080000
1.663138,9.533333,9.033333
1.663539,9.506666,9.033333
1.663940,9.480000,9.006666
1.664341,9.440000,8.973332
1.664742,9.346666,8.940000
1.665143,9.333333,8.913333
1.665545,9.306666,8.893333
1.665946,9.333333,8.946667
1.666348,9.200000,8.880000
1.666749,9.226666,8.780000
1.667150,9.246666,8.766666
1.667552,9.106667,8.793333
1.667955,9.179999,8.726666
1.668357,9.186666,8.813334
1.668759,9.120000,8.639999
1.669160,9.106667,8.700000
1.669562,9.093333,8.666666
1.669963,9.073333,8.653333
1.670364,9.066667,8.639999
1.670765,9.033333,8.599999
1.671166,9.039999,8.566667
1.671567,8.966666,8.560000
1.671970,8.953334,8.573333
1.672371,8.913333,8.480000
1.672773,8.986667,8.500000
1.673174,8.866667,8.420000
1.673575,8.853333,8.313333
1.673976,8.813334,8.393332
1.674377,8.793333,8.393332
1.674779,8.880000,8.233334
1.675181,8.706666,8.360000
1.675582,8.706666,8.146667
1.675983,8.726666,8.286667
1.676384,8.666666,8.586666
1.676786,8.633333,8.226666
1.677188,8.653333,8.206666
1.677589,8.606667,8.179999
1.677991,8.566667,8.166667
1.678392,8.553333,8.166667
1.678793,8.513332,8.133333
1.679195,8.520000,8.073333
1.679596,8.480000,8.046666
1.679997,8.453333,8.040000
1.680398,8.406667,8.040000
1.680800,8.373333,8.033334
1.681202,8.393332,8.000000
1.681603,8.366667,7.980000
1.682004,8.333333,7.920000
1.682405,8.320000,7.946667
1.682806,8.293333,7.906666
1.683207,8.240000,7.866666
1.683609,8.213333,7.806666
1.684010,8.213333,7.813334
1.684412,8.160000,7.786666
1.684813,8.166667,7.820000
1.685215,8.120000,7.733333
1.685616,8.120000,7.786666
1.686017,8.066667,7.693334
1.686418,8.033334,7.660000
1.686819,8.040000,7.686666
1.687220,7.993333,7.613333
1.687621,8.006666,7.686666
1.688022,7.926667,7.573333
1.688424,7.966667,7.533333
1.688826,7.893333,7.546666
1.689227,7.866666,7.506667
1.689628,7.873333,7.720000
1.690029,7.866666,7.473333
1.690431,7.813334,7.413333
1.690832,7.780000,7.426666
1.691235,7.806666,7.413333
1.691636,7.726667,7.193333
1.692037,7.720000,7.353333
1.692439,7.686666,7.260000
1.692840,7.686666,7.346666
1.693241,7.646666,7.273333
1.693642,7.626667,7.226666
1.694044,7.593334,7.213333
1.694445,7.566667,7.200000
1.694846,7.533333,7.166667
1.695247,7.513333,7.200000
1.695648,7.500000,7.140000
1.696049,7.440000,7.106667
1.696450,7.446666,7.073333
1.696852,7.413333,7.086666
1.697254,7.393333,7.080000
1.697655,7.346666,7.033333
1.698056,7.346666,7.093333
1.698457,7.333333,6.953333
1.698859,7.313333,6.973333
1.699260,7.280000,6.940000
1.699661,7.266667,6.913333
1.700064,7.233334,6.893333
1.700465,7.246666,6.886666
1.700866,7.173333,6.846666
1.701267,7.166667,6.826667
1.701668,7.160000,7.066666
1.702069,7.133334,6.806667
1.702470,7.093333,6.733333
1.702872,7.053333,6.720000
1.703274,7.106667,6.713333
1.703676,7.026667,6.686666
1.704077,6.986666,6.640000
1.704478,6.973333,6.646667
1.704880,6.913333,6.620000
1.705281,6.913333,6.533333
1.705683,6.893333,6.520000
1.706085,6.846666,6.480000
1.706487,6.906667,6.466667
1.706889,6.813333,6.406667
1.707290,6.766666,6.386667
1.707693,6.793334,6.460000
1.708094,6.760000,6.413333
1.708499,6.580000,6.366666
1.708900,6.700000,6.366666
1.709301,6.680000,6.380000
1.709702,6.653333,6.286667
1.710103,6.633333,6.280000
1.710506,6.620000,6.246666
1.710907,6.566667,6.286667
1.711308,6.580000,6.233333
1.711710,6.493333,6.186666
1.712111,6.460000,6.220000
1.712512,6.466667,6.146667
1.712913,6.433333,6.133333
1.713316,6.440000,6.106667
1.713717,6.333333,6.126667
1.714120,6.340000,6.113333
1.714521,6.340000,6.040000
1.714923,6.320000,5.986667
1.715324,6.240000,6.000000
1.715726,6.246666,5.973333
1.716127,6.220000,5.946667
1.716530,6.253334,5.933333
1.716931,6.206666,5.886667
1.717333,6.140000,5.846666
1.717735,6.146667,5.920000
1.718136,6.100000,5.840000
1.718538,6.160000,5.820000
1.718939,6.220000,5.800000
1.719340,6.073333,5.773333
1.719742,5.973333,5.760000
1.720143,6.026667,5.746666
1.720545,6.006667,5.706666
1.720946,5.973333,5.733333
1.721348,6.000000,5.673333
1.721749,5.946667,5.673333
1.722150,5.906666,5.613333
1.722552,5.886667,5.626667
1.722954,5.860000,5.506666
1.723356,5.853333,5.380000
1.723758,5.800000,5.566667
1.724159,5.786666,5.520000
1.724560,5.740000,5.513333
1.724961,5.753333,5.513333
1.725363,5.726667,5.413333
1.725765,5.726667,5.166667
1.726166,5.820000,5.413333
1.726567,5.666667,5.486667
1.726968,5.680000,5.393333
1.727370,5.586667,5.366667
1.727771,5.586667,5.326667
1.728174,5.593333,5.320000
1.728575,5.560000,5.273333
1.728976,5.560000,5.286666
1.729377,5.546667,5.220000
1.729779,5.506666,5.240000
1.730180,5.466667,5.200000
1.730582,5.373333,5.153333
1.730984,5.420000,5.160000
1.731385,5.360000,5.133333
1.731787,5.406666,5.073333
1.732188,5.353333,5.100000
1.732589,5.333333,5.073333
1.732992,5.273333,4.920000
1.733393,5.280000,5.033333
1.733794,5.260000,5.000000
1.734195,5.266667,5.026667
1.734596,5.273333,4.920000
1.734998,5.253333,4.940000
1.735399,5.200000,4.920000
1.735801,5.146667,4.900000
1.736203,5.133333,4.840000
1.736605,5.100000,4.833333
1.737007,5.080000,4.880000
1.737409,5.060000,4.833333
1.737811,5.033333,4.813333
1.738212,5.040000,4.813333
1.738613,5.013333,4.793333
1.739014,5.040000,4.740000
1.739415,4.933333,4.740000
1.739816,4.940000,4.680000
1.740218,4.900000,4.706666
1.740620,4.906667,4.693333
1.741022,4.840000,4.660000
1.741423,4.920000,4.686666
1.741825,4.826666,4.573333
1.742226,4.793333,4.600000
1.742627,4.800000,4.420000
1.743028,4.793333,4.386666
1.743431,4.740000,4.586667
1.743833,4.706666,4.473333
1.744234,4.720000,4.593333
1.744635,4.673333,4.453333
1.745036,4.700000,4.453333
1.745437,4.640000,4.440000
1.745838,4.633333,4.440000
1.746240,4.620000,4.393333
1.746641,4.586667,4.346667
1.747042,4.560000,4.360000
1.747443,4.506667,4.346667
1.747845,4.540000,4.333333
1.748247,4.540000,4.333333
1.748648,4.526667,4.126667
1.749049,4.460000,4.253333
1.749450,4.480000,4.226666
1.749852,4.426666,4.240000
1.750255,4.400000,4.193333
1.750656,4.373333,4.146667
1.751057,4.360000,4.506667
1.751458,4.286666,4.160000
1.751860,4.326666,4.540000
1.752261,4.293333,3.820000
1.752663,4.320000,4.113333
1.753064,4.266666,4.080000
1.753465,4.233333,4.040000
1.753866,4.200000,4.046667
1.754267,4.193333,4.020000
1.754668,4.180000,3.973333
1.755069,4.173333,3.986666
1.755470,4.146667,3.986666
1.755871,4.086667,3.926666
1.756273,4.126667,3.926666
1.756675,4.093333,3.873333
1.757076,4.093333,3.866667
1.757477,4.026666,3.853333
1.757880,4.046667,3.853333
1.758281,4.013333,3.953333
1.758683,4.000000,3.833333
1.759084,3.960000,3.746666
1.759485,3.973333,4.133333
1.759887,3.986666,3.740000
1.760289,4.020000,3.846667
1.760690,3.880000,3.820000
1.761091,3.886667,3.660000
1.761492,3.800000,3.653333
1.761893,3.840000,3.660000
1.762296,3.833333,3.640000
1.762697,3.820000,3.713333
1.763100,3.773333,3.593333
1.763501,3.733333,3.540000
1.763902,3.713333,3.560000
1.764303,3.686666,3.520000
1.764705,3.673333,3.466666
1.765106,3.700000,3.460000
1.765507,3.653333,3.493333
1.765908,3.633333,3.460000
1.766309,3.660000,3.413333
1.766710,3.593333,3.433333
1.767111,3.733333,3.546667
1.767512,3.560000,3.400000
1.767913,3.533333,3.166667
1.768315,3.593333,3.333333
1.768716,3.493333,3.173333
1.769117,3.486667,3.313333
1.769519,3.473333,3.293333
1.769920,3.446667,3.260000
1.770321,3.413333,3.246666
1.770722,3.446667,3.240000
1.771123,3.273333,3.226667
1.771525,3.380000,3.206667
1.771927,3.366667,3.260000
1.772328,3.340000,3.226667
1.772729,3.400000,3.133333
1.773130,3.300000,3.133333
1.773532,3.273333,3.060000
1.773934,3.253333,3.133333
1.774335,3.266667,3.106667
1.774737,3.266667,3.100000
1.775138,3.206667,3.060000
1.775539,3.180000,3.066667
1.775940,3.173333,3.226667
1.776341,3.153333,3.033333
1.776742,3.146667,2.960000
1.777143,3.106667,2.960000
1.777545,3.106667,2.880000
1.777946,3.120000,2.946667
1.778348,3.173333,2.960000
1.778749,3.046667,2.933333
1.779150,3.046667,2.913333
1.779552,3.026667,2.860000
1.779953,3.013333,2.886667
1.780354,2.980000,2.846667
1.780755,2.960000,2.806667
1.781156,2.953333,2.786667
1.781558,2.953333,2.826667
1.781959,2.940000,2.766667
1.782360,2.920000,2.753333
1.782766,2.893333,2.746667
1.783167,2.780000,2.733333
1.783570,2.833333,2.733333
1.783971,2.826667,2.420000
1.784372,2.866667,2.660000
1.784773,2.700000,2.613333
1.785175,2.793333,2.653333
1.785576,2.760000,2.613333
1.785978,2.760000,2.613333
1.786380,2.760000,2.600000
1.786781,2.720000,2.553333
1.787184,2.713333,2.580000
1.787586,2.673333,2.613333
1.787987,2.673333,2.553333
1.788389,2.673333,2.586667
1.788790,2.660000,2.473333
1.789191,2.613333,2.506666
1.789593,2.666667,2.480000
1.789994,2.586667,2.460000
1.790396,2.553333,2.433333
1.790797,2.546667,2.440000
1.791199,2.520000,2.406667
1.791600,2.480000,2.346667
1.792001,2.473333,2.400000
1.792402,2.413333,2.400000
1.792803,2.480000,2.346667
1.793204,2.433333,2.400000
1.793605,2.440000,2.380000
1.794008,2.440000,2.433333
1.794409,2.433333,2.293333
1.794810,2.320000,2.293333
1.795211,2.346667,2.266667
1.795612,2.366667,2.260000
1.796013,2.306667,2.166667
1.796414,2.326667,2.240000
1.796816,2.326667,2.200000
1.797217,2.300000,2.206667
1.797619,2.280000,2.213333
1.798020,2.260000,2.126667
1.798421,2.260000,2.153333
1.798822,2.333333,2.126667
1.799223,2.226666,2.260000
1.799625,2.193333,2.133333
1.800026,2.213333,2.086667
1.800428,2.180000,2.086667
1.800829,2.126667,2.046667
1.801230,2.100000,1.940000
1.801632,2.140000,2.000000
1.802033,2.213333,2.013333
1.802434,2.100000,2.006667
1.802836,2.133333,2.053333
1.803237,2.086667,2.000000
1.803638,2.080000,1.973333
1.804039,2.046667,1.973333
1.804441,2.046667,1.913333
1.804842,2.033333,1.906667
1.805243,2.000000,1.860000
1.805645,2.000000,1.886667
1.806046,1.986667,1.920000
1.806448,1.966667,1.906667
1.806850,1.920000,1.760000
1.807251,1.940000,1.820000
1.807653,1.913333,1.846667
1.808054,1.920000,1.826667
1.808456,1.820000,1.820000
1.808857,1.886667,1.786667
1.809259,1.980000,1.760000
1.809660,1.773333,1.766667
1.810061,1.960000,1.733333
1.810463,1.833333,1.766667
1.810865,1.813333,1.733333
1.811266,1.793333,1.733333
1.811667,1.766667,1.726667
1.812069,1.780000,1.746667
1.812470,1.693333,1.700000
1.812871,1.746667,1.680000
1.813272,1.740000,1.646667
1.813674,1.733333,1.613333
1.814075,1.726667,1.640000
1.814477,1.726667,1.206667
1.814878,1.700000,1.620000
1.815279,1.666667,1.586667
1.815681,1.673333,1.560000
1.816082,1.646667,1.546667
1.816484,1.620000,1.573333
1.816886,1.613333,1.540000
1.817287,1.706667,1.420000
1.817688,1.593333,1.526667
1.818089,1.600000,1.493333
1.818490,1.546667,1.386667
1.818891,1.553333,1.573333
1.819292,1.560000,1.473333
1.819693,1.520000,1.446667
1.820094,1.526667,1.440000
1.820498,1.573333,1.446667
1.820899,1.486667,1.420000
1.821300,1.460000,1.433333
1.821702,1.460000,1.393333
1.822103,1.460000,1.360000
1.822505,1.466667,1.393333
1.822906,1.446667,1.313333
1.823309,1.420000,1.393333
1.823711,1.386667,1.353333
1.824113,1.480000,1.333333
1.824514,1.393333,1.333333
1.824915,1.386667,1.333333
1.825316,1.413333,1.306667
1.825718,1.360000,1.113333
1.826120,1.313333,1.346667
1.826521,1.326667,1.386667
1.826922,1.320000,1.240000
1.827323,1.326667,1.246667
1.827724,1.293333,1.240000
1.828125,1.293333,1.213333
1.828526,1.293333,1.206667
1.828927,1.286667,1.206667
1.829328,1.226667,1.200000
1.829729,1.253333,1.206667
1.830130,1.233333,1.206667
1.830532,1.233333,1.020000
1.830933,1.206667,1.160000
1.831334,1.200000,1.146667
1.831735,1.253333,1.140000
1.832137,1.200000,1.133333
1.832539,1.173333,1.140000
1.832940,1.133333,1.093333
1.833341,1.160000,1.093333
1.833742,1.100000,1.100000
1.834144,1.120000,1.046667
1.834546,1.173333,1.033333
1.834947,1.046667,1.033333
1.835349,1.073333,1.040000
1.835750,1.113333,1.040000
1.836151,1.066667,1.033333
1.836552,1.086667,1.040000
1.836954,1.060000,1.040000
1.837356,1.046667,1.033333
1.837758,1.033333,0.986667
1.838159,1.046667,1.033333
1.838560,0.980000,0.946667
1.838962,1.000000,0.953333
1.839364,1.013333,0.966667
1.839765,1.006667,0.960000
1.840166,1.000000,0.946667
1.840567,0.966667,0.946667
1.840968,0.960000,0.946667
1.841369,0.973333,0.946667
1.841771,0.960000,0.946667
1.842173,0.946667,0.960000
1.842574,0.946667,0.946667
1.842975,0.946667,0.946667
1.843377,0.953333,0.946667
1.843778,0.946667,0.946667
1.844179,0.946667,0.946667
1.844580,0.946667,0.946667
1.844982,0.946667,0.946667
1.845383,0.946667,0.946667
1.845784,0.946667,0.946667
1.846185,0.946667,0.946667
1.846587,0.946667,0.946667
1.846988,0.946667,0.946667
1.847389,0.946667,0.946667
1.847791,0.946667,0.946667
1.848192,0.946667,0.946667
1.848594,0.946667,0.946667
1.848995,0.946667,0.946667
1.849396,0.946667,0.946667
1.849797,0.946667,0.946667
1.850198,0.946667,0.946667
1.850599,0.946667,0.946667
1.851001,0.946667,0.946667
1.851403,0.946667,0.946667
1.851804,0.946667,0.946667
1.852205,0.946667,0.946667
1.852606,0.946667,0.946667
1.853007,0.946667,0.946667
1.853408,0.946667,0.946667
1.853810,0.946667,0.946667
1.854211,0.946667,0.946667
1.854613,0.946667,0.946667
1.855015,0.946667,0.946667
1.855416,0.946667,0.946667
1.855817,0.946667,0.946667
1.856219,0.946667,0.946667
1.856620,0.946667,0.946667
1.857023,0.946667,0.946667
1.857425,0.946667,0.946667
1.857826,0.946667,0.946667
1.858228,0.946667,0.946667
1.858629,0.946667,0.946667
1.859030,0.946667,0.946667
1.859432,0.946667,0.946667
1.859834,0.946667,0.946667
1.860236,0.946667,0.946667
1.860638,0.946667,0.946667
1.861041,0.946667,0.946667
1.861443,0.946667,0.946667
1.861845,0.946667,0.946667
1.862247,0.946667,0.946667
1.862648,0.946667,0.946667
1.863049,0.946667,0.946667
1.863452,0.946667,0.946667
1.863853,0.946667,0.946667
1.864255,0.946667,0.946667
1.864656,0.946667,0.946667
1.865057,0.946667,0.946667
1.865458,0.946667,0.946667
1.865860,0.946667,0.946667
1.866262,0.946667,0.946667
1.866663,0.946667,0.946667
1.867065,0.946667,0.946667
1.867466,0.946667,0.946667
1.867867,0.946667,0.946667
1.868268,0.946667,0.946667
1.868669,0.946667,0.946667
1.869070,0.946667,0.946667
1.869472,0.946667,0.946667
1.869874,0.946667,0.946667
1.870275,0.946667,0.946667
1.870677,0.946667,0.946667
1.871080,0.946667,0.946667
1.871481,0.946667,0.946667
1.871882,0.946667,0.946667
1.872283,0.946667,0.946667
1.872684,0.946667,0.946667
1.873086,0.946667,0.946667
1.873487,0.946667,0.946667
1.873888,0.946667,0.946667
1.874289,0.946667,0.946667
1.874691,0.946667,0.946667
1.875093,0.946667,0.946667
1.875499,0.946667,0.946667
1.875900,0.946667,0.946667
1.876301,0.946667,0.946667
1.876703,0.946667,0.946667
1.877104,0.946667,0.946667
1.877505,0.946667,0.946667
1.877908,0.946667,0.946667
1.878310,0.946667,0.946667
1.878711,0.946667,0.946667
1.879114,0.946667,0.946667
1.879515,0.946667,0.946667
1.879917,0.946667,0.946667
1.880319,0.946667,0.946667
1.880721,0.946667,0.946667
1.881122,0.946667,0.946667
1.881524,0.946667,0.946667
1.881925,0.946667,0.946667
1.882326,0.946667,0.946667
1.882727,0.946667,0.946667
1.883128,0.946667,0.946667
1.883530,0.946667,0.946667
1.883931,0.946667,0.946667
1.884332,0.946667,0.946667
1.884734,0.946667,0.946667
1.885135,0.946667,0.946667
1.885537,0.946667,0.946667
1.885938,0.946667,0.946667
1.886340,0.946667,0.946667
1.886741,0.946667,0.946667
1.887142,0.946667,0.946667
1.887544,0.946667,0.946667
1.887945,0.946667,0.946667
1.888347,0.946667,0.946667
1.888749,0.946667,0.946667
1.889150,0.946667,0.946667
1.889552,0.946667,0.946667
1.889953,0.946667,0.946667
1.890354,0.946667,0.946667
1.890755,0.946667,0.946667
1.891156,0.946667,0.946667
1.891558,0.946667,0.946667
1.891959,0.946667,0.946667
1.892361,0.946667,0.946667
1.892767,0.946667,0.946667
1.893169,0.946667,0.946667
1.893570,0.946667,0.946667
1.893973,0.946667,0.946667
1.894375,0.946667,0.946667
1.894776,0.946667,0.946667
1.895177,0.946667,0.946667
1.895579,0.946667,0.946667
1.895980,0.946667,0.946667
1.896382,0.946667,0.946667
1.896784,0.946667,0.946667
1.897186,0.946667,0.946667
1.897588,0.946667,0.946667
1.897990,0.946667,0.946667
1.898391,0.946667,0.946667
1.898792,0.946667,0.946667
1.899193,0.946667,0.946667
1.899595,0.946667,0.946667
1.899997,0.946667,0.946667
1.900398,0.946667,0.946667
1.900799,0.946667,0.946667
1.901201,0.946667,0.946667
1.901603,0.946667,0.946667
1.902006,0.946667,0.946667
1.902408,0.946667,0.946667
1.902809,0.946667,0.946667
1.903210,0.946667,0.946667
1.903611,0.946667,0.946667
1.904012,0.946667,0.946667
1.904414,0.946667,0.946667
1.904815,0.946667,0.946667
1.905216,0.946667,0.946667
1.905617,0.946667,0.946667
1.906018,0.946667,0.946667
1.906419,0.946667,0.946667
1.906821,0.946667,0.946667
1.907222,0.946667,0.946667
1.907623,0.946667,0.946667
1.908024,0.946667,0.946667
1.908425,0.946667,0.946667
1.908826,0.946667,0.946667
1.909227,0.946667,0.946667
1.909628,0.946667,0.946667
1.910029,0.946667,0.946667
1.910430,0.946667,0.946667
1.910832,0.946667,0.946667
1.911234,0.946667,0.946667
1.911636,0.946667,0.946667
1.912039,0.946667,0.946667
1.912440,0.946667,0.946667
1.912841,0.946667,0.946667
1.913242,0.946667,0.946667
1.913643,0.946667,0.946667
1.914045,0.946667,0.946667
1.914446,0.946667,0.946667
1.914847,0.946667,0.946667
1.915248,0.946667,0.946667
1.915649,0.946667,0.946667
1.916050,0.946667,0.946667
1.916452,0.946667,0.946667
1.916853,0.946667,0.946667
1.917254,0.946667,0.946667
1.917655,0.946667,0.946667
1.918057,0.946667,0.946667
1.918459,0.946667,0.946667
1.918860,0.946667,0.946667
1.919261,0.946667,0.946667
1.919663,0.946667,0.946667
1.920064,0.946667,0.946667
1.920466,0.946667,0.946667
1.920867,0.946667,0.946667
1.921269,0.946667,0.946667
1.921670,0.946667,0.946667
1.922072,0.946667,0.946667
1.922473,0.946667,0.946667
1.922875,0.946667,0.946667
1.923276,0.946667,0.946667
1.923677,0.946667,0.946667
1.924079,0.946667,0.946667
1.924480,0.946667,0.946667
1.924882,0.946667,0.946667
1.925283,0.946667,0.946667
1.925684,0.946667,0.946667
1.926085,0.946667,0.946667
1.926486,0.946667,0.946667
1.926889,0.946667,0.946667
1.927290,0.946667,0.946667
1.927692,0.946667,0.946667
1.928093,0.946667,0.946667
1.928498,0.946667,0.946667
1.928899,0.946667,0.946667
1.929302,0.946667,0.946667
1.929703,0.946667,0.946667
1.930104,0.946667,0.946667
1.930506,0.946667,0.946667
1.930907,0.946667,0.946667
1.931308,0.946667,0.946667
1.931709,0.946667,0.946667
1.932110,0.946667,0.946667
1.932512,0.946667,0.946667
1.932913,0.946667,0.946667
1.933314,0.946667,0.946667
1.933715,0.946667,0.946667
1.934117,0.946667,0.946667
1.934519,0.946667,0.946667
1.934920,0.946667,0.946667
1.935321,0.946667,0.946667
1.935722,0.946667,0.946667
1.936123,0.946667,0.946667
1.936525,0.946667,0.946667
1.936926,0.946667,0.946667
1.937327,0.946667,0.946667
1.937730,0.946667,0.946667
1.938132,0.946667,0.946667
1.938533,0.946667,0.946667
1.938934,0.946667,0.946667
1.939335,0.946667,0.946667
1.939737,0.946667,0.946667
1.940138,0.966667,0.946667
1.940540,0.946667,0.946667
1.940941,0.946667,0.946667
1.941342,0.946667,0.946667
1.941743,0.946667,0.946667
1.942144,0.946667,0.946667
1.942545,0.946667,0.946667
1.942948,0.946667,0.946667
1.943350,0.946667,0.946667
1.943751,0.946667,0.946667
1.944152,0.946667,0.946667
1.944553,0.946667,0.946667
1.944955,0.946667,0.946667
1.945356,0.946667,0.946667
1.945757,0.946667,0.946667
1.946159,0.946667,0.946667
1.946561,0.946667,0.946667
1.946962,0.946667,0.946667
1.947363,0.946667,0.946667
1.947765,0.946667,0.946667
1.948166,0.946667,0.946667
1.948567,0.946667,0.946667
1.948968,0.946667,0.946667
1.949370,0.946667,0.946667
1.949771,0.946667,0.946667
1.950173,0.946667,0.946667
1.950574,0.946667,0.946667
1.950975,0.946667,0.946667
1.951376,0.946667,0.946667
1.951777,0.946667,0.946667
1.952178,0.946667,0.946667
1.952579,0.946667,0.946667
1.952980,0.946667,0.946667
1.953382,0.946667,0.946667
1.953784,0.946667,0.946667
1.954185,0.946667,0.946667
1.954586,0.946667,0.946667
1.954988,0.946667,0.946667
1.955389,0.946667,0.946667
1.955791,0.946667,0.946667
1.956192,0.946667,0.946667
1.956593,0.946667,0.946667
1.956994,0.946667,0.946667
1.957395,0.946667,0.946667
1.957797,0.946667,0.946667
1.958198,0.946667,0.946667
1.958599,0.946667,0.946667
1.959000,0.946667,0.946667
1.959401,0.946667,0.946667
1.959802,0.946667,0.946667
1.960204,0.946667,0.946667
1.960606,0.946667,0.946667
1.961007,0.946667,0.946667
1.961408,0.946667,0.946667
1.961810,0.946667,0.946667
1.962212,0.946667,0.946667
1.962613,0.946667,0.946667
1.963014,0.946667,0.946667
1.963416,0.946667,0.946667
1.963817,0.946667,0.946667
1.964218,0.980000,0.946667
1.964620,0.966667,0.946667
1.965021,0.966667,0.946667
1.965423,1.000000,0.953333
1.965824,1.026667,0.960000
1.966226,0.993333,0.953333
1.966628,1.013333,0.973333
1.967030,1.060000,1.033333
1.967432,1.126667,0.960000
1.967834,1.106667,1.033333
1.968236,1.080000,1.033333
1.968639,1.073333,0.946667
1.969041,1.080000,1.033333
1.969442,1.080000,1.033333
1.969844,1.126667,1.053333
1.970246,1.046667,1.040000
1.970647,1.126667,1.093333
1.971048,1.126667,1.206667
1.971450,1.153333,1.106667
1.971852,1.153333,1.100000
1.972254,1.200000,1.073333
1.972656,1.173333,1.200000
1.973059,1.186667,1.120000
1.973461,1.186667,1.133333
1.973863,1.073333,1.126667
1.974264,1.213333,1.193333
1.974666,1.220000,1.200000
1.975067,1.266667,1.200000
1.975468,1.226667,1.180000
1.975870,1.260000,1.206667
1.976272,1.280000,1.206667
1.976674,1.306667,1.300000
1.977076,1.286667,1.220000
1.977477,1.293333,1.226667
1.977878,1.306667,1.266667
1.978280,1.300000,1.240000
1.978681,1.326667,1.260000
1.979082,1.353333,1.380000
1.979484,1.353333,1.260000
1.979886,1.380000,1.300000
1.980287,1.380000,1.300000
1.980688,1.393333,1.300000
1.981089,1.386667,1.333333
1.981490,1.393333,1.373333
1.981891,1.413333,1.380000
1.982292,1.420000,1.373333
1.982694,1.433333,1.366667
1.983095,1.426667,1.360000
1.983499,1.466667,1.400000
1.983900,1.433333,1.420000
1.984302,1.473333,1.393333
1.984705,1.333333,1.393333
1.985106,1.540000,1.413333
1.985507,1.533333,1.426667
1.985909,1.560000,1.453333
1.986311,1.560000,1.500000
1.986713,1.506667,1.473333
1.987115,1.560000,1.480000
1.987517,1.573333,1.506667
1.987919,1.593333,1.540000
1.988320,1.600000,1.553333
1.988721,1.626667,1.553333
1.989122,1.633333,1.560000
1.989524,1.613333,1.606667
1.989925,1.600000,1.533333
1.990326,1.653333,1.560000
1.990728,1.580000,1.626667
1.991130,1.793333,1.520000
1.991532,1.700000,1.593333
1.991933,1.733333,1.586667
1.992334,1.740000,1.646667
1.992735,1.693333,1.733333
1.993137,1.766667,1.606667
1.993538,1.833333,1.673333
1.993939,1.786667,1.733333
1.994342,1.833333,1.726667
1.994744,1.833333,1.733333
1.995146,1.853333,1.760000
1.995547,1.840000,1.793333
1.995948,1.846667,1.773333
1.996349,1.806667,1.800000
1.996750,1.906667,1.793333
1.997153,1.906667,1.820000
1.997554,1.906667,1.893333
1.997956,1.933333,1.826667
1.998358,1.933333,1.906667
1.998760,1.933333,1.893333
1.999162,1.953333,1.860000
1.999563,2.066667,1.880000
1.999966,2.000000,1.906667
2.000368,2.033333,1.906667
2.000769,2.020000,1.880000
2.001171,2.046667,1.973333
2.001573,2.053333,1.913333
2.001974,2.053333,1.973333
2.002376,2.160000,1.993333
2.002777,2.100000,2.000000
2.003179,2.100000,2.000000
2.003581,2.146667,2.046667
2.003982,2.146667,2.100000
2.004384,2.186667,2.086667
2.004785,2.186667,2.060000
2.005186,2.193333,2.086667
2.005587,2.246667,2.086667
2.005988,2.186667,2.113333
2.006389,2.186667,2.120000
2.006790,2.206667,2.200000
