0.000000,18.559999,17.853333
0.000401,18.673334,17.846666
0.000802,18.646666,17.840000
0.001204,18.633333,17.813332
0.001605,18.673334,17.799999
0.002007,18.626665,17.780001
0.002408,18.599998,17.793333
0.002810,18.580000,17.886667
0.003213,18.586666,17.760000
0.003615,18.559999,17.766666
0.004016,18.606665,17.719999
0.004418,18.539999,17.746666
0.004819,18.526667,17.766666
0.005220,18.526667,17.699999
0.005621,18.533333,17.686666
0.006023,18.506666,17.733334
0.006424,18.486666,17.673332
0.006826,18.493332,17.679998
0.007227,18.526667,17.660000
0.007628,18.413334,17.600000
0.008029,18.386665,17.433332
0.008430,18.500000,17.539999
0.008832,18.400000,17.619999
0.009233,18.406666,17.533333
0.009635,18.393333,17.600000
0.010037,18.366667,17.613333
0.010439,18.393333,17.539999
0.010840,18.366667,17.539999
0.011241,18.379999,17.520000
0.011643,18.346666,17.539999
0.012044,18.326666,17.526667
0.012447,18.313334,17.520000
0.012848,18.299999,17.486666
0.013249,18.260000,17.480000
0.013650,18.253332,17.473333
0.014051,18.320000,17.433332
0.014453,18.253332,17.526667
0.014854,18.199999,17.419998
0.015256,18.226665,17.333332
0.015658,18.180000,17.426666
0.016059,18.219999,17.406666
0.016460,18.180000,17.386667
0.016861,18.106667,17.473333
0.017266,18.193333,17.380001
0.017669,18.146666,17.346666
0.018071,18.133333,17.333332
0.018473,18.126667,17.320000
0.018874,18.113333,17.306665
0.019276,18.119999,17.313332
0.019677,18.066666,17.446667
0.020078,18.093332,17.293333
0.020480,17.913334,17.266666
0.020881,18.073332,17.293333
0.021283,18.020000,17.260000
0.021684,18.020000,17.273333
0.022085,18.040001,17.106667
0.022487,17.986666,17.139999
0.022889,18.006666,17.186666
0.023291,18.000000,17.186666
0.023692,17.966665,17.173332
0.024094,17.980000,17.153332
0.024495,17.953333,17.146666
0.024896,17.906668,17.053333
0.025299,17.913334,17.093332
0.025700,17.906668,17.039999
0.026101,17.866667,17.080000
0.026502,17.873333,17.073334
0.026903,17.846666,17.053333
0.027305,17.660000,17.039999
0.027706,17.793333,17.039999
0.028108,17.826666,17.006666
0.028509,17.786667,17.026665
0.028910,17.780001,17.013332
0.029312,17.753334,16.953333
0.029713,17.760000,16.846666
0.030115,17.706665,16.953333
0.030516,17.713333,16.906666
0.030917,17.733334,16.980000
0.031318,17.686666,16.913332
0.031720,17.673332,16.906666
0.032121,17.673332,16.900000
0.032523,17.653334,16.900000
0.032924,17.586666,16.906666
0.033326,17.613333,16.866667
0.033727,17.619999,16.873333
0.034129,17.600000,16.833334
0.034530,17.566666,16.793333
0.034932,17.533333,16.806665
0.035333,17.533333,16.799999
0.035735,17.526667,16.786665
0.036137,17.493334,16.779999
0.036539,17.453333,16.759998
0.036940,17.466665,16.779999
0.037341,17.459999,16.733334
0.037743,17.466665,16.726667
0.038144,17.380001,16.639999
0.038546,17.393333,16.680000
0.038947,17.393333,16.713333
0.039348,17.386667,16.646666
0.039749,17.340000,16.633331
0.040150,17.333332,16.613333
0.040552,17.326666,16.619999
0.040953,17.313332,16.586666
0.041355,17.313332,16.700001
0.041757,17.293333,16.180000
0.042158,17.273333,16.513332
0.042559,17.253334,16.506666
0.042960,17.240000,16.526667
0.043361,17.206667,16.499998
0.043762,17.226667,16.446667
0.044164,17.199999,16.433332
0.044565,17.206667,16.473333
0.044966,17.193333,16.453333
0.045367,17.113333,16.373333
0.045768,17.179998,16.406666
0.046169,17.113333,16.353333
0.046570,17.100000,16.366665
0.046971,17.046665,16.353333
0.047372,17.086666,16.333334
0.047774,17.046665,16.446667
0.048176,16.980000,16.353333
0.048577,17.026665,16.273333
0.048979,17.019999,16.273333
0.049380,16.959999,16.286667
0.049781,16.966667,16.180000
0.050183,17.066666,16.193333
0.050585,16.939999,16.273333
0.050987,16.926666,16.126665
0.051388,16.920000,16.160000
0.051789,16.920000,16.113333
0.052191,16.893332,16.099998
0.052593,16.853334,16.093332
0.052995,16.853334,16.046667
0.053396,16.846666,16.046667
0.053798,16.813334,16.020000
0.054199,16.833334,16.020000
0.054600,16.793333,16.013332
0.055001,16.786665,15.960000
0.055403,16.806665,15.940000
0.055804,16.826666,15.933333
0.056206,16.746666,15.780001
0.056607,16.740000,15.920000
0.057008,16.666666,15.799999
0.057410,16.653332,15.873333
0.057812,16.666666,15.813333
0.058214,16.713333,15.526667
0.058615,16.633331,15.740000
0.059016,16.613333,15.826667
0.059417,16.573334,15.753332
0.059818,16.553333,15.740000
0.060219,16.546667,15.753332
0.060621,16.499998,15.713334
0.061022,16.526667,15.673333
0.061423,16.519999,15.733333
0.061825,16.466667,15.673333
0.062226,16.446667,15.646666
0.062627,16.353333,15.666666
0.063028,16.393333,15.573333
0.063429,16.373333,15.573333
0.063830,16.386665,15.579999
0.064232,16.359999,15.520000
0.064634,16.326666,15.540000
0.065035,16.326666,15.426665
0.065436,16.279999,15.460000
0.065838,16.273333,15.906666
0.066239,16.353333,15.573333
0.066641,16.233332,15.406667
0.067042,16.193333,15.480000
0.067444,16.180000,15.393333
0.067845,16.160000,15.379999
0.068246,16.126665,15.379999
0.068648,16.119999,15.333333
0.069050,16.093332,15.313333
0.069452,16.033333,15.300000
0.069853,16.046667,15.260000
0.070254,16.039999,15.240000
0.070655,16.046667,15.246666
0.071056,15.953332,15.213333
0.071457,15.960000,15.213333
0.071858,15.926666,15.159999
0.072259,15.926666,15.219999
0.072661,15.913334,15.153333
0.073063,15.900000,14.953333
0.073466,15.873333,14.953333
0.073869,15.586667,15.073333
0.074271,15.826667,15.159999
0.074673,15.839999,14.873333
0.075074,15.813333,14.953333
0.075476,15.746666,15.119999
0.075877,15.760000,14.953333
0.076279,15.713334,14.919999
0.076681,15.733333,14.906667
0.077082,15.679999,14.866667
0.077483,15.686666,14.866667
0.077886,15.646666,14.873333
0.078287,15.613333,14.800000
0.078688,15.619999,14.933333
0.079091,15.579999,14.786666
0.079493,15.573333,14.800000
0.079894,15.480000,14.753333
0.080295,15.513332,14.753333
0.080696,15.506666,14.699999
0.081098,15.480000,14.693333
0.081499,15.533333,14.733334
0.081900,15.419999,14.659999
0.082301,15.366667,14.620000
0.082703,15.280000,14.626666
0.083106,15.333333,14.600000
0.083507,15.333333,14.340000
0.083908,15.313333,14.573334
0.084310,15.293332,14.520000
0.084711,15.286666,14.480000
0.085112,15.233334,14.520000
0.085514,15.213333,14.493333
0.085916,15.219999,14.439999
0.086318,15.246666,14.426666
0.086720,15.066667,14.506667
0.087121,15.159999,14.360000
0.087522,15.146667,14.360000
0.087923,15.033334,14.346666
0.088325,14.953333,14.346666
0.088727,14.953333,14.293333
0.089128,14.953333,14.346666
0.089530,14.953333,14.266667
0.089931,14.953333,14.253333
0.090333,14.873333,14.193333
0.090735,14.940000,14.166666
0.091136,14.906667,14.200001
0.091537,14.886666,14.066666
0.091938,14.886666,14.140000
0.092340,14.826666,14.099999
0.092741,14.746666,14.140000
0.093142,14.793334,14.093333
0.093543,14.753333,14.073334
0.093945,14.753333,14.053333
0.094346,14.719999,14.033333
0.094747,14.699999,13.993333
0.095149,14.679999,14.013333
0.095551,14.640000,14.120000
0.095953,14.640000,13.946667
0.096354,14.573334,13.940001
0.096755,14.553333,13.920000
0.097156,14.586666,13.900000
0.097557,14.553333,13.853333
0.097960,14.573334,13.826666
0.098361,14.606667,13.813334
0.098762,14.499999,13.833333
0.099164,14.473333,13.566667
0.099566,14.439999,13.820000
0.099967,14.473333,13.740001
0.100368,14.400001,13.706666
0.100769,14.346666,13.700000
0.101170,14.346666,13.686666
0.101572,14.346666,13.646666
0.101975,14.320000,13.646666
0.102378,14.313334,13.620000
0.102779,14.253333,13.593333
0.103180,14.259999,13.620000
0.103581,14.219999,13.533333
0.103982,14.226666,13.466666
0.104383,14.180000,13.506666
0.104785,14.106666,13.526667
0.105186,14.120000,13.546667
0.105587,14.140000,13.653334
0.105989,14.113334,13.393333
0.106390,14.046667,13.386665
0.106792,13.960000,13.413334
0.107193,13.979999,13.373333
0.107594,13.986667,13.680000
0.107995,13.973332,13.313333
0.108396,13.933332,13.293333
0.108797,13.920000,13.286667
0.109199,13.906666,13.233334
0.109600,13.886666,13.206666
0.110002,13.853333,13.220000
0.110403,13.820000,13.179999
0.110805,13.793333,13.126666
0.111206,13.753333,13.153334
0.111607,13.753333,13.059999
0.112008,13.740001,13.106667
0.112409,13.673334,13.059999
0.112810,13.673334,13.033334
0.113212,13.660000,12.993333
0.113613,13.646666,13.033334
0.114014,13.586667,12.953333
0.114415,13.599999,12.966667
0.114818,13.586667,12.940000
0.115220,13.553333,12.906667
0.115621,13.539999,13.059999
0.116022,13.559999,12.860000
0.116423,13.473332,12.780000
0.116825,13.460000,12.799999
0.117226,13.440000,12.826667
0.117628,13.420000,12.773334
0.118029,13.453332,12.753333
0.118430,13.353333,12.746666
0.118831,13.326666,12.693334
0.119232,13.326666,12.773334
0.119634,13.286667,12.626667
0.120036,13.233334,12.613333
0.120438,13.259999,12.606667
0.120840,13.220000,12.593333
0.121242,13.240000,12.280000
0.121644,13.166667,12.506667
0.122045,13.160000,12.493333
0.122447,13.133333,12.506667
0.122849,13.106667,12.493333
0.123250,13.053332,12.480000
0.123651,13.046666,12.453333
0.124052,12.993333,12.426666
0.124454,13.000000,12.420000
0.124855,12.993333,12.426666
0.125258,12.913333,12.346666
0.125660,12.940000,12.339999
0.126061,12.893333,12.213333
0.126462,12.873333,12.246667
0.126863,12.873333,12.246667
0.127265,12.853333,12.273333
0.127666,12.813334,12.213333
0.128067,12.806666,12.120000
0.128468,12.640000,12.126666
0.128869,12.760000,12.120000
0.129271,12.733333,12.080000
0.129672,12.746666,12.306666
0.130073,12.693334,12.073333
0.130474,12.646667,12.053333
0.130876,12.653333,11.986667
0.131278,12.586666,11.886666
0.131679,12.533333,11.946667
0.132080,12.546666,11.926666
0.132482,12.533333,11.879999
0.132883,12.540000,11.793333
0.133285,12.486667,11.860000
0.133686,12.466666,11.580000
0.134087,12.426666,11.700000
0.134489,12.400000,11.973333
0.134890,12.413333,11.760000
0.135292,12.360000,11.726666
0.135693,12.339999,11.720000
0.136094,12.339999,11.720000
0.136495,12.273333,11.673333
0.136896,12.246667,11.666666
0.137299,12.246667,11.653334
0.137700,12.200000,11.593333
0.138103,12.219999,11.633333
0.138504,12.106667,11.559999
0.138906,12.066666,11.533333
0.139307,12.080000,11.526667
0.139708,12.059999,11.493333
0.140109,12.059999,11.513333
0.140510,12.013333,11.453334
0.140912,11.993333,11.420000
0.141313,12.006666,11.246667
0.141714,11.920000,11.426666
0.142115,11.853333,11.360000
0.142516,11.886666,11.360000
0.142917,11.860000,11.333333
0.143319,11.860000,11.333333
0.143720,11.820000,11.253333
0.144122,11.806666,11.246667
0.144523,11.773334,11.240000
0.144924,11.740000,11.193334
0.145326,11.713333,11.180000
0.145727,11.720000,11.173333
0.146129,11.666666,11.113334
0.146530,11.780000,11.106667
0.146932,11.646667,11.086666
0.147333,11.580000,11.053333
0.147736,11.673333,11.020000
0.148138,11.526667,11.153333
0.148539,11.493333,11.000000
0.148940,11.513333,11.099999
0.149341,11.420000,11.006666
0.149742,11.440000,10.840000
0.150143,11.420000,10.866667
0.150544,11.386666,10.846666
0.150946,11.373333,10.846666
0.151347,11.360000,10.780000
0.151748,11.339999,10.786667
0.152149,11.313334,10.780000
0.152550,11.286666,10.726666
0.152952,11.240000,10.693333
0.153354,11.206666,10.653334
0.153755,11.173333,10.679999
0.154157,11.273333,10.660000
0.154558,11.120000,10.593333
0.154959,11.133333,10.600000
0.155361,11.186666,10.566667
0.155762,11.079999,10.566667
0.156163,11.000000,10.533334
0.156564,11.060000,10.520000
0.156965,11.066667,10.486666
0.157367,10.986667,10.426666
0.157768,11.000000,10.073334
0.158170,10.933333,10.299999
0.158572,10.860000,10.386666
0.158973,10.906667,10.366666
0.159374,10.853333,10.326667
0.159775,10.786667,10.320000
0.160176,10.793333,10.280000
0.160577,10.766666,10.299999
0.160978,10.746666,10.246666
0.161380,10.746666,10.166666
0.161782,10.686666,10.160000
0.162183,10.679999,10.173333
0.162585,10.673333,10.166666
0.162986,10.626666,10.120000
0.163387,10.613333,10.106667
0.163788,10.573333,10.073334
0.164190,10.573333,10.140000
0.164591,10.526667,10.073334
0.164993,10.500000,9.980000
0.165394,10.473333,9.953333
0.165796,10.520000,9.966666
0.166198,10.426666,9.940001
0.166599,10.426666,9.953333
0.167002,10.419999,9.633333
0.167404,10.340000,9.853333
0.167805,10.286666,9.826666
0.168207,10.299999,9.786667
0.168608,10.260000,9.786667
0.169010,10.280000,9.820000
0.169412,10.260000,9.706666
0.169815,10.193334,9.740000
0.170216,10.193334,9.706666
0.170617,10.153333,9.693333
0.171018,10.140000,9.660000
0.171420,10.126667,9.646667
0.171822,10.120000,9.613334
0.172223,10.066667,9.586666
0.172624,10.053333,9.346666
0.173025,9.966666,9.586666
0.173427,9.986667,9.493333
0.173828,9.966666,9.506666
0.174230,9.846666,9.460000
0.174632,9.940001,9.566666
0.175033,9.906666,9.266666
0.175435,9.813334,9.340000
0.175836,9.846666,9.346666
0.176237,9.826666,9.340000
0.176638,9.813334,9.346666
0.177039,9.773333,9.260000
0.177441,9.700000,9.240000
0.177842,9.673333,9.253333
0.178244,9.726666,9.206667
0.178645,9.680000,9.166666
0.179046,9.633333,9.126666
0.179448,9.626666,9.153334
0.179849,9.600000,9.106667
0.180250,9.566666,9.126666
0.180652,9.580000,9.080000
0.181054,9.573333,9.059999
0.181455,9.480000,9.020000
0.181856,9.466666,8.946667
0.182258,9.393333,8.973332
0.182660,9.400000,8.940000
0.183061,9.413333,8.866667
0.183462,9.346666,8.946667
0.183863,9.333333,8.900000
0.184266,9.286667,8.880000
0.184667,9.260000,8.826667
0.185069,9.253333,8.806666
0.185470,9.233333,8.753333
0.185871,9.186666,8.733333
0.186272,9.173333,8.740000
0.186674,9.146667,8.693334
0.187075,9.113333,8.680000
0.187477,9.093333,8.646667
0.187878,8.913333,8.593333
0.188279,9.059999,8.639999
0.188680,9.039999,8.493334
0.189081,9.013333,8.560000
0.189482,8.900000,8.546666
0.189884,8.860000,8.566667
0.190286,8.926666,8.293333
0.190687,8.820000,8.453333
0.191088,8.880000,8.593333
0.191489,8.866667,8.360000
0.191891,8.853333,8.393332
0.192292,8.793333,8.420000
0.192693,8.760000,8.373333
0.193094,8.726666,8.340000
0.193495,8.693334,8.300000
0.193896,8.700000,8.273334
0.194298,8.666666,8.226666
0.194699,8.653333,8.306666
0.195100,8.599999,8.206666
0.195501,8.593333,8.200000
0.195902,8.620000,8.153334
0.196304,8.546666,8.126666
0.196705,8.546666,8.120000
0.197106,8.486667,8.120000
0.197508,8.473333,8.053332
0.197909,8.453333,8.040000
0.198311,8.420000,8.040000
0.198712,8.393332,7.893333
0.199113,8.379999,7.946667
0.199514,8.353333,8.093333
0.199917,8.313333,7.813334
0.200319,8.306666,7.660000
0.200721,8.273334,7.873333
0.201123,8.246666,7.866666
0.201524,8.240000,7.813334
0.201925,8.200000,7.773333
0.202326,8.166667,7.806666
0.202727,8.153334,7.766666
0.203128,8.080000,7.693334
0.203530,8.086667,7.773333
0.203931,8.059999,7.653333
0.204333,8.053332,7.633333
0.204734,8.046666,7.640000
0.205135,8.000000,7.600000
0.205536,7.960000,7.606667
0.205939,7.866666,7.486667
0.206340,7.913333,7.553333
0.206741,7.853333,7.540000
0.207142,7.866666,7.506667
0.207543,7.900000,7.466667
0.207946,7.813334,7.446666
0.208347,7.826667,7.280000
0.208748,7.833333,7.413333
0.209149,7.773333,7.380000
0.209550,7.733333,7.340000
0.209952,7.693334,7.340000
0.210353,7.686666,7.333333
0.210755,7.686666,7.306666
0.211156,7.679999,7.260000
0.211557,7.613333,7.320000
0.211958,7.559999,7.226666
0.212360,7.559999,7.200000
0.212762,7.526666,7.140000
0.213163,7.500000,7.073333
0.213564,7.480000,7.200000
0.213967,7.380000,6.893333
0.214368,7.386667,7.080000
0.214769,7.526666,7.026667
0.215170,7.393333,7.073333
0.215571,7.506667,7.020000
0.215974,7.306666,6.986666
0.216375,7.306666,6.940000
0.216777,7.286667,6.926667
0.217178,7.293333,6.893333
0.217579,7.233334,6.893333
0.217982,7.213333,6.873333
0.218384,7.186666,6.826667
0.218785,7.173333,6.826667
0.219186,7.153333,6.813333
0.219588,7.153333,6.760000
0.219989,7.080000,6.806667
0.220390,7.040000,6.740000
0.220792,7.053333,6.746666
0.221193,7.006667,6.653333
0.221595,7.000000,6.706667
0.221996,6.980000,6.646667
0.222398,6.973333,6.620000
0.222799,6.933333,6.600000
0.223201,6.866666,6.640000
0.223603,6.893333,6.533333
0.224004,6.886666,6.466667
0.224406,6.826667,6.486667
0.224807,6.793334,6.466667
0.225210,6.806667,6.473333
0.225611,6.766666,6.500000
0.226012,6.753333,6.393333
0.226414,6.733333,6.373333
0.226815,6.660000,6.353333
0.227217,6.700000,6.346667
0.227618,6.673334,6.293333
0.228019,6.660000,6.286667
0.228421,6.620000,6.240000
0.228822,6.533333,6.213333
0.229223,6.506667,6.206666
0.229625,6.493333,6.186666
0.230026,6.506667,6.153333
0.230427,6.553333,6.100000
0.230828,6.533333,6.113333
0.231229,6.373333,6.080000
0.231630,6.386667,6.066667
0.232033,6.360000,6.066667
0.232434,6.333333,6.026667
0.232835,6.280000,6.073333
0.233236,6.206666,5.966666
0.233638,6.280000,5.986667
0.234039,6.266666,6.000000
0.234441,6.246666,5.940000
0.234842,6.200000,5.886667
0.235244,6.180000,5.853333
0.235645,6.146667,5.846666
0.236048,6.140000,5.846666
0.236449,6.026667,5.826667
0.236850,6.086667,5.820000
0.237251,6.026667,5.780000
0.237652,6.040000,5.760000
0.238053,6.006667,5.733333
0.238454,5.980000,5.693333
0.238856,6.000000,5.673333
0.239258,5.920000,5.626667
0.239660,5.933333,5.673333
0.240061,5.900000,5.586667
0.240462,5.913333,5.600000
0.240863,5.886667,5.486667
0.241265,5.860000,5.840000
0.241666,5.913333,5.560000
0.242067,5.866666,5.506666
0.242468,5.766666,5.500000
0.242870,5.746666,5.486667
0.243272,5.726667,5.453333
0.243673,5.713333,5.426667
0.244074,5.720000,5.426667
0.244475,5.673333,5.406666
0.244876,5.620000,5.373333
0.245278,5.620000,5.333333
0.245680,5.566667,5.313333
0.246082,5.573333,5.333333
0.246483,5.573333,5.273333
0.246884,5.566667,5.273333
0.247287,5.493333,5.240000
0.247688,5.400000,5.186666
0.248089,5.446666,5.113333
0.248490,5.420000,5.180000
0.248891,5.413333,5.373333
0.249293,5.413333,5.146667
0.249694,5.380000,5.133333
0.250095,5.306666,5.026667
0.250496,5.320000,5.086667
0.250897,5.293334,5.060000
0.251299,5.273333,5.026667
0.251700,5.246666,5.026667
0.252101,5.266667,5.006667
0.252502,5.233334,4.966667
0.252903,5.226666,4.946666
0.253305,5.160000,4.960000
0.253706,5.140000,4.900000
0.254107,5.153333,4.886666
0.254508,5.106667,4.886666
0.254909,5.086667,4.860000
0.255312,5.073333,4.806667
0.255713,5.053333,4.800000
0.256116,5.060000,4.813333
0.256517,4.993333,4.766666
0.256918,4.980000,4.746666
0.257320,4.966667,5.060000
0.257723,4.933333,4.906667
0.258124,4.920000,4.780000
0.258526,4.893333,4.686666
0.258927,4.880000,4.713333
0.259328,4.860000,4.626667
0.259729,4.853333,4.620000
0.260131,4.846666,4.600000
0.260532,4.800000,4.540000
0.260933,4.773334,4.540000
0.261335,4.773334,4.533333
0.261736,4.706666,4.520000
0.262137,4.740000,4.526667
0.262539,4.686666,4.506667
0.262940,4.660000,4.426666
0.263341,4.633333,4.460000
0.263742,4.600000,4.380000
0.264143,4.600000,4.366666
0.264545,4.586667,4.360000
0.264946,4.533333,4.353333
0.265347,4.593333,4.346667
0.265748,4.540000,4.480000
0.266149,4.500000,4.540000
0.266551,4.500000,4.286666
0.266953,4.493333,4.266666
0.267354,4.366666,4.206666
0.267755,4.440000,4.206666
0.268156,4.386666,4.186666
0.268558,4.360000,4.180000
0.268959,4.360000,4.173333
0.269361,4.353333,4.173333
0.269762,4.340000,4.113333
0.270163,4.246667,4.140000
0.270564,4.300000,4.060000
0.270965,4.280000,4.093333
0.271367,4.213334,4.046667
0.271768,4.220000,4.053333
0.272170,4.193333,4.100000
0.272572,4.146667,4.020000
0.272973,4.180000,3.986666
0.273374,4.146667,3.940000
0.273775,4.133333,4.013333
0.274177,4.086667,3.980000
0.274579,4.126667,3.680000
0.274982,4.040000,3.873333
0.275383,4.046667,3.886667
0.275785,4.033333,3.846667
0.276186,4.026666,3.820000
0.276588,4.013333,3.740000
0.276991,4.000000,3.806666
0.277392,3.940000,3.686666
0.277793,3.973333,3.700000
0.278195,3.946667,3.726667
0.278596,3.866667,3.666667
0.278999,3.880000,3.660000
0.279400,3.866667,3.660000
0.279801,3.880000,3.620000
0.280203,3.820000,3.620000
0.280604,3.740000,3.613333
0.281005,3.733333,3.620000
0.281406,3.820000,3.560000
0.281807,3.700000,3.540000
0.282208,3.686666,3.506667
0.282609,3.673333,3.746666
0.283010,3.600000,3.526666
0.283412,3.700000,3.406667
0.283813,3.640000,3.313333
0.284214,3.626667,3.420000
0.284616,3.586667,3.406667
0.285017,3.573333,3.420000
0.285419,3.546667,3.393333
0.285820,3.526666,3.400000
0.286221,3.500000,3.326667
0.286622,3.486667,3.346666
0.287024,3.480000,3.313333
0.287426,3.473333,3.313333
0.287827,3.420000,3.260000
0.288228,3.433333,3.286667
0.288629,3.433333,3.233333
0.289030,3.406667,3.193333
0.289432,3.360000,3.213333
0.289833,3.320000,3.193333
0.290234,3.333333,3.213333
0.290636,3.300000,3.133333
0.291037,3.306667,3.140000
0.291438,3.300000,3.133333
0.291840,3.273333,3.193333
0.292242,3.226667,3.406667
0.292643,3.226667,3.086667
0.293044,3.433333,3.040000
0.293446,3.220000,3.033333
0.293847,3.193333,3.040000
0.294249,3.140000,3.033333
0.294651,3.133333,3.046667
0.295052,3.133333,2.960000
0.295454,3.093333,2.966666
0.295855,3.106667,2.933333
0.296256,3.053333,2.880000
0.296657,3.046667,2.926667
0.297059,3.033333,2.913333
0.297461,3.013333,2.880000
0.297863,2.993333,2.900000
0.298266,2.980000,2.860000
0.298667,2.960000,2.826667
0.299068,2.953333,2.766667
0.299470,2.893333,2.900000
0.299871,2.906667,2.786667
0.300272,2.900000,2.733333
0.300673,2.886667,2.720000
0.301074,2.866667,2.726667
0.301476,2.826667,2.746667
0.301877,2.833333,2.693333
0.302279,2.753333,2.700000
0.302680,2.773333,2.646667
0.303081,2.526667,2.640000
0.303482,2.733333,2.646667
0.303883,2.680000,2.640000
0.304285,2.706666,2.626667
0.304687,2.713333,2.646667
0.305089,2.693333,2.560000
0.305490,2.693333,2.546667
0.305891,2.666667,2.533333
0.306293,2.660000,2.486667
0.306694,2.626667,2.486667
0.307095,2.620000,2.506666
0.307497,2.626667,2.473333
0.307898,2.593333,2.460000
0.308300,2.586667,2.433333
0.308701,2.566667,2.446667
0.309104,2.526667,2.433333
0.309507,2.480000,2.420000
0.309908,2.506666,2.400000
0.310309,2.500000,2.380000
0.310711,2.460000,2.433333
0.311112,2.440000,2.280000
0.311514,2.446667,2.340000
0.311915,2.426666,2.313333
0.312317,2.413333,2.313333
0.312718,2.446667,2.293333
0.313119,2.340000,2.166667
0.313521,2.353333,2.186667
0.313922,2.393333,2.246667
0.314323,2.366667,2.240000
0.314725,2.386667,2.213333
0.315126,2.326667,2.246667
0.315529,2.286667,2.173333
0.315930,2.220000,2.166667
0.316332,2.253333,2.320000
0.316733,2.233333,2.100000
0.317134,2.120000,2.140000
0.317535,2.213333,2.120000
0.317937,2.173333,2.086667
0.318339,2.193333,2.126667
0.318741,2.133333,2.086667
0.319143,2.140000,2.026667
0.319545,2.133333,2.060000
0.319946,2.120000,2.026667
0.320347,2.106667,2.026667
0.320748,2.093333,2.046667
0.321149,2.086667,2.000000
0.321551,2.040000,1.946667
0.321952,2.060000,1.933333
0.322354,2.013333,1.966667
0.322755,2.086667,1.966667
0.323157,2.026667,1.906667
0.323559,1.980000,1.913333
0.323961,1.993333,1.893333
0.324362,1.986667,1.760000
0.324764,2.006667,1.820000
0.325166,2.040000,1.880000
0.325568,1.933333,1.840000
0.325970,1.933333,1.853333
0.326372,1.886667,1.820000
0.326773,1.886667,1.786667
0.327175,1.893333,1.793333
0.327576,1.880000,1.773333
0.327978,1.860000,1.760000
0.328380,1.600000,1.733333
0.328781,2.093333,1.733333
0.329183,1.813333,1.706667
0.329585,1.766667,1.720000
0.329987,1.786667,1.700000
0.330390,1.760000,1.700000
0.330791,1.793333,1.646667
0.331192,1.733333,1.653333
0.331594,1.733333,1.640000
0.331995,1.700000,1.646667
0.332397,1.706667,1.653333
0.332798,1.673333,1.560000
0.333199,1.640000,1.540000
0.333600,1.653333,1.600000
0.334001,1.646667,1.613333
0.334402,1.633333,1.593333
0.334805,1.640000,1.560000
0.335207,1.600000,1.533333
0.335609,1.600000,1.540000
0.336011,1.586667,1.520000
0.336413,1.580000,1.506667
0.336815,1.546667,1.466667
0.337217,1.560000,1.473333
0.337619,1.493333,1.473333
0.338022,1.486667,1.453333
0.338423,1.486667,1.466667
0.338824,1.413333,1.513333
0.339225,1.506667,1.360000
0.339627,1.653333,1.393333
0.340028,1.466667,1.400000
0.340429,1.466667,1.393333
0.340830,1.413333,1.380000
0.341231,1.506667,1.326667
0.341632,1.413333,1.380000
0.342033,1.386667,1.326667
0.342434,1.393333,1.346667
0.342837,1.386667,1.320000
0.343238,1.346667,1.300000
0.343639,1.353333,1.260000
0.344041,1.366667,1.300000
0.344442,1.333333,1.366667
0.344843,1.393333,1.266667
0.345245,1.300000,1.200000
0.345646,1.313333,1.246667
0.346047,1.300000,1.233333
0.346448,1.360000,1.240000
0.346849,1.273333,1.206667
0.347251,1.226667,1.206667
0.347653,1.233333,1.206667
0.348055,1.260000,1.086667
0.348457,1.206667,1.186667
0.348859,1.206667,1.266667
0.349264,1.206667,1.160000
0.349667,1.173333,1.126667
0.350068,1.146667,1.046667
0.350469,1.246667,1.133333
0.350871,1.160000,1.120000
0.351272,1.153333,1.086667
0.351673,1.126667,1.080000
0.352074,1.133333,1.060000
0.352475,1.120000,1.060000
0.352876,1.106667,1.060000
0.353278,1.093333,1.033333
0.353680,1.020000,1.126667
0.354081,1.040000,1.033333
0.354482,1.040000,1.020000
0.354883,1.033333,0.960000
0.355285,1.060000,0.993333
0.355686,1.040000,0.980000
0.356088,1.026667,1.006667
0.356489,1.053333,1.100000
0.356891,1.006667,0.946667
0.357292,0.973333,1.053333
0.357694,1.020000,1.140000
0.358095,0.966667,0.946667
0.358496,0.993333,0.946667
0.358897,0.953333,0.946667
0.359299,0.986667,0.946667
0.359700,0.946667,0.946667
0.360101,0.946667,0.946667
0.360504,0.946667,0.946667
0.360906,1.046667,0.946667
0.361307,0.960000,0.946667
0.361708,0.946667,0.946667
0.362109,0.946667,0.946667
0.362510,0.946667,0.946667
0.362911,0.946667,0.946667
0.363313,0.946667,0.946667
0.363715,0.946667,0.946667
0.364116,0.946667,0.946667
0.364518,0.946667,0.946667
0.364920,0.946667,0.946667
0.365321,0.946667,0.946667
0.365722,0.946667,0.946667
0.366124,0.946667,0.946667
0.366525,0.946667,0.946667
0.366927,0.946667,0.946667
0.367328,0.946667,0.946667
0.367729,0.946667,0.946667
0.368131,0.946667,0.946667
0.368532,0.946667,0.946667
0.368933,0.946667,0.946667
0.369334,0.946667,0.946667
0.369735,0.946667,0.946667
0.370137,0.946667,0.946667
0.370539,0.946667,0.946667
0.370941,0.946667,0.946667
0.371342,0.946667,0.946667
0.371744,0.946667,0.946667
0.372145,0.946667,0.946667
0.372546,0.946667,0.946667
0.372947,0.946667,0.946667
0.373348,0.946667,0.946667
0.373750,0.946667,0.946667
0.374152,0.946667,0.946667
0.374553,0.946667,0.946667
0.374954,0.946667,0.946667
0.375355,0.946667,0.946667
0.375756,0.946667,0.946667
0.376158,0.946667,0.946667
0.376559,0.946667,0.946667
0.376962,0.946667,0.946667
0.377363,0.946667,0.946667
0.377764,0.946667,0.946667
0.378165,0.946667,0.946667
0.378567,0.946667,0.946667
0.378969,0.946667,0.946667
0.379371,0.946667,0.946667
0.379772,0.946667,0.946667
0.380173,0.946667,0.946667
0.380574,0.946667,0.946667
0.380975,0.946667,0.946667
0.381376,0.946667,0.946667
0.381778,0.946667,0.946667
0.382179,0.946667,0.946667
0.382581,0.946667,0.946667
0.382982,0.946667,0.946667
0.383383,0.946667,0.946667
0.383784,0.946667,0.946667
0.384185,0.946667,0.946667
0.384586,0.946667,0.946667
0.384987,0.946667,0.946667
0.385388,0.946667,0.946667
0.385789,0.946667,0.946667
0.386190,0.946667,0.946667
0.386591,0.946667,0.946667
0.386993,0.946667,0.946667
0.387394,0.946667,0.946667
0.387795,0.946667,0.946667
0.388197,0.946667,0.946667
0.388598,0.946667,0.946667
0.388999,0.946667,0.946667
0.389400,0.946667,0.946667
0.389801,0.946667,0.946667
0.390203,0.946667,0.946667
0.390604,0.946667,0.946667
0.391005,0.946667,0.946667
0.391407,0.946667,0.946667
0.391808,0.946667,0.946667
0.392210,0.946667,0.946667
0.392612,0.946667,0.946667
0.393013,0.946667,0.946667
0.393414,0.946667,0.946667
0.393817,0.946667,0.946667
0.394219,0.946667,0.946667
0.394620,0.946667,0.946667
0.395021,0.946667,0.946667
0.395422,0.946667,0.946667
0.395825,0.946667,0.946667
0.396226,0.946667,0.946667
0.396628,0.946667,0.946667
0.397029,0.946667,0.946667
0.397430,0.946667,0.946667
0.397832,0.946667,0.946667
0.398234,0.946667,0.946667
0.398636,0.946667,0.946667
0.399038,0.946667,0.946667
0.399440,0.946667,0.946667
0.399842,0.946667,0.946667
0.400244,0.946667,0.946667
0.400646,0.946667,0.946667
0.401048,0.946667,0.946667
0.401449,0.946667,0.946667
0.401851,0.946667,0.946667
0.402253,0.946667,0.946667
0.402654,0.946667,0.946667
0.403056,0.946667,0.946667
0.403458,0.946667,0.946667
0.403859,0.946667,0.946667
0.404260,0.946667,0.946667
0.404661,0.946667,0.946667
0.405062,0.946667,0.946667
0.405464,0.946667,0.946667
0.405866,0.946667,0.946667
0.406267,0.946667,0.946667
0.406668,0.946667,0.946667
0.407069,0.946667,0.946667
0.407471,0.946667,0.946667
0.407872,0.946667,0.946667
0.408273,0.946667,0.946667
0.408674,0.946667,0.946667
0.409075,0.946667,0.946667
0.409477,0.946667,0.946667
0.409878,0.946667,0.946667
0.410280,0.946667,0.946667
0.410681,0.946667,0.946667
0.411083,0.946667,0.946667
0.411484,0.946667,0.946667
0.411887,0.946667,0.946667
0.412288,0.946667,0.946667
0.412689,0.946667,0.946667
0.413090,0.946667,0.946667
0.413491,0.946667,0.946667
0.413892,0.946667,0.946667
0.414293,0.946667,0.946667
0.414694,0.946667,0.946667
0.415095,0.946667,0.946667
0.415496,0.946667,0.946667
0.415897,0.946667,0.946667
0.416299,0.946667,0.946667
0.416700,0.946667,0.946667
0.417101,0.946667,0.946667
0.417502,0.946667,0.946667
0.417904,0.946667,0.946667
0.418306,0.946667,0.946667
0.418707,0.946667,0.946667
0.419108,0.946667,0.946667
0.419509,0.946667,0.946667
0.419910,0.946667,0.946667
0.420312,0.946667,0.946667
0.420713,0.946667,0.946667
0.421116,0.946667,0.946667
0.421517,0.946667,0.946667
0.421918,0.946667,0.946667
0.422320,0.946667,0.946667
0.422721,0.946667,0.946667
0.423124,0.946667,0.946667
0.423525,0.946667,0.946667
0.423928,0.946667,0.946667
0.424329,0.946667,0.946667
0.424730,0.946667,0.946667
0.425132,0.946667,0.946667
0.425534,0.946667,0.946667
0.425936,0.946667,0.946667
0.426338,0.946667,0.946667
0.426739,0.946667,0.946667
0.427141,0.946667,0.946667
0.427542,0.946667,0.946667
0.427945,0.946667,0.946667
0.428347,0.946667,0.946667
0.428748,0.946667,0.946667
0.429149,0.946667,0.946667
0.429550,0.946667,0.946667
0.429951,0.946667,0.946667
0.430353,0.946667,0.946667
0.430754,0.946667,0.946667
0.431155,0.946667,0.946667
0.431557,0.946667,0.946667
0.431958,0.946667,0.946667
0.432360,0.946667,0.946667
0.432761,0.946667,0.946667
0.433163,0.946667,0.946667
0.433565,0.946667,0.946667
0.433966,0.946667,0.946667
0.434367,0.946667,0.946667
0.434769,0.946667,0.946667
0.435170,0.946667,0.946667
0.435571,0.946667,0.946667
0.435972,0.946667,0.946667
0.436373,0.946667,0.946667
0.436776,0.946667,0.946667
0.437178,0.946667,0.946667
0.437579,0.946667,0.946667
0.437981,0.946667,0.946667
0.438382,0.946667,0.946667
0.438785,0.946667,0.946667
0.439187,0.946667,0.946667
0.439588,0.946667,0.946667
0.439989,0.946667,0.946667
0.440390,0.946667,0.946667
0.440792,0.946667,0.946667
0.441193,0.946667,0.946667
0.441595,0.946667,0.946667
0.441996,0.946667,0.946667
0.442398,0.946667,0.946667
0.442799,0.946667,0.946667
0.443200,0.946667,0.946667
0.443601,0.946667,0.946667
0.444003,0.946667,0.946667
0.444406,0.946667,0.946667
0.444808,0.946667,0.946667
0.445210,0.946667,0.946667
0.445612,0.946667,0.946667
0.446013,0.946667,0.946667
0.446415,0.946667,0.946667
0.446816,0.946667,0.946667
0.447218,0.946667,0.946667
0.447619,0.946667,0.946667
0.448020,0.946667,0.946667
0.448421,0.946667,0.946667
0.448822,0.946667,0.946667
0.449224,0.946667,0.946667
0.449625,0.946667,0.946667
0.450026,0.946667,0.946667
0.450427,0.946667,0.946667
0.450830,0.946667,0.946667
0.451231,0.946667,0.946667
0.451632,0.946667,0.946667
0.452033,0.946667,0.946667
0.452434,0.946667,0.946667
0.452835,0.946667,0.946667
0.453236,0.946667,0.946667
0.453637,0.946667,0.946667
0.454038,0.946667,0.946667
0.454440,0.946667,0.946667
0.454842,0.946667,0.946667
0.455244,0.946667,0.946667
0.455645,0.946667,0.946667
0.456046,0.946667,0.946667
0.456448,0.946667,0.946667
0.456849,0.946667,0.946667
0.457250,0.946667,0.946667
0.457651,0.946667,0.946667
0.458052,0.946667,0.946667
0.458453,0.946667,0.946667
0.458854,0.946667,0.946667
0.459255,0.946667,0.946667
0.459656,0.946667,0.946667
0.460057,0.946667,0.946667
0.460459,0.946667,0.946667
0.460860,0.946667,0.946667
0.461266,0.946667,0.946667
0.461667,0.946667,0.946667
0.462068,0.946667,0.946667
0.462469,0.946667,0.946667
0.462870,0.946667,0.946667
0.463272,0.946667,0.946667
0.463673,0.946667,0.946667
0.464074,0.946667,0.946667
0.464476,0.946667,0.946667
0.464877,0.946667,0.946667
0.465279,0.946667,0.946667
0.465680,0.946667,0.946667
0.466082,0.946667,0.946667
0.466484,0.946667,0.946667
0.466886,0.946667,0.946667
0.467287,0.946667,0.946667
0.467690,0.946667,0.946667
0.468091,0.946667,0.946667
0.468493,0.946667,0.946667
0.468894,0.946667,0.946667
0.469295,0.946667,0.946667
0.469696,0.946667,0.946667
0.470098,0.946667,0.946667
0.470499,0.946667,0.946667
0.470900,0.946667,0.946667
0.471301,0.946667,0.946667
0.471703,0.946667,0.946667
0.472104,0.946667,0.946667
0.472505,0.946667,0.946667
0.472906,0.946667,0.946667
0.473307,0.946667,0.946667
0.473709,0.946667,0.946667
0.474110,0.946667,0.946667
0.474511,0.946667,0.946667
0.474914,0.946667,0.946667
0.475315,0.946667,0.946667
0.475716,0.946667,0.946667
0.476118,0.946667,0.946667
0.476520,0.946667,0.946667
0.476921,0.946667,0.946667
0.477322,0.946667,0.946667
0.477724,0.946667,0.946667
0.478125,0.946667,0.946667
0.478527,0.946667,0.946667
0.478928,0.946667,0.946667
0.479330,0.946667,0.946667
0.479731,0.946667,0.946667
0.480132,0.946667,0.946667
0.480533,0.946667,0.946667
0.480934,0.946667,0.946667
0.481335,0.946667,0.946667
0.481736,0.946667,0.946667
0.482138,0.953333,0.946667
0.482539,0.953333,0.946667
0.482941,0.960000,0.946667
0.483342,1.000000,0.946667
0.483745,1.026667,0.960000
0.484147,1.013333,0.980000
0.484548,1.013333,1.006667
0.484949,1.026667,0.993333
0.485350,1.026667,1.013333
0.485752,1.020000,1.013333
0.486153,1.040000,1.060000
0.486554,1.033333,1.020000
0.486955,1.073333,0.973333
0.487356,1.013333,1.026667
0.487759,1.086667,1.040000
0.488161,1.106667,1.046667
0.488562,1.120000,1.086667
0.488963,1.133333,1.033333
0.489365,1.126667,1.053333
0.489766,1.166667,1.106667
0.490168,1.200000,1.120000
0.490569,1.246667,1.113333
0.490970,1.173333,1.146667
0.491372,1.200000,1.140000
0.491773,1.166667,1.140000
0.492175,1.206667,1.146667
0.492577,1.206667,1.173333
0.492978,1.213333,1.186667
0.493380,1.246667,1.200000
0.493782,1.286667,1.206667
0.494183,1.246667,1.240000
0.494584,1.273333,1.213333
0.494985,1.300000,1.286667
0.495386,1.286667,1.246667
0.495787,1.273333,1.266667
0.496188,1.300000,1.320000
0.496589,1.313333,1.286667
0.496991,1.353333,1.240000
0.497393,1.340000,1.300000
0.497794,1.380000,1.300000
0.498196,1.353333,1.313333
0.498598,1.413333,1.306667
0.498999,1.373333,1.346667
0.499401,1.453333,1.486667
0.499803,1.446667,1.360000
0.500204,1.466667,1.400000
0.500605,1.433333,1.373333
0.501006,1.433333,1.386667
0.501407,1.480000,1.360000
0.501808,1.480000,1.420000
0.502210,1.513333,1.413333
0.502612,1.526667,1.413333
0.503014,1.493333,1.440000
0.503415,1.533333,1.680000
0.503818,1.560000,1.460000
0.504220,1.520000,1.486667
0.504621,1.560000,1.500000
0.505023,1.573333,1.486667
0.505425,1.593333,1.540000
0.505826,1.573333,1.560000
0.506227,1.606667,1.560000
0.506628,1.640000,1.566667
0.507029,1.653333,1.560000
0.507430,1.633333,1.580000
0.507831,1.680000,1.280000
0.508232,1.633333,1.573333
0.508634,1.760000,1.646667
0.509035,1.713333,1.633333
0.509436,1.733333,1.606667
0.509837,1.726667,1.673333
0.510238,1.726667,1.660000
0.510640,1.760000,1.653333
0.511041,1.760000,1.666667
0.511443,1.780000,1.713333
0.511844,1.826667,1.733333
0.512245,1.793333,1.840000
0.512647,1.860000,1.733333
0.513048,1.860000,1.740000
0.513451,1.860000,1.746667
0.513853,1.866667,1.760000
0.514255,1.893333,1.760000
0.514656,1.780000,1.820000
0.515058,1.806667,1.800000
0.515460,1.913333,1.820000
0.515861,1.986667,1.566667
0.516266,1.913333,1.740000
0.516667,1.940000,1.893333
0.517068,1.906667,1.906667
0.517470,2.006667,1.906667
0.517872,1.993333,1.906667
0.518273,2.006667,1.906667
0.518674,2.026667,1.913333
0.519075,2.080000,1.960000
0.519476,2.066667,1.993333
0.519877,2.073333,1.993333
0.520278,2.113333,1.986667
0.520679,2.086667,2.000000
0.521081,2.093333,2.020000
0.521482,2.100000,2.006667
0.521883,2.140000,2.000000
0.522285,2.160000,2.066667
0.522687,2.166667,2.093333
0.523088,2.173333,2.126667
0.523489,2.213333,1.973333
0.523891,2.246667,2.180000
0.524292,2.266667,2.106667
0.524693,2.266667,2.126667
0.525094,2.320000,2.173333
0.525495,2.293333,2.213333
0.525896,2.280000,2.220000
0.526298,2.340000,2.193333
0.526699,2.306667,2.206667
0.527100,2.326667,2.206667
0.527501,2.360000,2.260000
0.527902,2.393333,2.346667
0.528305,2.453333,2.286667
0.528706,2.373333,2.273333
0.529109,2.426666,2.280000
0.529511,2.433333,2.420000
0.529913,2.460000,2.340000
0.530314,2.440000,2.433333
0.530717,2.500000,2.373333
0.531118,2.513333,2.366667
0.531520,2.506666,2.420000
0.531922,2.520000,2.406667
0.532324,2.540000,2.400000
0.532727,2.533333,2.446667
0.533129,2.506666,2.433333
0.533530,2.600000,2.453333
0.533932,2.633333,2.493333
0.534333,2.613333,2.493333
0.534735,2.633333,2.593333
0.535136,2.660000,2.533333
0.535538,2.633333,2.560000
0.535939,2.673333,2.613333
0.536340,2.673333,2.580000
0.536741,2.740000,2.626667
0.537142,2.733333,2.613333
0.537543,2.760000,2.640000
0.537946,2.753333,2.646667
0.538347,2.873333,2.693333
0.538748,2.800000,2.673333
0.539149,2.840000,2.693333
0.539551,2.806667,2.706666
0.539952,2.840000,2.726667
0.540354,2.880000,2.766667
0.540755,2.766667,2.786667
0.541156,2.853333,2.800000
0.541557,2.933333,2.853333
0.541958,2.980000,2.840000
0.542360,2.966666,2.820000
0.542761,2.966666,2.826667
0.543163,2.993333,2.873333
0.543564,3.006667,2.580000
0.543966,3.026667,2.933333
0.544367,3.066667,2.880000
0.544768,3.053333,2.973333
0.545170,3.073333,2.953333
0.545571,3.000000,2.906667
0.545972,3.113333,2.960000
0.546373,3.133333,2.933333
0.546774,3.133333,3.020000
0.547176,3.193333,2.953333
0.547577,3.166667,3.020000
0.547978,3.186666,3.053333
0.548380,3.233333,2.986667
0.548782,3.280000,3.086667
0.549184,3.273333,2.980000
0.549585,3.273333,3.173333
0.549986,3.293333,3.133333
0.550388,3.353333,3.133333
0.550790,3.320000,3.200000
0.551192,3.280000,3.186666
0.551593,3.353333,3.193333
0.551994,3.413333,3.220000
0.552395,3.386667,3.286667
0.552797,3.393333,3.273333
0.553198,3.433333,3.286667
0.553599,3.460000,3.313333
0.554000,3.480000,3.306667
0.554401,3.493333,3.313333
0.554802,3.506667,3.253333
0.555203,3.366667,3.340000
0.555605,3.520000,3.386667
0.556006,3.606667,3.440000
0.556407,3.580000,3.406667
0.556808,3.613333,3.406667
0.557209,3.666667,3.400000
0.557610,3.633333,3.486667
0.558012,3.626667,3.493333
0.558414,3.673333,3.500000
0.558815,3.673333,3.400000
0.559217,3.646667,3.520000
0.559618,3.713333,3.560000
0.560021,3.733333,3.573333
0.560422,3.786667,3.653333
0.560823,3.786667,3.586667
0.561224,3.833333,3.593333
0.561626,3.726667,3.646667
0.562027,3.886667,3.660000
0.562429,3.873333,3.686666
0.562830,3.926666,3.713333
0.563231,3.920000,3.700000
0.563633,3.980000,3.720000
0.564034,3.960000,3.740000
0.564435,4.013333,3.866667
0.564836,4.013333,3.820000
0.565237,4.013333,4.053333
0.565638,4.033333,3.973333
0.566039,4.060000,3.926666
0.566441,4.093333,3.820000
0.566842,4.093333,3.900000
0.567244,4.120000,3.940000
0.567645,4.120000,3.940000
0.568047,4.166667,3.900000
0.568449,4.186666,4.013333
0.568850,4.186666,4.013333
0.569251,4.213334,4.013333
0.569653,4.240000,4.066667
0.570055,4.233333,4.053333
0.570456,4.226666,4.073333
0.570857,4.340000,4.100000
0.571258,4.333333,4.133333
0.571659,4.313334,4.153333
0.572062,4.360000,4.140000
0.572463,4.333333,4.146667
0.572864,4.360000,4.186666
0.573266,4.433333,4.186666
0.573667,4.433333,4.220000
0.574068,4.446667,4.186666
0.574469,4.493333,4.280000
0.574870,4.513333,4.380000
0.575272,4.513333,4.280000
0.575673,4.520000,4.306667
0.576074,4.546667,4.340000
0.576476,4.580000,4.366666
0.576877,4.600000,4.360000
0.577279,4.606667,4.333333
0.577680,4.626667,4.440000
0.578081,4.660000,4.380000
0.578482,4.653333,4.446667
0.578883,4.680000,4.480000
0.579285,4.713333,4.480000
0.579686,4.753333,4.540000
0.580087,4.753333,4.540000
0.580489,4.786666,4.540000
0.580890,4.840000,4.520000
0.581292,4.813333,4.520000
0.581693,4.873333,4.626667
0.582094,4.893333,4.633333
0.582497,4.866667,4.573333
0.582899,4.946666,4.680000
0.583300,4.906667,4.713333
0.583702,4.913333,4.746666
0.584103,4.966667,4.740000
0.584504,4.980000,4.766666
0.584906,5.040000,4.766666
0.585307,5.013333,4.806667
0.585710,5.053333,4.786666
0.586111,5.073333,4.840000
0.586513,5.066667,4.833333
0.586914,5.140000,4.906667
0.587315,5.146667,4.853333
0.587717,5.166667,4.693333
0.588118,5.166667,4.926667
0.588521,5.160000,4.986667
0.588922,5.266667,5.000000
0.589323,5.260000,4.993333
0.589724,5.300000,5.040000
0.590125,5.313333,5.060000
0.590526,5.333333,5.060000
0.590929,5.373333,5.080000
0.591331,5.373333,5.113333
0.591733,5.400000,5.120000
0.592134,5.373333,5.146667
0.592536,5.426667,5.153333
0.592938,5.460000,5.166667
0.593340,5.440000,5.113333
0.593741,5.493333,5.233334
0.594142,5.513333,5.240000
0.594543,5.493333,5.293334
0.594945,5.573333,5.280000
0.595347,5.580000,5.326667
0.595750,5.600000,5.333333
0.596151,5.620000,5.366667
0.596553,5.653333,5.406666
0.596954,5.686666,5.406666
0.597356,5.646667,5.413333
0.597757,5.666667,5.420000
0.598159,5.826667,5.446666
0.598561,5.726667,5.500000
0.598962,5.746666,5.693333
0.599363,5.793334,5.213333
0.599765,5.746666,5.506666
0.600166,5.846666,5.573333
0.600568,5.893333,5.713333
0.600970,5.900000,5.586667
0.601372,5.693333,5.640000
0.601773,5.926667,5.673333
0.602174,5.960000,5.666667
0.602575,5.953333,5.686666
0.602976,5.993333,5.700000
0.603378,6.026667,5.820000
0.603779,6.000000,5.760000
0.604180,6.100000,5.766666
0.604582,6.100000,5.800000
0.604983,6.080000,5.833333
0.605385,6.166667,5.833333
0.605787,6.126667,5.900000
0.606188,6.186666,5.900000
0.606589,6.220000,5.933333
0.606990,6.206666,5.993333
0.607391,6.253334,5.966666
0.607793,6.160000,6.006667
0.608195,6.313334,6.113333
0.608597,6.413333,6.026667
0.608998,6.346667,6.026667
0.609400,6.373333,6.086667
0.609801,6.400000,6.100000
0.610203,6.433333,6.140000
0.610605,6.460000,6.140000
0.611006,6.660000,6.166667
0.611407,6.553333,6.213333
0.611810,6.526666,6.206666
0.612211,6.500000,6.193333
0.612612,6.546667,6.220000
0.613014,6.620000,6.326666
0.613417,6.640000,6.526666
0.613819,6.646667,6.406667
0.614220,6.666667,6.280000
0.614621,6.720000,6.393333
0.615022,6.706667,6.286667
0.615423,6.840000,6.406667
0.615824,6.800000,6.373333
0.616226,6.806667,6.606667
0.616627,6.820000,6.453333
0.617028,6.840000,6.340000
0.617429,6.873333,6.546667
0.617830,6.893333,6.546667
0.618232,6.920000,6.546667
0.618633,6.960000,6.600000
0.619034,6.966666,6.640000
0.619435,6.993333,6.713333
0.619838,7.013333,6.700000
0.620240,7.006667,6.700000
0.620641,7.060000,6.726666
0.621043,7.066666,6.720000
0.621444,7.126667,6.753333
0.621845,7.080000,6.833333
0.622247,7.133334,6.826667
0.622648,7.166667,6.813333
0.623049,7.173333,6.860000
0.623450,7.233334,6.900000
0.623852,7.226666,6.900000
0.624254,7.313333,6.953333
0.624656,7.313333,6.953333
0.625058,7.273333,6.986666
0.625459,7.326666,6.986666
0.625860,7.320000,7.033333
0.626266,7.420000,7.086666
0.626667,7.426666,7.046667
0.627068,7.440000,7.106667
0.627469,7.480000,7.126667
0.627870,7.486667,7.126667
0.628272,7.433333,7.153333
0.628673,7.546666,7.193333
0.629074,7.586667,7.213333
0.629475,7.566667,7.226666
0.629877,7.600000,7.260000
0.630279,7.653333,7.313333
0.630680,7.646666,7.293333
0.631081,7.679999,7.353333
0.631482,7.706666,7.340000
0.631884,7.740000,7.373333
0.632286,7.760000,7.413333
0.632687,7.679999,7.386667
0.633089,7.820000,7.186666
0.633490,7.860000,7.520000
0.633893,7.866666,7.393333
0.634294,7.886666,7.520000
0.634695,7.900000,7.513333
0.635096,7.933333,7.566667
0.635498,7.946667,7.566667
0.635900,7.973333,7.600000
0.636301,8.026667,7.653333
0.636702,8.033334,7.660000
0.637105,8.053332,7.660000
0.637507,8.100000,7.926667
0.637908,8.133333,7.706666
0.638309,8.120000,7.726667
0.638711,8.153334,7.766666
0.639112,8.173333,7.780000
0.639514,8.186666,7.866666
0.639915,8.193333,7.793334
0.640316,8.266666,7.993333
0.640718,8.286667,7.893333
0.641119,8.326666,8.300000
0.641522,8.320000,8.013333
0.641923,8.353333,7.933333
0.642325,8.373333,7.986666
0.642726,8.400000,8.006666
0.643128,8.426667,7.940000
0.643533,8.513332,8.073333
0.643934,8.480000,7.973333
0.644337,8.520000,8.046666
0.644738,8.540000,8.126666
0.645139,8.540000,8.126666
0.645540,8.573333,8.153334
0.645942,8.613334,8.153334
0.646343,8.626667,8.179999
0.646744,8.653333,8.246666
0.647145,8.686666,8.206666
0.647546,8.746667,8.273334
0.647947,8.700000,8.333333
0.648348,8.733333,8.300000
0.648751,8.800000,8.373333
0.649153,8.793333,8.420000
0.649555,8.860000,8.393332
0.649956,8.813334,8.213333
0.650358,8.886666,8.433333
0.650759,8.893333,8.493334
0.651160,8.920000,8.513332
0.651562,8.946667,8.513332
0.651963,8.980000,8.560000
0.652364,8.966666,8.566667
0.652766,9.099999,8.826667
0.653168,9.073333,8.620000
0.653569,9.093333,8.680000
0.653970,9.146667,8.646667
0.654372,9.106667,8.680000
0.654773,9.166666,8.746667
0.655175,9.206667,8.506666
0.655577,9.153334,8.753333
0.655978,9.253333,8.793333
0.656379,9.246666,8.773333
0.656780,9.226666,9.020000
0.657182,9.413333,9.080000
0.657583,9.440000,8.866667
0.657986,9.346666,9.086667
0.658387,9.346666,9.059999
0.658789,9.346666,8.486667
0.659191,9.493333,9.080000
0.659593,9.466666,8.973332
0.659994,9.400000,9.046666
0.660395,9.513333,9.093333
0.660796,9.526667,9.073333
0.661198,9.606667,9.093333
0.661599,9.613334,9.099999
0.662000,9.600000,9.146667
0.662401,9.626666,9.499999
0.662802,9.700000,9.213333
0.663203,9.753333,9.200000
0.663604,9.719999,9.246666
0.664005,9.686666,9.233333
0.664406,9.813334,9.320000
0.664807,9.833333,9.293333
0.665208,9.880000,9.313333
0.665609,9.866667,9.186666
0.666010,9.866667,9.346666
0.666412,9.900000,9.566666
0.666813,9.926666,9.613334
0.667214,9.953333,9.473333
0.667616,9.966666,9.493333
0.668017,10.000000,9.520000
0.668418,10.020000,9.580000
0.668819,10.053333,9.546667
0.669220,10.179999,9.613334
0.669621,10.093333,9.600000
0.670024,10.133333,9.613334
0.670426,10.160000,9.686666
0.670828,10.240000,9.700000
0.671229,10.179999,9.733334
0.671630,10.253333,9.793333
0.672031,10.246666,9.740000
0.672433,10.246666,9.780000
0.672834,10.320000,9.793333
0.673237,10.313334,9.653333
0.673639,10.373333,9.846666
0.674040,10.393333,9.806666
0.674441,10.400000,9.893332
0.674843,10.426666,10.333333
0.675245,10.480000,9.886666
0.675647,10.466667,9.966666
0.676049,10.520000,9.980000
0.676451,10.520000,9.993333
0.676852,10.546666,10.053333
0.677254,10.553332,10.086666
0.677656,10.586667,10.093333
0.678057,10.613333,10.140000
0.678458,10.620000,10.133333
0.678859,10.660000,10.106667
0.679265,10.693333,10.160000
0.679666,10.713333,10.166666
0.680068,10.746666,10.226666
0.680469,10.820000,10.260000
0.680870,10.806666,10.313334
0.681272,10.973333,10.313334
0.681673,10.853333,10.386666
0.682074,10.826666,10.366666
0.682475,10.900000,10.333333
0.682876,11.000000,10.413333
0.683279,10.966666,10.486666
0.683680,10.906667,10.326667
0.684081,11.020000,10.426666
0.684482,11.093333,10.500000
0.684885,11.060000,10.513333
0.685287,11.079999,10.566667
0.685690,11.093333,10.559999
0.686092,11.133333,10.593333
0.686493,11.173333,10.626666
0.686894,11.166666,10.639999
0.687295,11.200000,10.666667
0.687698,11.233333,10.720000
0.688100,11.246667,10.700000
0.688502,11.293333,10.746666
0.688903,11.273333,10.726666
0.689305,11.333333,10.766666
0.689706,11.380000,10.826666
0.690107,11.326667,10.826666
0.690509,11.373333,10.840000
0.690910,11.420000,10.873333
0.691312,11.406666,10.900000
0.691713,11.380000,10.933333
0.692115,11.486667,10.486666
0.692516,11.533333,11.086666
0.692917,11.553333,11.046666
0.693319,11.573333,11.020000
0.693720,11.666666,11.106667
0.694121,11.633333,11.086666
0.694522,11.666666,11.073333
0.694923,11.700000,11.146667
0.695325,11.733333,11.113334
0.695726,11.813333,11.173333
0.696127,11.766666,11.180000
0.696532,11.686666,11.266666
0.696933,11.853333,11.226666
0.697335,11.840000,11.193334
0.697737,11.853333,11.293333
0.698138,11.840000,11.253333
0.698540,11.893333,11.253333
0.698941,11.893333,11.753333
0.699342,11.946667,11.386666
0.699743,11.966666,11.099999
0.700144,11.993333,11.420000
0.700545,11.953333,11.426666
0.700946,12.053333,11.446667
0.701347,12.059999,11.473332
0.701748,12.066666,11.506666
0.702150,12.126666,11.539999
0.702552,12.146667,11.539999
0.702953,12.139999,11.580000
0.703354,12.240000,11.700000
0.703755,12.213333,11.539999
0.704156,12.353333,11.633333
0.704558,12.306666,11.666666
0.704959,12.313334,11.693333
0.705360,12.326666,11.720000
0.705761,12.353333,11.753333
0.706162,12.366667,11.693333
0.706563,12.420000,11.806666
0.706964,12.426666,11.806666
0.707366,12.433333,11.853333
0.707767,12.380000,11.820000
0.708169,12.546666,11.846666
0.708570,12.480000,11.920000
0.708973,12.553333,11.920000
0.709374,12.559999,11.933332
0.709776,12.599999,12.053333
0.710178,12.606667,11.999999
0.710579,12.633333,12.006666
0.710980,12.640000,12.066666
0.711382,12.713333,12.073333
0.711783,12.740000,12.073333
0.712184,12.766666,12.139999
0.712585,12.693334,12.100000
0.712986,12.746666,12.126666
0.713388,12.833333,12.240000
0.713789,12.826667,12.246667
0.714191,12.866666,12.213333
0.714592,12.873333,12.226666
0.714993,12.913333,12.346666
0.715395,12.940000,12.339999
0.715797,12.873333,12.360000
0.716198,12.946667,12.580000
0.716599,13.026667,12.406666
0.717000,13.026667,12.453333
0.717401,13.053332,12.420000
0.717802,13.093333,12.466666
0.718203,13.106667,12.493333
0.718605,13.133333,12.526666
0.719006,13.133333,12.546666
0.719407,13.179999,12.520000
0.719808,13.220000,12.580000
0.720209,13.246666,12.599999
0.720611,13.233334,12.593333
0.721012,13.253333,12.506667
0.721414,13.286667,12.646667
0.721815,13.300000,12.526666
0.722216,13.313333,12.713333
0.722618,13.346667,12.733333
0.723019,13.386665,12.746666
0.723421,13.426666,12.766666
0.723822,13.480000,12.780000
0.724223,13.539999,12.793333
0.724624,13.460000,12.846666
0.725025,13.493333,12.880000
0.725426,13.506666,12.860000
0.725828,13.553333,12.906667
0.726229,13.559999,12.946667
0.726631,13.599999,12.946667
0.727032,13.553333,13.013333
0.727434,13.633333,12.973333
0.727835,13.653334,12.960000
0.728237,13.653334,13.000000
0.728638,13.713332,13.033334
0.729039,13.779999,13.093333
0.729440,13.740001,13.059999
0.729843,13.799999,12.853333
0.730245,13.820000,13.146667
0.730647,13.860000,13.139999
0.731049,13.820000,13.179999
0.731450,13.880000,13.220000
0.731852,13.766666,13.226666
0.732253,13.940001,13.286667
0.732655,13.953333,13.379999
0.733056,13.973332,13.353333
0.733457,14.013333,13.293333
0.733858,13.960000,13.346667
0.734260,14.013333,13.353333
0.734661,14.053333,13.386665
0.735063,14.066666,13.420000
0.735464,14.093333,13.333333
0.735866,14.133332,13.520000
0.736267,14.173332,13.466666
0.736669,14.180000,13.520000
0.737071,14.186666,13.539999
0.737472,14.213333,13.559999
0.737874,14.233333,13.559999
0.738275,14.206667,13.593333
0.738678,14.246667,13.673334
0.739079,14.299999,13.620000
0.739481,14.320000,13.646666
0.739882,14.346666,13.673334
0.740284,14.400001,13.720000
0.740687,14.320000,13.833333
0.741089,14.406667,13.713332
0.741491,14.426666,13.559999
0.741893,14.433332,13.746667
0.742294,14.480000,13.746667
0.742697,14.520000,13.820000
0.743098,14.526666,13.826666
0.743501,14.533334,13.853333
0.743903,14.586666,13.846665
0.744305,14.586666,13.880000
0.744706,14.600000,13.926666
0.745107,14.633332,13.893333
0.745508,14.793334,13.966666
0.745909,14.713333,14.059999
0.746311,14.693333,13.999999
0.746712,14.740000,13.999999
0.747113,14.719999,14.080000
0.747514,14.780000,14.046667
0.747915,14.826666,14.099999
0.748316,14.826666,14.146667
0.748717,14.826666,14.080000
0.749119,14.899999,14.166666
0.749521,14.906667,14.266667
0.749923,14.893332,14.346666
0.750325,14.899999,14.200001
0.750726,14.946667,14.239999
0.751127,14.953333,14.253333
0.751533,14.953333,14.259999
0.751935,14.953333,14.313334
0.752336,14.953333,14.293333
0.752737,15.080000,14.346666
0.753138,15.119999,14.380000
0.753539,15.153333,14.346666
0.753941,15.173333,14.393332
0.754342,15.179999,14.420000
0.754743,15.213333,14.520000
0.755145,15.219999,14.400001
0.755546,15.273333,14.480000
0.755948,15.186667,14.513333
0.756350,15.293332,14.513333
0.756751,15.300000,14.540000
0.757153,15.313333,14.473333
0.757555,15.286666,14.533334
0.757958,15.353333,14.600000
0.758360,15.393333,14.606667
0.758761,15.386667,14.646667
0.759163,15.413333,14.659999
0.759564,15.426665,14.666667
0.759966,15.473333,14.719999
0.760367,15.486666,14.706667
0.760768,15.500000,14.693333
0.761170,15.546666,14.693333
0.761571,15.546666,14.780000
0.761972,15.586667,14.833332
0.762373,15.606667,14.800000
0.762774,15.619999,14.840000
0.763176,15.639999,14.853333
0.763577,15.686666,14.880000
0.763978,15.660000,14.906667
0.764379,15.686666,14.886666
0.764780,15.740000,14.919999
0.765181,15.733333,14.953333
0.765583,15.826667,14.953333
0.765984,15.780001,14.953333
0.766386,15.766666,14.953333
0.766787,15.846667,14.953333
0.767189,15.846667,14.953333
0.767590,15.873333,15.153333
0.767992,15.893333,15.133333
0.768394,15.953332,15.166667
0.768795,15.933333,15.219999
0.769196,15.953332,15.200000
0.769598,16.013332,15.219999
0.769999,15.993333,15.240000
0.770401,16.073334,15.240000
0.770802,16.059999,15.333333
0.771204,16.073334,15.253334
0.771605,16.193333,15.306666
0.772007,16.099998,15.306666
0.772410,16.119999,15.306666
0.772812,16.093332,15.359999
0.773213,16.153334,15.346666
0.773614,16.180000,15.393333
0.774015,16.166666,15.406667
0.774417,16.213333,15.426665
0.774818,16.246666,15.473333
0.775219,16.273333,15.460000
0.775621,16.286667,15.493332
0.776023,16.279999,15.493332
0.776425,16.326666,15.486666
0.776826,16.359999,15.573333
0.777228,16.340000,15.546666
0.777630,16.373333,15.573333
0.778031,16.366665,15.520000
0.778432,16.433332,15.546666
0.778833,16.493332,15.740000
0.779234,16.426666,15.666666
0.779635,16.480000,15.673333
0.780038,16.533333,15.700000
0.780439,16.519999,15.706666
0.780842,16.559999,15.713334
0.781243,16.553333,15.746666
0.781644,16.586666,15.746666
0.782045,16.600000,15.826667
0.782447,16.706667,15.839999
0.782848,16.606667,15.826667
0.783250,16.646666,15.486666
0.783651,16.686666,15.900000
0.784053,16.706667,15.886665
0.784455,16.719999,15.886665
0.784856,16.726667,15.906666
0.785257,16.759998,15.920000
0.785658,16.786665,15.980000
0.786060,16.746666,15.933333
0.786461,16.806665,16.006666
0.786862,16.806665,16.006666
0.787265,16.853334,16.006666
0.787666,16.826666,16.039999
0.788067,16.746666,16.066668
0.788468,16.886665,16.039999
0.788869,16.893332,16.106665
0.789271,16.866667,16.106665
0.789673,16.906666,16.126665
0.790074,16.939999,16.180000
0.790475,16.946667,16.213333
0.790876,16.953333,16.146666
0.791279,16.980000,16.480000
0.791680,16.980000,16.486666
0.792081,16.986668,16.306667
0.792483,16.986668,16.266666
0.792884,17.039999,16.279999
0.793287,17.039999,16.299999
0.793688,17.039999,16.299999
0.794089,17.059999,16.326666
0.794490,17.073334,16.346666
0.794891,17.093332,16.353333
0.795292,17.139999,16.366665
0.795694,17.166666,16.286667
0.796095,17.100000,16.386665
0.796497,17.153332,16.446667
0.796898,17.186666,16.420000
0.797299,17.219999,16.466667
0.797700,17.240000,16.526667
0.798101,17.253334,16.473333
0.798503,17.240000,16.526667
0.798904,17.286665,16.506666
0.799306,17.286665,16.546667
0.799708,17.266666,16.593334
0.800109,17.333332,16.713333
0.800510,17.333332,16.619999
0.800911,17.353333,16.593334
0.801313,17.386667,16.619999
0.801715,17.386667,16.619999
0.802116,17.400000,16.693333
0.802517,17.426666,16.786665
0.802918,17.386667,16.660000
0.803320,17.446667,16.733334
0.803722,17.406666,16.726667
0.804124,17.480000,16.773333
0.804526,17.466665,16.753332
0.804929,17.500000,16.793333
0.805331,17.513334,16.966667
0.805732,17.559999,16.726667
0.806133,17.539999,16.799999
0.806535,17.526667,16.833334
0.806936,17.593332,16.833334
0.807338,17.600000,16.873333
0.807739,17.613333,16.879999
0.808140,17.639999,16.900000
0.808542,17.666666,16.886665
0.808943,17.666666,16.906666
0.809345,17.679998,16.900000
0.809746,17.686666,16.926666
0.810148,17.699999,16.933332
0.810550,17.719999,16.939999
0.810951,17.746666,16.953333
0.811353,17.753334,16.959999
0.811754,17.753334,16.946667
0.812155,17.760000,17.026665
0.812557,17.780001,17.013332
0.812958,17.820000,17.026665
0.813359,18.073332,17.219999
0.813760,17.833332,17.053333
0.814163,17.833332,16.939999
0.814564,17.866667,17.039999
0.814965,17.879999,16.980000
0.815367,17.946665,17.059999
0.815768,17.926666,17.233334
0.816170,17.926666,17.113333
0.816571,17.920000,17.166666
0.816973,17.953333,17.233334
0.817374,17.906668,17.146666
0.817775,17.959999,17.173332
0.818176,17.986666,17.206667
0.818577,17.993332,17.206667
0.818979,17.993332,17.206667
0.819381,18.020000,17.233334
0.819782,18.013332,17.240000
0.820183,18.040001,17.253334
0.820585,18.066666,17.293333
0.820986,18.000000,17.260000
0.821387,18.079998,17.219999
0.821789,18.119999,17.326666
0.822190,18.106667,17.346666
0.822591,18.133333,17.286665
0.822993,18.113333,17.506666
0.823395,18.153334,17.360001
0.823796,18.186666,17.386667
0.824198,18.160000,17.406666
0.824600,18.246666,17.340000
0.825002,18.286667,17.419998
0.825403,18.233332,17.380001
0.825804,18.213333,17.400000
0.826205,18.233332,17.453333
0.826607,18.253332,17.433332
0.827008,18.246666,17.453333
0.827409,18.280001,17.459999
0.827810,18.373333,17.413332
0.828212,18.299999,17.486666
0.828613,18.313334,17.433332
0.829015,18.306667,17.500000
0.829416,18.313334,17.400000
0.829818,18.346666,17.400000
0.830220,18.353333,17.606667
0.830621,18.466665,17.606667
0.831022,18.400000,17.660000
0.831424,18.379999,17.613333
0.831825,18.400000,17.619999
0.832226,18.413334,17.513334
0.832627,18.426666,17.373333
0.833028,18.446667,17.653334
0.833430,18.480000,17.653334
0.833831,18.500000,17.673332
0.834233,18.546667,17.693333
0.834635,18.493332,17.660000
0.835037,18.513332,17.673332
0.835439,18.513332,17.733334
0.835840,18.506666,17.660000
0.836241,18.559999,17.666666
0.836643,18.553333,17.593332
0.837044,18.559999,17.746666
0.837446,18.546667,17.753334
0.837847,18.566668,17.766666
0.838248,18.599998,17.746666
0.838650,18.619999,17.813332
0.839051,18.633333,17.799999
0.839453,18.639999,17.813332
0.839854,18.633333,17.813332
0.840255,18.646666,17.799999
0.840657,18.646666,17.959999
0.841059,18.799999,17.859999
0.841462,18.666666,17.886667
0.841863,18.700001,17.893333
0.842266,18.700001,17.859999
0.842667,18.719999,17.813332
0.843069,18.793333,17.906668
0.843470,18.759998,17.893333
0.843871,18.853333,17.920000
0.844272,18.746666,17.973333
0.844673,18.759998,17.946665
0.845074,18.773333,17.939999
0.845476,18.793333,17.973333
0.845877,18.820000,17.953333
0.846279,18.813334,18.000000
0.846680,18.940001,17.980000
0.847081,18.833334,18.093332
0.847482,18.826666,18.013332
0.847883,18.833334,18.020000
0.848285,18.893333,17.993332
0.848686,18.879999,18.046667
0.849087,18.873333,18.066666
0.849488,18.879999,18.020000
0.849889,18.879999,18.066666
0.850291,18.893333,18.046667
0.850693,18.920000,18.180000
0.851094,18.913332,18.086666
0.851496,18.933332,18.079998
0.851897,18.940001,18.126667
0.852299,18.926666,18.133333
0.852700,18.980000,18.139999
0.853102,18.946667,18.146666
0.853503,18.986666,18.139999
0.853904,18.993332,18.139999
0.854306,18.993332,18.126667
0.854707,19.019999,18.166666
0.855108,19.059999,18.199999
0.855510,19.039999,18.313334
0.855911,19.039999,18.206665
0.856313,19.033333,18.206665
0.856714,19.053333,18.226665
0.857116,19.073334,18.240000
0.857518,19.046667,18.260000
0.857920,19.100000,18.260000
0.858321,19.086666,18.233332
0.858722,19.113333,18.253332
0.859124,19.106667,18.273333
0.859525,19.119999,18.273333
0.859926,19.113333,18.286667
0.860327,19.139999,18.333332
0.860728,19.133331,18.293333
0.861130,19.153332,18.320000
0.861531,19.146666,18.299999
0.861932,19.193333,18.326666
0.862333,19.173332,18.333332
0.862734,19.173332,18.286667
0.863136,19.206667,18.346666
0.863537,19.213333,18.400000
0.863938,19.193333,18.333332
0.864340,19.219999,18.353333
0.864741,19.253332,18.506666
0.865142,19.233334,18.353333
0.865544,19.246666,18.379999
0.865945,19.200001,18.386665
0.866347,19.259998,18.400000
0.866748,19.299999,18.400000
0.867149,19.246666,18.413334
0.867551,19.273333,18.420000
0.867953,19.266666,18.446667
0.868354,19.293333,18.426666
0.868755,19.273333,18.446667
0.869156,19.306665,18.459999
0.869558,19.279999,18.459999
0.869959,19.306665,18.446667
0.870361,19.333334,18.459999
0.870762,19.333334,18.466665
0.871164,19.340000,18.553333
0.871565,19.360001,18.493332
0.871966,19.360001,18.473331
0.872367,19.360001,18.500000
0.872768,19.379999,18.506666
0.873170,19.386665,18.506666
0.873571,19.393332,18.526667
0.873972,19.420000,18.313334
0.874374,19.393332,18.493332
0.874776,19.446667,18.526667
0.875177,19.420000,18.553333
0.875579,19.406666,18.580000
0.875980,19.426666,18.526667
0.876381,19.439999,18.559999
0.876783,19.433332,18.566668
0.877184,19.439999,18.580000
0.877586,19.439999,18.593332
0.877987,19.446667,18.566668
0.878388,19.446667,18.559999
0.878790,19.466667,18.586666
0.879191,19.466667,18.613333
0.879593,19.446667,18.619999
0.879996,19.526665,18.613333
0.880398,19.439999,18.646666
0.880799,19.473333,18.586666
0.881201,19.480000,18.619999
0.881603,19.533333,18.653334
0.882004,19.546665,18.646666
0.882406,19.480000,18.613333
0.882807,19.493334,18.613333
0.883208,19.566666,18.646666
0.883609,19.506666,18.639999
0.884010,19.546665,18.673334
0.884412,19.553333,18.646666
0.884813,19.566666,18.693333
0.885215,19.553333,18.673334
0.885617,19.580000,18.700001
0.886018,19.573334,18.700001
0.886420,19.580000,18.673334
0.886821,19.613333,18.706667
0.887223,19.586666,18.680000
0.887624,19.553333,18.686666
0.888025,19.586666,18.706667
0.888426,19.606667,18.673334
0.888827,19.606667,18.719999
0.889229,19.606667,18.706667
0.889630,19.600000,18.719999
0.890031,19.699999,18.726665
0.890433,19.633333,18.746666
0.890834,19.659998,18.753332
0.891237,19.639999,18.779999
0.891638,19.686666,18.759998
0.892039,19.633333,18.639999
0.892441,19.673332,18.766666
0.892842,19.653332,18.713333
0.893243,19.639999,18.766666
0.893645,19.639999,18.766666
0.894047,19.726667,18.866665
0.894449,19.659998,18.806667
0.894850,19.686666,18.766666
0.895252,19.679998,18.766666
0.895654,19.686666,18.653334
0.896055,19.666666,18.793333
0.896456,19.679998,18.786667
0.896857,19.679998,18.766666
0.897259,19.699999,18.820000
0.897660,19.686666,18.820000
0.898062,19.686666,18.793333
0.898463,19.706667,18.820000
0.898864,19.673332,18.779999
0.899266,19.673332,18.680000
0.899667,19.719999,18.873333
0.900069,19.760000,18.826666
0.900470,19.733334,18.820000
0.900871,19.653332,18.846666
0.901272,19.726667,18.846666
0.901673,19.719999,18.820000
0.902074,19.740000,18.853333
0.902476,19.726667,18.853333
0.902877,19.740000,18.840000
0.903279,19.786665,18.826666
0.903680,19.733334,18.853333
0.904081,19.746666,18.879999
0.904482,19.713333,18.840000
0.904883,19.779999,18.840000
0.905285,19.746666,18.859999
0.905686,19.746666,18.873333
0.906087,19.746666,18.853333
0.906488,19.760000,18.866665
0.906889,19.740000,18.873333
0.907292,19.740000,18.853333
0.907693,19.746666,18.913332
0.908094,19.799999,18.859999
0.908497,19.679998,18.873333
0.908899,19.766666,18.840000
0.909300,19.773333,18.879999
0.909701,19.826666,18.879999
0.910103,19.773333,18.920000
0.910504,19.786665,18.886665
0.910905,19.793333,18.873333
0.911306,19.746666,18.879999
0.911707,19.740000,18.886665
0.912108,19.740000,18.866665
0.912509,19.806665,18.879999
0.912910,19.766666,18.859999
0.913312,19.766666,18.859999
0.913713,19.806665,18.879999
0.914115,19.799999,18.833334
0.914517,19.793333,18.906666
0.914918,19.786665,18.933332
0.915320,19.766666,18.893333
0.915721,19.646666,18.879999
0.916124,19.779999,18.879999
0.916526,19.706667,18.846666
0.916927,19.746666,18.986666
0.917328,19.793333,18.886665
0.917730,19.779999,18.879999
0.918131,19.786665,18.879999
0.918534,19.740000,18.859999
0.918935,19.779999,18.879999
0.919337,19.806665,18.859999
0.919738,19.779999,18.840000
0.920139,19.773333,18.866665
0.920540,19.766666,18.879999
0.920941,19.786665,18.853333
0.921342,19.773333,19.073334
0.921744,19.746666,18.940001
0.922146,19.779999,18.879999
0.922548,19.733334,18.879999
0.922950,19.826666,18.873333
0.923352,19.746666,18.886665
0.923754,19.826666,18.999998
0.924156,19.746666,18.873333
0.924559,19.786665,18.820000
0.924960,19.799999,18.886665
0.925361,19.793333,19.013332
0.925762,19.799999,18.886665
0.926163,19.773333,18.953333
0.926564,19.786665,18.893333
0.926965,19.799999,18.886665
0.927366,19.779999,18.900000
0.927767,19.779999,18.893333
0.928169,19.726667,18.879999
0.928570,19.766666,18.873333
0.928971,19.753334,18.886665
0.929373,19.773333,18.833334
0.929774,19.740000,18.879999
0.930176,19.760000,18.906666
0.930577,19.766666,18.960001
0.930979,19.760000,18.866665
0.931381,19.760000,18.786667
0.931784,19.740000,18.866665
0.932185,19.779999,18.873333
0.932586,19.746666,19.113333
0.932987,19.746666,18.840000
0.933388,19.733334,18.653334
0.933789,19.733334,18.846666
0.934191,19.740000,18.826666
0.934593,19.746666,18.873333
0.934995,19.753334,18.859999
0.935396,19.740000,18.859999
0.935798,19.740000,18.840000
0.936199,19.786665,18.893333
0.936601,19.746666,18.873333
0.937002,19.733334,18.833334
0.937403,19.719999,18.826666
0.937804,19.760000,18.859999
0.938205,19.793333,18.820000
0.938606,19.740000,18.793333
0.939007,19.726667,18.873333
0.939408,19.726667,18.826666
0.939810,19.713333,18.779999
0.940211,19.719999,18.826666
0.940612,19.699999,18.846666
0.941013,19.719999,18.840000
0.941414,19.719999,18.833334
0.941815,19.686666,18.826666
0.942216,19.686666,18.799999
0.942618,19.693333,18.646666
0.943019,19.699999,18.813334
0.943421,19.686666,18.786667
0.943823,19.679998,18.773333
0.944224,19.659998,18.799999
0.944625,19.679998,18.786667
0.945026,19.679998,18.786667
0.945427,19.679998,18.786667
0.945828,19.666666,18.786667
0.946229,19.659998,18.740000
0.946630,19.659998,18.786667
0.947031,19.659998,18.759998
0.947433,19.653332,18.766666
0.947834,19.659998,18.759998
0.948236,19.639999,18.753332
0.948638,19.593332,18.719999
0.949039,19.620001,18.820000
0.949440,19.626667,18.786667
0.949842,19.626667,18.726665
0.950244,19.613333,18.820000
0.950646,19.613333,18.746666
0.951047,19.666666,18.733332
0.951448,19.626667,18.713333
0.951849,19.586666,18.726665
0.952250,19.613333,18.733332
0.952651,19.600000,18.700001
0.953052,19.593332,18.706667
0.953454,19.559999,18.673334
0.953855,19.679998,18.713333
0.954257,19.586666,18.666666
0.954658,19.620001,18.680000
0.955060,19.573334,18.840000
0.955462,19.566666,18.680000
0.955863,19.546665,18.686666
0.956265,19.546665,18.613333
0.956666,19.586666,18.506666
0.957067,19.546665,18.713333
0.957468,19.533333,18.586666
0.957869,19.546665,18.660000
0.958271,19.553333,18.779999
0.958672,19.506666,18.793333
0.959073,19.526665,18.639999
0.959474,19.526665,18.653334
0.959876,19.506666,18.646666
0.960278,19.480000,18.626665
0.960679,19.480000,18.639999
0.961080,19.480000,18.613333
0.961481,19.473333,18.599998
0.961882,19.480000,18.573334
0.962284,19.459999,18.746666
0.962686,19.453333,18.593332
0.963088,19.453333,18.580000
0.963489,19.513332,18.580000
0.963891,19.406666,18.639999
0.964292,19.426666,18.526667
0.964693,19.426666,18.580000
0.965094,19.406666,18.546667
0.965495,19.400000,18.546667
0.965896,19.446667,18.539999
0.966298,19.393332,18.613333
0.966700,19.406666,18.526667
0.967102,19.386665,18.513332
0.967504,19.366667,18.506666
0.967906,19.379999,18.506666
0.968307,19.346666,18.513332
0.968708,19.373333,18.520000
0.969109,19.346666,18.486666
0.969510,19.320000,18.206665
0.969912,19.340000,18.493332
0.970314,19.299999,18.459999
0.970715,19.313334,18.426666
0.971116,19.333334,18.320000
0.971518,19.320000,18.526667
0.971919,19.306665,18.446667
0.972321,19.273333,18.406666
0.972722,19.293333,18.459999
0.973124,19.266666,18.459999
0.973525,19.293333,18.400000
0.973926,19.259998,18.713333
0.974327,19.273333,18.666666
0.974728,19.246666,18.379999
0.975130,19.246666,18.359999
0.975531,19.253332,18.379999
0.975932,19.226667,18.373333
0.976333,19.166666,18.400000
0.976734,19.193333,18.366667
0.977135,19.219999,18.353333
0.977536,19.160000,18.339998
0.977937,19.186666,18.333332
0.978339,19.166666,18.366667
0.978741,19.186666,18.233332
0.979143,19.126665,18.280001
0.979544,19.080000,18.286667
0.979945,19.160000,18.273333
0.980346,19.153332,18.313334
0.980747,19.086666,18.286667
0.981149,19.119999,18.286667
0.981551,19.100000,18.266666
0.981953,19.153332,18.240000
0.982354,19.013332,18.273333
0.982755,19.073334,18.086666
0.983156,19.066666,18.213333
0.983558,19.066666,18.299999
0.983959,19.059999,18.226665
0.984360,19.053333,18.226665
0.984761,19.033333,18.199999
0.985163,19.019999,18.206665
0.985565,19.033333,18.173334
0.985967,18.999998,18.160000
0.986368,19.013332,18.206665
0.986769,19.013332,18.086666
0.987170,18.999998,18.166666
0.987572,18.986666,18.146666
0.987973,19.113333,18.186666
0.988374,18.953333,18.139999
0.988775,19.026667,18.146666
0.989176,18.953333,18.106667
0.989578,18.953333,18.113333
0.989979,18.900000,18.079998
0.990380,18.926666,18.099998
0.990781,18.920000,18.086666
0.991183,18.859999,17.859999
0.991584,18.826666,18.046667
0.991985,18.866665,18.106667
0.992387,18.873333,18.053333
0.992788,18.859999,18.020000
0.993189,18.873333,18.059999
0.993590,18.846666,18.033333
0.993991,18.853333,18.026667
0.994393,18.793333,18.006666
0.994794,18.793333,17.966665
0.995195,18.799999,17.946665
0.995596,18.766666,17.980000
0.995997,18.706667,17.913334
0.996400,18.759998,17.939999
0.996801,18.740000,17.933332
0.997203,18.753332,17.926666
0.997604,18.740000,17.893333
0.998005,18.733332,17.939999
0.998407,18.719999,17.873333
0.998808,18.713333,17.886667
0.999210,18.673334,17.853333
0.999612,18.619999,17.853333
1.000013,18.660000,17.826666
1.000414,18.653334,17.813332
1.000816,18.639999,17.820000
1.001217,18.593332,17.840000
1.001619,18.626665,18.066666
1.002020,18.680000,17.813332
1.002422,18.566668,17.813332
1.002823,18.619999,17.793333
1.003225,18.593332,17.799999
1.003627,18.573334,17.786667
1.004029,18.580000,17.753334
1.004430,18.573334,17.746666
1.004832,18.546667,17.746666
1.005233,18.513332,17.713333
1.005635,18.526667,17.719999
1.006036,18.506666,17.686666
1.006437,18.480000,17.686666
1.006839,18.459999,17.686666
1.007240,18.486666,17.706665
1.007642,18.440001,17.486666
1.008043,18.440001,17.539999
1.008445,18.420000,17.633333
1.008846,18.379999,17.613333
1.009248,18.400000,17.600000
1.009649,18.400000,17.619999
1.010050,18.400000,17.586666
1.010451,18.379999,17.586666
1.010853,18.359999,17.539999
1.011254,18.346666,17.539999
1.011655,18.353333,17.539999
1.012056,18.320000,17.486666
1.012458,18.320000,17.486666
1.012859,18.313334,17.606667
1.013260,18.299999,17.446667
1.013662,18.260000,17.473333
1.014063,18.273333,17.433332
1.014464,18.193333,17.413332
1.014865,18.299999,17.453333
1.015267,18.233332,17.413332
1.015668,18.240000,17.486666
1.016069,18.166666,17.433332
1.016470,18.206665,17.426666
1.016871,18.226665,17.400000
1.017272,18.160000,17.360001
1.017673,18.160000,17.346666
1.018074,18.146666,17.333332
1.018476,18.139999,17.306665
1.018877,18.093332,17.320000
1.019280,18.126667,17.333332
1.019681,18.106667,17.279999
1.020083,18.093332,17.279999
1.020484,18.026667,17.266666
1.020886,17.986666,17.313332
1.021287,18.053333,17.253334
1.021688,18.026667,17.219999
1.022089,18.046667,17.273333
1.022490,18.000000,17.206667
1.022891,17.959999,17.193333
1.023292,17.959999,17.126667
1.023693,18.000000,16.860001
1.024094,17.900000,17.213333
1.024495,17.873333,17.139999
1.024896,17.906668,17.126667
1.025298,17.833332,16.993334
1.025699,17.879999,17.059999
1.026100,17.893333,17.059999
1.026502,17.859999,17.080000
1.026903,17.866667,17.053333
1.027305,17.820000,17.039999
1.027706,17.813332,17.039999
1.028107,17.806665,17.033333
1.028508,17.773333,17.013332
1.028909,17.753334,16.966667
1.029311,17.719999,16.986668
1.029712,17.760000,17.006666
1.030114,17.746666,16.959999
1.030516,17.740000,16.939999
1.030918,17.713333,16.959999
1.031319,17.746666,16.926666
1.031720,17.679998,16.926666
1.032121,17.760000,16.733334
1.032522,17.633333,16.806665
1.032924,17.699999,16.906666
1.033326,17.613333,17.120001
1.033727,17.606667,16.846666
1.034128,17.593332,16.860001
1.034530,17.539999,16.806665
1.034931,17.533333,16.793333
1.035333,17.526667,16.799999
1.035734,17.486666,16.826666
1.036135,17.500000,16.786665
1.036536,17.486666,16.779999
1.036937,17.459999,16.766666
1.037339,17.433332,16.726667
1.037740,17.439999,16.726667
1.038142,17.426666,16.713333
1.038543,17.433332,16.713333
1.038944,17.400000,16.693333
1.039346,17.366667,16.680000
1.039748,17.353333,16.619999
1.040149,17.439999,16.519999
1.040550,17.279999,16.586666
1.040951,17.360001,16.619999
1.041353,17.326666,16.506666
1.041754,17.313332,16.706667
1.042155,17.286665,16.553333
1.042556,17.266666,16.466667
1.042958,17.260000,16.486666
1.043360,17.219999,16.473333
1.043762,17.206667,16.446667
1.044163,17.199999,16.460001
1.044565,17.186666,16.406666
1.044967,17.193333,16.420000
1.045369,17.153332,16.420000
1.045771,17.133333,16.486666
1.046172,17.133333,16.413332
1.046573,17.146666,16.353333
1.046974,17.073334,16.320000
1.047376,17.059999,16.346666
1.047778,17.039999,16.233332
1.048179,17.033333,16.273333
1.048581,17.026665,16.259998
1.048983,17.006666,16.533333
1.049385,16.993334,16.219999
1.049787,16.986668,16.193333
1.050188,16.953333,16.266666
1.050589,16.939999,16.200001
1.050991,16.913332,16.160000
1.051392,16.913332,16.113333
1.051793,16.906666,16.106665
1.052194,16.866667,16.099998
1.052595,16.866667,16.099998
1.052996,16.826666,16.046667
1.053398,16.846666,15.993333
1.053799,16.840000,16.020000
1.054200,16.813334,15.920000
1.054601,16.820000,16.020000
1.055002,16.793333,15.980000
1.055403,16.779999,15.940000
1.055805,16.779999,15.920000
1.056206,16.773333,15.913334
1.056607,16.733334,15.893333
1.057008,16.680000,15.946666
1.057410,16.700001,15.866667
1.057812,16.719999,15.846667
1.058213,16.700001,16.013332
1.058614,16.666666,15.819999
1.059015,16.626665,15.826667
1.059416,16.606667,15.773333
1.059818,16.600000,15.873333
1.060219,16.553333,15.740000
1.060621,16.546667,15.753332
1.061023,16.526667,15.720000
1.061424,16.493332,15.673333
1.061825,16.466667,15.653334
1.062226,16.446667,15.626667
1.062628,16.480000,15.466666
1.063029,16.420000,15.599999
1.063431,16.393333,15.586667
1.063832,16.393333,15.586667
1.064234,16.346666,15.520000
1.064635,16.293333,15.560000
1.065037,16.299999,15.520000
1.065438,16.200001,15.466666
1.065840,16.373333,15.460000
1.066242,16.259998,15.726666
1.066644,16.259998,15.393333
1.067046,16.246666,15.393333
1.067447,16.213333,15.393333
1.067850,16.166666,15.386667
1.068251,16.113333,15.340000
1.068652,16.180000,15.326667
1.069053,16.113333,15.346666
1.069454,16.093332,15.306666
1.069855,16.080000,15.306666
1.070256,16.033333,15.260000
1.070657,16.059999,15.240000
1.071058,15.980000,15.233334
1.071460,15.986667,15.226665
1.071863,15.960000,15.186667
1.072265,15.960000,15.133333
1.072666,15.913334,15.139999
1.073067,15.913334,15.153333
1.073468,15.886665,15.213333
1.073869,15.873333,15.119999
1.074271,15.793333,15.206666
1.074673,15.853333,14.953333
1.075076,15.839999,14.953333
1.075477,15.773333,14.953333
1.075878,15.753332,14.953333
1.076280,15.706666,14.940000
1.076681,15.706666,14.940000
1.077083,15.720000,14.846666
1.077485,15.686666,14.873333
1.077886,15.639999,14.860001
1.078287,15.646666,14.813333
1.078688,15.613333,14.853333
1.079090,15.606667,14.793334
1.079491,15.599999,14.820000
1.079892,15.520000,14.746666
1.080293,15.500000,14.753333
1.080694,15.493332,14.820000
1.081095,15.466666,14.693333
1.081496,15.493332,14.673333
1.081899,15.373333,14.726667
1.082300,15.373333,14.926667
1.082702,15.379999,14.659999
1.083105,15.386667,14.573334
1.083507,15.340000,14.753333
1.083908,15.340000,14.573334
1.084309,15.306666,14.573334
1.084710,15.280000,14.520000
1.085112,15.240000,14.506667
1.085514,15.233334,14.473333
1.085915,15.266666,14.473333
1.086316,15.206666,14.353333
1.086717,15.166667,14.406667
1.087118,15.146667,14.386666
1.087519,15.200000,14.526666
1.087922,15.119999,14.373332
1.088324,15.033334,14.353333
1.088726,14.953333,14.313334
1.089127,14.953333,14.333334
1.089531,14.953333,14.206667
1.089932,14.953333,14.273334
1.090333,14.953333,14.206667
1.090734,14.899999,14.160000
1.091136,14.866667,14.180000
1.091538,14.886666,14.173332
1.091939,14.846666,14.166666
1.092341,14.840000,14.140000
1.092742,14.806666,14.086666
1.093143,14.806666,14.073334
1.093545,14.780000,14.066666
1.093946,14.733334,14.066666
1.094347,14.726667,14.039999
1.094749,14.673333,13.973332
1.095150,14.679999,13.979999
1.095551,14.673333,13.986667
1.095953,14.613333,13.920000
1.096354,14.620000,13.920000
1.096757,14.620000,13.900000
1.097158,14.559999,13.900000
1.097560,14.626666,13.820000
1.097961,14.546666,13.833333
1.098362,14.513333,13.820000
1.098764,14.513333,13.820000
1.099166,14.480000,13.820000
1.099567,14.553333,13.660000
1.099969,14.400001,13.693333
1.100370,14.373332,13.713332
1.100772,14.353333,13.693333
1.101173,14.353333,13.686666
1.101574,14.259999,13.626666
1.101975,14.320000,13.646666
1.102378,14.273334,13.593333
1.102779,14.259999,13.559999
1.103180,14.233333,13.539999
1.103581,14.219999,13.553333
1.103982,14.219999,13.520000
1.104384,14.153333,13.480000
1.104785,14.099999,13.539999
1.105187,14.133332,13.466666
1.105589,14.106666,13.420000
1.105990,14.106666,13.420000
1.106392,14.046667,13.420000
1.106793,14.013333,13.466666
1.107195,13.940001,13.346667
1.107596,13.973332,13.333333
1.107997,13.979999,13.326666
1.108398,13.893333,13.280000
1.108800,13.906666,13.266666
1.109201,13.900000,13.240000
1.109602,13.880000,13.193333
1.110005,13.833333,13.200000
1.110407,13.820000,13.193333
1.110808,13.799999,13.120000
1.111210,13.793333,13.120000
1.111612,13.766666,13.106667
1.112014,13.753333,13.100000
1.112415,13.726666,13.046666
1.112817,13.686666,13.053332
1.113219,13.693333,13.013333
1.113620,13.626666,12.993333
1.114022,13.586667,12.960000
1.114423,13.660000,12.953333
1.114826,13.586667,12.940000
1.115227,13.573333,12.919999
1.115629,13.539999,12.893333
1.116030,13.486667,12.833333
1.116432,13.460000,12.853333
1.116833,13.460000,12.826667
1.117235,13.453332,12.966667
1.117637,13.413334,12.806666
1.118038,13.400000,12.773334
1.118440,13.360000,12.706667
1.118842,13.360000,12.673333
1.119243,13.300000,12.686666
1.119644,13.280000,12.646667
1.120045,13.259999,12.653333
1.120446,13.240000,12.606667
1.120847,13.126666,12.606667
1.121250,13.206666,12.586666
1.121652,13.173333,12.546666
1.122053,13.133333,12.526666
1.122455,13.179999,12.506667
1.122856,13.146667,12.466666
1.123258,13.093333,12.420000
1.123659,13.166667,12.426666
1.124062,13.026667,12.420000
1.124463,13.026667,12.420000
1.124864,13.013333,12.406666
1.125266,12.946667,12.386666
1.125667,12.940000,12.360000
1.126068,12.926666,12.280000
1.126469,12.880000,12.126666
1.126870,12.853333,12.246667
1.127272,12.900000,12.246667
1.127673,12.786666,12.273333
1.128076,12.806666,12.226666
1.128477,12.766666,12.080000
1.128878,12.766666,12.106667
1.129280,12.733333,12.206666
1.129681,12.726666,12.066666
1.130082,12.726666,12.059999
1.130484,12.653333,12.040000
1.130885,12.606667,12.006666
1.131286,12.586666,11.946667
1.131687,12.580000,11.873333
1.132090,12.473333,11.953333
1.132491,12.540000,11.906667
1.132892,12.459999,11.886666
1.133294,12.500000,11.860000
1.133696,12.453333,11.846666
1.134097,12.426666,11.840000
1.134499,12.420000,11.793333
1.134901,12.413333,11.793333
1.135303,12.386666,11.753333
1.135704,12.353333,11.793333
1.136105,12.333333,11.706667
1.136507,12.259999,11.700000
1.136908,12.259999,11.646667
1.137309,12.233334,11.686666
1.137711,12.206666,11.573333
1.138113,12.286667,11.599999
1.138514,12.153333,11.539999
1.138916,12.106667,11.513333
1.139319,12.093333,11.346666
1.139720,12.053333,11.486667
1.140121,12.033333,11.366667
1.140523,12.020000,11.446667
1.140924,11.986667,11.440000
1.141326,11.966666,11.386666
1.141727,11.926666,11.366667
1.142129,11.893333,11.360000
1.142530,11.893333,11.353333
1.142931,11.873333,11.300000
1.143333,11.846666,11.280000
1.143734,11.826667,11.266666
1.144136,11.793333,11.233333
1.144537,11.780000,11.206666
1.144938,11.733333,11.193334
1.145340,11.726666,11.120000
1.145742,11.720000,11.133333
1.146144,11.700000,11.313334
1.146545,11.693333,11.326667
1.146947,11.673333,11.079999
1.147348,11.526667,11.040000
1.147749,11.573333,11.020000
1.148151,11.539999,11.013332
1.148553,11.513333,10.960000
1.148954,11.513333,11.020000
1.149355,11.460000,10.933333
1.149758,11.393333,10.900000
1.150159,11.393333,10.940000
1.150560,11.380000,10.846666
1.150962,11.380000,10.840000
1.151363,11.339999,10.840000
1.151766,11.313334,10.793333
1.152168,11.333333,10.860000
1.152569,11.300000,10.700000
1.152970,11.240000,10.666667
1.153372,11.206666,10.740000
1.153774,11.353333,10.646667
1.154176,11.186666,10.666667
1.154577,11.180000,10.586667
1.154978,11.139999,10.606667
1.155380,11.133333,10.566667
1.155781,11.046666,10.566667
1.156183,11.066667,10.500000
1.156585,11.060000,10.673333
1.156986,11.000000,10.460000
1.157388,10.960000,10.400000
1.157789,11.006666,10.440000
1.158191,11.020000,10.333333
1.158592,10.900000,10.233333
1.158993,10.879999,10.386666
1.159395,10.853333,10.320000
1.159796,10.813333,10.320000
1.160198,10.806666,10.226666
1.160600,10.773334,10.266666
1.161001,10.753333,10.226666
1.161403,10.720000,10.213333
1.161804,10.700000,10.213333
1.162206,10.679999,10.400000
1.162607,10.746666,10.140000
1.163010,10.639999,10.140000
1.163412,10.546666,10.113333
1.163813,10.613333,10.160000
1.164215,10.559999,9.873333
1.164617,10.573333,9.980000
1.165018,10.500000,9.920000
1.165420,10.413333,9.973333
1.165822,10.426666,9.940001
1.166223,10.386666,9.933333
1.166625,10.440000,9.966666
1.167026,10.386666,9.893332
1.167427,10.333333,9.846666
1.167828,10.326667,9.820000
1.168230,10.306666,9.793333
1.168632,10.260000,9.786667
1.169034,10.253333,9.820000
1.169435,10.173333,9.706666
1.169836,10.219999,9.706666
1.170237,10.146667,9.673333
1.170638,10.160000,9.706666
1.171040,10.153333,9.660000
1.171441,10.120000,9.673333
1.171842,10.126667,9.613334
1.172244,10.093333,9.346666
1.172646,10.059999,9.586666
1.173047,10.033333,9.600000
1.173448,10.020000,9.520000
1.173850,9.940001,9.520000
1.174251,9.940001,9.713333
1.174653,9.940001,9.499999
1.175054,9.833333,9.346666
1.175455,9.826666,9.346666
1.175856,9.853333,9.346666
1.176258,9.813334,9.313333
1.176660,9.786667,9.320000
1.177061,9.800000,9.266666
1.177462,9.706666,9.253333
1.177865,9.733334,9.240000
1.178266,9.719999,9.220000
1.178667,9.666667,9.220000
1.179070,9.660000,9.106667
1.179471,9.606667,9.206667
1.179873,9.606667,9.099999
1.180275,9.566666,9.093333
1.180676,9.546667,9.140000
1.181078,9.520000,9.039999
1.181481,9.420000,9.013333
1.181882,9.440000,8.973332
1.182284,9.486667,8.973332
1.182685,9.420000,8.940000
1.183086,9.299999,8.900000
1.183487,9.366666,8.880000
1.183888,9.313333,8.860000
1.184289,9.306666,8.880000
1.184691,9.266666,8.820000
1.185092,9.253333,8.813334
1.185493,9.220000,8.773333
1.185895,9.220000,8.673333
1.186298,9.213333,8.646667
1.186699,9.106667,8.653333
1.187100,9.153334,8.726666
1.187502,9.053333,8.706666
1.187903,9.080000,8.666666
1.188305,9.020000,8.599999
1.188706,8.993333,8.740000
1.189107,9.000000,8.553333
1.189508,8.986667,8.566667
1.189909,8.966666,8.486667
1.190311,8.946667,8.666666
1.190712,8.920000,8.473333
1.191114,8.880000,8.406667
1.191515,8.906666,8.406667
1.191916,8.820000,8.340000
1.192318,8.786666,8.366667
1.192719,8.773333,8.340000
1.193120,8.746667,8.306666
1.193522,8.719999,8.300000
1.193923,8.686666,8.280000
1.194325,8.700000,8.266666
1.194726,8.653333,8.240000
1.195128,8.613334,8.213333
1.195534,8.586666,8.186666
1.195935,8.586666,8.133333
1.196336,8.420000,8.139999
1.196739,8.526667,8.106667
1.197141,8.520000,8.120000
1.197542,8.433333,8.120000
1.197943,8.440000,8.086667
1.198345,8.426667,8.026667
1.198746,8.400000,7.966667
1.199148,8.406667,7.993333
1.199549,8.340000,7.953333
1.199952,8.306666,7.913333
1.200353,8.326666,7.906666
1.200754,8.273334,7.866666
1.201156,8.253333,7.860000
1.201558,8.240000,7.806666
1.201960,8.179999,7.813334
1.202361,8.273334,7.753333
1.202764,8.166667,7.753333
1.203165,8.093333,7.720000
1.203566,8.120000,7.720000
1.203967,8.066667,7.620000
1.204368,7.966667,7.513333
1.204770,8.026667,7.640000
1.205172,7.966667,7.600000
1.205573,7.940000,7.606667
1.205974,7.973333,7.720000
1.206376,7.913333,7.546666
1.206777,7.920000,7.513333
1.207178,7.880000,7.613333
1.207580,7.873333,7.153333
1.207982,7.813334,7.426666
1.208384,7.826667,7.486667
1.208785,7.913333,7.426666
1.209186,7.780000,7.400000
1.209588,7.733333,7.346666
1.209989,7.686666,7.326666
1.210390,7.666667,7.313333
1.210791,7.646666,7.313333
1.211192,7.613333,7.240000
1.211593,7.600000,7.266667
1.211994,7.579999,7.166667
1.212395,7.553333,7.173333
1.212798,7.500000,7.166667
1.213200,7.513333,7.113333
1.213601,7.506667,6.986666
1.214002,7.486667,7.080000
1.214403,7.440000,7.106667
1.214806,7.433333,7.046667
1.215207,7.380000,7.046667
1.215609,7.373333,7.060000
1.216010,7.266667,7.006667
1.216412,7.326666,6.953333
1.216814,7.206666,6.913333
1.217215,7.280000,7.080000
1.217617,7.260000,6.900000
1.218019,7.226666,6.853333
1.218421,7.200000,6.833333
1.218822,7.180000,6.840000
1.219224,7.146667,6.813333
1.219626,7.153333,6.813333
1.220027,7.093333,6.773334
1.220428,7.073333,6.740000
1.220829,7.073333,6.713333
1.221231,7.153333,6.433333
1.221633,7.006667,6.460000
1.222035,6.960000,6.646667
1.222436,6.960000,6.653333
1.222837,6.900000,6.546667
1.223238,6.906667,6.540000
1.223640,6.880000,6.500000
1.224041,6.873333,6.460000
1.224442,6.773334,6.466667
1.224844,6.780000,6.520000
1.225245,6.793334,6.440000
1.225646,6.740000,6.433333
1.226047,6.726666,6.386667
1.226448,6.773334,6.360000
1.226850,6.653333,6.313334
1.227251,6.666667,6.346667
1.227653,6.653333,6.286667
1.228054,6.640000,6.286667
1.228455,6.546667,6.286667
1.228857,6.540000,6.273333
1.229258,6.526666,6.200000
1.229660,6.466667,6.166667
1.230061,6.506667,6.193333
1.230462,6.446667,6.153333
1.230863,6.446667,6.073333
1.231265,6.366666,6.100000
1.231666,6.373333,6.066667
1.232067,6.400000,6.173333
1.232468,6.353333,6.100000
1.232869,6.313334,5.953333
1.233271,6.280000,5.966666
1.233672,6.280000,5.946667
1.234073,6.280000,5.973333
1.234475,6.233333,5.940000
1.234876,6.193333,5.880000
1.235278,6.180000,5.913333
1.235679,6.133333,5.846666
1.236080,6.126667,5.826667
1.236482,6.126667,5.793334
1.236883,6.120000,5.800000
1.237285,6.080000,6.253334
1.237687,6.073333,5.733333
1.238089,6.073333,5.733333
1.238490,6.013333,5.726667
1.238891,5.966666,5.600000
1.239293,5.940000,5.686666
1.239694,6.033333,5.726667
1.240095,5.913333,5.640000
1.240496,5.900000,5.613333
1.240898,5.860000,5.673333
1.241299,5.873333,5.566667
1.241702,5.820000,5.153333
1.242103,5.786666,5.520000
1.242505,5.760000,5.513333
1.242907,5.726667,5.480000
1.243308,5.733333,5.480000
1.243710,5.713333,5.453333
1.244112,5.673333,5.453333
1.244514,5.680000,5.413333
1.244915,5.620000,5.353333
1.245316,5.606667,5.366667
1.245717,5.553333,5.320000
1.246119,5.586667,5.140000
1.246520,5.553333,5.273333
1.246922,5.560000,5.246666
1.247324,5.493333,5.200000
1.247726,5.473333,5.213333
1.248127,5.446666,5.213333
1.248533,5.433333,5.166667
1.248934,5.413333,4.860000
1.249335,5.406666,5.186666
1.249738,5.393333,5.240000
1.250139,5.386667,5.113333
1.250541,5.326667,5.060000
1.250942,5.313333,5.120000
1.251343,5.286666,5.026667
1.251745,5.246666,4.966667
1.252146,5.186666,5.026667
1.252547,5.226666,5.006667
1.252949,5.200000,4.953333
1.253350,5.166667,4.913333
1.253752,5.160000,5.186666
1.254153,5.126667,4.886666
1.254554,5.113333,4.886666
1.254956,5.073333,4.746666
1.255358,5.066667,4.786666
1.255760,5.040000,4.813333
1.256162,5.060000,4.793333
1.256564,5.026667,4.753333
1.256965,5.026667,4.966667
1.257367,4.993333,4.566667
1.257768,4.933333,5.060000
1.258170,4.920000,4.660000
1.258571,4.913333,4.686666
1.258973,4.880000,4.653333
1.259376,4.840000,4.653333
1.259778,4.853333,4.600000
1.260180,4.806667,4.586667
1.260582,4.806667,4.540000
1.260983,4.753333,4.540000
1.261385,4.766666,4.526667
1.261786,4.666667,4.506667
1.262188,4.713333,4.440000
1.262590,4.706666,4.473333
1.262991,4.626667,4.446667
1.263393,4.700000,4.460000
1.263794,4.646667,4.406667
1.264196,4.673333,4.373333
1.264597,4.613333,4.373333
1.264999,4.573333,4.360000
1.265401,4.493333,4.353333
1.265802,4.446667,4.293333
1.266204,4.466667,3.993333
1.266605,4.473333,4.466667
1.267008,4.466667,4.266666
1.267411,4.446667,4.246667
1.267812,4.420000,4.186666
1.268214,4.406667,4.193333
1.268615,4.386666,4.120000
1.269016,4.380000,4.173333
1.269417,4.360000,4.146667
1.269819,4.340000,4.120000
1.270220,4.360000,4.100000
1.270621,4.293333,4.100000
1.271022,4.273333,4.073333
1.271423,4.233333,4.133333
1.271824,4.213334,4.013333
1.272225,4.153333,4.026666
1.272627,4.106667,4.006667
1.273029,4.173333,3.980000
1.273430,4.140000,3.833333
1.273831,4.133333,3.920000
1.274233,4.093333,3.986666
1.274635,4.026666,4.146667
1.275036,4.066667,3.633333
1.275439,4.033333,3.853333
1.275840,4.020000,3.840000
1.276241,4.020000,3.833333
1.276642,4.000000,3.806666
1.277045,4.013333,4.060000
1.277447,3.966667,3.733333
1.277848,3.953333,3.693333
1.278249,3.893333,3.700000
1.278651,3.940000,3.740000
1.279052,3.880000,3.666667
1.279454,3.866667,3.486667
1.279855,3.833333,3.653333
1.280257,3.720000,3.646667
1.280658,3.813334,3.613333
1.281059,3.733333,3.580000
1.281460,3.740000,3.546667
1.281861,3.700000,3.566667
1.282265,3.686666,3.520000
1.282667,3.680000,3.560000
1.283068,3.660000,3.480000
1.283469,3.640000,3.466666
1.283870,3.673333,3.453333
1.284272,3.620000,3.460000
1.284673,3.593333,3.406667
1.285075,3.580000,3.406667
1.285477,3.546667,3.300000
1.285880,3.520000,3.366667
1.286281,3.493333,3.340000
1.286683,3.486667,3.313333
1.287084,3.480000,3.293333
1.287486,3.413333,3.293333
1.287887,3.460000,3.253333
1.288288,3.413333,3.253333
1.288690,3.393333,3.113333
1.289092,3.386667,3.226667
1.289494,3.346666,3.133333
1.289895,3.346666,3.153333
1.290298,3.406667,3.213333
1.290699,3.313333,3.133333
1.291100,3.306667,3.173333
1.291502,3.286667,3.453333
1.291905,3.266667,3.133333
1.292306,3.213333,3.053333
1.292707,3.220000,3.060000
1.293108,3.193333,3.080000
1.293509,3.200000,3.040000
1.293912,3.180000,2.993333
1.294313,3.146667,3.040000
1.294714,3.133333,2.993333
1.295115,3.106667,2.980000
1.295516,2.960000,2.980000
1.295917,3.080000,2.940000
1.296319,3.026667,2.953333
1.296720,3.026667,2.926667
1.297121,3.006667,2.820000
1.297522,3.020000,2.906667
1.297923,3.013333,2.833333
1.298325,2.973333,2.840000
1.298726,2.946667,2.813333
1.299127,2.946667,2.786667
1.299533,2.906667,2.766667
1.299934,2.906667,2.793333
1.300335,2.873333,2.766667
1.300736,2.893333,2.773333
1.301137,2.880000,2.733333
1.301538,2.840000,2.726667
1.301940,2.800000,2.726667
1.302341,2.806667,2.733333
1.302742,2.793333,2.693333
1.303143,2.826667,2.640000
1.303545,2.773333,2.613333
1.303946,2.773333,2.606667
1.304347,2.733333,2.560000
1.304750,2.733333,2.613333
1.305151,2.700000,2.580000
1.305553,2.653333,2.560000
1.305954,2.653333,2.553333
1.306356,2.613333,2.540000
1.306758,2.593333,2.520000
1.307159,2.653333,2.520000
1.307561,2.553333,2.493333
1.307964,2.613333,2.460000
1.308366,2.560000,2.833333
1.308768,2.573333,2.386667
1.309170,2.533333,2.493333
1.309571,2.506666,2.400000
1.309972,2.500000,2.366667
1.310373,2.493333,2.353333
1.310774,2.406667,2.353333
1.311175,2.446667,2.346667
1.311577,2.426666,2.333333
1.311979,2.433333,2.306667
1.312380,2.426666,2.200000
1.312782,2.406667,2.280000
1.313184,2.406667,2.300000
1.313586,2.353333,2.253333
1.313987,2.400000,2.246667
1.314389,2.326667,2.086667
1.314790,2.320000,2.246667
1.315193,2.266667,2.473333
1.315595,2.313333,2.186667
1.315996,2.286667,2.133333
1.316397,2.326667,2.100000
1.316799,2.340000,2.173333
1.317200,2.213333,2.100000
1.317601,2.213333,2.093333
1.318002,2.206667,2.093333
1.318403,2.200000,2.086667
1.318806,2.100000,2.086667
1.319207,2.160000,2.080000
1.319608,2.133333,2.033333
1.320009,2.113333,2.086667
1.320411,2.100000,2.033333
1.320813,2.106667,2.006667
1.321214,2.093333,1.993333
1.321615,2.080000,2.000000
1.322016,1.873333,1.973333
1.322418,2.160000,2.000000
1.322819,2.020000,1.913333
1.323221,2.020000,1.920000
1.323623,1.966667,1.900000
1.324024,2.000000,1.873333
1.324425,1.966667,1.886667
1.324826,1.906667,1.860000
1.325227,1.893333,1.853333
1.325629,1.913333,1.860000
1.326030,1.913333,1.826667
1.326432,1.906667,1.826667
1.326833,1.893333,1.820000
1.327235,1.906667,1.813333
1.327637,1.840000,1.786667
1.328038,1.853333,1.733333
1.328440,1.826667,1.740000
1.328842,1.820000,1.733333
1.329243,1.800000,1.706667
1.329644,1.773333,1.833333
1.330046,1.780000,1.666667
1.330448,1.753333,1.680000
1.330849,1.780000,1.673333
1.331250,1.746667,1.693333
1.331652,1.726667,1.660000
1.332053,1.693333,1.640000
1.332455,1.686667,1.620000
1.332856,1.693333,1.600000
1.333257,1.613333,1.973333
1.333658,1.673333,1.593333
1.334059,1.633333,1.573333
1.334460,1.626667,1.560000
1.334861,1.660000,1.560000
1.335266,1.613333,1.533333
1.335667,1.580000,1.540000
1.336070,1.586667,1.513333
1.336471,1.560000,1.513333
1.336872,1.560000,1.540000
1.337273,1.560000,1.486667
1.337674,1.500000,1.526667
1.338075,1.433333,1.460000
1.338476,1.520000,1.440000
1.338877,1.506667,1.420000
1.339279,1.513333,1.433333
1.339680,1.473333,1.440000
1.340081,1.466667,1.386667
1.340482,1.460000,1.393333
1.340885,1.406667,1.386667
1.341287,1.440000,1.480000
1.341688,1.406667,1.200000
1.342089,1.386667,1.340000
1.342490,1.380000,1.326667
1.342892,1.386667,1.320000
1.343293,1.353333,1.300000
1.343694,1.326667,1.300000
1.344097,1.326667,1.300000
1.344498,1.320000,1.266667
1.344899,1.326667,1.266667
1.345301,1.306667,1.280000
1.345703,1.286667,1.240000
1.346105,1.293333,1.213333
1.346507,1.300000,1.226667
1.346909,1.286667,1.220000
1.347311,1.293333,1.206667
1.347712,1.286667,1.206667
1.348114,1.213333,1.206667
1.348516,1.226667,1.160000
1.348917,1.206667,0.946667
1.349319,1.113333,0.946667
1.349721,1.200000,1.140000
1.350123,1.180000,1.126667
1.350524,1.186667,1.113333
1.350925,1.126667,1.106667
1.351327,1.053333,1.120000
1.351730,1.133333,1.106667
1.352131,1.133333,0.993333
1.352532,1.113333,1.086667
1.352933,1.113333,1.086667
1.353334,1.100000,1.040000
1.353735,1.053333,1.026667
1.354136,1.033333,1.033333
1.354537,1.053333,1.033333
1.354938,1.053333,0.973333
1.355340,1.053333,1.000000
1.355741,1.033333,0.993333
1.356143,1.020000,0.986667
1.356544,1.033333,0.946667
1.356945,1.026667,0.946667
1.357347,1.040000,0.946667
1.357748,0.966667,0.960000
1.358150,0.986667,0.953333
1.358552,0.980000,1.033333
1.358953,0.966667,0.946667
1.359354,0.953333,0.946667
1.359756,0.953333,0.946667
1.360157,0.946667,0.946667
1.360558,0.946667,0.946667
1.360959,0.946667,0.946667
1.361361,0.946667,0.946667
1.361762,0.946667,0.946667
1.362163,0.946667,0.946667
1.362564,0.946667,0.946667
1.362966,0.946667,0.946667
1.363367,0.946667,0.946667
1.363768,0.946667,0.946667
1.364170,0.946667,0.946667
1.364571,0.946667,0.946667
1.364972,0.946667,0.946667
1.365374,0.946667,0.946667
1.365775,0.946667,0.946667
1.366176,0.946667,0.946667
1.366578,0.946667,0.946667
1.366979,0.946667,0.946667
1.367380,0.946667,0.946667
1.367781,0.946667,0.946667
1.368183,0.946667,0.946667
1.368584,0.946667,0.946667
1.368985,0.946667,0.946667
1.369387,0.946667,0.946667
1.369788,0.946667,0.946667
1.370189,0.946667,0.946667
1.370590,0.946667,0.946667
1.370991,0.946667,0.946667
1.371393,0.946667,0.946667
1.371794,0.946667,0.946667
1.372196,0.946667,0.946667
1.372598,0.946667,0.946667
1.373001,0.946667,0.946667
1.373403,0.946667,0.946667
1.373804,0.946667,0.946667
1.374206,0.946667,0.946667
1.374607,0.946667,0.946667
1.375008,0.946667,0.946667
1.375409,0.946667,0.946667
1.375812,0.946667,0.946667
1.376213,0.946667,0.946667
1.376614,0.946667,0.946667
1.377016,0.946667,0.946667
1.377417,0.946667,0.946667
1.377819,0.946667,0.946667
1.378220,0.946667,0.946667
1.378621,0.946667,0.946667
1.379024,0.946667,0.946667
1.379425,0.946667,0.946667
1.379826,0.946667,0.946667
1.380228,0.946667,0.946667
1.380630,0.946667,0.946667
1.381031,0.946667,0.946667
1.381433,0.946667,0.946667
1.381835,0.946667,0.946667
1.382236,0.946667,0.946667
1.382637,0.946667,0.946667
1.383040,0.946667,0.946667
1.383441,0.946667,0.946667
1.383842,0.946667,0.946667
1.384243,0.946667,0.946667
1.384645,0.946667,0.946667
1.385046,0.946667,0.946667
1.385448,0.946667,0.946667
1.385850,0.946667,0.946667
1.386251,0.946667,0.946667
1.386653,0.946667,0.946667
1.387054,0.946667,0.946667
1.387455,0.946667,0.946667
1.387857,0.946667,0.946667
1.388258,0.946667,0.946667
1.388659,0.946667,0.946667
1.389061,0.946667,0.946667
1.389462,0.946667,0.946667
1.389864,0.946667,0.946667
1.390266,0.946667,0.946667
1.390667,0.946667,0.946667
1.391068,0.946667,0.946667
1.391469,0.946667,0.946667
1.391870,0.946667,0.946667
1.392271,0.946667,0.946667
1.392672,0.946667,0.946667
1.393075,0.946667,0.946667
1.393476,0.946667,0.946667
1.393878,0.946667,0.946667
1.394279,0.946667,0.946667
1.394680,0.946667,0.946667
1.395083,0.946667,0.946667
1.395485,0.946667,0.946667
1.395886,0.946667,0.946667
1.396287,0.946667,0.946667
1.396689,0.946667,0.946667
1.397090,0.946667,0.946667
1.397491,0.946667,0.946667
1.397892,0.946667,0.946667
1.398294,0.946667,0.946667
1.398695,0.946667,0.946667
1.399096,0.946667,0.946667
1.399498,0.946667,0.946667
1.399899,0.946667,0.946667
1.400300,0.946667,0.946667
1.400701,0.946667,0.946667
1.401104,0.946667,0.946667
1.401505,0.946667,0.946667
1.401906,0.946667,0.946667
1.402307,0.946667,0.946667
1.402708,0.946667,0.946667
1.403109,0.946667,0.946667
1.403510,0.946667,0.946667
1.403912,0.946667,0.946667
1.404313,0.946667,0.946667
1.404714,0.946667,0.946667
1.405115,0.946667,0.946667
1.405516,0.946667,0.946667
1.405917,0.946667,0.946667
1.406319,0.946667,0.946667
1.406720,0.946667,0.946667
1.407121,0.946667,0.946667
1.407522,0.946667,0.946667
1.407925,0.946667,0.946667
1.408326,0.946667,0.946667
1.408728,0.946667,0.946667
1.409129,0.946667,0.946667
1.409530,0.946667,0.946667
1.409931,0.946667,0.946667
1.410333,0.946667,0.946667
1.410734,0.946667,0.946667
1.411135,0.946667,0.946667
1.411537,0.946667,0.946667
1.411938,0.946667,0.946667
1.412341,0.946667,0.946667
1.412742,0.946667,0.946667
1.413143,0.946667,0.946667
1.413544,0.946667,0.946667
1.413946,0.946667,0.946667
1.414347,0.946667,0.946667
1.414750,0.946667,0.946667
1.415151,0.946667,0.946667
1.415553,0.946667,0.946667
1.415954,0.946667,0.946667
1.416355,0.946667,0.946667
1.416757,0.946667,0.946667
1.417158,0.946667,0.946667
1.417560,0.946667,0.946667
1.417962,0.946667,0.946667
1.418363,0.946667,0.946667
1.418765,0.946667,0.946667
1.419166,0.946667,0.946667
1.419568,0.946667,0.946667
1.419969,0.946667,0.946667
1.420371,0.946667,0.946667
1.420772,0.946667,0.946667
1.421173,0.946667,0.946667
1.421574,0.946667,0.946667
1.421975,0.946667,0.946667
1.422376,0.946667,0.946667
1.422778,0.946667,0.946667
1.423179,0.946667,0.946667
1.423581,0.946667,0.946667
1.423982,0.946667,0.946667
1.424383,0.946667,0.946667
1.424785,0.946667,0.946667
1.425187,0.946667,0.946667
1.425589,0.946667,0.946667
1.425990,0.946667,0.946667
1.426391,0.946667,0.946667
1.426793,0.946667,0.946667
1.427194,0.946667,0.946667
1.427595,0.946667,0.946667
1.427996,0.946667,0.946667
1.428398,0.946667,0.946667
1.428799,0.946667,0.946667
1.429200,0.946667,0.946667
1.429602,0.946667,0.946667
1.430003,0.946667,0.946667
1.430405,0.946667,0.946667
1.430806,0.946667,0.946667
1.431207,0.946667,0.946667
1.431609,0.946667,0.946667
1.432010,0.946667,0.946667
1.432412,0.946667,0.946667
1.432813,0.946667,0.946667
1.433214,0.946667,0.946667
1.433615,0.946667,0.946667
1.434017,0.946667,0.946667
1.434418,0.946667,0.946667
1.434819,0.946667,0.946667
1.435221,0.946667,0.946667
1.435623,0.946667,0.946667
1.436024,0.946667,0.946667
1.436425,0.946667,0.946667
1.436827,0.946667,0.946667
1.437228,0.946667,0.946667
1.437629,0.946667,0.946667
1.438030,0.946667,0.946667
1.438431,0.946667,0.946667
1.438833,0.946667,0.946667
1.439234,0.946667,0.946667
1.439635,0.946667,0.946667
1.440036,0.946667,0.946667
1.440437,0.946667,0.946667
1.440840,0.946667,0.946667
1.441242,0.946667,0.946667
1.441644,0.946667,0.946667
1.442045,0.946667,0.946667
1.442447,0.946667,0.946667
1.442850,0.946667,0.946667
1.443251,0.946667,0.946667
1.443653,0.946667,0.946667
1.444055,0.946667,0.946667
1.444456,0.946667,0.946667
1.444857,0.946667,0.946667
1.445258,0.946667,0.946667
1.445659,0.946667,0.946667
1.446060,0.946667,0.946667
1.446461,0.946667,0.946667
1.446862,0.946667,0.946667
1.447266,0.946667,0.946667
1.447667,0.946667,0.946667
1.448068,0.946667,0.946667
1.448469,0.946667,0.946667
1.448870,0.946667,0.946667
1.449272,0.946667,0.946667
1.449673,0.946667,0.946667
1.450075,0.946667,0.946667
1.450476,0.946667,0.946667
1.450879,0.946667,0.946667
1.451280,0.946667,0.946667
1.451681,0.946667,0.946667
1.452082,0.946667,0.946667
1.452483,0.946667,0.946667
1.452884,0.946667,0.946667
1.453285,0.946667,0.946667
1.453686,0.946667,0.946667
1.454087,0.946667,0.946667
1.454489,0.946667,0.946667
1.454890,0.946667,0.946667
1.455292,0.946667,0.946667
1.455693,0.946667,0.946667
1.456094,0.946667,0.946667
1.456495,0.946667,0.946667
1.456897,0.946667,0.946667
1.457299,0.946667,0.946667
1.457700,0.946667,0.946667
1.458102,0.946667,0.946667
1.458504,0.946667,0.946667
1.458905,0.946667,0.946667
1.459306,0.946667,0.946667
1.459707,0.946667,0.946667
1.460110,0.946667,0.946667
1.460511,0.946667,0.946667
1.460913,0.946667,0.946667
1.461314,0.946667,0.946667
1.461715,0.946667,0.946667
1.462116,0.946667,0.946667
1.462517,0.946667,0.946667
1.462920,0.946667,0.946667
1.463321,0.946667,0.946667
1.463722,0.946667,0.946667
1.464124,0.946667,0.946667
1.464525,0.946667,0.946667
1.464926,0.946667,0.946667
1.465327,0.946667,0.946667
1.465728,0.946667,0.946667
1.466129,0.946667,0.946667
1.466530,0.946667,0.946667
1.466931,0.946667,0.946667
1.467333,0.946667,0.946667
1.467734,0.946667,0.946667
1.468136,0.946667,0.946667
1.468537,0.946667,0.946667
1.468938,0.946667,0.946667
1.469340,0.946667,0.946667
1.469742,0.946667,0.946667
1.470143,0.946667,0.946667
1.470544,0.946667,0.946667
1.470947,0.946667,0.946667
1.471348,0.946667,0.946667
1.471749,0.946667,0.946667
1.472150,0.946667,0.946667
1.472551,0.946667,0.946667
1.472952,0.946667,0.946667
1.473354,0.946667,0.946667
1.473755,0.946667,0.946667
1.474156,0.946667,0.946667
1.474557,0.946667,0.946667
1.474958,0.946667,0.946667
1.475360,0.946667,0.946667
1.475761,0.946667,0.946667
1.476162,0.946667,0.946667
1.476563,0.946667,0.946667
1.476964,0.946667,0.946667
1.477366,0.946667,0.946667
1.477767,0.946667,0.946667
1.478168,0.946667,0.946667
1.478570,0.946667,0.946667
1.478972,0.946667,1.240000
1.479374,0.946667,0.946667
1.479775,0.946667,0.946667
1.480176,0.946667,0.946667
1.480577,0.946667,0.946667
1.480978,0.946667,0.946667
1.481380,0.946667,0.946667
1.481781,0.953333,0.980000
1.482183,0.953333,0.946667
1.482585,1.033333,1.026667
1.482986,0.980000,0.953333
1.483387,1.013333,0.946667
1.483788,1.013333,0.966667
1.484190,1.000000,0.946667
1.484592,1.026667,0.980000
1.484993,1.026667,1.013333
1.485394,1.040000,1.006667
1.485795,1.060000,1.020000
1.486196,1.033333,1.033333
1.486597,1.046667,1.013333
1.486998,1.066667,1.026667
1.487399,1.066667,1.033333
1.487801,1.066667,1.146667
1.488203,1.100000,0.993333
1.488604,1.126667,1.053333
1.489005,1.140000,1.086667
1.489406,1.146667,1.106667
1.489808,1.160000,1.113333
1.490210,1.153333,1.300000
1.490611,1.046667,1.086667
1.491012,1.166667,1.113333
1.491414,1.220000,1.113333
1.491815,1.206667,1.266667
1.492216,1.206667,1.200000
1.492617,1.220000,1.146667
1.493018,1.226667,1.146667
1.493420,1.280000,1.280000
1.493822,1.220000,1.213333
1.494223,1.266667,1.213333
1.494624,1.326667,1.206667
1.495025,1.300000,1.226667
1.495427,1.293333,1.146667
1.495828,1.280000,1.240000
1.496229,1.293333,1.226667
1.496631,1.320000,1.266667
1.497032,1.366667,1.326667
1.497433,1.373333,1.300000
1.497834,1.360000,1.300000
1.498236,1.300000,1.300000
1.498638,1.340000,1.380000
1.499040,1.393333,1.333333
1.499441,1.360000,1.386667
1.499842,1.420000,1.346667
1.500244,1.440000,1.386667
1.500646,1.453333,1.406667
1.501048,1.466667,1.386667
1.501450,1.480000,1.406667
1.501851,1.473333,1.420000
1.502252,1.500000,1.406667
1.502654,1.493333,1.413333
1.503055,1.540000,1.460000
1.503456,1.546667,1.460000
1.503857,1.533333,1.620000
1.504259,1.520000,1.553333
1.504660,1.573333,1.513333
1.505061,1.566667,1.520000
1.505462,1.600000,1.480000
1.505863,1.566667,1.560000
1.506266,1.640000,1.553333
1.506668,1.606667,1.553333
1.507071,1.640000,1.566667
1.507472,1.526667,1.566667
1.507874,1.686667,1.920000
1.508277,1.606667,1.613333
1.508678,1.686667,1.633333
1.509080,1.693333,1.633333
1.509482,1.726667,1.633333
1.509883,1.733333,1.613333
1.510285,1.733333,1.666667
1.510686,1.740000,1.660000
1.511087,1.773333,1.686667
1.511488,1.853333,1.693333
1.511891,1.800000,1.760000
1.512292,1.800000,1.713333
1.512695,1.786667,1.753333
1.513096,1.846667,1.760000
1.513497,1.820000,1.766667
1.513898,1.893333,1.766667
1.514299,1.886667,1.720000
1.514702,1.960000,1.733333
1.515104,1.926667,1.820000
1.515505,1.960000,1.873333
1.515906,1.866667,1.886667
1.516307,1.946667,1.846667
1.516708,1.966667,1.873333
1.517110,1.993333,1.906667
1.517511,2.000000,1.906667
1.517912,1.993333,1.900000
1.518313,1.926667,1.906667
1.518714,2.026667,1.946667
1.519115,2.073333,1.953333
1.519516,2.040000,1.893333
1.519917,2.060000,2.006667
1.520320,2.113333,2.000000
1.520721,2.106667,1.966667
1.521123,2.106667,2.033333
1.521525,2.113333,2.133333
1.521926,2.133333,2.060000
1.522328,2.180000,2.100000
1.522729,2.193333,2.126667
1.523130,2.206667,2.093333
1.523531,2.206667,2.106667
1.523933,2.213333,2.126667
1.524334,2.240000,2.186667
1.524735,2.193333,2.133333
1.525137,2.286667,2.086667
1.525538,2.353333,2.180000
1.525939,2.300000,2.200000
1.526340,2.306667,2.226666
1.526741,2.326667,2.300000
1.527142,2.326667,2.233333
1.527543,2.366667,2.260000
1.527945,2.380000,2.266667
1.528346,2.413333,2.366667
1.528747,2.446667,2.273333
1.529148,2.413333,2.313333
1.529549,2.433333,2.366667
1.529951,2.413333,2.433333
1.530353,2.500000,2.400000
1.530754,2.473333,2.366667
1.531156,2.460000,2.386667
1.531557,2.533333,2.400000
1.531958,2.546667,2.426666
1.532360,2.560000,2.440000
1.532761,2.546667,2.446667
1.533163,2.613333,2.446667
1.533564,2.600000,2.513333
1.533965,2.606667,2.466667
1.534367,2.613333,2.473333
1.534768,2.640000,2.520000
1.535169,2.680000,2.646667
1.535570,2.673333,2.553333
1.535971,2.686666,2.533333
1.536373,2.693333,2.580000
1.536774,2.713333,2.633333
1.537175,2.760000,2.640000
1.537577,2.766667,2.620000
1.537978,2.793333,2.673333
1.538379,2.793333,2.673333
1.538780,2.806667,2.640000
1.539182,2.953333,2.720000
1.539583,2.846667,2.673333
1.539985,2.853333,2.706666
1.540387,2.573333,2.706666
1.540788,2.840000,2.786667
1.541189,2.813333,2.746667
1.541590,2.940000,2.800000
1.541991,2.926667,2.806667
1.542394,2.946667,2.840000
1.542797,2.940000,2.826667
1.543199,2.966666,2.820000
1.543600,3.000000,2.846667
1.544001,3.046667,2.960000
1.544402,3.046667,2.906667
1.544803,3.040000,2.913333
1.545205,3.126667,2.986667
1.545607,3.093333,2.920000
1.546008,3.086667,2.960000
1.546409,3.133333,2.980000
1.546810,3.140000,2.960000
1.547211,3.146667,2.993333
1.547613,3.213333,3.040000
1.548014,3.226667,3.060000
1.548415,3.133333,3.033333
1.548816,3.226667,3.086667
1.549218,3.253333,3.400000
1.549619,3.240000,3.126667
1.550020,3.300000,3.380000
1.550421,3.313333,3.166667
1.550824,3.333333,3.166667
1.551225,3.320000,3.166667
1.551627,3.326667,3.226667
1.552028,3.406667,3.280000
1.552429,3.400000,3.226667
1.552830,3.413333,3.300000
1.553232,3.426666,3.253333
1.553633,3.386667,3.300000
1.554035,3.466666,3.313333
1.554437,3.500000,3.313333
1.554838,3.500000,3.413333
1.555239,3.506667,3.346666
1.555641,3.520000,3.400000
1.556042,3.540000,3.393333
1.556443,3.580000,3.313333
1.556845,3.593333,3.346666
1.557247,3.546667,3.466666
1.557648,3.653333,3.286667
1.558050,3.546667,3.486667
1.558453,3.640000,3.506667
1.558854,3.693333,3.486667
1.559257,3.706666,3.533333
1.559658,3.740000,3.560000
1.560059,3.733333,3.606667
1.560461,3.726667,3.560000
1.560862,3.866667,3.600000
1.561266,3.826667,3.573333
1.561667,3.873333,3.620000
1.562068,3.840000,3.953333
1.562469,3.880000,3.660000
1.562870,3.913333,3.713333
1.563272,3.953333,3.560000
1.563673,3.953333,3.720000
1.564076,3.973333,3.833333
1.564477,3.993333,3.840000
1.564878,4.006667,3.813334
1.565280,4.060000,3.833333
1.565681,4.066667,3.833333
1.566082,4.066667,3.960000
1.566483,4.086667,3.926666
1.566884,4.133333,3.913333
1.567286,4.120000,3.946667
1.567687,4.140000,3.960000
1.568088,4.160000,3.960000
1.568489,4.153333,3.986666
1.568891,4.193333,4.013333
1.569292,4.200000,4.020000
1.569693,4.206666,4.066667
1.570094,4.206666,4.066667
1.570495,4.273333,4.106667
1.570896,4.300000,4.093333
1.571298,4.286666,4.140000
1.571701,4.433333,4.153333
1.572102,4.280000,4.160000
1.572503,4.353333,4.186666
1.572905,4.386666,4.186666
1.573306,4.440000,4.213334
1.573707,4.473333,4.213334
1.574108,4.413333,4.253333
1.574509,4.506667,4.200000
1.574910,4.486666,4.266666
1.575312,4.600000,4.326666
1.575713,4.546667,4.326666
1.576114,4.540000,4.346667
1.576516,4.573333,4.386666
1.576917,4.593333,4.380000
1.577319,4.633333,4.380000
1.577720,4.640000,4.373333
1.578122,4.686666,4.453333
1.578525,4.693333,4.446667
1.578926,4.673333,4.520000
1.579328,4.793333,4.533333
1.579731,4.760000,4.533333
1.580132,4.746666,4.540000
1.580534,4.766666,4.540000
1.580936,4.800000,4.593333
1.581338,4.820000,4.593333
1.581740,4.860000,4.613333
1.582142,4.906667,4.633333
1.582544,4.886666,4.713333
1.582945,4.840000,4.733333
1.583347,4.920000,4.666667
1.583748,4.933333,4.840000
1.584149,4.973333,4.720000
1.584551,4.980000,4.753333
1.584952,5.006667,4.766666
1.585353,4.913333,4.840000
1.585755,5.053333,4.826666
1.586156,5.086667,4.833333
1.586557,5.106667,4.886666
1.586960,5.173333,4.900000
1.587361,5.173333,4.686666
1.587762,5.166667,4.893333
1.588163,5.193333,4.946666
1.588564,5.200000,4.986667
1.588965,5.233334,4.993333
1.589368,5.233334,5.060000
1.589769,5.273333,5.026667
1.590171,5.400000,4.760000
1.590572,5.280000,5.080000
1.590973,5.433333,5.120000
1.591374,5.380000,5.153333
1.591775,5.400000,5.153333
1.592176,5.413333,5.160000
1.592577,5.426667,5.180000
1.592978,5.466667,5.180000
1.593380,5.480000,5.240000
1.593781,5.500000,5.240000
1.594182,5.533333,5.240000
1.594584,5.526667,5.273333
1.594986,5.580000,5.333333
1.595387,5.553333,5.300000
1.595788,5.593333,5.360000
1.596189,5.600000,5.406666
1.596590,5.660000,5.413333
1.596992,5.680000,5.420000
1.597394,5.720000,5.420000
1.597795,5.720000,5.406666
1.598196,5.700000,5.426667
1.598598,5.760000,5.473333
1.598999,5.880000,5.513333
1.599401,5.806666,5.580000
1.599802,5.766666,5.373333
1.600204,5.846666,5.586667
1.600605,5.900000,5.606667
1.601007,5.913333,5.586667
1.601408,5.933333,5.653333
1.601811,5.933333,5.660000
1.602212,5.953333,5.666667
1.602613,5.866666,5.713333
1.603016,5.960000,5.753333
1.603417,6.020000,5.760000
1.603818,6.053333,5.860000
1.604220,6.093333,5.793334
1.604622,6.093333,5.820000
1.605024,6.146667,5.853333
1.605426,6.180000,5.853333
1.605829,6.180000,5.900000
1.606231,6.206666,5.900000
1.606632,6.240000,5.940000
1.607035,6.240000,5.760000
1.607437,6.280000,5.993333
1.607838,6.286667,5.973333
1.608240,6.313334,6.240000
1.608642,6.306666,6.060000
1.609043,6.353333,6.100000
1.609445,6.386667,6.080000
1.609846,6.420000,6.066667
1.610247,6.420000,6.113333
1.610649,6.473333,6.140000
1.611050,6.480000,6.180000
1.611452,6.480000,6.186666
1.611853,6.506667,6.186666
1.612254,6.533333,6.280000
1.612655,6.626667,6.193333
1.613056,6.613333,6.286667
1.613458,6.586667,6.280000
1.613860,6.686666,6.346667
1.614266,6.680000,6.346667
1.614667,6.713333,6.373333
1.615068,6.713333,6.380000
1.615469,6.760000,6.406667
1.615870,6.800000,6.413333
1.616272,6.913333,6.413333
1.616673,6.846666,6.426666
1.617075,6.833333,6.493333
1.617477,6.893333,6.540000
1.617878,6.900000,6.533333
1.618279,6.926667,6.613333
1.618682,6.940000,6.633333
1.619084,6.853333,6.646667
1.619486,7.006667,6.646667
1.619888,7.046667,6.713333
1.620289,7.006667,6.726666
1.620690,7.060000,6.713333
1.621091,7.046667,6.800000
1.621492,7.140000,6.786666
1.621894,7.060000,6.806667
1.622295,7.173333,7.320000
1.622697,7.186666,6.926667
1.623099,7.206666,6.893333
1.623500,7.213333,6.546667
1.623901,7.219999,6.900000
1.624302,7.313333,6.953333
1.624703,7.286667,6.893333
1.625105,7.433333,6.973333
1.625507,7.340000,7.000000
1.625909,7.373333,7.000000
1.626312,7.406666,7.080000
1.626713,7.393333,7.046667
1.627115,7.446666,7.166667
1.627516,7.473333,7.126667
1.627917,7.506667,7.166667
1.628320,7.533333,7.173333
1.628721,7.526666,7.140000
1.629123,7.586667,7.226666
1.629524,7.586667,7.219999
1.629925,7.626667,7.260000
1.630327,7.640000,7.253334
1.630729,7.686666,7.280000
1.631130,7.693334,7.340000
1.631532,7.713333,7.340000
1.631933,7.700000,7.480000
1.632334,7.713333,7.366667
1.632735,7.880000,7.413333
1.633137,7.746666,7.440000
1.633538,7.893333,7.460000
1.633939,7.860000,7.480000
1.634341,7.893333,7.513333
1.634743,7.880000,7.553333
1.635144,7.953333,7.573333
1.635545,7.946667,7.586667
1.635946,7.980000,7.466667
1.636348,8.026667,7.606667
1.636751,8.046666,7.660000
1.637152,8.053332,7.686666
1.637554,8.086667,7.720000
1.637955,8.126666,7.726667
1.638356,8.153334,7.760000
1.638758,8.179999,7.726667
1.639159,8.166667,7.786666
1.639561,8.220000,7.793334
1.639962,8.233334,7.866666
1.640364,8.280000,7.746666
1.640765,8.286667,7.866666
1.641166,8.326666,7.933333
1.641568,8.340000,7.780000
1.641971,8.346666,8.013333
1.642372,8.386666,7.980000
1.642773,8.406667,7.993333
1.643174,8.533333,8.000000
1.643575,8.466666,8.053332
1.643976,8.500000,8.080000
1.644378,8.493334,8.113333
1.644779,8.560000,8.160000
1.645180,8.553333,8.133333
1.645582,8.540000,8.080000
1.645983,8.613334,8.213333
1.646385,8.573333,8.206666
1.646786,8.646667,8.226666
1.647188,8.686666,8.246666
1.647589,8.653333,8.286667
1.647990,8.673333,8.353333
1.648391,8.746667,8.673333
1.648794,8.793333,8.306666
1.649195,8.813334,8.393332
1.649597,8.773333,8.386666
1.649998,8.913333,8.406667
1.650400,8.886666,8.426667
1.650801,8.913333,8.493334
1.651203,8.960000,8.526667
1.651605,8.933333,8.513332
1.652006,8.973332,8.560000
1.652408,9.006666,8.566667
1.652809,9.020000,8.586666
1.653210,9.059999,8.626667
1.653611,9.086667,8.646667
1.654013,9.106667,8.693334
1.654414,9.106667,8.773333
1.654815,9.186666,8.760000
1.655216,9.173333,8.719999
1.655617,9.220000,8.760000
1.656018,9.260000,8.800000
1.656420,9.260000,8.820000
1.656822,9.240000,8.853333
1.657223,9.286667,8.920000
1.657624,9.346666,8.886666
1.658025,9.346666,8.740000
1.658427,9.400000,8.966666
1.658828,9.346666,8.973332
1.659230,9.466666,8.993333
1.659631,9.473333,9.006666
1.660033,9.513333,9.006666
1.660434,9.520000,9.080000
1.660835,9.600000,9.073333
1.661237,9.573333,9.093333
1.661638,9.600000,9.093333
1.662041,9.639999,8.953334
1.662442,9.660000,9.173333
1.662843,9.693333,9.240000
1.663245,9.706666,9.220000
1.663646,9.706666,9.093333
1.664049,9.753333,9.260000
1.664451,9.753333,9.273334
1.664852,9.826666,9.253333
1.665253,9.946667,9.346666
1.665654,9.866667,9.326667
1.666055,9.900000,9.346666
1.666456,9.920000,9.346666
1.666857,9.933333,9.460000
1.667258,9.933333,9.473333
1.667659,9.966666,9.520000
1.668062,9.993333,9.546667
1.668463,10.046666,9.553333
1.668865,10.059999,9.586666
1.669266,10.099999,9.613334
1.669668,10.113333,9.559999
1.670071,10.140000,9.646667
1.670473,10.206667,9.793333
1.670874,10.166666,9.706666
1.671275,10.213333,9.733334
1.671677,10.266666,9.800000
1.672079,10.273334,9.786667
1.672481,10.306666,9.800000
1.672883,10.306666,9.793333
1.673285,10.406667,9.813334
1.673686,10.393333,9.893332
1.674087,10.386666,9.906666
1.674489,10.446667,9.959999
1.674890,10.460000,9.959999
1.675292,10.446667,9.959999
1.675693,10.473333,9.973333
1.676094,10.513333,10.020000
1.676496,10.526667,10.040000
1.676897,10.566667,10.059999
1.677299,10.593333,10.080000
1.677700,10.606667,10.086666
1.678101,10.660000,10.140000
1.678502,10.653334,10.140000
1.678903,10.686666,10.179999
1.679305,10.720000,10.200000
1.679707,10.706666,10.226666
1.680108,10.773334,10.260000
1.680510,10.766666,10.280000
1.680911,10.840000,10.286666
1.681313,10.813333,10.313334
1.681714,10.753333,10.486666
1.682116,10.826666,10.380000
1.682518,10.900000,10.333333
1.682920,10.946666,10.413333
1.683322,10.960000,10.666667
1.683724,11.000000,10.419999
1.684125,11.020000,10.473333
1.684526,11.013332,10.493333
1.684929,11.073333,10.520000
1.685330,11.073333,10.533334
1.685732,11.099999,10.546666
1.686133,11.120000,10.593333
1.686535,11.153333,10.633333
1.686936,11.193334,10.620000
1.687338,11.226666,10.733334
1.687740,11.233333,10.686666
1.688142,11.266666,10.720000
1.688543,11.293333,10.746666
1.688945,11.293333,10.793333
1.689347,11.333333,10.653334
1.689748,11.366667,10.786667
1.690150,11.393333,10.806666
1.690552,11.386666,10.840000
1.690953,11.453334,10.860000
1.691354,11.440000,10.926667
1.691755,11.480000,10.840000
1.692157,11.506666,10.940000
1.692558,11.539999,10.966666
1.692960,11.553333,11.020000
1.693361,11.580000,11.040000
1.693762,11.580000,11.020000
1.694164,11.599999,11.040000
1.694566,11.626666,11.079999
1.694969,11.713333,11.113334
1.695372,11.693333,11.146667
1.695773,11.706667,11.133333
1.696175,11.773334,11.206666
1.696576,11.753333,11.206666
1.696977,11.799999,11.206666
1.697378,11.773334,11.233333
1.697781,11.866666,11.286666
1.698183,11.886666,11.320000
1.698585,11.879999,11.326667
1.698986,11.900000,11.200000
1.699387,11.986667,11.420000
1.699788,11.933332,11.386666
1.700190,12.033333,11.440000
1.700592,11.980000,11.426666
1.700993,12.046667,11.466666
1.701394,12.086666,11.506666
1.701796,12.080000,11.460000
1.702197,12.160000,11.533333
1.702599,12.153333,11.580000
1.703000,12.173333,11.553333
1.703401,12.246667,11.660000
1.703802,12.240000,11.626666
1.704203,12.166667,11.660000
1.704604,12.293333,11.713333
1.705005,12.313334,11.706667
1.705407,12.366667,11.700000
1.705808,12.386666,11.766666
1.706209,12.373333,11.733333
1.706611,12.413333,11.853333
1.707012,12.433333,11.826667
1.707414,12.440001,11.879999
1.707815,12.453333,12.066666
1.708217,12.553333,11.866666
1.708618,12.526666,11.900000
1.709019,12.566667,11.933332
1.709421,12.580000,11.920000
1.709822,12.599999,11.960000
1.710224,12.599999,11.999999
1.710625,12.660000,12.033333
1.711026,12.673333,12.020000
1.711427,12.673333,12.066666
1.711828,12.740000,12.080000
1.712230,12.793333,12.100000
1.712632,12.740000,12.206666
1.713034,12.773334,12.146667
1.713435,12.826667,12.213333
1.713836,12.860000,12.246667
1.714237,12.806666,12.246667
1.714638,12.973333,12.280000
1.715039,12.853333,12.253333
1.715440,12.933333,12.393332
1.715841,12.960000,12.346666
1.716242,12.980000,12.333333
1.716644,13.026667,12.593333
1.717045,13.006666,12.413333
1.717447,13.059999,12.426666
1.717848,13.040000,12.440001
1.718250,13.113333,12.493333
1.718651,13.139999,12.513333
1.719052,13.139999,12.493333
1.719453,13.153334,12.513333
1.719854,13.220000,12.586666
1.720255,13.226666,12.593333
1.720657,13.186666,12.606667
1.721059,13.280000,12.646667
1.721461,13.286667,12.673333
1.721863,13.286667,12.646667
1.722266,13.306666,12.679999
1.722667,13.379999,12.726666
1.723068,13.386665,12.666666
1.723469,13.420000,12.780000
1.723870,13.466666,12.820000
1.724272,13.466666,12.919999
1.724673,13.473332,12.860000
1.725074,13.493333,12.886666
1.725475,13.579999,12.913333
1.725876,13.586667,12.906667
1.726278,13.533333,12.946667
1.726680,13.593333,12.933333
1.727081,13.626666,12.980000
1.727482,13.639999,12.980000
1.727883,13.653334,13.013333
1.728285,13.660000,13.113333
1.728686,13.726666,13.080000
1.729087,13.746667,13.073333
1.729488,13.740001,13.106667
1.729889,13.793333,13.133333
1.730291,13.786667,13.133333
1.730693,13.826666,13.193333
1.731094,13.833333,13.193333
1.731495,13.886666,13.213333
1.731896,13.920000,13.280000
1.732298,13.900000,13.120000
1.732699,13.993333,13.313333
1.733100,14.013333,13.280000
1.733501,14.006667,13.333333
1.733903,14.026667,13.346667
1.734305,14.046667,13.353333
1.734706,14.053333,13.373333
1.735108,14.080000,13.440000
1.735509,14.106666,13.440000
1.735910,14.120000,13.460000
1.736312,14.173332,13.506666
1.736713,14.046667,13.480000
1.737114,14.106666,13.553333
1.737515,14.193333,13.539999
1.737916,14.226666,13.559999
1.738319,14.246667,13.680000
1.738720,14.280000,13.573333
1.739121,14.306665,13.620000
1.739522,14.326666,13.646666
1.739924,14.393332,13.713332
1.740326,14.380000,13.759999
1.740728,14.393332,13.720000
1.741129,14.473333,13.673334
1.741530,14.453333,13.726666
1.741931,14.446667,13.806667
1.742334,14.473333,13.786667
1.742735,14.513333,13.833333
1.743136,14.520000,13.833333
1.743537,14.559999,13.873334
1.743938,14.566666,13.893333
1.744340,14.719999,13.900000
1.744741,14.613333,13.906666
1.745143,14.626666,13.966666
1.745545,14.686666,13.920000
1.745947,14.713333,13.979999
1.746348,14.693333,13.960000
1.746751,14.719999,14.020000
1.747152,14.766665,14.033333
1.747554,14.766665,14.066666
1.747956,14.806666,14.086666
1.748358,14.840000,14.273334
1.748759,14.786666,14.106666
1.749161,14.860001,14.173332
1.749563,14.966665,14.173332
1.749966,14.913333,14.173332
1.750367,14.926667,14.173332
1.750768,14.953333,14.239999
1.751169,14.953333,14.239999
1.751570,14.953333,14.293333
1.751972,14.953333,14.253333
1.752373,15.006666,14.313334
1.752776,15.093332,14.326666
1.753177,15.119999,14.353333
1.753578,15.133333,14.420000
1.753979,15.153333,14.386666
1.754381,15.146667,14.466667
1.754782,15.253334,14.439999
1.755184,15.226665,14.446667
1.755586,15.286666,14.380000
1.755987,15.293332,14.553333
1.756388,15.346666,14.506667
1.756789,15.313333,14.759999
1.757190,15.306666,14.520000
1.757591,15.346666,14.559999
1.757992,15.379999,14.580000
1.758394,15.386667,14.633332
1.758795,15.393333,14.679999
1.759196,15.426665,14.953333
1.759597,15.433333,14.606667
1.759999,15.520000,14.233333
1.760401,15.480000,14.706667
1.760802,15.520000,14.693333
1.761203,15.533333,14.793334
1.761604,15.500000,14.773334
1.762005,15.639999,14.786666
1.762407,15.619999,14.813333
1.762808,15.633333,14.860001
1.763210,15.646666,14.866667
1.763611,15.653334,14.873333
1.764012,15.700000,14.886666
1.764414,15.713334,14.806666
1.764815,15.733333,14.953333
1.765216,15.740000,14.953333
1.765618,15.766666,14.813333
1.766019,15.866667,15.119999
1.766420,15.766666,14.953333
1.766823,15.833333,15.100000
1.767224,15.839999,15.073333
1.767625,15.873333,15.126667
1.768026,15.886665,15.126667
1.768428,15.886665,15.213333
1.768829,15.940000,15.186667
1.769230,15.980000,15.193334
1.769631,15.993333,15.260000
1.770033,16.006666,15.219999
1.770434,16.020000,15.260000
1.770835,16.066668,15.286666
1.771237,15.960000,15.306666
1.771639,16.113333,15.326667
1.772041,16.160000,15.306666
1.772442,16.119999,15.320001
1.772844,16.153334,15.346666
1.773246,16.173334,15.366667
1.773647,16.193333,15.540000
1.774048,16.200001,15.426665
1.774450,16.226665,15.540000
1.774851,16.253332,15.433333
1.775252,16.273333,15.486666
1.775653,16.279999,15.520000
1.776055,16.320000,15.560000
1.776457,16.326666,15.546666
1.776858,16.353333,15.520000
1.777260,16.386665,15.553332
1.777661,16.400000,15.573333
1.778064,16.373333,15.599999
1.778465,16.406666,15.599999
1.778866,16.453333,15.760000
1.779267,16.460001,15.666666
1.779669,16.466667,15.606667
1.780070,16.553333,15.733333
1.780472,16.533333,15.740000
1.780874,16.533333,15.740000
1.781275,16.600000,15.700000
1.781676,16.600000,15.760000
1.782077,16.619999,15.346666
1.782479,16.606667,15.846667
1.782880,16.633331,15.833333
1.783281,16.646666,15.846667
1.783682,16.700001,15.873333
1.784084,16.673332,15.860000
1.784486,16.713333,15.906666
1.784888,16.746666,15.926666
1.785289,16.759998,15.933333
1.785691,16.773333,15.953332
1.786092,16.786665,16.000000
1.786494,16.813334,15.913334
1.786895,16.813334,16.026667
1.787297,16.806665,16.059999
1.787699,16.840000,16.059999
1.788100,16.886665,16.066668
1.788502,16.893332,16.253332
1.788904,16.879999,16.099998
1.789306,16.906666,16.099998
1.789707,16.906666,16.113333
1.790109,16.906666,16.099998
1.790510,16.933332,16.279999
1.790911,16.953333,16.133333
1.791312,17.080000,16.126665
1.791713,16.993334,16.160000
1.792115,16.993334,16.233332
1.792517,17.019999,16.266666
1.792920,17.033333,16.266666
1.793321,17.039999,16.286667
1.793722,17.053333,16.279999
1.794123,17.100000,16.333334
1.794524,17.100000,16.346666
1.794925,17.159998,16.366665
1.795327,17.133333,16.473333
1.795728,17.199999,16.406666
1.796129,17.126667,16.426666
1.796530,17.166666,16.466667
1.796931,17.186666,16.420000
1.797333,17.199999,16.466667
1.797734,17.213333,16.473333
1.798136,17.240000,16.593334
1.798537,17.266666,16.246666
1.798938,17.279999,16.553333
1.799340,17.240000,16.273333
1.799741,17.306665,16.546667
1.800142,17.326666,16.619999
1.800543,17.340000,16.646666
1.800944,17.333332,16.586666
1.801346,17.360001,16.660000
1.801747,17.373333,16.619999
1.802149,17.393333,16.653332
1.802550,17.433332,16.660000
1.802951,17.453333,16.713333
1.803353,17.380001,16.733334
1.803756,17.439999,16.759998
1.804157,17.473333,16.753332
1.804560,17.480000,16.733334
1.804961,17.500000,16.786665
1.805362,17.493334,16.786665
1.805763,17.506666,16.793333
1.806164,17.566666,16.806665
1.806565,17.360001,16.873333
1.806966,17.593332,16.846666
1.807368,17.633333,16.833334
1.807770,17.693333,16.913332
1.808172,17.686666,16.913332
1.808574,17.699999,17.026665
1.808975,17.653334,16.906666
1.809377,17.699999,16.913332
1.809778,17.699999,16.926666
1.810179,17.699999,16.939999
1.810581,17.726665,16.953333
1.810982,17.740000,16.939999
1.811384,17.766666,16.959999
1.811785,17.760000,16.953333
1.812187,17.786667,16.966667
1.812588,17.833332,17.033333
1.812990,17.780001,17.073334
1.813391,17.806665,17.026665
1.813793,17.833332,17.039999
1.814194,17.806665,17.006666
1.814595,17.886667,17.126667
1.814997,17.879999,16.953333
1.815399,17.826666,17.133333
1.815800,17.906668,17.113333
1.816202,17.900000,17.153332
1.816603,17.879999,17.473333
1.817004,17.959999,17.186666
1.817407,17.953333,17.173332
1.817808,17.959999,17.179998
1.818210,17.966665,17.186666
1.818612,17.986666,17.199999
1.819013,17.866667,17.206667
1.819414,18.026667,17.240000
1.819816,18.053333,17.240000
1.820217,18.053333,17.240000
1.820619,18.053333,17.306665
1.821021,18.066666,17.293333
1.821423,18.046667,17.293333
1.821824,18.086666,17.306665
1.822225,18.106667,17.333332
1.822626,18.113333,17.333332
1.823027,18.146666,17.333332
1.823428,18.226665,17.360001
1.823829,18.153334,17.360001
1.824230,18.153334,17.380001
1.824631,18.193333,17.400000
1.825032,18.193333,17.446667
1.825433,18.213333,17.419998
1.825834,18.219999,17.446667
1.826236,18.226665,17.473333
1.826638,18.253332,17.446667
1.827039,18.213333,17.459999
1.827441,18.253332,17.459999
1.827843,18.266666,17.473333
1.828245,18.299999,17.446667
1.828646,18.286667,17.480000
1.829047,18.339998,17.619999
1.829448,18.299999,17.533333
1.829849,18.359999,17.526667
1.830251,18.393333,17.586666
1.830652,18.393333,17.619999
1.831054,18.386665,17.586666
1.831455,18.400000,17.613333
1.831856,18.433334,17.633333
1.832258,18.400000,17.426666
1.832660,18.420000,17.613333
1.833061,18.433334,17.760000
1.833462,18.459999,17.686666
1.833864,18.480000,17.606667
1.834266,18.493332,17.673332
1.834667,18.500000,17.673332
1.835068,18.506666,17.746666
1.835469,18.586666,17.719999
1.835871,18.586666,17.873333
1.836273,18.553333,17.733334
1.836674,18.526667,17.760000
1.837075,18.599998,17.760000
1.837476,18.553333,17.886667
1.837877,18.580000,17.766666
1.838280,18.593332,17.799999
1.838681,18.680000,17.799999
1.839083,18.593332,17.660000
1.839484,18.626665,17.813332
1.839886,18.660000,17.826666
1.840287,18.706667,17.813332
1.840688,18.633333,17.846666
1.841089,18.713333,17.886667
1.841491,18.719999,17.846666
1.841892,18.700001,17.886667
1.842293,18.700001,17.886667
1.842695,18.706667,17.893333
1.843097,18.726665,17.886667
1.843498,18.719999,17.906668
1.843900,18.759998,17.953333
1.844301,18.759998,17.926666
1.844703,18.740000,17.906668
1.845105,18.693333,18.000000
1.845508,18.799999,18.000000
1.845909,18.820000,17.966665
1.846310,18.840000,17.980000
1.846712,18.820000,18.020000
1.847114,18.820000,18.006666
1.847516,18.840000,18.006666
1.847918,18.859999,18.020000
1.848319,18.846666,18.046667
1.848721,18.786667,18.059999
1.849123,18.866665,18.046667
1.849525,18.820000,18.033333
1.849926,18.873333,18.046667
1.850327,18.900000,18.079998
1.850728,18.920000,18.086666
1.851129,18.920000,18.086666
1.851530,18.933332,18.113333
1.851931,18.953333,18.119999
1.852333,18.973333,18.153334
1.852734,18.980000,18.033333
1.853136,18.993332,18.160000
1.853537,18.980000,18.139999
1.853938,18.993332,18.146666
1.854340,18.999998,18.160000
1.854742,19.039999,18.173334
1.855144,19.019999,18.166666
1.855546,18.973333,18.219999
1.855947,19.039999,18.020000
1.856348,19.039999,18.086666
1.856749,19.160000,17.953333
1.857150,19.066666,18.240000
1.857551,19.046667,18.166666
1.857952,19.059999,18.219999
1.858353,19.106667,18.219999
1.858754,19.100000,18.273333
1.859156,19.100000,18.246666
1.859558,19.119999,18.293333
1.859960,19.113333,18.273333
1.860361,19.126665,18.299999
1.860762,19.086666,18.346666
1.861163,19.146666,18.293333
1.861564,19.166666,18.293333
1.861966,19.200001,18.333332
1.862367,19.240000,18.333332
1.862768,19.200001,18.346666
1.863170,19.186666,18.466665
1.863571,19.213333,18.306667
1.863973,19.226667,18.333332
1.864374,19.219999,18.359999
1.864775,19.226667,18.233332
1.865177,19.266666,18.379999
1.865579,19.279999,18.400000
1.865980,19.240000,18.379999
1.866381,19.320000,18.400000
1.866782,19.233334,18.426666
1.867183,19.259998,18.420000
1.867585,19.273333,18.406666
1.867986,19.266666,18.406666
1.868388,19.293333,18.446667
1.868789,19.313334,18.426666
1.869191,19.326666,18.459999
1.869592,19.293333,18.459999
1.869994,19.326666,18.426666
1.870396,19.366667,18.486666
1.870798,19.326666,18.493332
1.871199,19.333334,18.526667
1.871601,19.340000,18.506666
1.872002,19.340000,18.500000
1.872403,19.366667,18.493332
1.872805,19.313334,18.466665
1.873206,19.386665,18.486666
1.873607,19.393332,18.486666
1.874009,19.366667,18.533333
1.874410,19.400000,18.786667
1.874812,19.400000,18.506666
1.875213,19.379999,18.533333
1.875615,19.360001,18.553333
1.876016,19.420000,18.553333
1.876418,19.433332,18.539999
1.876819,19.433332,18.599998
1.877220,19.439999,18.586666
1.877621,19.446667,18.553333
1.878022,19.446667,18.619999
1.878424,19.459999,18.326666
1.878825,19.413332,18.580000
1.879227,19.500000,18.619999
1.879628,19.586666,18.539999
1.880030,19.480000,18.613333
1.880431,19.480000,18.606665
1.880832,19.526665,18.646666
1.881233,19.500000,18.646666
1.881635,19.526665,18.566668
1.882038,19.533333,18.513332
1.882440,19.533333,18.660000
1.882842,19.526665,18.673334
1.883243,19.533333,18.746666
1.883644,19.539999,18.646666
1.884045,19.546665,18.660000
1.884447,19.566666,18.686666
1.884848,19.559999,18.726665
1.885250,19.573334,18.740000
1.885652,19.533333,18.653334
1.886053,19.566666,18.653334
1.886454,19.566666,18.673334
1.886855,19.639999,18.646666
1.887257,19.586666,18.713333
1.887658,19.600000,18.719999
1.888059,19.573334,18.706667
1.888460,19.613333,18.719999
1.888861,19.580000,18.753332
1.889266,19.539999,18.726665
1.889667,19.600000,18.706667
1.890068,19.620001,18.726665
1.890469,19.633333,18.786667
1.890870,19.600000,18.786667
1.891272,19.620001,18.733332
1.891673,19.646666,18.733332
1.892075,19.613333,18.759998
1.892477,19.639999,18.759998
1.892879,19.639999,18.773333
1.893280,19.659998,18.693333
1.893681,19.659998,18.786667
1.894083,19.666666,18.759998
1.894484,19.673332,18.779999
1.894885,19.666666,18.766666
1.895287,19.686666,18.879999
1.895688,19.686666,18.793333
1.896089,19.659998,18.799999
1.896490,19.679998,18.773333
1.896892,19.679998,18.759998
1.897293,19.693333,18.813334
1.897694,19.713333,18.786667
1.898095,19.686666,18.806667
1.898496,19.706667,18.766666
1.898897,19.686666,18.879999
1.899299,19.686666,18.960001
1.899700,19.719999,18.826666
1.900101,19.699999,18.820000
1.900503,19.713333,18.820000
1.900904,19.679998,18.826666
1.901306,19.713333,18.806667
1.901707,19.699999,18.826666
1.902108,19.719999,18.846666
1.902509,19.733334,18.840000
1.902910,19.733334,18.820000
1.903312,19.753334,19.053333
1.903714,19.539999,18.859999
1.904116,19.740000,18.859999
1.904518,19.733334,18.833334
1.904919,19.746666,18.779999
1.905320,19.746666,18.873333
1.905721,19.746666,18.866665
1.906123,19.746666,18.859999
1.906524,19.733334,18.846666
1.906925,19.726667,18.840000
1.907326,19.740000,18.859999
1.907727,19.766666,18.826666
1.908129,19.753334,18.826666
1.908531,19.766666,18.879999
1.908933,19.786665,18.840000
1.909334,19.753334,18.879999
1.909736,19.766666,18.893333
1.910138,19.766666,18.879999
1.910539,19.713333,18.886665
1.910941,19.993334,18.926666
1.911342,19.779999,18.893333
1.911744,19.753334,18.866665
1.912145,19.766666,18.879999
1.912546,19.733334,18.879999
1.912948,19.766666,18.873333
1.913349,19.733334,18.866665
1.913751,19.793333,18.879999
1.914153,19.786665,18.859999
1.914555,19.860001,18.879999
1.914957,19.760000,18.859999
1.915359,19.820000,18.913332
1.915760,19.786665,18.879999
1.916163,19.840000,18.879999
1.916565,19.746666,18.906666
1.916966,19.786665,18.879999
1.917367,19.900000,18.866665
1.917769,19.773333,18.879999
1.918171,19.746666,18.906666
1.918572,19.806665,18.906666
1.918973,19.786665,18.879999
1.919374,19.786665,18.879999
1.919775,19.786665,18.879999
1.920176,19.779999,18.900000
1.920577,19.773333,18.879999
1.920978,19.793333,18.906666
1.921380,19.799999,18.893333
1.921781,19.779999,18.833334
1.922182,19.779999,18.879999
1.922584,19.799999,18.893333
1.922985,19.773333,18.879999
1.923387,19.766666,18.506666
1.923789,19.799999,18.999998
1.924190,19.799999,18.886665
1.924591,19.773333,18.879999
1.924992,19.820000,18.886665
1.925394,19.806665,18.920000
1.925795,19.786665,18.893333
1.926197,19.779999,18.886665
1.926598,19.779999,18.873333
1.926999,19.813332,18.873333
1.927401,19.719999,18.879999
1.927803,19.793333,18.879999
1.928204,19.766666,18.866665
1.928605,19.760000,18.879999
1.929007,19.746666,18.900000
1.929408,19.760000,18.873333
1.929809,19.740000,18.786667
1.930210,19.779999,18.666666
1.930611,19.760000,18.886665
1.931012,19.760000,18.879999
1.931413,19.760000,18.820000
1.931814,19.913332,18.879999
1.932216,19.860001,18.893333
1.932617,19.773333,18.846666
1.933018,19.773333,18.833334
1.933420,19.746666,18.906666
1.933821,19.753334,18.873333
1.934222,19.760000,18.866665
1.934623,19.746666,18.879999
1.935024,19.740000,18.840000
1.935426,19.766666,18.866665
1.935827,19.753334,18.879999
1.936228,19.760000,18.859999
1.936629,19.740000,18.840000
1.937030,19.733334,18.833334
1.937432,19.713333,18.833334
1.937834,19.726667,18.793333
1.938235,19.766666,18.820000
1.938636,19.726667,18.793333
1.939037,19.740000,18.999998
1.939438,19.746666,18.840000
1.939839,19.673332,18.799999
1.940240,19.719999,18.906666
1.940641,19.699999,19.046667
1.941042,19.706667,18.833334
1.941443,19.699999,18.826666
1.941845,19.706667,18.740000
1.942246,19.693333,18.786667
1.942647,19.706667,18.820000
1.943048,19.773333,18.779999
1.943450,19.620001,18.820000
1.943852,19.713333,18.806667
1.944253,19.679998,18.786667
1.944654,19.673332,18.793333
1.945055,19.693333,18.786667
1.945457,19.686666,18.879999
1.945858,19.713333,18.766666
1.946260,19.653332,18.619999
1.946662,19.659998,18.766666
1.947064,19.646666,18.766666
1.947466,19.659998,18.766666
1.947868,19.666666,18.766666
1.948270,19.699999,18.746666
1.948671,19.646666,18.740000
1.949072,19.686666,18.706667
1.949473,19.600000,18.746666
1.949874,19.639999,18.733332
1.950275,19.626667,18.726665
1.950677,19.633333,18.746666
1.951079,19.626667,18.753332
1.951481,19.613333,18.713333
1.951882,19.606667,18.520000
1.952284,19.606667,18.753332
1.952686,19.613333,18.746666
1.953087,19.593332,18.740000
1.953489,19.513332,18.706667
1.953891,19.653332,18.660000
1.954292,19.566666,18.766666
1.954693,19.559999,18.680000
1.955095,19.593332,18.753332
1.955496,19.573334,18.660000
1.955897,19.519999,18.680000
1.956299,19.553333,18.766666
1.956700,19.553333,18.673334
1.957101,19.539999,18.666666
1.957502,19.566666,18.706667
1.957903,19.606667,18.646666
1.958305,19.539999,18.646666
1.958707,19.506666,18.639999
1.959108,19.506666,18.626665
1.959510,19.553333,18.626665
1.959911,19.480000,18.660000
1.960313,19.453333,18.619999
1.960714,19.480000,18.613333
1.961116,19.480000,18.646666
1.961517,19.493334,18.599998
1.961918,19.446667,18.593332
1.962320,19.439999,18.613333
1.962721,19.453333,18.533333
1.963123,19.426666,18.580000
1.963524,19.480000,18.580000
1.963925,19.386665,18.599998
1.964326,19.439999,18.526667
1.964727,19.400000,18.573334
1.965129,19.439999,18.546667
1.965530,19.439999,18.586666
1.965931,19.400000,18.779999
1.966333,19.453333,18.533333
1.966734,19.386665,18.526667
1.967135,19.406666,18.539999
1.967536,19.400000,18.520000
1.967937,19.393332,18.526667
1.968339,19.400000,18.486666
1.968740,19.379999,18.506666
1.969141,19.366667,18.486666
1.969542,19.353334,18.493332
1.969943,19.333334,18.553333
1.970345,19.333334,18.473331
1.970747,19.333334,18.466665
1.971148,19.453333,18.606665
1.971549,19.313334,18.459999
1.971951,19.326666,18.459999
1.972353,19.320000,18.406666
1.972755,19.279999,18.459999
1.973156,19.299999,18.453333
1.973557,19.293333,18.693333
1.973959,19.273333,18.400000
1.974360,19.259998,18.459999
1.974762,19.240000,18.440001
1.975163,19.233334,18.393333
1.975564,19.240000,18.373333
1.975965,19.233334,18.393333
1.976367,19.233334,18.466665
1.976768,19.226667,18.379999
1.977170,19.240000,18.346666
1.977572,19.186666,18.346666
1.977973,19.193333,18.326666
1.978374,19.180000,18.353333
1.978775,19.180000,18.346666
1.979177,19.133331,18.346666
1.979578,19.139999,18.400000
1.979979,18.986666,18.213333
1.980380,19.126665,18.273333
1.980781,19.139999,18.306667
1.981183,19.160000,18.333332
1.981585,19.119999,18.273333
1.981987,19.100000,18.339998
1.982389,19.113333,18.266666
1.982791,19.006666,18.246666
1.983192,19.066666,18.240000
1.983593,19.086666,18.226665
1.983994,19.059999,18.233332
1.984395,19.053333,18.226665
1.984796,19.053333,18.213333
1.985197,19.019999,18.213333
1.985598,19.033333,18.313334
1.986000,19.039999,18.180000
1.986402,18.960001,18.186666
1.986803,18.966667,18.146666
1.987204,18.986666,18.106667
1.987605,18.980000,18.126667
1.988006,18.980000,18.160000
1.988408,18.913332,18.146666
1.988809,18.933332,18.126667
1.989210,18.986666,18.146666
1.989611,18.920000,18.126667
1.990012,18.886665,18.099998
1.990414,18.906666,18.299999
1.990815,18.879999,18.093332
1.991216,18.893333,18.066666
1.991617,18.913332,18.066666
1.992018,18.873333,18.073332
1.992420,18.879999,18.020000
1.992823,18.846666,17.959999
1.993224,18.846666,18.026667
1.993625,18.826666,18.040001
1.994026,18.846666,18.020000
1.994428,18.826666,18.000000
1.994829,18.793333,17.973333
1.995231,18.793333,18.106667
1.995633,18.779999,17.893333
1.996034,18.766666,17.973333
1.996435,18.719999,17.906668
1.996836,18.759998,17.893333
1.997237,18.779999,17.893333
1.997639,18.673334,17.893333
1.998040,18.706667,17.886667
1.998441,18.766666,17.926666
1.998842,18.700001,17.873333
1.999244,18.673334,18.000000
1.999645,18.693333,17.766666
2.000046,18.653334,17.746666
2.000448,18.666666,17.906668
2.000849,18.646666,17.859999
2.001250,18.520000,17.846666
2.001652,18.619999,17.793333
2.002054,18.593332,17.813332
2.002455,18.566668,17.806665
2.002857,18.586666,17.766666
2.003258,18.626665,17.760000
2.003661,18.573334,17.780001
2.004062,18.573334,17.766666
2.004463,18.566668,17.760000
2.004865,18.539999,17.746666
2.005266,18.573334,17.733334
2.005667,18.553333,17.726665
2.006068,18.513332,17.633333
2.006469,18.506666,17.686666
2.006871,18.473331,17.686666
