0.000000,8.293333,7.926667
0.000401,8.313333,7.906666
0.000804,8.333333,7.840000
0.001206,8.340000,7.946667
0.001607,8.366667,7.966667
0.002008,8.393332,7.913333
0.002409,8.420000,8.040000
0.002810,8.460000,8.066667
0.003211,8.526667,8.053332
0.003612,8.500000,8.100000
0.004013,8.500000,8.120000
0.004415,8.546666,8.139999
0.004816,8.573333,8.166667
0.005218,8.599999,8.213333
0.005619,8.606667,8.186666
0.006021,8.660000,8.233334
0.006423,8.680000,8.293333
0.006824,8.719999,8.240000
0.007225,8.733333,8.566667
0.007626,8.740000,8.273334
0.008027,8.780000,8.366667
0.008428,8.813334,8.393332
0.008829,8.826667,8.486667
0.009231,8.853333,8.426667
0.009633,8.886666,8.506666
0.010036,8.886666,8.460000
0.010437,8.926666,8.513332
0.010838,8.946667,8.566667
0.011239,8.973332,8.566667
0.011641,9.000000,8.626667
0.012042,9.046666,8.573333
0.012443,9.073333,8.599999
0.012844,9.073333,8.646667
0.013245,9.120000,8.653333
0.013647,9.106667,8.666666
0.014048,9.206667,8.726666
0.014450,9.200000,8.740000
0.014851,9.273334,8.880000
0.015253,9.226666,8.766666
0.015654,9.253333,8.666666
0.016055,9.280000,8.826667
0.016457,9.326667,8.880000
0.016860,9.333333,8.860000
0.017261,9.346666,8.886666
0.017663,9.299999,8.906666
0.018065,9.346666,8.953334
0.018466,9.400000,8.973332
0.018869,9.453333,8.926666
0.019271,9.513333,9.033333
0.019673,9.406667,9.006666
0.020074,9.586666,8.913333
0.020476,9.580000,9.093333
0.020877,9.620000,9.126666
0.021278,9.613334,9.160000
0.021679,9.686666,9.153334
0.022080,9.680000,9.179999
0.022482,9.686666,9.146667
0.022883,9.726666,8.846666
0.023285,9.733334,9.246666
0.023686,9.753333,9.266666
0.024087,9.813334,9.306666
0.024490,9.826666,9.333333
0.024891,9.860000,9.346666
0.025293,9.893332,9.346666
0.025694,9.873333,9.346666
0.026095,9.933333,9.446667
0.026497,10.140000,9.473333
0.026899,10.020000,9.499999
0.027300,9.980000,9.513333
0.027701,10.013333,9.553333
0.028102,10.040000,9.546667
0.028504,10.066667,9.626666
0.028905,10.106667,9.613334
0.029307,10.133333,9.673333
0.029709,10.173333,9.700000
0.030110,10.179999,9.833333
0.030511,10.200000,9.700000
0.030912,10.226666,9.753333
0.031313,10.240000,9.793333
0.031714,10.286666,10.006667
0.032117,10.373333,9.806666
0.032518,10.320000,9.839999
0.032920,10.360000,9.833333
0.033321,10.360000,9.913333
0.033723,10.360000,9.886666
0.034125,10.480000,9.953333
0.034526,10.480000,9.966666
0.034928,10.480000,9.953333
0.035329,10.413333,10.020000
0.035731,10.500000,10.073334
0.036132,10.566667,10.033333
0.036533,10.553332,10.113333
0.036934,10.540000,10.086666
0.037335,10.626666,10.140000
0.037736,10.533334,10.313334
0.038137,10.639999,10.140000
0.038538,10.693333,10.206667
0.038939,10.726666,9.966666
0.039340,10.746666,10.226666
0.039742,10.793333,10.419999
0.040144,10.820000,10.280000
0.040545,10.886666,10.266666
0.040946,10.879999,10.053333
0.041348,10.906667,10.340000
0.041751,10.900000,10.353333
0.042152,10.940000,10.406667
0.042555,10.946666,10.406667
0.042958,10.980000,10.473333
0.043360,10.980000,10.480000
0.043761,11.120000,10.493333
0.044162,11.073333,10.533334
0.044563,11.073333,10.520000
0.044965,11.073333,10.533334
0.045367,11.106667,10.633333
0.045768,11.200000,10.600000
0.046169,11.180000,10.646667
0.046571,11.186666,10.793333
0.046972,11.219999,10.666667
0.047375,11.273333,10.720000
0.047777,11.313334,10.720000
0.048178,11.300000,10.793333
0.048580,11.293333,10.773334
0.048981,11.353333,11.253333
0.049382,11.366667,10.813333
0.049784,11.400000,10.840000
0.050185,11.433333,10.860000
0.050586,11.433333,10.853333
0.050988,11.460000,10.960000
0.051389,11.520000,10.946666
0.051790,11.533333,10.946666
0.052191,11.559999,11.020000
0.052592,11.520000,11.013332
0.052993,11.593333,11.053333
0.053395,11.620000,11.073333
0.053796,11.646667,11.066667
0.054197,11.626666,11.120000
0.054598,11.713333,11.160000
0.054999,11.626666,11.180000
0.055401,11.640000,11.206666
0.055802,11.780000,11.246667
0.056203,11.793333,11.266666
0.056604,11.846666,11.233333
0.057006,11.853333,11.280000
0.057408,11.726666,11.300000
0.057811,11.893333,11.433333
0.058212,11.900000,11.366667
0.058613,11.860000,11.366667
0.059014,11.980000,11.406666
0.059416,11.993333,11.426666
0.059819,12.013333,11.420000
0.060220,12.040000,11.480000
0.060621,12.066666,11.486667
0.061022,12.059999,11.473332
0.061423,12.053333,11.539999
0.061825,12.020000,11.559999
0.062226,12.213333,11.573333
0.062628,12.259999,11.580000
0.063029,12.226666,11.693333
0.063430,12.240000,11.640000
0.063831,12.313334,11.620000
0.064232,12.373333,11.580000
0.064634,12.339999,11.753333
0.065035,12.346666,11.686666
0.065436,12.306666,11.753333
0.065837,12.420000,11.886666
0.066238,12.413333,11.786667
0.066640,12.466666,11.840000
0.067042,12.480000,11.846666
0.067443,12.500000,11.873333
0.067844,12.559999,11.893333
0.068245,12.533333,11.906667
0.068647,12.559999,11.926666
0.069048,12.580000,12.020000
0.069449,12.599999,11.973333
0.069850,12.673333,12.026667
0.070252,12.653333,12.033333
0.070653,12.679999,12.059999
0.071054,12.719999,12.093333
0.071456,12.713333,12.059999
0.071858,12.780000,12.153333
0.072259,12.773334,12.033333
0.072661,12.833333,12.193333
0.073062,12.773334,12.186666
0.073463,12.900000,12.259999
0.073865,12.886666,12.246667
0.074266,12.893333,12.300000
0.074668,12.946667,12.506667
0.075069,12.946667,12.339999
0.075470,12.993333,12.380000
0.075871,13.020000,12.406666
0.076272,13.006666,12.420000
0.076673,13.046666,12.453333
0.077074,13.040000,12.459999
0.077476,13.093333,12.480000
0.077877,13.126666,12.520000
0.078279,13.126666,12.586666
0.078680,13.139999,12.686666
0.079081,13.160000,12.533333
0.079482,13.213333,12.533333
0.079885,13.266666,12.613333
0.080287,13.266666,12.613333
0.080689,13.253333,12.660000
0.081090,13.259999,12.593333
0.081491,13.333333,12.686666
0.081892,13.333333,12.740000
0.082294,13.406666,12.713333
0.082696,13.433333,12.733333
0.083097,13.446666,12.826667
0.083498,13.440000,12.786666
0.083899,13.493333,12.840000
0.084300,13.506666,12.833333
0.084701,13.539999,12.913333
0.085102,13.546667,12.886666
0.085503,13.559999,12.946667
0.085904,13.586667,12.946667
0.086306,13.653334,12.980000
0.086708,13.620000,12.933333
0.087109,13.653334,13.046666
0.087510,13.686666,12.873333
0.087911,13.720000,13.086667
0.088313,13.733333,13.100000
0.088714,13.753333,13.106667
0.089116,13.746667,13.093333
0.089518,13.806667,13.160000
0.089921,13.833333,13.146667
0.090322,13.853333,13.193333
0.090724,13.880000,13.120000
0.091125,13.906666,13.300000
0.091526,13.946667,13.280000
0.091928,13.940001,13.280000
0.092329,13.960000,13.273334
0.092730,13.986667,13.353333
0.093131,13.986667,13.293333
0.093532,14.020000,13.379999
0.093933,14.006667,13.386665
0.094335,14.073334,13.400000
0.094736,14.093333,13.400000
0.095137,14.266667,13.466666
0.095539,14.146667,13.480000
0.095940,14.166666,13.500000
0.096341,14.340000,13.493333
0.096742,14.206667,13.486667
0.097143,14.239999,13.500000
0.097545,14.253333,13.579999
0.097946,14.306665,13.620000
0.098348,14.306665,13.646666
0.098749,14.386666,13.639999
0.099150,14.346666,13.660000
0.099551,14.346666,13.620000
0.099953,14.380000,13.706666
0.100355,14.400001,13.733333
0.100756,14.439999,13.700000
0.101158,14.493333,13.746667
0.101559,14.453333,13.786667
0.101960,14.546666,13.999999
0.102362,14.526666,13.833333
0.102763,14.566666,13.853333
0.103165,14.593332,13.900000
0.103566,14.600000,13.906666
0.103967,14.466667,13.900000
0.104368,14.653333,13.933332
0.104769,14.666667,13.986667
0.105171,14.673333,13.993333
0.105572,14.679999,13.979999
0.105973,14.713333,14.053333
0.106375,14.746666,14.066666
0.106776,14.699999,14.059999
0.107178,14.759999,14.099999
0.107579,14.759999,14.200001
0.107980,14.840000,14.160000
0.108382,14.833332,14.113334
0.108784,14.873333,13.993333
0.109185,14.893332,14.173332
0.109586,14.853333,14.200001
0.109987,15.020000,14.253333
0.110388,14.913333,14.266667
0.110791,14.953333,14.286666
0.111192,14.953333,14.353333
0.111594,14.953333,14.333334
0.111996,15.086666,14.333334
0.112397,15.133333,14.393332
0.112798,15.086666,14.373332
0.113199,15.146667,14.433332
0.113600,15.139999,14.386666
0.114002,15.213333,14.200001
0.114403,15.219999,14.426666
0.114804,15.233334,14.593332
0.115205,15.306666,14.586666
0.115607,15.280000,14.679999
0.116009,15.300000,14.533334
0.116410,15.266666,14.559999
0.116811,15.340000,14.513333
0.117213,15.366667,14.600000
0.117614,15.393333,14.600000
0.118015,15.393333,14.640000
0.118416,15.406667,14.666667
0.118817,15.446666,14.666667
0.119218,15.433333,14.693333
0.119619,15.493332,14.699999
0.120020,15.526667,14.713333
0.120423,15.540000,14.713333
0.120824,15.533333,14.780000
0.121225,15.586667,14.806666
0.121626,15.573333,14.780000
0.122028,15.619999,14.846666
0.122429,15.613333,14.873333
0.122830,15.619999,14.880000
0.123232,15.740000,14.873333
0.123634,15.639999,14.753333
0.124036,15.733333,14.906667
0.124437,15.720000,15.306666
0.124838,15.746666,15.153333
0.125239,15.780001,14.953333
0.125641,15.793333,14.953333
0.126042,15.799999,14.953333
0.126443,15.860000,14.953333
0.126846,15.900000,15.100000
0.127248,15.933333,15.119999
0.127650,15.920000,15.179999
0.128052,15.906666,15.219999
0.128454,16.013332,15.486666
0.128855,15.986667,15.260000
0.129258,16.000000,15.179999
0.129659,16.006666,15.219999
0.130060,16.033333,15.246666
0.130463,16.166666,15.260000
0.130864,16.093332,15.253334
0.131266,16.106665,15.293332
0.131668,16.059999,15.333333
0.132069,16.066668,15.346666
0.132470,16.073334,15.313333
0.132871,16.193333,15.366667
0.133272,16.193333,15.413333
0.133673,16.253332,15.433333
0.134074,16.246666,15.460000
0.134476,16.273333,15.500000
0.134877,16.286667,15.480000
0.135279,16.326666,15.520000
0.135680,16.326666,15.493332
0.136081,16.353333,15.639999
0.136482,16.406666,15.520000
0.136884,16.379999,15.706666
0.137285,16.426666,15.720000
0.137686,16.413332,15.606667
0.138089,16.446667,15.653334
0.138490,16.466667,15.660000
0.138891,16.480000,15.666666
0.139293,16.546667,15.706666
0.139695,16.480000,15.746666
0.140096,16.573334,15.893333
0.140497,16.553333,15.740000
0.140898,16.580000,15.746666
0.141300,16.606667,15.906666
0.141701,16.626665,15.760000
0.142102,16.680000,15.806666
0.142503,16.646666,15.846667
0.142904,16.680000,15.913334
0.143305,16.693333,15.920000
0.143707,16.733334,15.893333
0.144108,16.726667,15.873333
0.144509,16.773333,15.920000
0.144911,16.786665,15.933333
0.145312,16.813334,15.973332
0.145714,16.793333,15.980000
0.146115,16.853334,16.113333
0.146516,16.826666,16.020000
0.146917,16.873333,16.039999
0.147319,16.873333,16.099998
0.147721,16.873333,16.080000
0.148122,16.893332,16.099998
0.148524,16.946667,16.266666
0.148925,16.866667,16.166666
0.149327,16.920000,16.099998
0.149728,16.900000,16.160000
0.150130,16.939999,16.133333
0.150531,16.946667,16.266666
0.150932,16.966667,16.219999
0.151333,16.926666,16.259998
0.151735,17.006666,16.273333
0.152137,17.033333,16.273333
0.152538,17.019999,16.279999
0.152939,17.033333,16.346666
0.153340,17.086666,16.313334
0.153742,17.100000,16.113333
0.154144,17.093332,16.320000
0.154545,17.139999,16.373333
0.154946,17.179998,16.386665
0.155348,17.146666,16.386665
0.155749,17.126667,16.420000
0.156151,17.179998,16.466667
0.156552,17.260000,16.513332
0.156953,17.246666,16.466667
0.157354,17.273333,16.893332
0.157756,17.266666,16.619999
0.158158,17.226667,16.593334
0.158559,17.279999,16.566666
0.158960,17.299999,16.573334
0.159362,17.326666,16.606667
0.159763,17.333332,16.586666
0.160165,17.346666,16.639999
0.160567,17.366667,16.646666
0.160969,17.380001,16.673332
0.161370,17.380001,16.680000
0.161771,17.380001,16.700001
0.162172,17.433332,16.693333
0.162573,17.413332,16.713333
0.162975,17.553331,16.733334
0.163377,17.473333,16.733334
0.163779,17.473333,16.740000
0.164181,17.520000,16.786665
0.164583,17.520000,16.786665
0.164986,17.486666,16.786665
0.165388,17.520000,16.826666
0.165789,17.593332,16.799999
0.166190,17.586666,16.833334
0.166591,17.606667,16.853334
0.166993,17.646667,16.873333
0.167395,17.626667,16.900000
0.167798,17.619999,16.866667
0.168199,17.613333,16.886665
0.168601,17.673332,16.906666
0.169004,17.699999,16.913332
0.169406,17.719999,16.920000
0.169807,17.686666,17.053333
0.170208,17.746666,16.959999
0.170613,17.793333,16.939999
0.171015,17.760000,17.026665
0.171416,17.733334,17.019999
0.171817,17.799999,16.966667
0.172218,17.799999,17.026665
0.172620,17.806665,17.033333
0.173021,17.833332,17.013332
0.173423,17.840000,17.039999
0.173826,17.859999,17.093332
0.174227,17.840000,17.179998
0.174629,17.873333,17.106667
0.175031,17.900000,17.093332
0.175432,17.913334,17.039999
0.175834,17.926666,17.106667
0.176235,17.953333,17.139999
0.176636,17.939999,17.173332
0.177038,17.966665,17.186666
0.177440,17.993332,17.260000
0.177841,18.006666,17.213333
0.178243,18.053333,17.186666
0.178644,17.966665,17.186666
0.179045,18.026667,17.253334
0.179448,18.046667,17.253334
0.179849,18.160000,17.279999
0.180250,18.079998,17.273333
0.180651,18.086666,17.320000
0.181053,18.073332,17.313332
0.181455,18.093332,17.313332
0.181856,18.046667,17.333332
0.182258,18.126667,17.139999
0.182659,18.186666,17.333332
0.183060,18.146666,17.360001
0.183462,18.180000,17.386667
0.183863,18.166666,17.386667
0.184265,18.213333,17.393333
0.184666,18.213333,17.466665
0.185067,18.240000,17.419998
0.185469,18.253332,17.453333
0.185870,18.240000,17.419998
0.186271,18.206665,17.486666
0.186672,18.306667,17.480000
0.187073,18.186666,17.473333
0.187475,18.266666,17.506666
0.187877,18.333332,17.526667
0.188278,18.353333,17.539999
0.188679,18.299999,17.473333
0.189081,18.353333,17.539999
0.189483,18.293333,17.606667
0.189885,18.379999,17.606667
0.190287,18.386665,17.813332
0.190688,18.373333,17.486666
0.191089,18.400000,17.760000
0.191490,18.406666,17.613333
0.191891,18.420000,17.626667
0.192293,18.406666,17.473333
0.192695,18.466665,17.639999
0.193096,18.486666,17.686666
0.193497,18.480000,17.686666
0.193898,18.493332,17.693333
0.194299,18.559999,17.719999
0.194700,18.493332,17.686666
0.195101,18.513332,17.726665
0.195503,18.513332,17.746666
0.195905,18.526667,17.719999
0.196306,18.553333,17.746666
0.196707,18.580000,17.799999
0.197108,18.580000,17.886667
0.197510,18.586666,17.760000
0.197912,18.559999,17.806665
0.198313,18.653334,17.813332
0.198714,18.660000,17.813332
0.199116,18.653334,17.840000
0.199517,18.666666,17.813332
0.199919,18.666666,17.859999
0.200320,18.673334,17.873333
0.200722,18.666666,17.886667
0.201124,18.706667,17.859999
0.201525,18.633333,17.879999
0.201926,18.719999,17.900000
0.202327,18.753332,17.846666
0.202729,18.660000,17.926666
0.203130,18.759998,17.993332
0.203531,18.706667,17.939999
0.203932,18.773333,17.926666
0.204333,18.773333,17.946665
0.204735,18.773333,18.046667
0.205136,18.680000,17.959999
0.205538,18.820000,17.980000
0.205940,18.813334,18.020000
0.206341,18.820000,18.066666
0.206742,18.826666,18.006666
0.207143,18.820000,18.013332
0.207544,18.873333,18.160000
0.207945,18.879999,18.000000
0.208348,18.826666,18.046667
0.208749,18.833334,18.066666
0.209151,18.886665,18.000000
0.209552,18.900000,18.073332
0.209953,18.926666,18.093332
0.210354,18.913332,18.113333
0.210756,18.946667,18.093332
0.211157,18.940001,18.126667
0.211558,18.999998,18.139999
0.211959,18.953333,18.126667
0.212361,18.986666,18.146666
0.212762,18.893333,18.186666
0.213163,18.986666,18.146666
0.213564,19.013332,18.139999
0.213966,19.013332,18.199999
0.214367,19.026667,18.193333
0.214769,19.039999,18.213333
0.215170,19.026667,18.206665
0.215571,18.999998,18.233332
0.215973,19.039999,18.193333
0.216375,19.093334,18.173334
0.216777,19.053333,18.213333
0.217178,19.073334,18.240000
0.217580,19.059999,18.253332
0.217982,19.100000,18.266666
0.218383,19.193333,18.219999
0.218784,19.066666,18.273333
0.219185,19.126665,18.273333
0.219586,19.133331,18.293333
0.219988,19.113333,18.299999
0.220389,19.106667,18.333332
0.220790,19.180000,18.339998
0.221191,19.160000,18.320000
0.221592,19.200001,18.320000
0.221993,19.173332,18.339998
0.222395,19.160000,18.326666
0.222798,19.186666,18.359999
0.223199,19.246666,18.339998
0.223601,19.213333,18.253332
0.224002,19.219999,18.359999
0.224403,19.226667,18.693333
0.224805,19.240000,18.379999
0.225207,19.259998,18.393333
0.225608,19.273333,18.346666
0.226009,19.240000,18.400000
0.226410,19.246666,18.393333
0.226812,19.273333,18.473331
0.227213,19.286665,18.426666
0.227615,19.326666,18.446667
0.228017,19.286665,18.440001
0.228418,19.306665,18.513332
0.228820,19.320000,18.459999
0.229221,19.306665,18.440001
0.229622,19.386665,18.473331
0.230023,19.346666,18.459999
0.230424,19.366667,18.486666
0.230826,19.586666,18.493332
0.231227,19.333334,18.446667
0.231628,19.420000,18.526667
0.232029,19.453333,18.493332
0.232431,19.353334,18.520000
0.232832,19.400000,18.526667
0.233233,19.386665,18.639999
0.233635,19.379999,18.533333
0.234036,19.393332,18.539999
0.234437,19.439999,18.526667
0.234838,19.346666,18.533333
0.235239,19.420000,18.546667
0.235640,19.420000,18.520000
0.236041,19.439999,18.566668
0.236443,19.433332,18.639999
0.236844,19.426666,18.566668
0.237245,19.446667,18.639999
0.237646,19.446667,18.580000
0.238048,19.446667,18.586666
0.238449,19.459999,18.613333
0.238850,19.453333,18.626665
0.239251,19.473333,18.626665
0.239652,19.480000,18.626665
0.240053,19.566666,18.606665
0.240456,19.439999,18.619999
0.240857,19.413332,18.646666
0.241258,19.519999,18.660000
0.241660,19.446667,18.633333
0.242062,19.553333,18.646666
0.242464,19.533333,18.653334
0.242865,19.539999,18.653334
0.243266,19.566666,18.660000
0.243668,19.553333,18.660000
0.244069,19.539999,18.666666
0.244470,19.559999,18.719999
0.244872,19.533333,18.660000
0.245273,19.613333,18.700001
0.245675,19.580000,18.693333
0.246076,19.593332,18.726665
0.246478,19.586666,18.686666
0.246879,19.566666,18.726665
0.247281,19.559999,18.673334
0.247682,19.600000,18.680000
0.248083,19.613333,18.713333
0.248484,19.620001,18.619999
0.248885,19.699999,18.746666
0.249286,19.593332,18.733332
0.249687,19.620001,18.753332
0.250089,19.613333,18.733332
0.250490,19.626667,18.753332
0.250892,19.646666,18.766666
0.251294,19.653332,18.726665
0.251696,19.606667,18.746666
0.252097,19.666666,18.733332
0.252499,19.633333,18.759998
0.252902,19.673332,18.746666
0.253303,19.646666,18.639999
0.253705,19.646666,18.766666
0.254106,19.646666,18.766666
0.254507,19.659998,18.733332
0.254908,19.659998,18.799999
0.255309,19.653332,18.786667
0.255710,19.653332,18.773333
0.256111,19.653332,18.799999
0.256512,19.646666,18.793333
0.256913,19.753334,18.806667
0.257314,19.646666,18.806667
0.257716,19.726667,18.820000
0.258118,19.693333,18.833334
0.258519,19.693333,18.793333
0.258920,19.713333,18.813334
0.259321,19.666666,18.826666
0.259722,19.686666,18.820000
0.260123,19.706667,18.853333
0.260524,19.760000,18.853333
0.260925,19.706667,18.786667
0.261326,19.733334,18.833334
0.261727,19.733334,18.833334
0.262128,19.719999,18.853333
0.262530,19.733334,18.820000
0.262931,19.813332,18.806667
0.263333,19.746666,18.833334
0.263734,19.740000,18.826666
0.264135,19.793333,18.846666
0.264537,19.740000,18.873333
0.264939,19.746666,18.646666
0.265340,19.826666,18.873333
0.265742,19.706667,18.873333
0.266143,19.746666,18.846666
0.266544,19.799999,18.873333
0.266945,19.713333,18.879999
0.267347,19.766666,18.866665
0.267748,19.760000,18.879999
0.268149,19.846666,18.873333
0.268551,19.853333,18.900000
0.268952,19.773333,18.886665
0.269354,19.766666,18.886665
0.269755,19.773333,18.840000
0.270156,19.793333,18.826666
0.270557,19.806665,18.840000
0.270958,19.766666,18.920000
0.271360,19.726667,18.879999
0.271761,19.766666,18.879999
0.272162,19.766666,18.786667
0.272564,19.760000,18.879999
0.272966,19.793333,18.886665
0.273368,19.779999,18.846666
0.273769,19.766666,18.713333
0.274170,19.799999,18.873333
0.274571,19.846666,18.933332
0.274973,19.793333,18.906666
0.275374,19.773333,18.879999
0.275775,19.786665,18.879999
0.276176,19.793333,18.873333
0.276578,19.786665,18.879999
0.276979,19.793333,18.879999
0.277381,19.806665,18.879999
0.277782,19.786665,19.226667
0.278183,19.793333,18.879999
0.278584,19.766666,18.879999
0.278985,19.806665,18.886665
0.279387,19.826666,18.886665
0.279788,19.779999,18.859999
0.280189,19.773333,18.966667
0.280590,19.786665,18.873333
0.280991,19.793333,18.879999
0.281393,19.793333,18.906666
0.281794,19.793333,18.886665
0.282196,19.779999,18.566668
0.282597,19.813332,18.920000
0.282998,19.846666,18.873333
0.283400,19.820000,18.866665
0.283801,19.779999,18.906666
0.284203,19.779999,18.879999
0.284605,19.826666,18.873333
0.285006,19.799999,18.893333
0.285408,19.773333,18.879999
0.285809,19.773333,18.873333
0.286210,19.779999,18.879999
0.286612,19.793333,18.906666
0.287014,19.893333,18.799999
0.287415,19.766666,18.879999
0.287816,19.786665,18.853333
0.288217,19.746666,18.879999
0.288618,19.766666,18.879999
0.289020,19.766666,18.866665
0.289421,19.773333,18.879999
0.289822,19.799999,18.920000
0.290224,19.753334,19.226667
0.290625,19.713333,18.879999
0.291027,19.773333,18.879999
0.291428,19.773333,18.799999
0.291829,19.773333,18.873333
0.292231,19.740000,18.879999
0.292633,19.746666,18.846666
0.293034,19.753334,18.906666
0.293435,19.733334,18.846666
0.293836,19.746666,18.859999
0.294237,19.746666,18.826666
0.294638,19.786665,18.853333
0.295039,19.740000,18.846666
0.295441,19.726667,18.879999
0.295842,19.733334,18.826666
0.296243,19.733334,18.826666
0.296644,19.666666,18.820000
0.297046,19.733334,18.786667
0.297448,19.733334,18.820000
0.297849,19.686666,18.726665
0.298250,19.719999,18.426666
0.298651,19.706667,18.826666
0.299052,19.713333,19.100000
0.299454,19.766666,18.806667
0.299855,19.699999,18.773333
0.300257,19.706667,18.653334
0.300659,19.713333,18.713333
0.301061,19.719999,18.799999
0.301463,19.666666,18.799999
0.301864,19.686666,18.820000
0.302265,19.659998,18.826666
0.302667,19.686666,18.806667
0.303068,19.686666,18.833334
0.303469,19.693333,18.806667
0.303871,19.673332,18.793333
0.304272,19.679998,18.806667
0.304673,19.693333,18.846666
0.305074,19.679998,18.766666
0.305476,19.673332,18.779999
0.305877,19.666666,18.779999
0.306279,19.646666,18.786667
0.306681,19.639999,18.766666
0.307082,19.659998,18.766666
0.307483,19.606667,18.753332
0.307885,19.646666,18.599998
0.308286,19.639999,18.766666
0.308687,19.639999,18.740000
0.309088,19.613333,18.753332
0.309489,19.593332,18.719999
0.309891,19.613333,18.746666
0.310292,19.633333,18.759998
0.310694,19.626667,18.726665
0.311096,19.600000,18.733332
0.311497,19.620001,18.719999
0.311898,19.620001,18.726665
0.312299,19.613333,18.693333
0.312701,19.613333,18.706667
0.313102,19.586666,18.746666
0.313503,19.566666,18.693333
0.313904,19.566666,18.666666
0.314305,19.593332,18.726665
0.314706,19.573334,18.820000
0.315107,19.580000,18.733332
0.315509,19.566666,18.906666
0.315911,19.493334,18.753332
0.316312,19.559999,18.706667
0.316713,19.526665,18.653334
0.317114,19.539999,18.646666
0.317516,19.533333,18.646666
0.317917,19.526665,18.639999
0.318319,19.533333,18.653334
0.318720,19.473333,18.639999
0.319122,19.500000,18.646666
0.319524,19.466667,18.646666
0.319925,19.506666,18.626665
0.320327,19.480000,18.639999
0.320728,19.466667,18.586666
0.321129,19.466667,18.626665
0.321530,19.506666,18.606665
0.321931,19.459999,18.593332
0.322332,19.446667,18.593332
0.322733,19.459999,18.486666
0.323134,19.433332,18.473331
0.323536,19.446667,18.606665
0.323937,19.333334,18.539999
0.324339,19.420000,18.533333
0.324741,19.426666,18.553333
0.325142,19.406666,18.553333
0.325544,19.400000,18.513332
0.325945,19.413332,18.539999
0.326347,19.393332,18.520000
0.326748,19.386665,18.539999
0.327149,19.340000,18.539999
0.327550,19.353334,18.566668
0.327951,19.373333,18.506666
0.328353,19.346666,18.520000
0.328754,19.400000,18.493332
0.329155,19.353334,18.486666
0.329557,19.360001,18.466665
0.329958,19.320000,18.466665
0.330360,19.320000,18.459999
0.330761,19.299999,18.459999
0.331162,19.266666,18.473331
0.331564,19.306665,18.373333
0.331966,19.326666,18.420000
0.332368,19.299999,18.426666
0.332769,19.293333,18.406666
0.333171,19.299999,18.366667
0.333573,19.259998,18.406666
0.333975,19.279999,18.400000
0.334376,19.206667,18.393333
0.334777,19.233334,18.400000
0.335178,19.233334,18.393333
0.335580,19.206667,18.359999
0.335981,19.219999,18.373333
0.336382,19.206667,18.400000
0.336783,19.193333,18.273333
0.337184,19.226667,18.286667
0.337586,19.233334,18.359999
0.337987,19.173332,18.306667
0.338389,19.133331,18.286667
0.338791,19.153332,18.306667
0.339192,19.133331,18.273333
0.339593,19.113333,18.273333
0.339994,19.139999,18.359999
0.340395,19.146666,18.286667
0.340796,19.126665,18.273333
0.341198,19.146666,18.273333
0.341600,19.106667,18.266666
0.342001,19.153332,18.233332
0.342403,19.080000,18.266666
0.342804,19.093334,18.273333
0.343206,19.066666,18.193333
0.343607,19.059999,18.233332
0.344009,19.080000,18.160000
0.344410,19.026667,18.199999
0.344811,19.039999,18.199999
0.345212,19.039999,18.146666
0.345614,19.019999,18.153334
0.346015,19.006666,18.180000
0.346416,18.973333,18.186666
0.346817,19.026667,18.119999
0.347219,18.993332,18.379999
0.347621,18.926666,18.146666
0.348022,18.973333,18.146666
0.348423,18.886665,18.146666
0.348824,18.966667,18.106667
0.349226,19.026667,18.099998
0.349628,18.933332,18.073332
0.350030,18.900000,18.079998
0.350431,18.900000,18.073332
0.350833,18.893333,18.099998
0.351234,18.886665,18.026667
0.351635,18.873333,18.040001
0.352036,18.873333,18.066666
0.352437,18.866665,18.040001
0.352839,18.826666,18.013332
0.353240,18.846666,18.033333
0.353641,18.913332,18.040001
0.354043,18.799999,18.146666
0.354444,18.786667,17.959999
0.354845,18.766666,17.973333
0.355246,18.773333,17.980000
0.355648,18.766666,17.946665
0.356049,18.726665,17.926666
0.356450,18.740000,18.020000
0.356851,18.680000,17.913334
0.357252,18.726665,18.213333
0.357654,18.706667,17.893333
0.358055,18.706667,18.046667
0.358456,18.693333,17.886667
0.358857,18.706667,17.886667
0.359258,18.660000,17.859999
0.359659,18.719999,17.939999
0.360060,18.626665,17.826666
0.360462,18.619999,17.820000
0.360864,18.706667,17.813332
0.361265,18.593332,17.780001
0.361666,18.626665,17.786667
0.362068,18.599998,17.760000
0.362469,18.586666,17.799999
0.362870,18.573334,17.773333
0.363271,18.539999,17.746666
0.363673,18.546667,17.753334
0.364074,18.566668,17.740000
0.364476,18.526667,17.746666
0.364877,18.500000,17.726665
0.365279,18.500000,17.873333
0.365681,18.526667,17.686666
0.366082,18.493332,17.673332
0.366483,18.406666,17.673332
0.366884,18.446667,17.453333
0.367285,18.553333,17.653334
0.367687,18.413334,17.626667
0.368089,18.413334,17.613333
0.368490,18.400000,17.633333
0.368892,18.400000,17.613333
0.369293,18.386665,17.600000
0.369694,18.379999,17.600000
0.370097,18.359999,17.539999
0.370499,18.353333,17.619999
0.370900,18.359999,17.539999
0.371301,18.280001,17.539999
0.371702,18.326666,17.500000
0.372104,18.299999,17.513334
0.372506,18.339998,17.500000
0.372907,18.273333,17.486666
0.373309,18.353333,17.486666
0.373710,18.266666,17.446667
0.374112,18.306667,17.433332
0.374513,18.246666,17.433332
0.374915,18.213333,17.333332
0.375316,18.199999,17.406666
0.375717,18.166666,17.400000
0.376118,18.173334,17.373333
0.376519,18.173334,17.360001
0.376920,18.146666,17.360001
0.377322,18.139999,17.419998
0.377724,18.133333,17.326666
0.378125,18.119999,17.313332
0.378526,18.153334,17.306665
0.378928,18.013332,17.306665
0.379330,18.046667,17.046665
0.379731,18.059999,17.273333
0.380133,18.026667,17.253334
0.380535,18.040001,17.240000
0.380936,18.013332,17.193333
0.381337,18.033333,17.266666
0.381738,18.006666,17.186666
0.382139,18.020000,16.980000
0.382541,17.933332,17.186666
0.382943,17.959999,17.106667
0.383348,17.939999,17.173332
0.383749,17.946665,17.153332
0.384150,17.906668,17.139999
0.384552,17.926666,17.113333
0.384954,17.886667,17.093332
0.385356,17.893333,17.066666
0.385758,17.859999,17.219999
0.386159,17.866667,17.066666
0.386561,17.846666,17.039999
0.386962,17.859999,17.039999
0.387363,17.780001,17.013332
0.387765,17.786667,16.980000
0.388167,17.766666,16.993334
0.388569,17.746666,16.946667
0.388970,17.746666,16.939999
0.389371,17.766666,16.959999
0.389773,17.733334,16.953333
0.390174,17.719999,16.926666
0.390576,17.646667,16.886665
0.390977,17.719999,16.853334
0.391378,17.679998,16.906666
0.391779,17.673332,16.900000
0.392181,17.633333,16.860001
0.392582,17.613333,16.886665
0.392984,17.553331,16.953333
0.393386,17.606667,16.840000
0.393787,17.593332,16.826666
0.394188,17.593332,16.826666
0.394590,17.533333,16.820000
0.394991,17.553331,16.846666
0.395393,17.513334,16.786665
0.395794,17.480000,16.759998
0.396196,17.453333,16.759998
0.396597,17.453333,16.753332
0.396998,17.446667,16.726667
0.397400,17.520000,16.686666
0.397802,17.573332,16.759998
0.398203,17.413332,16.726667
0.398605,17.380001,16.680000
0.399006,17.373333,16.646666
0.399408,17.313332,16.619999
0.399809,17.333332,16.900000
0.400210,17.260000,16.619999
0.400612,17.299999,16.586666
0.401013,17.313332,16.559999
0.401414,17.286665,16.566666
0.401816,17.253334,16.526667
0.402218,17.253334,16.486666
0.402619,17.219999,16.466667
0.403020,17.173332,16.446667
0.403422,17.199999,16.480000
0.403823,17.166666,16.446667
0.404224,17.173332,16.446667
0.404626,17.186666,16.433332
0.405027,17.126667,16.393333
0.405428,17.120001,16.359999
0.405829,17.106667,16.333334
0.406230,17.066666,16.313334
0.406632,17.139999,16.313334
0.407033,16.959999,16.299999
0.407435,17.019999,16.253332
0.407836,17.013332,16.313334
0.408237,16.986668,16.259998
0.408638,16.973333,16.219999
0.409039,16.966667,16.219999
0.409441,16.959999,16.240000
0.409842,16.939999,16.173334
0.410243,16.926666,16.146666
0.410645,16.939999,16.153334
0.411046,16.886665,16.099998
0.411447,16.893332,16.106665
0.411848,16.886665,16.080000
0.412250,16.860001,16.073334
0.412652,16.873333,16.059999
0.413053,16.806665,16.013332
0.413455,16.846666,15.913334
0.413856,16.786665,15.886665
0.414257,16.746666,16.039999
0.414658,16.813334,15.980000
0.415059,16.793333,15.926666
0.415461,16.686666,15.920000
0.415862,16.686666,15.893333
0.416265,16.706667,15.853333
0.416666,16.686666,15.886665
0.417067,16.680000,15.846667
0.417469,16.626665,15.833333
0.417870,16.633331,15.786667
0.418271,16.619999,15.799999
0.418672,16.613333,15.746666
0.419073,16.573334,15.746666
0.419476,16.573334,15.746666
0.419877,16.519999,15.706666
0.420279,16.519999,15.733333
0.420681,16.499998,15.700000
0.421083,16.466667,15.573333
0.421485,16.460001,15.746666
0.421887,16.446667,15.653334
0.422288,16.433332,15.579999
0.422690,16.359999,15.586667
0.423092,16.359999,15.573333
0.423495,16.299999,15.486666
0.423897,16.320000,15.553332
0.424300,16.266666,15.486666
0.424701,16.299999,15.500000
0.425103,16.273333,15.466666
0.425504,16.246666,15.460000
0.425906,16.246666,15.400000
0.426307,16.219999,15.386667
0.426709,16.173334,15.373333
0.427112,16.193333,15.379999
0.427514,16.139999,15.346666
0.427915,16.119999,15.326667
0.428316,16.086666,15.333333
0.428717,16.106665,15.306666
0.429118,16.113333,15.306666
0.429519,16.033333,15.233334
0.429920,16.013332,15.246666
0.430322,16.033333,15.246666
0.430723,15.953332,15.219999
0.431125,15.960000,15.280000
0.431527,15.940000,15.193334
0.431928,15.940000,15.166667
0.432329,15.879999,15.139999
0.432731,15.879999,15.126667
0.433132,15.866667,15.119999
0.433533,15.826667,14.953333
0.433936,15.793333,14.953333
0.434338,15.786667,14.953333
0.434740,15.753332,14.953333
0.435141,15.746666,14.953333
0.435543,15.720000,14.940000
0.435946,15.726666,14.906667
0.436348,15.686666,14.899999
0.436749,15.660000,14.860001
0.437150,15.619999,14.853333
0.437552,15.613333,14.860001
0.437953,15.626667,14.866667
0.438355,15.586667,14.813333
0.438756,15.566667,14.793334
0.439159,15.593333,14.753333
0.439562,15.520000,14.746666
0.439963,15.486666,14.633332
0.440364,15.553332,14.666667
0.440765,15.513332,14.693333
0.441166,15.440000,14.679999
0.441568,15.406667,14.693333
0.441969,15.393333,14.620000
0.442370,15.379999,14.573334
0.442772,15.326667,14.600000
0.443175,15.333333,14.580000
0.443577,15.300000,14.520000
0.443978,15.300000,14.520000
0.444380,15.246666,14.520000
0.444781,15.226665,14.446667
0.445182,15.213333,14.420000
0.445584,15.213333,14.433332
0.445985,15.213333,14.553333
0.446387,15.193334,14.386666
0.446788,15.133333,14.380000
0.447189,15.086666,14.353333
0.447590,15.040000,14.326666
0.447991,15.093332,14.280000
0.448394,15.020000,14.400001
0.448795,14.953333,14.259999
0.449196,14.940000,14.266667
0.449598,14.940000,14.200001
0.450000,14.919999,14.346666
0.450402,14.886666,14.173332
0.450803,14.880000,14.200001
0.451205,14.860001,14.153333
0.451607,14.846666,14.113334
0.452008,14.820000,14.099999
0.452409,14.793334,14.013333
0.452810,14.820000,14.053333
0.453212,14.759999,14.073334
0.453613,14.746666,14.020000
0.454014,14.686666,14.033333
0.454416,14.686666,13.993333
0.454817,14.673333,13.986667
0.455218,14.640000,13.920000
0.455620,14.626666,13.933332
0.456022,14.593332,13.886666
0.456423,14.620000,13.900000
0.456824,14.546666,13.846665
0.457225,14.493333,14.006667
0.457626,14.493333,13.820000
0.458029,14.486667,14.013333
0.458430,14.439999,13.766666
0.458831,14.446667,13.740001
0.459233,14.413333,13.726666
0.459635,14.400001,13.726666
0.460037,14.366666,13.713332
0.460438,14.366666,13.620000
0.460841,14.360000,13.646666
0.461242,14.326666,13.633333
0.461643,14.280000,13.633333
0.462045,14.259999,13.620000
0.462446,14.246667,13.566667
0.462847,14.219999,13.506666
0.463248,14.206667,13.593333
0.463649,14.313334,13.473332
0.464050,14.173332,13.466666
0.464452,14.120000,13.453332
0.464854,14.093333,13.460000
0.465255,14.039999,13.046666
0.465656,14.039999,13.053332
0.466057,13.986667,13.293333
0.466459,13.993333,13.379999
0.466860,13.993333,13.453332
0.467261,13.979999,13.213333
0.467662,13.960000,13.286667
0.468064,13.893333,13.280000
0.468466,13.906666,13.220000
0.468867,13.893333,13.226666
0.469268,13.846665,13.160000
0.469669,13.806667,13.133333
0.470070,13.733333,13.146667
0.470471,13.839999,13.133333
0.470874,13.753333,13.100000
0.471275,13.733333,13.100000
0.471677,13.713332,13.086667
0.472078,13.693333,13.026667
0.472479,13.660000,12.993333
0.472881,13.633333,12.993333
0.473282,13.633333,13.259999
0.473684,13.620000,12.873333
0.474085,13.559999,12.860000
0.474486,13.559999,12.886666
0.474889,13.520000,12.886666
0.475290,13.486667,12.860000
0.475691,13.466666,12.806666
0.476092,13.440000,12.826667
0.476493,13.460000,12.766666
0.476896,13.406666,12.766666
0.477298,13.406666,12.766666
0.477699,13.373333,12.733333
0.478102,13.259999,12.733333
0.478504,13.306666,12.693334
0.478905,13.306666,12.653333
0.479306,13.240000,12.513333
0.479708,13.246666,12.606667
0.480110,13.206666,12.533333
0.480511,13.179999,12.593333
0.480912,13.186666,12.526666
0.481313,13.146667,12.520000
0.481714,13.073333,12.506667
0.482115,13.053332,12.580000
0.482516,13.086667,12.719999
0.482917,13.006666,12.473333
0.483319,13.026667,12.400000
0.483721,12.993333,12.413333
0.484123,12.993333,12.366667
0.484524,12.960000,12.360000
0.484926,12.946667,12.326666
0.485327,12.933333,12.313334
0.485729,12.900000,12.259999
0.486131,12.886666,12.280000
0.486532,12.853333,12.240000
0.486935,12.826667,12.193333
0.487336,12.793333,12.213333
0.487737,12.766666,12.126666
0.488138,12.746666,12.100000
0.488540,12.733333,12.153333
0.488941,12.693334,12.100000
0.489342,12.679999,12.053333
0.489744,12.633333,12.026667
0.490145,12.679999,11.973333
0.490546,12.653333,11.999999
0.490948,12.553333,11.953333
0.491349,12.553333,11.920000
0.491750,12.546666,11.893333
0.492153,12.520000,11.860000
0.492554,12.540000,11.866666
0.492955,12.433333,11.820000
0.493356,12.433333,11.820000
0.493757,12.413333,11.820000
0.494158,12.400000,11.893333
0.494559,12.380000,11.760000
0.494960,12.280000,11.700000
0.495361,12.360000,11.713333
0.495762,12.306666,11.686666
0.496163,12.240000,11.666666
0.496564,12.273333,11.666666
0.496965,12.226666,11.593333
0.497367,12.166667,11.580000
0.497768,12.180000,11.580000
0.498169,12.106667,11.539999
0.498570,12.120000,11.513333
0.498971,12.100000,11.486667
0.499373,12.033333,11.720000
0.499775,12.020000,11.113334
0.500176,11.986667,11.426666
0.500577,11.973333,11.406666
0.500978,11.926666,11.360000
0.501380,11.873333,11.339999
0.501781,11.906667,11.246667
0.502182,11.840000,11.273333
0.502584,11.846666,11.293333
0.502985,11.833333,11.313334
0.503387,11.806666,11.219999
0.503788,11.833333,11.206666
0.504190,11.753333,11.173333
0.504591,11.733333,11.186666
0.504992,11.706667,11.113334
0.505394,11.693333,11.106667
0.505795,11.599999,11.086666
0.506197,11.620000,11.093333
0.506598,11.573333,11.086666
0.506999,11.573333,11.333333
0.507401,11.526667,11.020000
0.507802,11.520000,11.000000
0.508205,11.520000,10.960000
0.508606,11.493333,10.933333
0.509007,11.460000,10.893332
0.509409,11.440000,10.900000
0.509811,11.373333,10.840000
0.510212,11.393333,10.840000
0.510613,11.346666,10.826666
0.511015,11.339999,10.786667
0.511416,11.320000,10.753333
0.511818,11.286666,10.786667
0.512219,11.200000,10.666667
0.512620,11.246667,10.720000
0.513021,11.200000,10.679999
0.513422,11.153333,10.573333
0.513823,11.186666,10.639999
0.514225,11.126667,10.633333
0.514626,11.113334,10.633333
0.515028,11.120000,10.546666
0.515429,11.066667,10.506666
0.515830,11.106667,10.233333
0.516232,11.026667,10.500000
0.516634,10.980000,10.433333
0.517036,10.966666,10.466667
0.517437,10.946666,10.419999
0.517838,10.920000,10.393333
0.518240,10.866667,10.333333
0.518641,10.866667,10.340000
0.519042,10.840000,10.313334
0.519443,10.840000,10.286666
0.519844,10.793333,10.280000
0.520245,10.773334,10.246666
0.520647,10.746666,10.200000
0.521048,10.686666,10.200000
0.521450,10.686666,10.166666
0.521853,10.633333,10.140000
0.522254,10.646667,10.173333
0.522655,10.626666,10.126667
0.523056,10.586667,10.133333
0.523458,10.533334,9.646667
0.523860,10.486666,10.020000
0.524261,10.473333,10.053333
0.524663,10.460000,9.966666
0.525065,10.500000,9.959999
0.525467,10.433333,9.966666
0.525869,10.433333,9.953333
0.526270,10.386666,9.880000
0.526671,10.360000,9.846666
0.527072,10.340000,9.853333
0.527473,10.320000,9.793333
0.527875,10.299999,9.806666
0.528276,10.233333,9.793333
0.528677,10.219999,9.759999
0.529078,10.173333,9.706666
0.529480,10.213333,9.680000
0.529881,10.166666,9.666667
0.530283,10.186666,9.633333
0.530684,10.053333,9.613334
0.531085,10.140000,9.586666
0.531487,10.026666,9.606667
0.531888,10.053333,9.559999
0.532289,10.026666,9.066667
0.532691,9.966666,9.493333
0.533092,10.013333,9.506666
0.533493,9.946667,9.460000
0.533895,9.906666,9.346666
0.534296,9.886666,9.346666
0.534697,9.860000,9.346666
0.535098,9.820000,9.346666
0.535499,9.820000,9.320000
0.535901,9.839999,9.320000
0.536302,9.793333,9.280000
0.536704,9.746667,9.266666
0.537105,9.753333,9.260000
0.537506,9.700000,9.206667
0.537908,9.706666,9.186666
0.538309,9.653333,9.153334
0.538711,9.626666,9.140000
0.539112,9.613334,9.113333
0.539514,9.580000,9.086667
0.539915,9.546667,9.093333
0.540317,9.540000,9.246666
0.540718,9.466666,9.006666
0.541119,9.393333,8.599999
0.541521,9.453333,8.839999
0.541923,9.406667,8.953334
0.542324,9.346666,8.926666
0.542726,9.313333,8.900000
0.543128,9.346666,8.880000
0.543529,9.286667,8.846666
0.543932,9.266666,8.820000
0.544333,9.226666,8.806666
0.544734,9.233333,8.740000
0.545135,9.213333,8.886666
0.545536,9.179999,8.726666
0.545937,9.106667,8.740000
0.546338,9.066667,8.686666
0.546739,9.193333,8.680000
0.547141,9.093333,8.599999
0.547543,9.073333,8.606667
0.547944,9.013333,8.573333
0.548348,8.980000,8.566667
0.548749,9.013333,8.546666
0.549152,8.933333,8.566667
0.549553,8.913333,8.486667
0.549954,8.926666,8.420000
0.550355,8.880000,8.426667
0.550758,8.866667,8.426667
0.551160,8.833333,8.400000
0.551562,8.806666,8.393332
0.551964,8.773333,8.360000
0.552366,8.760000,8.333333
0.552767,8.726666,8.373333
0.553168,8.700000,8.300000
0.553569,8.660000,8.246666
0.553970,8.646667,8.233334
0.554371,8.606667,8.226666
0.554773,8.593333,8.080000
0.555174,8.626667,8.186666
0.555576,8.506666,8.120000
0.555977,8.546666,8.133333
0.556379,8.560000,8.160000
0.556781,8.486667,8.046666
0.557182,8.446666,8.026667
0.557584,8.406667,8.046666
0.557985,8.473333,8.026667
0.558387,8.393332,7.986666
0.558789,8.366667,7.926667
0.559191,8.413333,7.940000
0.559592,8.300000,7.893333
0.559993,8.280000,7.880000
0.560395,8.253333,7.866666
0.560796,8.246666,7.853333
0.561197,8.233334,7.813334
0.561598,8.200000,7.793334
0.562000,8.153334,7.760000
0.562402,8.126666,7.700000
0.562803,8.100000,7.666667
0.563205,8.073333,7.746666
0.563606,8.086667,7.679999
0.564009,8.033334,7.640000
0.564410,7.986666,7.606667
0.564811,7.986666,7.706666
0.565212,7.966667,7.586667
0.565613,7.973333,7.586667
0.566015,7.786666,7.526666
0.566416,7.893333,7.320000
0.566817,7.846667,7.453333
0.567219,7.840000,7.486667
0.567620,7.806666,7.433333
0.568021,7.806666,7.426666
0.568423,7.760000,7.386667
0.568825,7.746666,7.366667
0.569227,7.713333,7.340000
0.569628,7.686666,7.320000
0.570030,7.653333,7.306666
0.570431,7.559999,7.286667
0.570832,7.600000,7.219999
0.571234,7.540000,7.166667
0.571636,7.553333,7.219999
0.572037,7.553333,7.180000
0.572438,7.513333,7.166667
0.572840,7.466667,7.113333
0.573242,7.473333,7.119999
0.573643,7.433333,7.073333
0.574044,7.520000,7.046667
0.574445,7.440000,6.993333
0.574847,7.366667,6.646667
0.575249,7.346666,6.986666
0.575650,7.313333,6.973333
0.576051,7.426666,6.966666
0.576454,7.273333,6.953333
0.576855,7.266667,6.900000
0.577256,7.233334,6.900000
0.577657,7.213333,6.820000
0.578058,7.226666,6.806667
0.578460,7.160000,6.840000
0.578861,7.140000,6.800000
0.579262,7.113333,6.813333
0.579664,7.066666,6.753333
0.580067,7.046667,6.813333
0.580468,7.000000,6.713333
0.580869,7.006667,6.680000
0.581270,6.980000,6.646667
0.581671,6.940000,6.606667
0.582074,6.906667,6.626667
0.582476,6.866666,6.546667
0.582877,6.893333,6.533333
0.583278,6.806667,6.453333
0.583680,6.840000,6.500000
0.584081,6.820000,6.493333
0.584482,6.813333,6.446667
0.584883,6.786666,6.373333
0.585285,6.766666,6.366666
0.585686,6.720000,6.373333
0.586087,6.720000,6.346667
0.586489,6.700000,6.346667
0.586890,6.633333,6.300000
0.587292,6.633333,6.286667
0.587694,6.626667,6.260000
0.588096,6.600000,6.226666
0.588497,6.540000,6.240000
0.588898,6.513333,6.273333
0.589299,6.500000,6.180000
0.589700,6.466667,6.133333
0.590101,6.446667,6.133333
0.590503,6.413333,6.346667
0.590904,6.380000,6.060000
0.591306,6.386667,6.053333
0.591708,6.353333,6.113333
0.592110,6.326666,5.966666
0.592511,6.286667,5.980000
0.592912,6.286667,5.953333
0.593314,6.226666,5.946667
0.593715,6.340000,5.940000
0.594116,6.206666,5.926667
0.594517,6.193333,5.926667
0.594918,6.133333,5.886667
0.595319,6.140000,5.880000
0.595720,6.120000,5.833333
0.596123,6.113333,5.793334
0.596524,6.060000,5.793334
0.596925,6.040000,5.926667
0.597326,6.060000,5.753333
0.597728,6.026667,5.693333
0.598129,5.940000,5.726667
0.598530,5.913333,5.640000
0.598932,5.946667,5.646667
0.599333,5.753333,5.626667
0.599735,5.886667,5.560000
0.600136,5.853333,5.660000
0.600538,5.833333,5.560000
0.600939,5.833333,5.539999
0.601340,5.813333,5.560000
0.601741,5.773333,5.493333
0.602142,5.773333,5.539999
0.602543,5.726667,5.480000
0.602944,5.700000,5.426667
0.603348,5.673333,5.393333
0.603749,5.666667,5.393333
0.604150,5.566667,5.346666
0.604552,5.640000,5.320000
0.604954,5.620000,5.320000
0.605355,5.566667,5.300000
0.605757,5.539999,5.500000
0.606159,5.546667,5.240000
0.606561,5.486667,5.240000
0.606963,5.506666,5.246666
0.607366,5.473333,5.213333
0.607767,5.420000,5.186666
0.608168,5.420000,5.180000
0.608570,5.400000,5.146667
0.608971,5.386667,5.120000
0.609372,5.353333,5.086667
0.609773,5.346666,5.000000
0.610174,5.326667,5.066667
0.610576,5.280000,5.026667
0.610978,5.233334,5.060000
0.611380,5.253333,5.006667
0.611783,5.220000,4.966667
0.612185,5.226666,4.933333
0.612586,5.226666,4.926667
0.612987,5.120000,4.906667
0.613389,5.140000,4.906667
0.613790,5.086667,4.886666
0.614192,5.006667,4.740000
0.614595,5.060000,4.840000
0.614996,5.060000,4.640000
0.615397,5.060000,4.806667
0.615798,5.013333,4.766666
0.616200,5.013333,5.006667
0.616601,4.940000,4.713333
0.617004,4.966667,4.713333
0.617405,4.886666,4.680000
0.617806,4.900000,4.660000
0.618207,4.880000,4.546667
0.618609,4.860000,4.620000
0.619011,4.846666,4.600000
0.619413,4.760000,4.573333
0.619814,4.793333,4.540000
0.620217,4.813333,4.533333
0.620619,4.826666,4.540000
0.621020,4.720000,4.513333
0.621422,4.720000,4.460000
0.621823,4.693333,4.433333
0.622224,4.713333,4.453333
0.622625,4.646667,4.480000
0.623027,4.600000,4.400000
0.623428,4.613333,4.366666
0.623829,4.593333,4.380000
0.624231,4.586667,4.360000
0.624632,4.540000,4.353333
0.625034,4.540000,4.446667
0.625435,4.486666,4.193333
0.625836,4.486666,4.286666
0.626238,4.473333,4.293333
0.626639,4.426666,4.206666
0.627041,4.293333,4.246667
0.627442,4.373333,4.186666
0.627845,4.386666,4.146667
0.628246,4.353333,4.146667
0.628647,4.326666,4.126667
0.629048,4.353333,4.113333
0.629450,4.300000,4.133333
0.629851,4.280000,4.100000
0.630252,4.286666,4.006667
0.630654,4.306667,4.026666
0.631055,4.173333,4.026666
0.631456,4.200000,4.013333
0.631857,4.193333,4.046667
0.632259,4.240000,3.973333
0.632660,4.160000,4.100000
0.633061,4.186666,3.873333
0.633462,4.106667,3.920000
0.633863,4.100000,3.920000
0.634265,4.080000,3.866667
0.634667,4.060000,3.840000
0.635068,4.053333,3.853333
0.635470,4.013333,3.840000
0.635871,4.000000,3.746666
0.636273,4.013333,3.700000
0.636675,3.986666,3.713333
0.637077,4.013333,3.740000
0.637478,3.893333,3.720000
0.637881,3.880000,3.660000
0.638282,3.906667,3.666667
0.638683,3.833333,3.660000
0.639086,3.853333,3.633333
0.639488,3.793333,3.613333
0.639889,3.786667,3.580000
0.640291,3.793333,3.553333
0.640692,3.746666,3.586667
0.641093,3.700000,3.953333
0.641495,3.673333,3.500000
0.641896,3.673333,3.486667
0.642297,3.640000,3.500000
0.642698,3.653333,3.486667
0.643099,3.653333,3.480000
0.643502,3.600000,3.493333
0.643904,3.573333,3.406667
0.644306,3.566667,3.426666
0.644707,3.540000,3.340000
0.645108,3.513333,3.373333
0.645510,3.506667,3.146667
0.645911,3.486667,3.433333
0.646312,3.340000,3.313333
0.646713,3.413333,3.306667
0.647114,3.373333,3.346666
0.647516,3.426666,3.226667
0.647918,3.406667,3.280000
0.648320,3.393333,3.320000
0.648721,3.333333,3.226667
0.649123,3.340000,3.186666
0.649524,3.333333,2.980000
0.649925,3.386667,3.146667
0.650327,3.286667,3.140000
0.650728,3.280000,3.126667
0.651129,3.246666,3.080000
0.651531,3.246666,3.113333
0.651932,3.226667,3.060000
0.652333,3.220000,3.080000
0.652734,3.200000,2.993333
0.653135,3.173333,3.053333
0.653536,3.106667,2.980000
0.653937,3.126667,2.980000
0.654339,3.120000,2.960000
0.654740,3.100000,2.946667
0.655142,3.106667,2.946667
0.655543,3.000000,2.933333
0.655944,3.033333,2.873333
0.656348,3.046667,2.913333
0.656749,3.006667,2.553333
0.657150,3.033333,2.540000
0.657551,2.973333,2.820000
0.657952,2.873333,2.766667
0.658354,2.946667,2.806667
0.658755,2.953333,2.793333
0.659156,2.913333,2.786667
0.659557,2.893333,2.733333
0.659959,2.900000,2.766667
0.660361,2.893333,2.960000
0.660762,2.853333,2.706666
0.661163,2.793333,2.580000
0.661564,2.800000,2.706666
0.661965,2.746667,2.680000
0.662367,2.780000,2.680000
0.662768,2.673333,2.626667
0.663169,2.746667,2.660000
0.663571,2.746667,2.613333
0.663972,2.673333,2.613333
0.664375,2.700000,2.593333
0.664776,2.680000,2.640000
0.665178,2.566667,2.580000
0.665579,2.660000,2.526667
0.665980,2.626667,2.500000
0.666381,2.626667,2.393333
0.666782,2.606667,2.486667
0.667185,2.586667,2.473333
0.667586,2.553333,2.433333
0.667987,2.546667,2.433333
0.668388,2.526667,2.420000
0.668789,2.520000,2.400000
0.669190,2.506666,2.360000
0.669591,2.480000,2.366667
0.669992,2.480000,2.346667
0.670394,2.440000,2.353333
0.670796,2.433333,2.326667
0.671197,2.433333,2.346667
0.671598,2.406667,2.300000
0.672000,2.346667,2.293333
0.672401,2.353333,2.280000
0.672802,2.413333,2.273333
0.673203,2.346667,2.226666
0.673604,2.340000,2.246667
0.674007,2.293333,2.206667
0.674409,2.253333,2.153333
0.674812,2.273333,2.206667
0.675213,2.266667,2.166667
0.675615,2.266667,2.146667
0.676017,2.240000,2.153333
0.676418,2.240000,2.120000
0.676820,2.213333,2.100000
0.677221,2.180000,2.160000
0.677623,2.166667,2.093333
0.678024,2.173333,2.000000
0.678425,2.146667,2.133333
0.678827,2.086667,2.046667
0.679228,2.100000,2.053333
0.679629,2.113333,2.000000
0.680031,2.126667,1.920000
0.680432,2.080000,1.973333
0.680834,2.080000,1.986667
0.681235,1.980000,1.740000
0.681636,2.026667,1.940000
0.682037,2.053333,1.933333
0.682438,2.020000,1.906667
0.682840,2.006667,1.833333
0.683242,1.986667,1.826667
0.683643,1.906667,1.893333
0.684044,1.933333,1.866667
0.684445,1.980000,1.853333
0.684847,1.960000,1.846667
0.685249,1.940000,1.820000
0.685651,1.900000,1.806667
0.686052,1.860000,1.766667
0.686455,1.873333,1.780000
0.686856,1.866667,1.773333
0.687258,1.826667,1.753333
0.687659,1.733333,1.740000
0.688060,1.793333,1.693333
0.688462,1.766667,1.693333
0.688864,1.773333,1.713333
0.689265,1.793333,1.646667
0.689666,1.746667,1.593333
0.690067,1.833333,1.680000
0.690469,1.733333,1.573333
0.690870,1.726667,1.660000
0.691272,1.813333,1.600000
0.691673,1.700000,1.666667
0.692074,1.680000,1.593333
0.692476,1.666667,1.593333
0.692877,1.680000,1.580000
0.693279,1.653333,1.560000
0.693680,1.640000,1.560000
0.694081,1.620000,1.560000
0.694483,1.613333,1.513333
0.694884,1.560000,1.620000
0.695286,1.560000,1.440000
0.695688,1.566667,1.560000
0.696089,1.546667,1.473333
0.696490,1.566667,1.606667
0.696891,1.540000,1.460000
0.697292,1.500000,1.460000
0.697693,1.493333,1.460000
0.698094,1.506667,1.440000
0.698496,1.506667,1.593333
0.698897,1.506667,1.420000
0.699299,1.460000,1.093333
0.699700,1.460000,1.440000
0.700101,1.440000,1.440000
0.700503,1.380000,1.386667
0.700904,1.413333,1.353333
0.701305,1.393333,1.286667
0.701706,1.386667,1.346667
0.702107,1.386667,1.320000
0.702509,1.386667,1.300000
0.702911,1.353333,1.280000
0.703312,1.320000,1.306667
0.703714,1.320000,1.220000
0.704115,1.373333,1.280000
0.704516,1.306667,1.246667
0.704917,1.253333,1.253333
0.705318,1.300000,1.240000
0.705719,1.286667,1.240000
0.706120,1.260000,1.206667
0.706521,1.240000,1.386667
0.706922,1.166667,1.266667
0.707324,1.173333,1.173333
0.707725,1.246667,1.126667
0.708126,1.206667,1.113333
0.708528,1.240000,1.173333
0.708929,1.166667,1.146667
0.709330,1.193333,1.113333
0.709731,1.173333,1.120000
0.710134,1.140000,1.126667
0.710536,1.166667,1.153333
0.710938,1.140000,1.086667
0.711340,1.086667,1.093333
0.711742,1.153333,1.053333
0.712144,1.126667,1.033333
0.712546,1.106667,1.040000
0.712947,1.113333,0.993333
0.713348,1.100000,1.033333
0.713749,1.053333,1.026667
0.714150,1.033333,1.186667
0.714551,1.060000,1.026667
0.714953,1.080000,1.013333
0.715354,1.053333,1.020000
0.715755,1.053333,0.980000
0.716156,1.013333,0.960000
0.716557,0.980000,1.033333
0.716958,0.993333,0.986667
0.717360,0.973333,0.946667
0.717763,1.013333,0.946667
0.718165,0.980000,0.946667
0.718567,0.966667,0.946667
0.718969,0.946667,0.946667
0.719370,0.946667,0.946667
0.719771,0.946667,0.946667
0.720174,0.946667,0.946667
0.720576,0.946667,0.946667
0.720978,0.946667,1.020000
0.721380,0.946667,0.946667
0.721783,0.946667,0.946667
0.722186,0.946667,0.946667
0.722588,0.946667,0.946667
0.722989,0.946667,0.946667
0.723390,0.946667,0.960000
0.723793,0.946667,0.986667
0.724195,0.946667,0.946667
0.724596,0.946667,1.033333
0.724998,0.946667,0.946667
0.725399,0.946667,0.946667
0.725800,0.946667,0.946667
0.726201,0.946667,0.946667
0.726603,0.946667,0.946667
0.727005,0.946667,0.946667
0.727407,0.946667,0.946667
0.727808,0.946667,0.946667
0.728210,0.946667,0.946667
0.728615,0.946667,0.946667
0.729016,0.946667,0.946667
0.729417,0.946667,0.946667
0.729820,0.946667,0.946667
0.730221,0.946667,0.946667
0.730622,0.946667,0.946667
0.731023,0.946667,0.946667
0.731424,0.946667,0.946667
0.731825,0.946667,0.946667
0.732227,0.946667,0.946667
0.732628,0.946667,0.946667
0.733029,0.946667,0.946667
0.733430,0.946667,0.946667
0.733831,0.946667,0.946667
0.734233,0.946667,0.946667
0.734634,0.946667,0.946667
0.735037,0.946667,0.946667
0.735438,0.946667,0.946667
0.735840,0.946667,0.946667
0.736241,0.946667,0.946667
0.736642,0.946667,0.946667
0.737043,0.946667,0.946667
0.737444,0.946667,0.946667
0.737845,0.946667,0.946667
0.738247,0.946667,0.946667
0.738648,0.946667,0.946667
0.739049,0.946667,0.946667
0.739450,0.946667,0.946667
0.739853,0.946667,0.946667
0.740255,0.946667,0.946667
0.740657,0.946667,0.946667
0.741058,0.946667,0.946667
0.741460,0.946667,0.946667
0.741861,0.946667,0.946667
0.742262,0.946667,0.946667
0.742663,0.946667,0.946667
0.743064,0.946667,0.946667
0.743465,0.946667,0.946667
0.743866,0.946667,0.946667
0.744268,0.946667,0.946667
0.744669,0.946667,0.946667
0.745072,0.946667,0.946667
0.745474,0.946667,0.946667
0.745876,0.946667,0.946667
0.746277,0.946667,0.946667
0.746679,0.946667,0.946667
0.747080,0.946667,0.946667
0.747482,0.946667,0.946667
0.747884,0.946667,0.946667
0.748286,0.946667,0.946667
0.748688,0.946667,0.946667
0.749089,0.946667,0.946667
0.749490,0.946667,0.946667
0.749891,0.946667,0.946667
0.750293,0.946667,0.946667
0.750694,0.946667,0.946667
0.751096,0.946667,0.946667
0.751497,0.946667,0.946667
0.751898,0.946667,0.946667
0.752299,0.946667,0.946667
0.752701,0.946667,0.946667
0.753103,0.946667,0.946667
0.753504,0.946667,0.946667
0.753906,0.946667,0.946667
0.754307,0.946667,0.946667
0.754709,0.946667,0.946667
0.755110,0.946667,0.946667
0.755511,0.946667,0.946667
0.755913,0.946667,0.946667
0.756314,0.946667,0.946667
0.756715,0.946667,0.946667
0.757118,0.946667,0.946667
0.757520,0.946667,0.946667
0.757921,0.946667,0.946667
0.758322,0.946667,0.946667
0.758723,0.946667,0.946667
0.759125,0.946667,0.946667
0.759527,0.946667,0.946667
0.759928,0.946667,0.946667
0.760329,0.946667,0.946667
0.760731,0.946667,0.946667
0.761132,0.946667,0.946667
0.761534,0.946667,0.946667
0.761935,0.946667,0.946667
0.762336,0.946667,0.946667
0.762737,0.946667,0.946667
0.763139,0.946667,0.946667
0.763541,0.946667,0.946667
0.763944,0.946667,0.946667
0.764348,0.946667,0.946667
0.764749,0.946667,0.946667
0.765150,0.946667,0.946667
0.765551,0.946667,0.946667
0.765952,0.946667,0.946667
0.766354,0.946667,0.946667
0.766756,0.946667,0.946667
0.767157,0.946667,0.946667
0.767558,0.946667,0.946667
0.767959,0.946667,0.946667
0.768361,0.946667,0.946667
0.768762,0.946667,0.946667
0.769163,0.946667,0.946667
0.769564,0.946667,0.946667
0.769965,0.946667,0.946667
0.770367,0.946667,0.946667
0.770768,0.946667,0.946667
0.771169,0.946667,0.946667
0.771570,0.946667,0.946667
0.771973,0.946667,0.946667
0.772375,0.946667,0.946667
0.772776,0.946667,0.946667
0.773177,0.946667,0.946667
0.773578,0.946667,0.946667
0.773979,0.946667,0.946667
0.774381,0.946667,0.946667
0.774782,0.946667,0.946667
0.775185,0.946667,0.946667
0.775586,0.946667,0.946667
0.775989,0.946667,0.946667
0.776390,0.946667,0.946667
0.776793,0.946667,0.946667
0.777194,0.946667,0.946667
0.777596,0.946667,0.946667
0.777997,0.946667,0.946667
0.778398,0.946667,0.946667
0.778799,0.946667,0.946667
0.779200,0.946667,0.946667
0.779603,0.946667,0.946667
0.780004,0.946667,0.946667
0.780406,0.946667,0.946667
0.780808,0.946667,0.946667
0.781209,0.946667,0.946667
0.781615,0.946667,0.946667
0.782016,0.946667,0.946667
0.782417,0.946667,0.946667
0.782819,0.946667,0.946667
0.783220,0.946667,0.946667
0.783621,0.946667,0.946667
0.784022,0.946667,0.946667
0.784423,0.946667,0.946667
0.784824,0.946667,0.946667
0.785226,0.946667,0.946667
0.785628,0.946667,0.946667
0.786029,0.946667,0.946667
0.786430,0.946667,0.946667
0.786833,0.946667,0.946667
0.787234,0.946667,0.946667
0.787636,0.946667,0.946667
0.788037,0.946667,0.946667
0.788439,0.946667,0.946667
0.788840,0.946667,0.946667
0.789242,0.946667,0.946667
0.789644,0.946667,0.946667
0.790047,0.946667,0.946667
0.790449,0.946667,0.946667
0.790850,0.946667,0.946667
0.791252,0.946667,0.946667
0.791653,0.946667,0.946667
0.792056,0.946667,0.946667
0.792458,0.946667,0.946667
0.792859,0.946667,0.946667
0.793260,0.946667,0.946667
0.793661,0.946667,0.946667
0.794064,0.946667,0.946667
0.794466,0.946667,0.946667
0.794867,0.946667,0.946667
0.795268,0.946667,0.946667
0.795669,0.946667,0.946667
0.796071,0.946667,0.946667
0.796472,0.946667,0.946667
0.796874,0.946667,0.946667
0.797275,0.946667,0.946667
0.797676,0.946667,0.946667
0.798077,0.946667,0.946667
0.798479,0.946667,0.946667
0.798880,0.946667,0.946667
0.799281,0.946667,0.946667
0.799683,0.946667,0.946667
0.800085,0.946667,0.946667
0.800486,0.946667,0.946667
0.800887,0.946667,0.946667
0.801288,0.946667,0.946667
0.801689,0.946667,0.946667
0.802090,0.946667,0.946667
0.802492,0.946667,0.946667
0.802893,0.946667,0.946667
0.803295,0.946667,0.946667
0.803696,0.946667,0.946667
0.804097,0.946667,0.946667
0.804498,0.946667,0.946667
0.804899,0.946667,0.946667
0.805301,0.946667,0.946667
0.805702,0.946667,0.946667
0.806103,0.946667,0.946667
0.806504,0.946667,0.946667
0.806905,0.946667,0.946667
0.807306,0.946667,0.946667
0.807708,0.946667,0.946667
0.808109,0.946667,0.946667
0.808510,0.946667,0.946667
0.808911,0.946667,0.946667
0.809312,0.946667,0.946667
0.809713,0.946667,0.946667
0.810114,0.946667,0.946667
0.810515,0.946667,0.946667
0.810916,0.946667,0.946667
0.811317,0.946667,0.946667
0.811718,0.946667,0.946667
0.812119,0.946667,0.946667
0.812521,0.946667,0.946667
0.812924,0.946667,0.946667
0.813325,0.946667,0.946667
0.813726,0.946667,0.946667
0.814128,0.946667,0.946667
0.814529,0.946667,0.946667
0.814932,0.946667,0.946667
0.815334,0.946667,0.946667
0.815736,0.946667,0.946667
0.816137,0.946667,0.946667
0.816538,0.946667,0.946667
0.816939,0.946667,0.946667
0.817341,0.946667,0.946667
0.817742,0.946667,0.946667
0.818143,0.946667,0.946667
0.818544,0.946667,0.946667
0.818945,0.946667,0.946667
0.819347,0.946667,0.946667
0.819748,0.946667,0.946667
0.820149,0.946667,0.946667
0.820551,0.946667,0.946667
0.820952,0.946667,0.946667
0.821354,0.946667,0.946667
0.821755,0.946667,0.946667
0.822156,0.946667,0.946667
0.822558,0.946667,0.946667
0.822959,0.946667,0.946667
0.823360,0.946667,0.946667
0.823761,0.946667,0.946667
0.824162,0.946667,0.946667
0.824563,0.946667,0.946667
0.824965,0.946667,0.946667
0.825367,0.946667,0.946667
0.825768,0.946667,0.946667
0.826171,0.946667,0.946667
0.826572,0.946667,0.946667
0.826973,0.946667,0.946667
0.827375,0.946667,0.946667
0.827776,0.946667,0.946667
0.828177,0.946667,0.946667
0.828579,0.946667,0.946667
0.828980,0.946667,0.946667
0.829381,0.946667,0.946667
0.829782,0.946667,0.946667
0.830183,0.946667,0.946667
0.830585,0.946667,0.946667
0.830987,0.946667,0.946667
0.831388,0.946667,0.946667
0.831789,0.946667,0.946667
0.832190,0.946667,0.946667
0.832591,0.946667,0.946667
0.832992,0.946667,0.946667
0.833394,0.946667,0.946667
0.833795,0.946667,0.946667
0.834197,0.946667,0.946667
0.834598,0.946667,0.946667
0.834999,0.946667,0.946667
0.835401,0.946667,0.946667
0.835802,0.946667,0.946667
0.836203,0.946667,0.946667
0.836604,0.946667,0.946667
0.837005,0.946667,0.946667
0.837407,0.946667,0.946667
0.837808,0.946667,0.946667
0.838209,0.946667,0.946667
0.838611,0.946667,0.946667
0.839012,0.946667,0.946667
0.839414,0.946667,0.946667
0.839815,0.946667,0.946667
0.840216,0.946667,0.946667
0.840617,1.033333,0.946667
0.841018,0.946667,0.946667
0.841420,0.973333,0.946667
0.841821,0.960000,0.946667
0.842222,0.980000,0.946667
0.842623,0.993333,0.946667
0.843024,1.006667,0.960000
0.843425,1.000000,0.960000
0.843828,1.033333,0.960000
0.844229,1.033333,1.000000
0.844630,1.026667,0.993333
0.845031,1.033333,0.993333
0.845434,1.040000,0.946667
0.845835,1.046667,1.026667
0.846237,1.073333,1.020000
0.846638,1.093333,1.033333
0.847041,1.093333,1.033333
0.847442,1.113333,1.046667
0.847844,1.120000,1.053333
0.848246,1.126667,1.086667
0.848647,1.146667,1.060000
0.849048,1.146667,1.093333
0.849450,1.200000,1.086667
0.849851,1.066667,1.106667
0.850252,1.140000,1.073333
0.850653,1.260000,1.133333
0.851054,1.220000,1.140000
0.851455,1.206667,1.173333
0.851856,1.220000,1.146667
0.852258,1.240000,1.206667
0.852659,1.273333,1.240000
0.853060,1.240000,1.206667
0.853462,1.266667,1.046667
0.853864,1.253333,1.206667
0.854266,1.360000,1.220000
0.854667,1.286667,1.226667
0.855068,1.300000,1.246667
0.855469,1.293333,1.240000
0.855870,1.320000,1.266667
0.856272,1.333333,1.293333
0.856673,1.373333,1.320000
0.857074,1.373333,1.286667
0.857477,1.360000,1.300000
0.857878,1.346667,1.326667
0.858279,1.393333,1.240000
0.858680,1.393333,1.353333
0.859081,1.393333,1.386667
0.859483,1.400000,1.346667
0.859884,1.446667,1.360000
0.860285,1.473333,1.386667
0.860686,1.473333,1.386667
0.861087,1.480000,1.393333
0.861488,1.473333,1.420000
0.861889,1.473333,1.440000
0.862290,1.500000,1.373333
0.862692,1.600000,1.446667
0.863094,1.526667,1.460000
0.863496,1.560000,1.486667
0.863897,1.606667,1.533333
0.864298,1.606667,1.533333
0.864700,1.566667,1.546667
0.865101,1.640000,1.546667
0.865502,1.733333,1.546667
0.865903,1.586667,1.560000
0.866305,1.646667,1.400000
0.866706,1.646667,1.560000
0.867107,1.646667,1.560000
0.867509,1.653333,1.593333
0.867911,1.713333,1.653333
0.868312,1.726667,1.620000
0.868713,1.700000,1.633333
0.869114,1.720000,1.693333
0.869516,1.740000,1.646667
0.869917,1.733333,1.660000
0.870319,1.753333,1.686667
0.870720,1.826667,1.706667
0.871121,1.786667,1.733333
0.871522,1.800000,1.726667
0.871924,1.813333,1.653333
0.872325,1.853333,1.720000
0.872726,1.860000,1.753333
0.873127,1.906667,1.760000
0.873529,1.820000,1.786667
0.873931,1.946667,1.566667
0.874332,1.900000,1.853333
0.874734,1.920000,1.846667
0.875135,1.926667,1.420000
0.875536,1.906667,1.893333
0.875937,1.960000,2.086667
0.876339,2.073333,1.906667
0.876740,2.000000,1.906667
0.877141,2.000000,1.900000
0.877543,2.020000,1.920000
0.877944,2.026667,1.933333
0.878348,2.060000,1.966667
0.878749,2.046667,1.940000
0.879150,2.080000,1.980000
0.879551,2.086667,2.000000
0.879952,2.120000,1.986667
0.880354,2.173333,2.013333
0.880755,2.126667,2.073333
0.881156,2.146667,1.980000
0.881557,2.173333,2.080000
0.881959,2.166667,2.053333
0.882361,2.200000,2.126667
0.882762,2.206667,2.120000
0.883163,2.226666,2.153333
0.883564,2.240000,2.146667
0.883965,2.280000,2.166667
0.884368,2.280000,2.166667
0.884769,2.260000,2.186667
0.885171,2.293333,2.186667
0.885572,2.300000,2.253333
0.885973,2.340000,2.240000
0.886376,2.346667,2.246667
0.886777,2.346667,2.233333
0.887178,2.353333,2.260000
0.887579,2.473333,2.273333
0.887980,2.366667,2.300000
0.888381,2.373333,2.306667
0.888782,2.433333,2.346667
0.889184,2.506666,2.306667
0.889585,2.466667,2.400000
0.889986,2.506666,2.346667
0.890388,2.586667,2.380000
0.890789,2.533333,2.386667
0.891190,2.520000,2.553333
0.891591,2.573333,2.286667
0.891993,2.566667,2.440000
0.892395,2.573333,2.440000
0.892796,2.600000,2.460000
0.893197,2.600000,2.493333
0.893598,2.620000,2.493333
0.894000,2.640000,2.520000
0.894401,2.653333,2.526667
0.894802,2.646667,2.593333
0.895203,2.653333,2.553333
0.895605,2.693333,2.646667
0.896007,2.720000,2.613333
0.896408,2.713333,2.606667
0.896809,2.786667,2.646667
0.897211,2.760000,2.660000
0.897614,2.766667,2.666667
0.898016,2.873333,2.673333
0.898417,2.826667,2.693333
0.898820,2.806667,2.713333
0.899221,2.820000,2.686666
0.899623,2.846667,2.693333
0.900024,2.866667,2.733333
0.900425,2.873333,2.766667
0.900827,2.946667,2.786667
0.901228,3.033333,2.786667
0.901629,2.953333,2.800000
0.902030,2.960000,2.846667
0.902431,2.960000,2.826667
0.902832,3.013333,2.913333
0.903234,3.026667,2.946667
0.903636,3.100000,2.640000
0.904037,3.066667,2.946667
0.904439,3.086667,2.960000
0.904840,3.026667,2.913333
0.905241,3.100000,2.966666
0.905642,3.133333,2.920000
0.906043,3.140000,2.980000
0.906445,3.146667,3.020000
0.906848,3.186666,3.193333
0.907249,3.206667,3.020000
0.907650,3.253333,3.060000
0.908051,3.246666,3.106667
0.908454,3.300000,3.106667
0.908855,3.266667,3.133333
0.909256,3.300000,3.126667
0.909658,3.313333,3.153333
0.910059,3.306667,3.166667
0.910461,3.326667,3.193333
0.910862,3.346666,3.293333
0.911263,3.380000,3.240000
0.911664,3.386667,3.213333
0.912065,3.406667,3.246666
0.912467,3.426666,3.333333
0.912868,3.440000,3.306667
0.913271,3.473333,3.313333
0.913672,3.486667,3.346666
0.914073,3.493333,3.406667
0.914474,3.500000,3.326667
0.914875,3.506667,3.400000
0.915276,3.566667,3.393333
0.915677,3.546667,3.406667
0.916078,3.573333,3.493333
0.916479,3.606667,3.433333
0.916880,3.580000,3.473333
0.917282,3.660000,3.493333
0.917683,3.653333,3.493333
0.918084,3.686666,3.486667
0.918486,3.780000,3.546667
0.918887,3.740000,3.540000
0.919288,3.733333,3.346666
0.919689,3.813334,3.606667
0.920090,3.773333,3.586667
0.920491,3.833333,3.593333
0.920893,3.853333,3.613333
0.921294,3.933333,3.653333
0.921695,3.866667,3.660000
0.922096,3.920000,3.733333
0.922498,3.886667,3.713333
0.922899,3.953333,3.726667
0.923300,4.006667,3.733333
0.923702,4.013333,3.840000
0.924105,3.926666,3.746666
0.924507,4.026666,3.833333
0.924908,4.033333,3.500000
0.925309,4.066667,4.173333
0.925711,4.060000,3.900000
0.926112,4.106667,4.180000
0.926514,4.133333,3.940000
0.926915,4.113333,3.953333
0.927316,4.160000,3.986666
0.927717,4.186666,4.006667
0.928118,4.160000,4.013333
0.928519,4.213334,4.020000
0.928922,4.213334,4.040000
0.929324,4.246667,4.093333
0.929725,4.213334,4.053333
0.930128,4.280000,3.826667
0.930530,4.320000,4.106667
0.930932,4.320000,4.113333
0.931333,4.346667,4.100000
0.931734,4.366666,4.160000
0.932135,4.413333,4.186666
0.932537,4.413333,4.226666
0.932938,4.440000,4.186666
0.933339,4.513333,4.253333
0.933740,4.466667,4.240000
0.934142,4.540000,4.306667
0.934543,4.520000,4.300000
0.934944,4.526667,4.340000
0.935348,4.540000,4.353333
0.935749,4.573333,4.360000
0.936150,4.653333,4.393333
0.936552,4.633333,4.420000
0.936953,4.613333,4.366666
0.937354,4.640000,4.426666
0.937755,4.640000,4.480000
0.938156,4.693333,4.506667
0.938557,4.700000,4.540000
0.938958,4.726666,4.566667
0.939360,4.746666,4.546667
0.939761,4.780000,4.580000
0.940162,4.806667,4.546667
0.940563,4.940000,4.633333
0.940964,4.800000,4.380000
0.941366,4.820000,4.620000
0.941767,4.853333,4.660000
0.942170,4.946666,4.700000
0.942571,4.926667,4.713333
0.942972,4.960000,4.713333
0.943374,4.966667,4.753333
0.943775,5.020000,4.720000
0.944176,5.033333,4.793333
0.944578,5.040000,4.786666
0.944979,5.060000,4.820000
0.945381,5.066667,4.826666
0.945783,5.073333,4.853333
0.946184,5.106667,4.880000
0.946585,5.160000,4.813333
0.946987,5.160000,4.913333
0.947388,5.180000,4.586667
0.947789,5.180000,4.973333
0.948190,5.246666,4.946666
0.948591,5.173333,4.993333
0.948993,5.186666,5.053333
0.949395,5.313333,5.206666
0.949796,5.326667,5.060000
0.950197,5.373333,5.060000
0.950598,5.360000,5.100000
0.950999,5.373333,5.126667
0.951401,5.413333,5.126667
0.951802,5.420000,5.180000
0.952203,5.453333,5.180000
0.952605,5.453333,5.186666
0.953006,5.506666,5.213333
0.953408,5.513333,5.240000
0.953811,5.546667,5.273333
0.954212,5.580000,5.426667
0.954614,5.573333,5.746666
0.955016,5.539999,5.353333
0.955417,5.653333,5.473333
0.955818,5.653333,5.333333
0.956219,5.653333,5.386667
0.956621,5.726667,5.433333
0.957023,5.706666,5.446666
0.957424,5.746666,5.313333
0.957826,5.846666,5.460000
0.958227,5.786666,5.446666
0.958629,5.806666,5.533333
0.959031,5.840000,5.560000
0.959433,5.853333,5.573333
0.959835,5.886667,5.566667
0.960238,5.880000,5.760000
0.960639,5.913333,5.666667
0.961040,5.926667,5.640000
0.961443,5.973333,5.673333
0.961844,6.020000,5.713333
0.962245,6.000000,5.746666
0.962646,5.993333,5.733333
0.963047,6.053333,5.773333
0.963449,6.106667,5.826667
0.963852,6.113333,5.833333
0.964253,6.120000,5.840000
0.964654,6.126667,5.853333
0.965055,6.173333,5.880000
0.965456,6.180000,5.913333
0.965857,6.213333,5.926667
0.966259,6.240000,6.000000
0.966660,6.280000,5.946667
0.967061,6.273333,6.026667
0.967463,6.286667,6.026667
0.967864,6.306666,6.033333
0.968265,6.326666,6.053333
0.968667,6.353333,6.060000
0.969068,6.493333,6.113333
0.969470,6.426666,6.100000
0.969872,6.440000,6.133333
0.970273,6.466667,6.180000
0.970674,6.473333,6.326666
0.971076,6.520000,6.193333
0.971477,6.533333,6.286667
0.971878,6.626667,6.266666
0.972280,6.666667,6.280000
0.972682,6.626667,6.080000
0.973084,6.693333,6.313334
0.973486,6.700000,6.326666
0.973887,6.733333,6.260000
0.974288,6.780000,6.393333
0.974689,6.773334,6.306666
0.975090,6.773334,6.406667
0.975491,6.806667,6.466667
0.975892,6.826667,6.480000
0.976293,6.840000,6.493333
0.976694,6.893333,6.546667
0.977095,6.886666,6.546667
0.977497,6.926667,6.620000
0.977898,6.966666,6.586667
0.978300,6.986666,6.640000
0.978701,6.993333,6.660000
0.979103,7.020000,6.673334
0.979504,7.026667,6.906667
0.979905,7.080000,6.813333
0.980307,7.093333,6.793334
0.980709,7.133334,6.786666
0.981110,7.133334,6.813333
0.981512,7.206666,6.700000
0.981913,7.100000,6.846666
0.982315,7.200000,6.846666
0.982717,7.213333,6.820000
0.983119,7.253334,7.046667
0.983521,7.306666,6.940000
0.983922,7.313333,6.986666
0.984323,7.346666,6.986666
0.984724,7.346666,6.986666
0.985127,7.360000,7.006667
0.985529,7.440000,7.053333
0.985930,7.420000,7.046667
0.986332,7.433333,7.113333
0.986734,7.480000,7.113333
0.987135,7.480000,7.153333
0.987537,7.500000,7.160000
0.987938,7.526666,7.166667
0.988340,7.573333,7.166667
0.988742,7.660000,7.233334
0.989143,7.593334,7.233334
0.989544,7.653333,7.240000
0.989945,7.679999,7.293333
0.990348,7.686666,7.353333
0.990749,7.686666,7.313333
0.991150,7.793334,7.346666
0.991551,7.760000,7.180000
0.991954,7.766666,7.413333
0.992355,7.853333,7.460000
0.992756,7.866666,7.500000
0.993157,7.866666,7.506667
0.993558,7.886666,7.540000
0.993959,7.920000,7.540000
0.994361,7.946667,7.553333
0.994763,7.946667,7.579999
0.995164,7.933333,7.586667
0.995565,8.026667,7.626667
0.995966,8.040000,7.686666
0.996368,8.073333,7.660000
0.996769,8.059999,7.720000
0.997170,8.100000,7.693334
0.997571,8.133333,7.726667
0.997972,8.179999,7.780000
0.998374,8.186666,7.780000
0.998776,8.206666,7.826667
0.999178,8.213333,7.573333
0.999579,8.246666,7.933333
0.999982,8.313333,7.840000
1.000383,8.286667,7.913333
1.000785,8.313333,7.900000
1.001186,8.340000,7.980000
1.001587,8.386666,7.946667
1.001989,8.413333,7.953333
1.002390,8.446666,7.986666
1.002791,8.486667,8.066667
1.003192,8.493334,8.093333
1.003593,8.520000,8.086667
1.003995,8.533333,7.920000
1.004396,8.546666,8.146667
1.004797,8.606667,8.206666
1.005200,8.660000,8.179999
1.005602,8.620000,8.120000
1.006003,8.599999,8.266666
1.006404,8.666666,8.266666
1.006805,8.713333,8.246666
1.007206,8.713333,8.306666
1.007608,8.740000,8.253333
1.008009,8.780000,8.393332
1.008410,8.880000,8.393332
1.008812,8.826667,8.406667
1.009213,8.880000,8.373333
1.009614,8.893333,8.480000
1.010015,8.906666,8.453333
1.010417,8.893333,8.493334
1.010818,8.940000,8.533333
1.011220,8.966666,8.553333
1.011621,8.993333,8.579999
1.012023,9.020000,8.573333
1.012424,9.026667,8.620000
1.012825,9.086667,8.693334
1.013226,9.093333,8.660000
1.013628,9.133333,8.713333
1.014029,9.200000,8.726666
1.014430,9.260000,8.733333
1.014831,9.220000,8.839999
1.015233,9.200000,8.780000
1.015635,9.246666,8.726666
1.016036,9.273334,8.813334
1.016437,9.293333,8.886666
1.016839,9.333333,8.740000
1.017240,9.340000,8.913333
1.017642,9.340000,8.920000
1.018044,9.346666,8.946667
1.018447,9.446667,8.980000
1.018849,9.513333,8.966666
1.019251,9.513333,9.006666
1.019652,9.553333,9.093333
1.020055,9.580000,9.066667
1.020456,9.593333,9.120000
1.020857,9.566666,9.120000
1.021258,9.613334,9.120000
1.021659,9.686666,9.193333
1.022061,9.673333,9.213333
1.022462,9.700000,9.233333
1.022863,9.746667,9.266666
1.023265,9.606667,9.273334
1.023667,9.800000,9.293333
1.024068,9.753333,9.000000
1.024469,9.813334,9.320000
1.024870,9.880000,9.520000
1.025272,9.886666,9.346666
1.025673,9.900000,9.346666
1.026074,9.953333,9.466666
1.026476,9.980000,9.493333
1.026877,9.980000,9.513333
1.027279,10.006667,9.553333
1.027680,10.000000,9.553333
1.028083,10.059999,9.600000
1.028484,10.066667,9.346666
1.028886,10.080000,9.620000
1.029288,10.120000,9.526667
1.029689,10.099999,9.673333
1.030090,10.206667,9.686666
1.030491,10.206667,9.613334
1.030893,10.280000,9.766666
1.031294,10.260000,9.740000
1.031695,10.299999,9.793333
1.032096,10.473333,9.826666
1.032497,10.320000,9.766666
1.032900,10.386666,9.873333
1.033302,10.386666,9.786667
1.033703,10.393333,9.946667
1.034106,10.426666,9.933333
1.034509,10.419999,9.940001
1.034912,10.480000,9.966666
1.035313,10.493333,10.046666
1.035714,10.533334,10.020000
1.036115,10.533334,10.086666
1.036516,10.620000,10.093333
1.036917,10.600000,10.086666
1.037319,10.639999,10.066667
1.037721,10.613333,10.053333
1.038122,10.666667,10.179999
1.038523,10.713333,10.200000
1.038926,10.733334,10.200000
1.039327,10.800000,10.260000
1.039728,10.793333,10.286666
1.040130,10.820000,10.320000
1.040531,10.866667,10.299999
1.040932,10.860000,10.353333
1.041333,10.846666,10.466667
1.041734,10.920000,10.353333
1.042135,10.933333,10.440000
1.042536,10.940000,10.433333
1.042937,11.006666,10.480000
1.043338,11.013332,10.493333
1.043739,11.053333,10.500000
1.044141,11.006666,10.520000
1.044543,11.013332,10.533334
1.044944,11.206666,10.566667
1.045348,11.139999,10.613333
1.045749,11.160000,10.620000
1.046151,11.253333,10.593333
1.046552,11.233333,10.673333
1.046954,11.233333,10.666667
1.047355,11.126667,10.706666
1.047756,11.286666,10.759999
1.048157,11.333333,10.759999
1.048558,11.346666,10.793333
1.048959,11.339999,10.753333
1.049361,11.380000,10.840000
1.049762,11.380000,10.840000
1.050163,11.460000,10.866667
1.050564,11.453334,10.913333
1.050965,11.506666,10.940000
1.051366,11.500000,10.933333
1.051767,11.533333,10.960000
1.052168,11.533333,10.860000
1.052570,11.546666,11.020000
1.052971,11.606667,11.053333
1.053374,11.620000,11.366667
1.053776,11.673333,11.079999
1.054177,11.573333,11.113334
1.054579,11.706667,11.139999
1.054982,11.673333,11.173333
1.055384,11.760000,11.193334
1.055785,11.780000,11.133333
1.056187,11.806666,11.226666
1.056589,11.766666,11.219999
1.056991,11.813333,11.306666
1.057393,11.873333,11.313334
1.057794,11.900000,11.286666
1.058197,11.913333,10.913333
1.058598,11.966666,11.366667
1.058999,11.933332,11.426666
1.059401,11.993333,11.426666
1.059802,11.986667,11.440000
1.060203,12.226666,11.473332
1.060604,12.053333,11.513333
1.061005,12.080000,11.346666
1.061407,12.106667,11.533333
1.061808,12.166667,11.553333
1.062209,12.186666,11.559999
1.062615,12.226666,11.580000
1.063016,12.233334,11.620000
1.063418,12.246667,11.640000
1.063821,12.286667,11.666666
1.064223,12.333333,11.720000
1.064624,12.326666,11.720000
1.065025,12.380000,11.713333
1.065427,12.400000,12.026667
1.065830,12.413333,11.813333
1.066231,12.446667,11.879999
1.066633,12.546666,11.833333
1.067034,12.480000,11.846666
1.067435,12.493333,12.013333
1.067836,12.526666,11.933332
1.068238,12.526666,11.893333
1.068639,12.580000,11.933332
1.069040,12.606667,11.966666
1.069442,12.646667,11.973333
1.069843,12.540000,12.066666
1.070245,12.679999,12.046667
1.070647,12.660000,12.053333
1.071049,12.719999,12.106667
1.071450,12.766666,12.153333
1.071851,12.766666,12.126666
1.072252,12.766666,12.186666
1.072653,12.766666,12.240000
1.073054,12.813334,12.240000
1.073455,12.813334,12.246667
1.073856,12.919999,12.246667
1.074257,12.913333,12.546666
1.074659,12.940000,12.339999
1.075061,12.960000,12.326666
1.075462,12.973333,12.533333
1.075863,13.013333,12.406666
1.076265,13.046666,12.426666
1.076666,13.053332,12.420000
1.077067,13.066667,12.453333
1.077469,13.100000,12.459999
1.077871,13.113333,12.500000
1.078273,13.126666,12.500000
1.078675,13.153334,12.540000
1.079076,13.206666,12.559999
1.079477,13.240000,12.593333
1.079878,13.233334,12.606667
1.080279,13.246666,12.626667
1.080681,13.346667,12.633333
1.081082,13.353333,12.679999
1.081483,13.379999,12.733333
1.081884,13.346667,12.793333
1.082285,13.379999,12.753333
1.082687,13.360000,12.773334
1.083088,13.406666,12.666666
1.083489,13.453332,13.093333
1.083892,13.473332,12.886666
1.084293,13.473332,12.860000
1.084694,13.539999,12.880000
1.085095,13.546667,12.919999
1.085496,13.573333,12.933333
1.085898,13.579999,12.946667
1.086300,13.620000,12.960000
1.086702,13.633333,12.966667
1.087103,13.653334,13.026667
1.087505,13.673334,13.033334
1.087906,13.653334,13.046666
1.088308,13.759999,13.120000
1.088710,13.746667,13.100000
1.089111,13.779999,13.120000
1.089513,13.813334,13.120000
1.089914,13.820000,13.073333
1.090315,13.839999,13.259999
1.090716,13.826666,13.533333
1.091117,13.893333,13.313333
1.091518,13.966666,13.293333
1.091919,14.039999,13.293333
1.092321,13.960000,13.379999
1.092722,13.993333,13.326666
1.093123,13.993333,13.320000
1.093524,14.026667,13.353333
1.093926,14.039999,13.379999
1.094328,14.080000,13.406666
1.094729,14.093333,13.460000
1.095130,14.066666,13.486667
1.095532,14.146667,13.466666
1.095934,14.306665,13.480000
1.096335,14.200001,13.466666
1.096737,14.180000,13.473332
1.097139,14.233333,13.599999
1.097541,14.299999,13.559999
1.097942,14.400001,13.639999
1.098348,14.320000,13.620000
1.098749,14.320000,13.653334
1.099152,14.333334,13.440000
1.099553,14.393332,13.646666
1.099955,14.386666,13.746667
1.100356,14.386666,13.733333
1.100758,14.426666,13.746667
1.101159,14.473333,13.740001
1.101561,14.426666,13.806667
1.101962,14.520000,13.826666
1.102363,14.526666,13.886666
1.102764,14.573334,13.893333
1.103166,14.586666,13.826666
1.103568,14.600000,13.893333
1.103969,14.580000,13.940001
1.104370,14.686666,13.920000
1.104773,14.679999,13.966666
1.105174,14.686666,13.986667
1.105577,14.706667,14.013333
1.105978,14.699999,13.993333
1.106380,14.673333,14.006667
1.106781,14.759999,14.080000
1.107182,14.800000,14.113334
1.107584,14.766665,14.140000
1.107985,14.826666,14.559999
1.108387,14.893332,14.173332
1.108788,14.880000,14.080000
1.109191,14.906667,14.166666
1.109593,14.919999,14.219999
1.109994,15.093332,14.226666
1.110395,14.953333,14.253333
1.110796,14.953333,14.280000
1.111197,15.046666,14.293333
1.111598,14.953333,14.313334
1.111999,15.073333,14.473333
1.112401,15.100000,14.346666
1.112802,15.126667,14.353333
1.113203,15.159999,14.439999
1.113605,15.179999,14.553333
1.114006,15.173333,14.446667
1.114408,15.286666,14.666667
1.114811,15.226665,14.480000
1.115212,15.246666,14.486667
1.115614,15.273333,14.546666
1.116016,15.340000,14.520000
1.116418,15.273333,14.520000
1.116819,15.219999,14.559999
1.117221,15.333333,14.593332
1.117622,15.400000,14.679999
1.118024,15.393333,14.626666
1.118425,15.413333,14.633332
1.118827,15.453334,14.693333
1.119228,15.486666,14.820000
1.119629,15.486666,14.693333
1.120032,15.533333,14.753333
1.120434,15.413333,14.746666
1.120835,15.533333,14.786666
1.121237,15.593333,14.706667
1.121638,15.586667,14.693333
1.122039,15.626667,14.873333
1.122441,15.613333,14.846666
1.122843,15.660000,14.873333
1.123245,15.686666,14.886666
1.123647,15.633333,14.906667
1.124048,15.673333,14.726667
1.124450,15.753332,14.953333
1.124852,15.806666,14.953333
1.125254,15.806666,14.953333
1.125656,16.073334,14.953333
1.126057,15.826667,14.953333
1.126459,15.833333,15.060000
1.126861,15.873333,14.953333
1.127262,15.933333,15.133333
1.127664,15.933333,15.139999
1.128065,15.933333,15.213333
1.128467,15.993333,15.153333
1.128868,15.946666,15.233334
1.129270,16.000000,15.219999
1.129671,16.046667,15.413333
1.130073,15.860000,15.286666
1.130476,16.066668,15.426665
1.130877,16.006666,15.306666
1.131279,16.099998,15.306666
1.131681,16.006666,15.320001
1.132082,16.266666,15.333333
1.132483,16.219999,15.366667
1.132884,16.193333,15.386667
1.133286,16.226665,15.413333
1.133687,16.180000,15.453334
1.134088,16.266666,15.313333
1.134489,16.253332,15.453334
1.134891,16.279999,15.473333
1.135292,16.306667,15.520000
1.135693,16.293333,15.533333
1.136094,16.346666,15.579999
1.136495,16.353333,15.540000
1.136896,16.359999,15.486666
1.137298,16.453333,15.599999
1.137699,16.413332,15.619999
1.138100,16.446667,15.646666
1.138502,16.453333,15.673333
1.138903,16.413332,15.639999
1.139305,16.466667,15.720000
1.139707,16.526667,15.720000
1.140108,16.546667,15.733333
1.140509,16.580000,15.806666
1.140911,16.626665,15.760000
1.141312,16.693333,15.786667
1.141713,16.639999,15.819999
1.142114,16.660000,15.819999
1.142516,16.673332,15.819999
1.142917,16.693333,15.873333
1.143318,16.700001,15.886665
1.143720,16.753332,15.886665
1.144121,16.746666,15.946666
1.144522,16.759998,15.940000
1.144923,16.786665,15.960000
1.145325,16.786665,16.006666
1.145726,16.820000,16.020000
1.146127,16.826666,16.026667
1.146529,16.906666,15.946666
1.146931,16.873333,16.046667
1.147332,16.886665,16.099998
1.147733,16.893332,16.099998
1.148135,16.920000,16.066668
1.148537,16.893332,16.106665
1.148938,16.840000,16.386665
1.149339,16.933332,15.780001
1.149740,16.913332,16.219999
1.150141,16.953333,16.193333
1.150542,16.959999,16.219999
1.150944,16.966667,16.206667
1.151347,17.000000,16.219999
1.151748,17.000000,16.266666
1.152150,17.026665,16.279999
1.152552,17.039999,16.286667
1.152953,17.093332,16.313334
1.153355,17.059999,16.313334
1.153756,17.073334,16.326666
1.154158,17.100000,16.340000
1.154559,17.139999,16.379999
1.154960,17.173332,16.433332
1.155361,17.173332,16.446667
1.155762,17.186666,16.446667
1.156163,17.186666,16.466667
1.156564,17.213333,16.400000
1.156965,17.199999,16.506666
1.157367,17.126667,16.519999
1.157768,17.273333,16.286667
1.158170,17.233334,16.586666
1.158571,17.299999,16.566666
1.158972,17.306665,16.559999
1.159374,17.333332,16.619999
1.159776,17.340000,16.619999
1.160178,17.333332,16.619999
1.160579,17.393333,16.646666
1.160980,17.313332,16.619999
1.161381,17.393333,16.680000
1.161783,17.373333,16.673332
1.162185,17.426666,16.713333
1.162587,17.413332,16.733334
1.162988,17.419998,16.779999
1.163389,17.473333,16.786665
1.163791,17.473333,16.786665
1.164194,17.513334,16.786665
1.164596,17.500000,16.786665
1.164998,17.513334,16.806665
1.165400,17.580000,16.806665
1.165801,17.539999,16.846666
1.166202,17.580000,16.706667
1.166603,17.606667,16.806665
1.167005,17.626667,16.860001
1.167407,17.626667,16.873333
1.167808,17.639999,16.873333
1.168210,17.653334,16.886665
1.168615,17.679998,16.913332
1.169017,17.719999,16.939999
1.169418,17.719999,16.913332
1.169820,17.706665,16.920000
1.170222,17.673332,16.953333
1.170623,17.740000,16.946667
1.171024,17.793333,16.966667
1.171426,17.773333,16.993334
1.171828,17.833332,17.019999
1.172230,17.793333,16.993334
1.172631,17.806665,17.019999
1.173032,17.813332,17.026665
1.173434,17.859999,17.066666
1.173836,17.879999,16.993334
1.174237,17.826666,17.093332
1.174638,17.879999,16.986668
1.175039,17.900000,17.286665
1.175441,17.926666,17.126667
1.175842,18.006666,17.139999
1.176243,17.920000,17.153332
1.176644,17.946665,17.179998
1.177046,17.966665,17.120001
1.177448,17.986666,17.186666
1.177849,18.000000,17.186666
1.178250,18.020000,17.193333
1.178652,18.033333,17.279999
1.179053,18.020000,17.240000
1.179454,18.046667,17.260000
1.179855,18.000000,17.266666
1.180257,18.046667,17.266666
1.180658,18.086666,17.279999
1.181059,18.119999,17.313332
1.181461,18.113333,17.366667
1.181862,18.119999,17.333332
1.182264,18.146666,17.306665
1.182666,18.099998,17.360001
1.183067,18.253332,17.613333
1.183468,18.166666,17.273333
1.183869,18.153334,17.386667
1.184271,18.206665,17.406666
1.184673,18.206665,17.386667
1.185074,18.219999,17.433332
1.185476,18.233332,17.433332
1.185877,18.260000,17.453333
1.186279,18.273333,17.366667
1.186680,18.280001,17.533333
1.187081,18.219999,17.466665
1.187483,18.299999,17.480000
1.187885,18.286667,17.506666
1.188287,18.306667,17.526667
1.188688,18.320000,17.506666
1.189090,18.326666,17.473333
1.189491,18.346666,17.539999
1.189892,18.180000,17.539999
1.190293,18.386665,17.266666
1.190694,18.400000,17.533333
1.191096,18.400000,17.613333
1.191497,18.413334,17.613333
1.191898,18.413334,17.639999
1.192299,18.440001,17.653334
1.192700,18.453333,17.639999
1.193101,18.453333,17.686666
1.193502,18.459999,17.686666
1.193903,18.446667,17.679998
1.194304,18.546667,17.653334
1.194706,18.539999,17.719999
1.195107,18.493332,17.746666
1.195509,18.526667,17.726665
1.195910,18.533333,17.713333
1.196312,18.593332,17.746666
1.196714,18.533333,17.653334
1.197116,18.619999,17.813332
1.197517,18.639999,17.799999
1.197918,18.626665,17.699999
1.198320,18.599998,17.786667
1.198722,18.613333,17.826666
1.199123,18.599998,17.840000
1.199525,18.566668,17.859999
1.199926,18.646666,18.146666
1.200327,18.580000,17.873333
1.200729,18.660000,17.873333
1.201130,18.693333,17.873333
1.201532,18.686666,17.886667
1.201934,18.719999,17.859999
1.202335,18.733332,17.906668
1.202737,18.726665,17.893333
1.203138,18.700001,17.966665
1.203539,18.753332,17.906668
1.203941,18.706667,17.966665
1.204342,18.826666,17.973333
1.204744,18.779999,17.719999
1.205146,18.820000,17.939999
1.205547,18.820000,18.006666
1.205948,18.826666,18.000000
1.206349,18.779999,18.006666
1.206750,18.820000,18.013332
1.207151,18.853333,18.006666
1.207552,18.799999,18.106667
1.207954,18.879999,18.040001
1.208355,18.806667,18.086666
1.208756,18.879999,18.046667
1.209157,18.893333,18.046667
1.209558,18.900000,18.093332
1.209959,18.926666,18.099998
1.210361,18.900000,18.106667
1.210762,18.926666,17.799999
1.211163,18.946667,18.046667
1.211564,18.946667,18.146666
1.211965,18.980000,18.126667
1.212367,18.980000,18.079998
1.212769,18.966667,18.146666
1.213170,18.999998,18.166666
1.213572,18.933332,18.099998
1.213973,19.006666,18.139999
1.214375,19.006666,18.146666
1.214778,19.039999,18.180000
1.215179,19.019999,18.193333
1.215581,18.986666,18.180000
1.215982,18.993332,18.173334
1.216383,19.026667,18.206665
1.216784,19.080000,18.226665
1.217185,19.100000,18.240000
1.217586,19.080000,18.233332
1.217987,19.106667,18.213333
1.218388,19.093334,18.113333
1.218790,19.106667,18.266666
1.219191,19.080000,18.193333
1.219592,19.146666,18.266666
1.219993,19.093334,18.286667
1.220395,19.146666,18.306667
1.220796,19.093334,18.313334
1.221197,19.193333,18.320000
1.221598,19.193333,18.320000
1.221999,19.200001,18.406666
1.222402,19.173332,18.379999
1.222805,19.240000,18.320000
1.223206,19.226667,18.353333
1.223607,19.279999,18.213333
1.224009,19.213333,18.359999
1.224411,19.246666,18.386665
1.224812,19.240000,18.400000
1.225213,19.253332,18.473331
1.225614,19.259998,18.393333
1.226015,19.253332,18.400000
1.226416,19.246666,18.400000
1.226818,19.320000,18.420000
1.227219,19.279999,18.440001
1.227621,19.279999,18.440001
1.228023,19.299999,18.426666
1.228424,19.320000,18.473331
1.228825,19.320000,18.453333
1.229226,19.313334,18.466665
1.229627,19.346666,18.466665
1.230029,19.326666,18.466665
1.230430,19.313334,18.486666
1.230831,19.340000,18.493332
1.231232,19.360001,18.506666
1.231633,19.426666,18.506666
1.232034,19.353334,18.513332
1.232435,19.366667,18.373333
1.232837,19.473333,18.406666
1.233238,19.393332,18.526667
1.233639,19.400000,18.533333
1.234040,19.393332,18.533333
1.234442,19.413332,18.539999
1.234843,19.393332,18.553333
1.235245,19.406666,18.566668
1.235646,19.439999,18.539999
1.236047,19.426666,18.586666
1.236449,19.439999,18.559999
1.236850,19.400000,18.593332
1.237252,19.426666,18.599998
1.237654,19.446667,18.599998
1.238055,19.513332,18.586666
1.238456,19.513332,18.613333
1.238857,19.466667,18.626665
1.239259,19.453333,18.633333
1.239660,19.480000,18.646666
1.240062,19.473333,18.619999
1.240463,19.519999,18.826666
1.240865,19.493334,18.426666
1.241266,19.506666,18.673334
1.241667,19.480000,18.813334
1.242068,19.539999,18.653334
1.242469,19.546665,18.646666
1.242870,19.526665,18.646666
1.243271,19.546665,18.646666
1.243672,19.559999,18.660000
1.244074,19.539999,18.653334
1.244476,19.559999,18.646666
1.244877,19.566666,18.686666
1.245279,19.519999,18.693333
1.245680,19.566666,18.713333
1.246081,19.586666,18.673334
1.246483,19.600000,18.693333
1.246884,19.586666,18.713333
1.247286,19.586666,18.753332
1.247687,19.606667,18.706667
1.248088,19.620001,18.719999
1.248489,19.633333,18.753332
1.248891,19.600000,18.733332
1.249293,19.600000,18.753332
1.249694,19.639999,18.813334
1.250095,19.633333,18.740000
1.250496,19.620001,18.746666
1.250898,19.639999,18.759998
1.251299,19.639999,18.773333
1.251700,19.653332,18.766666
1.252102,19.653332,18.660000
1.252503,19.646666,18.766666
1.252905,19.653332,18.766666
1.253306,19.686666,18.766666
1.253708,19.646666,18.786667
1.254109,19.580000,18.766666
1.254511,19.673332,18.753332
1.254913,19.679998,18.746666
1.255314,19.799999,18.773333
1.255715,19.693333,18.786667
1.256117,19.673332,18.786667
1.256520,19.673332,18.826666
1.256921,19.679998,18.806667
1.257323,19.706667,18.779999
1.257724,19.686666,18.806667
1.258125,19.713333,18.766666
1.258527,19.699999,18.779999
1.258929,19.760000,18.866665
1.259330,19.699999,18.840000
1.259731,19.713333,18.826666
1.260132,19.719999,18.873333
1.260534,19.706667,18.833334
1.260936,19.713333,18.820000
1.261337,19.706667,18.933332
1.261738,19.719999,18.793333
1.262140,19.753334,18.826666
1.262542,19.726667,18.840000
1.262943,19.719999,19.053333
1.263348,19.740000,18.793333
1.263749,19.706667,19.019999
1.264151,19.840000,18.840000
1.264552,19.813332,18.826666
1.264953,19.740000,18.859999
1.265355,19.919998,18.859999
1.265756,19.713333,18.859999
1.266157,19.746666,18.840000
1.266558,19.766666,18.719999
1.266959,19.699999,18.840000
1.267362,19.740000,18.766666
1.267763,19.766666,18.886665
1.268164,19.779999,18.826666
1.268566,19.779999,18.886665
1.268968,19.760000,18.879999
1.269369,19.793333,18.846666
1.269770,19.753334,18.859999
1.270171,19.746666,18.893333
1.270572,19.740000,18.900000
1.270973,19.773333,18.879999
1.271375,19.799999,18.873333
1.271776,19.773333,18.879999
1.272178,19.753334,18.873333
1.272579,19.760000,18.833334
1.272981,19.820000,18.879999
1.273383,19.793333,18.866665
1.273785,19.880001,18.879999
1.274186,19.813332,18.840000
1.274588,19.753334,18.893333
1.274989,19.753334,18.799999
1.275390,19.773333,18.879999
1.275792,19.773333,18.893333
1.276194,19.793333,18.879999
1.276596,19.793333,18.879999
1.276997,19.793333,18.879999
1.277398,19.786665,18.920000
1.277800,19.779999,18.873333
1.278201,19.820000,18.879999
1.278603,19.786665,18.886665
1.279004,19.820000,18.873333
1.279406,19.813332,18.879999
1.279808,19.793333,18.893333
1.280209,19.773333,18.879999
1.280614,19.740000,18.840000
1.281015,19.813332,18.766666
1.281416,19.786665,18.879999
1.281817,19.880001,18.893333
1.282218,19.760000,18.879999
1.282620,19.813332,18.879999
1.283022,19.779999,18.879999
1.283423,19.786665,18.940001
1.283825,19.793333,18.900000
1.284227,19.786665,18.886665
1.284628,19.786665,18.906666
1.285029,19.779999,18.879999
1.285430,19.766666,18.873333
1.285831,19.766666,18.886665
1.286233,19.766666,18.906666
1.286634,19.773333,19.146666
1.287035,19.766666,18.793333
1.287437,19.746666,18.820000
1.287838,19.773333,18.846666
1.288239,19.746666,18.879999
1.288640,19.753334,19.166666
1.289041,19.820000,18.886665
1.289442,19.786665,18.873333
1.289843,19.766666,18.879999
1.290245,19.786665,18.879999
1.290646,19.826666,18.886665
1.291047,19.779999,18.853333
1.291449,19.840000,18.879999
1.291851,19.799999,18.879999
1.292252,19.740000,18.846666
1.292653,19.713333,18.879999
1.293054,19.746666,18.846666
1.293456,19.679998,18.866665
1.293859,19.746666,18.873333
1.294260,19.753334,18.873333
1.294661,19.746666,18.853333
1.295062,19.746666,18.866665
1.295463,19.746666,18.526667
1.295864,19.726667,18.833334
1.296265,19.733334,18.833334
1.296666,19.740000,18.786667
1.297067,19.773333,18.846666
1.297469,19.740000,18.820000
1.297870,19.740000,18.859999
1.298272,19.740000,18.866665
1.298673,19.753334,18.719999
1.299074,19.713333,18.593332
1.299475,19.686666,18.753332
1.299876,19.693333,18.820000
1.300277,19.713333,18.813334
1.300679,19.733334,18.779999
1.301080,19.719999,18.806667
1.301482,19.659998,18.806667
1.301883,19.686666,18.826666
1.302285,19.693333,18.799999
1.302686,19.693333,18.820000
1.303087,19.686666,18.779999
1.303489,19.699999,18.820000
1.303890,19.679998,18.826666
1.304292,19.666666,18.766666
1.304694,19.693333,18.806667
1.305095,19.673332,18.766666
1.305496,19.653332,18.740000
1.305897,19.646666,18.773333
1.306298,19.613333,18.766666
1.306699,19.606667,18.766666
1.307100,19.646666,18.459999
1.307502,19.613333,18.766666
1.307904,19.633333,19.026667
1.308306,19.699999,18.766666
1.308708,19.639999,18.766666
1.309109,19.626667,18.506666
1.309510,19.633333,18.713333
1.309911,19.633333,18.686666
1.310313,19.626667,18.799999
1.310714,19.633333,18.766666
1.311115,19.613333,18.993332
1.311517,19.606667,18.733332
1.311918,19.639999,18.746666
1.312319,19.646666,18.700001
1.312722,19.580000,18.713333
1.313123,19.559999,18.806667
1.313525,19.593332,18.700001
1.313926,19.559999,18.680000
1.314327,19.586666,18.639999
1.314729,19.600000,18.686666
1.315130,19.593332,18.680000
1.315531,19.573334,18.566668
1.315932,19.573334,18.673334
1.316333,19.526665,18.673334
1.316734,19.539999,18.440001
1.317136,19.539999,18.660000
1.317537,19.533333,18.646666
1.317938,19.480000,18.526667
1.318340,19.506666,18.599998
1.318741,19.480000,18.626665
1.319142,19.506666,18.606665
1.319544,19.506666,18.606665
1.319945,19.506666,18.580000
1.320347,19.480000,18.613333
1.320749,19.439999,18.586666
1.321150,19.473333,18.619999
1.321551,19.473333,18.599998
1.321952,19.453333,18.586666
1.322354,19.393332,18.613333
1.322755,19.453333,18.619999
1.323156,19.480000,18.566668
1.323557,19.439999,18.580000
1.323958,19.446667,18.506666
1.324360,19.413332,18.553333
1.324761,19.433332,18.586666
1.325162,19.400000,18.539999
1.325564,19.406666,18.546667
1.325965,19.400000,18.473331
1.326367,19.379999,18.520000
1.326769,19.360001,18.533333
1.327171,19.393332,18.586666
1.327572,19.360001,18.520000
1.327973,19.373333,18.526667
1.328374,19.333334,18.493332
1.328776,19.353334,18.473331
1.329178,19.346666,18.473331
1.329580,19.326666,18.440001
1.329982,19.326666,18.446667
1.330384,19.320000,18.506666
1.330785,19.306665,18.473331
1.331187,19.326666,18.466665
1.331589,19.326666,18.440001
1.331991,19.286665,18.413334
1.332392,19.326666,18.446667
1.332794,19.273333,18.420000
1.333195,19.219999,18.440001
1.333596,19.266666,18.180000
1.333997,19.273333,18.393333
1.334399,19.253332,18.406666
1.334800,19.253332,18.400000
1.335201,19.246666,18.400000
1.335603,19.193333,18.459999
1.336004,19.226667,18.373333
1.336406,19.219999,18.366667
1.336807,19.200001,18.359999
1.337208,19.180000,18.333332
1.337610,19.186666,18.353333
1.338012,19.166666,18.339998
1.338414,19.200001,18.320000
1.338815,19.193333,18.333332
1.339217,19.160000,18.306667
1.339618,19.253332,18.320000
1.340019,19.119999,18.286667
1.340421,19.119999,18.486666
1.340823,19.073334,18.280001
1.341225,19.113333,18.273333
1.341626,19.093334,18.240000
1.342028,19.086666,18.266666
1.342429,19.080000,18.253332
1.342830,19.073334,18.240000
1.343232,19.113333,18.273333
1.343633,19.059999,18.219999
1.344034,19.053333,18.213333
1.344435,19.013332,18.166666
1.344836,19.013332,18.213333
1.345238,18.999998,18.186666
1.345639,18.999998,18.219999
1.346040,18.999998,18.466665
1.346442,19.046667,18.146666
1.346844,18.999998,18.146666
1.347245,18.993332,18.139999
1.347646,18.933332,18.146666
1.348047,18.966667,18.119999
1.348449,18.920000,18.099998
1.348850,18.859999,18.139999
1.349253,18.926666,18.106667
1.349654,18.873333,18.093332
1.350055,18.920000,18.086666
1.350457,18.873333,18.213333
1.350858,18.879999,18.059999
1.351259,18.873333,18.046667
1.351662,18.873333,18.046667
1.352063,18.853333,18.033333
1.352464,18.873333,18.166666
1.352865,18.913332,18.020000
1.353266,18.833334,18.020000
1.353667,18.773333,17.959999
1.354069,18.879999,17.973333
1.354471,18.773333,17.966665
1.354872,18.726665,17.980000
1.355274,18.773333,17.980000
1.355675,18.766666,17.886667
1.356076,18.753332,17.939999
1.356477,18.733332,17.886667
1.356878,18.719999,17.913334
1.357279,18.740000,17.959999
1.357680,18.666666,17.926666
1.358081,18.719999,17.886667
1.358483,18.693333,17.606667
1.358884,18.660000,17.873333
1.359286,18.673334,17.840000
1.359687,18.653334,17.840000
1.360088,18.646666,17.886667
1.360489,18.639999,17.813332
1.360890,18.619999,17.760000
1.361291,18.420000,17.813332
1.361692,18.606665,17.833332
1.362094,18.599998,17.780001
1.362496,18.580000,17.813332
1.362897,18.580000,17.746666
1.363298,18.520000,17.719999
1.363700,18.553333,17.619999
1.364101,18.553333,17.746666
1.364502,18.513332,17.713333
1.364904,18.520000,17.719999
1.365306,18.533333,17.673332
1.365708,18.486666,17.760000
1.366110,18.473331,17.193333
1.366511,18.480000,17.446667
1.366913,18.400000,17.639999
1.367314,18.453333,17.660000
1.367716,18.426666,17.626667
1.368118,18.406666,17.613333
1.368519,18.406666,17.626667
1.368921,18.440001,17.606667
1.369322,18.393333,17.593332
1.369724,18.373333,17.539999
1.370127,18.366667,17.539999
1.370529,18.339998,17.593332
1.370930,18.393333,17.539999
1.371332,18.326666,17.593332
1.371733,18.326666,17.513334
1.372134,18.320000,17.486666
1.372536,18.320000,17.459999
1.372938,18.273333,17.473333
1.373340,18.260000,17.453333
1.373742,18.299999,17.333332
1.374143,18.226665,17.539999
1.374544,18.226665,17.473333
1.374946,18.240000,17.439999
1.375348,18.213333,17.386667
1.375749,18.173334,17.386667
1.376150,18.180000,17.346666
1.376552,18.166666,17.393333
1.376954,18.153334,17.366667
1.377355,18.139999,17.333332
1.377756,18.146666,17.333332
1.378157,18.093332,17.313332
1.378559,18.099998,17.273333
1.378961,18.099998,17.266666
1.379362,18.066666,17.219999
1.379763,18.059999,17.293333
1.380164,18.173334,17.279999
1.380565,18.099998,17.253334
1.380966,17.980000,17.219999
1.381368,18.020000,17.206667
1.381770,18.053333,17.206667
1.382172,18.000000,17.373333
1.382573,18.006666,17.173332
1.382974,18.040001,17.173332
1.383375,17.946665,17.139999
1.383776,17.920000,17.173332
1.384177,17.913334,17.113333
1.384578,17.900000,17.086666
1.384979,17.879999,17.080000
1.385381,17.873333,17.159998
1.385783,17.846666,17.093332
1.386184,17.833332,17.039999
1.386586,17.813332,17.033333
1.386987,17.813332,17.039999
1.387388,17.806665,17.039999
1.387789,17.786667,17.039999
1.388190,17.826666,16.986668
1.388591,17.786667,16.986668
1.388992,17.760000,16.980000
1.389394,17.746666,16.980000
1.389796,17.740000,16.959999
1.390197,17.699999,16.906666
1.390599,17.699999,16.906666
1.391000,17.693333,16.853334
1.391401,17.653334,16.913332
1.391802,17.646667,16.939999
1.392203,17.633333,16.893332
1.392604,17.619999,16.879999
1.393006,17.539999,16.879999
1.393408,17.606667,16.853334
1.393809,17.593332,16.806665
1.394211,17.539999,16.826666
1.394612,17.593332,16.786665
1.395013,17.486666,16.786665
1.395415,17.559999,16.953333
1.395816,17.500000,16.759998
1.396217,17.466665,16.733334
1.396618,17.546665,16.753332
1.397020,17.439999,16.733334
1.397422,17.433332,16.713333
1.397823,17.426666,16.613333
1.398224,17.413332,16.693333
1.398625,17.360001,16.653332
1.399026,17.353333,16.666666
1.399428,17.260000,16.626665
1.399830,17.326666,16.606667
1.400232,17.293333,16.533333
1.400633,17.320000,16.573334
1.401035,17.299999,16.573334
1.401436,17.286665,16.466667
1.401837,17.253334,16.619999
1.402238,17.233334,16.486666
1.402639,17.206667,16.453333
1.403040,17.199999,16.480000
1.403442,17.213333,16.480000
1.403844,17.266666,16.440001
1.404245,17.153332,16.440001
1.404646,17.126667,16.433332
1.405048,17.126667,16.400000
1.405449,17.113333,16.353333
1.405851,17.086666,16.366665
1.406253,17.086666,16.279999
1.406654,17.073334,16.299999
1.407055,17.086666,16.193333
1.407456,17.019999,16.266666
1.407857,16.993334,16.259998
1.408259,16.980000,16.186666
1.408660,16.926666,16.266666
1.409061,16.993334,16.473333
1.409462,16.959999,16.219999
1.409863,16.953333,16.200001
1.410265,16.913332,16.099998
1.410667,16.939999,16.166666
1.411069,16.926666,16.133333
1.411470,16.986668,16.113333
1.411872,16.886665,16.099998
1.412273,16.873333,16.059999
1.412674,16.846666,16.059999
1.413075,16.840000,16.039999
1.413477,16.840000,16.006666
1.413879,16.840000,15.920000
1.414280,16.799999,15.933333
1.414681,16.806665,15.920000
1.415083,16.799999,15.946666
1.415485,16.759998,15.920000
1.415887,16.713333,15.953332
1.416288,16.713333,15.933333
1.416689,16.726667,15.826667
1.417092,16.653332,15.860000
1.417494,16.626665,15.846667
1.417896,16.733334,15.780001
1.418297,16.619999,15.793333
1.418699,16.573334,15.746666
1.419100,16.559999,15.760000
1.419501,16.566666,15.740000
1.419904,16.519999,15.733333
1.420306,16.420000,15.666666
1.420707,16.480000,15.686666
1.421108,16.453333,15.646666
1.421510,16.440001,15.639999
1.421913,16.386665,15.660000
1.422315,16.393333,15.553332
1.422717,16.400000,15.586667
1.423119,16.386665,15.579999
1.423520,16.346666,15.579999
1.423922,16.340000,15.560000
1.424323,16.340000,15.513332
1.424724,16.313334,15.366667
1.425125,16.313334,15.433333
1.425526,16.226665,15.486666
1.425928,16.233332,15.406667
1.426329,16.186666,15.379999
1.426730,16.273333,15.393333
1.427132,16.213333,15.393333
1.427533,16.126665,15.340000
1.427935,16.099998,15.346666
1.428336,16.106665,15.513332
1.428737,16.080000,15.313333
1.429140,16.080000,15.333333
1.429542,16.033333,15.359999
1.429943,16.020000,15.253334
1.430348,16.033333,15.219999
1.430749,15.980000,15.206666
1.431150,15.973332,15.200000
1.431551,15.966666,15.179999
1.431952,15.873333,15.153333
1.432354,15.846667,15.126667
1.432755,15.879999,15.266666
1.433156,15.793333,15.146667
1.433558,15.813333,14.953333
1.433960,15.806666,14.953333
1.434361,15.799999,14.953333
1.434762,15.760000,14.953333
1.435163,15.760000,14.953333
1.435564,15.726666,14.946667
1.435965,15.700000,14.886666
1.436367,15.679999,14.953333
1.436768,15.639999,14.873333
1.437169,15.653334,14.873333
1.437571,15.693334,14.866667
1.437972,15.666666,14.906667
1.438374,15.573333,14.813333
1.438776,15.586667,14.786666
1.439179,15.546666,14.726667
1.439581,15.546666,14.719999
1.439982,15.540000,14.706667
1.440383,15.493332,14.693333
1.440784,15.433333,14.693333
1.441185,15.400000,14.559999
1.441586,15.393333,14.606667
1.441987,15.393333,14.593332
1.442388,15.359999,14.593332
1.442789,15.340000,14.553333
1.443190,15.340000,14.593332
1.443591,15.326667,14.559999
1.443994,15.280000,14.513333
1.444395,15.246666,14.446667
1.444796,15.280000,14.486667
1.445198,15.213333,14.466667
1.445600,15.086666,14.520000
1.446001,15.193334,14.406667
1.446402,15.133333,14.393332
1.446803,15.133333,14.380000
1.447204,15.073333,14.353333
1.447605,15.093332,14.373332
1.448006,14.953333,14.346666
1.448409,15.046666,14.333334
1.448810,14.919999,14.273334
1.449211,15.046666,14.253333
1.449612,14.926667,14.186666
1.450013,14.913333,14.200001
1.450415,14.866667,14.180000
1.450816,14.899999,14.153333
1.451218,14.873333,14.160000
1.451620,14.833332,14.133332
1.452021,14.780000,14.173332
1.452422,14.793334,14.086666
1.452823,14.773334,14.080000
1.453225,14.766665,14.033333
1.453626,14.713333,14.026667
1.454027,14.693333,13.933332
1.454429,14.740000,13.999999
1.454830,14.640000,13.979999
1.455231,14.693333,13.946667
1.455633,14.626666,13.986667
1.456035,14.573334,13.866666
1.456436,14.586666,13.846665
1.456839,14.553333,13.833333
1.457240,14.520000,13.846665
1.457641,14.513333,13.353333
1.458042,14.499999,13.986667
1.458443,14.473333,13.786667
1.458844,14.433332,13.773333
1.459245,14.373332,13.713332
1.459647,14.386666,13.680000
1.460050,14.360000,13.680000
1.460451,14.326666,13.646666
1.460852,14.333334,13.653334
1.461253,14.299999,13.620000
1.461655,14.280000,13.593333
1.462056,14.266667,13.573333
1.462457,14.253333,13.539999
1.462858,14.299999,13.593333
1.463260,14.200001,13.553333
1.463661,14.133332,13.500000
1.464062,14.146667,13.420000
1.464463,14.140000,13.466666
1.464866,14.106666,13.293333
1.465267,14.059999,13.406666
1.465669,14.086666,13.466666
1.466070,14.006667,12.946667
1.466471,13.966666,13.420000
1.466873,14.006667,13.293333
1.467275,13.973332,13.293333
1.467676,13.933332,13.280000
1.468078,13.913332,13.246666
1.468480,13.900000,13.226666
1.468881,13.933332,13.206666
1.469282,13.926666,13.186666
1.469683,13.813334,13.153334
1.470084,13.806667,13.160000
1.470486,13.726666,13.066667
1.470887,13.773333,13.120000
1.471289,13.746667,13.100000
1.471690,13.666666,13.046666
1.472091,13.720000,12.973333
1.472492,13.693333,13.033334
1.472894,13.660000,12.993333
1.473296,13.606666,12.946667
1.473697,13.606666,13.026667
1.474099,13.633333,12.866666
1.474502,13.546667,12.973333
1.474903,13.559999,12.873333
1.475305,13.486667,12.860000
1.475706,13.466666,12.853333
1.476109,13.446666,12.840000
1.476510,13.446666,12.773334
1.476911,13.413334,12.793333
1.477312,13.433333,12.679999
1.477713,13.360000,12.733333
1.478114,13.373333,12.719999
1.478515,13.333333,12.733333
1.478918,13.300000,12.673333
1.479319,13.293333,12.653333
1.479720,13.206666,12.586666
1.480122,13.213333,12.593333
1.480523,13.179999,12.580000
1.480924,13.173333,12.520000
1.481326,13.133333,12.520000
1.481727,13.106667,12.506667
1.482128,13.106667,12.366667
1.482530,13.100000,12.493333
1.482931,13.066667,12.426666
1.483333,13.046666,12.540000
1.483734,12.960000,12.393332
1.484135,12.980000,12.386666
1.484537,12.940000,12.313334
1.484939,12.933333,12.320000
1.485340,12.900000,12.280000
1.485741,12.886666,12.246667
1.486142,12.893333,12.280000
1.486543,12.853333,12.259999
1.486944,12.820000,12.213333
1.487348,12.806666,12.153333
1.487749,12.733333,12.139999
1.488151,12.919999,12.120000
1.488552,12.693334,12.059999
1.488953,12.740000,12.080000
1.489354,12.700000,12.059999
1.489755,12.633333,12.006666
1.490156,12.606667,11.953333
1.490558,12.626667,12.093333
1.490960,12.559999,11.893333
1.491361,12.546666,11.733333
1.491763,12.513333,11.720000
1.492165,12.520000,11.740000
1.492568,12.486667,12.053333
1.492970,12.486667,11.833333
1.493371,12.420000,11.826667
1.493772,12.466666,11.786667
1.494173,12.413333,11.786667
1.494575,12.380000,11.720000
1.494976,12.320000,11.720000
1.495377,12.333333,11.726666
1.495780,12.219999,11.686666
1.496182,12.259999,11.599999
1.496583,12.253333,11.633333
1.496984,12.219999,11.606667
1.497386,12.126666,11.553333
1.497787,12.146667,11.453334
1.498188,12.073333,11.546666
1.498590,12.120000,11.539999
1.498991,12.059999,11.360000
1.499393,12.073333,11.453334
1.499794,11.986667,11.446667
1.500196,12.013333,11.473332
1.500598,12.026667,11.400000
1.500999,11.926666,11.373333
1.501401,11.900000,11.366667
1.501802,11.886666,11.446667
1.502203,11.879999,11.300000
1.502604,11.840000,11.300000
1.503005,11.826667,11.266666
1.503407,11.760000,11.240000
1.503808,11.773334,11.206666
1.504209,11.753333,11.180000
1.504614,11.886666,11.173333
1.505016,11.740000,11.146667
1.505417,11.673333,11.126667
1.505818,11.700000,11.099999
1.506219,11.620000,11.079999
1.506620,11.606667,11.026667
1.507021,11.599999,11.053333
1.507422,11.593333,11.053333
1.507823,11.626666,10.993334
1.508225,11.526667,11.013332
1.508627,11.446667,10.940000
1.509030,11.440000,10.900000
1.509431,11.433333,10.840000
1.509832,11.393333,10.853333
1.510234,11.366667,10.820000
1.510636,11.360000,10.773334
1.511037,11.280000,10.766666
1.511438,11.300000,10.720000
1.511840,11.286666,10.746666
1.512241,11.219999,10.666667
1.512642,11.339999,10.726666
1.513043,11.193334,10.673333
1.513445,11.146667,10.580000
1.513846,11.146667,10.639999
1.514247,11.113334,10.606667
1.514649,11.120000,10.653334
1.515050,11.093333,10.453333
1.515453,11.020000,10.533334
1.515854,11.040000,10.613333
1.516255,10.986667,10.140000
1.516657,11.006666,10.346666
1.517058,10.926667,10.460000
1.517460,10.926667,10.419999
1.517861,10.913333,10.386666
1.518262,10.853333,10.373333
1.518663,10.860000,10.333333
1.519064,10.833333,10.320000
1.519466,10.806666,10.240000
1.519867,10.759999,10.226666
1.520268,10.753333,10.260000
1.520669,10.740000,10.226666
1.521070,10.759999,10.179999
1.521471,10.840000,10.166666
1.521873,10.673333,10.146667
1.522274,10.639999,10.173333
1.522676,10.613333,10.106667
1.523078,10.600000,10.113333
1.523480,10.526667,10.093333
1.523881,10.486666,10.046666
1.524283,10.540000,10.073334
1.524684,10.460000,9.973333
1.525085,10.446667,10.320000
1.525487,10.419999,9.953333
1.525888,10.406667,9.920000
1.526289,10.380000,9.913333
1.526691,10.353333,9.940001
1.527092,10.320000,9.853333
1.527494,10.320000,9.800000
1.527895,10.219999,9.800000
1.528297,10.253333,9.786667
1.528699,10.240000,9.740000
1.529100,10.200000,9.706666
1.529501,10.173333,9.719999
1.529902,10.160000,9.686666
1.530303,10.126667,9.680000
1.530705,10.120000,9.620000
1.531106,10.080000,9.566666
1.531507,10.113333,9.713333
1.531908,10.059999,9.533333
1.532309,10.033333,9.346666
1.532711,9.973333,9.559999
1.533112,9.980000,9.506666
1.533515,9.920000,9.460000
1.533917,9.900000,9.246666
1.534318,9.926666,9.346666
1.534720,9.880000,9.346666
1.535121,9.866667,9.346666
1.535522,9.820000,9.306666
1.535923,9.793333,9.293333
1.536325,9.800000,9.266666
1.536727,9.753333,9.260000
1.537128,9.713333,9.220000
1.537530,9.753333,9.179999
1.537931,9.673333,9.166666
1.538333,9.573333,9.140000
1.538734,9.626666,9.126666
1.539135,9.626666,9.106667
1.539537,9.559999,9.080000
1.539940,9.546667,9.039999
1.540342,9.526667,9.033333
1.540743,9.473333,9.006666
1.541144,9.513333,9.099999
1.541545,9.453333,8.973332
1.541946,9.340000,8.946667
1.542348,9.346666,8.953334
1.542749,9.340000,8.906666
1.543151,9.326667,8.866667
1.543553,9.306666,8.853333
1.543956,9.273334,8.820000
1.544357,9.246666,8.813334
1.544758,9.213333,8.760000
1.545159,9.179999,8.746667
1.545560,9.179999,8.753333
1.545961,9.153334,8.706666
1.546362,9.126666,8.713333
1.546763,9.086667,8.673333
1.547164,9.120000,8.579999
1.547565,9.073333,8.613334
1.547968,8.993333,8.573333
1.548369,9.000000,8.566667
1.548770,9.033333,8.553333
1.549172,9.033333,8.566667
1.549573,8.886666,8.553333
1.549974,8.893333,8.453333
1.550375,8.773333,8.126666
1.550776,8.839999,8.400000
1.551177,8.813334,8.393332
1.551579,8.800000,8.373333
1.551981,8.773333,8.333333
1.552382,8.753333,8.340000
1.552783,8.773333,8.300000
1.553186,8.700000,8.240000
1.553588,8.666666,8.253333
1.553989,8.646667,8.220000
1.554391,8.620000,8.206666
1.554792,8.546666,8.179999
1.555194,8.560000,8.200000
1.555595,8.560000,8.053332
1.555996,8.520000,8.100000
1.556397,8.506666,8.086667
1.556800,8.526667,8.053332
1.557202,8.446666,7.960000
1.557604,8.386666,7.946667
1.558006,8.393332,8.026667
1.558408,8.393332,8.000000
1.558809,8.366667,7.953333
1.559211,8.313333,7.933333
1.559613,8.306666,7.926667
1.560014,8.273334,7.880000
1.560415,8.246666,7.860000
1.560818,8.220000,7.840000
1.561219,8.193333,7.800000
1.561621,8.213333,7.780000
1.562023,8.133333,7.780000
1.562424,8.133333,7.706666
1.562825,8.100000,7.700000
1.563226,8.086667,7.686666
1.563628,8.046666,7.673333
1.564029,8.033334,7.613333
1.564430,8.033334,7.600000
1.564832,8.000000,7.600000
1.565233,8.106667,7.566667
1.565634,7.906666,7.720000
1.566035,7.973333,7.526666
1.566436,7.873333,7.506667
1.566837,7.860000,7.453333
1.567238,7.813334,7.433333
1.567639,7.786666,7.340000
1.568040,7.793334,7.380000
1.568442,7.760000,7.380000
1.568843,7.726667,7.413333
1.569245,7.733333,7.340000
1.569646,7.686666,7.306666
1.570047,7.646666,7.293333
1.570449,7.573333,7.326666
1.570850,7.640000,7.240000
1.571252,7.566667,7.193333
1.571653,7.540000,7.200000
1.572056,7.540000,7.200000
1.572457,7.486667,7.200000
1.572858,7.540000,7.200000
1.573260,7.506667,7.080000
1.573662,7.440000,7.106667
1.574063,7.433333,7.066666
1.574464,7.400000,7.066666
1.574865,7.360000,6.986666
1.575267,7.380000,7.246666
1.575669,7.320000,6.953333
1.576070,7.313333,6.940000
1.576471,7.266667,6.940000
1.576873,7.260000,6.913333
1.577274,7.213333,6.893333
1.577676,7.186666,6.906667
1.578077,7.166667,6.813333
1.578479,7.153333,6.813333
1.578882,7.140000,6.800000
1.579283,7.100000,6.753333
1.579684,7.080000,6.700000
1.580085,7.086666,6.713333
1.580487,6.966666,6.686666
1.580889,6.993333,6.613333
1.581290,6.946667,6.653333
1.581692,6.986666,6.653333
1.582093,6.933333,6.846666
1.582495,6.900000,6.526666
1.582896,6.906667,6.740000
1.583298,6.893333,6.533333
1.583699,6.846666,6.500000
1.584100,6.820000,6.466667
1.584501,6.806667,6.473333
1.584904,6.766666,6.393333
1.585305,6.740000,6.293333
1.585707,6.780000,6.373333
1.586108,6.693333,6.326666
1.586510,6.680000,6.346667
1.586911,6.646667,6.300000
1.587313,6.640000,6.286667
1.587715,6.620000,6.273333
1.588116,6.560000,6.213333
1.588517,6.546667,6.220000
1.588920,6.520000,6.120000
1.589321,6.466667,6.193333
1.589722,6.453333,6.140000
1.590123,6.446667,6.133333
1.590524,6.393333,6.100000
1.590925,6.386667,6.253334
1.591326,6.373333,6.066667
1.591727,6.360000,6.106667
1.592130,6.360000,6.026667
1.592532,6.293333,6.000000
1.592933,6.280000,5.966666
1.593334,6.233333,5.980000
1.593736,6.220000,5.940000
1.594137,6.213333,5.920000
1.594539,6.213333,5.940000
1.594941,6.126667,5.853333
1.595342,6.226666,5.886667
1.595743,6.106667,5.820000
1.596144,6.180000,5.793334
1.596545,6.086667,5.853333
1.596946,5.966666,5.760000
1.597348,6.033333,5.746666
1.597749,6.000000,5.760000
1.598150,6.020000,5.673333
1.598551,5.960000,5.660000
1.598952,5.973333,5.033333
1.599354,5.913333,5.606667
1.599755,5.886667,5.900000
1.600157,5.946667,5.586667
1.600558,5.873333,5.566667
1.600959,5.806666,5.580000
1.601361,5.793334,5.520000
1.601762,5.753333,5.533333
1.602163,5.760000,5.413333
1.602564,5.733333,5.446666
1.602965,5.686666,5.426667
1.603367,5.673333,5.426667
1.603769,5.666667,5.406666
1.604170,5.606667,5.386667
1.604571,5.593333,5.333333
1.604973,5.620000,5.320000
1.605375,5.580000,5.320000
1.605776,5.533333,5.306666
1.606178,5.546667,5.266667
1.606580,5.493333,5.240000
1.606982,5.486667,5.240000
1.607383,5.426667,5.186666
1.607784,5.460000,5.200000
1.608185,5.420000,5.213333
1.608586,5.400000,5.153333
1.608988,5.360000,5.100000
1.609389,5.380000,5.093333
1.609792,5.333333,5.060000
1.610194,5.440000,5.060000
1.610596,5.260000,5.040000
1.610998,5.313333,5.026667
1.611401,5.240000,5.013333
1.611802,5.200000,5.000000
1.612203,5.180000,4.940000
1.612605,5.173333,4.946666
1.613006,5.160000,4.886666
1.613408,5.193333,4.893333
1.613809,5.106667,4.873333
1.614210,5.113333,4.873333
1.614612,5.060000,4.773334
1.615014,5.066667,4.826666
1.615416,5.026667,4.833333
1.615817,4.993333,4.686666
1.616218,4.940000,4.726666
1.616619,5.000000,4.713333
1.617022,4.966667,4.720000
1.617423,4.906667,4.693333
1.617825,4.913333,4.660000
1.618226,4.880000,4.660000
1.618627,4.860000,4.653333
1.619028,4.820000,4.560000
1.619429,4.893333,4.573333
1.619831,4.793333,4.553333
1.620232,4.773334,4.666667
1.620634,4.766666,4.540000
1.621035,4.746666,4.473333
1.621436,4.726666,4.480000
1.621837,4.680000,4.506667
1.622239,4.680000,4.433333
1.622641,4.660000,4.460000
1.623042,4.620000,4.526667
1.623443,4.593333,4.353333
1.623844,4.593333,3.906667
1.624245,4.540000,4.353333
1.624646,4.546667,4.500000
1.625049,4.533333,4.326666
1.625452,4.493333,4.293333
1.625853,4.486666,4.280000
1.626254,4.460000,4.260000
1.626655,4.433333,4.213334
1.627058,4.393333,4.246667
1.627459,4.413333,4.206666
1.627861,4.380000,4.013333
1.628262,4.353333,4.260000
1.628664,4.406667,4.106667
1.629065,4.333333,4.320000
1.629467,4.280000,4.260000
1.629870,4.286666,4.100000
1.630272,4.253333,4.060000
1.630673,4.266666,4.046667
1.631074,4.266666,4.046667
1.631476,4.186666,4.040000
1.631877,4.200000,4.000000
1.632278,4.166667,4.006667
1.632679,4.146667,4.020000
1.633080,4.133333,3.933333
1.633482,4.153333,3.853333
1.633883,4.080000,3.920000
1.634285,4.100000,3.886667
1.634687,4.053333,3.866667
1.635088,4.040000,3.846667
1.635489,4.020000,3.826667
1.635892,3.933333,3.746666
1.636293,3.946667,3.806666
1.636695,3.973333,3.700000
1.637096,3.880000,3.720000
1.637497,3.913333,3.713333
1.637898,3.920000,3.666667
1.638300,3.886667,3.680000
1.638701,3.886667,3.653333
1.639104,3.840000,3.586667
1.639506,3.793333,3.593333
1.639907,3.786667,3.606667
1.640309,3.820000,3.560000
1.640710,3.726667,3.660000
1.641111,3.733333,3.560000
1.641513,3.706666,3.493333
1.641914,3.666667,3.526666
1.642315,3.666667,3.486667
1.642717,3.646667,3.440000
1.643118,3.646667,3.466666
1.643520,3.620000,3.440000
1.643922,3.460000,3.433333
1.644323,3.580000,3.400000
1.644725,3.546667,3.373333
1.645126,3.493333,3.340000
1.645528,3.506667,3.380000
1.645929,3.493333,3.313333
1.646330,3.480000,3.320000
1.646731,3.460000,3.260000
1.647134,3.453333,3.260000
1.647535,3.453333,3.280000
1.647936,3.413333,3.253333
1.648337,3.386667,3.306667
1.648739,3.360000,3.186666
1.649140,3.320000,3.166667
1.649541,3.346666,3.393333
1.649943,3.293333,3.153333
1.650348,3.293333,3.146667
1.650749,3.286667,3.133333
1.651150,3.286667,3.113333
1.651551,3.240000,3.106667
1.651952,3.213333,3.046667
1.652354,3.220000,3.073333
1.652755,3.226667,3.060000
1.653156,3.133333,3.033333
1.653557,3.140000,3.120000
1.653959,3.073333,3.000000
1.654360,3.113333,3.000000
1.654761,3.113333,2.960000
1.655162,3.113333,2.980000
1.655563,3.060000,2.886667
1.655964,3.033333,2.833333
1.656366,3.033333,2.800000
1.656767,2.966666,2.873333
1.657168,2.986667,2.953333
1.657569,3.020000,2.860000
1.657972,3.000000,2.846667
1.658374,2.993333,2.813333
1.658775,2.953333,2.800000
1.659176,2.906667,2.786667
1.659577,2.926667,2.753333
1.659978,2.880000,2.773333
1.660380,2.880000,2.753333
1.660781,2.873333,2.733333
1.661183,2.866667,2.733333
1.661585,2.786667,2.680000
1.661986,2.806667,2.686666
1.662388,2.760000,2.666667
1.662789,2.766667,2.646667
1.663191,2.746667,2.613333
1.663593,2.713333,2.613333
1.663995,2.706666,2.600000
1.664396,2.700000,2.586667
1.664797,2.686666,2.573333
1.665200,2.673333,2.533333
1.665602,2.660000,2.580000
1.666003,2.633333,2.793333
1.666404,2.620000,2.506666
1.666807,2.546667,2.480000
1.667208,2.586667,2.533333
1.667611,2.546667,2.453333
1.668012,2.540000,2.426666
1.668414,2.526667,2.400000
1.668816,2.546667,2.440000
1.669217,2.500000,2.380000
1.669618,2.466667,2.400000
1.670019,2.500000,2.353333
1.670421,2.420000,2.293333
1.670822,2.473333,2.346667
1.671224,2.466667,2.300000
1.671625,2.420000,2.320000
1.672027,2.386667,2.286667
1.672430,2.373333,2.293333
1.672831,2.360000,2.246667
1.673233,2.386667,2.246667
1.673635,2.320000,2.260000
1.674036,2.280000,2.273333
1.674437,2.346667,2.313333
1.674838,2.293333,2.120000
1.675240,2.273333,2.173333
1.675642,2.260000,2.186667
1.676043,2.240000,2.153333
1.676444,2.253333,2.126667
1.676845,2.233333,2.106667
1.677246,2.180000,2.086667
1.677648,2.040000,2.093333
1.678049,2.153333,2.073333
1.678450,2.120000,2.080000
1.678852,2.153333,2.066667
1.679253,2.126667,2.053333
1.679654,2.126667,2.000000
1.680055,2.093333,1.986667
1.680456,2.073333,2.000000
1.680857,2.046667,1.940000
1.681258,2.060000,1.966667
1.681659,2.046667,2.033333
1.682060,2.040000,1.913333
1.682462,2.060000,1.906667
1.682864,2.013333,1.906667
1.683265,1.986667,1.900000
1.683666,2.000000,1.906667
1.684068,1.953333,1.913333
1.684469,1.940000,1.840000
1.684870,1.966667,1.880000
1.685272,1.913333,1.820000
1.685674,1.906667,1.800000
1.686077,1.953333,1.820000
1.686478,1.866667,1.813333
1.686880,1.886667,1.760000
1.687281,1.813333,1.740000
1.687683,1.786667,1.733333
1.688084,1.833333,1.726667
1.688486,1.820000,1.660000
1.688887,1.820000,1.733333
1.689289,1.786667,1.600000
1.689690,1.760000,1.686667
1.690091,1.746667,1.573333
1.690493,1.666667,1.660000
1.690895,1.626667,1.653333
1.691296,1.760000,1.646667
1.691697,1.680000,1.520000
1.692099,1.706667,1.586667
1.692501,1.653333,1.600000
1.692902,1.666667,1.586667
1.693303,1.640000,1.573333
1.693704,1.593333,1.560000
1.694105,1.620000,1.526667
1.694508,1.646667,1.546667
1.694909,1.586667,1.533333
1.695310,1.600000,1.600000
1.695711,1.566667,1.520000
1.696113,1.566667,1.466667
1.696515,1.566667,1.500000
1.696916,1.533333,1.586667
1.697318,1.540000,1.453333
1.697719,1.533333,1.446667
1.698120,1.553333,1.360000
1.698522,1.506667,1.420000
1.698923,1.426667,1.420000
1.699324,1.480000,1.400000
1.699725,1.453333,1.386667
1.700126,1.413333,1.380000
1.700528,1.440000,1.360000
1.700929,1.460000,1.346667
1.701331,1.386667,1.333333
1.701733,1.426667,1.320000
1.702135,1.373333,1.306667
1.702537,1.353333,1.300000
1.702938,1.380000,1.286667
1.703340,1.353333,1.266667
1.703742,1.300000,1.386667
1.704143,1.360000,1.286667
1.704545,1.300000,1.240000
1.704946,1.266667,1.300000
1.705348,1.260000,1.240000
1.705750,1.280000,1.240000
1.706151,1.286667,1.213333
1.706552,1.253333,1.206667
1.706955,1.340000,1.206667
1.707356,1.173333,1.393333
1.707757,1.220000,1.206667
1.708158,1.140000,0.946667
1.708560,1.213333,1.173333
1.708961,1.193333,1.140000
1.709362,1.186667,1.140000
1.709763,1.193333,1.173333
1.710164,1.180000,1.080000
1.710565,1.140000,1.093333
1.710966,1.146667,1.086667
1.711368,1.140000,1.113333
1.711771,1.113333,1.060000
1.712172,1.186667,1.033333
1.712574,1.086667,0.986667
1.712975,1.133333,1.040000
1.713376,1.073333,1.000000
1.713778,1.040000,0.993333
1.714180,1.046667,0.946667
1.714582,1.046667,1.033333
1.714984,1.046667,0.953333
1.715385,1.060000,0.980000
1.715786,1.106667,0.980000
1.716189,1.000000,1.006667
1.716590,1.026667,0.946667
1.716993,0.980000,1.206667
1.717395,1.000000,0.946667
1.717796,0.980000,0.946667
1.718197,0.953333,0.946667
1.718598,0.960000,0.946667
1.718999,0.953333,0.946667
1.719401,0.946667,0.946667
1.719802,0.946667,0.946667
1.720203,0.946667,0.946667
1.720604,0.946667,0.946667
1.721005,0.946667,0.946667
1.721407,0.946667,0.946667
1.721808,0.946667,0.946667
1.722209,0.946667,0.946667
1.722613,0.946667,0.946667
1.723014,0.946667,0.946667
1.723415,0.946667,0.946667
1.723816,0.946667,0.946667
1.724218,0.946667,0.946667
1.724620,0.946667,1.066667
1.725021,0.946667,0.946667
1.725422,0.946667,0.946667
1.725825,0.946667,0.946667
1.726226,0.946667,0.946667
1.726627,0.946667,0.946667
1.727028,0.946667,0.946667
1.727429,0.946667,0.946667
1.727830,0.946667,0.946667
1.728231,0.946667,0.946667
1.728633,0.946667,0.946667
1.729034,0.946667,0.946667
1.729435,0.946667,0.946667
1.729836,0.946667,0.946667
1.730238,0.946667,0.946667
1.730640,0.946667,0.946667
1.731041,0.946667,0.946667
1.731443,0.946667,0.946667
1.731844,0.946667,0.946667
1.732246,0.946667,0.946667
1.732648,0.946667,0.946667
1.733050,0.946667,0.946667
1.733451,0.946667,0.946667
1.733852,0.946667,0.946667
1.734254,0.946667,0.946667
1.734655,0.946667,0.946667
1.735058,0.946667,0.946667
1.735459,0.946667,0.946667
1.735861,0.946667,0.946667
1.736262,0.946667,0.946667
1.736663,0.946667,0.946667
1.737065,0.946667,0.946667
1.737467,0.946667,0.946667
1.737870,0.960000,0.946667
1.738272,0.946667,0.946667
1.738673,0.946667,0.946667
1.739076,0.946667,0.946667
1.739477,0.946667,0.946667
1.739878,0.946667,0.946667
1.740279,0.946667,0.946667
1.740680,0.946667,0.946667
1.741081,0.946667,0.946667
1.741483,0.946667,0.946667
1.741884,0.946667,0.946667
1.742286,0.946667,0.946667
1.742687,0.946667,0.946667
1.743088,0.946667,0.946667
1.743490,0.946667,0.946667
1.743892,0.946667,0.946667
1.744293,0.946667,0.946667
1.744694,0.946667,0.946667
1.745097,0.946667,0.946667
1.745499,0.946667,0.946667
1.745900,0.946667,0.946667
1.746301,0.946667,0.946667
1.746702,0.946667,0.946667
1.747105,0.946667,0.946667
1.747508,0.946667,0.946667
1.747911,0.946667,0.946667
1.748313,0.946667,0.946667
1.748714,0.946667,0.946667
1.749117,0.946667,0.946667
1.749519,0.946667,0.946667
1.749920,0.946667,0.946667
1.750322,0.946667,0.946667
1.750723,0.946667,0.946667
1.751124,0.946667,0.946667
1.751525,0.946667,0.946667
1.751928,0.946667,0.946667
1.752329,0.946667,0.946667
1.752731,0.946667,0.946667
1.753133,0.946667,0.946667
1.753535,0.946667,0.946667
1.753936,0.946667,0.946667
1.754338,0.946667,0.946667
1.754740,0.946667,0.946667
1.755143,0.946667,0.946667
1.755544,0.946667,0.946667
1.755945,0.946667,0.946667
1.756348,0.946667,0.946667
1.756749,0.946667,0.946667
1.757150,0.946667,0.946667
1.757551,0.946667,0.946667
1.757952,0.946667,0.946667
1.758354,0.946667,0.946667
1.758755,0.946667,0.946667
1.759157,0.946667,0.946667
1.759558,0.946667,0.946667
1.759959,0.946667,0.946667
1.760361,0.946667,0.946667
1.760762,0.946667,0.946667
1.761163,0.946667,0.946667
1.761565,0.946667,0.946667
1.761966,0.946667,0.946667
1.762368,0.946667,0.946667
1.762769,0.946667,0.946667
1.763171,0.946667,0.946667
1.763572,0.946667,0.946667
1.763974,0.946667,0.946667
1.764375,0.946667,0.946667
1.764776,0.946667,0.946667
1.765177,0.946667,0.946667
1.765579,0.946667,0.946667
1.765981,0.946667,0.946667
1.766382,0.946667,0.946667
1.766784,0.946667,0.946667
1.767185,0.946667,0.946667
1.767587,0.946667,0.946667
1.767988,0.946667,0.946667
1.768389,0.946667,0.946667
1.768792,0.946667,0.946667
1.769193,0.946667,0.946667
1.769595,0.946667,0.946667
1.769997,0.946667,0.946667
1.770398,0.946667,0.946667
1.770799,0.946667,0.946667
1.771200,0.946667,0.946667
1.771602,0.946667,0.946667
1.772005,0.946667,0.946667
1.772408,0.946667,0.946667
1.772809,0.946667,0.946667
1.773211,0.946667,0.946667
1.773612,0.946667,0.946667
1.774013,0.946667,0.946667
1.774415,0.946667,0.946667
1.774816,0.946667,0.946667
1.775217,0.946667,0.946667
1.775618,0.946667,0.946667
1.776019,0.946667,0.946667
1.776421,0.946667,0.946667
1.776822,0.946667,0.946667
1.777224,0.946667,0.946667
1.777625,0.946667,0.946667
1.778028,0.946667,0.946667
1.778429,0.946667,0.946667
1.778832,0.946667,0.946667
1.779234,0.946667,0.946667
1.779636,0.946667,0.946667
1.780037,0.946667,0.946667
1.780438,0.946667,0.946667
1.780841,0.946667,0.946667
1.781243,0.946667,0.946667
1.781645,0.946667,0.946667
1.782048,0.946667,0.946667
1.782449,0.946667,0.946667
1.782851,0.946667,0.946667
1.783252,0.946667,0.946667
1.783653,0.946667,0.946667
1.784056,0.946667,0.946667
1.784458,0.946667,0.946667
1.784859,0.946667,0.946667
1.785261,0.946667,0.946667
1.785662,0.946667,0.946667
1.786064,0.946667,0.946667
1.786467,0.946667,0.946667
1.786868,0.946667,0.946667
1.787270,0.946667,0.946667
1.787672,0.946667,0.946667
1.788073,0.946667,0.946667
1.788475,0.946667,0.946667
1.788876,0.946667,0.946667
1.789277,0.946667,0.946667
1.789679,0.946667,0.946667
1.790082,0.946667,0.946667
1.790483,0.946667,0.946667
1.790884,0.946667,0.946667
1.791286,0.946667,0.946667
1.791688,0.946667,0.946667
1.792090,0.946667,0.946667
1.792491,0.946667,0.946667
1.792892,0.946667,0.946667
1.793294,0.946667,0.946667
1.793695,0.946667,0.946667
1.794097,0.946667,0.946667
1.794498,0.946667,0.946667
1.794899,0.946667,0.946667
1.795301,0.946667,0.946667
1.795702,0.946667,0.946667
1.796103,0.946667,0.946667
1.796504,0.946667,0.946667
1.796905,0.946667,0.946667
1.797306,0.946667,0.946667
1.797707,0.946667,0.946667
1.798108,0.946667,0.946667
1.798509,0.946667,0.946667
1.798910,0.946667,0.946667
1.799312,0.946667,0.946667
1.799713,0.946667,0.946667
1.800116,0.946667,0.946667
1.800517,0.946667,0.946667
1.800918,0.946667,0.946667
1.801320,0.946667,0.946667
1.801721,0.946667,0.946667
1.802122,0.946667,0.946667
1.802523,0.946667,0.946667
1.802924,0.946667,0.946667
1.803325,0.946667,0.946667
1.803726,0.946667,0.946667
1.804127,0.946667,0.946667
1.804530,0.946667,0.946667
1.804932,0.946667,0.946667
1.805333,0.946667,0.946667
1.805735,0.946667,0.946667
1.806137,0.946667,0.946667
1.806538,0.946667,0.946667
1.806940,0.946667,0.946667
1.807341,0.946667,0.946667
1.807742,0.946667,0.946667
1.808143,0.946667,0.946667
1.808544,0.946667,0.946667
1.808945,0.946667,0.946667
1.809348,0.946667,0.946667
1.809750,0.946667,0.946667
1.810151,0.946667,0.946667
1.810552,0.946667,0.946667
1.810954,0.946667,0.946667
1.811355,0.946667,0.946667
1.811757,0.946667,0.946667
1.812158,0.946667,0.946667
1.812560,0.946667,0.946667
1.812961,0.946667,0.946667
1.813362,0.946667,0.946667
1.813763,0.946667,0.946667
1.814166,0.946667,0.946667
1.814568,0.946667,0.946667
1.814969,0.946667,0.946667
1.815370,0.946667,0.946667
1.815771,0.946667,0.946667
1.816172,0.946667,0.946667
1.816573,0.946667,0.946667
1.816975,0.946667,0.946667
1.817377,0.946667,0.946667
1.817779,0.946667,0.946667
1.818181,0.946667,0.946667
1.818583,0.946667,0.946667
1.818984,0.946667,0.946667
1.819385,0.946667,0.946667
1.819786,0.946667,0.946667
1.820187,0.946667,0.946667
1.820589,0.946667,0.946667
1.820990,0.946667,0.946667
1.821391,0.946667,0.973333
1.821793,0.946667,0.946667
1.822194,0.946667,0.946667
1.822595,0.946667,0.946667
1.822996,0.946667,0.946667
1.823399,0.946667,0.946667
1.823800,0.946667,0.946667
1.824201,0.946667,0.946667
1.824602,0.946667,0.946667
1.825003,0.946667,0.946667
1.825404,0.946667,0.946667
1.825805,0.946667,0.946667
1.826206,0.946667,0.946667
1.826607,0.946667,0.946667
1.827008,0.946667,0.946667
1.827409,0.946667,0.946667
1.827810,0.946667,0.946667
1.828211,0.946667,0.946667
1.828612,0.946667,0.946667
1.829013,0.946667,0.946667
1.829415,0.946667,0.946667
1.829817,0.946667,0.946667
1.830218,0.946667,0.946667
1.830619,0.946667,0.946667
1.831022,0.946667,0.946667
1.831424,0.946667,0.946667
1.831826,0.946667,0.946667
1.832227,0.946667,0.946667
1.832628,0.946667,0.946667
1.833030,0.946667,0.946667
1.833431,0.946667,0.946667
1.833833,0.946667,0.946667
1.834234,0.946667,0.946667
1.834635,0.946667,0.946667
1.835036,0.946667,0.946667
1.835437,0.946667,0.946667
1.835839,0.946667,0.946667
1.836240,0.946667,0.946667
1.836641,0.946667,0.946667
1.837044,0.946667,0.946667
1.837445,0.946667,0.946667
1.837846,0.946667,0.946667
1.838247,0.946667,0.946667
1.838648,0.946667,0.946667
1.839049,0.946667,0.946667
1.839450,0.946667,0.946667
1.839852,0.946667,0.946667
1.840253,0.946667,0.946667
1.840655,0.953333,0.960000
1.841058,0.953333,0.946667
1.841460,0.986667,0.946667
1.841861,0.953333,0.946667
1.842262,0.986667,0.953333
1.842664,0.960000,0.946667
1.843066,1.006667,0.960000
1.843468,1.000000,0.960000
1.843869,1.026667,0.960000
1.844271,1.020000,0.993333
1.844673,1.006667,0.973333
1.845076,1.020000,1.020000
1.845478,1.060000,1.013333
1.845881,1.040000,1.033333
1.846282,1.066667,1.033333
1.846684,1.166667,1.033333
1.847085,1.146667,1.053333
1.847487,1.066667,0.946667
1.847889,1.120000,1.086667
1.848291,1.173333,1.106667
1.848692,1.146667,1.206667
1.849093,1.133333,1.160000
1.849495,1.140000,1.113333
1.849896,1.160000,1.140000
1.850298,1.186667,1.033333
1.850699,1.193333,1.126667
1.851100,1.200000,1.140000
1.851501,1.206667,1.206667
1.851903,1.206667,1.153333
1.852305,1.260000,1.180000
1.852707,1.233333,1.206667
1.853108,1.246667,1.206667
1.853509,1.253333,1.206667
1.853910,1.233333,1.206667
1.854311,1.300000,1.193333
1.854712,1.300000,1.326667
1.855113,1.293333,1.226667
1.855515,1.300000,1.233333
1.855918,1.326667,1.133333
1.856319,1.306667,1.286667
1.856721,1.360000,1.266667
1.857122,1.433333,1.300000
1.857523,1.386667,0.960000
1.857924,1.386667,1.306667
1.858325,1.373333,1.340000
1.858727,1.386667,1.326667
1.859128,1.440000,1.326667
1.859530,1.433333,1.393333
1.859932,1.466667,1.366667
1.860334,1.466667,1.386667
1.860735,1.460000,1.413333
1.861138,1.473333,1.393333
1.861539,1.480000,1.360000
1.861942,1.506667,1.386667
1.862348,1.513333,1.486667
1.862749,1.526667,1.473333
1.863150,1.546667,1.486667
1.863552,1.553333,1.513333
1.863953,1.580000,1.520000
1.864355,1.573333,1.520000
1.864756,1.606667,1.526667
1.865157,1.613333,1.633333
1.865558,1.640000,1.800000
1.865961,1.620000,1.573333
1.866362,1.586667,1.566667
1.866763,1.633333,1.586667
1.867164,1.700000,1.573333
1.867565,1.666667,1.593333
1.867968,1.686667,1.666667
1.868370,1.713333,1.600000
1.868771,1.706667,1.646667
1.869172,1.740000,1.646667
1.869573,1.693333,1.666667
1.869975,1.793333,1.646667
1.870376,1.773333,1.660000
1.870777,1.793333,1.733333
1.871178,1.793333,1.733333
1.871580,1.806667,1.733333
1.871981,1.873333,1.740000
1.872382,1.880000,1.733333
1.872783,1.853333,1.760000
1.873184,1.860000,1.760000
1.873585,1.766667,1.753333
1.873986,1.900000,1.686667
1.874388,1.906667,1.986667
1.874789,1.906667,1.793333
1.875190,1.913333,1.806667
1.875591,1.933333,1.893333
1.875993,1.973333,2.000000
1.876395,1.973333,1.860000
1.876796,2.006667,1.906667
1.877197,1.953333,1.880000
1.877598,2.013333,1.900000
1.877999,2.046667,1.940000
1.878402,2.053333,1.966667
1.878803,2.066667,1.946667
1.879204,2.073333,1.986667
1.879605,2.093333,2.000000
1.880006,2.100000,1.980000
1.880408,2.040000,2.000000
1.880810,2.193333,2.040000
1.881211,2.166667,2.080000
1.881612,2.173333,2.080000
1.882014,2.206667,2.073333
1.882415,2.193333,2.160000
1.882816,2.226666,2.113333
1.883217,2.240000,2.433333
1.883618,2.253333,2.146667
1.884020,2.260000,2.153333
1.884421,2.260000,2.126667
1.884824,2.280000,2.173333
1.885225,2.313333,2.213333
1.885626,2.313333,2.213333
1.886027,2.333333,2.233333
1.886429,2.373333,2.246667
1.886830,2.366667,2.260000
1.887232,2.380000,2.273333
1.887633,2.386667,2.273333
1.888034,2.353333,2.246667
1.888435,2.360000,2.313333
1.888836,2.413333,2.333333
1.889238,2.460000,2.346667
1.889639,2.506666,2.346667
1.890041,2.486667,2.386667
1.890442,2.486667,2.440000
1.890843,2.493333,2.366667
1.891245,2.533333,2.433333
1.891646,2.566667,2.460000
1.892048,2.520000,2.440000
1.892449,2.580000,2.473333
1.892852,2.593333,2.433333
1.893253,2.613333,2.453333
1.893654,2.613333,2.506666
1.894056,2.633333,2.520000
1.894457,2.673333,2.560000
1.894858,2.646667,2.553333
1.895259,2.673333,2.573333
1.895660,2.706666,2.606667
1.896061,2.720000,2.613333
1.896463,2.760000,2.620000
1.896865,2.753333,2.713333
1.897266,2.740000,2.520000
1.897667,2.820000,2.520000
1.898069,2.820000,2.680000
1.898472,2.813333,2.700000
1.898873,2.846667,2.720000
1.899274,2.820000,2.693333
1.899676,2.973333,2.733333
1.900077,2.880000,2.853333
1.900479,2.893333,2.800000
1.900882,2.926667,2.893333
1.901284,2.946667,2.813333
1.901686,2.946667,2.820000
1.902089,2.933333,2.813333
1.902490,2.986667,2.866667
1.902893,2.986667,2.760000
1.903294,3.046667,2.846667
1.903696,3.066667,2.926667
1.904097,3.046667,2.946667
1.904499,3.120000,2.946667
1.904901,3.100000,2.946667
1.905302,3.120000,2.960000
1.905704,3.140000,2.993333
1.906105,3.180000,2.966666
1.906506,3.146667,3.013333
1.906907,3.146667,3.013333
1.907309,3.133333,3.073333
1.907711,3.233333,3.133333
1.908112,3.220000,3.013333
1.908514,3.160000,2.933333
1.908915,3.300000,3.146667
1.909316,3.300000,3.133333
1.909717,3.313333,3.133333
1.910118,3.346666,3.180000
1.910519,3.320000,3.193333
1.910921,3.360000,3.140000
1.911323,3.380000,3.253333
1.911725,3.406667,3.226667
1.912127,3.413333,3.220000
1.912530,3.420000,3.260000
1.912931,3.453333,3.280000
1.913333,3.473333,3.313333
1.913735,3.486667,3.326667
1.914137,3.493333,3.346666
1.914538,3.513333,3.366667
1.914941,3.546667,3.393333
1.915342,3.580000,3.400000
1.915743,3.553333,3.326667
1.916144,3.606667,3.553333
1.916546,3.566667,3.346666
1.916948,3.620000,3.480000
1.917349,3.640000,3.486667
1.917751,3.666667,3.486667
1.918152,3.686666,3.500000
1.918553,3.700000,3.546667
1.918954,3.726667,3.560000
1.919355,3.733333,3.580000
1.919756,3.780000,3.580000
1.920157,3.786667,3.646667
1.920558,3.833333,3.640000
1.920959,3.833333,3.653333
1.921360,3.806666,3.666667
1.921763,3.880000,3.673333
1.922164,3.913333,3.673333
1.922565,3.926666,3.713333
1.922966,3.933333,3.713333
1.923368,3.980000,3.746666
1.923769,3.993333,3.746666
1.924170,3.986666,3.826667
1.924571,4.013333,3.826667
1.924972,4.033333,3.826667
1.925374,4.066667,3.746666
1.925777,4.093333,3.866667
1.926178,4.100000,3.900000
1.926579,4.093333,3.920000
1.926982,4.133333,3.960000
1.927384,4.133333,3.973333
1.927786,3.920000,3.986666
1.928187,4.180000,3.960000
1.928589,4.220000,4.020000
1.928990,4.193333,3.940000
1.929391,4.273333,4.033333
1.929793,4.273333,4.080000
1.930194,4.266666,4.113333
1.930596,4.313334,4.113333
1.930997,4.326666,4.120000
1.931400,4.346667,4.140000
1.931801,4.413333,4.186666
1.932202,4.386666,4.046667
1.932603,4.400000,4.206666
1.933004,4.413333,4.246667
1.933405,4.460000,4.266666
1.933807,4.466667,4.293333
1.934208,4.253333,4.293333
1.934609,4.520000,4.306667
1.935011,4.493333,4.333333
1.935412,4.553333,4.353333
1.935814,4.573333,4.360000
1.936216,4.593333,4.360000
1.936617,4.540000,4.373333
1.937019,4.626667,4.380000
1.937421,4.660000,4.466667
1.937822,4.693333,4.460000
1.938223,4.800000,4.480000
1.938624,4.733333,4.526667
1.939025,4.760000,4.513333
1.939427,4.773334,4.540000
1.939829,4.806667,4.546667
1.940231,4.800000,4.593333
1.940633,4.806667,4.540000
1.941034,4.900000,4.606667
1.941436,4.880000,4.480000
1.941839,4.893333,4.686666
1.942240,4.886666,4.700000
1.942641,4.920000,4.720000
1.943042,4.953333,4.573333
1.943443,4.993333,4.780000
1.943844,5.026667,4.773334
1.944246,5.026667,4.786666
1.944647,5.060000,4.813333
1.945048,5.113333,4.840000
1.945449,5.080000,4.846666
1.945852,5.093333,4.833333
1.946253,5.160000,4.886666
1.946654,5.106667,4.793333
1.947055,5.166667,4.946666
1.947456,5.206666,4.980000
1.947859,5.226666,4.966667
1.948261,5.226666,4.966667
1.948663,5.240000,4.966667
1.949064,5.253333,5.060000
1.949465,5.306666,5.246666
1.949867,5.313333,5.053333
1.950268,5.360000,5.000000
1.950670,5.366667,5.060000
1.951071,5.400000,5.146667
1.951473,5.400000,5.140000
1.951874,5.413333,5.100000
1.952275,5.433333,5.206666
1.952677,5.453333,5.213333
1.953079,5.486667,5.240000
1.953481,5.513333,5.240000
1.953882,5.533333,5.253333
1.954284,5.326667,5.273333
1.954685,5.586667,5.340000
1.955087,5.600000,5.266667
1.955489,5.600000,5.153333
1.955891,5.673333,5.393333
1.956293,5.673333,5.420000
1.956694,5.693333,5.406666
1.957095,5.720000,5.426667
1.957496,5.733333,5.426667
1.957897,5.740000,5.520000
1.958298,5.746666,5.500000
1.958700,5.813333,5.539999
1.959102,5.820000,5.553333
1.959503,5.846666,5.573333
1.959904,5.893333,5.613333
1.960305,5.900000,5.373333
1.960707,5.940000,5.660000
1.961108,5.946667,5.640000
1.961509,5.946667,5.686666
1.961910,5.953333,5.726667
1.962312,6.026667,5.740000
1.962713,6.040000,5.733333
1.963114,6.060000,5.753333
1.963515,6.086667,5.766666
1.963916,6.113333,5.793334
1.964318,6.086667,5.826667
1.964719,6.140000,5.853333
1.965121,6.173333,5.873333
1.965523,6.193333,5.873333
1.965924,6.200000,6.013333
1.966326,6.253334,5.873333
1.966728,6.260000,6.133333
1.967129,6.320000,5.953333
1.967530,6.300000,6.026667
1.967931,6.326666,6.033333
1.968333,6.340000,6.066667
1.968735,6.500000,6.066667
1.969137,6.400000,6.113333
1.969538,6.440000,6.133333
1.969939,6.460000,6.126667
1.970341,6.460000,6.146667
1.970742,6.460000,6.166667
1.971143,6.533333,6.173333
1.971544,6.546667,6.373333
1.971946,6.593333,6.280000
1.972348,6.626667,6.253334
1.972749,6.686666,6.280000
1.973150,6.606667,6.433333
1.973551,6.726666,6.293333
1.973952,6.713333,6.373333
1.974354,6.720000,6.373333
1.974755,6.753333,6.640000
1.975156,6.786666,6.413333
1.975558,6.846666,6.466667
1.975959,6.820000,6.466667
1.976360,6.840000,6.500000
1.976763,6.893333,6.526666
1.977165,6.920000,6.533333
1.977567,6.933333,6.600000
1.977968,6.953333,6.620000
1.978370,6.973333,6.546667
1.978771,6.993333,6.660000
1.979172,7.013333,6.700000
1.979574,7.040000,6.686666
1.979976,7.066666,6.713333
1.980378,7.086666,6.793334
1.980780,7.140000,6.753333
1.981182,7.166667,6.793334
1.981583,7.166667,6.826667
1.981984,7.180000,6.813333
1.982386,7.266667,6.920000
1.982789,7.233334,6.853333
1.983190,7.280000,6.900000
1.983591,7.266667,7.200000
1.983992,7.273333,6.806667
1.984394,7.340000,6.960000
1.984795,7.360000,6.993333
1.985196,7.333333,7.066666
1.985597,7.413333,7.073333
1.985998,7.406666,7.046667
1.986401,7.466667,7.026667
1.986802,7.486667,7.106667
1.987203,7.506667,7.153333
1.987605,7.513333,7.173333
1.988008,7.540000,7.186666
1.988409,7.593334,7.113333
1.988810,7.600000,7.226666
1.989212,7.606667,7.226666
1.989613,7.640000,7.286667
1.990014,7.666667,7.320000
1.990415,7.693334,7.340000
1.990816,7.653333,7.340000
1.991218,7.746666,7.293333
1.991620,7.780000,7.413333
1.992021,7.806666,7.413333
1.992423,7.826667,7.440000
1.992824,7.853333,7.473333
1.993225,7.860000,7.500000
1.993626,7.880000,7.493333
1.994028,7.886666,7.533333
1.994429,7.940000,7.566667
1.994830,8.033334,7.566667
1.995232,7.993333,7.626667
1.995633,8.033334,7.660000
1.996035,8.040000,7.600000
1.996436,8.046666,7.553333
1.996837,8.106667,7.713333
1.997239,8.106667,7.686666
1.997640,8.126666,7.746666
1.998041,8.160000,7.740000
1.998442,8.193333,7.806666
1.998843,8.200000,7.793334
1.999244,8.233334,7.620000
1.999646,8.253333,7.900000
2.000047,8.240000,7.953333
2.000449,8.460000,7.920000
2.000850,8.346666,7.953333
2.001252,8.373333,7.960000
2.001653,8.413333,7.993333
2.002054,8.400000,8.000000
2.002456,8.406667,8.020000
2.002857,8.473333,8.046666
2.003258,8.500000,7.946667
2.003660,8.466666,8.086667
2.004062,8.566667,8.113333
2.004463,8.560000,8.093333
2.004864,8.566667,8.200000
2.005265,8.599999,8.179999
2.005667,8.660000,8.206666
2.006068,8.660000,8.186666
2.006469,8.686666,8.280000
2.006871,8.719999,8.273334
