0.000000,18.146666,17.333332
0.000401,18.153334,17.333332
0.000802,18.160000,17.380001
0.001203,18.166666,17.333332
0.001604,18.240000,17.393333
0.002005,18.213333,17.419998
0.002407,18.226665,17.419998
0.002808,18.226665,17.400000
0.003209,18.233332,17.473333
0.003610,18.260000,17.459999
0.004011,18.326666,17.480000
0.004413,18.253332,17.473333
0.004814,18.293333,17.506666
0.005215,18.306667,17.500000
0.005616,18.366667,17.500000
0.006018,18.353333,17.526667
0.006419,18.366667,17.520000
0.006820,18.353333,17.539999
0.007221,18.346666,17.539999
0.007622,18.379999,17.539999
0.008023,18.379999,17.586666
0.008424,18.406666,17.619999
0.008826,18.393333,17.619999
0.009227,18.406666,17.619999
0.009628,18.426666,17.613333
0.010030,18.466665,17.679998
0.010431,18.480000,17.699999
0.010833,18.459999,17.673332
0.011234,18.539999,17.719999
0.011635,18.506666,17.719999
0.012036,18.480000,17.693333
0.012438,18.500000,17.746666
0.012840,18.526667,17.713333
0.013241,18.520000,17.686666
0.013643,18.520000,17.760000
0.014044,18.580000,17.746666
0.014445,18.700001,17.760000
0.014847,18.573334,17.766666
0.015248,18.606665,17.793333
0.015649,18.613333,17.813332
0.016050,18.633333,17.886667
0.016452,18.626665,17.806665
0.016854,18.666666,17.820000
0.017255,18.666666,17.873333
0.017657,18.666666,17.840000
0.018058,18.666666,17.873333
0.018460,18.666666,17.879999
0.018861,18.700001,17.893333
0.019262,18.706667,17.886667
0.019664,18.726665,17.886667
0.020065,18.733332,17.886667
0.020466,18.746666,17.926666
0.020868,18.753332,17.906668
0.021269,18.686666,17.906668
0.021670,18.766666,17.953333
0.022072,18.799999,17.973333
0.022473,18.766666,18.079998
0.022875,18.813334,17.906668
0.023276,18.826666,18.006666
0.023677,18.846666,18.000000
0.024080,18.853333,18.046667
0.024481,18.840000,18.020000
0.024882,18.859999,18.020000
0.025283,18.853333,18.020000
0.025684,18.873333,18.073332
0.026086,18.873333,18.040001
0.026488,18.886665,18.079998
0.026890,18.893333,18.046667
0.027291,18.879999,18.073332
0.027692,18.920000,18.099998
0.028093,18.926666,18.099998
0.028495,18.946667,18.119999
0.028897,18.946667,18.093332
0.029298,19.019999,18.133333
0.029699,18.980000,18.146666
0.030100,18.973333,18.139999
0.030501,18.993332,18.153334
0.030904,18.999998,18.086666
0.031305,19.006666,18.160000
0.031706,19.013332,18.160000
0.032108,18.999998,18.166666
0.032509,19.026667,18.206665
0.032910,19.059999,18.219999
0.033312,19.046667,18.273333
0.033713,19.039999,18.213333
0.034115,19.053333,18.180000
0.034516,19.086666,18.213333
0.034917,19.086666,18.273333
0.035318,19.106667,18.266666
0.035720,19.080000,18.266666
0.036121,19.033333,18.180000
0.036523,19.139999,18.213333
0.036925,19.119999,18.273333
0.037326,19.133331,18.273333
0.037728,19.133331,18.306667
0.038129,19.119999,18.286667
0.038530,19.166666,18.293333
0.038932,19.126665,18.286667
0.039333,19.166666,18.339998
0.039734,19.200001,18.286667
0.040135,19.180000,18.273333
0.040536,19.279999,18.286667
0.040937,19.219999,18.353333
0.041338,19.226667,18.379999
0.041740,19.226667,18.393333
0.042141,19.240000,18.400000
0.042542,19.279999,18.366667
0.042943,19.293333,18.386665
0.043344,19.266666,18.393333
0.043746,19.293333,18.393333
0.044148,19.259998,18.520000
0.044549,19.279999,18.453333
0.044950,19.286665,18.426666
0.045351,19.266666,18.526667
0.045753,19.266666,18.459999
0.046155,19.286665,18.506666
0.046556,19.293333,18.459999
0.046957,19.326666,18.466665
0.047358,19.340000,18.440001
0.047760,19.340000,18.480000
0.048162,19.340000,18.480000
0.048563,19.360001,18.626665
0.048964,19.326666,18.520000
0.049365,19.366667,18.500000
0.049767,19.360001,18.506666
0.050168,19.373333,18.526667
0.050569,19.379999,18.520000
0.050971,19.353334,18.526667
0.051372,19.373333,18.513332
0.051773,19.406666,18.546667
0.052174,19.406666,18.533333
0.052575,19.420000,18.580000
0.052977,19.413332,18.553333
0.053378,19.439999,18.553333
0.053780,19.406666,18.580000
0.054181,19.426666,18.580000
0.054582,19.493334,18.613333
0.054983,19.453333,18.580000
0.055384,19.439999,18.586666
0.055786,19.533333,18.599998
0.056187,19.500000,18.680000
0.056588,19.459999,18.613333
0.056989,19.433332,18.646666
0.057391,19.473333,18.639999
0.057793,19.480000,18.639999
0.058194,19.480000,18.639999
0.058595,19.480000,18.626665
0.058997,19.533333,18.646666
0.059398,19.539999,18.639999
0.059800,19.493334,18.719999
0.060201,19.539999,18.933332
0.060602,19.539999,18.646666
0.061003,19.573334,18.666666
0.061404,19.559999,18.666666
0.061806,19.553333,18.660000
0.062208,19.580000,18.966667
0.062609,19.573334,18.686666
0.063011,19.573334,18.673334
0.063412,19.580000,18.700001
0.063813,19.606667,18.746666
0.064214,19.559999,18.706667
0.064615,19.519999,18.653334
0.065016,19.586666,18.713333
0.065418,19.606667,18.686666
0.065820,19.600000,18.726665
0.066221,19.613333,18.726665
0.066622,19.620001,18.693333
0.067023,19.633333,18.753332
0.067424,19.626667,18.759998
0.067826,19.626667,18.686666
0.068227,19.626667,18.713333
0.068629,19.666666,18.766666
0.069030,19.659998,18.746666
0.069432,19.673332,18.753332
0.069834,19.646666,18.746666
0.070236,19.620001,18.766666
0.070638,19.653332,18.759998
0.071040,19.659998,18.766666
0.071441,19.653332,18.779999
0.071842,19.666666,18.779999
0.072243,19.679998,18.779999
0.072644,19.573334,18.793333
0.073046,19.646666,18.779999
0.073447,19.693333,18.786667
0.073849,19.686666,18.686666
0.074250,19.766666,18.833334
0.074652,19.686666,18.779999
0.075053,19.693333,18.793333
0.075455,19.693333,18.813334
0.075856,19.686666,18.793333
0.076257,19.639999,18.859999
0.076659,19.693333,18.820000
0.077061,19.686666,18.859999
0.077462,19.706667,18.813334
0.077863,19.693333,18.820000
0.078265,19.740000,18.826666
0.078666,19.733334,18.793333
0.079067,19.766666,18.879999
0.079468,19.686666,19.139999
0.079869,19.686666,18.813334
0.080271,19.726667,18.859999
0.080672,19.733334,18.866665
0.081073,19.733334,18.840000
0.081474,19.740000,18.786667
0.081875,19.746666,18.873333
0.082277,19.740000,18.853333
0.082678,19.753334,18.846666
0.083080,19.773333,18.833334
0.083482,19.779999,18.846666
0.083883,19.746666,18.833334
0.084284,19.760000,18.873333
0.084685,19.733334,18.873333
0.085087,19.740000,18.866665
0.085488,19.766666,18.866665
0.085890,19.746666,18.879999
0.086291,19.786665,18.879999
0.086692,19.786665,18.886665
0.087093,19.806665,18.873333
0.087494,19.773333,18.879999
0.087895,19.786665,18.879999
0.088297,19.779999,18.879999
0.088699,19.793333,18.873333
0.089100,19.726667,18.886665
0.089501,19.733334,18.619999
0.089903,19.706667,18.879999
0.090304,19.766666,18.879999
0.090705,19.806665,18.906666
0.091106,19.919998,18.879999
0.091507,19.793333,18.906666
0.091909,19.779999,18.886665
0.092310,19.793333,18.879999
0.092712,19.786665,18.879999
0.093114,19.779999,18.873333
0.093515,19.753334,18.879999
0.093916,19.766666,18.886665
0.094317,19.766666,18.886665
0.094719,19.773333,18.893333
0.095121,19.806665,18.966667
0.095522,19.786665,18.879999
0.095923,19.779999,18.873333
0.096324,19.813332,18.886665
0.096725,19.786665,18.826666
0.097126,19.779999,18.859999
0.097527,19.786665,19.086666
0.097928,19.786665,19.166666
0.098329,19.773333,18.826666
0.098731,19.793333,18.766666
0.099133,19.779999,18.953333
0.099534,19.786665,18.879999
0.099936,19.786665,18.926666
0.100337,19.793333,18.879999
0.100738,19.773333,18.879999
0.101140,19.786665,18.853333
0.101542,19.793333,18.906666
0.101943,19.799999,18.946667
0.102344,19.799999,18.879999
0.102745,19.773333,18.886665
0.103147,19.813332,18.893333
0.103548,19.793333,18.879999
0.103949,19.786665,18.900000
0.104350,19.786665,18.886665
0.104752,19.760000,18.980000
0.105154,19.760000,18.873333
0.105555,19.813332,18.879999
0.105957,19.786665,18.879999
0.106358,19.786665,18.826666
0.106759,19.760000,18.859999
0.107161,19.746666,18.873333
0.107562,19.779999,18.879999
0.107964,19.786665,18.879999
0.108365,19.746666,18.866665
0.108767,19.760000,18.879999
0.109168,19.733334,18.879999
0.109570,19.786665,18.879999
0.109971,19.746666,18.859999
0.110372,19.746666,18.866665
0.110773,19.746666,18.766666
0.111174,19.799999,18.873333
0.111575,19.779999,18.946667
0.111976,19.740000,18.840000
0.112377,19.760000,18.859999
0.112779,19.746666,18.853333
0.113180,19.666666,18.840000
0.113582,19.740000,18.820000
0.113983,19.706667,18.853333
0.114384,19.726667,18.539999
0.114786,19.733334,18.753332
0.115187,19.719999,18.980000
0.115588,19.686666,18.820000
0.115990,19.706667,18.826666
0.116393,19.733334,18.826666
0.116794,19.726667,18.813334
0.117196,19.713333,18.813334
0.117598,19.726667,18.826666
0.118000,19.713333,18.813334
0.118401,19.733334,18.820000
0.118802,19.726667,18.793333
0.119203,19.646666,18.799999
0.119605,19.573334,18.799999
0.120007,19.760000,18.613333
0.120409,19.699999,18.786667
0.120811,19.686666,18.773333
0.121212,19.699999,18.793333
0.121613,19.673332,18.779999
0.122015,19.666666,18.793333
0.122417,19.666666,18.779999
0.122819,19.653332,18.759998
0.123220,19.633333,18.766666
0.123621,19.673332,18.866665
0.124022,19.620001,18.759998
0.124423,19.673332,18.766666
0.124824,19.639999,18.759998
0.125226,19.620001,18.646666
0.125627,19.659998,18.766666
0.126029,19.646666,18.719999
0.126430,19.653332,18.740000
0.126831,19.626667,18.726665
0.127232,19.659998,18.759998
0.127634,19.626667,18.713333
0.128036,19.633333,18.733332
0.128437,19.539999,18.719999
0.128839,19.639999,18.706667
0.129240,19.606667,18.733332
0.129641,19.600000,18.733332
0.130046,19.600000,18.713333
0.130447,19.573334,18.693333
0.130848,19.600000,18.626665
0.131249,19.533333,18.686666
0.131650,19.553333,18.740000
0.132051,19.539999,18.653334
0.132453,19.580000,18.713333
0.132854,19.559999,18.653334
0.133255,19.580000,18.673334
0.133657,19.559999,18.673334
0.134059,19.559999,18.673334
0.134461,19.559999,18.653334
0.134862,19.546665,18.626665
0.135263,19.533333,18.646666
0.135665,19.480000,18.639999
0.136066,19.480000,18.713333
0.136467,19.506666,18.646666
0.136869,19.539999,18.646666
0.137271,19.533333,18.606665
0.137672,19.473333,18.626665
0.138074,19.526665,18.606665
0.138475,19.473333,18.599998
0.138876,19.466667,18.553333
0.139277,19.439999,18.653334
0.139678,19.486668,18.553333
0.140079,19.439999,18.599998
0.140480,19.480000,18.486666
0.140882,19.506666,18.273333
0.141283,19.433332,18.586666
0.141684,19.420000,18.553333
0.142086,19.420000,18.553333
0.142487,19.420000,18.553333
0.142888,19.420000,18.533333
0.143289,19.413332,18.539999
0.143691,19.373333,18.526667
0.144092,19.306665,18.573334
0.144493,19.433332,18.526667
0.144895,19.360001,18.486666
0.145296,19.360001,18.506666
0.145697,19.353334,18.520000
0.146099,19.346666,18.586666
0.146501,19.340000,18.486666
0.146903,19.326666,18.520000
0.147306,19.253332,18.473331
0.147707,19.326666,18.480000
0.148109,19.346666,18.406666
0.148510,19.326666,18.446667
0.148912,19.320000,18.379999
0.149313,19.279999,18.446667
0.149714,19.293333,18.440001
0.150115,19.273333,18.446667
0.150516,19.279999,18.426666
0.150917,19.240000,18.400000
0.151319,19.246666,18.420000
0.151720,19.233334,18.413334
0.152121,19.246666,18.406666
0.152522,19.253332,18.400000
0.152924,19.246666,18.379999
0.153325,19.233334,18.400000
0.153727,19.200001,18.359999
0.154128,19.213333,18.353333
0.154530,19.206667,18.346666
0.154931,19.200001,18.333332
0.155333,19.213333,18.339998
0.155734,19.166666,18.266666
0.156135,19.100000,18.459999
0.156536,19.173332,18.240000
0.156938,19.146666,18.573334
0.157340,19.133331,18.359999
0.157741,19.139999,18.286667
0.158143,19.113333,18.273333
0.158544,19.113333,18.273333
0.158945,19.106667,18.226665
0.159347,19.100000,18.266666
0.159748,19.080000,18.206665
0.160150,19.086666,18.246666
0.160551,19.086666,18.133333
0.160953,19.093334,18.233332
0.161354,19.053333,18.206665
0.161755,19.039999,18.226665
0.162156,19.066666,18.213333
0.162557,19.046667,18.186666
0.162959,19.006666,18.240000
0.163360,18.999998,18.186666
0.163761,19.006666,18.166666
0.164163,18.940001,18.160000
0.164564,18.986666,18.459999
0.164965,19.039999,18.126667
0.165367,18.966667,18.126667
0.165768,18.966667,18.146666
0.166170,18.926666,18.119999
0.166572,18.933332,18.113333
0.166973,18.920000,18.099998
0.167375,18.906666,18.099998
0.167779,18.913332,18.079998
0.168180,18.879999,18.066666
0.168581,18.879999,18.099998
0.168982,18.873333,18.033333
0.169383,18.866665,18.086666
0.169785,18.853333,18.020000
0.170186,18.846666,18.006666
0.170587,18.840000,18.020000
0.170989,18.799999,18.033333
0.171390,18.820000,18.000000
0.171792,18.820000,17.953333
0.172193,18.766666,17.980000
0.172594,18.779999,17.946665
0.172996,18.759998,17.920000
0.173397,18.746666,17.939999
0.173799,18.759998,17.926666
0.174200,18.753332,17.926666
0.174601,18.719999,17.833332
0.175003,18.686666,17.859999
0.175404,18.719999,17.893333
0.175806,18.666666,17.886667
0.176207,18.700001,17.886667
0.176608,18.660000,17.859999
0.177009,18.666666,17.840000
0.177411,18.666666,17.873333
0.177813,18.646666,17.886667
0.178214,18.673334,17.826666
0.178615,18.633333,17.826666
0.179017,18.593332,17.799999
0.179418,18.586666,17.773333
0.179820,18.359999,17.799999
0.180221,18.480000,17.766666
0.180622,18.559999,17.820000
0.181024,18.586666,17.746666
0.181425,18.580000,17.746666
0.181827,18.553333,17.746666
0.182230,18.553333,17.699999
0.182633,18.513332,17.713333
0.183035,18.513332,17.699999
0.183436,18.500000,17.679998
0.183838,18.400000,17.699999
0.184240,18.466665,17.686666
0.184641,18.440001,17.619999
0.185043,18.480000,17.686666
0.185444,18.413334,17.639999
0.185847,18.420000,17.613333
0.186248,18.393333,17.593332
0.186650,18.386665,17.613333
0.187051,18.379999,17.539999
0.187452,18.373333,17.539999
0.187853,18.373333,17.586666
0.188254,18.320000,17.539999
0.188656,18.326666,17.513334
0.189058,18.326666,17.539999
0.189459,18.313334,17.513334
0.189861,18.266666,17.486666
0.190262,18.260000,17.473333
0.190665,18.240000,17.500000
0.191066,18.266666,17.473333
0.191467,18.260000,17.446667
0.191868,18.213333,17.459999
0.192269,18.213333,17.419998
0.192670,18.206665,17.393333
0.193071,18.186666,17.386667
0.193473,18.199999,17.386667
0.193875,18.173334,17.366667
0.194276,18.160000,17.353333
0.194678,18.153334,17.340000
0.195079,18.139999,17.333332
0.195480,18.133333,17.333332
0.195882,18.040001,17.333332
0.196283,18.093332,17.313332
0.196685,18.073332,17.286665
0.197086,18.040001,17.279999
0.197487,18.073332,17.333332
0.197888,18.079998,16.946667
0.198289,18.040001,17.226667
0.198691,18.013332,17.333332
0.199092,18.006666,17.226667
0.199493,18.006666,17.219999
0.199895,18.040001,17.193333
0.200296,17.966665,17.186666
0.200697,17.946665,17.146666
0.201098,17.939999,17.126667
0.201499,17.906668,17.126667
0.201900,17.933332,17.059999
0.202301,17.893333,17.106667
0.202702,17.886667,16.926666
0.203103,17.833332,17.086666
0.203504,17.853333,17.059999
0.203905,17.859999,17.073334
0.204306,17.740000,17.039999
0.204707,17.813332,17.013332
0.205108,17.753334,17.039999
0.205510,17.799999,17.026665
0.205912,17.826666,16.920000
0.206313,17.773333,16.986668
0.206715,17.746666,16.953333
0.207117,17.746666,16.959999
0.207518,17.733334,16.953333
0.207920,17.679998,16.939999
0.208321,17.699999,16.913332
0.208722,17.686666,16.906666
0.209123,17.646667,16.926666
0.209524,17.666666,16.879999
0.209926,17.633333,16.833334
0.210327,17.619999,17.059999
0.210728,17.600000,16.900000
0.211129,17.600000,16.846666
0.211530,17.566666,16.793333
0.211932,17.506666,16.786665
0.212333,17.559999,16.853334
0.212734,17.506666,16.786665
0.213135,17.506666,16.786665
0.213537,17.473333,16.773333
0.213938,17.473333,16.740000
0.214340,17.459999,16.733334
0.214741,17.413332,16.759998
0.215143,17.419998,16.786665
0.215545,17.406666,16.746666
0.215947,17.386667,16.673332
0.216348,17.360001,16.653332
0.216750,17.340000,16.619999
0.217151,17.333332,16.593334
0.217552,17.333332,16.786665
0.217954,17.320000,16.553333
0.218356,17.320000,16.586666
0.218757,17.246666,16.586666
0.219158,17.279999,16.546667
0.219559,17.266666,16.539999
0.219960,17.240000,16.559999
0.220362,17.233334,16.713333
0.220764,17.186666,16.446667
0.221165,17.186666,16.526667
0.221566,17.199999,16.420000
0.221968,17.166666,16.420000
0.222370,17.139999,16.526667
0.222771,17.133333,16.193333
0.223172,17.080000,16.433332
0.223573,17.086666,16.386665
0.223975,17.066666,16.286667
0.224376,17.053333,16.413332
0.224780,17.053333,16.279999
0.225181,17.066666,16.266666
0.225582,17.019999,16.253332
0.225983,17.066666,16.246666
0.226384,16.973333,16.246666
0.226786,16.986668,16.193333
0.227188,16.973333,16.180000
0.227590,16.953333,16.133333
0.227992,16.906666,16.126665
0.228394,16.986668,16.093332
0.228796,16.906666,16.113333
0.229197,16.873333,16.099998
0.229598,16.879999,16.086666
0.230000,16.900000,16.066668
0.230401,16.846666,16.046667
0.230802,16.820000,16.006666
0.231204,16.820000,16.033333
0.231605,16.866667,15.980000
0.232007,16.779999,15.980000
0.232408,16.786665,15.906666
0.232810,16.759998,15.946666
0.233211,16.733334,15.926666
0.233613,16.713333,15.913334
0.234015,16.680000,15.900000
0.234417,16.680000,15.853333
0.234819,16.653332,15.846667
0.235221,16.626665,15.826667
0.235622,16.613333,15.806666
0.236023,16.619999,15.873333
0.236424,16.613333,15.799999
0.236826,16.593334,15.753332
0.237227,16.586666,15.639999
0.237628,16.546667,15.720000
0.238029,16.513332,15.700000
0.238431,16.686666,15.713334
0.238833,16.513332,15.666666
0.239234,16.406666,15.646666
0.239635,16.446667,15.633333
0.240037,16.400000,15.426665
0.240438,16.420000,15.573333
0.240840,16.379999,15.553332
0.241241,16.340000,15.520000
0.241642,16.333334,15.533333
0.242044,16.320000,15.513332
0.242446,16.299999,15.486666
0.242847,16.266666,15.486666
0.243248,16.259998,15.453334
0.243650,16.259998,15.426665
0.244051,16.186666,15.333333
0.244452,16.153334,15.313333
0.244853,16.166666,15.393333
0.245254,16.160000,15.366667
0.245655,16.133333,15.366667
0.246056,16.106665,15.306666
0.246457,16.053333,15.306666
0.246859,16.080000,15.306666
0.247262,16.046667,15.260000
0.247663,15.933333,15.219999
0.248065,15.980000,15.159999
0.248466,15.953332,15.193334
0.248868,15.846667,15.166667
0.249269,15.946666,15.173333
0.249670,15.893333,15.113333
0.250072,15.893333,15.113333
0.250473,15.860000,14.953333
0.250874,15.846667,14.953333
0.251275,15.799999,15.106667
0.251677,15.793333,15.073333
0.252078,15.780001,14.953333
0.252479,15.760000,14.953333
0.252881,15.726666,14.953333
0.253282,15.786667,14.940000
0.253685,15.686666,14.906667
0.254086,15.686666,14.873333
0.254487,15.633333,14.873333
0.254888,15.626667,14.926667
0.255289,15.619999,14.846666
0.255690,15.599999,14.833332
0.256091,15.533333,14.773334
0.256492,15.540000,14.780000
0.256894,15.573333,14.813333
0.257295,15.513332,14.780000
0.257697,15.460000,14.693333
0.258099,15.453334,14.693333
0.258500,15.426665,14.693333
0.258902,15.433333,14.766665
0.259303,15.393333,14.813333
0.259704,15.146667,14.580000
0.260106,15.413333,14.620000
0.260509,15.340000,14.573334
0.260910,15.306666,14.520000
0.261311,15.326667,14.506667
0.261713,15.266666,14.520000
0.262114,15.226665,14.520000
0.262515,15.246666,14.493333
0.262916,15.206666,14.600000
0.263317,15.193334,14.473333
0.263719,15.193334,14.446667
0.264120,15.126667,14.373332
0.264522,15.133333,14.353333
0.264923,15.106667,14.353333
0.265324,15.066667,14.353333
0.265726,15.100000,14.313334
0.266127,14.953333,14.146667
0.266529,14.953333,14.266667
0.266931,14.953333,14.266667
0.267332,14.913333,14.200001
0.267733,14.913333,14.233333
0.268134,14.880000,14.173332
0.268536,14.906667,14.173332
0.268937,14.899999,14.173332
0.269338,14.826666,14.153333
0.269739,14.800000,14.099999
0.270141,14.786666,13.966666
0.270542,14.753333,14.053333
0.270943,14.746666,14.026667
0.271346,14.713333,14.053333
0.271747,14.693333,13.999999
0.272148,14.693333,13.820000
0.272549,14.666667,13.993333
0.272950,14.626666,13.960000
0.273352,14.573334,13.946667
0.273753,14.593332,13.900000
0.274154,14.573334,13.886666
0.274555,14.506667,13.873334
0.274956,14.513333,13.826666
0.275357,14.466667,13.813334
0.275759,14.486667,13.773333
0.276161,14.453333,13.746667
0.276562,14.439999,13.766666
0.276964,14.413333,13.746667
0.277365,14.400001,13.713332
0.277766,14.360000,13.693333
0.278168,14.346666,13.653334
0.278569,14.320000,13.660000
0.278971,14.299999,13.686666
0.279372,14.273334,13.639999
0.279773,14.266667,13.559999
0.280175,14.219999,13.593333
0.280576,14.213333,13.593333
0.280978,14.120000,13.639999
0.281380,14.153333,13.500000
0.281781,14.146667,13.526667
0.282184,14.140000,13.453332
0.282586,14.099999,13.420000
0.282987,14.066666,13.386665
0.283388,14.039999,13.393333
0.283789,13.999999,13.346667
0.284190,14.013333,13.346667
0.284592,13.960000,13.300000
0.284994,13.986667,13.300000
0.285395,13.940001,13.273334
0.285796,13.913332,13.266666
0.286199,13.900000,13.246666
0.286600,13.866666,13.233334
0.287002,13.826666,13.186666
0.287403,13.833333,13.200000
0.287805,13.813334,13.126666
0.288206,13.839999,13.120000
0.288607,13.733333,13.113333
0.289009,13.713332,13.066667
0.289410,13.793333,13.046666
0.289812,13.673334,13.013333
0.290213,13.666666,13.200000
0.290614,13.573333,12.993333
0.291015,13.639999,12.980000
0.291416,13.586667,12.913333
0.291818,13.546667,12.919999
0.292219,13.506666,12.926666
0.292621,13.500000,12.886666
0.293023,13.473332,12.793333
0.293424,13.506666,12.860000
0.293826,13.446666,12.773334
0.294227,13.446666,12.806666
0.294629,13.406666,12.773334
0.295030,13.379999,12.766666
0.295431,13.360000,12.733333
0.295833,13.320000,12.713333
0.296234,13.326666,12.666666
0.296637,13.253333,12.593333
0.297038,13.253333,12.620000
0.297439,13.220000,12.593333
0.297840,13.213333,12.913333
0.298241,13.193333,12.533333
0.298643,13.240000,12.566667
0.299045,13.126666,12.933333
0.299446,13.126666,12.506667
0.299847,13.120000,12.506667
0.300248,13.080000,12.380000
0.300650,13.033334,12.486667
0.301051,13.033334,12.306666
0.301452,12.966667,12.386666
0.301854,12.986666,12.306666
0.302256,12.933333,12.339999
0.302658,13.040000,12.366667
0.303059,12.873333,12.246667
0.303460,12.846666,12.280000
0.303861,12.846666,12.240000
0.304262,12.793333,12.306666
0.304664,12.813334,12.246667
0.305065,12.799999,12.213333
0.305466,12.766666,12.186666
0.305867,12.760000,12.193333
0.306269,12.733333,12.273333
0.306670,12.673333,12.093333
0.307071,12.640000,12.053333
0.307472,12.573334,11.993333
0.307874,12.620000,12.013333
0.308275,12.586666,11.953333
0.308677,12.620000,11.946667
0.309078,12.553333,11.920000
0.309479,12.513333,11.893333
0.309881,12.500000,11.893333
0.310283,12.466666,11.893333
0.310684,12.406666,11.820000
0.311086,12.413333,11.813333
0.311488,12.406666,11.746666
0.311890,12.380000,11.753333
0.312291,12.406666,11.726666
0.312692,12.333333,11.700000
0.313093,12.326666,11.700000
0.313494,12.259999,11.666666
0.313895,12.226666,11.646667
0.314297,12.240000,11.640000
0.314699,12.166667,11.599999
0.315101,12.233334,11.573333
0.315502,12.120000,11.539999
0.315903,12.073333,11.553333
0.316305,12.120000,11.513333
0.316706,12.066666,11.473332
0.317108,12.059999,11.513333
0.317509,11.993333,11.420000
0.317910,12.006666,11.406666
0.318311,11.966666,11.426666
0.318712,11.946667,11.393333
0.319113,11.900000,11.226666
0.319514,11.866666,11.300000
0.319915,11.873333,11.286666
0.320317,11.853333,11.300000
0.320718,11.860000,11.233333
0.321120,11.826667,11.366667
0.321521,11.786667,11.226666
0.321922,11.806666,11.186666
0.322325,11.720000,11.146667
0.322726,11.679999,11.180000
0.323127,11.620000,11.160000
0.323528,11.673333,11.000000
0.323931,11.620000,11.033333
0.324333,11.539999,11.020000
0.324734,11.566667,11.020000
0.325135,11.586667,10.966666
0.325537,11.533333,11.000000
0.325938,11.506666,10.920000
0.326339,11.466666,10.946666
0.326741,11.440000,10.900000
0.327142,11.420000,10.853333
0.327543,11.373333,10.840000
0.327944,11.346666,10.813333
0.328345,11.366667,10.786667
0.328747,11.320000,10.780000
0.329149,11.246667,10.786667
0.329550,11.240000,10.706666
0.329951,11.240000,10.746666
0.330354,11.206666,10.700000
0.330755,11.233333,10.653334
0.331156,11.099999,10.626666
0.331557,11.166666,10.606667
0.331958,11.099999,10.586667
0.332360,11.146667,10.606667
0.332761,11.079999,10.566667
0.333162,11.040000,10.493333
0.333563,11.033333,10.506666
0.333964,11.020000,10.493333
0.334365,10.980000,10.466667
0.334766,10.946666,10.380000
0.335167,10.980000,10.393333
0.335568,10.886666,10.373333
0.335969,10.973333,10.333333
0.336370,10.940000,10.320000
0.336772,10.786667,10.306666
0.337173,10.806666,10.246666
0.337576,10.780000,10.320000
0.337977,10.753333,10.246666
0.338379,10.786667,10.193334
0.338781,10.693333,10.140000
0.339184,10.673333,10.140000
0.339585,10.660000,10.133333
0.339987,10.733334,10.326667
0.340388,10.580000,10.113333
0.340789,10.566667,10.080000
0.341190,10.546666,10.046666
0.341591,10.520000,10.046666
0.341993,10.486666,10.000000
0.342395,10.453333,9.966666
0.342798,10.460000,9.959999
0.343199,10.419999,9.959999
0.343600,10.406667,9.913333
0.344001,10.380000,9.873333
0.344402,10.340000,9.953333
0.344803,10.333333,9.800000
0.345204,10.313334,9.826666
0.345606,10.246666,9.766666
0.346008,10.233333,9.753333
0.346409,10.233333,9.706666
0.346810,10.193334,9.719999
0.347212,10.186666,9.713333
0.347613,10.193334,9.586666
0.348014,10.099999,9.593333
0.348415,10.053333,9.526667
0.348816,10.020000,9.613334
0.349217,10.066667,9.613334
0.349618,10.040000,9.586666
0.350020,10.040000,9.526667
0.350422,9.973333,9.526667
0.350823,9.926666,9.493333
0.351225,9.946667,9.346666
0.351627,9.906666,9.346666
0.352029,9.820000,9.346666
0.352430,9.853333,9.340000
0.352831,9.793333,9.346666
0.353233,9.653333,9.326667
0.353634,9.806666,9.273334
0.354035,9.786667,9.273334
0.354436,9.746667,9.266666
0.354838,9.719999,9.186666
0.355240,9.700000,9.193333
0.355641,9.746667,9.206667
0.356046,9.620000,9.166666
0.356447,9.620000,9.240000
0.356848,9.593333,9.039999
0.357250,9.566666,9.066667
0.357651,9.533333,9.066667
0.358052,9.499999,9.013333
0.358453,9.493333,9.006666
0.358854,9.420000,8.993333
0.359256,9.446667,8.953334
0.359657,9.400000,8.946667
0.360058,9.346666,8.920000
0.360459,9.333333,8.906666
0.360861,9.299999,8.846666
0.361262,9.273334,8.839999
0.361663,9.273334,8.846666
0.362064,9.253333,8.820000
0.362467,9.213333,8.753333
0.362868,9.179999,8.740000
0.363270,9.173333,8.713333
0.363672,9.120000,8.740000
0.364074,9.006666,8.726666
0.364475,9.086667,8.639999
0.364876,9.066667,8.579999
0.365277,8.980000,8.719999
0.365679,9.073333,8.586666
0.366080,9.006666,8.573333
0.366481,8.960000,8.566667
0.366883,8.893333,8.513332
0.367284,8.913333,8.493334
0.367686,8.913333,8.453333
0.368087,8.839999,8.426667
0.368489,8.853333,8.393332
0.368891,8.813334,8.393332
0.369293,8.780000,8.340000
0.369695,8.746667,8.346666
0.370097,8.746667,8.306666
0.370498,8.673333,8.286667
0.370900,8.733333,8.186666
0.371301,8.653333,8.233334
0.371702,8.660000,8.253333
0.372104,8.613334,8.213333
0.372506,8.520000,8.080000
0.372908,8.593333,8.146667
0.373309,8.520000,8.233334
0.373711,8.500000,8.106667
0.374112,8.493334,8.053332
0.374513,8.460000,8.046666
0.374915,8.440000,8.026667
0.375316,8.406667,8.026667
0.375718,8.393332,7.966667
0.376120,8.373333,7.960000
0.376521,8.346666,7.966667
0.376922,8.320000,7.873333
0.377325,8.300000,7.940000
0.377727,8.280000,7.880000
0.378128,8.253333,7.866666
0.378529,8.200000,7.686666
0.378931,8.193333,7.940000
0.379332,8.146667,7.766666
0.379734,8.146667,7.666667
0.380135,8.126666,7.713333
0.380536,8.093333,7.706666
0.380937,7.993333,7.620000
0.381338,8.013333,7.686666
0.381739,8.106667,7.613333
0.382140,7.993333,7.593334
0.382541,7.973333,7.633333
0.382942,7.960000,7.533333
0.383344,7.900000,7.546666
0.383746,7.873333,7.526666
0.384147,7.860000,7.466667
0.384549,7.866666,7.453333
0.384952,7.833333,7.400000
0.385353,7.806666,7.486667
0.385755,7.766666,7.433333
0.386157,7.760000,7.340000
0.386558,7.706666,7.460000
0.386959,7.673333,7.340000
0.387360,7.679999,7.266667
0.387761,7.713333,7.266667
0.388163,7.613333,7.240000
0.388564,7.573333,7.253334
0.388966,7.613333,7.240000
0.389367,7.600000,7.166667
0.389768,7.526666,7.166667
0.390169,7.559999,7.146667
0.390571,7.426666,7.140000
0.390973,7.460000,7.060000
0.391374,7.446666,7.086666
0.391779,7.420000,6.986666
0.392181,7.386667,7.026667
0.392583,7.380000,7.006667
0.392984,7.300000,6.986666
0.393385,7.326666,6.953333
0.393787,7.333333,6.933333
0.394188,7.266667,6.900000
0.394589,7.226666,6.920000
0.394990,7.213333,6.853333
0.395391,7.193333,6.846666
0.395792,7.160000,6.813333
0.396193,7.133334,6.786666
0.396594,7.213333,6.766666
0.396995,7.219999,6.713333
0.397397,7.053333,6.740000
0.397799,7.040000,6.700000
0.398200,7.000000,6.713333
0.398601,6.940000,6.666667
0.399002,7.000000,6.640000
0.399403,7.006667,6.766666
0.399805,6.940000,6.546667
0.400207,6.926667,6.533333
0.400608,6.893333,6.526666
0.401009,6.880000,6.526666
0.401410,6.840000,6.493333
0.401812,6.813333,6.540000
0.402214,6.826667,6.466667
0.402615,6.766666,6.406667
0.403016,6.766666,6.360000
0.403417,6.740000,6.326666
0.403819,6.720000,6.326666
0.404220,6.706667,6.313334
0.404621,6.626667,6.346667
0.405023,6.586667,6.313334
0.405424,6.566667,6.233333
0.405826,6.573333,6.113333
0.406228,6.486667,6.133333
0.406631,6.500000,6.453333
0.407032,6.473333,6.166667
0.407433,6.453333,6.140000
0.407834,6.520000,6.113333
0.408235,6.406667,6.113333
0.408638,6.393333,6.086667
0.409039,6.373333,6.053333
0.409440,6.353333,6.026667
0.409841,6.306666,6.020000
0.410242,6.286667,5.993333
0.410644,6.273333,5.980000
0.411046,6.246666,5.946667
0.411447,6.233333,5.900000
0.411848,6.206666,5.933333
0.412249,6.180000,5.873333
0.412650,6.166667,5.880000
0.413051,6.166667,5.853333
0.413452,6.113333,5.833333
0.413854,6.100000,5.780000
0.414255,6.073333,5.726667
0.414657,6.020000,5.766666
0.415060,6.020000,5.753333
0.415461,6.006667,5.706666
0.415863,5.986667,5.693333
0.416265,5.940000,5.640000
0.416666,5.906666,5.640000
0.417067,5.893333,5.606667
0.417468,5.893333,5.586667
0.417869,5.833333,5.573333
0.418270,5.733333,5.539999
0.418671,5.806666,5.520000
0.419072,5.786666,5.520000
0.419474,5.780000,5.493333
0.419875,5.753333,5.460000
0.420277,5.720000,5.460000
0.420678,5.740000,5.513333
0.421080,5.720000,5.393333
0.421481,5.666667,5.433333
0.421883,5.633333,5.386667
0.422284,5.606667,5.340000
0.422685,5.573333,5.320000
0.423086,5.573333,5.333333
0.423487,5.526667,5.453333
0.423888,5.533333,5.273333
0.424290,5.480000,5.240000
0.424692,5.473333,5.213333
0.425093,5.480000,5.220000
0.425495,5.420000,5.180000
0.425896,5.400000,5.140000
0.426297,5.406666,5.120000
0.426698,5.366667,5.093333
0.427100,5.360000,5.073333
0.427501,5.326667,5.080000
0.427902,5.313333,5.053333
0.428303,5.206666,5.026667
0.428705,5.226666,4.940000
0.429107,5.233334,4.973333
0.429510,5.220000,4.986667
0.429912,5.313333,4.960000
0.430313,5.120000,4.920000
0.430714,5.153333,4.893333
0.431116,5.100000,4.853333
0.431517,5.093333,4.860000
0.431918,5.073333,4.506667
0.432320,5.093333,4.973333
0.432721,5.040000,4.786666
0.433122,4.993333,4.860000
0.433523,5.006667,4.780000
0.433924,4.986667,4.713333
0.434326,4.966667,4.713333
0.434728,4.940000,4.740000
0.435129,4.900000,4.613333
0.435530,4.886666,4.680000
0.435931,4.873333,4.633333
0.436333,4.946666,4.613333
0.436734,4.826666,4.613333
0.437135,4.800000,4.620000
0.437536,4.806667,4.573333
0.437938,4.753333,4.540000
0.438339,4.780000,4.513333
0.438740,4.713333,4.520000
0.439142,4.733333,4.480000
0.439544,4.680000,4.473333
0.439946,4.666667,4.466667
0.440347,4.733333,4.433333
0.440749,4.613333,4.480000
0.441151,4.606667,4.366666
0.441553,4.560000,4.360000
0.441955,4.553333,4.453333
0.442356,4.533333,4.333333
0.442758,4.526667,4.280000
0.443159,4.493333,4.280000
0.443560,4.486666,4.266666
0.443962,4.486666,4.226666
0.444363,4.440000,4.206666
0.444764,4.393333,4.193333
0.445166,4.473333,4.186666
0.445567,4.386666,4.186666
0.445969,4.360000,4.146667
0.446370,4.306667,4.140000
0.446772,4.353333,4.106667
0.447174,4.273333,4.140000
0.447576,4.280000,4.206666
0.447977,4.266666,4.026666
0.448379,4.246667,3.926666
0.448781,4.220000,4.073333
0.449182,4.193333,4.013333
0.449585,4.180000,3.980000
0.449986,4.193333,3.993333
0.450389,4.126667,3.960000
0.450791,4.060000,3.926666
0.451192,4.100000,3.946667
0.451594,4.086667,3.846667
0.451996,4.060000,4.000000
0.452397,3.973333,3.833333
0.452799,3.960000,3.833333
0.453200,4.020000,3.840000
0.453601,3.953333,3.693333
0.454002,3.960000,3.746666
0.454403,3.960000,3.713333
0.454805,3.913333,3.913333
0.455206,3.846667,3.686666
0.455607,3.900000,3.673333
0.456009,3.866667,3.646667
0.456410,3.866667,3.746666
0.456812,3.833333,3.633333
0.457213,3.786667,3.613333
0.457614,3.773333,3.600000
0.458016,3.720000,3.566667
0.458417,3.720000,3.500000
0.458819,3.720000,3.560000
0.459221,3.713333,3.513333
0.459622,3.666667,3.486667
0.460023,3.660000,3.473333
0.460425,3.626667,3.373333
0.460827,3.673333,3.440000
0.461228,3.606667,3.520000
0.461629,3.606667,3.300000
0.462030,3.580000,3.406667
0.462432,3.533333,3.380000
0.462834,3.426666,3.340000
0.463235,3.500000,3.313333
0.463638,3.480000,3.313333
0.464039,3.486667,3.346666
0.464440,3.473333,3.306667
0.464841,3.446667,3.286667
0.465244,3.440000,3.326667
0.465646,3.366667,3.226667
0.466047,3.386667,3.220000
0.466448,3.360000,3.186666
0.466851,3.340000,3.133333
0.467252,3.320000,3.160000
0.467653,3.286667,3.166667
0.468054,3.266667,3.126667
0.468455,3.273333,3.133333
0.468856,3.260000,3.086667
0.469257,3.220000,2.986667
0.469659,3.286667,3.073333
0.470060,3.220000,3.033333
0.470462,3.160000,3.060000
0.470864,3.166667,3.000000
0.471266,3.140000,3.013333
0.471667,3.140000,2.993333
0.472068,3.133333,2.900000
0.472470,3.113333,2.960000
0.472871,3.066667,2.920000
0.473272,3.053333,2.920000
0.473674,3.046667,2.613333
0.474075,3.020000,2.886667
0.474476,3.020000,2.866667
0.474877,3.000000,2.860000
0.475280,2.973333,2.793333
0.475681,2.960000,2.793333
0.476082,2.966666,2.786667
0.476483,2.940000,2.786667
0.476886,2.900000,2.786667
0.477289,2.900000,2.760000
0.477690,2.866667,2.766667
0.478092,2.740000,2.720000
0.478494,2.840000,2.733333
0.478895,2.846667,2.700000
0.479298,2.806667,2.680000
0.479699,2.780000,2.613333
0.480100,2.800000,2.613333
0.480501,2.780000,2.640000
0.480902,2.633333,2.640000
0.481303,2.746667,2.733333
0.481705,2.760000,2.820000
0.482106,2.700000,2.420000
0.482508,2.686666,2.593333
0.482909,2.646667,2.546667
0.483311,2.633333,2.520000
0.483713,2.653333,2.473333
0.484114,2.626667,2.486667
0.484516,2.566667,2.446667
0.484919,2.546667,2.473333
0.485321,2.566667,2.433333
0.485724,2.533333,2.426666
0.486125,2.586667,2.400000
0.486526,2.506666,2.400000
0.486928,2.506666,2.386667
0.487329,2.486667,2.366667
0.487730,2.433333,2.373333
0.488132,2.440000,2.326667
0.488535,2.433333,2.326667
0.488937,2.413333,2.306667
0.489338,2.413333,2.400000
0.489739,2.353333,2.286667
0.490141,2.433333,2.280000
0.490542,2.360000,2.673333
0.490943,2.353333,2.253333
0.491344,2.346667,2.220000
0.491745,2.240000,2.233333
0.492146,2.320000,2.233333
0.492548,2.286667,2.206667
0.492949,2.260000,2.186667
0.493351,2.253333,2.146667
0.493752,2.240000,2.166667
0.494153,2.226666,1.973333
0.494554,2.206667,2.086667
0.494955,2.133333,2.093333
0.495356,2.206667,2.093333
0.495758,2.140000,2.046667
0.496159,2.173333,2.080000
0.496560,2.126667,2.033333
0.496962,2.126667,2.053333
0.497363,2.086667,2.033333
0.497764,2.086667,2.033333
0.498166,2.013333,1.953333
0.498567,2.000000,2.113333
0.498968,2.053333,1.940000
0.499369,2.033333,1.940000
0.499771,2.020000,1.966667
0.500173,2.000000,1.920000
0.500574,2.026667,1.906667
0.500976,1.960000,1.906667
0.501378,1.953333,1.906667
0.501780,1.953333,1.906667
0.502181,1.933333,1.873333
0.502582,1.900000,1.820000
0.502983,1.920000,1.813333
0.503386,1.906667,1.900000
0.503787,1.833333,1.733333
0.504188,1.893333,1.806667
0.504589,1.853333,1.753333
0.504991,1.833333,1.740000
0.505392,1.780000,1.720000
0.505793,1.720000,1.733333
0.506194,1.746667,1.733333
0.506595,1.860000,2.080000
0.506996,1.720000,1.666667
0.507397,1.746667,1.666667
0.507799,1.740000,1.673333
0.508200,1.726667,1.646667
0.508601,1.720000,1.653333
0.509002,1.700000,1.640000
0.509403,1.693333,1.573333
0.509804,1.713333,1.646667
0.510205,1.646667,1.620000
0.510608,1.640000,1.620000
0.511010,1.700000,1.560000
0.511411,1.600000,1.566667
0.511813,1.606667,1.566667
0.512215,1.600000,1.526667
0.512616,1.580000,1.493333
0.513017,1.580000,1.520000
0.513419,1.593333,1.573333
0.513820,1.520000,1.473333
0.514221,1.606667,1.480000
0.514622,1.520000,1.453333
0.515023,1.440000,1.453333
0.515424,1.480000,1.420000
0.515826,1.460000,1.433333
0.516227,1.473333,1.453333
0.516628,1.473333,1.446667
0.517030,1.453333,1.386667
0.517431,1.426667,1.386667
0.517833,1.446667,1.386667
0.518234,1.386667,1.353333
0.518636,1.406667,1.160000
0.519037,1.406667,1.573333
0.519439,1.386667,1.300000
0.519841,1.386667,1.313333
0.520242,1.366667,1.346667
0.520643,1.346667,1.280000
0.521045,1.340000,1.300000
0.521447,1.306667,1.266667
0.521848,1.340000,1.266667
0.522249,1.313333,1.280000
0.522651,1.313333,1.173333
0.523053,1.286667,1.326667
0.523454,1.300000,1.266667
0.523855,1.260000,1.206667
0.524257,1.273333,1.193333
0.524659,1.253333,1.206667
0.525060,1.206667,1.173333
0.525462,1.213333,1.180000
0.525863,1.213333,1.053333
0.526264,1.200000,1.146667
0.526666,1.166667,1.160000
0.527067,1.120000,1.113333
0.527468,1.173333,1.133333
0.527871,1.093333,1.140000
0.528272,1.173333,1.113333
0.528674,1.133333,1.080000
0.529075,1.133333,1.113333
0.529476,1.080000,1.053333
0.529878,1.106667,1.033333
0.530279,1.060000,1.240000
0.530680,1.113333,1.033333
0.531081,1.080000,0.946667
0.531482,1.060000,1.033333
0.531883,1.093333,1.026667
0.532284,1.040000,0.993333
0.532685,1.033333,0.986667
0.533086,1.066667,0.980000
0.533487,1.026667,0.966667
0.533890,1.000000,0.946667
0.534291,0.986667,0.966667
0.534693,0.973333,0.946667
0.535094,0.973333,0.946667
0.535495,0.953333,0.946667
0.535896,0.953333,0.946667
0.536297,0.946667,0.946667
0.536698,0.946667,0.946667
0.537100,0.946667,0.946667
0.537502,0.946667,0.946667
0.537904,0.946667,0.946667
0.538305,0.946667,0.946667
0.538706,0.946667,0.946667
0.539108,0.946667,0.946667
0.539510,0.946667,0.946667
0.539911,0.946667,0.946667
0.540313,0.946667,0.946667
0.540714,0.946667,0.946667
0.541115,0.946667,0.946667
0.541517,0.946667,0.946667
0.541918,0.946667,0.946667
0.542320,0.946667,0.946667
0.542722,0.946667,0.946667
0.543123,0.946667,0.946667
0.543525,0.946667,0.946667
0.543927,0.946667,0.946667
0.544328,0.946667,0.946667
0.544729,0.946667,0.946667
0.545130,0.946667,0.946667
0.545531,0.946667,0.946667
0.545933,1.026667,0.946667
0.546334,0.946667,0.946667
0.546736,0.946667,0.946667
0.547138,0.946667,0.946667
0.547540,0.946667,0.946667
0.547942,0.946667,0.946667
0.548343,0.946667,0.946667
0.548744,0.946667,0.946667
0.549146,0.946667,0.946667
0.549548,0.946667,0.946667
0.549949,0.946667,0.946667
0.550351,0.946667,0.946667
0.550752,0.946667,0.946667
0.551154,0.946667,0.946667
0.551555,0.946667,0.946667
0.551956,0.946667,0.946667
0.552358,0.946667,0.946667
0.552760,0.946667,0.946667
0.553161,0.946667,0.946667
0.553563,0.946667,0.946667
0.553964,0.946667,0.946667
0.554365,0.946667,0.946667
0.554766,0.946667,0.946667
0.555168,0.946667,0.946667
0.555569,0.946667,0.946667
0.555970,0.946667,0.946667
0.556371,0.946667,0.946667
0.556772,0.946667,0.946667
0.557174,0.946667,0.946667
0.557575,0.946667,0.946667
0.557978,0.946667,0.946667
0.558379,0.946667,0.946667
0.558780,0.946667,0.946667
0.559181,0.946667,0.946667
0.559584,0.946667,0.946667
0.559985,0.946667,0.946667
0.560386,0.946667,0.946667
0.560788,0.946667,0.946667
0.561190,0.946667,0.946667
0.561592,0.946667,0.946667
0.561995,0.946667,0.946667
0.562396,0.946667,0.946667
0.562798,0.946667,0.946667
0.563199,0.946667,0.946667
0.563600,0.946667,0.946667
0.564002,0.946667,0.946667
0.564403,0.946667,0.946667
0.564805,0.946667,0.946667
0.565206,0.946667,0.946667
0.565608,0.946667,0.946667
0.566009,0.946667,0.946667
0.566410,0.946667,0.946667
0.566812,0.946667,0.946667
0.567214,0.946667,0.946667
0.567615,0.946667,0.946667
0.568016,0.946667,0.946667
0.568417,0.946667,0.946667
0.568819,0.946667,0.946667
0.569220,0.946667,0.946667
0.569621,0.946667,0.946667
0.570022,0.946667,0.946667
0.570423,0.946667,0.946667
0.570824,0.946667,0.946667
0.571226,0.946667,0.946667
0.571628,0.946667,0.946667
0.572029,0.946667,0.946667
0.572430,0.946667,0.946667
0.572831,0.946667,0.946667
0.573233,0.946667,0.946667
0.573634,0.946667,0.946667
0.574036,0.946667,0.946667
0.574437,0.946667,0.946667
0.574839,0.946667,0.946667
0.575240,0.946667,0.946667
0.575642,0.946667,0.946667
0.576044,0.946667,0.946667
0.576445,0.946667,0.946667
0.576847,0.946667,0.946667
0.577248,0.946667,0.946667
0.577650,0.946667,0.946667
0.578052,0.946667,0.946667
0.578453,0.946667,0.946667
0.578854,0.946667,0.946667
0.579255,0.946667,0.946667
0.579656,0.946667,0.946667
0.580057,0.946667,0.946667
0.580459,0.946667,0.946667
0.580861,0.946667,0.946667
0.581262,0.946667,0.946667
0.581664,0.946667,0.946667
0.582065,0.946667,0.946667
0.582467,0.946667,0.946667
0.582868,0.946667,0.946667
0.583269,0.946667,0.946667
0.583670,0.946667,0.946667
0.584071,0.946667,0.946667
0.584472,0.946667,0.946667
0.584874,0.946667,0.946667
0.585275,0.946667,0.946667
0.585677,0.946667,0.946667
0.586078,0.946667,0.946667
0.586481,0.946667,0.946667
0.586882,0.946667,0.946667
0.587284,0.946667,0.946667
0.587685,0.946667,0.946667
0.588086,0.946667,0.946667
0.588488,0.946667,0.946667
0.588890,0.946667,0.946667
0.589292,0.946667,0.946667
0.589693,0.946667,0.946667
0.590094,0.946667,0.946667
0.590495,0.946667,0.946667
0.590896,0.946667,0.946667
0.591298,0.946667,0.946667
0.591700,0.946667,0.946667
0.592102,0.946667,0.946667
0.592503,0.946667,0.946667
0.592905,0.946667,0.946667
0.593306,0.946667,0.946667
0.593707,0.946667,0.946667
0.594108,0.946667,0.946667
0.594509,0.946667,0.946667
0.594910,0.946667,0.946667
0.595311,0.946667,0.946667
0.595713,0.946667,0.946667
0.596114,0.946667,0.946667
0.596515,0.946667,0.946667
0.596916,0.946667,0.946667
0.597317,0.946667,0.946667
0.597718,0.946667,0.946667
0.598120,0.946667,0.946667
0.598521,0.946667,0.946667
0.598922,0.946667,0.946667
0.599323,0.946667,0.946667
0.599724,0.946667,0.946667
0.600126,0.946667,0.946667
0.600528,0.946667,0.946667
0.600929,0.946667,0.946667
0.601330,0.946667,0.946667
0.601732,0.946667,0.946667
0.602134,0.946667,0.946667
0.602535,0.946667,0.946667
0.602937,0.946667,0.946667
0.603339,0.946667,0.946667
0.603740,0.946667,0.946667
0.604141,0.946667,0.946667
0.604543,0.946667,0.946667
0.604945,0.946667,0.946667
0.605347,0.946667,0.946667
0.605748,0.946667,0.946667
0.606150,0.946667,0.946667
0.606551,0.946667,0.946667
0.606953,0.946667,0.946667
0.607354,0.946667,0.946667
0.607756,0.946667,0.946667
0.608157,0.946667,0.946667
0.608558,0.946667,0.946667
0.608959,0.946667,0.946667
0.609361,0.946667,0.946667
0.609763,0.946667,0.946667
0.610165,0.946667,0.946667
0.610566,0.946667,0.946667
0.610968,0.946667,0.946667
0.611369,0.946667,0.946667
0.611770,0.946667,0.946667
0.612171,0.946667,0.946667
0.612573,0.946667,0.946667
0.612974,0.946667,0.946667
0.613375,0.946667,0.946667
0.613780,0.946667,0.946667
0.614181,0.946667,0.946667
0.614582,0.946667,0.946667
0.614983,0.946667,0.946667
0.615386,0.946667,0.946667
0.615787,0.946667,0.946667
0.616189,0.946667,0.946667
0.616590,0.946667,0.946667
0.616991,0.946667,0.946667
0.617394,0.946667,0.946667
0.617795,0.946667,0.946667
0.618197,0.946667,0.946667
0.618598,0.946667,0.946667
0.619000,0.946667,0.946667
0.619402,0.946667,0.946667
0.619803,0.946667,0.946667
0.620206,0.946667,0.946667
0.620608,0.946667,0.946667
0.621010,0.946667,0.946667
0.621411,0.946667,0.946667
0.621813,0.946667,0.946667
0.622214,0.946667,0.946667
0.622615,0.946667,0.946667
0.623017,0.946667,0.946667
0.623420,0.946667,0.946667
0.623822,0.946667,0.946667
0.624223,0.946667,0.946667
0.624626,0.946667,0.946667
0.625028,0.946667,0.946667
0.625429,0.946667,0.946667
0.625830,0.946667,0.946667
0.626231,0.946667,0.946667
0.626632,0.946667,0.946667
0.627034,0.946667,0.946667
0.627435,0.946667,0.946667
0.627836,0.946667,0.946667
0.628239,0.946667,0.946667
0.628640,0.946667,0.946667
0.629043,0.946667,0.946667
0.629444,0.946667,0.946667
0.629846,0.946667,0.946667
0.630248,0.946667,0.946667
0.630649,0.946667,0.946667
0.631050,0.946667,0.946667
0.631452,0.946667,0.946667
0.631853,0.946667,0.946667
0.632254,0.946667,0.946667
0.632655,0.946667,0.946667
0.633057,0.946667,0.946667
0.633459,0.946667,0.946667
0.633861,0.946667,0.946667
0.634262,0.946667,0.946667
0.634663,0.946667,0.946667
0.635064,0.946667,0.946667
0.635465,0.946667,0.946667
0.635867,0.946667,0.946667
0.636270,0.946667,0.946667
0.636671,0.946667,0.946667
0.637072,0.946667,0.946667
0.637474,0.946667,0.946667
0.637875,0.946667,0.946667
0.638276,0.946667,0.946667
0.638678,0.946667,0.946667
0.639080,0.946667,0.946667
0.639481,0.946667,0.946667
0.639882,0.946667,0.946667
0.640283,0.946667,0.946667
0.640684,0.946667,0.946667
0.641085,0.946667,0.946667
0.641488,0.946667,0.946667
0.641889,0.946667,0.946667
0.642292,0.946667,0.946667
0.642693,0.946667,0.946667
0.643095,0.946667,0.946667
0.643496,0.946667,0.946667
0.643897,0.946667,0.946667
0.644299,0.946667,0.946667
0.644700,0.946667,0.946667
0.645102,0.946667,0.946667
0.645503,0.946667,0.946667
0.645904,0.946667,0.946667
0.646306,0.946667,0.946667
0.646707,0.946667,0.946667
0.647108,0.946667,0.946667
0.647509,0.946667,0.946667
0.647910,0.946667,0.946667
0.648312,0.946667,0.946667
0.648713,0.946667,0.946667
0.649115,0.946667,0.946667
0.649516,0.946667,0.946667
0.649918,0.946667,0.946667
0.650319,0.946667,0.946667
0.650720,0.946667,0.946667
0.651122,0.946667,0.946667
0.651523,0.946667,0.946667
0.651924,0.946667,0.946667
0.652325,0.946667,0.946667
0.652727,0.946667,0.946667
0.653128,0.946667,0.946667
0.653529,0.946667,0.946667
0.653931,0.946667,0.946667
0.654332,0.946667,0.946667
0.654734,0.946667,0.946667
0.655135,0.946667,0.946667
0.655537,0.946667,0.946667
0.655938,0.946667,0.946667
0.656339,0.946667,0.946667
0.656740,0.986667,0.946667
0.657142,0.946667,0.946667
0.657544,0.946667,0.946667
0.657947,0.946667,0.946667
0.658349,0.946667,0.946667
0.658751,0.946667,0.946667
0.659152,0.946667,0.946667
0.659554,0.966667,0.946667
0.659956,0.980000,0.966667
0.660357,0.986667,0.946667
0.660758,0.993333,0.946667
0.661160,1.033333,0.953333
0.661562,1.013333,0.973333
0.661963,1.000000,0.993333
0.662364,1.073333,0.946667
0.662765,1.040000,0.960000
0.663167,1.060000,1.020000
0.663568,1.060000,1.026667
0.663969,1.073333,1.026667
0.664372,1.073333,1.033333
0.664773,1.133333,1.066667
0.665174,1.100000,1.066667
0.665576,1.213333,1.060000
0.665977,1.146667,1.100000
0.666378,1.126667,1.160000
0.666780,1.133333,1.046667
0.667181,1.140000,1.113333
0.667582,1.180000,1.040000
0.667983,1.173333,1.113333
0.668384,1.193333,1.160000
0.668786,1.266667,1.133333
0.669187,1.226667,1.146667
0.669588,1.240000,1.206667
0.669990,1.226667,1.200000
0.670391,1.233333,1.200000
0.670793,1.240000,1.206667
0.671194,1.253333,0.953333
0.671595,1.260000,1.146667
0.671996,1.466667,1.213333
0.672397,1.240000,1.266667
0.672799,1.340000,1.240000
0.673200,1.313333,1.213333
0.673601,1.340000,1.180000
0.674003,1.306667,1.326667
0.674404,1.373333,1.300000
0.674806,1.360000,1.326667
0.675208,1.373333,1.326667
0.675610,1.433333,1.333333
0.676011,1.400000,1.313333
0.676412,1.466667,1.393333
0.676813,1.400000,1.333333
0.677214,1.440000,1.300000
0.677616,1.440000,1.393333
0.678017,1.460000,1.393333
0.678418,1.413333,1.360000
0.678819,1.480000,1.406667
0.679221,1.466667,1.420000
0.679622,1.540000,1.473333
0.680023,1.506667,1.440000
0.680424,1.553333,1.473333
0.680826,1.540000,1.833333
0.681227,1.533333,1.440000
0.681629,1.640000,1.453333
0.682030,1.566667,1.506667
0.682431,1.606667,1.520000
0.682834,1.586667,1.533333
0.683235,1.580000,1.560000
0.683637,1.646667,1.480000
0.684039,1.646667,1.573333
0.684440,1.673333,1.573333
0.684841,1.660000,1.573333
0.685243,1.693333,1.613333
0.685644,1.673333,1.593333
0.686046,1.720000,1.586667
0.686447,1.713333,1.600000
0.686848,1.726667,1.626667
0.687249,1.740000,1.680000
0.687650,1.766667,1.660000
0.688052,1.746667,1.666667
0.688453,1.806667,1.633333
0.688854,1.780000,1.726667
0.689255,1.746667,1.673333
0.689657,1.806667,1.760000
0.690058,1.913333,1.740000
0.690459,1.906667,1.773333
0.690861,1.860000,1.760000
0.691263,1.866667,1.786667
0.691664,1.900000,1.793333
0.692065,1.906667,1.846667
0.692468,1.906667,1.820000
0.692869,1.940000,1.846667
0.693270,1.933333,1.886667
0.693672,1.893333,1.906667
0.694073,1.966667,1.866667
0.694475,1.973333,1.906667
0.694877,2.046667,1.906667
0.695279,2.013333,1.786667
0.695680,2.040000,2.060000
0.696081,2.073333,1.946667
0.696482,2.046667,1.946667
0.696885,2.106667,1.980000
0.697286,2.040000,1.946667
0.697687,2.100000,2.260000
0.698088,2.086667,2.000000
0.698490,2.140000,1.893333
0.698892,2.166667,2.053333
0.699293,2.146667,2.060000
0.699694,2.193333,2.113333
0.700096,2.193333,2.093333
0.700497,2.213333,2.093333
0.700899,2.246667,2.126667
0.701300,2.233333,2.140000
0.701701,2.253333,2.186667
0.702103,2.253333,2.140000
0.702504,2.246667,2.186667
0.702906,2.253333,2.166667
0.703308,2.386667,2.193333
0.703709,2.346667,2.020000
0.704110,2.300000,2.246667
0.704511,2.340000,2.260000
0.704913,2.380000,2.260000
0.705314,2.413333,2.273333
0.705716,2.400000,2.306667
0.706117,2.413333,2.273333
0.706519,2.433333,2.386667
0.706921,2.620000,2.366667
0.707323,2.460000,2.066667
0.707725,2.513333,2.386667
0.708127,2.513333,2.346667
0.708529,2.513333,2.313333
0.708930,2.520000,2.346667
0.709331,2.560000,2.473333
0.709732,2.560000,2.440000
0.710133,2.633333,2.466667
0.710534,2.540000,2.480000
0.710936,2.580000,2.466667
0.711339,2.620000,2.506666
0.711740,2.653333,2.520000
0.712141,2.660000,2.540000
0.712543,2.673333,2.580000
0.712945,2.593333,2.566667
0.713347,2.673333,2.560000
0.713748,2.706666,2.593333
0.714149,2.733333,2.540000
0.714550,2.793333,2.640000
0.714952,2.793333,2.580000
0.715353,2.806667,2.640000
0.715754,2.813333,2.700000
0.716155,2.813333,2.706666
0.716556,2.840000,2.873333
0.716957,2.860000,2.713333
0.717358,2.880000,2.773333
0.717760,2.920000,2.713333
0.718161,2.926667,2.733333
0.718563,2.940000,2.786667
0.718964,2.953333,2.786667
0.719366,2.973333,2.800000
0.719767,2.960000,2.826667
0.720168,3.013333,2.860000
0.720569,3.033333,2.900000
0.720971,3.060000,2.880000
0.721372,3.060000,2.886667
0.721773,3.073333,2.893333
0.722174,3.100000,2.886667
0.722575,3.106667,2.953333
0.722976,3.133333,2.706666
0.723377,3.166667,3.086667
0.723780,3.153333,2.666667
0.724181,3.186666,3.033333
0.724582,3.166667,3.033333
0.724984,3.200000,3.040000
0.725386,3.226667,3.080000
0.725787,3.220000,3.086667
0.726188,3.260000,3.100000
0.726590,3.253333,3.100000
0.726991,3.293333,3.133333
0.727392,3.286667,3.186666
0.727793,3.340000,3.200000
0.728194,3.413333,3.153333
0.728595,3.353333,3.213333
0.728997,3.446667,3.146667
0.729398,3.420000,3.260000
0.729800,3.406667,3.240000
0.730201,3.426666,3.200000
0.730602,3.453333,3.166667
0.731003,3.480000,3.313333
0.731405,3.486667,3.313333
0.731806,3.480000,3.440000
0.732207,3.520000,3.153333
0.732609,3.520000,3.393333
0.733010,3.480000,3.406667
0.733411,3.560000,3.400000
0.733813,3.606667,3.433333
0.734214,3.613333,3.466666
0.734615,3.646667,3.466666
0.735016,3.633333,3.486667
0.735417,3.686666,3.486667
0.735819,3.700000,3.506667
0.736220,3.713333,3.533333
0.736621,3.733333,3.506667
0.737023,3.613333,3.560000
0.737425,3.786667,3.613333
0.737826,3.820000,3.486667
0.738227,3.833333,3.626667
0.738628,3.840000,3.660000
0.739029,3.873333,3.680000
0.739430,3.813334,3.720000
0.739832,3.913333,3.926666
0.740233,3.973333,3.700000
0.740634,3.913333,3.820000
0.741035,3.993333,3.746666
0.741436,4.000000,3.820000
0.741838,4.013333,3.806666
0.742239,4.020000,3.820000
0.742640,4.033333,3.833333
0.743042,4.066667,3.893333
0.743443,4.073333,3.893333
0.743845,4.106667,3.906667
0.744246,4.133333,3.926666
0.744647,4.133333,3.960000
0.745048,4.153333,3.980000
0.745450,4.220000,4.020000
0.745852,4.180000,3.986666
0.746255,4.173333,4.093333
0.746656,4.200000,4.293333
0.747057,4.253333,4.020000
0.747458,4.293333,4.173333
0.747860,4.273333,4.000000
0.748261,4.313334,4.106667
0.748663,4.346667,4.360000
0.749064,4.393333,4.133333
0.749465,4.360000,4.180000
0.749867,4.433333,4.186666
0.750268,4.393333,4.226666
0.750670,4.366666,4.213334
0.751071,4.406667,4.266666
0.751472,4.480000,4.286666
0.751874,4.486666,4.213334
0.752275,4.520000,4.326666
0.752677,4.500000,4.326666
0.753079,4.546667,4.340000
0.753482,4.553333,4.186666
0.753883,4.593333,4.366666
0.754285,4.580000,4.433333
0.754687,4.593333,4.433333
0.755089,4.666667,4.473333
0.755490,4.713333,4.480000
0.755892,4.680000,4.853333
0.756293,4.706666,4.480000
0.756696,4.760000,4.533333
0.757097,4.793333,4.553333
0.757498,4.760000,4.573333
0.757902,4.793333,4.553333
0.758303,4.826666,4.593333
0.758704,4.860000,4.653333
0.759106,4.906667,4.600000
0.759508,4.873333,4.686666
0.759910,4.946666,4.693333
0.760312,4.900000,4.706666
0.760714,4.940000,4.720000
0.761116,4.920000,4.773334
0.761517,5.000000,4.766666
0.761919,4.993333,4.773334
0.762320,5.080000,4.820000
0.762721,5.040000,4.880000
0.763122,5.073333,4.826666
0.763523,5.086667,4.873333
0.763924,5.106667,4.940000
0.764325,5.126667,4.906667
0.764726,5.173333,5.000000
0.765127,5.140000,4.900000
0.765528,5.233334,4.913333
0.765930,5.233334,4.973333
0.766331,5.240000,4.966667
0.766732,5.280000,5.026667
0.767133,5.340000,5.060000
0.767535,5.326667,5.066667
0.767936,5.340000,5.060000
0.768337,5.353333,5.120000
0.768738,5.373333,5.100000
0.769140,5.420000,5.186666
0.769542,5.413333,5.180000
0.769943,5.466667,5.206666
0.770344,5.486667,5.206666
0.770745,5.466667,5.240000
0.771147,5.506666,5.240000
0.771548,5.546667,5.260000
0.771949,5.573333,5.273333
0.772350,5.593333,5.026667
0.772752,5.653333,5.333333
0.773154,5.640000,5.313333
0.773557,5.680000,5.486667
0.773959,5.673333,5.420000
0.774360,5.646667,5.426667
0.774761,5.713333,5.446666
0.775162,5.773333,5.453333
0.775563,5.760000,5.520000
0.775964,5.786666,5.526667
0.776366,5.773333,5.553333
0.776767,5.780000,5.553333
0.777168,5.833333,5.586667
0.777570,5.860000,5.520000
0.777972,5.893333,5.640000
0.778373,5.966666,5.673333
0.778778,6.006667,5.666667
0.779179,5.960000,5.846666
0.779580,5.966666,5.646667
0.779981,6.040000,5.760000
0.780384,6.013333,5.760000
0.780786,6.073333,5.733333
0.781188,6.080000,5.940000
0.781589,6.113333,5.533333
0.781990,6.073333,5.933333
0.782391,6.133333,5.840000
0.782794,6.200000,5.866666
0.783195,6.213333,5.886667
0.783596,6.253334,5.906666
0.783997,6.253334,5.940000
0.784398,6.280000,5.973333
0.784800,6.286667,5.973333
0.785201,6.293333,6.006667
0.785602,6.333333,6.053333
0.786003,6.393333,6.066667
0.786404,6.366666,6.060000
0.786806,6.400000,6.073333
0.787207,6.446667,6.120000
0.787609,6.453333,6.126667
0.788010,6.433333,6.153333
0.788412,6.473333,6.193333
0.788814,6.626667,6.220000
0.789215,6.540000,6.233333
0.789617,6.620000,6.586667
0.790018,6.580000,6.286667
0.790420,6.646667,5.946667
0.790821,6.646667,6.320000
0.791222,6.686666,6.360000
0.791624,6.713333,6.366666
0.792025,6.733333,6.473333
0.792428,6.786666,6.406667
0.792829,6.793334,6.433333
0.793231,6.813333,6.446667
0.793632,6.826667,6.440000
0.794033,6.860000,6.493333
0.794436,6.846666,6.633333
0.794838,6.926667,6.600000
0.795240,6.940000,6.620000
0.795641,6.913333,6.640000
0.796047,6.986666,6.640000
0.796448,6.986666,6.640000
0.796849,6.993333,6.686666
0.797250,7.106667,6.726666
0.797651,7.073333,6.813333
0.798053,7.086666,6.780000
0.798454,7.093333,6.780000
0.798855,7.133334,6.466667
0.799258,7.186666,6.833333
0.799659,7.180000,6.820000
0.800061,7.219999,6.853333
0.800462,7.266667,6.906667
0.800863,7.260000,6.900000
0.801265,7.306666,6.973333
0.801666,7.320000,6.953333
0.802067,7.333333,6.986666
0.802468,7.346666,6.980000
0.802869,7.366667,7.026667
0.803270,7.413333,7.060000
0.803672,7.426666,7.113333
0.804074,7.480000,7.126667
0.804475,7.473333,7.093333
0.804878,7.513333,7.166667
0.805280,7.513333,7.160000
0.805681,7.526666,7.246666
0.806082,7.500000,7.200000
0.806483,7.679999,7.240000
0.806884,7.640000,7.286667
0.807287,7.559999,7.133334
0.807688,7.673333,7.313333
0.808090,7.686666,7.333333
0.808491,7.720000,7.353333
0.808893,7.760000,7.386667
0.809294,7.753333,7.393333
0.809695,7.820000,7.426666
0.810096,7.833333,7.460000
0.810498,7.766666,7.453333
0.810900,7.873333,7.540000
0.811302,7.866666,7.526666
0.811703,7.880000,7.526666
0.812104,7.953333,7.566667
0.812505,7.906666,7.600000
0.812906,8.000000,7.613333
0.813307,8.033334,7.633333
0.813708,8.046666,7.660000
0.814110,8.080000,7.500000
0.814511,8.046666,7.726667
0.814913,8.100000,7.706666
0.815314,8.179999,7.793334
0.815716,8.153334,7.760000
0.816117,8.186666,7.786666
0.816519,8.126666,7.806666
0.816921,8.226666,7.860000
0.817322,8.226666,7.866666
0.817724,8.266666,7.740000
0.818125,8.306666,7.806666
0.818526,8.320000,7.953333
0.818927,8.433333,7.960000
0.819328,8.353333,7.986666
0.819730,8.393332,8.013333
0.820131,8.433333,7.946667
0.820532,8.433333,8.080000
0.820933,8.440000,8.040000
0.821334,8.466666,8.100000
0.821735,8.546666,8.133333
0.822136,8.553333,8.146667
0.822537,8.533333,8.213333
0.822939,8.686666,8.213333
0.823340,8.639999,8.186666
0.823742,8.646667,8.233334
0.824144,8.660000,8.253333
0.824546,8.706666,8.273334
0.824947,8.700000,8.306666
0.825348,8.740000,8.320000
0.825750,8.760000,8.366667
0.826152,8.820000,8.400000
0.826553,8.813334,8.420000
0.826955,8.866667,8.413333
0.827356,8.880000,8.540000
0.827757,8.906666,8.393332
0.828158,8.966666,8.513332
0.828559,8.986667,8.566667
0.828961,9.086667,8.546666
0.829362,9.006666,8.666666
0.829764,9.053333,8.573333
0.830166,9.026667,8.626667
0.830567,9.053333,8.726666
0.830969,9.086667,8.466666
0.831370,9.160000,8.713333
0.831771,9.206667,8.740000
0.832172,9.179999,8.726666
0.832573,9.346666,8.746667
0.832975,9.226666,8.766666
0.833377,9.266666,8.826667
0.833780,9.273334,8.833333
0.834181,9.320000,8.953334
0.834582,9.346666,8.913333
0.834984,9.346666,8.913333
0.835386,9.346666,8.966666
0.835787,9.446667,8.933333
0.836188,9.473333,8.813334
0.836589,9.506666,9.000000
0.836990,9.493333,9.013333
0.837391,9.533333,9.160000
0.837793,9.546667,9.073333
0.838194,9.606667,9.093333
0.838596,9.606667,9.093333
0.838997,9.639999,9.253333
0.839398,9.646667,9.466666
0.839800,9.700000,9.346666
0.840201,9.719999,9.126666
0.840602,9.719999,9.193333
0.841003,9.759999,9.246666
0.841404,9.780000,9.266666
0.841806,9.800000,9.280000
0.842207,9.793333,9.340000
0.842610,9.866667,9.346666
0.843011,9.886666,9.346666
0.843412,9.913333,9.346666
0.843813,9.946667,9.453333
0.844214,9.966666,9.499999
0.844616,9.959999,9.473333
0.845017,10.020000,9.546667
0.845418,10.099999,9.540000
0.845820,10.086666,9.606667
0.846221,10.099999,9.606667
0.846622,10.120000,9.613334
0.847023,10.299999,9.646667
0.847424,10.193334,9.693333
0.847826,10.200000,9.626666
0.848227,10.219999,9.326667
0.848628,10.146667,9.719999
0.849029,10.346666,9.780000
0.849431,10.299999,9.793333
0.849833,10.313334,9.793333
0.850235,10.333333,9.800000
0.850636,10.360000,9.873333
0.851037,10.386666,9.806666
0.851439,10.406667,9.953333
0.851840,10.426666,9.940001
0.852241,10.486666,9.906666
0.852643,10.493333,10.006667
0.853044,10.500000,10.046666
0.853445,10.540000,10.020000
0.853846,10.553332,10.059999
0.854248,10.620000,10.200000
0.854649,10.633333,10.106667
0.855050,10.633333,10.140000
0.855451,10.639999,10.140000
0.855853,10.673333,10.200000
0.856255,10.673333,10.173333
0.856656,10.740000,10.080000
0.857058,10.759999,10.246666
0.857459,10.813333,10.286666
0.857860,10.813333,10.320000
0.858262,10.973333,10.320000
0.858663,10.866667,10.353333
0.859064,10.886666,10.406667
0.859465,10.926667,10.413333
0.859867,10.953333,10.433333
0.860268,10.966666,10.440000
0.860669,11.000000,10.473333
0.861071,11.020000,10.480000
0.861472,10.933333,10.500000
0.861873,11.046666,10.500000
0.862274,11.066667,10.426666
0.862675,11.106667,10.593333
0.863076,11.126667,10.593333
0.863477,11.173333,10.620000
0.863878,11.213333,10.673333
0.864280,11.153333,10.720000
0.864681,11.300000,10.826666
0.865082,11.293333,10.720000
0.865485,11.293333,10.746666
0.865887,11.320000,10.780000
0.866288,11.339999,10.853333
0.866690,11.440000,10.840000
0.867091,11.386666,10.840000
0.867492,11.413333,10.846666
0.867893,11.406666,10.866667
0.868294,11.453334,10.926667
0.868695,11.506666,10.966666
0.869097,11.420000,10.893332
0.869498,11.526667,11.000000
0.869900,11.573333,11.006666
0.870302,11.640000,11.020000
0.870703,11.620000,11.046666
0.871104,11.606667,11.146667
0.871505,11.653334,11.093333
0.871906,11.666666,11.120000
0.872307,11.713333,11.020000
0.872709,11.753333,11.160000
0.873110,11.686666,11.200000
0.873513,11.793333,11.219999
0.873914,11.799999,11.300000
0.874316,11.806666,11.246667
0.874718,11.846666,11.306666
0.875119,11.873333,11.353333
0.875521,11.886666,11.313334
0.875922,11.940000,11.386666
0.876323,11.913333,11.420000
0.876724,11.966666,11.386666
0.877125,12.026667,11.460000
0.877528,12.013333,11.400000
0.877929,12.066666,11.526667
0.878330,12.073333,11.513333
0.878732,12.200000,11.453334
0.879134,12.093333,11.559999
0.879535,12.093333,11.559999
0.879937,12.186666,11.559999
0.880339,12.266666,11.620000
0.880740,12.246667,11.773334
0.881141,12.259999,11.606667
0.881542,12.293333,11.720000
0.881943,12.326666,11.713333
0.882344,12.339999,11.726666
0.882745,12.339999,11.726666
0.883146,12.386666,11.773334
0.883548,12.413333,11.786667
0.883950,12.433333,11.806666
0.884353,12.459999,11.846666
0.884754,12.453333,11.866666
0.885156,12.513333,11.926666
0.885557,12.546666,11.813333
0.885958,12.540000,11.900000
0.886359,12.553333,11.999999
0.886761,12.599999,11.999999
0.887163,12.626667,11.986667
0.887564,12.660000,11.999999
0.887965,12.686666,12.053333
0.888366,12.713333,12.066666
0.888767,12.706667,12.100000
0.889169,12.746666,12.139999
0.889570,12.793333,12.266666
0.889972,12.793333,12.126666
0.890374,12.853333,12.300000
0.890780,12.833333,12.339999
0.891181,12.860000,12.246667
0.891582,12.733333,12.246667
0.891983,12.926666,12.339999
0.892385,12.940000,12.346666
0.892786,12.926666,12.366667
0.893187,12.966667,12.400000
0.893588,13.033334,12.420000
0.893989,13.033334,12.400000
0.894390,13.093333,12.446667
0.894791,13.113333,12.459999
0.895192,13.120000,12.506667
0.895595,13.153334,12.520000
0.895996,13.173333,12.559999
0.896398,13.166667,12.546666
0.896800,13.206666,12.586666
0.897201,13.280000,12.580000
0.897602,13.226666,12.599999
0.898003,13.253333,12.626667
0.898404,13.306666,12.666666
0.898806,13.300000,12.580000
0.899207,13.333333,12.646667
0.899608,13.339999,12.733333
0.900009,13.379999,12.766666
0.900411,13.420000,12.780000
0.900813,13.466666,12.846666
0.901216,13.513332,12.806666
0.901617,13.466666,12.826667
0.902018,13.520000,12.886666
0.902419,13.539999,12.913333
0.902820,13.520000,12.886666
0.903223,13.579999,12.953333
0.903624,13.606666,12.946667
0.904026,13.633333,12.860000
0.904427,13.646666,13.000000
0.904828,13.653334,12.913333
0.905230,13.653334,13.020000
0.905632,13.700000,12.926666
0.906033,13.773333,13.066667
0.906435,13.766666,13.346667
0.906836,13.786667,13.120000
0.907239,13.786667,13.133333
0.907640,13.839999,13.133333
0.908042,13.860000,13.213333
0.908443,13.873334,13.226666
0.908846,13.893333,13.253333
0.909247,13.946667,13.233334
0.909649,13.973332,13.293333
0.910051,13.953333,13.333333
0.910453,13.999999,13.280000
0.910855,14.013333,13.406666
0.911256,14.046667,13.420000
0.911657,14.046667,13.486667
0.912059,14.093333,13.440000
0.912460,14.106666,13.460000
0.912861,14.026667,13.466666
0.913262,14.146667,13.466666
0.913663,14.166666,13.480000
0.914065,14.173332,13.526667
0.914466,14.200001,13.653334
0.914867,14.286666,13.559999
0.915270,14.340000,13.573333
0.915671,14.219999,13.593333
0.916072,14.299999,13.646666
0.916473,14.346666,13.666666
0.916875,14.346666,13.673334
0.917277,14.366666,13.686666
0.917678,14.373332,13.713332
0.918079,14.426666,13.746667
0.918480,14.439999,13.713332
0.918881,14.480000,13.773333
0.919283,14.493333,13.779999
0.919684,14.526666,13.826666
0.920085,14.606667,13.833333
0.920486,14.580000,13.866666
0.920887,14.573334,13.913332
0.921288,14.613333,13.926666
0.921689,14.626666,13.960000
0.922091,14.666667,13.966666
0.922492,14.673333,13.933332
0.922894,14.740000,14.013333
0.923295,14.719999,13.999999
0.923697,14.719999,14.020000
0.924099,14.719999,14.020000
0.924500,14.773334,14.080000
0.924901,14.800000,14.080000
0.925302,14.833332,14.133332
0.925703,14.853333,14.140000
0.926104,14.866667,14.173332
0.926505,14.873333,14.173332
0.926908,14.893332,14.206667
0.927309,14.940000,14.186666
0.927710,14.953333,14.266667
0.928111,14.919999,14.299999
0.928512,14.926667,14.259999
0.928914,14.953333,14.313334
0.929315,14.953333,14.320000
0.929716,15.119999,14.333334
0.930118,15.100000,14.353333
0.930519,15.219999,14.373332
0.930921,15.066667,14.533334
0.931322,15.173333,14.446667
0.931723,15.240000,14.393332
0.932124,15.213333,14.493333
0.932526,15.226665,14.473333
0.932928,15.273333,14.480000
0.933329,15.293332,14.526666
0.933730,15.313333,14.540000
0.934132,15.313333,14.406667
0.934533,15.359999,14.593332
0.934934,15.353333,14.620000
0.935337,15.393333,14.613333
0.935738,15.440000,14.626666
0.936139,15.500000,14.606667
0.936540,15.473333,14.679999
0.936942,15.440000,14.666667
0.937343,15.500000,14.733334
0.937745,15.500000,14.733334
0.938146,15.553332,14.786666
0.938548,15.660000,14.780000
0.938949,15.613333,14.800000
0.939350,15.586667,14.433332
0.939752,15.646666,14.820000
0.940154,15.639999,14.626666
0.940555,15.686666,15.246666
0.940956,15.679999,14.806666
0.941359,15.713334,14.913333
0.941760,15.646666,14.946667
0.942161,15.813333,14.946667
0.942562,15.806666,14.940000
0.942963,15.793333,14.953333
0.943364,15.813333,14.953333
0.943765,15.806666,14.953333
0.944167,15.879999,15.073333
0.944568,15.879999,15.133333
0.944969,15.913334,15.146667
0.945370,15.946666,15.179999
0.945772,16.059999,15.173333
0.946173,15.900000,15.219999
0.946574,15.960000,15.213333
0.946975,16.033333,15.193334
0.947376,16.139999,15.226665
0.947780,16.066668,15.240000
0.948181,16.033333,15.433333
0.948582,16.139999,15.326667
0.948985,16.113333,15.146667
0.949386,16.099998,15.340000
0.949787,16.139999,15.346666
0.950188,16.173334,15.393333
0.950589,16.213333,15.386667
0.950990,16.186666,15.393333
0.951392,16.219999,15.413333
0.951793,16.259998,15.460000
0.952194,16.273333,15.466666
0.952595,16.180000,15.500000
0.952996,16.313334,15.520000
0.953397,16.326666,15.553332
0.953800,16.386665,15.540000
0.954201,16.326666,15.560000
0.954602,16.379999,15.579999
0.955003,16.413332,15.660000
0.955405,16.426666,15.579999
0.955806,16.426666,15.626667
0.956207,16.379999,15.686666
0.956609,16.559999,15.686666
0.957010,16.533333,15.673333
0.957412,16.473333,15.733333
0.957814,16.533333,15.740000
0.958216,16.613333,15.773333
0.958617,16.606667,15.786667
0.959018,16.600000,15.773333
0.959419,16.626665,15.826667
0.959821,16.653332,15.846667
0.960222,16.680000,15.826667
0.960624,16.700001,15.886665
0.961026,16.740000,15.886665
0.961427,16.686666,15.893333
0.961828,16.759998,15.946666
0.962230,16.773333,15.926666
0.962631,16.740000,16.099998
0.963033,16.779999,16.000000
0.963435,16.820000,15.913334
0.963836,16.813334,16.006666
0.964238,16.866667,16.020000
0.964639,16.846666,16.020000
0.965041,16.860001,16.093332
0.965442,16.879999,16.080000
0.965843,16.886665,16.099998
0.966244,16.900000,16.126665
0.966645,16.906666,16.146666
0.967047,16.933332,16.153334
0.967448,16.939999,16.193333
0.967849,16.946667,16.186666
0.968251,16.966667,16.219999
0.968652,17.000000,16.233332
0.969054,17.006666,16.246666
0.969456,17.013332,16.113333
0.969857,17.033333,16.180000
0.970259,17.093332,16.279999
0.970662,17.106667,16.359999
0.971063,17.080000,16.446667
0.971464,17.120001,16.353333
0.971866,17.113333,16.386665
0.972268,17.146666,16.406666
0.972669,17.153332,16.433332
0.973070,17.173332,16.426666
0.973471,17.146666,16.420000
0.973873,17.186666,16.446667
0.974274,17.226667,16.499998
0.974675,17.240000,16.486666
0.975076,17.260000,16.486666
0.975477,17.260000,16.553333
0.975879,17.266666,16.533333
0.976281,17.306665,16.153334
0.976683,17.419998,16.039999
0.977085,17.320000,16.593334
0.977487,17.346666,16.619999
0.977888,17.346666,16.653332
0.978290,17.333332,16.626665
0.978691,17.320000,16.619999
0.979092,17.393333,16.653332
0.979493,17.400000,16.693333
0.979894,17.446667,16.726667
0.980296,17.466665,16.726667
0.980698,17.493334,16.740000
0.981100,17.480000,16.786665
0.981501,17.506666,16.779999
0.981902,17.493334,16.586666
0.982303,17.520000,16.786665
0.982704,17.533333,16.793333
0.983105,17.539999,16.826666
0.983506,17.573332,16.906666
0.983908,17.533333,16.860001
0.984309,17.600000,16.846666
0.984710,17.613333,16.866667
0.985112,17.626667,16.873333
0.985513,17.653334,16.906666
0.985915,17.666666,16.786665
0.986316,17.679998,16.853334
0.986718,17.666666,16.906666
0.987120,17.699999,16.913332
0.987521,17.713333,16.993334
0.987922,17.733334,16.953333
0.988324,17.713333,16.953333
0.988725,17.726665,16.980000
0.989127,17.766666,16.959999
0.989528,17.793333,16.906666
0.989929,17.806665,17.053333
0.990331,17.813332,17.039999
0.990732,17.886667,17.039999
0.991134,17.833332,16.853334
0.991535,17.859999,17.066666
0.991936,18.000000,17.086666
0.992337,17.893333,17.106667
0.992738,17.920000,17.120001
0.993139,17.953333,17.266666
0.993540,17.920000,17.126667
0.993942,17.953333,17.159998
0.994343,17.926666,17.126667
0.994744,17.953333,17.193333
0.995145,17.966665,17.206667
0.995547,18.006666,17.186666
0.995949,18.006666,17.186666
0.996350,17.993332,17.213333
0.996752,18.026667,17.193333
0.997153,18.053333,17.253334
0.997554,18.073332,17.233334
0.997955,18.059999,17.293333
0.998357,18.126667,17.126667
0.998758,18.086666,17.320000
0.999160,18.126667,17.340000
0.999561,18.106667,17.333332
0.999962,18.099998,17.333332
1.000363,18.160000,17.320000
1.000764,18.139999,17.346666
1.001165,18.153334,17.346666
1.001567,18.173334,17.400000
1.001969,18.206665,17.406666
1.002370,18.233332,17.473333
1.002771,18.213333,17.406666
1.003172,18.260000,17.446667
1.003574,18.233332,17.433332
1.003976,18.273333,17.473333
1.004377,18.226665,17.433332
1.004780,18.293333,17.506666
1.005181,18.260000,17.539999
1.005582,18.406666,17.539999
1.005984,18.346666,17.539999
1.006386,18.293333,17.539999
1.006787,18.346666,17.639999
1.007189,18.366667,17.539999
1.007590,18.393333,17.606667
1.007991,18.373333,17.606667
1.008392,18.400000,17.613333
1.008794,18.406666,17.613333
1.009195,18.433334,17.619999
1.009596,18.433334,17.619999
1.009997,18.473331,17.673332
1.010399,18.473331,17.633333
1.010800,18.446667,17.633333
1.011201,18.486666,17.653334
1.011602,18.473331,17.693333
1.012004,18.480000,17.746666
1.012405,18.493332,17.619999
1.012806,18.539999,17.719999
1.013207,18.500000,17.613333
1.013608,18.533333,17.746666
1.014009,18.546667,17.619999
1.014411,18.559999,17.586666
1.014813,18.546667,17.780001
1.015214,18.553333,17.793333
1.015615,18.593332,17.793333
1.016016,18.639999,17.813332
1.016417,18.633333,17.813332
1.016819,18.646666,17.820000
1.017220,18.653334,17.853333
1.017621,18.653334,17.879999
1.018023,18.700001,17.879999
1.018424,18.719999,17.886667
1.018826,18.680000,17.859999
1.019228,18.706667,17.893333
1.019630,18.680000,17.893333
1.020031,18.680000,17.913334
1.020432,18.726665,17.906668
1.020834,18.733332,17.933332
1.021235,18.773333,17.933332
1.021637,18.820000,17.959999
1.022038,18.773333,17.966665
1.022440,18.786667,17.973333
1.022841,18.759998,18.000000
1.023243,18.866665,17.906668
1.023644,18.826666,18.020000
1.024046,18.799999,18.020000
1.024447,18.826666,18.020000
1.024848,18.813334,18.020000
1.025249,18.833334,18.020000
1.025651,18.866665,18.040001
1.026052,18.879999,18.046667
1.026454,18.886665,18.086666
1.026855,18.879999,18.053333
1.027256,18.906666,18.099998
1.027658,18.893333,17.953333
1.028059,18.926666,18.079998
1.028461,18.920000,18.113333
1.028862,18.933332,18.086666
1.029263,18.966667,18.126667
1.029664,18.973333,18.139999
1.030065,18.993332,18.146666
1.030466,18.973333,18.146666
1.030868,19.053333,18.173334
1.031269,18.993332,18.146666
1.031671,19.126665,18.180000
1.032073,18.960001,18.273333
1.032474,19.093334,18.233332
1.032876,19.059999,18.226665
1.033277,19.053333,18.213333
1.033678,19.046667,18.193333
1.034079,19.066666,18.240000
1.034481,19.039999,18.213333
1.034882,19.073334,18.273333
1.035283,19.126665,18.253332
1.035685,19.073334,18.253332
1.036086,19.113333,18.266666
1.036488,19.066666,18.333332
1.036890,19.139999,18.286667
1.037291,19.146666,18.280001
1.037692,19.133331,18.273333
1.038093,19.146666,18.286667
1.038494,19.153332,18.333332
1.038895,19.200001,18.339998
1.039297,19.200001,18.326666
1.039698,19.166666,18.346666
1.040100,19.180000,18.320000
1.040501,19.200001,18.359999
1.040902,19.219999,18.339998
1.041303,19.219999,18.359999
1.041704,19.186666,18.320000
1.042106,19.240000,18.386665
1.042507,19.240000,18.413334
1.042908,19.240000,18.420000
1.043309,19.279999,18.406666
1.043711,19.286665,18.400000
1.044113,19.279999,18.400000
1.044515,19.286665,18.466665
1.044917,19.279999,18.406666
1.045318,19.320000,18.613333
1.045720,19.320000,18.453333
1.046121,19.320000,18.466665
1.046523,19.313334,18.473331
1.046924,19.240000,18.466665
1.047325,19.340000,18.473331
1.047726,19.333334,18.466665
1.048127,19.346666,18.746666
1.048528,19.360001,18.426666
1.048929,19.360001,18.486666
1.049330,19.360001,18.506666
1.049731,19.373333,18.526667
1.050132,19.360001,18.453333
1.050533,19.393332,18.520000
1.050935,19.373333,18.513332
1.051336,19.400000,18.520000
1.051738,19.393332,18.533333
1.052139,19.379999,18.526667
1.052540,19.453333,18.533333
1.052942,19.420000,18.553333
1.053343,19.420000,18.420000
1.053745,19.439999,18.580000
1.054146,19.413332,18.586666
1.054548,19.433332,18.599998
1.054949,19.453333,18.586666
1.055351,19.446667,18.606665
1.055752,19.493334,18.586666
1.056153,19.539999,18.599998
1.056554,19.466667,18.553333
1.056955,19.493334,18.599998
1.057356,19.480000,18.626665
1.057758,19.439999,18.626665
1.058159,19.480000,18.626665
1.058560,19.500000,18.646666
1.058962,19.420000,18.646666
1.059363,19.506666,18.673334
1.059765,19.539999,18.700001
1.060167,19.559999,18.673334
1.060569,19.539999,18.646666
1.060971,19.566666,18.660000
1.061372,19.559999,18.686666
1.061774,19.519999,18.673334
1.062175,19.566666,18.740000
1.062576,19.573334,18.700001
1.062977,19.566666,18.700001
1.063379,19.553333,18.746666
1.063780,19.620001,18.700001
1.064181,19.580000,18.680000
1.064583,19.613333,18.759998
1.064985,19.533333,18.719999
1.065386,19.606667,18.726665
1.065787,19.620001,18.733332
1.066188,19.626667,18.726665
1.066589,19.620001,18.713333
1.066990,19.633333,18.726665
1.067392,19.626667,18.719999
1.067793,19.633333,18.759998
1.068194,19.626667,18.726665
1.068595,19.633333,18.766666
1.068996,19.620001,18.753332
1.069397,19.626667,18.740000
1.069799,19.620001,18.746666
1.070200,19.633333,18.766666
1.070602,19.699999,18.846666
1.071003,19.639999,18.693333
1.071404,19.673332,18.766666
1.071807,19.600000,18.719999
1.072208,19.719999,18.733332
1.072609,19.673332,18.506666
1.073010,19.659998,18.733332
1.073411,19.620001,18.786667
1.073813,19.706667,18.786667
1.074214,19.686666,18.826666
1.074615,19.693333,18.799999
1.075016,19.713333,18.813334
1.075417,19.746666,18.813334
1.075819,19.699999,18.786667
1.076220,19.693333,18.793333
1.076621,19.726667,18.900000
1.077023,19.486668,18.833334
1.077424,19.726667,18.826666
1.077826,19.706667,18.806667
1.078228,19.733334,18.946667
1.078630,19.726667,18.826666
1.079032,19.733334,18.826666
1.079433,19.760000,18.879999
1.079834,19.733334,18.826666
1.080235,19.706667,18.833334
1.080637,19.673332,18.853333
1.081039,19.733334,18.779999
1.081440,19.666666,18.826666
1.081841,19.753334,18.840000
1.082242,19.753334,18.766666
1.082644,19.753334,18.853333
1.083046,19.753334,18.879999
1.083447,19.753334,18.873333
1.083848,19.686666,18.866665
1.084249,19.766666,18.873333
1.084650,19.746666,18.859999
1.085051,19.746666,18.873333
1.085453,19.753334,18.859999
1.085854,19.753334,18.873333
1.086255,19.773333,19.119999
1.086657,19.793333,18.879999
1.087059,19.760000,18.879999
1.087460,19.773333,18.853333
1.087862,19.806665,18.886665
1.088263,19.773333,18.879999
1.088664,19.760000,18.853333
1.089066,19.760000,18.879999
1.089467,19.766666,18.866665
1.089868,19.760000,18.879999
1.090269,19.686666,18.873333
1.090670,19.793333,18.900000
1.091072,19.793333,18.900000
1.091473,19.779999,18.866665
1.091874,19.760000,18.879999
1.092276,19.793333,18.879999
1.092677,19.786665,18.879999
1.093078,19.773333,18.873333
1.093480,19.793333,18.879999
1.093882,19.793333,18.920000
1.094283,19.779999,19.026667
1.094684,19.779999,18.999998
1.095086,19.826666,18.873333
1.095487,19.793333,18.879999
1.095888,19.786665,18.886665
1.096289,19.820000,18.879999
1.096690,19.799999,18.886665
1.097091,19.779999,18.886665
1.097493,19.826666,18.879999
1.097894,19.760000,18.840000
1.098295,19.786665,18.879999
1.098697,19.813332,18.900000
1.099098,19.773333,18.886665
1.099499,19.813332,18.879999
1.099900,19.793333,18.900000
1.100301,19.799999,18.879999
1.100702,19.719999,18.879999
1.101104,19.760000,18.980000
1.101505,19.779999,18.840000
1.101907,19.793333,18.906666
1.102308,19.779999,19.100000
1.102710,19.793333,18.893333
1.103111,19.786665,18.886665
1.103513,19.740000,18.886665
1.103915,19.793333,18.886665
1.104317,19.793333,18.920000
1.104718,19.760000,18.826666
1.105120,19.760000,18.879999
1.105522,19.766666,18.906666
1.105923,19.799999,18.746666
1.106325,19.746666,18.866665
1.106726,19.773333,18.799999
1.107128,19.779999,18.893333
1.107529,19.753334,18.886665
1.107931,19.766666,18.873333
1.108332,19.880001,18.866665
1.108734,19.786665,18.873333
1.109136,19.813332,18.873333
1.109537,19.753334,18.873333
1.109938,19.740000,18.846666
1.110340,19.753334,18.859999
1.110741,19.746666,18.853333
1.111142,19.740000,18.866665
1.111544,19.746666,18.866665
1.111946,19.713333,18.886665
1.112348,19.740000,18.879999
1.112750,19.740000,18.906666
1.113151,19.753334,18.879999
1.113552,19.760000,18.813334
1.113954,19.820000,19.006666
1.114355,19.706667,18.846666
1.114756,19.733334,18.879999
1.115157,19.733334,18.866665
1.115558,19.713333,18.806667
1.115960,19.740000,18.873333
1.116361,19.726667,18.813334
1.116763,19.713333,18.833334
1.117165,19.713333,18.826666
1.117566,19.733334,18.846666
1.117967,19.706667,18.759998
1.118368,19.699999,18.833334
1.118769,19.693333,18.820000
1.119171,19.693333,18.799999
1.119573,19.699999,18.879999
1.119974,19.699999,18.786667
1.120375,19.713333,18.846666
1.120780,19.679998,18.786667
1.121183,19.713333,18.799999
1.121584,19.733334,18.826666
1.121985,19.686666,18.799999
1.122387,19.733334,18.766666
1.122788,19.706667,18.853333
1.123190,19.693333,18.826666
1.123591,19.653332,18.773333
1.123992,19.673332,18.773333
1.124393,19.653332,18.766666
1.124794,19.666666,18.753332
1.125196,19.639999,18.746666
1.125598,19.659998,18.759998
1.126000,19.639999,18.746666
1.126401,19.639999,18.759998
1.126802,19.613333,18.746666
1.127203,19.633333,18.733332
1.127604,19.626667,18.726665
1.128005,19.606667,18.626665
1.128406,19.613333,18.726665
1.128807,19.633333,18.533333
1.129208,19.593332,18.733332
1.129610,19.626667,18.713333
1.130011,19.580000,18.706667
1.130412,19.633333,18.706667
1.130813,19.573334,18.726665
1.131215,19.626667,18.686666
1.131616,19.580000,18.693333
1.132017,19.586666,18.700001
1.132419,19.586666,18.673334
1.132821,19.559999,18.673334
1.133223,19.553333,18.666666
1.133624,19.553333,18.660000
1.134025,19.566666,18.673334
1.134426,19.533333,18.660000
1.134827,19.506666,18.653334
1.135228,19.480000,18.626665
1.135629,19.480000,18.646666
1.136030,19.506666,18.633333
1.136431,19.506666,18.493332
1.136833,19.539999,18.586666
1.137234,19.480000,18.639999
1.137635,19.480000,18.639999
1.138036,19.539999,18.619999
1.138437,19.406666,18.606665
1.138839,19.473333,18.533333
1.139241,19.459999,18.606665
1.139642,19.473333,18.553333
1.140044,19.420000,18.599998
1.140446,19.373333,18.599998
1.140847,19.433332,18.580000
1.141248,19.386665,18.586666
1.141650,19.400000,18.546667
1.142052,19.393332,18.546667
1.142453,19.420000,18.559999
1.142854,19.420000,18.553333
1.143255,19.420000,18.526667
1.143657,19.406666,18.553333
1.144058,19.373333,18.900000
1.144459,19.346666,18.473331
1.144861,19.400000,18.539999
1.145263,19.400000,18.526667
1.145664,19.379999,18.493332
1.146066,19.340000,18.513332
1.146467,19.373333,18.520000
1.146868,19.333334,18.473331
1.147270,19.320000,18.513332
1.147671,19.313334,18.459999
1.148073,19.253332,18.466665
1.148474,19.366667,18.526667
1.148875,19.320000,18.473331
1.149276,19.346666,18.426666
1.149678,19.293333,18.426666
1.150080,19.286665,18.446667
1.150481,19.286665,18.453333
1.150882,19.259998,18.346666
1.151284,19.279999,18.400000
1.151686,19.286665,18.406666
1.152087,19.233334,18.393333
1.152488,19.240000,18.400000
1.152889,19.226667,18.393333
1.153290,19.226667,18.366667
1.153691,19.219999,18.353333
1.154092,19.206667,18.393333
1.154493,19.193333,18.333332
1.154895,19.206667,18.473331
1.155296,19.213333,18.353333
1.155697,19.193333,18.333332
1.156099,19.126665,18.326666
1.156501,19.186666,18.313334
1.156904,19.173332,18.440001
1.157305,19.133331,18.533333
1.157706,19.133331,18.273333
1.158108,19.113333,18.253332
1.158509,19.126665,18.280001
1.158910,19.100000,18.266666
1.159312,19.186666,18.273333
1.159713,19.100000,18.266666
1.160114,19.086666,18.246666
1.160515,19.066666,18.226665
1.160916,19.080000,18.240000
1.161317,18.999998,18.233332
1.161719,19.053333,18.180000
1.162120,19.006666,18.180000
1.162521,19.033333,18.173334
1.162922,19.019999,18.173334
1.163323,18.999998,18.186666
1.163724,19.086666,18.160000
1.164125,18.986666,18.180000
1.164526,18.966667,18.139999
1.164927,18.966667,18.053333
1.165329,18.953333,18.166666
1.165730,18.993332,18.113333
1.166131,18.946667,18.126667
1.166532,18.960001,18.253332
1.166933,18.926666,18.106667
1.167335,18.893333,18.086666
1.167737,18.893333,18.046667
1.168139,18.900000,18.033333
1.168540,18.866665,18.046667
1.168942,18.866665,18.046667
1.169343,18.866665,18.040001
1.169745,18.853333,18.046667
1.170147,18.866665,18.020000
1.170548,18.840000,17.826666
1.170949,18.820000,18.020000
1.171350,18.686666,17.993332
1.171752,18.873333,17.973333
1.172153,18.806667,17.973333
1.172554,18.740000,17.873333
1.172955,18.773333,17.953333
1.173356,18.773333,18.020000
1.173759,18.686666,17.913334
1.174160,18.746666,17.946665
1.174561,18.693333,17.906668
1.174962,18.700001,17.893333
1.175364,18.646666,17.886667
1.175765,18.706667,17.886667
1.176167,18.706667,17.879999
1.176569,18.666666,17.859999
1.176970,18.693333,17.926666
1.177371,18.653334,17.873333
1.177772,18.639999,17.820000
1.178174,18.653334,17.813332
1.178575,18.586666,17.813332
1.178976,18.593332,17.780001
1.179378,18.586666,17.813332
1.179780,18.573334,17.773333
1.180181,18.606665,17.760000
1.180582,18.566668,17.746666
1.180983,18.580000,17.760000
1.181384,18.546667,17.793333
1.181786,18.440001,17.706665
1.182187,18.520000,17.873333
1.182588,18.513332,17.699999
1.182990,18.500000,17.693333
1.183391,18.493332,17.693333
1.183792,18.480000,17.713333
1.184193,18.486666,17.686666
1.184594,18.453333,17.639999
1.184996,18.440001,17.666666
1.185399,18.393333,17.660000
1.185801,18.400000,17.626667
1.186202,18.400000,17.539999
1.186604,18.400000,17.613333
1.187005,18.373333,17.586666
1.187406,18.359999,17.586666
1.187807,18.339998,17.660000
1.188208,18.339998,17.526667
1.188609,18.293333,17.606667
1.189010,18.339998,17.526667
1.189412,18.260000,17.493334
1.189814,18.280001,17.593332
1.190215,18.286667,17.473333
1.190616,18.273333,17.459999
1.191018,18.260000,17.473333
1.191420,18.266666,17.473333
1.191821,18.253332,17.446667
1.192222,18.213333,17.406666
1.192623,18.206665,17.386667
1.193024,18.133333,17.366667
1.193425,18.233332,17.393333
1.193827,18.160000,17.360001
1.194228,18.173334,17.233334
1.194630,18.146666,17.380001
1.195031,18.126667,17.206667
1.195432,18.113333,17.333332
1.195833,18.113333,17.333332
1.196234,18.066666,17.346666
1.196636,18.046667,17.266666
1.197037,18.079998,17.320000
1.197438,18.053333,17.139999
1.197841,18.026667,17.266666
1.198242,18.026667,17.113333
1.198644,18.040001,17.266666
1.199045,18.013332,17.199999
1.199446,18.000000,17.206667
1.199847,17.973333,17.206667
1.200248,17.973333,17.186666
1.200651,18.006666,17.173332
1.201053,17.939999,17.139999
1.201454,17.939999,17.173332
1.201855,17.900000,17.106667
1.202257,17.900000,17.126667
1.202658,17.879999,17.126667
1.203060,17.859999,17.046665
1.203461,17.873333,17.059999
1.203863,17.859999,17.046665
1.204264,17.826666,17.039999
1.204666,17.833332,17.039999
1.205067,17.820000,17.026665
1.205469,17.793333,17.026665
1.205872,17.679998,16.993334
1.206273,17.746666,16.886665
1.206675,17.886667,16.946667
1.207076,17.740000,16.959999
1.207477,17.733334,16.926666
1.207879,17.699999,16.926666
1.208281,17.679998,16.906666
1.208683,17.593332,16.860001
1.209084,17.673332,16.906666
1.209485,17.660000,16.900000
1.209887,17.719999,16.873333
1.210288,17.713333,16.866667
1.210689,17.613333,16.853334
1.211090,17.593332,16.853334
1.211491,17.539999,16.793333
1.211892,17.539999,16.786665
1.212294,17.533333,16.793333
1.212696,17.526667,16.786665
1.213098,17.480000,16.786665
1.213499,17.459999,16.753332
1.213900,17.473333,16.773333
1.214302,17.446667,16.786665
1.214703,17.433332,16.753332
1.215104,17.439999,16.546667
1.215505,17.433332,16.713333
1.215906,17.393333,16.499998
1.216307,17.373333,16.660000
1.216709,17.299999,16.660000
1.217110,17.380001,16.613333
1.217511,17.346666,16.593334
1.217913,17.326666,16.619999
1.218315,17.366667,16.619999
1.218716,17.299999,16.559999
1.219118,17.273333,16.480000
1.219520,17.293333,16.519999
1.219921,17.260000,16.499998
1.220323,17.266666,16.486666
1.220724,17.273333,16.499998
1.221125,17.166666,16.446667
1.221526,17.179998,16.486666
1.221928,17.186666,16.420000
1.222330,17.146666,16.413332
1.222732,17.146666,16.366665
1.223134,17.039999,16.406666
1.223536,17.100000,16.366665
1.223938,17.026665,16.340000
1.224339,17.039999,16.286667
1.224740,17.039999,16.273333
1.225141,17.033333,16.279999
1.225542,17.026665,16.266666
1.225944,17.006666,16.253332
1.226346,16.959999,16.253332
1.226748,16.953333,16.180000
1.227150,16.953333,16.193333
1.227551,16.986668,16.146666
1.227953,16.906666,16.160000
1.228354,16.906666,16.446667
1.228755,17.006666,16.053333
1.229156,16.900000,16.099998
1.229558,16.879999,16.279999
1.229960,16.860001,16.046667
1.230363,16.793333,16.059999
1.230765,16.860001,16.020000
1.231167,16.833334,16.006666
1.231568,16.799999,15.993333
1.231969,16.799999,15.980000
1.232371,16.779999,15.940000
1.232772,16.759998,15.920000
1.233173,16.746666,15.913334
1.233574,16.719999,15.946666
1.233975,16.700001,15.833333
1.234376,16.686666,15.913334
1.234780,16.653332,15.833333
1.235181,16.619999,15.853333
1.235582,16.626665,15.780001
1.235984,16.626665,15.753332
1.236385,16.580000,15.740000
1.236786,16.573334,15.740000
1.237187,16.539999,15.746666
1.237590,16.526667,15.733333
1.237991,16.519999,15.673333
1.238394,16.493332,15.673333
1.238796,16.460001,15.646666
1.239198,16.426666,15.646666
1.239599,16.413332,15.606667
1.240001,16.539999,15.846667
1.240402,16.379999,15.240000
1.240804,16.366665,15.579999
1.241205,16.346666,15.546666
1.241606,16.333334,15.480000
1.242008,16.299999,15.546666
1.242409,16.293333,15.520000
1.242812,16.313334,15.453334
1.243213,16.226665,15.440000
1.243614,16.226665,15.453334
1.244016,16.186666,15.406667
1.244417,16.166666,15.393333
1.244818,16.193333,15.373333
1.245219,16.153334,15.346666
1.245620,16.113333,15.326667
1.246022,16.106665,15.293332
1.246423,16.080000,15.333333
1.246826,16.106665,15.293332
1.247227,15.980000,15.226665
1.247629,16.026667,15.306666
1.248030,16.080000,15.226665
1.248431,15.980000,15.200000
1.248833,15.973332,15.213333
1.249234,15.960000,15.166667
1.249635,15.966666,15.139999
1.250036,15.906666,15.139999
1.250437,15.866667,15.100000
1.250839,15.833333,15.133333
1.251241,15.760000,14.953333
1.251643,15.879999,14.953333
1.252044,15.780001,14.953333
1.252445,15.746666,14.953333
1.252847,15.746666,14.953333
1.253248,15.760000,14.940000
1.253649,15.633333,14.893332
1.254050,15.626667,14.846666
1.254453,15.613333,14.953333
1.254854,15.646666,14.853333
1.255256,15.619999,14.813333
1.255657,15.639999,14.473333
1.256059,15.553332,14.753333
1.256460,15.480000,14.873333
1.256861,15.540000,14.766665
1.257262,15.480000,14.733334
1.257664,15.480000,14.753333
1.258066,15.480000,14.693333
1.258467,15.460000,14.693333
1.258868,15.413333,14.659999
1.259269,15.406667,14.646667
1.259671,15.379999,14.593332
1.260073,15.353333,14.606667
1.260474,15.326667,14.559999
1.260875,15.320001,14.580000
1.261276,15.306666,14.533334
1.261677,15.273333,14.520000
1.262079,15.233334,14.506667
1.262481,15.226665,14.473333
1.262883,15.219999,14.166666
1.263284,15.200000,14.439999
1.263686,15.200000,14.420000
1.264088,15.126667,14.433332
1.264491,15.093332,14.420000
1.264892,15.179999,14.326666
1.265293,15.020000,14.293333
1.265694,15.013333,14.326666
1.266095,14.953333,14.320000
1.266496,15.013333,14.293333
1.266897,14.953333,14.266667
1.267299,14.953333,14.233333
1.267700,14.933333,14.206667
1.268101,14.926667,14.200001
1.268502,14.866667,14.140000
1.268903,14.860001,14.153333
1.269304,14.806666,14.133332
1.269705,14.780000,14.146667
1.270107,14.773334,14.120000
1.270508,14.759999,14.113334
1.270910,14.746666,13.926666
1.271312,14.719999,13.746667
1.271713,14.693333,13.993333
1.272114,14.706667,13.966666
1.272515,14.686666,13.960000
1.272917,14.633332,13.979999
1.273319,14.606667,13.833333
1.273721,14.566666,13.900000
1.274123,14.566666,13.886666
1.274525,14.499999,13.866666
1.274927,14.559999,13.846665
1.275328,14.513333,13.813334
1.275729,14.480000,13.820000
1.276130,14.466667,13.746667
1.276531,14.426666,13.773333
1.276934,14.406667,13.573333
1.277335,14.346666,13.726666
1.277737,14.353333,13.613334
1.278138,14.346666,13.673334
1.278540,14.320000,13.639999
1.278942,14.313334,13.633333
1.279343,14.273334,13.646666
1.279745,14.253333,13.586667
1.280146,14.213333,13.559999
1.280548,14.226666,13.533333
1.280949,14.120000,13.466666
1.281351,14.253333,13.486667
1.281753,14.153333,13.473332
1.282155,14.140000,13.473332
1.282556,14.106666,13.440000
1.282957,14.073334,13.386665
1.283359,14.073334,13.420000
1.283761,14.006667,13.379999
1.284162,13.746667,13.333333
1.284565,13.993333,13.313333
1.284968,13.986667,13.293333
1.285369,13.953333,13.293333
1.285770,13.933332,13.246666
1.286171,13.900000,13.259999
1.286572,13.806667,13.233334
1.286974,13.846665,12.960000
1.287375,13.813334,13.146667
1.287780,13.773333,13.160000
1.288181,13.799999,13.120000
1.288582,13.779999,13.100000
1.288983,13.726666,13.093333
1.289384,13.693333,13.353333
1.289786,13.740001,12.980000
1.290187,13.579999,13.013333
1.290589,13.639999,12.806666
1.290990,13.599999,12.940000
1.291391,13.599999,12.946667
1.291793,13.566667,12.940000
1.292194,13.546667,12.919999
1.292596,13.546667,12.786666
1.292997,13.500000,12.873333
1.293399,13.480000,12.866666
1.293800,13.426666,12.806666
1.294201,13.446666,12.786666
1.294602,13.400000,12.766666
1.295003,13.393333,12.766666
1.295405,13.353333,12.719999
1.295807,13.320000,12.593333
1.296208,13.259999,12.559999
1.296610,13.286667,12.473333
1.297011,13.293333,12.633333
1.297414,13.186666,12.593333
1.297815,13.293333,12.593333
1.298217,13.220000,12.566667
1.298618,13.220000,12.520000
1.299019,13.139999,12.513333
1.299420,13.113333,12.506667
1.299821,13.046666,12.493333
1.300222,13.093333,12.420000
1.300623,13.040000,12.446667
1.301024,13.040000,12.420000
1.301426,12.993333,12.386666
1.301827,12.973333,12.366667
1.302228,12.986666,12.393332
1.302629,12.946667,12.326666
1.303030,12.919999,12.246667
1.303431,12.846666,12.346666
1.303833,12.893333,12.360000
1.304234,12.813334,11.926666
1.304635,12.793333,12.246667
1.305036,12.746666,12.153333
1.305437,12.766666,12.153333
1.305839,12.733333,12.080000
1.306241,12.719999,12.053333
1.306642,12.646667,12.073333
1.307044,12.666666,12.066666
1.307445,12.613333,11.973333
1.307847,12.606667,11.973333
1.308248,12.593333,11.999999
1.308650,12.580000,11.946667
1.309052,12.566667,11.999999
1.309453,12.466666,11.893333
1.309855,12.513333,11.879999
1.310256,12.486667,11.879999
1.310658,12.446667,11.973333
1.311060,12.373333,11.820000
1.311461,12.420000,11.786667
1.311862,12.366667,11.780000
1.312263,12.420000,11.746666
1.312664,12.300000,11.693333
1.313065,12.366667,11.706667
1.313466,12.253333,11.706667
1.313867,12.246667,11.473332
1.314268,12.213333,11.620000
1.314670,12.166667,11.580000
1.315071,12.153333,11.646667
1.315472,12.086666,11.553333
1.315874,12.080000,11.539999
1.316275,12.033333,11.493333
1.316676,12.066666,11.539999
1.317077,12.046667,11.460000
1.317479,12.026667,11.453334
1.317881,11.986667,11.466666
1.318282,11.973333,11.393333
1.318684,11.920000,11.333333
1.319085,11.893333,11.353333
1.319486,11.900000,11.326667
1.319888,11.866666,11.193334
1.320289,11.866666,11.273333
1.320691,11.826667,11.219999
1.321092,11.813333,11.113334
1.321493,11.780000,11.213333
1.321895,11.740000,11.193334
1.322296,11.746666,11.193334
1.322698,11.706667,10.933333
1.323100,11.666666,11.133333
1.323501,11.660000,11.366667
1.323904,11.620000,11.046666
1.324305,11.606667,11.033333
1.324707,11.580000,11.033333
1.325109,11.533333,11.006666
1.325511,11.506666,10.993334
1.325913,11.520000,10.933333
1.326315,11.460000,10.906667
1.326716,11.433333,10.866667
1.327117,11.426666,10.879999
1.327518,11.366667,10.940000
1.327920,11.373333,10.853333
1.328321,11.353333,10.840000
1.328722,11.293333,10.746666
1.329123,11.326667,10.740000
1.329525,11.266666,10.759999
1.329927,11.233333,10.700000
1.330328,11.240000,10.706666
1.330730,11.180000,10.706666
1.331131,11.186666,10.673333
1.331532,11.206666,10.626666
1.331934,11.133333,10.633333
1.332337,11.099999,10.593333
1.332738,11.066667,10.553332
1.333140,11.046666,10.500000
1.333543,11.026667,10.506666
1.333945,11.020000,10.233333
1.334346,11.000000,10.486666
1.334748,10.966666,10.440000
1.335149,10.893332,10.380000
1.335550,10.893332,10.353333
1.335951,10.873333,10.353333
1.336352,10.853333,10.320000
1.336753,10.840000,10.320000
1.337155,10.806666,10.293333
1.337556,10.780000,10.226666
1.337957,10.740000,10.206667
1.338360,10.720000,10.200000
1.338761,10.686666,10.193334
1.339163,10.666667,10.140000
1.339565,10.506666,10.133333
1.339967,10.673333,10.113333
1.340369,10.639999,10.140000
1.340771,10.626666,10.046666
1.341173,10.540000,10.046666
1.341574,10.533334,10.040000
1.341975,10.513333,9.993333
1.342376,10.273334,9.959999
1.342780,10.440000,9.966666
1.343181,10.419999,9.920000
1.343584,10.406667,9.966666
1.343986,10.380000,9.893332
1.344387,10.333333,9.833333
1.344788,10.293333,9.940001
1.345189,10.280000,9.793333
1.345590,10.293333,9.793333
1.345991,10.273334,9.773333
1.346392,10.240000,9.740000
1.346794,10.219999,9.726666
1.347195,10.186666,9.513333
1.347596,10.226666,9.646667
1.347997,10.099999,9.613334
1.348400,10.120000,9.613334
1.348801,10.080000,9.586666
1.349204,10.080000,9.586666
1.349605,10.066667,9.600000
1.350007,10.006667,9.546667
1.350408,9.973333,9.446667
1.350809,9.973333,9.600000
1.351211,9.926666,9.493333
1.351613,9.913333,9.346666
1.352014,9.780000,9.346666
1.352415,9.839999,9.346666
1.352816,9.853333,9.346666
1.353217,9.833333,9.286667
1.353619,9.780000,9.326667
1.354021,9.786667,9.280000
1.354422,9.766666,9.253333
1.354824,9.706666,9.253333
1.355225,9.633333,9.206667
1.355626,9.626666,9.179999
1.356027,9.646667,9.126666
1.356430,9.626666,9.146667
1.356832,9.600000,9.093333
1.357233,9.573333,9.093333
1.357634,9.520000,9.020000
1.358036,9.520000,9.006666
1.358438,9.486667,9.026667
1.358840,9.486667,9.020000
1.359241,9.400000,8.933333
1.359642,9.346666,8.946667
1.360044,9.346666,8.906666
1.360445,9.313333,8.913333
1.360847,9.320000,8.866667
1.361248,9.306666,8.866667
1.361649,9.246666,8.866667
1.362051,9.260000,8.806666
1.362452,9.220000,8.740000
1.362855,9.186666,8.740000
1.363257,9.160000,8.740000
1.363659,9.140000,8.666666
1.364060,9.153334,8.693334
1.364461,9.106667,8.773333
1.364862,8.986667,8.613334
1.365263,9.106667,8.639999
1.365664,9.059999,8.579999
1.366066,8.973332,8.573333
1.366467,8.960000,8.546666
1.366868,8.920000,8.500000
1.367269,8.920000,8.486667
1.367671,8.906666,8.480000
1.368072,8.846666,8.466666
1.368473,8.853333,8.393332
1.368875,8.833333,8.393332
1.369276,8.833333,8.393332
1.369678,8.773333,8.360000
1.370080,8.746667,8.220000
1.370481,8.766666,8.233334
1.370882,8.700000,8.300000
1.371283,8.666666,8.233334
1.371685,8.653333,8.213333
1.372086,8.620000,8.213333
1.372488,8.566667,8.213333
1.372889,8.560000,8.146667
1.373292,8.560000,8.320000
1.373693,8.506666,8.200000
1.374094,8.486667,8.113333
1.374495,8.473333,8.040000
1.374897,8.453333,8.053332
1.375298,8.433333,7.980000
1.375699,8.393332,7.980000
1.376100,8.473333,7.960000
1.376501,8.346666,7.946667
1.376902,8.300000,7.926667
1.377305,8.326666,7.906666
1.377706,8.280000,7.846667
1.378108,8.246666,7.853333
1.378510,8.200000,7.840000
1.378911,8.200000,7.793334
1.379313,8.193333,7.766666
1.379714,8.146667,7.760000
1.380116,8.126666,7.720000
1.380517,8.093333,7.679999
1.380919,8.080000,7.600000
1.381320,8.046666,7.686666
1.381721,8.006666,7.873333
1.382123,7.986666,7.613333
1.382524,7.973333,7.586667
1.382925,7.953333,7.526666
1.383326,7.873333,7.533333
1.383727,7.900000,7.513333
1.384129,7.866666,7.640000
1.384530,7.886666,7.486667
1.384931,7.820000,7.446666
1.385333,7.786666,7.486667
1.385734,7.746666,7.353333
1.386136,7.753333,7.353333
1.386537,7.733333,7.366667
1.386939,7.626667,7.293333
1.387340,7.660000,7.253334
1.387741,7.666667,7.226666
1.388143,7.606667,7.233334
1.388545,7.593334,7.226666
1.388947,7.593334,7.466667
1.389348,7.566667,7.166667
1.389750,7.706666,6.813333
1.390151,7.506667,7.160000
1.390553,7.486667,7.166667
1.390955,7.460000,7.113333
1.391356,7.420000,7.080000
1.391757,7.400000,7.026667
1.392159,7.380000,7.133334
1.392560,7.366667,7.020000
1.392962,7.320000,7.000000
1.393363,7.313333,6.893333
1.393764,7.286667,6.953333
1.394165,7.340000,6.960000
1.394566,7.260000,6.926667
1.394968,7.219999,6.940000
1.395369,7.200000,6.853333
1.395771,7.166667,6.806667
1.396172,7.119999,6.846666
1.396573,7.140000,6.926667
1.396975,7.126667,6.780000
1.397376,7.080000,6.726666
1.397780,7.106667,6.546667
1.398181,6.993333,6.646667
1.398582,7.060000,6.646667
1.398983,7.026667,6.693333
1.399385,6.960000,6.526666
1.399786,6.980000,6.600000
1.400187,6.933333,6.540000
1.400588,6.886666,6.546667
1.400989,6.873333,6.520000
1.401390,6.860000,6.466667
1.401792,6.793334,6.466667
1.402194,6.780000,6.453333
1.402595,6.760000,6.413333
1.402996,6.766666,6.306666
1.403398,6.720000,6.286667
1.403800,6.673334,6.313334
1.404201,6.680000,6.293333
1.404602,6.706667,6.293333
1.405003,6.640000,6.273333
1.405404,6.600000,6.253334
1.405807,6.566667,6.220000
1.406208,6.513333,6.206666
1.406609,6.620000,6.186666
1.407010,6.493333,6.313334
1.407411,6.453333,6.113333
1.407814,6.380000,6.126667
1.408215,6.666667,6.126667
1.408617,6.373333,6.086667
1.409018,6.360000,6.060000
1.409419,6.353333,6.046667
1.409820,6.260000,5.980000
1.410221,6.286667,5.946667
1.410623,6.280000,5.946667
1.411025,6.300000,6.013333
1.411426,6.253334,5.940000
1.411827,6.200000,5.853333
1.412229,6.180000,5.866666
1.412630,6.166667,5.853333
1.413031,6.180000,5.746666
1.413432,6.100000,5.860000
1.413834,6.106667,5.800000
1.414235,6.060000,5.593333
1.414637,6.033333,5.753333
1.415038,5.940000,5.840000
1.415439,5.986667,5.700000
1.415841,5.966666,5.673333
1.416242,5.940000,5.653333
1.416644,5.940000,5.646667
1.417045,5.906666,5.606667
1.417446,5.893333,5.606667
1.417848,5.860000,5.566667
1.418249,5.873333,5.580000
1.418650,5.740000,5.553333
1.419052,5.793334,5.533333
1.419453,5.753333,5.493333
1.419854,5.640000,5.586667
1.420255,5.700000,5.460000
1.420657,5.713333,5.413333
1.421058,5.673333,5.413333
1.421459,5.660000,5.466667
1.421861,5.633333,5.340000
1.422262,5.613333,5.333333
1.422664,5.613333,5.306666
1.423065,5.660000,5.260000
1.423466,5.500000,5.326667
1.423867,5.539999,5.240000
1.424268,5.500000,5.240000
1.424670,5.486667,5.240000
1.425071,5.453333,5.220000
1.425473,5.460000,5.180000
1.425874,5.446666,5.153333
1.426275,5.340000,5.160000
1.426677,5.306666,5.073333
1.427078,5.340000,5.066667
1.427479,5.326667,5.060000
1.427881,5.286666,4.960000
1.428282,5.273333,5.033333
1.428683,5.260000,5.093333
1.429085,5.246666,4.966667
1.429486,5.240000,4.986667
1.429888,5.200000,4.946666
1.430289,5.186666,4.946666
1.430690,5.086667,5.033333
1.431091,5.073333,4.873333
1.431494,5.100000,4.873333
1.431895,5.086667,4.706666
1.432297,5.020000,4.840000
1.432698,5.033333,4.793333
1.433099,5.040000,4.773334
1.433500,4.960000,4.753333
1.433901,5.040000,4.720000
1.434302,4.973333,4.726666
1.434703,4.920000,4.713333
1.435104,4.926667,4.680000
1.435506,4.886666,4.673333
1.435908,4.873333,4.646667
1.436309,4.860000,4.600000
1.436710,4.820000,4.520000
1.437112,4.826666,4.593333
1.437513,4.793333,4.540000
1.437915,4.766666,4.540000
1.438316,4.760000,4.540000
1.438718,4.713333,4.380000
1.439119,4.706666,4.473333
1.439520,4.700000,4.720000
1.439921,4.660000,4.446667
1.440322,4.646667,4.446667
1.440724,4.640000,4.420000
1.441125,4.620000,4.326666
1.441526,4.566667,4.353333
1.441927,4.560000,4.360000
1.442328,4.540000,4.333333
1.442729,4.533333,4.346667
1.443130,4.486666,4.313334
1.443531,4.460000,4.266666
1.443932,4.460000,4.246667
1.444335,4.433333,4.100000
1.444738,4.406667,4.206666
1.445140,4.386666,4.193333
1.445542,4.420000,4.186666
1.445944,4.360000,4.153333
1.446345,4.353333,4.166667
1.446747,4.320000,4.080000
1.447149,4.280000,4.126667
1.447552,4.273333,4.106667
1.447954,4.260000,4.066667
1.448356,4.226666,4.066667
1.448758,4.226666,3.920000
1.449159,4.193333,4.073333
1.449560,4.186666,4.020000
1.449962,4.180000,3.980000
1.450363,4.133333,3.920000
1.450764,4.186666,3.926666
1.451166,4.093333,3.926666
1.451567,4.080000,3.900000
1.451969,4.073333,3.900000
1.452370,4.060000,3.846667
1.452772,3.820000,3.820000
1.453173,4.026666,3.613333
1.453574,4.006667,3.806666
1.453976,3.986666,3.746666
1.454378,3.953333,3.700000
1.454781,3.980000,3.633333
1.455182,3.926666,3.733333
1.455585,3.893333,3.660000
1.455987,3.846667,3.660000
1.456389,3.666667,3.546667
1.456790,3.833333,3.653333
1.457193,3.806666,3.833333
1.457594,3.766667,3.633333
1.457995,3.733333,3.580000
1.458398,3.786667,3.540000
1.458800,3.720000,3.540000
1.459201,3.660000,3.486667
1.459602,3.653333,3.500000
1.460005,3.660000,3.486667
1.460408,3.633333,3.440000
1.460811,3.633333,3.493333
1.461212,3.600000,3.393333
1.461613,3.560000,3.406667
1.462014,3.520000,3.406667
1.462415,3.680000,3.400000
1.462816,3.520000,3.386667
1.463218,3.466666,3.386667
1.463619,3.553333,3.313333
1.464021,3.480000,3.300000
1.464423,3.433333,3.440000
1.464826,3.393333,3.253333
1.465227,3.406667,3.313333
1.465629,3.400000,3.133333
1.466030,3.380000,3.226667
1.466431,3.360000,3.226667
1.466832,3.333333,3.193333
1.467233,3.313333,3.193333
1.467634,3.313333,2.966666
1.468035,3.286667,3.046667
1.468436,3.266667,3.106667
1.468839,3.286667,3.120000
1.469240,3.220000,3.120000
1.469641,3.260000,3.053333
1.470043,3.206667,3.060000
1.470444,3.153333,3.046667
1.470846,3.166667,2.900000
1.471247,3.133333,2.806667
1.471648,3.180000,2.946667
1.472050,3.133333,2.993333
1.472451,2.993333,2.960000
1.472853,3.053333,2.960000
1.473254,3.066667,2.926667
1.473656,3.033333,2.960000
1.474057,3.026667,2.946667
1.474458,3.040000,2.860000
1.474860,3.013333,2.960000
1.475261,3.000000,2.913333
1.475663,2.946667,2.793333
1.476064,2.953333,2.806667
1.476465,2.940000,2.793333
1.476867,2.906667,2.793333
1.477268,2.873333,2.786667
1.477670,2.866667,2.733333
1.478071,2.873333,2.733333
1.478472,2.840000,2.706666
1.478874,2.806667,2.666667
1.479275,2.793333,2.673333
1.479677,2.786667,2.766667
1.480078,2.773333,2.613333
1.480480,2.773333,2.620000
1.480883,2.726667,2.613333
1.481284,2.733333,2.433333
1.481686,2.726667,2.600000
1.482088,2.686666,2.606667
1.482489,2.680000,2.580000
1.482891,2.500000,2.526667
1.483292,2.640000,2.520000
1.483694,2.633333,2.526667
1.484095,2.613333,2.493333
1.484496,2.600000,2.466667
1.484898,2.626667,2.453333
1.485299,2.566667,2.453333
1.485701,2.546667,2.433333
1.486103,2.560000,2.426666
1.486504,2.493333,2.520000
1.486906,2.486667,2.400000
1.487308,2.486667,2.366667
1.487709,2.466667,2.586667
1.488110,2.460000,2.366667
1.488512,2.440000,2.286667
1.488914,2.373333,2.300000
1.489315,2.473333,2.266667
1.489717,2.386667,2.280000
1.490119,2.373333,2.620000
1.490520,2.320000,2.246667
1.490921,2.346667,2.260000
1.491322,2.326667,2.246667
1.491724,2.340000,2.213333
1.492125,2.293333,2.133333
1.492527,2.340000,2.186667
1.492928,2.273333,2.253333
1.493331,2.260000,2.146667
1.493733,2.260000,2.106667
1.494134,2.246667,2.120000
1.494535,2.206667,2.073333
1.494936,2.200000,2.093333
1.495337,2.186667,2.100000
1.495738,2.173333,2.066667
1.496140,2.153333,2.060000
1.496541,2.146667,1.986667
1.496942,2.133333,2.033333
1.497344,2.100000,2.026667
1.497746,2.153333,1.986667
1.498147,2.073333,1.980000
1.498550,2.046667,2.193333
1.498951,2.060000,1.960000
1.499352,2.040000,1.973333
1.499753,2.026667,1.906667
1.500154,2.013333,1.913333
1.500555,1.986667,1.880000
1.500956,1.993333,1.873333
1.501358,1.953333,1.860000
1.501760,2.086667,1.873333
1.502161,1.913333,1.826667
1.502564,1.920000,1.840000
1.502965,1.906667,1.806667
1.503368,1.906667,1.820000
1.503769,1.820000,1.760000
1.504170,1.893333,1.793333
1.504571,1.853333,1.760000
1.504973,1.846667,1.733333
1.505375,1.813333,1.680000
1.505780,1.786667,1.726667
1.506181,1.793333,1.693333
1.506582,1.786667,1.720000
1.506983,1.740000,1.693333
1.507384,1.753333,1.673333
1.507786,1.733333,1.680000
1.508187,1.733333,1.653333
1.508588,1.633333,1.653333
1.508990,1.733333,1.646667
1.509391,1.680000,1.560000
1.509793,1.666667,1.620000
1.510194,1.653333,1.580000
1.510595,1.613333,1.566667
1.510997,1.686667,1.560000
1.511398,1.606667,1.553333
1.511801,1.620000,1.553333
1.512202,1.686667,1.480000
1.512603,1.580000,1.500000
1.513004,1.580000,1.526667
1.513406,1.560000,1.486667
1.513807,1.593333,1.820000
1.514208,1.640000,1.446667
1.514611,1.546667,1.580000
1.515012,1.520000,1.480000
1.515413,1.540000,1.420000
1.515814,1.480000,1.446667
1.516215,1.473333,1.413333
1.516617,1.473333,1.393333
1.517019,1.460000,1.386667
1.517421,1.460000,1.393333
1.517822,1.426667,1.386667
1.518223,1.386667,1.353333
1.518626,1.400000,1.320000
1.519028,1.393333,1.386667
1.519430,1.386667,1.326667
1.519833,1.380000,1.333333
1.520234,1.346667,1.266667
1.520635,1.360000,1.286667
1.521037,1.360000,1.266667
1.521439,1.306667,1.300000
1.521841,1.306667,1.246667
1.522242,1.273333,1.213333
1.522643,1.286667,1.226667
1.523044,1.280000,1.286667
1.523445,1.293333,1.240000
1.523846,1.280000,1.160000
1.524247,1.233333,1.193333
1.524648,1.240000,1.206667
1.525049,1.226667,1.120000
1.525452,1.213333,1.140000
1.525853,1.206667,1.166667
1.526254,1.226667,1.120000
1.526656,1.193333,1.133333
1.527058,1.180000,1.120000
1.527459,1.166667,1.126667
1.527861,1.186667,1.040000
1.528262,1.146667,1.106667
1.528664,1.133333,1.100000
1.529066,1.133333,1.100000
1.529467,1.113333,1.113333
1.529868,1.113333,0.946667
1.530271,1.113333,1.033333
1.530673,1.066667,1.020000
1.531074,1.046667,1.040000
1.531475,1.093333,1.020000
1.531876,1.080000,0.960000
1.532277,1.126667,1.026667
1.532678,1.033333,0.993333
1.533079,1.026667,0.980000
1.533481,1.006667,0.966667
1.533882,0.986667,0.960000
1.534283,1.000000,1.053333
1.534684,0.973333,0.946667
1.535085,0.960000,0.946667
1.535486,0.980000,0.946667
1.535888,1.000000,0.986667
1.536289,0.946667,0.946667
1.536690,0.960000,0.946667
1.537092,0.946667,0.946667
1.537493,0.946667,0.946667
1.537895,0.946667,0.946667
1.538296,0.946667,0.946667
1.538697,0.946667,0.946667
1.539098,0.946667,0.946667
1.539500,0.946667,0.946667
1.539901,0.946667,0.946667
1.540303,0.946667,0.946667
1.540704,0.946667,0.946667
1.541105,0.946667,0.946667
1.541506,0.946667,0.946667
1.541908,0.946667,0.946667
1.542309,0.946667,0.946667
1.542710,0.946667,0.946667
1.543111,0.946667,0.946667
1.543512,0.946667,0.946667
1.543914,0.946667,0.946667
1.544315,0.946667,0.946667
1.544717,0.946667,0.946667
1.545119,0.946667,0.946667
1.545520,0.946667,0.946667
1.545921,0.946667,0.946667
1.546324,0.946667,0.946667
1.546725,0.946667,0.946667
1.547126,0.946667,0.946667
1.547528,0.946667,0.946667
1.547929,0.946667,0.946667
1.548330,0.946667,0.946667
1.548732,0.946667,0.946667
1.549133,0.946667,0.946667
1.549534,0.946667,0.946667
1.549936,0.946667,0.946667
1.550337,0.946667,0.946667
1.550738,0.946667,0.946667
1.551139,0.946667,0.946667
1.551541,0.946667,0.946667
1.551942,0.946667,0.946667
1.552344,0.946667,0.946667
1.552745,0.946667,0.946667
1.553147,0.946667,0.946667
1.553548,0.946667,0.946667
1.553949,0.946667,0.946667
1.554350,0.946667,0.946667
1.554751,0.946667,0.946667
1.555153,0.946667,0.946667
1.555554,0.946667,0.946667
1.555955,0.946667,0.946667
1.556356,0.946667,0.946667
1.556758,0.946667,0.946667
1.557159,0.946667,0.946667
1.557560,0.946667,0.946667
1.557962,0.946667,0.946667
1.558363,0.946667,0.946667
1.558765,0.946667,0.946667
1.559166,0.946667,0.946667
1.559567,0.946667,0.946667
1.559968,0.946667,0.946667
1.560369,0.946667,0.946667
1.560771,0.946667,0.946667
1.561172,0.946667,0.946667
1.561573,0.946667,0.946667
1.561974,0.946667,0.946667
1.562375,0.946667,0.946667
1.562780,0.946667,0.946667
1.563181,0.946667,0.946667
1.563583,0.946667,0.946667
1.563984,0.946667,0.946667
1.564385,0.946667,0.946667
1.564787,0.946667,0.946667
1.565188,0.946667,0.946667
1.565589,0.946667,0.946667
1.565991,0.946667,0.946667
1.566393,0.946667,0.946667
1.566794,0.946667,0.946667
1.567195,0.946667,0.946667
1.567596,0.946667,0.946667
1.567997,0.946667,0.946667
1.568398,0.946667,0.946667
1.568800,0.946667,0.946667
1.569201,0.946667,0.946667
1.569604,0.946667,0.946667
1.570005,0.946667,0.946667
1.570407,0.946667,0.946667
1.570808,0.946667,0.946667
1.571209,0.946667,0.946667
1.571610,0.946667,0.946667
1.572012,0.946667,0.946667
1.572413,0.946667,0.946667
1.572815,0.946667,0.946667
1.573216,0.946667,0.946667
1.573618,0.946667,0.946667
1.574020,0.946667,0.946667
1.574422,0.946667,0.946667
1.574823,0.946667,0.946667
1.575224,0.946667,0.946667
1.575625,0.946667,0.946667
1.576026,0.946667,0.946667
1.576429,0.946667,0.946667
1.576830,0.946667,0.946667
1.577233,0.946667,0.946667
1.577634,0.946667,0.946667
1.578037,0.946667,0.946667
1.578438,0.946667,0.946667
1.578840,0.946667,0.946667
1.579241,0.946667,0.946667
1.579643,0.946667,0.946667
1.580044,0.946667,0.946667
1.580445,0.946667,0.946667
1.580847,0.946667,0.946667
1.581249,0.946667,0.946667
1.581650,0.946667,0.946667
1.582052,0.946667,0.946667
1.582454,0.946667,0.946667
1.582855,0.946667,0.946667
1.583256,0.946667,0.946667
1.583657,0.946667,0.946667
1.584058,0.946667,0.946667
1.584461,0.946667,0.946667
1.584863,0.946667,0.946667
1.585265,0.946667,0.946667
1.585666,0.946667,0.946667
1.586067,0.946667,0.946667
1.586469,0.946667,0.946667
1.586870,0.946667,0.946667
1.587271,0.946667,0.946667
1.587673,0.946667,0.946667
1.588075,0.946667,0.946667
1.588476,0.946667,0.946667
1.588878,0.946667,0.946667
1.589281,0.946667,0.946667
1.589683,0.946667,0.946667
1.590084,0.946667,0.946667
1.590485,0.946667,0.946667
1.590886,0.946667,0.946667
1.591287,0.946667,0.946667
1.591688,0.946667,0.946667
1.592089,0.946667,0.946667
1.592491,0.946667,0.946667
1.592893,0.946667,0.946667
1.593294,0.946667,0.946667
1.593695,0.946667,0.946667
1.594097,0.946667,0.946667
1.594498,0.946667,0.946667
1.594899,0.946667,0.946667
1.595300,0.946667,0.946667
1.595703,0.946667,0.946667
1.596105,0.946667,0.946667
1.596506,0.946667,0.946667
1.596908,0.946667,0.946667
1.597309,0.946667,0.946667
1.597711,0.946667,0.946667
1.598112,0.946667,0.946667
1.598514,0.946667,0.946667
1.598915,0.946667,0.946667
1.599317,0.946667,0.946667
1.599718,0.946667,0.946667
1.600119,0.946667,0.946667
1.600520,0.946667,0.946667
1.600921,0.946667,0.946667
1.601322,0.946667,0.946667
1.601723,0.946667,0.946667
1.602125,0.946667,0.946667
1.602526,0.946667,0.946667
1.602928,0.946667,0.946667
1.603329,0.946667,0.946667
1.603730,0.946667,0.946667
1.604132,0.946667,0.946667
1.604535,0.946667,0.946667
1.604936,0.946667,0.946667
1.605337,0.946667,0.946667
1.605739,0.946667,0.946667
1.606141,0.946667,0.946667
1.606542,0.946667,0.946667
1.606943,0.946667,0.946667
1.607344,0.946667,0.946667
1.607745,0.946667,0.946667
1.608147,0.946667,0.946667
1.608548,0.946667,0.946667
1.608949,0.946667,0.946667
1.609350,0.946667,0.946667
1.609751,0.946667,0.946667
1.610152,0.946667,0.946667
1.610554,0.946667,0.946667
1.610955,0.946667,0.946667
1.611356,0.946667,0.946667
1.611758,0.946667,0.946667
1.612160,0.946667,0.946667
1.612562,0.946667,0.946667
1.612963,0.946667,0.946667
1.613364,0.946667,0.946667
1.613766,0.946667,0.946667
1.614168,0.946667,0.946667
1.614571,0.946667,0.946667
1.614973,0.946667,0.946667
1.615375,0.946667,0.946667
1.615779,0.946667,0.946667
1.616180,0.946667,0.946667
1.616583,0.946667,0.946667
1.616985,0.946667,0.946667
1.617386,0.946667,0.946667
1.617787,0.946667,0.946667
1.618190,0.946667,0.946667
1.618593,0.946667,0.946667
1.618995,0.946667,0.946667
1.619396,0.946667,0.946667
1.619797,0.946667,0.946667
1.620198,0.946667,0.946667
1.620599,0.946667,0.946667
1.621001,0.946667,0.946667
1.621402,0.946667,0.946667
1.621804,0.946667,0.946667
1.622205,0.946667,0.946667
1.622606,0.946667,0.946667
1.623007,0.946667,0.946667
1.623408,0.946667,0.946667
1.623811,0.946667,0.946667
1.624214,0.946667,0.946667
1.624615,0.946667,0.946667
1.625017,0.946667,0.946667
1.625418,0.946667,0.946667
1.625820,0.946667,0.946667
1.626223,0.946667,0.946667
1.626624,0.946667,0.946667
1.627026,0.946667,0.946667
1.627429,0.946667,0.946667
1.627830,0.946667,0.946667
1.628231,0.946667,0.946667
1.628632,0.946667,0.946667
1.629033,0.946667,0.946667
1.629434,0.946667,0.946667
1.629835,0.946667,0.946667
1.630238,0.946667,0.946667
1.630640,0.946667,0.946667
1.631042,0.946667,0.946667
1.631443,0.946667,0.946667
1.631845,0.946667,0.946667
1.632247,0.946667,0.946667
1.632648,0.946667,0.946667
1.633049,0.946667,0.946667
1.633450,0.946667,0.946667
1.633852,0.946667,0.946667
1.634253,0.946667,0.946667
1.634654,0.946667,0.946667
1.635055,0.946667,0.946667
1.635458,0.946667,0.946667
1.635860,0.946667,0.946667
1.636261,0.946667,0.946667
1.636663,0.946667,0.946667
1.637065,0.946667,0.946667
1.637466,0.946667,0.946667
1.637868,0.946667,0.946667
1.638269,0.946667,0.946667
1.638670,0.946667,0.946667
1.639071,0.946667,0.946667
1.639472,0.946667,0.946667
1.639874,0.946667,0.946667
1.640275,0.946667,0.946667
1.640676,0.946667,0.946667
1.641077,0.946667,0.946667
1.641478,0.946667,0.946667
1.641880,0.946667,0.946667
1.642282,0.946667,0.946667
1.642683,0.946667,0.946667
1.643085,0.946667,0.946667
1.643487,0.946667,0.946667
1.643888,0.946667,0.946667
1.644289,0.946667,0.946667
1.644691,0.946667,0.946667
1.645092,0.946667,0.946667
1.645493,0.946667,0.946667
1.645896,0.946667,0.946667
1.646297,0.946667,0.946667
1.646698,0.946667,0.946667
1.647099,0.946667,0.946667
1.647500,0.946667,0.946667
1.647902,0.946667,0.946667
1.648303,0.946667,0.946667
1.648705,0.946667,0.946667
1.649107,0.946667,0.946667
1.649509,0.946667,0.946667
1.649910,0.946667,0.946667
1.650311,0.946667,0.946667
1.650713,0.946667,0.946667
1.651115,0.946667,0.946667
1.651516,0.946667,0.946667
1.651919,0.946667,0.946667
1.652320,0.946667,0.946667
1.652721,0.946667,0.946667
1.653122,0.946667,0.946667
1.653525,0.946667,0.946667
1.653927,0.946667,0.946667
1.654329,0.946667,0.946667
1.654730,0.946667,0.946667
1.655131,0.946667,0.946667
1.655533,0.946667,0.946667
1.655934,0.946667,0.946667
1.656335,0.946667,1.393333
1.656737,0.953333,0.946667
1.657138,0.946667,0.946667
1.657541,0.986667,0.946667
1.657943,0.946667,0.946667
1.658344,0.946667,0.946667
1.658745,0.946667,0.946667
1.659146,0.953333,0.946667
1.659548,0.946667,0.946667
1.659949,0.980000,0.946667
1.660352,1.006667,1.000000
1.660753,0.986667,0.960000
1.661155,1.020000,0.946667
1.661556,1.020000,0.986667
1.661957,1.020000,0.946667
1.662360,1.033333,1.140000
1.662761,1.060000,1.006667
1.663163,1.053333,1.026667
1.663564,1.040000,1.006667
1.663966,1.153333,1.033333
1.664367,1.113333,1.000000
1.664768,1.093333,1.073333
1.665169,1.113333,1.073333
1.665571,1.120000,1.053333
1.665974,1.120000,1.086667
1.666376,1.133333,1.086667
1.666780,1.160000,1.106667
1.667181,1.166667,1.093333
1.667582,1.186667,1.000000
1.667984,1.153333,1.206667
1.668385,1.180000,1.300000
1.668786,1.113333,1.133333
1.669187,1.220000,1.146667
1.669588,1.213333,1.040000
1.669989,1.233333,1.206667
1.670392,1.240000,1.213333
1.670793,1.253333,1.206667
1.671196,1.266667,1.206667
1.671598,1.266667,1.266667
1.672000,1.300000,1.213333
1.672401,1.306667,1.140000
1.672804,1.293333,1.206667
1.673205,1.320000,1.566667
1.673606,1.353333,1.226667
1.674007,1.346667,1.286667
1.674408,1.353333,1.286667
1.674809,1.360000,1.300000
1.675211,1.380000,1.206667
1.675612,1.380000,1.326667
1.676014,1.386667,1.300000
1.676416,1.386667,1.360000
1.676817,1.413333,1.360000
1.677218,1.433333,1.380000
1.677619,1.433333,1.386667
1.678021,1.453333,1.393333
1.678422,1.473333,1.420000
1.678823,1.446667,1.420000
1.679225,1.480000,1.373333
1.679626,1.520000,1.466667
1.680028,1.526667,1.446667
1.680429,1.540000,1.460000
1.680830,1.540000,1.480000
1.681231,1.580000,1.266667
1.681633,1.560000,1.520000
1.682036,1.580000,1.413333
1.682437,1.593333,1.500000
1.682839,1.606667,1.540000
1.683240,1.620000,1.540000
1.683641,1.640000,1.553333
1.684046,1.646667,1.566667
1.684448,1.653333,1.660000
1.684849,1.660000,1.566667
1.685250,1.713333,1.633333
1.685651,1.720000,1.613333
1.686053,1.693333,1.633333
1.686454,1.733333,1.646667
1.686856,1.766667,1.666667
1.687257,1.746667,1.633333
1.687658,1.726667,1.693333
1.688060,1.760000,1.666667
1.688461,1.793333,1.666667
1.688862,1.800000,1.726667
1.689263,1.806667,1.620000
1.689664,1.820000,1.733333
1.690066,1.826667,1.880000
1.690467,1.846667,1.726667
1.690868,1.853333,1.733333
1.691269,1.880000,1.786667
1.691671,1.886667,1.813333
1.692072,1.906667,1.766667
1.692473,1.933333,1.820000
1.692874,1.920000,1.860000
1.693275,1.946667,1.880000
1.693676,1.953333,1.880000
1.694077,1.920000,1.893333
1.694480,1.986667,1.926667
1.694881,2.013333,1.933333
1.695282,2.013333,1.833333
1.695684,2.093333,1.933333
1.696085,1.980000,1.966667
1.696486,2.026667,2.000000
1.696888,2.066667,1.986667
1.697289,2.080000,2.033333
1.697690,2.120000,2.046667
1.698092,2.180000,1.893333
1.698494,2.120000,2.026667
1.698895,2.160000,2.053333
1.699296,2.186667,2.086667
1.699698,2.186667,2.093333
1.700100,2.166667,2.100000
1.700501,2.220000,2.100000
1.700902,2.240000,2.106667
1.701303,2.213333,2.153333
1.701705,2.233333,2.126667
1.702107,2.226666,2.153333
1.702508,2.273333,2.186667
1.702910,2.293333,2.173333
1.703312,2.400000,2.240000
1.703714,2.253333,2.140000
1.704115,2.300000,2.246667
1.704516,2.393333,2.260000
1.704917,2.320000,2.260000
1.705319,2.373333,2.293333
1.705720,2.426666,2.333333
1.706122,2.433333,2.246667
1.706525,2.446667,2.306667
1.706927,2.453333,2.373333
1.707328,2.466667,2.366667
1.707729,2.480000,2.366667
1.708130,2.513333,2.386667
1.708531,2.486667,2.400000
1.708933,2.526667,2.433333
1.709334,2.566667,2.433333
1.709736,2.586667,2.433333
1.710138,2.593333,2.473333
1.710539,2.606667,2.460000
1.710941,2.620000,2.460000
1.711342,2.606667,2.493333
1.711744,2.626667,2.553333
1.712145,2.673333,2.526667
1.712546,2.666667,2.593333
1.712947,2.680000,2.540000
1.713348,2.693333,2.613333
1.713749,2.740000,2.613333
1.714150,2.706666,2.573333
1.714553,2.713333,2.653333
1.714955,2.773333,2.640000
1.715357,2.786667,2.646667
1.715758,2.806667,2.686666
1.716160,2.806667,2.646667
1.716561,2.820000,2.660000
1.716962,2.800000,2.720000
1.717363,2.846667,2.773333
1.717764,2.893333,2.800000
1.718165,2.966666,2.733333
1.718567,2.953333,2.860000
1.718969,2.980000,2.820000
1.719371,2.960000,2.833333
1.719772,2.986667,2.800000
1.720173,2.926667,2.833333
1.720574,3.000000,2.840000
1.720976,3.026667,2.906667
1.721379,3.086667,3.186666
1.721781,3.086667,2.900000
1.722182,3.073333,3.040000
1.722585,3.126667,2.946667
1.722986,3.133333,2.800000
1.723388,3.100000,2.973333
1.723789,3.100000,3.013333
1.724191,3.146667,3.000000
1.724592,3.173333,3.000000
1.724993,3.193333,3.040000
1.725395,3.220000,3.073333
1.725796,3.240000,3.100000
1.726198,3.253333,3.133333
1.726599,3.320000,3.126667
1.727001,3.313333,3.133333
1.727403,3.313333,3.140000
1.727805,3.320000,3.173333
1.728206,3.333333,3.200000
1.728607,3.366667,3.213333
1.729008,3.400000,3.140000
1.729409,3.413333,3.173333
1.729812,3.373333,3.306667
1.730213,3.400000,3.300000
1.730614,3.500000,3.286667
1.731015,3.466666,3.326667
1.731417,3.446667,2.960000
1.731819,3.500000,3.486667
1.732220,3.513333,3.373333
1.732621,3.540000,3.393333
1.733022,3.566667,3.400000
1.733423,3.586667,3.386667
1.733826,3.600000,3.433333
1.734227,3.586667,3.413333
1.734629,3.600000,3.426666
1.735030,3.653333,3.480000
1.735431,3.666667,3.466666
1.735832,3.666667,3.606667
1.736233,3.740000,3.626667
1.736634,3.746666,3.586667
1.737036,3.746666,3.586667
1.737437,3.746666,3.860000
1.737839,3.773333,3.613333
1.738240,3.840000,3.640000
1.738641,3.893333,3.600000
1.739045,3.860000,3.673333
1.739446,3.886667,4.033333
1.739847,3.913333,3.680000
1.740248,3.946667,3.520000
1.740649,3.940000,3.720000
1.741050,3.966667,3.746666
1.741451,3.986666,3.806666
1.741853,4.000000,3.826667
1.742254,4.013333,3.840000
1.742655,4.033333,3.846667
1.743057,4.086667,3.893333
1.743458,4.053333,3.933333
1.743861,4.106667,3.980000
1.744262,4.140000,3.933333
1.744663,4.126667,3.926666
1.745065,4.140000,3.986666
1.745466,4.100000,4.026666
1.745868,4.186666,4.020000
1.746269,4.200000,4.033333
1.746670,4.233333,4.020000
1.747071,4.320000,4.066667
1.747473,4.293333,4.093333
1.747875,4.326666,4.186666
1.748276,4.400000,4.140000
1.748678,4.306667,4.480000
1.749080,4.346667,4.153333
1.749483,4.393333,4.180000
1.749885,4.373333,4.226666
1.750286,4.406667,4.240000
1.750687,4.420000,4.266666
1.751088,4.440000,4.246667
1.751489,4.480000,4.253333
1.751890,4.473333,4.293333
1.752292,4.526667,4.286666
1.752694,4.500000,4.260000
1.753095,4.593333,4.553333
1.753496,4.613333,4.393333
1.753897,4.593333,4.360000
1.754298,4.633333,4.420000
1.754699,4.633333,4.400000
1.755101,4.660000,4.446667
1.755503,4.800000,4.480000
1.755904,4.753333,4.473333
1.756307,4.746666,4.500000
1.756709,4.760000,4.540000
1.757110,4.766666,4.960000
1.757511,4.786666,4.626667
1.757912,4.800000,4.586667
1.758314,4.853333,4.620000
1.758715,4.880000,4.633333
1.759116,4.853333,4.633333
1.759517,4.880000,4.660000
1.759919,4.913333,4.686666
1.760320,4.913333,4.713333
1.760721,4.973333,4.720000
1.761122,5.000000,4.726666
1.761523,5.026667,4.873333
1.761925,5.033333,4.766666
1.762327,4.913333,4.813333
1.762728,5.066667,4.873333
1.763130,5.053333,4.873333
1.763532,5.093333,4.853333
1.763934,5.080000,4.900000
1.764335,5.213333,4.880000
1.764737,5.160000,5.060000
1.765138,5.020000,4.940000
1.765541,5.240000,4.966667
1.765943,5.240000,4.993333
1.766345,5.240000,5.000000
1.766746,5.266667,5.046667
1.767148,5.313333,5.053333
1.767549,5.320000,5.060000
1.767950,5.333333,5.093333
1.768353,5.393333,5.086667
1.768754,5.406666,5.146667
1.769155,5.433333,5.146667
1.769556,5.420000,5.146667
1.769957,5.453333,5.140000
1.770358,5.513333,5.213333
1.770760,5.500000,5.533333
1.771161,5.520000,5.293334
1.771562,5.586667,5.026667
1.771963,5.566667,5.300000
1.772364,5.586667,5.333333
1.772766,5.586667,5.333333
1.773168,5.640000,5.413333
1.773569,5.653333,5.240000
1.773970,5.673333,5.413333
1.774371,5.680000,5.413333
1.774772,5.706666,5.426667
1.775174,5.746666,5.453333
1.775575,5.766666,5.473333
1.775976,5.793334,5.513333
1.776378,5.840000,5.533333
1.776780,5.826667,5.580000
1.777181,5.860000,5.626667
1.777582,5.853333,5.593333
1.777983,5.900000,5.593333
1.778385,5.913333,5.640000
1.778786,5.933333,5.600000
1.779187,5.960000,5.586667
1.779589,6.000000,5.613333
1.779991,5.993333,5.760000
1.780393,6.020000,5.813333
1.780794,6.060000,5.700000
1.781197,6.086667,5.766666
1.781598,6.106667,5.500000
1.782000,6.120000,5.813333
1.782402,6.186666,5.860000
1.782803,6.153333,5.913333
1.783205,6.180000,5.906666
1.783607,6.200000,5.920000
1.784009,6.253334,5.940000
1.784410,6.260000,6.166667
1.784812,6.280000,5.980000
1.785213,6.306666,6.020000
1.785614,6.373333,6.033333
1.786016,6.353333,6.080000
1.786418,6.326666,6.053333
1.786820,6.420000,6.113333
1.787221,6.380000,6.253334
1.787622,6.413333,6.026667
1.788024,6.466667,6.166667
1.788425,6.493333,6.186666
1.788827,6.593333,6.200000
1.789228,6.533333,6.220000
1.789629,6.686666,6.253334
1.790030,6.620000,6.280000
1.790431,6.600000,6.466667
1.790833,6.666667,6.326666
1.791234,6.686666,6.380000
1.791635,6.686666,6.206666
1.792036,6.740000,6.546667
1.792437,6.806667,6.446667
1.792839,6.800000,6.426666
1.793240,6.813333,6.393333
1.793641,6.726666,6.493333
1.794047,6.853333,6.493333
1.794450,6.893333,6.480000
1.794852,6.900000,6.546667
1.795253,6.920000,6.546667
1.795654,6.953333,6.640000
1.796056,6.986666,6.640000
1.796457,7.000000,6.720000
1.796859,6.993333,6.740000
1.797260,7.093333,6.693333
1.797661,7.066666,6.540000
1.798062,7.093333,6.526666
1.798463,7.219999,6.800000
1.798865,7.066666,6.813333
1.799266,7.173333,6.826667
1.799667,7.206666,6.813333
1.800069,7.226666,6.873333
1.800470,7.233334,6.786666
1.800872,7.266667,6.926667
1.801273,7.313333,6.960000
1.801674,7.300000,6.986666
1.802075,7.340000,6.986666
1.802478,7.366667,7.006667
1.802880,7.406666,7.020000
1.803281,7.380000,7.040000
1.803683,7.440000,7.100000
1.804085,7.400000,7.126667
1.804486,7.473333,7.020000
1.804888,7.500000,7.160000
1.805289,7.506667,7.166667
1.805690,7.546666,7.166667
1.806091,7.606667,7.193333
1.806492,7.513333,7.166667
1.806894,7.653333,7.260000
1.807297,7.646666,7.280000
1.807698,7.673333,7.313333
1.808099,7.686666,7.340000
1.808500,7.693334,7.360000
1.808901,7.733333,7.353333
1.809302,7.760000,7.406666
1.809704,7.926667,7.433333
1.810105,7.846667,7.440000
1.810506,7.860000,7.486667
1.810909,7.873333,7.500000
1.811310,7.900000,7.513333
1.811711,7.893333,7.400000
1.812112,7.920000,7.546666
1.812513,7.980000,7.573333
1.812914,7.986666,7.613333
1.813315,8.020000,7.633333
1.813716,8.066667,7.793334
1.814117,8.033334,7.780000
1.814520,8.113333,7.613333
1.814922,8.133333,7.686666
1.815323,8.106667,7.780000
1.815725,8.193333,7.760000
1.816126,8.193333,7.813334
1.816527,8.213333,7.813334
1.816928,8.259999,7.866666
1.817329,8.293333,7.873333
1.817730,8.306666,7.873333
1.818131,8.320000,7.740000
1.818533,8.360000,7.966667
1.818934,8.379999,7.693334
1.819335,8.393332,7.993333
1.819737,8.413333,7.966667
1.820139,8.440000,8.026667
1.820541,8.500000,8.046666
1.820942,8.460000,8.053332
1.821343,8.500000,8.100000
1.821745,8.566667,8.139999
1.822147,8.560000,8.013333
1.822548,8.560000,8.313333
1.822949,8.613334,7.946667
1.823352,8.573333,8.240000
1.823753,8.620000,8.606667
1.824154,8.673333,8.240000
1.824555,8.700000,8.286667
1.824956,8.733333,8.320000
1.825357,8.753333,8.420000
1.825759,8.773333,8.360000
1.826160,8.820000,8.393332
1.826562,8.826667,8.386666
1.826963,8.839999,8.426667
1.827364,8.886666,8.460000
1.827765,8.913333,8.513332
1.828167,8.933333,8.513332
1.828568,8.946667,8.566667
1.828969,8.953334,8.573333
1.829370,9.013333,8.573333
1.829772,8.986667,8.593333
1.830173,9.013333,8.626667
1.830575,9.086667,8.639999
1.830976,9.113333,8.666666
1.831377,9.113333,8.700000
1.831780,9.066667,8.740000
1.832181,9.186666,8.713333
1.832584,9.233333,8.746667
1.832986,9.233333,8.793333
1.833387,9.266666,9.053333
1.833788,9.286667,8.846666
1.834190,9.280000,8.853333
1.834591,9.346666,8.913333
1.834994,9.346666,8.893333
1.835395,9.440000,8.913333
1.835796,9.393333,8.966666
1.836197,9.420000,8.973332
1.836598,9.293333,8.986667
1.837000,9.526667,9.020000
1.837402,9.526667,9.039999
1.837803,9.586666,9.080000
1.838205,9.606667,9.093333
1.838606,9.646667,9.120000
1.839008,9.626666,9.186666
1.839409,9.620000,9.153334
1.839810,9.686666,9.160000
1.840211,9.713333,9.526667
1.840613,9.766666,9.266666
1.841015,9.753333,9.266666
1.841416,9.746667,9.280000
1.841819,9.820000,9.326667
1.842220,9.833333,9.340000
1.842621,9.886666,9.346666
1.843023,9.886666,9.346666
1.843424,9.920000,9.346666
1.843827,9.926666,9.446667
1.844228,10.000000,9.493333
1.844629,9.986667,9.520000
1.845030,10.006667,9.680000
1.845431,10.006667,9.559999
1.845833,10.033333,9.646667
1.846234,10.053333,9.653333
1.846635,10.160000,9.620000
1.847037,10.126667,9.700000
1.847438,10.173333,9.693333
1.847840,10.179999,9.719999
1.848241,10.200000,9.740000
1.848642,10.240000,9.466666
1.849044,10.253333,9.780000
1.849445,10.306666,9.793333
1.849847,10.299999,9.806666
1.850248,10.353333,9.826666
1.850649,10.400000,9.893332
1.851051,10.393333,9.906666
1.851452,10.406667,9.946667
1.851853,10.353333,9.959999
1.852254,10.493333,9.973333
1.852656,10.493333,10.013333
1.853058,10.513333,9.980000
1.853459,10.506666,10.040000
1.853861,10.586667,10.059999
1.854262,10.606667,10.140000
1.854664,10.593333,10.140000
1.855065,10.653334,10.133333
1.855466,10.666667,10.140000
1.855867,10.740000,10.140000
1.856268,10.706666,10.306666
1.856670,10.706666,10.193334
1.857071,10.766666,10.266666
1.857472,10.786667,10.260000
1.857874,10.786667,10.299999
1.858275,10.840000,10.346666
1.858676,10.873333,10.346666
1.859077,10.900000,10.353333
1.859478,10.940000,10.380000
1.859880,10.933333,10.419999
1.860281,10.946666,10.426666
1.860682,10.993334,10.480000
1.861083,11.000000,10.260000
1.861485,11.046666,10.500000
1.861887,11.079999,10.660000
1.862288,11.073333,10.553332
1.862690,11.099999,10.593333
1.863091,11.126667,10.593333
1.863492,11.206666,10.639999
1.863894,11.200000,10.233333
1.864296,11.266666,10.746666
1.864697,11.240000,10.620000
1.865099,11.246667,10.746666
1.865500,11.280000,10.746666
1.865901,11.293333,10.759999
1.866303,11.360000,10.766666
1.866704,11.346666,10.806666
1.867105,11.380000,10.840000
1.867506,11.426666,10.846666
1.867907,11.446667,10.873333
1.868308,11.453334,10.926667
1.868710,11.513333,10.933333
1.869112,11.513333,10.940000
1.869513,11.526667,11.000000
1.869914,11.539999,11.020000
1.870315,11.566667,11.020000
1.870717,11.620000,11.033333
1.871118,11.626666,11.086666
1.871520,11.633333,11.113334
1.871922,11.693333,11.133333
1.872323,11.613333,11.120000
1.872725,11.740000,11.180000
1.873127,11.733333,11.219999
1.873528,11.753333,11.173333
1.873930,11.799999,11.233333
1.874332,11.806666,11.233333
1.874734,11.866666,11.300000
1.875135,11.866666,11.333333
1.875538,11.813333,11.346666
1.875940,11.906667,11.366667
1.876341,11.953333,11.366667
1.876743,11.960000,11.440000
1.877144,11.993333,11.420000
1.877546,11.999999,11.420000
1.877948,12.086666,11.466666
1.878349,12.046667,11.539999
1.878750,12.093333,11.513333
1.879151,12.113334,11.539999
1.879552,12.139999,11.539999
1.879954,12.213333,11.606667
1.880356,12.240000,11.660000
1.880757,12.253333,11.793333
1.881159,12.286667,11.626666
1.881560,12.206666,11.700000
1.881961,12.333333,11.720000
1.882362,12.339999,11.486667
1.882763,12.339999,11.726666
1.883164,12.400000,11.760000
1.883565,12.420000,11.793333
1.883967,12.466666,11.820000
1.884369,12.446667,11.820000
1.884770,12.466666,11.860000
1.885171,12.493333,11.900000
1.885573,12.533333,11.893333
1.885975,12.559999,11.953333
1.886376,12.559999,11.946667
1.886779,12.586666,11.973333
1.887182,12.599999,12.053333
1.887585,12.666666,12.020000
1.887986,12.679999,12.053333
1.888389,12.673333,12.086666
1.888790,12.753333,12.073333
1.889191,12.760000,12.120000
1.889592,12.766666,12.126666
1.889994,12.780000,12.193333
1.890395,12.820000,12.226666
1.890796,12.846666,12.240000
1.891199,12.880000,12.246667
1.891600,12.893333,12.273333
1.892002,12.926666,12.273333
1.892403,12.946667,12.306666
1.892805,12.919999,12.353333
1.893208,12.980000,12.366667
1.893611,13.013333,12.420000
1.894012,13.033334,12.400000
1.894413,13.059999,12.420000
1.894814,13.093333,12.426666
1.895215,13.080000,12.493333
1.895616,13.206666,12.493333
1.896017,13.100000,12.513333
1.896418,13.146667,12.506667
1.896820,13.233334,12.559999
1.897221,13.213333,12.593333
1.897622,13.273334,12.653333
1.898023,13.280000,12.626667
1.898424,13.300000,12.673333
1.898826,13.300000,12.366667
1.899229,13.393333,12.753333
1.899631,13.346667,12.713333
1.900032,13.393333,12.766666
1.900433,13.433333,12.786666
1.900834,13.446666,12.786666
1.901235,13.480000,12.846666
1.901637,13.500000,12.846666
1.902038,13.520000,12.886666
1.902439,13.539999,12.906667
1.902840,13.553333,12.946667
1.903241,13.613334,12.953333
1.903643,13.546667,12.946667
1.904044,13.626666,12.946667
1.904445,13.646666,12.980000
1.904847,13.653334,13.020000
1.905248,13.733333,13.073333
1.905650,13.726666,13.100000
1.906052,13.733333,13.073333
1.906453,13.906666,13.120000
1.906854,13.700000,13.120000
1.907255,13.813334,13.120000
1.907657,13.839999,13.193333
1.908058,13.853333,13.200000
1.908459,13.873334,13.226666
1.908861,13.886666,13.120000
1.909262,13.920000,13.259999
1.909663,13.933332,13.293333
1.910064,13.979999,13.293333
1.910465,13.993333,13.353333
1.910867,13.999999,13.346667
1.911268,14.066666,13.373333
1.911670,14.033333,13.379999
1.912071,14.080000,13.460000
1.912474,14.080000,13.440000
1.912876,14.140000,13.466666
1.913277,14.206667,13.466666
1.913679,14.106666,13.506666
1.914080,14.160000,13.500000
1.914483,14.206667,13.913332
1.914885,14.273334,13.553333
1.915287,14.273334,13.593333
1.915688,14.293333,13.586667
1.916089,14.313334,13.633333
1.916490,14.306665,13.673334
1.916893,14.306665,13.646666
1.917294,14.386666,13.686666
1.917695,14.386666,13.680000
1.918096,14.426666,13.746667
1.918497,14.400001,13.740001
1.918898,14.546666,13.806667
1.919299,14.453333,13.779999
1.919700,14.526666,13.813334
1.920101,14.553333,13.813334
1.920502,14.553333,13.873334
1.920904,14.420000,13.880000
1.921306,14.640000,13.900000
1.921707,14.633332,13.900000
1.922108,14.633332,13.986667
1.922509,14.653333,13.986667
1.922911,14.693333,13.933332
1.923312,14.699999,14.253333
1.923714,14.726667,14.053333
1.924115,14.746666,14.020000
1.924516,14.699999,14.059999
1.924918,14.820000,14.086666
1.925320,14.846666,14.146667
1.925721,14.946667,14.099999
1.926123,14.866667,14.166666
1.926524,14.873333,14.173332
1.926926,14.893332,14.259999
1.927327,14.906667,14.186666
1.927728,14.940000,14.246667
1.928129,14.933333,14.226666
1.928532,14.953333,14.273334
1.928934,14.953333,14.326666
1.929336,15.066667,14.333334
1.929737,14.973333,14.326666
1.930138,15.119999,14.346666
1.930540,15.146667,14.473333
1.930942,15.053332,14.326666
1.931343,14.926667,14.439999
1.931745,15.073333,14.426666
1.932147,15.219999,14.580000
1.932548,15.246666,14.499999
1.932950,15.246666,14.520000
1.933352,15.273333,14.520000
1.933753,15.293332,14.540000
1.934154,15.326667,14.573334
1.934555,15.346666,14.606667
1.934957,15.340000,14.593332
1.935358,15.379999,14.646667
1.935760,15.406667,14.679999
1.936162,15.446666,14.666667
1.936564,15.486666,14.600000
1.936966,15.486666,14.693333
1.937367,15.480000,14.733334
1.937768,15.520000,14.706667
1.938169,15.513332,14.786666
1.938570,15.573333,14.766665
1.938971,15.586667,14.800000
1.939372,15.599999,14.820000
1.939773,15.586667,14.866667
1.940174,15.639999,14.873333
1.940575,15.653334,14.899999
1.940976,15.693334,14.933333
1.941377,15.686666,14.933333
1.941780,15.760000,14.953333
1.942181,15.733333,14.946667
1.942584,15.793333,15.086666
1.942985,15.780001,15.093332
1.943388,15.793333,14.953333
1.943789,15.853333,14.953333
1.944190,15.860000,14.953333
1.944591,15.906666,14.953333
1.944992,15.886665,15.146667
1.945393,15.940000,15.166667
1.945795,15.946666,15.179999
1.946197,15.940000,15.173333
1.946600,15.980000,15.206666
1.947002,16.006666,15.226665
1.947403,16.093332,15.226665
1.947804,16.066668,15.206666
1.948205,16.086666,15.300000
1.948606,16.133333,15.313333
1.949007,16.113333,15.333333
1.949408,16.119999,15.326667
1.949809,16.146666,15.346666
1.950210,16.153334,15.433333
1.950611,16.206667,15.393333
1.951012,16.206667,15.460000
1.951413,16.213333,15.566667
1.951814,16.320000,15.486666
1.952217,16.259998,15.446666
1.952618,16.320000,15.500000
1.953019,16.346666,15.233334
1.953422,16.340000,15.520000
1.953823,16.313334,15.553332
1.954225,16.373333,15.573333
1.954626,16.359999,15.639999
1.955027,16.433332,15.393333
1.955428,16.413332,15.606667
1.955829,16.506666,15.639999
1.956230,16.480000,15.653334
1.956631,16.480000,15.653334
1.957032,16.526667,15.613333
1.957435,16.533333,15.733333
1.957836,16.580000,15.673333
1.958237,16.600000,15.586667
1.958638,16.593334,15.720000
1.959039,16.606667,15.760000
1.959440,16.626665,15.833333
1.959841,16.626665,15.826667
1.960244,16.746666,15.793333
1.960646,16.706667,15.866667
1.961048,16.713333,15.826667
1.961449,16.719999,15.893333
1.961850,16.786665,15.920000
1.962252,16.766666,15.886665
1.962653,16.759998,15.946666
1.963054,16.773333,15.940000
1.963455,16.806665,16.006666
1.963856,16.793333,16.006666
1.964257,16.853334,16.039999
1.964658,16.853334,16.039999
1.965060,16.866667,15.920000
1.965461,16.806665,16.279999
1.965862,16.886665,16.180000
1.966263,16.900000,16.099998
1.966664,16.913332,16.126665
1.967065,16.933332,16.180000
1.967467,16.953333,16.193333
1.967868,16.939999,16.113333
1.968269,16.973333,16.219999
1.968671,17.000000,16.246666
1.969073,17.073334,16.246666
1.969475,17.000000,16.259998
1.969876,17.019999,16.299999
1.970277,17.080000,16.306667
1.970678,17.053333,16.306667
1.971080,17.046665,16.413332
1.971481,17.073334,16.346666
1.971882,17.120001,16.373333
1.972283,17.086666,16.099998
1.972684,17.219999,16.393333
1.973086,17.166666,16.460001
1.973487,17.186666,16.386665
1.973889,17.193333,16.440001
1.974290,17.240000,16.473333
1.974691,17.226667,16.466667
1.975092,17.246666,16.526667
1.975494,17.246666,16.526667
1.975896,17.273333,16.506666
1.976297,17.286665,16.559999
1.976698,17.253334,16.619999
1.977101,17.340000,16.619999
1.977503,17.360001,16.559999
1.977904,17.353333,16.660000
1.978305,17.340000,16.626665
1.978706,17.393333,16.639999
1.979108,17.453333,16.646666
1.979510,17.406666,16.660000
1.979911,17.419998,16.680000
1.980312,17.446667,16.619999
1.980713,17.433332,16.639999
1.981114,17.473333,16.759998
1.981516,17.480000,16.773333
1.981917,17.520000,16.786665
1.982319,17.486666,16.793333
1.982720,17.539999,16.779999
1.983121,17.559999,16.826666
1.983523,17.573332,16.826666
1.983925,17.559999,16.846666
1.984326,17.586666,16.860001
1.984728,17.626667,16.873333
1.985129,17.626667,16.886665
1.985530,17.660000,16.840000
1.985932,17.679998,16.906666
1.986334,17.673332,16.913332
1.986735,17.693333,16.959999
1.987136,17.719999,16.900000
1.987537,17.740000,16.966667
1.987938,17.760000,16.966667
1.988340,17.726665,16.986668
1.988742,17.820000,17.106667
1.989143,17.713333,16.959999
1.989545,17.773333,16.980000
1.989946,17.806665,17.039999
1.990347,17.806665,16.973333
1.990749,17.826666,17.053333
1.991150,17.833332,17.046665
1.991551,17.859999,17.080000
1.991953,17.900000,17.166666
1.992355,17.886667,17.106667
1.992756,17.893333,17.120001
1.993157,17.893333,17.126667
1.993559,17.926666,17.153332
1.993961,17.933332,17.126667
1.994362,17.933332,17.039999
1.994763,17.966665,17.179998
1.995164,17.980000,17.146666
1.995565,18.006666,17.233334
1.995967,18.033333,17.260000
1.996368,17.953333,17.219999
1.996770,18.026667,17.219999
1.997171,18.026667,17.240000
1.997572,18.113333,17.293333
1.997974,18.026667,17.273333
1.998376,18.040001,17.306665
1.998780,18.113333,17.353333
1.999181,18.133333,17.333332
1.999583,18.133333,17.333332
1.999985,18.139999,17.366667
2.000387,18.146666,17.426666
2.000788,18.146666,17.533333
2.001189,18.186666,17.346666
2.001590,18.186666,17.393333
2.001992,18.213333,17.360001
2.002393,18.219999,17.426666
2.002794,18.226665,17.453333
2.003195,18.253332,17.419998
2.003596,18.273333,17.473333
2.003997,18.240000,17.433332
2.004398,18.280001,17.480000
2.004801,18.299999,17.473333
2.005202,18.286667,17.480000
2.005604,18.326666,17.173332
2.006005,18.346666,17.526667
2.006406,18.326666,17.539999
2.006807,18.320000,17.600000
