0.000000,13.139999,12.540000
0.000401,13.193333,12.506667
0.000802,13.080000,12.420000
0.001204,13.120000,12.766666
0.001606,13.066667,12.446667
0.002007,13.040000,12.420000
0.002409,13.059999,12.420000
0.002810,13.013333,12.406666
0.003211,12.846666,12.346666
0.003612,12.973333,12.339999
0.004013,12.946667,12.313334
0.004414,12.913333,12.280000
0.004815,12.880000,12.280000
0.005216,12.919999,12.280000
0.005617,12.826667,12.253333
0.006018,12.926666,12.106667
0.006421,12.760000,12.126666
0.006822,12.760000,12.139999
0.007223,12.766666,12.146667
0.007626,12.733333,12.080000
0.008027,12.660000,12.073333
0.008429,12.693334,12.053333
0.008832,12.640000,11.966666
0.009233,12.599999,12.033333
0.009636,12.506667,12.066666
0.010038,12.586666,11.900000
0.010439,12.566667,11.920000
0.010841,12.540000,11.906667
0.011242,12.506667,11.940000
0.011643,12.513333,11.879999
0.012045,12.440001,11.860000
0.012446,12.433333,11.813333
0.012848,12.400000,11.760000
0.013249,12.413333,11.766666
0.013650,12.373333,11.726666
0.014051,12.293333,11.679999
0.014454,12.313334,11.720000
0.014855,12.293333,11.679999
0.015256,12.246667,11.753333
0.015659,12.173333,11.559999
0.016060,12.226666,11.539999
0.016461,12.200000,11.539999
0.016863,12.193333,11.620000
0.017264,12.086666,11.453334
0.017667,12.073333,11.480000
0.018069,12.046667,11.480000
0.018470,12.046667,11.453334
0.018871,12.020000,11.466666
0.019272,11.986667,11.420000
0.019673,12.093333,11.466666
0.020075,12.073333,11.373333
0.020476,11.886666,11.320000
0.020877,11.893333,11.360000
0.021279,11.866666,11.273333
0.021680,11.886666,11.266666
0.022081,11.826667,11.079999
0.022483,11.793333,11.386666
0.022884,11.766666,11.193334
0.023285,11.726666,11.193334
0.023686,11.786667,11.160000
0.024088,11.679999,11.120000
0.024490,11.706667,10.913333
0.024891,11.640000,11.079999
0.025293,11.633333,10.740000
0.025694,11.573333,10.940000
0.026095,11.613333,11.020000
0.026497,11.553333,11.193334
0.026898,11.493333,10.980000
0.027299,11.533333,10.966666
0.027700,11.486667,10.960000
0.028101,11.406666,10.900000
0.028503,11.440000,10.866667
0.028904,11.386666,10.933333
0.029306,11.386666,10.840000
0.029707,11.346666,11.086666
0.030108,11.300000,10.840000
0.030510,11.346666,10.746666
0.030911,11.300000,10.706666
0.031312,11.226666,10.580000
0.031715,11.273333,10.686666
0.032116,11.200000,10.686666
0.032517,11.180000,10.666667
0.032918,11.186666,10.573333
0.033320,11.206666,10.440000
0.033721,11.113334,10.433333
0.034122,11.133333,10.673333
0.034525,11.033333,10.653334
0.034926,11.066667,10.493333
0.035327,11.013332,10.500000
0.035729,10.986667,10.306666
0.036131,10.960000,10.453333
0.036533,10.920000,10.426666
0.036937,10.879999,10.366666
0.037338,10.886666,10.380000
0.037740,10.853333,10.353333
0.038142,10.833333,10.313334
0.038544,10.820000,10.299999
0.038945,10.766666,10.293333
0.039348,10.766666,10.226666
0.039749,10.780000,10.213333
0.040151,10.706666,10.173333
0.040552,10.660000,10.186666
0.040955,10.753333,10.226666
0.041356,10.593333,10.133333
0.041757,10.600000,10.080000
0.042158,10.540000,10.233333
0.042559,10.546666,10.046666
0.042961,10.506666,10.046666
0.043363,10.500000,9.986667
0.043765,10.486666,9.980000
0.044166,10.453333,9.966666
0.044567,10.426666,9.940001
0.044969,10.433333,9.913333
0.045371,10.299999,9.846666
0.045772,10.346666,9.833333
0.046174,10.306666,9.806666
0.046575,10.306666,9.806666
0.046977,10.306666,9.853333
0.047380,10.273334,9.773333
0.047782,10.200000,9.759999
0.048184,10.233333,9.706666
0.048585,10.160000,9.713333
0.048986,10.166666,9.700000
0.049388,10.133333,9.620000
0.049789,10.166666,9.833333
0.050191,10.113333,9.620000
0.050592,10.006667,9.713333
0.050993,10.066667,9.520000
0.051396,9.986667,9.533333
0.051797,9.946667,9.520000
0.052199,9.946667,9.493333
0.052600,9.946667,9.480000
0.053002,9.900000,9.346666
0.053405,9.900000,9.246666
0.053807,9.893332,9.346666
0.054209,9.866667,9.346666
0.054610,9.800000,9.306666
0.055011,9.793333,9.299999
0.055412,9.733334,9.173333
0.055814,9.719999,9.280000
0.056216,9.673333,9.186666
0.056617,9.653333,9.186666
0.057018,9.613334,9.186666
0.057419,9.639999,9.140000
0.057820,9.620000,9.120000
0.058221,9.606667,9.126666
0.058622,9.566666,9.080000
0.059025,9.433332,9.099999
0.059426,9.526667,9.066667
0.059827,9.499999,9.033333
0.060229,9.466666,8.973332
0.060630,9.453333,8.993333
0.061031,9.346666,8.913333
0.061434,9.393333,8.933333
0.061836,9.306666,8.900000
0.062237,9.306666,8.853333
0.062638,9.200000,8.833333
0.063039,9.266666,8.846666
0.063440,9.246666,8.780000
0.063841,9.213333,8.766666
0.064242,9.206667,8.753333
0.064643,9.179999,8.726666
0.065045,9.153334,8.740000
0.065446,9.133333,8.639999
0.065848,9.106667,8.646667
0.066249,9.053333,8.646667
0.066650,9.053333,8.726666
0.067052,9.000000,8.520000
0.067453,8.993333,8.493334
0.067854,9.053333,8.639999
0.068256,8.966666,8.513332
0.068658,8.913333,8.379999
0.069060,8.913333,8.473333
0.069462,8.880000,8.486667
0.069863,8.839999,8.393332
0.070265,8.820000,8.393332
0.070666,8.780000,8.453333
0.071068,8.773333,8.373333
0.071469,8.753333,8.300000
0.071871,8.726666,8.320000
0.072273,8.680000,8.366667
0.072674,8.626667,8.266666
0.073076,8.633333,8.233334
0.073477,8.620000,8.206666
0.073879,8.593333,8.186666
0.074280,8.573333,8.133333
0.074683,8.546666,7.980000
0.075085,8.540000,8.073333
0.075486,8.446666,8.100000
0.075887,8.480000,8.080000
0.076289,8.573333,8.026667
0.076690,8.426667,8.040000
0.077092,8.386666,7.980000
0.077493,8.393332,7.966667
0.077895,8.340000,7.953333
0.078296,8.346666,7.873333
0.078697,8.306666,7.946667
0.079099,8.293333,7.893333
0.079500,8.266666,7.840000
0.079902,8.206666,7.806666
0.080304,8.173333,7.766666
0.080706,8.173333,7.846667
0.081107,8.139999,7.940000
0.081508,8.106667,7.693334
0.081909,8.106667,7.700000
0.082310,8.053332,7.686666
0.082711,8.233334,7.640000
0.083112,8.053332,7.600000
0.083513,8.059999,7.640000
0.083914,7.973333,7.613333
0.084315,8.040000,7.566667
0.084716,7.926667,7.553333
0.085119,7.900000,7.540000
0.085520,7.873333,7.506667
0.085921,7.866666,7.506667
0.086322,7.846667,7.466667
0.086723,7.793334,7.413333
0.087125,7.820000,7.380000
0.087526,7.773333,7.486667
0.087927,7.733333,7.360000
0.088328,7.700000,7.320000
0.088729,7.666667,7.260000
0.089131,7.666667,7.286667
0.089533,7.679999,7.160000
0.089936,7.613333,7.140000
0.090337,7.573333,7.213333
0.090738,7.526666,7.166667
0.091140,7.533333,7.166667
0.091541,7.466667,7.140000
0.091943,7.586667,7.113333
0.092344,7.453333,7.080000
0.092745,7.440000,7.100000
0.093147,7.440000,7.066666
0.093548,7.373333,7.026667
0.093950,7.380000,7.020000
0.094351,7.340000,6.993333
0.094752,7.300000,6.980000
0.095153,7.360000,6.900000
0.095554,7.253334,6.920000
0.095956,7.266667,6.813333
0.096357,7.219999,6.893333
0.096758,7.180000,6.846666
0.097160,7.226666,6.786666
0.097561,7.146667,6.806667
0.097963,7.146667,6.800000
0.098364,7.093333,6.760000
0.098765,7.080000,6.740000
0.099167,7.046667,6.826667
0.099569,7.033333,6.713333
0.099970,6.993333,6.700000
0.100371,6.993333,6.660000
0.100772,6.953333,6.620000
0.101173,6.913333,6.620000
0.101574,6.973333,6.546667
0.101976,6.880000,6.533333
0.102377,6.866666,6.500000
0.102778,6.840000,6.500000
0.103180,6.820000,6.493333
0.103581,6.820000,6.473333
0.103983,6.780000,6.413333
0.104384,6.746666,6.386667
0.104786,6.700000,6.380000
0.105187,6.786666,6.340000
0.105588,6.666667,6.233333
0.105990,6.600000,6.306666
0.106391,6.646667,6.280000
0.106792,6.540000,6.253334
0.107193,6.580000,6.360000
0.107594,6.533333,6.200000
0.107996,6.486667,6.186666
0.108397,6.413333,6.193333
0.108798,6.460000,6.160000
0.109202,6.466667,6.160000
0.109603,6.406667,6.180000
0.110004,6.386667,6.113333
0.110405,6.373333,6.113333
0.110806,6.360000,6.053333
0.111208,6.313334,6.033333
0.111610,6.286667,6.000000
0.112012,6.280000,5.953333
0.112413,6.266666,5.940000
0.112814,6.220000,5.920000
0.113216,6.206666,5.900000
0.113617,6.160000,5.933333
0.114018,6.146667,5.860000
0.114419,6.140000,5.846666
0.114820,6.120000,5.840000
0.115221,6.106667,5.780000
0.115623,6.100000,5.940000
0.116025,6.033333,5.793334
0.116426,5.940000,5.726667
0.116827,5.966666,5.640000
0.117229,5.960000,5.706666
0.117631,5.953333,5.620000
0.118032,5.940000,5.660000
0.118434,5.920000,5.773333
0.118836,5.860000,5.600000
0.119237,5.773333,5.586667
0.119638,5.860000,5.566667
0.120039,5.800000,5.553333
0.120440,5.773333,5.526667
0.120841,5.760000,5.486667
0.121242,5.760000,5.486667
0.121643,5.740000,5.446666
0.122044,5.720000,5.413333
0.122445,5.680000,5.440000
0.122847,5.673333,5.413333
0.123248,5.620000,5.373333
0.123649,5.626667,5.326667
0.124051,5.593333,5.366667
0.124453,5.580000,5.320000
0.124854,5.546667,5.240000
0.125256,5.626667,5.273333
0.125657,5.500000,5.253333
0.126059,5.493333,5.253333
0.126460,5.460000,5.140000
0.126861,5.433333,5.166667
0.127263,5.413333,5.166667
0.127664,5.393333,5.146667
0.128065,5.380000,5.093333
0.128466,5.366667,5.100000
0.128868,5.326667,5.140000
0.129269,5.306666,5.093333
0.129670,5.280000,5.026667
0.130072,5.246666,5.026667
0.130473,5.320000,4.986667
0.130875,5.206666,4.973333
0.131277,5.213333,4.946666
0.131678,5.186666,4.920000
0.132079,5.140000,4.880000
0.132480,5.146667,4.913333
0.132881,5.133333,4.866667
0.133283,5.060000,4.813333
0.133684,5.100000,4.813333
0.134085,5.066667,4.813333
0.134487,5.026667,4.786666
0.134888,5.000000,4.786666
0.135289,4.986667,4.720000
0.135690,4.973333,4.720000
0.136092,4.940000,4.720000
0.136493,4.900000,4.686666
0.136895,4.906667,4.693333
0.137296,4.893333,4.726666
0.137697,4.880000,4.626667
0.138099,4.840000,4.600000
0.138500,4.806667,4.566667
0.138902,4.766666,4.540000
0.139303,4.760000,4.540000
0.139705,4.753333,4.533333
0.140106,4.726666,4.446667
0.140507,4.713333,4.600000
0.140908,4.680000,4.460000
0.141309,4.680000,4.420000
0.141710,4.713333,4.393333
0.142111,4.613333,4.393333
0.142512,4.620000,4.426666
0.142914,4.620000,4.366666
0.143316,4.566667,4.346667
0.143717,4.540000,4.360000
0.144118,4.540000,4.326666
0.144520,4.493333,4.293333
0.144921,4.466667,4.273333
0.145323,4.460000,4.260000
0.145724,4.413333,4.226666
0.146126,4.446667,4.220000
0.146527,4.380000,4.186666
0.146928,4.373333,4.186666
0.147329,4.366666,4.180000
0.147730,4.353333,4.120000
0.148132,4.346667,4.140000
0.148533,4.286666,4.073333
0.148936,4.273333,4.080000
0.149337,4.260000,4.086667
0.149738,4.246667,4.053333
0.150140,4.206666,4.353333
0.150541,4.193333,4.013333
0.150943,4.186666,3.986666
0.151344,4.193333,3.980000
0.151745,4.140000,3.953333
0.152146,4.133333,3.933333
0.152548,4.120000,3.920000
0.152950,4.106667,3.893333
0.153351,4.073333,3.886667
0.153752,4.040000,3.866667
0.154153,4.006667,3.840000
0.154555,4.013333,3.833333
0.154957,4.000000,3.746666
0.155358,4.000000,3.833333
0.155759,3.866667,3.746666
0.156160,3.960000,3.713333
0.156562,3.913333,3.700000
0.156964,3.873333,3.686666
0.157365,3.873333,3.666667
0.157766,3.900000,3.713333
0.158167,3.846667,3.646667
0.158568,3.826667,3.613333
0.158970,3.820000,3.660000
0.159371,3.760000,3.566667
0.159772,3.726667,3.573333
0.160173,3.713333,3.540000
0.160574,3.660000,3.500000
0.160976,3.673333,3.500000
0.161377,3.673333,3.500000
0.161778,3.620000,3.486667
0.162180,3.633333,3.480000
0.162581,3.620000,3.400000
0.162983,3.573333,3.406667
0.163384,3.546667,3.406667
0.163785,3.520000,3.386667
0.164187,3.526666,3.480000
0.164588,3.493333,3.320000
0.164990,3.513333,3.373333
0.165392,3.460000,3.313333
0.165793,3.446667,3.320000
0.166194,3.446667,3.293333
0.166595,3.426666,3.313333
0.166997,3.413333,3.233333
0.167398,3.380000,3.226667
0.167799,3.360000,3.133333
0.168201,3.340000,3.186666
0.168602,3.326667,3.180000
0.169004,3.306667,3.133333
0.169405,3.300000,3.166667
0.169807,3.293333,3.100000
0.170209,3.266667,3.193333
0.170610,3.240000,3.060000
0.171011,3.233333,3.100000
0.171412,3.206667,3.106667
0.171813,3.200000,3.046667
0.172214,3.073333,3.046667
0.172616,3.113333,2.980000
0.173018,3.146667,2.980000
0.173419,3.113333,2.973333
0.173821,3.106667,2.926667
0.174222,3.106667,2.980000
0.174624,3.053333,2.933333
0.175025,3.093333,2.893333
0.175426,3.006667,2.946667
0.175827,2.893333,2.826667
0.176228,3.000000,2.673333
0.176629,2.966666,2.840000
0.177032,2.953333,2.986667
0.177434,2.946667,2.786667
0.177835,2.940000,2.793333
0.178237,2.933333,2.786667
0.178638,2.893333,2.766667
0.179039,2.893333,2.766667
0.179441,2.880000,2.733333
0.179842,2.853333,2.680000
0.180243,2.833333,2.680000
0.180644,2.793333,2.680000
0.181045,2.793333,2.666667
0.181446,2.793333,2.646667
0.181848,2.786667,2.646667
0.182249,2.840000,2.520000
0.182650,2.726667,2.606667
0.183052,2.653333,2.593333
0.183453,2.713333,2.580000
0.183855,2.686666,2.553333
0.184256,2.673333,2.580000
0.184657,2.666667,2.693333
0.185059,2.633333,2.520000
0.185460,2.626667,2.520000
0.185862,2.600000,2.493333
0.186263,2.546667,2.460000
0.186664,2.533333,2.360000
0.187066,2.553333,2.433333
0.187467,2.546667,2.440000
0.187869,2.493333,2.426666
0.188271,2.500000,2.400000
0.188672,2.473333,2.433333
0.189074,2.473333,2.360000
0.189475,2.420000,2.320000
0.189877,2.446667,2.320000
0.190278,2.413333,2.313333
0.190679,2.413333,2.293333
0.191081,2.400000,2.320000
0.191484,2.386667,2.286667
0.191885,2.386667,2.260000
0.192287,2.353333,2.633333
0.192688,2.333333,2.026667
0.193089,2.320000,2.100000
0.193490,2.333333,2.200000
0.193891,2.293333,2.186667
0.194292,2.266667,2.173333
0.194693,2.233333,2.166667
0.195094,2.253333,2.133333
0.195495,2.206667,2.026667
0.195896,2.240000,2.113333
0.196297,2.233333,2.093333
0.196699,2.186667,2.033333
0.197101,2.173333,2.060000
0.197502,2.146667,2.060000
0.197904,2.146667,1.766667
0.198305,2.106667,2.026667
0.198706,2.113333,2.086667
0.199107,2.086667,2.060000
0.199510,2.086667,1.993333
0.199911,2.093333,2.000000
0.200312,2.060000,1.946667
0.200713,2.066667,1.793333
0.201115,2.020000,1.920000
0.201517,2.013333,1.993333
0.201918,1.993333,1.853333
0.202319,1.953333,1.880000
0.202721,1.966667,1.846667
0.203122,1.940000,1.860000
0.203524,1.946667,1.880000
0.203927,1.920000,1.846667
0.204328,1.900000,1.893333
0.204729,1.873333,1.820000
0.205131,1.900000,1.786667
0.205533,1.880000,1.706667
0.205936,1.806667,1.773333
0.206338,1.846667,1.733333
0.206739,1.833333,1.733333
0.207140,1.833333,1.733333
0.207542,1.806667,1.720000
0.207943,1.773333,1.820000
0.208344,1.786667,1.700000
0.208746,1.746667,1.660000
0.209148,1.766667,1.713333
0.209550,1.720000,1.633333
0.209951,1.726667,1.673333
0.210352,1.720000,1.660000
0.210753,1.706667,1.620000
0.211155,1.680000,1.566667
0.211557,1.660000,1.573333
0.211959,1.640000,1.620000
0.212362,1.653333,1.566667
0.212764,1.620000,1.560000
0.213166,1.613333,1.553333
0.213567,1.626667,1.560000
0.213969,1.606667,1.500000
0.214371,1.573333,1.526667
0.214772,1.573333,1.500000
0.215173,1.553333,1.560000
0.215574,1.520000,1.466667
0.215976,1.526667,1.453333
0.216377,1.466667,1.386667
0.216778,1.526667,1.480000
0.217180,1.600000,1.266667
0.217581,1.466667,1.420000
0.217983,1.506667,1.386667
0.218386,1.453333,1.393333
0.218787,1.466667,1.386667
0.219189,1.426667,1.386667
0.219591,1.420000,1.380000
0.219992,1.393333,1.360000
0.220393,1.386667,1.326667
0.220795,1.393333,1.333333
0.221197,1.366667,1.326667
0.221600,1.320000,1.300000
0.222001,1.353333,1.300000
0.222403,1.313333,1.240000
0.222804,1.326667,1.240000
0.223206,1.266667,1.300000
0.223607,1.300000,1.246667
0.224009,1.286667,1.206667
0.224410,1.306667,1.220000
0.224811,1.300000,1.226667
0.225212,1.420000,1.206667
0.225615,1.386667,1.180000
0.226017,1.240000,1.206667
0.226419,1.213333,1.200000
0.226820,1.213333,1.206667
0.227221,1.206667,1.153333
0.227623,1.206667,1.146667
0.228024,1.206667,1.140000
0.228425,1.166667,1.133333
0.228827,1.180000,1.146667
0.229228,1.140000,1.106667
0.229629,1.140000,1.126667
0.230031,1.133333,1.086667
0.230432,1.140000,1.100000
0.230833,1.086667,1.066667
0.231234,1.126667,1.053333
0.231635,1.080000,1.146667
0.232037,1.086667,0.986667
0.232438,1.053333,1.040000
0.232840,1.040000,1.020000
0.233241,1.046667,1.033333
0.233643,1.106667,1.033333
0.234044,1.033333,1.060000
0.234445,0.993333,1.053333
0.234847,1.000000,0.980000
0.235248,1.013333,1.000000
0.235649,1.013333,0.953333
0.236051,1.000000,0.946667
0.236452,0.980000,0.946667
0.236854,0.966667,0.960000
0.237256,0.960000,0.946667
0.237658,0.946667,0.946667
0.238059,0.946667,0.946667
0.238460,0.946667,0.946667
0.238861,0.946667,0.946667
0.239263,0.946667,0.946667
0.239664,0.993333,0.946667
0.240065,0.946667,0.946667
0.240466,0.946667,0.946667
0.240867,0.946667,0.946667
0.241269,0.946667,0.946667
0.241670,0.946667,0.946667
0.242072,0.946667,0.946667
0.242473,0.946667,0.946667
0.242875,0.946667,0.946667
0.243276,0.946667,0.946667
0.243677,0.946667,0.946667
0.244078,0.946667,0.946667
0.244479,0.946667,0.946667
0.244881,0.946667,0.946667
0.245282,0.946667,0.946667
0.245685,0.946667,0.946667
0.246086,0.946667,0.946667
0.246488,0.946667,0.946667
0.246890,0.946667,0.946667
0.247291,0.946667,0.946667
0.247692,0.946667,0.946667
0.248093,0.946667,0.946667
0.248494,0.946667,0.946667
0.248895,0.946667,0.946667
0.249296,0.946667,0.946667
0.249698,0.946667,0.946667
0.250099,0.946667,0.946667
0.250500,0.946667,0.946667
0.250901,0.946667,0.946667
0.251303,0.946667,0.946667
0.251706,0.946667,0.946667
0.252107,0.946667,0.946667
0.252508,0.946667,0.946667
0.252910,0.946667,0.946667
0.253311,0.946667,0.946667
0.253712,0.946667,0.946667
0.254113,0.946667,0.946667
0.254514,0.946667,0.946667
0.254916,0.946667,0.946667
0.255317,0.946667,0.946667
0.255719,0.946667,0.946667
0.256120,0.946667,0.946667
0.256521,0.946667,0.946667
0.256923,0.946667,0.946667
0.257325,0.946667,0.946667
0.257726,0.946667,0.946667
0.258127,0.946667,0.946667
0.258530,0.946667,0.946667
0.258931,0.946667,0.946667
0.259332,0.946667,0.946667
0.259733,0.946667,0.946667
0.260135,0.946667,0.946667
0.260537,0.946667,0.946667
0.260938,0.946667,0.946667
0.261339,0.946667,0.946667
0.261740,0.946667,0.946667
0.262142,0.946667,0.946667
0.262543,0.946667,0.946667
0.262944,0.946667,0.946667
0.263347,0.946667,0.946667
0.263749,0.946667,0.946667
0.264152,0.946667,0.946667
0.264553,0.946667,0.946667
0.264954,0.946667,0.946667
0.265355,0.946667,0.946667
0.265756,0.946667,0.946667
0.266158,0.946667,0.946667
0.266560,0.946667,0.946667
0.266962,0.946667,0.946667
0.267363,0.946667,0.946667
0.267764,0.946667,0.946667
0.268166,0.946667,0.946667
0.268567,0.946667,0.946667
0.268969,0.946667,0.946667
0.269370,0.946667,0.946667
0.269771,0.946667,0.946667
0.270173,0.946667,0.946667
0.270574,0.946667,0.946667
0.270976,0.946667,0.946667
0.271377,0.946667,0.946667
0.271779,0.946667,0.946667
0.272181,0.946667,0.946667
0.272582,0.946667,0.946667
0.272984,0.946667,0.946667
0.273386,0.946667,0.946667
0.273787,0.946667,0.946667
0.274188,0.946667,0.946667
0.274589,0.946667,0.946667
0.274991,0.946667,0.946667
0.275392,0.946667,0.946667
0.275793,0.946667,0.946667
0.276195,0.946667,0.946667
0.276597,0.946667,0.946667
0.276998,0.946667,0.946667
0.277400,0.946667,0.946667
0.277801,0.946667,0.946667
0.278203,0.946667,0.946667
0.278604,0.946667,0.946667
0.279005,0.946667,0.946667
0.279406,0.946667,0.946667
0.279807,0.946667,0.946667
0.280208,0.946667,0.946667
0.280609,0.946667,0.946667
0.281011,0.946667,0.946667
0.281412,0.946667,0.946667
0.281814,0.946667,0.946667
0.282215,0.946667,0.946667
0.282616,0.946667,0.946667
0.283018,0.946667,0.946667
0.283419,0.946667,0.946667
0.283820,0.946667,0.946667
0.284222,0.946667,0.946667
0.284623,0.946667,0.946667
0.285024,0.946667,0.946667
0.285425,0.946667,0.946667
0.285827,0.946667,0.946667
0.286228,0.946667,0.946667
0.286631,0.946667,0.946667
0.287032,0.946667,0.946667
0.287433,0.946667,0.946667
0.287835,0.946667,0.946667
0.288237,0.946667,0.946667
0.288640,0.946667,0.946667
0.289042,0.946667,0.946667
0.289443,0.946667,0.946667
0.289845,0.946667,0.946667
0.290246,0.946667,0.946667
0.290648,0.946667,0.946667
0.291050,0.946667,0.946667
0.291451,0.946667,0.946667
0.291853,0.946667,0.946667
0.292254,0.946667,0.946667
0.292655,0.946667,0.946667
0.293056,0.946667,0.946667
0.293457,0.946667,0.946667
0.293859,0.946667,0.946667
0.294260,0.946667,0.946667
0.294662,0.946667,0.946667
0.295065,0.946667,0.946667
0.295466,0.946667,0.946667
0.295867,0.946667,0.946667
0.296268,0.946667,0.946667
0.296670,0.946667,0.946667
0.297071,0.946667,0.946667
0.297472,0.946667,0.946667
0.297873,0.946667,0.946667
0.298274,0.946667,0.946667
0.298675,0.946667,0.946667
0.299077,0.946667,0.946667
0.299479,0.946667,0.946667
0.299881,0.946667,0.946667
0.300282,0.946667,0.946667
0.300683,0.946667,0.946667
0.301085,0.946667,0.946667
0.301488,0.946667,0.946667
0.301890,0.946667,0.946667
0.302291,0.946667,0.946667
0.302692,0.946667,0.946667
0.303094,0.946667,0.946667
0.303495,0.946667,0.946667
0.303897,0.946667,0.946667
0.304298,0.946667,0.946667
0.304700,0.946667,0.946667
0.305101,0.946667,0.946667
0.305503,0.946667,0.946667
0.305904,0.946667,0.946667
0.306305,0.946667,0.946667
0.306707,0.946667,0.946667
0.307108,0.946667,0.946667
0.307509,0.946667,0.946667
0.307911,0.946667,0.946667
0.308313,0.946667,0.946667
0.308714,0.946667,0.946667
0.309116,0.946667,0.946667
0.309519,0.946667,0.946667
0.309921,0.946667,0.946667
0.310323,0.946667,0.946667
0.310724,0.946667,0.946667
0.311126,0.946667,0.946667
0.311527,0.946667,0.946667
0.311928,0.946667,0.946667
0.312329,0.946667,0.946667
0.312730,0.946667,0.946667
0.313131,0.946667,0.946667
0.313532,0.946667,0.946667
0.313937,0.946667,0.946667
0.314338,0.946667,0.946667
0.314739,0.946667,0.946667
0.315140,0.946667,0.946667
0.315541,0.946667,0.946667
0.315943,0.946667,0.946667
0.316344,0.946667,0.946667
0.316745,0.946667,0.946667
0.317147,0.946667,0.946667
0.317548,0.946667,0.946667
0.317950,0.946667,0.946667
0.318351,0.946667,0.946667
0.318754,0.946667,0.946667
0.319155,0.946667,0.946667
0.319556,0.946667,0.946667
0.319958,0.946667,0.946667
0.320359,0.946667,0.946667
0.320760,0.946667,0.946667
0.321161,0.946667,0.946667
0.321562,0.946667,0.946667
0.321964,0.946667,0.946667
0.322365,0.946667,0.946667
0.322766,0.946667,0.946667
0.323167,0.946667,0.946667
0.323568,0.946667,0.946667
0.323970,0.946667,0.946667
0.324371,0.946667,0.946667
0.324772,0.946667,0.946667
0.325174,0.946667,0.946667
0.325575,0.946667,0.946667
0.325977,0.946667,0.946667
0.326378,0.946667,0.946667
0.326779,0.946667,0.946667
0.327180,0.946667,0.946667
0.327581,0.946667,0.946667
0.327983,0.946667,0.946667
0.328384,0.946667,0.946667
0.328785,0.946667,0.946667
0.329187,0.946667,0.946667
0.329588,0.946667,0.946667
0.329990,0.946667,0.946667
0.330391,0.946667,0.946667
0.330793,0.946667,0.946667
0.331194,0.946667,0.946667
0.331595,0.946667,0.946667
0.331997,0.946667,0.946667
0.332398,0.946667,0.946667
0.332800,0.946667,0.946667
0.333201,0.946667,0.946667
0.333602,0.946667,0.946667
0.334004,0.946667,0.946667
0.334406,0.946667,0.946667
0.334807,0.946667,0.946667
0.335209,0.946667,0.946667
0.335612,0.946667,0.946667
0.336013,0.946667,0.946667
0.336415,0.946667,0.946667
0.336816,0.946667,0.946667
0.337218,0.946667,0.946667
0.337619,0.946667,0.946667
0.338020,0.946667,0.946667
0.338421,0.946667,0.946667
0.338822,0.946667,0.946667
0.339224,0.946667,0.946667
0.339627,0.946667,0.946667
0.340029,0.946667,0.946667
0.340430,0.946667,0.946667
0.340831,0.946667,0.946667
0.341232,0.946667,0.946667
0.341633,0.946667,0.946667
0.342034,0.946667,0.946667
0.342435,0.946667,0.946667
0.342836,0.946667,0.946667
0.343238,0.946667,0.946667
0.343639,0.946667,0.946667
0.344042,0.946667,0.946667
0.344443,0.946667,0.946667
0.344844,0.946667,0.946667
0.345245,0.946667,0.946667
0.345646,0.946667,0.946667
0.346047,0.946667,0.946667
0.346449,0.946667,0.946667
0.346851,0.946667,0.946667
0.347253,0.946667,0.946667
0.347654,0.946667,0.946667
0.348056,0.946667,0.946667
0.348457,0.946667,0.946667
0.348858,0.946667,0.946667
0.349259,0.946667,0.946667
0.349660,0.946667,0.946667
0.350061,0.946667,0.946667
0.350462,0.946667,0.946667
0.350863,0.946667,0.946667
0.351265,0.946667,0.946667
0.351667,0.946667,0.946667
0.352069,0.946667,0.946667
0.352470,0.946667,0.946667
0.352871,0.946667,0.946667
0.353273,0.946667,0.946667
0.353675,0.973333,0.946667
0.354077,0.946667,0.946667
0.354478,0.946667,0.946667
0.354879,0.946667,0.946667
0.355280,0.946667,0.946667
0.355681,0.946667,0.946667
0.356083,0.946667,0.946667
0.356484,0.946667,0.946667
0.356885,0.946667,0.946667
0.357286,0.946667,0.946667
0.357687,0.986667,0.946667
0.358089,0.946667,0.946667
0.358490,0.953333,0.946667
0.358891,0.966667,0.946667
0.359292,0.946667,0.946667
0.359693,0.953333,0.946667
0.360094,0.946667,0.946667
0.360495,0.980000,0.946667
0.360897,0.980000,0.946667
0.361298,0.993333,0.946667
0.361700,0.973333,0.953333
0.362102,1.100000,0.946667
0.362503,0.993333,0.946667
0.362904,0.993333,0.973333
0.363306,1.026667,1.113333
0.363707,1.006667,0.966667
0.364110,1.040000,1.000000
0.364511,1.046667,1.020000
0.364913,1.033333,1.033333
0.365315,1.073333,1.020000
0.365716,1.060000,1.033333
0.366118,1.100000,1.020000
0.366521,1.160000,1.073333
0.366922,1.126667,1.053333
0.367324,1.120000,1.086667
0.367725,1.146667,0.946667
0.368128,1.133333,1.093333
0.368531,1.146667,1.113333
0.368937,1.160000,1.106667
0.369338,1.226667,1.126667
0.369739,1.193333,1.140000
0.370142,1.200000,1.153333
0.370543,1.146667,1.140000
0.370944,1.206667,1.086667
0.371346,1.226667,1.180000
0.371747,1.260000,0.973333
0.372149,1.253333,1.180000
0.372550,1.300000,1.206667
0.372951,1.246667,1.206667
0.373352,1.300000,1.213333
0.373755,1.273333,1.206667
0.374157,1.306667,1.333333
0.374558,1.326667,1.193333
0.374959,1.360000,1.506667
0.375361,1.346667,1.300000
0.375764,1.360000,1.193333
0.376166,1.313333,1.206667
0.376567,1.420000,1.313333
0.376970,1.393333,1.300000
0.377371,1.400000,1.326667
0.377773,1.373333,1.306667
0.378174,1.420000,1.386667
0.378575,1.433333,1.360000
0.378978,1.433333,1.360000
0.379379,1.460000,1.386667
0.379781,1.473333,1.386667
0.380182,1.500000,1.466667
0.380583,1.480000,1.393333
0.380985,1.513333,1.546667
0.381386,1.506667,1.453333
0.381787,1.586667,1.453333
0.382189,1.380000,1.466667
0.382592,1.560000,1.420000
0.382993,1.560000,1.520000
0.383396,1.566667,1.486667
0.383797,1.566667,1.646667
0.384200,1.613333,1.526667
0.384601,1.613333,1.533333
0.385003,1.633333,1.573333
0.385404,1.646667,1.560000
0.385806,1.640000,1.573333
0.386208,1.653333,1.600000
0.386611,1.666667,1.566667
0.387012,1.693333,1.800000
0.387413,1.700000,1.626667
0.387814,1.726667,1.633333
0.388216,1.726667,1.660000
0.388617,1.786667,1.666667
0.389018,1.733333,1.666667
0.389421,1.740000,1.680000
0.389822,1.766667,1.706667
0.390224,1.786667,1.740000
0.390625,1.806667,1.706667
0.391027,1.813333,1.733333
0.391429,1.786667,1.753333
0.391830,1.873333,1.820000
0.392232,1.933333,1.733333
0.392633,1.880000,1.733333
0.393036,1.940000,1.826667
0.393437,1.906667,1.813333
0.393838,1.906667,1.846667
0.394240,1.893333,1.846667
0.394642,1.933333,1.860000
0.395044,1.940000,1.946667
0.395445,1.960000,1.893333
0.395847,2.013333,1.906667
0.396249,1.986667,1.906667
0.396650,2.020000,1.960000
0.397053,2.020000,1.913333
0.397454,2.026667,1.940000
0.397856,2.073333,2.140000
0.398257,2.066667,1.973333
0.398658,2.093333,2.113333
0.399059,2.086667,1.853333
0.399460,2.146667,2.040000
0.399861,1.900000,2.153333
0.400263,2.093333,2.060000
0.400664,2.186667,2.086667
0.401065,2.173333,2.060000
0.401466,2.186667,2.086667
0.401868,2.200000,2.093333
0.402269,2.180000,2.120000
0.402671,2.193333,2.126667
0.403073,2.253333,2.200000
0.403476,2.253333,2.033333
0.403877,2.300000,2.126667
0.404279,2.286667,2.106667
0.404680,2.326667,2.233333
0.405081,2.373333,2.186667
0.405483,2.340000,2.246667
0.405884,2.366667,2.253333
0.406285,2.373333,2.573333
0.406687,2.420000,2.120000
0.407088,2.406667,2.413333
0.407490,2.413333,2.360000
0.407891,2.440000,2.320000
0.408292,2.486667,2.273333
0.408693,2.500000,2.360000
0.409094,2.526667,2.346667
0.409495,2.506666,2.213333
0.409897,2.520000,2.386667
0.410299,2.520000,2.413333
0.410700,2.553333,2.433333
0.411101,2.573333,2.453333
0.411503,2.586667,2.453333
0.411904,2.586667,2.473333
0.412305,2.613333,2.466667
0.412706,2.626667,2.493333
0.413107,2.646667,2.433333
0.413508,2.666667,2.626667
0.413909,2.660000,2.533333
0.414310,2.700000,2.600000
0.414713,2.606667,2.586667
0.415115,2.666667,2.600000
0.415518,2.733333,2.613333
0.415920,2.766667,2.686666
0.416321,2.780000,2.646667
0.416722,2.746667,2.660000
0.417123,2.813333,2.520000
0.417525,2.800000,2.706666
0.417927,2.806667,2.680000
0.418329,2.846667,2.720000
0.418731,2.880000,2.733333
0.419133,2.880000,2.786667
0.419534,2.880000,2.766667
0.419936,2.953333,2.786667
0.420337,2.960000,2.786667
0.420740,2.946667,2.793333
0.421141,2.926667,2.813333
0.421542,2.960000,2.813333
0.421943,2.993333,2.860000
0.422344,2.993333,2.900000
0.422745,3.033333,2.906667
0.423147,3.053333,2.946667
0.423548,3.140000,2.826667
0.423950,3.060000,2.946667
0.424351,3.046667,2.946667
0.424752,3.126667,3.000000
0.425153,3.153333,2.980000
0.425554,3.146667,2.986667
0.425956,3.166667,3.046667
0.426357,3.186666,3.020000
0.426758,3.226667,3.073333
0.427160,3.240000,2.960000
0.427561,3.253333,3.100000
0.427963,3.273333,3.140000
0.428365,3.293333,3.106667
0.428766,3.313333,3.160000
0.429167,3.313333,3.100000
0.429568,3.313333,3.166667
0.429970,3.333333,3.166667
0.430371,3.373333,3.133333
0.430772,3.353333,3.240000
0.431173,3.393333,3.273333
0.431574,3.413333,3.260000
0.431976,3.426666,3.300000
0.432378,3.486667,3.306667
0.432779,3.473333,3.313333
0.433180,3.500000,3.606667
0.433581,3.500000,3.393333
0.433983,3.446667,3.320000
0.434385,3.460000,3.326667
0.434787,3.573333,3.400000
0.435188,3.573333,3.426666
0.435589,3.633333,3.433333
0.435991,3.633333,3.466666
0.436392,3.660000,3.486667
0.436794,3.660000,3.486667
0.437195,3.673333,3.500000
0.437596,3.693333,3.533333
0.437997,3.713333,3.533333
0.438398,3.726667,3.566667
0.438799,3.773333,3.340000
0.439201,3.820000,3.646667
0.439602,3.833333,3.593333
0.440004,3.853333,3.653333
0.440405,3.833333,3.733333
0.440807,3.853333,3.660000
0.441209,3.913333,3.833333
0.441610,3.940000,3.740000
0.442012,3.926666,3.713333
0.442415,3.960000,3.340000
0.442816,3.980000,3.826667
0.443217,4.013333,3.826667
0.443618,4.026666,3.833333
0.444020,4.086667,3.833333
0.444421,4.086667,3.873333
0.444822,4.060000,3.866667
0.445223,4.093333,3.900000
0.445624,4.113333,3.926666
0.446025,4.133333,3.933333
0.446427,4.120000,3.986666
0.446828,4.193333,4.013333
0.447230,4.160000,3.993333
0.447631,4.220000,4.020000
0.448032,4.160000,4.026666
0.448433,4.246667,3.973333
0.448835,4.293333,3.900000
0.449237,4.293333,4.080000
0.449638,4.326666,4.093333
0.450039,4.320000,4.046667
0.450440,4.086667,4.186666
0.450841,4.353333,4.186666
0.451243,4.366666,3.833333
0.451644,4.420000,4.220000
0.452045,4.413333,4.186666
0.452448,4.393333,4.220000
0.452849,4.473333,4.253333
0.453250,4.453333,4.273333
0.453653,4.513333,4.353333
0.454055,4.493333,4.333333
0.454457,4.546667,4.333333
0.454858,4.573333,4.353333
0.455259,4.566667,4.360000
0.455660,4.606667,4.446667
0.456062,4.680000,4.413333
0.456464,4.673333,4.366666
0.456865,4.646667,4.446667
0.457266,4.700000,4.493333
0.457668,4.713333,4.506667
0.458070,4.753333,4.540000
0.458472,4.733333,4.360000
0.458873,4.766666,4.540000
0.459275,4.753333,4.573333
0.459676,4.800000,4.606667
0.460078,4.873333,4.633333
0.460479,4.860000,4.640000
0.460880,4.886666,4.673333
0.461281,4.920000,4.693333
0.461682,4.926667,4.713333
0.462084,4.946666,4.713333
0.462486,4.980000,4.726666
0.462887,4.993333,4.773334
0.463289,5.006667,4.800000
0.463690,5.033333,4.800000
0.464092,5.053333,4.800000
0.464493,5.080000,4.833333
0.464895,5.066667,4.873333
0.465296,5.173333,4.946666
0.465697,5.140000,4.886666
0.466099,5.173333,4.913333
0.466501,5.173333,4.920000
0.466902,5.133333,4.973333
0.467304,5.233334,4.993333
0.467705,5.240000,5.166667
0.468106,5.286666,5.413333
0.468507,5.280000,5.133333
0.468909,5.306666,5.053333
0.469311,5.366667,5.080000
0.469712,5.360000,5.093333
0.470114,5.380000,5.133333
0.470516,5.360000,5.120000
0.470917,5.413333,5.186666
0.471319,5.433333,5.153333
0.471722,5.460000,5.220000
0.472124,5.500000,5.240000
0.472526,5.500000,5.346666
0.472927,5.539999,5.266667
0.473328,5.566667,5.273333
0.473730,5.580000,5.353333
0.474132,5.580000,5.240000
0.474533,5.613333,5.386667
0.474937,5.693333,5.400000
0.475338,5.666667,5.446666
0.475739,5.693333,5.086667
0.476141,5.793334,5.473333
0.476542,5.746666,5.453333
0.476943,5.753333,5.506666
0.477344,5.786666,5.526667
0.477746,5.780000,5.533333
0.478147,5.820000,5.533333
0.478549,5.813333,5.573333
0.478951,5.860000,5.593333
0.479352,5.873333,5.586667
0.479755,5.893333,5.626667
0.480157,5.933333,5.660000
0.480558,5.946667,5.686666
0.480960,6.020000,5.713333
0.481362,6.120000,5.673333
0.481763,6.080000,5.726667
0.482165,6.026667,5.766666
0.482568,6.080000,5.786666
0.482970,6.093333,5.793334
0.483371,6.026667,5.833333
0.483774,6.146667,5.846666
0.484175,6.240000,5.940000
0.484576,6.173333,5.913333
0.484977,6.206666,5.920000
0.485379,6.233333,6.160000
0.485780,6.266666,5.800000
0.486181,6.266666,5.866666
0.486582,6.300000,6.000000
0.486984,6.386667,6.013333
0.487387,6.320000,6.053333
0.487788,6.360000,6.040000
0.488190,6.366666,6.100000
0.488591,6.353333,6.060000
0.488992,6.453333,6.133333
0.489393,6.473333,6.153333
0.489794,6.453333,6.126667
0.490195,6.540000,6.206666
0.490597,6.513333,6.186666
0.490998,6.606667,6.260000
0.491399,6.580000,6.286667
0.491801,6.573333,6.286667
0.492202,6.620000,6.320000
0.492603,6.680000,6.313334
0.493004,6.726666,6.373333
0.493405,6.746666,6.393333
0.493806,6.773334,6.406667
0.494208,6.753333,6.440000
0.494609,6.813333,6.460000
0.495011,6.820000,6.413333
0.495412,6.833333,6.466667
0.495814,6.880000,6.606667
0.496215,6.900000,6.546667
0.496616,6.933333,6.613333
0.497018,6.993333,6.680000
0.497419,6.980000,6.640000
0.497820,7.013333,6.660000
0.498222,7.000000,6.680000
0.498624,7.073333,6.686666
0.499025,7.273333,6.720000
0.499427,7.126667,6.700000
0.499828,7.106667,6.800000
0.500229,7.173333,6.760000
0.500630,7.160000,6.813333
0.501031,7.119999,6.780000
0.501434,7.193333,6.893333
0.501836,7.233334,7.113333
0.502237,7.253334,6.893333
0.502638,7.300000,6.926667
0.503039,7.360000,6.933333
0.503440,7.306666,6.986666
0.503842,7.326666,6.986666
0.504243,7.340000,6.986666
0.504645,7.413333,7.080000
0.505046,7.420000,7.046667
0.505447,7.513333,7.080000
0.505849,7.453333,7.106667
0.506250,7.493333,7.133334
0.506651,7.513333,7.146667
0.507053,7.606667,7.166667
0.507454,7.573333,7.186666
0.507856,7.566667,7.233334
0.508257,7.613333,7.233334
0.508660,7.679999,7.260000
0.509061,7.660000,7.320000
0.509463,7.693334,7.346666
0.509864,7.673333,7.353333
0.510265,7.820000,7.366667
0.510667,7.753333,7.393333
0.511068,7.780000,7.400000
0.511470,7.833333,7.453333
0.511872,7.826667,7.433333
0.512273,7.846667,7.686666
0.512674,7.886666,7.506667
0.513076,7.900000,7.513333
0.513477,7.933333,7.666667
0.513878,7.966667,7.540000
0.514280,7.993333,7.600000
0.514681,8.033334,7.620000
0.515083,8.046666,7.640000
0.515484,8.026667,7.686666
0.515886,8.093333,7.720000
0.516287,8.100000,7.693334
0.516688,8.120000,7.740000
0.517091,8.153334,7.753333
0.517492,8.333333,7.746666
0.517894,8.139999,7.813334
0.518295,8.293333,7.840000
0.518696,8.200000,7.860000
0.519098,8.286667,7.866666
0.519499,8.300000,7.913333
0.519901,8.320000,7.933333
0.520302,8.379999,7.926667
0.520703,8.386666,7.993333
0.521105,8.400000,7.993333
0.521506,8.420000,8.053332
0.521908,8.426667,8.040000
0.522309,8.480000,8.040000
0.522712,8.486667,8.073333
0.523113,8.506666,8.139999
0.523514,8.566667,8.120000
0.523916,8.586666,8.166667
0.524317,8.593333,8.153334
0.524719,8.639999,8.166667
0.525120,8.660000,8.360000
0.525521,8.686666,8.286667
0.525923,8.673333,8.306666
0.526325,8.726666,8.213333
0.526726,8.753333,8.313333
0.527127,8.760000,8.373333
0.527529,8.806666,8.393332
0.527930,8.806666,8.393332
0.528331,8.860000,8.426667
0.528732,8.866667,8.426667
0.529133,8.906666,8.493334
0.529535,8.933333,8.466666
0.529937,8.946667,8.506666
0.530338,8.973332,8.593333
0.530740,9.033333,8.533333
0.531141,9.000000,8.613334
0.531543,9.053333,8.620000
0.531944,9.093333,8.666666
0.532346,9.093333,8.620000
0.532747,9.186666,8.686666
0.533149,9.166666,8.726666
0.533551,9.160000,8.579999
0.533952,9.233333,8.740000
0.534354,9.220000,8.766666
0.534755,9.240000,8.820000
0.535157,9.280000,8.839999
0.535559,9.299999,8.853333
0.535961,9.326667,8.880000
0.536363,9.320000,8.913333
0.536764,9.340000,8.913333
0.537166,9.413333,8.953334
0.537567,9.453333,9.000000
0.537969,9.466666,9.006666
0.538370,9.493333,9.020000
0.538771,9.533333,9.033333
0.539172,9.546667,9.066667
0.539575,9.586666,9.093333
0.539977,9.606667,9.120000
0.540378,9.573333,9.153334
0.540779,9.646667,9.166666
0.541180,9.666667,9.186666
0.541581,9.706666,9.233333
0.541983,9.759999,9.280000
0.542385,9.740000,9.306666
0.542787,9.793333,9.280000
0.543188,9.806666,9.306666
0.543590,9.833333,9.299999
0.543991,9.853333,9.346666
0.544393,9.873333,9.346666
0.544794,9.886666,9.346666
0.545196,9.940001,9.460000
0.545597,9.993333,9.453333
0.545998,9.966666,9.480000
0.546399,10.053333,9.493333
0.546800,10.093333,9.553333
0.547201,10.046666,9.593333
0.547602,10.073334,9.613334
0.548003,10.126667,9.613334
0.548404,10.133333,9.639999
0.548806,10.200000,9.993333
0.549208,10.166666,9.726666
0.549611,10.200000,9.726666
0.550012,10.253333,9.740000
0.550413,10.246666,10.146667
0.550815,10.226666,9.800000
0.551216,10.313334,9.646667
0.551618,10.333333,9.860000
0.552019,10.360000,9.853333
0.552420,10.386666,9.873333
0.552822,10.393333,9.900000
0.553224,10.426666,9.953333
0.553625,10.473333,9.940001
0.554026,10.553332,10.040000
0.554427,10.506666,10.006667
0.554829,10.513333,10.006667
0.555231,10.573333,10.059999
0.555632,10.586667,10.046666
0.556033,10.600000,10.080000
0.556434,10.620000,10.106667
0.556836,10.653334,10.153333
0.557238,10.620000,10.166666
0.557639,10.693333,10.173333
0.558041,10.733334,10.179999
0.558443,10.660000,10.260000
0.558844,10.786667,10.280000
0.559246,10.833333,10.326667
0.559648,10.840000,10.313334
0.560050,10.846666,10.326667
0.560451,10.866667,10.353333
0.560852,10.906667,10.386666
0.561253,10.940000,10.406667
0.561654,10.946666,10.413333
0.562055,11.000000,10.453333
0.562457,11.013332,10.480000
0.562860,11.020000,10.993334
0.563262,11.066667,10.540000
0.563663,11.040000,10.540000
0.564064,11.173333,10.573333
0.564465,11.240000,10.600000
0.564867,11.173333,10.600000
0.565268,11.133333,10.666667
0.565669,11.193334,10.666667
0.566071,11.213333,10.673333
0.566472,11.253333,10.726666
0.566874,11.306666,10.753333
0.567275,11.240000,10.746666
0.567678,11.326667,10.780000
0.568079,11.353333,10.806666
0.568482,11.366667,10.780000
0.568883,11.413333,10.860000
0.569284,11.426666,10.860000
0.569685,11.440000,10.753333
0.570086,11.506666,10.933333
0.570488,11.466666,10.946666
0.570890,11.506666,10.986667
0.571291,11.553333,11.013332
0.571693,11.559999,11.006666
0.572095,11.626666,11.053333
0.572496,11.613333,11.046666
0.572898,11.646667,11.053333
0.573300,11.660000,11.093333
0.573701,11.700000,11.120000
0.574103,11.706667,11.133333
0.574504,11.766666,11.193334
0.574905,11.766666,11.099999
0.575306,11.853333,11.253333
0.575707,11.766666,11.240000
0.576108,11.833333,11.453334
0.576511,11.826667,11.246667
0.576913,11.920000,11.320000
0.577315,11.886666,11.280000
0.577716,11.960000,11.366667
0.578118,11.973333,11.386666
0.578519,12.059999,11.420000
0.578921,11.993333,11.453334
0.579322,12.040000,11.480000
0.579723,12.059999,11.453334
0.580124,12.066666,11.493333
0.580525,12.106667,11.513333
0.580926,12.173333,11.520000
0.581327,12.200000,11.553333
0.581728,12.213333,11.613333
0.582129,12.286667,11.606667
0.582531,12.226666,11.713333
0.582937,12.273333,11.666666
0.583339,12.286667,11.660000
0.583740,12.360000,11.386666
0.584143,12.366667,11.753333
0.584544,12.373333,11.773334
0.584945,12.346666,11.806666
0.585346,12.426666,11.806666
0.585748,12.453333,11.820000
0.586150,12.466666,11.853333
0.586551,12.486667,11.886666
0.586952,12.593333,11.893333
0.587353,12.559999,11.913333
0.587755,12.586666,11.926666
0.588156,12.633333,11.999999
0.588558,12.626667,11.993333
0.588959,12.653333,12.033333
0.589362,12.646667,12.059999
0.589764,12.693334,12.053333
0.590166,12.746666,11.879999
0.590567,12.753333,12.106667
0.590969,12.793333,12.126666
0.591370,12.760000,12.133333
0.591771,12.866666,12.226666
0.592172,12.826667,12.240000
0.592575,12.866666,12.273333
0.592977,12.886666,12.306666
0.593378,12.886666,12.293333
0.593781,12.933333,12.313334
0.594182,12.946667,12.366667
0.594583,12.946667,12.366667
0.594985,13.026667,12.346666
0.595388,13.026667,12.406666
0.595789,13.040000,12.420000
0.596191,13.006666,12.433333
0.596592,13.086667,12.446667
0.596993,13.106667,12.666666
0.597394,13.133333,12.520000
0.597795,13.146667,12.520000
0.598196,13.173333,12.493333
0.598598,13.213333,12.599999
0.599000,13.266666,12.546666
0.599402,13.266666,12.679999
0.599803,13.293333,12.766666
0.600204,13.293333,12.733333
0.600606,13.346667,12.679999
0.601007,13.326666,12.766666
0.601408,13.373333,12.740000
0.601810,13.420000,12.766666
0.602211,13.433333,12.766666
0.602612,13.446666,12.780000
0.603013,13.500000,12.826667
0.603416,13.480000,12.846666
0.603817,13.526667,12.766666
0.604218,13.533333,12.866666
0.604619,13.520000,12.946667
0.605020,13.620000,12.946667
0.605421,13.620000,13.006666
0.605823,13.639999,12.966667
0.606225,13.639999,12.946667
0.606626,13.653334,13.026667
0.607027,13.666666,13.046666
0.607429,13.733333,13.006666
0.607830,13.766666,13.113333
0.608232,13.786667,12.980000
0.608633,13.833333,13.059999
0.609034,13.826666,13.293333
0.609436,13.839999,13.013333
0.609837,13.826666,13.220000
0.610239,13.906666,13.246666
0.610642,14.013333,13.280000
0.611044,13.960000,13.286667
0.611445,13.946667,13.293333
0.611847,13.960000,13.320000
0.612249,13.993333,13.346667
0.612651,14.013333,13.373333
0.613052,14.039999,13.386665
0.613454,14.120000,13.379999
0.613855,14.133332,13.466666
0.614257,14.166666,13.466666
0.614660,14.160000,13.453332
0.615062,14.099999,13.620000
0.615463,14.219999,13.526667
0.615865,14.213333,13.553333
0.616267,14.233333,13.553333
0.616670,14.320000,13.639999
0.617072,14.360000,13.586667
0.617473,14.286666,13.606666
0.617875,14.313334,13.646666
0.618276,14.386666,13.646666
0.618678,14.453333,13.686666
0.619079,14.380000,13.706666
0.619480,14.413333,13.746667
0.619881,14.420000,13.740001
0.620283,14.446667,13.766666
0.620684,14.506667,13.733333
0.621085,14.520000,13.820000
0.621487,14.526666,13.873334
0.621888,14.520000,13.860000
0.622290,14.566666,13.880000
0.622692,14.620000,13.940001
0.623094,14.613333,13.920000
0.623495,14.713333,13.933332
0.623896,14.659999,13.906666
0.624298,14.693333,14.099999
0.624699,14.693333,13.993333
0.625101,14.659999,13.966666
0.625503,14.719999,14.099999
0.625905,14.860001,14.053333
0.626306,14.813333,14.313334
0.626707,14.833332,14.113334
0.627109,14.853333,14.146667
0.627511,14.866667,14.166666
0.627912,14.873333,14.173332
0.628313,14.886666,14.173332
0.628714,14.906667,14.200001
0.629115,14.926667,14.239999
0.629517,14.940000,14.259999
0.629918,14.953333,14.259999
0.630319,14.953333,14.293333
0.630720,15.040000,14.433332
0.631122,15.080000,14.313334
0.631523,15.100000,14.386666
0.631924,15.080000,14.366666
0.632326,15.166667,14.420000
0.632727,15.200000,14.386666
0.633128,15.166667,14.446667
0.633531,15.213333,14.493333
0.633936,15.233334,14.506667
0.634337,15.213333,14.559999
0.634738,15.266666,14.559999
0.635139,15.313333,14.520000
0.635541,15.300000,14.526666
0.635943,15.326667,14.533334
0.636344,15.346666,14.573334
0.636745,15.386667,14.573334
0.637146,15.400000,14.659999
0.637547,15.400000,14.693333
0.637949,15.419999,14.640000
0.638350,15.460000,14.699999
0.638751,15.520000,14.719999
0.639152,15.486666,14.719999
0.639554,15.526667,14.793334
0.639955,15.540000,14.733334
0.640356,15.573333,14.953333
0.640759,15.586667,14.853333
0.641160,15.599999,14.806666
0.641561,15.626667,14.860001
0.641963,15.693334,14.693333
0.642364,15.700000,14.933333
0.642765,15.726666,14.940000
0.643167,15.726666,14.953333
0.643568,15.726666,14.953333
0.643970,15.760000,14.953333
0.644371,15.766666,15.219999
0.644772,15.799999,14.953333
0.645173,15.819999,14.953333
0.645574,15.839999,15.073333
0.645976,15.913334,14.953333
0.646378,15.839999,15.119999
0.646779,15.946666,15.133333
0.647181,15.920000,15.206666
0.647583,16.006666,15.219999
0.647984,15.980000,14.953333
0.648385,16.000000,15.219999
0.648787,16.020000,15.233334
0.649188,15.986667,15.246666
0.649589,16.066668,15.306666
0.649991,16.026667,15.366667
0.650392,16.119999,15.326667
0.650793,16.106665,15.746666
0.651194,16.119999,15.406667
0.651596,16.153334,15.366667
0.651997,16.186666,15.393333
0.652399,16.193333,15.406667
0.652800,16.226665,15.419999
0.653201,16.259998,15.460000
0.653602,16.299999,15.493332
0.654004,16.306667,15.500000
0.654405,16.299999,15.540000
0.654806,16.333334,15.506666
0.655208,16.326666,15.566667
0.655609,16.359999,15.686666
0.656011,16.400000,15.500000
0.656413,16.373333,15.599999
0.656814,16.393333,15.619999
0.657216,16.480000,15.653334
0.657617,16.446667,15.653334
0.658018,16.486666,15.606667
0.658419,16.626665,15.733333
0.658821,16.519999,15.573333
0.659222,16.526667,15.733333
0.659623,16.546667,15.720000
0.660025,16.539999,15.760000
0.660426,16.619999,15.746666
0.660827,16.559999,15.826667
0.661229,16.653332,15.786667
0.661630,16.660000,15.819999
0.662032,16.673332,15.853333
0.662433,16.660000,15.913334
0.662835,16.713333,15.906666
0.663236,16.740000,15.846667
0.663637,16.786665,15.946666
0.664038,16.753332,15.920000
0.664439,16.759998,15.953332
0.664841,16.799999,16.020000
0.665243,16.833334,15.993333
0.665644,16.846666,16.026667
0.666045,16.846666,16.026667
0.666446,16.846666,16.086666
0.666847,16.946667,16.039999
0.667248,16.866667,16.039999
0.667649,16.900000,16.106665
0.668051,16.900000,16.113333
0.668452,16.913332,16.153334
0.668853,16.933332,16.146666
0.669254,16.946667,16.166666
0.669655,16.993334,16.219999
0.670057,17.006666,16.219999
0.670458,16.966667,16.333334
0.670860,17.013332,16.359999
0.671261,17.053333,16.266666
0.671662,17.033333,16.279999
0.672064,17.039999,16.286667
0.672466,17.086666,16.333334
0.672867,17.086666,16.353333
0.673269,17.106667,16.353333
0.673670,17.186666,16.606667
0.674071,17.146666,16.420000
0.674473,17.153332,16.353333
0.674874,17.166666,16.420000
0.675275,17.146666,16.786665
0.675677,17.226667,16.446667
0.676078,17.306665,16.473333
0.676479,17.246666,16.486666
0.676880,17.260000,16.526667
0.677281,17.266666,16.526667
0.677683,17.266666,16.559999
0.678085,17.313332,16.553333
0.678487,17.326666,16.740000
0.678888,17.333332,16.619999
0.679289,17.333332,16.619999
0.679691,17.380001,16.633331
0.680092,17.373333,16.660000
0.680493,17.333332,16.673332
0.680894,17.413332,16.706667
0.681296,17.413332,16.660000
0.681697,17.446667,16.726667
0.682098,17.453333,16.726667
0.682499,17.453333,16.733334
0.682901,17.473333,16.766666
0.683303,17.366667,16.740000
0.683706,17.520000,16.793333
0.684107,17.546665,16.826666
0.684508,17.573332,16.900000
0.684910,17.600000,16.846666
0.685313,17.606667,16.853334
0.685714,17.613333,16.860001
0.686115,17.633333,16.873333
0.686517,17.619999,16.913332
0.686919,17.653334,16.886665
0.687321,17.639999,16.886665
0.687723,17.706665,16.906666
0.688124,17.706665,16.913332
0.688526,17.719999,16.926666
0.688927,17.719999,16.959999
0.689329,17.726665,16.953333
0.689731,17.746666,16.953333
0.690133,17.753334,16.973333
0.690534,17.773333,16.959999
0.690937,17.766666,17.013332
0.691340,17.820000,17.026665
0.691741,17.806665,17.039999
0.692143,17.719999,17.093332
0.692544,17.853333,17.033333
0.692945,17.853333,17.446667
0.693346,17.873333,17.093332
0.693748,17.879999,17.073334
0.694150,17.893333,17.106667
0.694553,17.920000,17.126667
0.694955,17.933332,17.139999
0.695356,17.946665,17.179998
0.695758,17.933332,17.166666
0.696159,17.946665,17.186666
0.696560,17.939999,17.199999
0.696962,18.000000,17.193333
0.697364,18.053333,17.179998
0.697765,18.000000,17.233334
0.698167,18.119999,17.253334
0.698568,18.059999,17.253334
0.698970,18.053333,17.266666
0.699371,18.046667,17.333332
0.699772,18.086666,17.320000
0.700173,18.093332,17.320000
0.700574,18.119999,17.039999
0.700976,18.126667,17.520000
0.701377,18.146666,17.333332
0.701778,18.146666,17.340000
0.702180,18.146666,17.346666
0.702581,18.153334,17.346666
0.702983,18.186666,17.353333
0.703384,18.233332,17.400000
0.703785,18.213333,17.480000
0.704186,18.226665,17.426666
0.704587,18.246666,17.473333
0.704990,18.260000,17.466665
0.705391,18.293333,17.446667
0.705792,18.299999,17.473333
0.706193,18.293333,17.473333
0.706594,18.246666,17.486666
0.706996,18.299999,17.500000
0.707398,18.326666,17.526667
0.707799,18.306667,17.500000
0.708201,18.260000,17.486666
0.708602,18.253332,17.360001
0.709004,18.346666,17.593332
0.709405,18.379999,17.673332
0.709806,18.386665,17.366667
0.710207,18.406666,17.653334
0.710608,18.440001,17.613333
0.711010,18.420000,18.086666
0.711411,18.446667,17.633333
0.711813,18.433334,17.660000
0.712214,18.466665,17.673332
0.712615,18.480000,17.673332
0.713017,18.493332,17.713333
0.713418,18.506666,17.713333
0.713820,18.513332,17.719999
0.714222,18.520000,17.699999
0.714623,18.526667,17.740000
0.715025,18.539999,17.746666
0.715426,18.553333,17.746666
0.715827,18.586666,17.766666
0.716229,18.586666,17.766666
0.716630,18.626665,17.773333
0.717032,18.633333,17.793333
0.717433,18.633333,17.766666
0.717834,18.613333,17.780001
0.718235,18.719999,18.086666
0.718636,18.639999,17.813332
0.719037,18.626665,17.813332
0.719438,18.666666,17.873333
0.719839,18.673334,17.879999
0.720241,18.653334,17.886667
0.720642,18.706667,17.886667
0.721044,18.719999,17.966665
0.721445,18.740000,17.946665
0.721847,18.733332,17.913334
0.722248,18.746666,17.913334
0.722649,18.759998,17.906668
0.723051,18.759998,17.946665
0.723452,18.806667,17.966665
0.723854,18.766666,17.953333
0.724256,18.786667,17.939999
0.724657,18.793333,17.973333
0.725058,18.826666,17.893333
0.725459,18.826666,18.020000
0.725861,18.813334,18.020000
0.726262,18.866665,18.020000
0.726663,18.866665,18.046667
0.727065,18.866665,18.066666
0.727466,18.933332,18.033333
0.727867,18.879999,18.079998
0.728268,18.879999,18.066666
0.728669,18.900000,18.093332
0.729071,18.920000,18.086666
0.729472,18.920000,18.106667
0.729874,18.906666,18.099998
0.730276,18.826666,18.086666
0.730677,18.920000,18.106667
0.731078,18.926666,18.139999
0.731480,18.980000,18.366667
0.731882,18.980000,18.099998
0.732284,18.933332,18.146666
0.732685,18.926666,18.146666
0.733086,19.006666,18.059999
0.733487,19.006666,18.333332
0.733888,18.980000,18.180000
0.734289,19.033333,18.180000
0.734690,19.113333,18.193333
0.735092,19.046667,18.219999
0.735493,19.059999,18.233332
0.735894,19.066666,18.226665
0.736296,19.100000,18.246666
0.736697,19.053333,18.253332
0.737098,19.100000,18.273333
0.737500,19.100000,18.246666
0.737901,19.100000,18.273333
0.738303,19.206667,18.186666
0.738704,19.126665,18.299999
0.739106,19.126665,18.313334
0.739507,19.160000,18.273333
0.739908,19.139999,17.879999
0.740310,19.166666,18.313334
0.740711,19.160000,18.286667
0.741112,19.186666,18.320000
0.741513,19.180000,18.346666
0.741914,19.153332,18.366667
0.742315,19.153332,18.346666
0.742717,19.219999,18.393333
0.743119,19.186666,18.353333
0.743520,19.226667,18.379999
0.743922,19.226667,18.373333
0.744324,19.233334,18.373333
0.744725,19.253332,18.400000
0.745126,19.253332,18.400000
0.745527,19.279999,18.400000
0.745929,19.279999,18.400000
0.746330,19.286665,18.406666
0.746731,19.293333,18.459999
0.747132,19.326666,18.426666
0.747533,19.299999,18.459999
0.747936,19.200001,18.486666
0.748338,19.366667,18.486666
0.748740,19.299999,18.466665
0.749141,19.299999,18.473331
0.749542,19.333334,18.466665
0.749944,19.379999,18.433334
0.750345,19.340000,18.466665
0.750746,19.393332,18.473331
0.751147,19.346666,18.486666
0.751549,19.346666,18.606665
0.751950,19.386665,18.526667
0.752351,19.360001,18.520000
0.752753,19.379999,18.533333
0.753154,19.400000,18.526667
0.753555,19.400000,18.546667
0.753957,19.426666,18.559999
0.754360,19.420000,18.553333
0.754761,19.413332,18.533333
0.755162,19.439999,18.566668
0.755563,19.433332,18.546667
0.755964,19.433332,18.553333
0.756366,19.426666,18.553333
0.756767,19.473333,18.606665
0.757168,19.433332,18.586666
0.757570,19.473333,18.606665
0.757971,19.473333,18.619999
0.758373,19.459999,18.613333
0.758775,19.480000,18.566668
0.759176,19.473333,18.633333
0.759578,19.433332,18.599998
0.759979,19.533333,18.673334
0.760380,19.506666,18.639999
0.760781,19.506666,18.639999
0.761182,19.553333,18.673334
0.761583,19.533333,18.653334
0.761984,19.593332,18.653334
0.762385,19.553333,18.953333
0.762787,19.559999,18.666666
0.763188,19.566666,18.666666
0.763589,19.566666,18.646666
0.763991,19.580000,18.693333
0.764392,19.580000,18.686666
0.764794,19.600000,18.693333
0.765195,19.593332,18.693333
0.765596,19.580000,18.686666
0.765997,19.593332,18.706667
0.766398,19.580000,18.686666
0.766800,19.639999,18.726665
0.767201,19.620001,18.719999
0.767602,19.600000,18.779999
0.768004,19.586666,18.726665
0.768405,19.646666,18.740000
0.768806,19.639999,18.733332
0.769207,19.626667,18.759998
0.769608,19.626667,18.733332
0.770010,19.626667,18.726665
0.770412,19.639999,18.773333
0.770813,19.699999,18.753332
0.771214,19.653332,18.753332
0.771615,19.639999,18.746666
0.772017,19.519999,18.779999
0.772418,19.659998,18.773333
0.772820,19.646666,18.786667
0.773222,19.639999,18.733332
0.773624,19.673332,18.779999
0.774025,19.679998,18.786667
0.774426,19.679998,18.779999
0.774828,19.646666,18.759998
0.775230,19.706667,18.779999
0.775632,19.679998,18.879999
0.776034,19.686666,18.940001
0.776435,19.766666,18.820000
0.776836,19.713333,18.820000
0.777238,19.693333,19.039999
0.777640,19.693333,18.820000
0.778041,19.706667,18.820000
0.778442,19.626667,18.813334
0.778844,19.693333,18.766666
0.779246,19.706667,18.820000
0.779647,19.686666,18.820000
0.780049,19.740000,18.820000
0.780450,19.806665,18.840000
0.780853,19.713333,18.866665
0.781254,19.706667,18.826666
0.781655,19.726667,18.846666
0.782057,19.733334,18.746666
0.782459,19.726667,18.786667
0.782860,19.733334,18.759998
0.783261,19.773333,18.706667
0.783662,19.693333,18.813334
0.784064,19.746666,18.993332
0.784466,19.833332,19.166666
0.784868,19.740000,18.859999
0.785269,19.740000,18.866665
0.785670,19.746666,18.840000
0.786071,19.746666,18.873333
0.786472,19.740000,18.879999
0.786873,19.779999,18.879999
0.787275,19.733334,18.879999
0.787676,19.773333,18.879999
0.788077,19.699999,18.893333
0.788478,19.746666,18.873333
0.788880,19.773333,18.900000
0.789282,19.793333,18.866665
0.789683,19.746666,18.879999
0.790084,19.766666,18.879999
0.790485,19.779999,18.873333
0.790887,19.753334,18.866665
0.791288,19.753334,18.873333
0.791690,19.826666,18.879999
0.792092,19.786665,18.840000
0.792494,19.799999,18.866665
0.792896,19.760000,18.886665
0.793297,19.740000,18.879999
0.793699,19.766666,18.893333
0.794100,19.813332,18.879999
0.794502,19.793333,18.906666
0.794903,19.753334,18.920000
0.795304,19.813332,18.886665
0.795705,19.779999,18.786667
0.796106,19.779999,18.886665
0.796507,19.779999,18.879999
0.796908,19.786665,18.879999
0.797309,19.786665,18.879999
0.797710,19.820000,18.879999
0.798112,19.793333,18.886665
0.798513,19.806665,18.886665
0.798915,19.766666,18.879999
0.799316,19.806665,18.893333
0.799718,19.840000,18.886665
0.800119,19.766666,18.900000
0.800520,19.799999,19.113333
0.800922,19.779999,18.820000
0.801324,19.773333,18.866665
0.801726,19.779999,18.886665
0.802127,19.766666,18.879999
0.802528,19.793333,18.879999
0.802929,19.786665,18.873333
0.803331,19.773333,18.879999
0.803732,19.753334,18.879999
0.804134,19.779999,18.980000
0.804536,19.786665,18.940001
0.804937,19.846666,18.886665
0.805338,19.713333,18.873333
0.805739,19.773333,18.893333
0.806140,19.753334,18.879999
0.806541,19.773333,18.879999
0.806943,19.726667,18.886665
0.807344,19.746666,18.879999
0.807745,19.773333,18.879999
0.808146,19.753334,18.966667
0.808547,19.760000,18.920000
0.808949,19.760000,18.879999
0.809350,19.773333,18.886665
0.809751,19.760000,18.833334
0.810152,19.740000,18.866665
0.810553,19.753334,18.873333
0.810955,19.773333,18.873333
0.811357,19.753334,18.853333
0.811758,19.740000,18.886665
0.812159,19.740000,18.873333
0.812560,19.760000,18.833334
0.812962,19.753334,18.866665
0.813363,19.793333,18.840000
0.813764,19.753334,18.859999
0.814166,19.740000,18.799999
0.814567,19.880001,18.859999
0.814969,19.773333,18.826666
0.815370,19.726667,18.879999
0.815771,19.706667,18.846666
0.816172,19.726667,18.840000
0.816573,19.740000,18.826666
0.816975,19.773333,18.859999
0.817376,19.726667,18.853333
0.817777,19.766666,18.820000
0.818179,19.740000,18.846666
0.818581,19.706667,18.793333
0.818983,19.706667,18.820000
0.819385,19.713333,18.826666
0.819786,19.706667,18.866665
0.820188,19.693333,18.786667
0.820589,19.693333,18.813334
0.820991,19.666666,18.813334
0.821392,19.693333,18.840000
0.821795,19.673332,18.766666
0.822196,19.673332,18.813334
0.822598,19.673332,18.779999
0.822999,19.679998,18.799999
0.823400,19.693333,18.786667
0.823801,19.646666,18.766666
0.824203,19.726667,18.773333
0.824605,19.666666,18.759998
0.825006,19.679998,18.766666
0.825408,19.659998,19.053333
0.825809,19.679998,18.759998
0.826210,19.633333,18.733332
0.826611,19.606667,18.766666
0.827012,19.633333,18.786667
0.827413,19.653332,18.759998
0.827814,19.633333,18.766666
0.828216,19.639999,18.733332
0.828617,19.593332,18.746666
0.829018,19.626667,18.746666
0.829419,19.626667,18.726665
0.829821,19.613333,18.713333
0.830222,19.473333,18.686666
0.830623,19.606667,18.746666
0.831025,19.673332,18.706667
0.831426,19.600000,18.706667
0.831827,19.580000,18.706667
0.832229,19.606667,18.713333
0.832631,19.573334,18.673334
0.833032,19.513332,18.686666
0.833433,19.580000,18.700001
0.833834,19.566666,18.619999
0.834236,19.533333,18.606665
0.834637,19.559999,18.680000
0.835038,19.566666,18.673334
0.835439,19.539999,18.666666
0.835840,19.526665,18.653334
0.836241,19.546665,18.639999
0.836642,19.533333,18.646666
0.837044,19.480000,18.613333
0.837445,19.506666,18.626665
0.837847,19.533333,18.626665
0.838249,19.506666,18.626665
0.838650,19.480000,18.639999
0.839052,19.506666,18.599998
0.839453,19.426666,18.586666
0.839854,19.493334,18.599998
0.840256,19.466667,18.586666
0.840657,19.466667,18.599998
0.841059,19.439999,18.599998
0.841461,19.466667,18.606665
0.841862,19.400000,18.413334
0.842263,19.406666,18.933332
0.842664,19.433332,18.633333
0.843065,19.406666,18.546667
0.843467,19.386665,18.546667
0.843868,19.420000,18.553333
0.844269,19.400000,18.539999
0.844670,19.393332,18.526667
0.845072,19.406666,18.533333
0.845473,19.386665,18.513332
0.845874,19.373333,18.520000
0.846276,19.353334,18.526667
0.846678,19.386665,18.486666
0.847079,19.333334,18.526667
0.847480,19.340000,18.506666
0.847881,19.346666,18.486666
0.848283,19.379999,18.486666
0.848684,19.306665,18.353333
0.849085,19.360001,18.526667
0.849486,19.333334,18.506666
0.849888,19.340000,18.506666
0.850289,19.326666,18.453333
0.850690,19.333334,18.440001
0.851092,19.333334,18.420000
0.851493,19.286665,18.420000
0.851894,19.273333,18.440001
0.852295,19.253332,18.393333
0.852696,19.266666,18.413334
0.853098,19.266666,18.406666
0.853499,19.226667,18.393333
0.853901,19.240000,18.379999
0.854302,19.246666,18.359999
0.854703,19.226667,18.373333
0.855105,19.206667,18.400000
0.855506,19.219999,18.346666
0.855908,19.200001,18.313334
0.856309,19.200001,18.366667
0.856711,19.206667,18.513332
0.857112,19.166666,18.306667
0.857513,19.139999,18.313334
0.857914,19.139999,18.280001
0.858315,19.166666,18.253332
0.858716,19.126665,18.293333
0.859118,19.146666,18.199999
0.859519,19.166666,18.286667
0.859921,19.126665,18.273333
0.860322,19.113333,18.253332
0.860723,19.106667,18.233332
0.861125,19.066666,18.253332
0.861527,19.113333,18.219999
0.861929,19.026667,18.240000
0.862330,19.066666,18.273333
0.862731,19.046667,18.206665
0.863132,19.039999,18.206665
0.863533,19.013332,18.246666
0.863937,19.053333,18.153334
0.864338,19.019999,18.173334
0.864739,18.986666,18.166666
0.865140,19.013332,18.173334
0.865541,18.986666,18.146666
0.865943,18.986666,18.106667
0.866344,18.986666,18.153334
0.866745,18.960001,18.233332
0.867147,18.973333,18.160000
0.867550,18.946667,18.139999
0.867951,18.933332,18.106667
0.868352,18.920000,18.119999
0.868753,18.886665,18.073332
0.869154,18.946667,18.059999
0.869555,18.879999,18.046667
0.869957,18.879999,18.053333
0.870358,18.859999,18.040001
0.870760,18.873333,18.099998
0.871162,18.826666,17.959999
0.871563,18.859999,18.026667
0.871964,18.833334,18.006666
0.872365,18.813334,18.020000
0.872766,18.793333,18.000000
0.873167,18.799999,18.006666
0.873568,18.879999,17.973333
0.873970,18.779999,17.966665
0.874372,18.773333,17.973333
0.874774,18.766666,17.946665
0.875175,18.753332,17.939999
0.875576,18.733332,18.273333
0.875978,18.713333,17.793333
0.876379,18.813334,17.913334
0.876780,18.693333,17.893333
0.877181,18.680000,17.886667
0.877582,18.693333,17.886667
0.877984,18.660000,17.820000
0.878386,18.666666,17.866667
0.878787,18.660000,17.773333
0.879188,18.633333,17.799999
0.879589,18.633333,17.826666
0.879991,18.626665,17.799999
0.880392,18.546667,17.780001
0.880793,18.626665,17.780001
0.881194,18.606665,17.786667
0.881595,18.566668,17.746666
0.881997,18.566668,17.746666
0.882398,18.539999,17.733334
0.882800,18.539999,17.686666
0.883201,18.520000,17.719999
0.883602,18.506666,17.713333
0.884004,18.513332,17.706665
0.884406,18.446667,17.686666
0.884807,18.500000,17.746666
0.885209,18.446667,17.753334
0.885610,18.466665,17.673332
0.886011,18.459999,17.500000
0.886412,18.440001,17.660000
0.886814,18.400000,17.653334
0.887216,18.400000,17.626667
0.887617,18.400000,17.633333
0.888018,18.386665,17.639999
0.888419,18.400000,17.613333
0.888820,18.339998,17.613333
0.889221,18.346666,17.639999
0.889622,18.339998,17.486666
0.890024,18.386665,17.506666
0.890425,18.333332,17.539999
0.890827,18.306667,17.539999
0.891228,18.266666,17.526667
0.891630,18.420000,17.446667
0.892032,18.180000,17.486666
0.892433,18.260000,17.473333
0.892834,18.339998,17.453333
0.893235,18.233332,17.506666
0.893636,18.226665,17.413332
0.894037,18.206665,17.459999
0.894438,18.180000,17.306665
0.894839,18.180000,17.380001
0.895241,18.153334,17.360001
0.895642,18.073332,17.373333
0.896044,18.160000,17.353333
0.896445,18.193333,17.333332
0.896846,18.119999,17.333332
0.897248,18.106667,17.293333
0.897649,18.139999,17.333332
0.898051,18.093332,17.333332
0.898453,18.066666,17.260000
0.898854,18.059999,17.273333
0.899256,18.046667,17.240000
0.899657,18.033333,17.253334
0.900059,18.013332,17.179998
0.900460,17.986666,17.219999
0.900861,17.986666,17.326666
0.901262,17.980000,17.013332
0.901663,17.959999,17.126667
0.902065,17.953333,17.179998
0.902466,17.946665,17.173332
0.902868,17.946665,17.173332
0.903269,17.900000,17.106667
0.903670,17.873333,17.100000
0.904071,17.879999,17.046665
0.904472,17.879999,17.080000
0.904874,17.873333,16.966667
0.905276,17.879999,17.039999
0.905677,17.846666,17.039999
0.906079,17.799999,17.013332
0.906480,17.799999,17.126667
0.906882,17.806665,16.959999
0.907283,17.773333,16.939999
0.907684,17.766666,16.959999
0.908085,17.746666,16.906666
0.908487,17.686666,16.933332
0.908888,17.780001,16.926666
0.909289,17.626667,17.033333
0.909690,17.733334,16.906666
0.910092,17.713333,16.886665
0.910493,17.673332,16.906666
0.910894,17.653334,16.900000
0.911296,17.626667,16.879999
0.911697,17.619999,16.860001
0.912098,17.606667,16.879999
0.912499,17.566666,16.806665
0.912901,17.553331,16.833334
0.913303,17.559999,16.813334
0.913704,17.513334,16.773333
0.914105,17.520000,16.786665
0.914507,17.473333,16.753332
0.914908,17.493334,16.926666
0.915309,17.466665,16.740000
0.915711,17.439999,16.759998
0.916114,17.466665,16.726667
0.916515,17.406666,16.619999
0.916916,17.413332,16.713333
0.917317,17.353333,16.713333
0.917718,17.366667,16.446667
0.918119,17.346666,16.646666
0.918520,17.346666,16.626665
0.918921,17.333332,16.606667
0.919322,17.333332,16.619999
0.919724,17.313332,16.559999
0.920126,17.326666,16.539999
0.920527,17.279999,16.526667
0.920928,17.253334,16.506666
0.921329,17.246666,16.466667
0.921732,17.219999,16.453333
0.922133,17.199999,16.466667
0.922535,17.186666,16.440001
0.922937,17.400000,16.480000
0.923339,17.213333,16.413332
0.923741,17.146666,16.420000
0.924142,17.153332,16.200001
0.924543,17.006666,16.433332
0.924944,17.113333,16.366665
0.925346,17.086666,16.353333
0.925747,17.046665,16.480000
0.926148,17.000000,16.293333
0.926549,17.033333,16.279999
0.926951,17.033333,16.273333
0.927353,17.013332,16.266666
0.927754,17.000000,16.180000
0.928156,16.966667,16.193333
0.928558,16.959999,16.186666
0.928959,16.933332,16.099998
0.929361,16.926666,16.106665
0.929762,16.913332,16.166666
0.930164,16.913332,16.099998
0.930566,16.886665,16.099998
0.930967,16.866667,16.006666
0.931369,16.860001,16.080000
0.931771,16.860001,16.039999
0.932173,16.840000,16.039999
0.932575,16.806665,16.006666
0.932977,16.806665,15.980000
0.933380,16.786665,15.826667
0.933781,16.786665,15.940000
0.934183,16.779999,15.500000
0.934584,16.746666,15.819999
0.934985,16.733334,15.853333
0.935386,16.733334,15.853333
0.935787,16.693333,15.846667
0.936189,16.673332,15.906666
0.936590,16.646666,15.819999
0.936991,16.633331,15.819999
0.937392,16.580000,15.780001
0.937794,16.513332,15.793333
0.938195,16.593334,15.740000
0.938596,16.559999,15.713334
0.938998,16.506666,15.713334
0.939399,16.526667,15.673333
0.939801,16.546667,15.520000
0.940202,16.460001,15.633333
0.940603,16.460001,15.660000
0.941004,16.446667,15.639999
0.941405,16.373333,15.593333
0.941806,16.420000,15.606667
0.942207,16.393333,15.633333
0.942610,16.346666,15.359999
0.943011,16.326666,15.273333
0.943412,16.299999,15.526667
0.943814,16.273333,15.460000
0.944215,16.273333,15.486666
0.944616,16.259998,15.426665
0.945018,16.219999,15.393333
0.945419,16.193333,15.406667
0.945821,16.173334,15.393333
0.946222,16.180000,15.393333
0.946625,16.113333,15.359999
0.947026,16.113333,15.313333
0.947427,16.099998,15.333333
0.947828,16.086666,15.300000
0.948230,16.066668,15.273333
0.948633,16.086666,15.253334
0.949034,16.020000,15.233334
0.949436,15.966666,15.213333
0.949837,15.940000,15.119999
0.950239,15.953332,15.326667
0.950640,15.986667,15.106667
0.951041,15.946666,15.139999
0.951444,15.819999,15.133333
0.951846,15.879999,15.100000
0.952247,15.839999,15.086666
0.952648,15.819999,14.953333
0.953051,15.793333,14.953333
0.953453,15.786667,14.953333
0.953855,15.786667,14.953333
0.954256,15.746666,14.953333
0.954657,15.726666,14.940000
0.955058,15.700000,14.899999
0.955459,15.700000,14.940000
0.955860,15.660000,14.886666
0.956262,15.660000,14.780000
0.956663,15.633333,14.753333
0.957065,15.613333,14.853333
0.957466,15.560000,14.780000
0.957867,15.566667,14.813333
0.958268,15.520000,14.746666
0.958670,15.453334,14.719999
0.959071,15.460000,14.580000
0.959474,15.453334,14.620000
0.959875,15.440000,14.699999
0.960276,15.419999,14.646667
0.960677,15.379999,14.626666
0.961079,15.453334,14.633332
0.961480,15.353333,14.606667
0.961882,15.333333,14.559999
0.962283,15.320001,14.540000
0.962685,15.260000,14.506667
0.963086,15.286666,14.540000
0.963487,15.340000,14.480000
0.963888,15.219999,14.493333
0.964289,15.206666,14.453333
0.964690,15.226665,14.459999
0.965092,15.206666,14.386666
0.965493,15.126667,14.386666
0.965895,15.119999,14.353333
0.966296,15.100000,14.353333
0.966699,15.033334,14.346666
0.967101,14.953333,14.313334
0.967502,14.986666,14.259999
0.967903,15.053332,14.266667
0.968304,14.953333,14.113334
0.968706,14.940000,14.219999
0.969107,14.926667,14.200001
0.969508,14.880000,14.173332
0.969910,14.886666,14.160000
0.970312,14.853333,14.140000
0.970713,14.826666,14.153333
0.971114,14.833332,14.113334
0.971515,14.833332,14.080000
0.971916,14.786666,14.033333
0.972317,14.719999,14.046667
0.972718,14.580000,13.986667
0.973119,14.719999,14.013333
0.973520,14.679999,14.026667
0.973922,14.626666,13.933332
0.974323,14.593332,14.026667
0.974724,14.620000,13.940001
0.975125,14.546666,13.906666
0.975526,14.573334,13.873334
0.975928,14.526666,14.086666
0.976329,14.633332,13.866666
0.976730,14.520000,13.826666
0.977131,14.506667,13.820000
0.977533,14.446667,13.746667
0.977936,14.446667,13.759999
0.978337,14.393332,13.620000
0.978738,14.393332,13.713332
0.979140,14.366666,13.653334
0.979542,14.346666,13.660000
0.979943,14.313334,13.626666
0.980344,14.306665,13.646666
0.980745,14.280000,13.613334
0.981147,14.273334,13.586667
0.981548,14.200001,13.559999
0.981950,14.239999,13.559999
0.982351,14.180000,13.546667
0.982753,14.133332,13.593333
0.983155,14.280000,13.466666
0.983558,14.133332,13.440000
0.983959,14.053333,13.433333
0.984361,14.073334,13.366667
0.984762,14.046667,13.393333
0.985164,14.013333,13.073333
0.985565,14.006667,13.326666
0.985968,13.993333,13.333333
0.986370,13.986667,13.313333
0.986771,13.920000,13.266666
0.987172,13.906666,13.179999
0.987574,13.893333,13.240000
0.987977,13.873334,13.193333
0.988378,13.820000,13.200000
0.988779,13.820000,13.300000
0.989180,13.726666,13.166667
0.989582,13.773333,13.120000
0.989983,13.759999,13.126666
0.990384,13.693333,13.046666
0.990785,13.686666,13.046666
0.991187,13.726666,13.040000
0.991588,13.673334,13.040000
0.991990,13.633333,13.240000
0.992392,13.599999,12.993333
0.992793,13.620000,12.980000
0.993194,13.553333,12.919999
0.993597,13.559999,12.919999
0.993998,13.539999,12.873333
0.994399,13.493333,12.860000
0.994800,13.466666,12.766666
0.995201,13.466666,12.786666
0.995602,13.400000,12.860000
0.996004,13.466666,12.773334
0.996405,13.500000,12.766666
0.996806,13.346667,12.719999
0.997207,13.313333,12.706667
0.997608,13.300000,12.740000
0.998010,13.286667,12.646667
0.998411,13.293333,12.646667
0.998813,13.220000,12.593333
0.999214,13.220000,12.580000
0.999615,13.186666,12.593333
1.000017,13.179999,12.526666
1.000418,13.146667,12.520000
1.000820,13.066667,12.493333
1.001222,13.093333,12.473333
1.001625,13.073333,12.506667
1.002026,13.059999,12.420000
1.002428,13.006666,12.406666
1.002830,13.006666,12.420000
1.003231,12.993333,12.339999
1.003632,12.960000,12.366667
1.004033,12.940000,12.306666
1.004434,12.933333,12.306666
1.004836,12.813334,12.253333
1.005237,12.913333,12.193333
1.005638,12.840000,12.400000
1.006040,12.799999,12.206666
1.006442,12.793333,12.186666
1.006844,12.780000,12.106667
1.007245,12.760000,12.126666
1.007647,12.719999,12.086666
1.008048,12.700000,11.866666
1.008449,12.706667,12.040000
1.008851,12.653333,12.033333
1.009253,12.580000,12.059999
1.009654,12.586666,11.933332
1.010056,12.573334,11.933332
1.010457,12.553333,11.933332
1.010859,12.520000,11.913333
1.011261,12.520000,11.879999
1.011662,12.500000,12.006666
1.012063,12.453333,11.820000
1.012464,12.433333,11.813333
1.012866,12.433333,11.806666
1.013267,12.386666,11.780000
1.013668,12.373333,11.806666
1.014070,12.346666,11.720000
1.014471,12.333333,11.693333
1.014873,12.273333,11.686666
1.015274,12.233334,11.633333
1.015676,12.246667,11.633333
1.016077,12.213333,11.606667
1.016478,12.186666,11.599999
1.016879,12.186666,11.539999
1.017280,12.086666,11.539999
1.017681,12.113334,11.506666
1.018082,12.066666,11.533333
1.018483,12.053333,11.473332
1.018885,11.966666,11.440000
1.019287,11.973333,11.406666
1.019690,11.966666,11.406666
1.020092,11.953333,11.380000
1.020494,11.933332,11.353333
1.020895,11.940000,11.366667
1.021296,11.886666,11.286666
1.021697,11.846666,11.293333
1.022099,11.833333,11.253333
1.022502,11.799999,11.226666
1.022904,11.886666,11.219999
1.023305,11.706667,11.206666
1.023707,11.733333,11.133333
1.024108,11.700000,11.106667
1.024510,11.633333,11.113334
1.024911,11.646667,11.113334
1.025312,11.626666,11.513333
1.025713,11.593333,11.033333
1.026114,11.580000,10.666667
1.026515,11.539999,11.020000
1.026916,11.526667,10.980000
1.027317,11.500000,10.940000
1.027720,11.480000,10.960000
1.028121,11.446667,10.906667
1.028522,11.440000,10.873333
1.028923,11.380000,10.866667
1.029325,11.400000,10.780000
1.029728,11.366667,10.806666
1.030130,11.306666,10.780000
1.030531,11.306666,10.840000
1.030937,11.273333,10.740000
1.031338,11.253333,10.746666
1.031739,11.233333,10.679999
1.032140,11.106667,10.653334
1.032543,11.173333,10.639999
1.032944,11.186666,10.653334
1.033345,11.160000,11.013332
1.033748,11.086666,10.593333
1.034150,11.033333,10.546666
1.034553,11.033333,10.533334
1.034955,11.026667,10.493333
1.035356,11.013332,10.473333
1.035757,10.986667,10.486666
1.036158,10.986667,10.426666
1.036560,11.013332,10.419999
1.036961,10.913333,10.419999
1.037362,10.906667,10.413333
1.037763,10.840000,10.346666
1.038165,10.853333,10.313334
1.038566,10.806666,10.299999
1.038968,10.740000,10.266666
1.039370,10.780000,10.286666
1.039771,10.706666,10.240000
1.040173,10.706666,10.140000
1.040575,10.693333,10.173333
1.040977,10.646667,10.140000
1.041378,10.660000,10.133333
1.041779,10.593333,10.086666
1.042180,10.686666,10.059999
1.042582,10.546666,10.240000
1.042984,10.513333,9.953333
1.043385,10.493333,10.020000
1.043787,10.493333,9.980000
1.044188,10.453333,10.086666
1.044589,10.446667,9.933333
1.044991,10.433333,9.873333
1.045392,10.366666,9.966666
1.045794,10.413333,9.880000
1.046195,10.320000,9.839999
1.046596,10.333333,9.793333
1.046997,10.286666,9.793333
1.047398,10.313334,9.766666
1.047800,10.233333,9.719999
1.048201,10.206667,9.706666
1.048602,10.186666,9.719999
1.049004,10.166666,9.686666
1.049405,10.120000,9.646667
1.049807,10.146667,9.613334
1.050208,10.093333,9.766666
1.050609,10.066667,9.446667
1.051011,10.086666,9.600000
1.051412,10.013333,9.580000
1.051814,9.993333,9.473333
1.052215,9.973333,9.493333
1.052617,10.000000,9.499999
1.053018,9.886666,9.346666
1.053419,9.893332,9.346666
1.053821,9.866667,9.346666
1.054223,9.839999,9.340000
1.054625,9.806666,9.320000
1.055027,9.800000,9.346666
1.055430,9.713333,9.266666
1.055831,9.773333,9.266666
1.056232,9.706666,9.226666
1.056633,9.693333,9.226666
1.057034,9.626666,9.266666
1.057436,9.620000,9.166666
1.057837,9.626666,9.093333
1.058238,9.606667,9.160000
1.058639,9.553333,9.106667
1.059040,9.566666,9.039999
1.059442,9.460000,9.146667
1.059843,9.313333,9.006666
1.060244,9.460000,9.006666
1.060645,9.446667,8.953334
1.061047,9.393333,8.946667
1.061448,9.346666,8.933333
1.061850,9.333333,8.913333
1.062251,9.313333,8.893333
1.062652,9.273334,8.839999
1.063053,9.266666,8.826667
1.063454,9.253333,8.780000
1.063855,9.220000,8.793333
1.064256,9.193333,8.740000
1.064657,9.193333,8.686666
1.065059,9.160000,8.680000
1.065460,9.080000,8.693334
1.065862,9.093333,8.639999
1.066264,9.073333,8.620000
1.066665,9.039999,8.593333
1.067066,9.059999,8.586666
1.067468,9.039999,8.546666
1.067869,8.993333,8.573333
1.068271,8.993333,8.540000
1.068672,9.000000,8.513332
1.069073,8.880000,8.486667
1.069474,8.846666,8.400000
1.069876,8.866667,8.406667
1.070278,8.839999,8.426667
1.070679,8.786666,8.326666
1.071081,8.726666,8.386666
1.071482,8.733333,8.346666
1.071883,8.680000,8.179999
1.072284,8.713333,8.286667
1.072685,8.660000,8.360000
1.073087,8.660000,8.213333
1.073490,8.620000,8.153334
1.073891,8.573333,8.200000
1.074292,8.566667,8.166667
1.074693,8.500000,8.120000
1.075094,8.473333,8.106667
1.075497,8.506666,8.066667
1.075898,8.480000,8.066667
1.076300,8.433333,8.053332
1.076701,8.420000,8.246666
1.077103,8.386666,7.986666
1.077504,8.386666,7.986666
1.077906,8.366667,7.960000
1.078308,8.286667,8.006666
1.078709,8.313333,7.873333
1.079111,8.266666,7.873333
1.079512,8.233334,7.860000
1.079913,8.213333,7.840000
1.080314,8.166667,7.766666
1.080715,8.160000,7.780000
1.081117,8.120000,7.726667
1.081518,8.053332,7.726667
1.081919,8.139999,7.706666
1.082321,8.066667,7.700000
1.082723,8.046666,7.686666
1.083125,8.033334,7.640000
1.083526,7.833333,7.586667
1.083928,7.986666,7.640000
1.084329,7.920000,7.573333
1.084731,7.933333,7.546666
1.085133,7.906666,7.513333
1.085534,7.866666,7.486667
1.085937,7.846667,7.480000
1.086338,7.846667,7.440000
1.086739,7.806666,7.420000
1.087140,7.813334,7.420000
1.087541,7.740000,7.393333
1.087943,7.733333,7.386667
1.088344,7.693334,7.320000
1.088745,7.660000,7.340000
1.089146,7.679999,7.313333
1.089547,7.653333,7.266667
1.089949,7.586667,7.246666
1.090351,7.606667,7.180000
1.090753,7.553333,7.200000
1.091154,7.513333,7.180000
1.091557,7.446666,7.146667
1.091958,7.473333,7.126667
1.092359,7.480000,7.146667
1.092762,7.446666,7.140000
1.093164,7.413333,7.073333
1.093565,7.380000,7.040000
1.093968,7.433333,7.020000
1.094369,7.333333,6.993333
1.094770,7.306666,6.986666
1.095173,7.293333,6.933333
1.095574,7.273333,6.926667
1.095976,7.246666,6.893333
1.096377,7.219999,6.873333
1.096779,7.180000,6.813333
1.097180,7.153333,6.813333
1.097582,7.133334,6.833333
1.097984,7.146667,6.813333
1.098385,7.106667,6.733333
1.098786,7.066666,6.740000
1.099187,7.060000,6.740000
1.099588,7.000000,6.746666
1.099990,6.966666,6.713333
1.100391,6.980000,6.633333
1.100792,6.986666,6.740000
1.101194,6.893333,6.500000
1.101595,6.906667,6.546667
1.101997,6.893333,6.533333
1.102398,6.873333,6.526666
1.102799,6.840000,6.480000
1.103206,6.893333,6.466667
1.103607,6.813333,6.466667
1.104008,6.780000,6.433333
1.104410,6.740000,6.406667
1.104811,6.766666,6.346667
1.105212,6.680000,6.326666
1.105613,6.680000,6.193333
1.106014,6.666667,6.446667
1.106416,6.640000,6.253334
1.106817,6.620000,6.253334
1.107218,6.526666,6.193333
1.107619,6.533333,6.206666
1.108020,6.513333,6.173333
1.108423,6.446667,6.146667
1.108824,6.393333,6.133333
1.109225,6.533333,6.153333
1.109626,6.400000,6.113333
1.110028,6.433333,6.026667
1.110429,6.360000,6.066667
1.110830,6.333333,6.053333
1.111231,6.313334,6.013333
1.111633,6.286667,5.953333
1.112034,6.280000,5.820000
1.112436,6.260000,5.946667
1.112837,6.226666,5.940000
1.113239,6.206666,5.733333
1.113641,6.186666,5.900000
1.114042,6.140000,5.886667
1.114443,6.100000,5.940000
1.114844,6.120000,5.840000
1.115245,6.113333,5.826667
1.115646,6.086667,5.760000
1.116047,6.033333,5.760000
1.116448,6.026667,5.713333
1.116849,6.000000,5.760000
1.117251,6.013333,5.700000
1.117652,5.940000,5.666667
1.118054,5.946667,5.586667
1.118455,5.906666,5.613333
1.118856,5.866666,5.586667
1.119257,5.866666,5.613333
1.119658,5.840000,5.560000
1.120059,5.806666,5.533333
1.120460,5.773333,5.533333
1.120861,5.753333,5.453333
1.121262,5.713333,5.560000
1.121663,5.773333,5.340000
1.122065,5.713333,5.473333
1.122466,5.686666,5.413333
1.122867,5.673333,5.386667
1.123269,5.593333,5.366667
1.123670,5.593333,5.333333
1.124071,5.586667,5.333333
1.124473,5.546667,5.280000
1.124875,5.546667,5.160000
1.125277,5.600000,5.393333
1.125679,5.500000,5.226666
1.126081,5.506666,5.240000
1.126483,5.453333,5.213333
1.126884,5.453333,5.173333
1.127285,5.420000,5.126667
1.127686,5.406666,5.126667
1.128087,5.380000,5.093333
1.128489,5.346666,5.120000
1.128891,5.326667,5.066667
1.129292,5.280000,5.060000
1.129693,5.273333,5.040000
1.130094,5.093333,5.040000
1.130495,5.233334,5.060000
1.130896,5.200000,4.980000
1.131297,5.200000,5.000000
1.131700,5.180000,4.880000
1.132101,5.153333,4.873333
1.132502,5.140000,4.893333
1.132903,5.106667,4.860000
1.133305,5.080000,4.853333
1.133707,5.026667,4.813333
1.134108,5.060000,4.813333
1.134509,5.066667,4.793333
1.134911,4.906667,4.680000
1.135312,4.980000,4.740000
1.135714,4.960000,4.713333
1.136115,4.940000,4.713333
1.136517,4.933333,4.680000
1.136918,4.886666,4.693333
1.137320,4.746666,4.646667
1.137721,4.813333,4.633333
1.138123,4.886666,4.540000
1.138524,4.813333,4.580000
1.138925,4.806667,4.573333
1.139326,4.773334,4.540000
1.139727,4.740000,4.540000
1.140128,4.713333,4.500000
1.140531,4.720000,4.520000
1.140937,4.626667,4.446667
1.141339,4.693333,4.573333
1.141741,4.660000,4.680000
1.142142,4.580000,4.386666
1.142543,4.533333,4.300000
1.142944,4.566667,4.326666
1.143345,4.560000,4.360000
1.143747,4.533333,4.346667
1.144148,4.533333,4.306667
1.144549,4.473333,4.280000
1.144950,4.473333,4.266666
1.145352,4.453333,4.280000
1.145753,4.433333,4.220000
1.146154,4.420000,4.213334
1.146555,4.326666,4.173333
1.146957,4.386666,4.153333
1.147358,4.360000,4.140000
1.147759,4.326666,4.126667
1.148161,4.340000,4.106667
1.148564,4.293333,4.086667
1.148965,4.240000,4.073333
1.149366,4.293333,4.066667
1.149767,4.213334,4.020000
1.150168,4.206666,4.073333
1.150569,4.120000,4.013333
1.150970,4.180000,4.013333
1.151371,4.220000,3.973333
1.151773,4.160000,3.980000
1.152174,4.126667,3.960000
1.152575,4.126667,3.926666
1.152977,4.086667,3.866667
1.153378,4.073333,3.886667
1.153779,4.020000,3.853333
1.154180,3.980000,3.846667
1.154581,4.053333,3.833333
1.154983,4.006667,3.806666
1.155384,3.986666,3.806666
1.155786,3.933333,3.740000
1.156187,3.933333,3.666667
1.156588,3.900000,3.693333
1.156990,3.913333,3.660000
1.157391,3.886667,3.673333
1.157792,3.853333,3.660000
1.158193,3.846667,3.626667
1.158594,3.846667,3.413333
1.158996,3.813334,3.606667
1.159398,3.766667,3.486667
1.159800,3.760000,3.553333
1.160202,3.740000,3.513333
1.160603,3.680000,3.540000
1.161004,3.673333,3.526666
1.161407,3.666667,3.486667
1.161809,3.646667,3.466666
1.162211,3.646667,3.433333
1.162612,3.606667,3.433333
1.163013,3.586667,3.406667
1.163414,3.506667,3.453333
1.163816,3.546667,3.406667
1.164217,3.526666,3.380000
1.164618,3.613333,3.360000
1.165019,3.493333,3.333333
1.165420,3.486667,3.313333
1.165821,3.446667,3.300000
1.166223,3.440000,3.313333
1.166624,3.413333,3.260000
1.167025,3.386667,3.246666
1.167426,3.380000,3.320000
1.167827,3.386667,3.193333
1.168229,3.326667,3.226667
1.168630,3.380000,3.186666
1.169031,3.306667,3.140000
1.169432,3.313333,3.133333
1.169834,3.300000,3.233333
1.170236,3.313333,3.100000
1.170639,3.220000,3.253333
1.171041,3.240000,3.040000
1.171443,3.186666,3.046667
1.171844,3.193333,3.080000
1.172246,3.153333,3.020000
1.172647,3.126667,3.060000
1.173049,3.173333,2.980000
1.173450,3.160000,2.966666
1.173851,3.106667,2.973333
1.174252,3.073333,2.940000
1.174653,3.040000,2.946667
1.175054,2.980000,2.946667
1.175456,3.040000,2.893333
1.175857,3.020000,2.866667
1.176258,2.993333,3.046667
1.176659,2.966666,2.846667
1.177061,2.960000,2.846667
1.177463,2.946667,2.800000
1.177864,2.960000,2.780000
1.178265,2.913333,2.786667
1.178668,2.900000,2.746667
1.179070,2.840000,2.753333
1.179473,2.866667,2.713333
1.179875,2.853333,2.720000
1.180276,2.846667,2.553333
1.180677,2.820000,2.726667
1.181078,2.786667,2.640000
1.181479,2.813333,2.800000
1.181881,2.806667,2.613333
1.182282,2.746667,2.613333
1.182683,2.720000,2.613333
1.183085,2.706666,2.613333
1.183486,2.700000,2.553333
1.183888,2.686666,2.553333
1.184289,2.686666,2.793333
1.184690,2.653333,2.526667
1.185092,2.613333,2.493333
1.185493,2.693333,2.460000
1.185895,2.613333,2.513333
1.186296,2.586667,2.446667
1.186697,2.566667,2.433333
1.187098,2.553333,2.426666
1.187499,2.526667,2.440000
1.187900,2.500000,2.420000
1.188302,2.513333,2.406667
1.188703,2.480000,2.306667
1.189104,2.453333,2.333333
1.189505,2.473333,2.320000
1.189907,2.433333,2.293333
1.190308,2.426666,2.366667
1.190711,2.440000,2.346667
1.191113,2.313333,2.093333
1.191514,2.386667,2.246667
1.191916,2.213333,2.233333
1.192318,2.360000,2.246667
1.192719,2.346667,2.033333
1.193122,2.300000,2.186667
1.193523,2.300000,2.206667
1.193924,2.320000,2.200000
1.194325,2.306667,2.160000
1.194726,2.260000,2.173333
1.195128,2.246667,2.146667
1.195529,2.240000,2.086667
1.195930,2.266667,2.100000
1.196332,2.193333,2.093333
1.196733,2.186667,2.260000
1.197134,2.160000,2.080000
1.197537,2.146667,2.026667
1.197938,2.086667,2.073333
1.198339,2.113333,1.973333
1.198740,2.080000,1.986667
1.199141,2.086667,2.006667
1.199543,2.093333,1.973333
1.199944,2.126667,1.940000
1.200345,2.066667,1.646667
1.200746,2.033333,1.980000
1.201148,2.046667,1.920000
1.201550,2.020000,1.726667
1.201952,1.973333,1.913333
1.202354,1.980000,1.880000
1.202756,1.933333,1.880000
1.203157,1.980000,1.873333
1.203558,1.913333,1.846667
1.203959,1.926667,1.840000
1.204362,1.906667,1.820000
1.204763,1.900000,1.773333
1.205165,1.873333,1.813333
1.205566,1.886667,1.766667
1.205967,1.820000,1.793333
1.206369,1.726667,1.733333
1.206770,1.833333,1.733333
1.207172,1.820000,1.746667
1.207574,1.826667,1.733333
1.207976,1.806667,1.700000
1.208377,1.773333,1.706667
1.208778,1.760000,1.726667
1.209180,1.760000,1.660000
1.209582,1.746667,1.700000
1.209984,1.720000,1.746667
1.210386,1.706667,1.553333
1.210787,1.713333,1.613333
1.211188,1.680000,1.633333
1.211589,1.693333,1.620000
1.211991,1.653333,1.646667
1.212392,1.653333,1.586667
1.212794,1.626667,1.473333
1.213195,1.633333,1.600000
1.213598,1.626667,1.540000
1.213999,1.580000,1.520000
1.214401,1.580000,1.546667
1.214802,1.546667,1.453333
1.215203,1.533333,1.473333
1.215604,1.560000,1.513333
1.216005,1.540000,1.440000
1.216406,1.520000,1.453333
1.216808,1.406667,1.453333
1.217210,1.480000,1.460000
1.217611,1.493333,1.393333
1.218012,1.480000,1.453333
1.218414,1.466667,1.386667
1.218815,1.453333,1.633333
1.219216,1.453333,1.373333
1.219618,1.446667,1.393333
1.220019,1.433333,1.360000
1.220420,1.406667,1.300000
1.220822,1.400000,1.346667
1.221223,1.386667,1.206667
1.221625,1.380000,1.306667
1.222026,1.293333,1.320000
1.222427,1.333333,1.273333
1.222828,1.326667,1.333333
1.223229,1.313333,1.266667
1.223632,1.240000,1.246667
1.224033,1.293333,1.246667
1.224434,1.286667,1.206667
1.224835,1.293333,1.246667
1.225236,1.273333,1.206667
1.225637,1.240000,1.273333
1.226038,1.226667,0.946667
1.226441,1.266667,1.153333
1.226842,1.253333,1.200000
1.227243,1.253333,1.173333
1.227644,1.213333,1.126667
1.228045,1.160000,1.146667
1.228446,1.246667,1.173333
1.228848,1.193333,1.113333
1.229249,1.133333,1.146667
1.229650,1.166667,1.093333
1.230052,1.126667,1.073333
1.230454,1.126667,1.086667
1.230856,1.153333,1.046667
1.231258,1.066667,1.053333
1.231659,1.073333,1.040000
1.232061,1.106667,1.073333
1.232462,1.060000,1.066667
1.232864,1.066667,1.020000
1.233265,1.033333,0.986667
1.233667,1.033333,1.033333
1.234069,1.053333,1.046667
1.234471,1.033333,0.946667
1.234872,1.026667,0.946667
1.235273,1.013333,0.973333
1.235674,1.013333,0.966667
1.236076,0.986667,0.946667
1.236477,0.973333,0.946667
1.236879,0.960000,0.946667
1.237280,1.040000,0.946667
1.237681,0.953333,0.946667
1.238083,0.946667,0.946667
1.238484,0.946667,0.946667
1.238886,0.946667,0.946667
1.239287,0.946667,0.946667
1.239689,0.946667,0.946667
1.240091,0.946667,0.946667
1.240492,0.946667,0.946667
1.240894,0.946667,0.946667
1.241295,0.946667,0.946667
1.241696,0.946667,0.946667
1.242098,0.946667,1.033333
1.242499,0.946667,0.946667
1.242901,0.946667,0.946667
1.243302,0.946667,0.946667
1.243703,0.946667,0.946667
1.244105,0.946667,0.946667
1.244506,0.946667,0.946667
1.244908,0.946667,0.946667
1.245309,0.946667,0.946667
1.245710,0.946667,0.946667
1.246112,0.946667,0.946667
1.246514,0.946667,0.946667
1.246915,0.946667,0.946667
1.247317,0.946667,0.946667
1.247718,0.946667,0.946667
1.248121,0.946667,0.946667
1.248523,0.946667,0.946667
1.248924,0.946667,0.946667
1.249325,0.946667,0.946667
1.249726,0.946667,0.946667
1.250127,0.946667,0.946667
1.250528,0.946667,0.946667
1.250929,0.946667,0.946667
1.251330,0.946667,0.946667
1.251732,0.946667,0.946667
1.252133,0.946667,0.946667
1.252534,0.946667,0.946667
1.252937,0.946667,0.946667
1.253338,0.946667,0.946667
1.253741,0.946667,0.946667
1.254142,0.946667,0.946667
1.254543,0.946667,0.946667
1.254944,0.946667,0.946667
1.255345,1.033333,0.946667
1.255746,0.946667,0.946667
1.256148,0.946667,0.946667
1.256551,0.946667,0.946667
1.256952,0.946667,0.946667
1.257355,0.946667,0.946667
1.257756,0.946667,0.946667
1.258158,0.946667,0.946667
1.258559,0.946667,0.946667
1.258960,0.946667,0.946667
1.259363,0.946667,0.946667
1.259765,0.946667,0.946667
1.260167,0.946667,0.946667
1.260568,0.946667,0.946667
1.260970,0.946667,0.946667
1.261371,0.946667,0.946667
1.261772,0.946667,0.946667
1.262173,0.946667,0.946667
1.262574,0.946667,0.946667
1.262976,0.946667,0.946667
1.263377,0.946667,0.946667
1.263779,0.946667,0.946667
1.264180,0.946667,0.946667
1.264582,0.946667,0.946667
1.264984,0.946667,0.946667
1.265386,0.946667,0.946667
1.265787,0.946667,0.946667
1.266188,0.946667,0.946667
1.266590,0.946667,0.946667
1.266992,0.946667,0.946667
1.267393,0.946667,0.946667
1.267795,0.946667,0.946667
1.268196,0.946667,0.946667
1.268597,0.946667,0.946667
1.268998,0.946667,0.946667
1.269399,0.946667,0.946667
1.269801,0.946667,0.946667
1.270202,0.946667,0.946667
1.270603,0.946667,0.946667
1.271004,0.946667,0.946667
1.271407,0.946667,0.946667
1.271808,0.946667,0.946667
1.272209,0.946667,0.946667
1.272610,0.946667,0.946667
1.273011,0.946667,0.946667
1.273414,0.946667,0.946667
1.273815,0.946667,0.946667
1.274216,0.946667,0.946667
1.274618,0.946667,0.946667
1.275019,0.946667,0.946667
1.275420,0.946667,0.946667
1.275821,0.946667,0.946667
1.276223,0.946667,0.946667
1.276624,0.946667,0.946667
1.277025,0.946667,0.946667
1.277426,0.946667,0.946667
1.277828,0.946667,0.946667
1.278230,0.946667,0.946667
1.278631,0.946667,0.946667
1.279033,0.946667,0.946667
1.279435,0.946667,0.946667
1.279836,0.946667,0.946667
1.280237,0.946667,0.946667
1.280638,0.946667,0.946667
1.281039,0.946667,0.946667
1.281440,0.946667,0.946667
1.281841,0.946667,0.946667
1.282242,0.946667,0.946667
1.282643,0.946667,0.946667
1.283045,0.946667,0.946667
1.283446,0.946667,0.946667
1.283848,0.946667,0.946667
1.284249,0.946667,0.946667
1.284651,0.946667,0.946667
1.285052,0.946667,0.946667
1.285453,0.946667,0.946667
1.285855,0.946667,0.946667
1.286256,0.946667,0.946667
1.286657,0.946667,0.946667
1.287059,0.946667,0.946667
1.287460,0.946667,0.946667
1.287861,0.946667,0.946667
1.288263,0.946667,0.946667
1.288664,0.946667,0.946667
1.289066,0.946667,0.946667
1.289467,0.946667,0.946667
1.289868,0.946667,0.946667
1.290269,0.946667,0.946667
1.290670,0.946667,0.946667
1.291072,0.946667,0.946667
1.291473,0.946667,0.946667
1.291875,0.946667,0.946667
1.292276,0.946667,0.946667
1.292677,0.946667,0.946667
1.293078,0.946667,0.946667
1.293479,0.946667,0.946667
1.293882,0.946667,0.946667
1.294283,0.946667,0.946667
1.294686,0.946667,0.946667
1.295087,0.946667,0.946667
1.295489,0.946667,0.946667
1.295890,0.946667,0.946667
1.296291,0.946667,0.946667
1.296692,0.946667,0.946667
1.297094,0.946667,0.946667
1.297496,0.946667,0.946667
1.297897,0.946667,0.946667
1.298299,0.946667,0.946667
1.298700,0.946667,0.946667
1.299102,0.946667,0.946667
1.299503,0.946667,0.946667
1.299905,0.946667,0.946667
1.300306,0.946667,0.946667
1.300708,0.946667,0.946667
1.301110,0.946667,0.946667
1.301511,0.946667,0.946667
1.301913,0.946667,0.946667
1.302315,0.946667,0.946667
1.302716,0.946667,0.946667
1.303117,0.946667,0.946667
1.303520,0.946667,0.946667
1.303922,0.946667,0.946667
1.304323,0.946667,0.946667
1.304724,0.946667,0.946667
1.305125,0.946667,0.946667
1.305526,0.946667,0.946667
1.305928,0.946667,0.946667
1.306330,0.946667,0.946667
1.306733,0.946667,0.946667
1.307134,0.946667,0.946667
1.307535,0.946667,0.946667
1.307937,0.946667,0.946667
1.308338,0.946667,0.946667
1.308740,0.946667,0.946667
1.309143,0.946667,0.946667
1.309544,0.946667,0.946667
1.309945,0.946667,0.946667
1.310346,0.946667,0.946667
1.310748,0.946667,0.946667
1.311149,0.946667,0.946667
1.311551,0.946667,0.946667
1.311953,0.946667,0.946667
1.312354,0.946667,0.946667
1.312755,0.946667,0.946667
1.313156,0.946667,0.946667
1.313557,0.946667,0.946667
1.313958,0.946667,0.946667
1.314361,0.946667,0.946667
1.314763,0.946667,0.946667
1.315165,0.946667,0.946667
1.315566,0.946667,0.946667
1.315968,0.946667,0.946667
1.316369,0.946667,0.946667
1.316770,0.946667,0.946667
1.317173,0.946667,0.946667
1.317574,0.946667,0.946667
1.317976,0.946667,0.946667
1.318377,0.946667,0.946667
1.318779,0.946667,0.946667
1.319180,0.946667,0.946667
1.319583,0.946667,0.946667
1.319985,0.946667,0.946667
1.320386,0.946667,0.946667
1.320789,0.946667,0.946667
1.321191,0.946667,0.946667
1.321592,0.946667,0.946667
1.321993,0.946667,0.946667
1.322394,0.946667,0.946667
1.322795,0.946667,0.946667
1.323197,0.946667,0.946667
1.323598,0.946667,0.946667
1.323999,0.946667,0.946667
1.324400,0.946667,0.946667
1.324801,0.946667,0.946667
1.325202,0.946667,0.946667
1.325603,0.946667,0.946667
1.326004,0.946667,0.946667
1.326406,0.946667,0.946667
1.326808,0.946667,0.946667
1.327210,0.946667,0.946667
1.327611,0.946667,0.946667
1.328012,0.946667,0.946667
1.328413,0.946667,0.946667
1.328815,0.946667,0.946667
1.329216,0.946667,0.946667
1.329618,0.946667,0.946667
1.330019,0.946667,0.946667
1.330420,0.946667,0.946667
1.330821,0.946667,0.946667
1.331223,0.946667,0.946667
1.331625,0.946667,0.946667
1.332026,0.946667,0.946667
1.332429,0.946667,0.946667
1.332830,0.946667,0.946667
1.333231,0.946667,0.946667
1.333632,0.946667,0.946667
1.334035,0.946667,0.946667
1.334436,0.946667,0.946667
1.334837,0.946667,0.946667
1.335238,0.946667,0.946667
1.335639,0.946667,0.946667
1.336040,0.946667,0.946667
1.336441,0.946667,0.946667
1.336843,0.946667,0.946667
1.337245,0.946667,0.946667
1.337647,0.946667,0.946667
1.338049,0.946667,0.946667
1.338450,0.946667,0.946667
1.338852,0.946667,0.946667
1.339254,0.946667,0.946667
1.339655,0.946667,0.946667
1.340057,0.946667,0.946667
1.340460,0.946667,0.946667
1.340862,0.946667,0.946667
1.341263,0.946667,0.946667
1.341666,0.946667,0.946667
1.342068,0.946667,0.946667
1.342469,0.946667,0.946667
1.342870,0.946667,0.946667
1.343272,0.946667,0.946667
1.343674,0.946667,0.946667
1.344075,0.946667,0.946667
1.344476,0.946667,0.946667
1.344877,0.946667,0.946667
1.345279,0.946667,0.946667
1.345680,0.946667,0.946667
1.346081,0.946667,0.946667
1.346482,0.946667,0.946667
1.346884,0.946667,0.946667
1.347285,0.946667,0.946667
1.347686,0.946667,0.946667
1.348087,0.946667,0.946667
1.348489,0.946667,0.946667
1.348891,0.946667,0.946667
1.349292,0.946667,0.946667
1.349693,0.946667,0.946667
1.350094,0.946667,0.946667
1.350496,0.946667,0.946667
1.350898,0.946667,0.946667
1.351299,0.946667,0.946667
1.351700,0.946667,0.946667
1.352102,0.946667,0.946667
1.352504,0.946667,0.946667
1.352905,0.946667,0.946667
1.353306,0.946667,0.946667
1.353707,0.946667,0.946667
1.354109,0.946667,0.946667
1.354510,0.946667,0.946667
1.354911,0.946667,0.946667
1.355313,0.946667,0.946667
1.355714,0.946667,0.946667
1.356115,0.946667,0.946667
1.356517,0.946667,0.946667
1.356919,0.946667,0.946667
1.357320,0.946667,0.946667
1.357721,0.946667,0.946667
1.358123,0.946667,0.946667
1.358524,0.946667,0.946667
1.358926,0.946667,0.946667
1.359328,0.946667,0.946667
1.359730,1.020000,0.946667
1.360132,0.946667,0.946667
1.360534,0.960000,0.946667
1.360936,0.966667,0.946667
1.361338,0.966667,0.960000
1.361739,0.973333,0.946667
1.362141,0.973333,0.946667
1.362543,1.013333,0.980000
1.362944,1.026667,0.960000
1.363345,1.020000,1.000000
1.363748,1.033333,0.960000
1.364150,1.033333,0.973333
1.364551,1.046667,1.033333
1.364952,1.073333,1.026667
1.365355,1.080000,1.006667
1.365756,1.120000,1.033333
1.366158,1.106667,1.053333
1.366560,1.093333,1.033333
1.366962,1.086667,1.060000
1.367364,1.106667,1.093333
1.367766,1.186667,0.993333
1.368167,1.173333,1.120000
1.368568,1.153333,1.120000
1.368970,1.180000,1.113333
1.369371,1.180000,1.133333
1.369772,1.206667,1.146667
1.370173,1.200000,1.140000
1.370574,1.200000,1.173333
1.370976,1.206667,1.220000
1.371378,1.220000,1.153333
1.371779,1.233333,1.200000
1.372180,1.200000,1.206667
1.372581,1.226667,1.206667
1.372984,1.280000,1.206667
1.373385,1.286667,1.206667
1.373786,1.286667,1.253333
1.374188,1.306667,1.206667
1.374589,1.306667,1.226667
1.374990,1.300000,1.226667
1.375391,1.300000,1.273333
1.375792,1.280000,1.300000
1.376193,1.373333,1.300000
1.376594,1.366667,1.326667
1.376996,1.460000,1.386667
1.377397,1.386667,1.326667
1.377798,1.406667,1.333333
1.378204,1.400000,1.360000
1.378606,1.486667,1.386667
1.379007,1.460000,1.386667
1.379408,1.460000,1.386667
1.379810,1.460000,1.386667
1.380211,1.473333,1.420000
1.380612,1.466667,1.440000
1.381013,1.520000,1.426667
1.381414,1.473333,1.946667
1.381815,1.513333,1.460000
1.382217,1.546667,1.473333
1.382619,1.566667,1.480000
1.383020,1.513333,1.500000
1.383422,1.560000,1.546667
1.383824,1.566667,1.506667
1.384225,1.586667,1.573333
1.384626,1.613333,1.613333
1.385029,1.606667,1.546667
1.385430,1.620000,1.560000
1.385831,1.653333,1.566667
1.386232,1.713333,1.573333
1.386633,1.673333,1.560000
1.387036,1.680000,1.606667
1.387437,1.673333,1.573333
1.387838,1.686667,1.620000
1.388239,1.760000,1.660000
1.388640,1.733333,1.626667
1.389041,1.700000,1.646667
1.389443,1.806667,1.706667
1.389844,1.773333,1.693333
1.390246,1.800000,1.706667
1.390647,1.766667,1.726667
1.391049,1.826667,1.846667
1.391450,1.820000,1.746667
1.391851,1.853333,1.793333
1.392252,1.813333,1.773333
1.392653,1.880000,1.760000
1.393055,1.906667,1.633333
1.393457,1.873333,1.786667
1.393859,1.906667,1.840000
1.394261,1.926667,1.840000
1.394664,1.913333,1.860000
1.395065,1.953333,1.946667
1.395468,1.966667,1.880000
1.395869,1.980000,1.906667
1.396270,1.986667,1.906667
1.396671,2.000000,1.946667
1.397073,2.033333,1.926667
1.397474,2.086667,1.960000
1.397876,2.066667,1.940000
1.398277,2.080000,1.973333
1.398678,2.086667,1.993333
1.399079,2.120000,2.000000
1.399480,2.020000,2.006667
1.399881,2.106667,2.033333
1.400283,2.133333,2.046667
1.400684,2.160000,2.026667
1.401085,2.180000,2.073333
1.401486,2.180000,2.433333
1.401888,2.193333,2.186667
1.402289,2.260000,2.093333
1.402690,2.226666,2.126667
1.403091,2.246667,2.193333
1.403492,2.266667,2.166667
1.403894,2.266667,2.173333
1.404295,2.326667,2.206667
1.404696,2.313333,2.193333
1.405098,2.326667,2.200000
1.405499,2.340000,2.220000
1.405900,2.346667,2.186667
1.406301,2.393333,2.253333
1.406702,2.380000,2.286667
1.407104,2.406667,2.320000
1.407507,2.386667,2.340000
1.407909,2.433333,2.253333
1.408311,2.506666,2.346667
1.408712,2.560000,2.306667
1.409113,2.493333,2.366667
1.409515,2.460000,2.373333
1.409916,2.513333,2.400000
1.410318,2.520000,2.420000
1.410719,2.553333,2.426666
1.411120,2.613333,2.453333
1.411522,2.586667,2.433333
1.411924,2.586667,2.433333
1.412325,2.626667,2.500000
1.412726,2.613333,2.520000
1.413127,2.653333,2.540000
1.413529,2.626667,2.553333
1.413930,2.653333,2.553333
1.414331,2.700000,2.560000
1.414733,2.586667,2.613333
1.415134,2.706666,2.613333
1.415535,2.720000,2.613333
1.415937,2.740000,2.626667
1.416338,2.786667,2.646667
1.416739,2.820000,2.660000
1.417140,2.786667,2.613333
1.417541,2.820000,2.653333
1.417943,2.866667,2.700000
1.418345,2.840000,2.753333
1.418746,2.866667,2.753333
1.419148,2.893333,2.766667
1.419549,2.893333,2.733333
1.419950,2.933333,2.786667
1.420353,2.953333,2.820000
1.420755,2.953333,2.813333
1.421156,2.980000,2.813333
1.421558,3.000000,2.840000
1.421959,3.040000,2.866667
1.422360,3.040000,2.893333
1.422761,3.046667,2.946667
1.423162,3.060000,2.953333
1.423563,3.086667,2.986667
1.423964,3.093333,3.046667
1.424366,3.133333,3.046667
1.424767,3.153333,2.860000
1.425169,3.126667,2.986667
1.425570,3.173333,2.946667
1.425972,3.100000,3.026667
1.426373,3.246666,3.053333
1.426776,3.206667,3.053333
1.427178,3.226667,3.086667
1.427579,3.246666,3.126667
1.427980,3.260000,3.133333
1.428382,3.293333,3.133333
1.428783,3.313333,3.146667
1.429185,3.300000,3.146667
1.429586,3.346666,3.160000
1.429987,3.320000,3.186666
1.430388,3.386667,3.286667
1.430789,3.386667,3.226667
1.431191,3.413333,3.253333
1.431592,3.420000,3.253333
1.431993,3.466666,3.293333
1.432394,3.420000,3.293333
1.432795,3.420000,3.313333
1.433196,3.580000,3.380000
1.433599,3.413333,3.386667
1.434002,3.573333,3.313333
1.434403,3.520000,3.386667
1.434804,3.566667,3.833333
1.435206,3.586667,3.440000
1.435607,3.573333,3.466666
1.436009,3.626667,3.473333
1.436410,3.646667,3.473333
1.436811,3.666667,3.466666
1.437213,3.673333,3.513333
1.437614,3.726667,3.566667
1.438016,3.726667,3.360000
1.438418,3.720000,3.573333
1.438820,3.773333,3.580000
1.439221,3.826667,3.586667
1.439622,3.846667,3.600000
1.440024,3.833333,3.680000
1.440426,3.773333,3.686666
1.440827,3.793333,3.653333
1.441229,3.880000,3.720000
1.441631,3.913333,3.720000
1.442032,3.980000,3.713333
1.442434,3.960000,3.406667
1.442836,4.006667,3.820000
1.443238,4.006667,3.833333
1.443639,4.033333,3.840000
1.444040,4.020000,3.660000
1.444441,4.046667,3.626667
1.444842,4.053333,3.886667
1.445243,4.100000,3.900000
1.445644,4.133333,3.833333
1.446047,4.166667,3.960000
1.446449,4.173333,4.013333
1.446850,4.173333,4.006667
1.447252,4.186666,4.013333
1.447653,4.213334,3.973333
1.448055,4.260000,4.093333
1.448456,4.220000,4.066667
1.448858,4.260000,4.080000
1.449259,4.293333,4.073333
1.449660,4.313334,4.100000
1.450061,4.333333,4.186666
1.450464,4.353333,4.140000
1.450865,4.360000,4.113333
1.451267,4.446667,4.486666
1.451668,4.420000,4.393333
1.452070,4.693333,4.206666
1.452471,4.446667,4.260000
1.452874,4.480000,4.266666
1.453275,4.486666,4.280000
1.453676,4.526667,4.313334
1.454077,4.520000,4.340000
1.454478,4.546667,4.320000
1.454879,4.546667,4.360000
1.455280,4.606667,4.373333
1.455681,4.573333,4.393333
1.456083,4.646667,4.440000
1.456484,4.640000,4.473333
1.456885,4.673333,4.466667
1.457287,4.653333,4.486666
1.457689,4.713333,4.506667
1.458091,4.733333,4.560000
1.458493,4.726666,4.566667
1.458894,4.786666,4.573333
1.459295,4.753333,4.573333
1.459696,4.820000,4.613333
1.460098,4.833333,4.606667
1.460500,4.866667,4.633333
1.460901,4.893333,4.693333
1.461303,4.886666,4.713333
1.461704,4.940000,4.713333
1.462106,4.946666,4.713333
1.462509,4.973333,4.760000
1.462910,4.980000,4.753333
1.463311,5.020000,4.780000
1.463713,5.040000,4.806667
1.464115,4.926667,4.806667
1.464516,5.073333,4.726666
1.464917,5.066667,4.720000
1.465318,5.120000,4.886666
1.465719,5.153333,4.893333
1.466120,5.133333,4.940000
1.466523,5.073333,4.986667
1.466924,5.200000,5.006667
1.467325,5.240000,4.786666
1.467726,5.220000,4.980000
1.468128,5.260000,5.000000
1.468530,5.300000,5.060000
1.468935,5.313333,5.060000
1.469336,5.333333,5.080000
1.469739,5.353333,5.086667
1.470140,5.366667,5.140000
1.470543,5.406666,5.140000
1.470944,5.386667,5.166667
1.471345,5.493333,5.206666
1.471746,5.440000,5.120000
1.472148,5.473333,5.240000
1.472549,5.533333,5.240000
1.472950,5.553333,5.280000
1.473351,5.533333,5.273333
1.473752,5.593333,5.413333
1.474153,5.580000,5.360000
1.474555,5.606667,5.366667
1.474958,5.646667,5.393333
1.475359,5.620000,5.400000
1.475760,5.673333,5.393333
1.476162,5.713333,5.186666
1.476563,5.780000,5.460000
1.476964,5.760000,5.453333
1.477365,5.786666,5.480000
1.477766,5.806666,5.826667
1.478167,5.813333,5.573333
1.478568,5.886667,5.566667
1.478970,5.880000,5.646667
1.479371,5.860000,5.613333
1.479772,5.886667,5.646667
1.480174,6.006667,5.680000
1.480575,5.940000,5.673333
1.480977,5.980000,5.813333
1.481379,6.026667,5.840000
1.481780,5.973333,5.733333
1.482182,6.213333,5.786666
1.482583,6.073333,5.800000
1.482985,6.093333,5.780000
1.483386,6.100000,5.826667
1.483787,6.140000,5.846666
1.484188,6.080000,5.893333
1.484590,6.213333,5.926667
1.484991,6.253334,5.926667
1.485393,6.253334,5.940000
1.485794,6.266666,5.980000
1.486196,6.226666,5.960000
1.486597,6.300000,6.020000
1.486998,6.313334,6.000000
1.487399,6.326666,6.026667
1.487800,6.366666,6.066667
1.488201,6.420000,6.100000
1.488602,6.406667,6.113333
1.489005,6.446667,6.126667
1.489406,6.473333,6.066667
1.489807,6.500000,6.266666
1.490208,6.520000,6.220000
1.490611,6.580000,6.220000
1.491013,6.613333,6.286667
1.491416,6.626667,6.233333
1.491817,6.553333,6.286667
1.492218,6.666667,6.326666
1.492620,6.673334,6.220000
1.493022,6.593333,6.366666
1.493423,6.740000,6.346667
1.493824,6.760000,6.386667
1.494225,6.760000,6.406667
1.494626,6.806667,6.446667
1.495027,6.820000,6.466667
1.495429,6.886666,6.493333
1.495831,6.886666,6.526666
1.496232,6.900000,6.546667
1.496633,6.940000,6.640000
1.497034,6.966666,6.546667
1.497436,6.940000,6.640000
1.497837,6.986666,6.800000
1.498238,6.993333,6.680000
1.498641,7.086666,6.680000
1.499043,7.060000,6.666667
1.499444,7.086666,6.740000
1.499846,7.100000,6.806667
1.500247,7.153333,6.740000
1.500648,7.173333,6.813333
1.501049,7.200000,6.840000
1.501452,7.253334,6.866666
1.501854,7.233334,6.893333
1.502256,7.260000,6.913333
1.502657,7.280000,6.926667
1.503058,7.320000,6.960000
1.503461,7.320000,6.953333
1.503862,7.353333,6.993333
1.504264,7.360000,7.066666
1.504665,7.393333,7.000000
1.505067,7.406666,7.113333
1.505469,7.466667,7.093333
1.505871,7.453333,7.060000
1.506272,7.500000,7.140000
1.506674,7.526666,7.166667
1.507076,7.526666,7.200000
1.507478,7.766666,7.200000
1.507880,7.586667,7.226666
1.508281,7.640000,7.280000
1.508683,7.653333,7.280000
1.509084,7.626667,7.246666
1.509487,7.679999,7.373333
1.509888,7.653333,7.340000
1.510290,7.720000,7.340000
1.510693,7.773333,7.413333
1.511095,7.753333,7.413333
1.511496,7.800000,7.440000
1.511898,7.853333,7.453333
1.512299,7.846667,7.506667
1.512700,7.913333,7.533333
1.513102,7.906666,7.513333
1.513505,7.940000,7.566667
1.513907,7.933333,7.573333
1.514308,7.973333,7.566667
1.514709,8.026667,7.600000
1.515110,8.033334,7.666667
1.515512,8.053332,7.686666
1.515914,8.106667,7.686666
1.516315,8.166667,7.753333
1.516716,8.139999,7.780000
1.517118,8.126666,7.780000
1.517519,8.220000,7.720000
1.517921,8.153334,7.866666
1.518323,8.200000,7.846667
1.518724,8.259999,7.866666
1.519126,8.286667,7.880000
1.519527,8.313333,7.926667
1.519928,8.400000,7.933333
1.520329,8.373333,7.960000
1.520730,8.373333,7.973333
1.521132,8.453333,8.040000
1.521533,8.313333,8.040000
1.521937,8.440000,8.053332
1.522338,8.480000,8.073333
1.522741,8.500000,8.066667
1.523142,8.513332,8.146667
1.523544,8.566667,8.126666
1.523945,8.686666,8.193333
1.524348,8.599999,8.153334
1.524749,8.626667,8.220000
1.525151,8.633333,8.226666
1.525553,8.686666,8.246666
1.525956,8.719999,8.179999
1.526358,8.673333,8.313333
1.526760,8.760000,8.446666
1.527161,8.773333,8.379999
1.527562,8.780000,8.393332
1.527964,8.820000,8.393332
1.528365,8.866667,8.446666
1.528766,8.880000,8.420000
1.529168,8.886666,8.460000
1.529569,8.946667,8.513332
1.529970,8.900000,8.533333
1.530371,8.986667,8.533333
1.530772,9.006666,8.393332
1.531174,9.020000,8.573333
1.531575,9.073333,8.620000
1.531977,9.093333,8.666666
1.532379,9.126666,8.660000
1.532781,9.120000,8.706666
1.533182,9.220000,8.746667
1.533583,9.200000,8.746667
1.533984,9.213333,8.773333
1.534386,9.200000,8.746667
1.534787,9.246666,8.813334
1.535189,9.280000,8.820000
1.535592,9.313333,8.866667
1.535993,9.313333,8.866667
1.536394,9.346666,8.913333
1.536795,9.346666,8.920000
1.537196,9.346666,9.000000
1.537597,9.480000,9.000000
1.537998,9.406667,8.986667
1.538399,9.493333,9.013333
1.538800,9.526667,8.913333
1.539201,9.559999,9.099999
1.539602,9.600000,9.093333
1.540004,9.606667,9.126666
1.540405,9.633333,9.106667
1.540807,9.719999,9.160000
1.541208,9.660000,9.206667
1.541609,9.686666,9.173333
1.542011,9.753333,9.253333
1.542412,9.753333,9.106667
1.542814,9.786667,9.233333
1.543215,9.800000,9.039999
1.543616,9.820000,9.340000
1.544017,9.853333,9.346666
1.544418,9.853333,9.346666
1.544820,9.880000,9.346666
1.545221,9.920000,9.526667
1.545622,9.953333,9.473333
1.546024,9.973333,9.493333
1.546425,10.000000,9.546667
1.546827,10.026666,9.566666
1.547229,10.053333,9.526667
1.547630,10.093333,9.606667
1.548031,10.080000,9.620000
1.548432,10.153333,9.620000
1.548833,10.133333,9.793333
1.549234,10.166666,9.673333
1.549635,10.179999,9.726666
1.550037,10.233333,9.766666
1.550438,10.240000,9.719999
1.550839,10.286666,9.780000
1.551240,10.326667,9.793333
1.551641,10.313334,9.766666
1.552043,10.373333,9.893332
1.552444,10.393333,9.893332
1.552845,10.400000,9.906666
1.553246,10.480000,9.920000
1.553647,10.440000,9.966666
1.554048,10.480000,9.966666
1.554450,10.546666,10.006667
1.554851,10.513333,10.013333
1.555252,10.553332,9.980000
1.555653,10.693333,10.066667
1.556055,10.606667,10.093333
1.556456,10.620000,10.140000
1.556858,10.660000,10.133333
1.557259,10.660000,10.153333
1.557660,10.726666,10.193334
1.558061,10.693333,10.213333
1.558462,10.733334,10.460000
1.558864,10.786667,10.286666
1.559266,10.820000,10.326667
1.559667,10.759999,10.853333
1.560069,10.759999,10.346666
1.560471,10.826666,10.340000
1.560872,10.960000,10.393333
1.561274,10.940000,10.413333
1.561675,10.986667,10.413333
1.562076,10.986667,10.466667
1.562477,11.026667,10.460000
1.562878,11.020000,10.493333
1.563280,11.060000,10.506666
1.563681,11.086666,10.586667
1.564083,11.020000,10.606667
1.564484,11.106667,10.586667
1.564885,11.126667,10.593333
1.565286,11.160000,10.653334
1.565687,11.213333,10.693333
1.566089,11.180000,10.679999
1.566490,11.253333,10.686666
1.566891,11.300000,10.753333
1.567292,11.306666,10.413333
1.567693,11.306666,10.866667
1.568094,11.360000,10.626666
1.568497,11.339999,10.813333
1.568898,11.406666,10.866667
1.569300,11.426666,10.873333
1.569701,11.440000,10.900000
1.570103,11.486667,10.946666
1.570504,11.473332,10.946666
1.570905,11.533333,10.980000
1.571306,11.539999,11.026667
1.571707,11.586667,11.013332
1.572109,11.586667,11.020000
1.572510,11.633333,11.086666
1.572912,11.666666,11.020000
1.573314,11.679999,11.120000
1.573715,11.700000,11.133333
1.574116,11.713333,11.126667
1.574517,11.740000,11.146667
1.574918,11.753333,11.213333
1.575319,11.806666,11.240000
1.575722,11.900000,11.206666
1.576124,11.846666,11.593333
1.576526,11.879999,11.353333
1.576928,11.879999,11.306666
1.577329,11.906667,11.339999
1.577730,11.933332,11.366667
1.578132,11.946667,11.406666
1.578535,11.993333,11.386666
1.578937,12.120000,11.453334
1.579338,12.053333,11.466666
1.579739,12.066666,11.473332
1.580140,12.046667,11.120000
1.580541,12.100000,11.533333
1.580943,12.106667,11.559999
1.581344,12.206666,11.546666
1.581745,12.240000,11.606667
1.582146,12.233334,11.606667
1.582547,12.259999,11.633333
1.582949,12.286667,11.666666
1.583350,12.320000,11.686666
1.583751,12.366667,11.733333
1.584152,12.373333,11.513333
1.584554,12.400000,11.746666
1.584955,12.386666,11.786667
1.585357,12.520000,11.799999
1.585760,12.426666,11.813333
1.586161,12.480000,11.860000
1.586564,12.486667,11.886666
1.586965,12.546666,11.913333
1.587367,12.573334,11.840000
1.587768,12.580000,11.920000
1.588170,12.593333,11.973333
1.588571,12.633333,11.986667
1.588974,12.613333,12.006666
1.589376,12.646667,12.059999
1.589777,12.686666,12.059999
1.590179,12.746666,12.066666
1.590582,12.719999,12.086666
1.590984,12.773334,12.139999
1.591385,12.766666,12.126666
1.591787,12.786666,12.100000
1.592188,12.840000,12.206666
1.592589,12.840000,12.186666
1.592991,12.880000,12.213333
1.593392,12.886666,12.360000
1.593793,12.940000,12.333333
1.594194,12.940000,12.346666
1.594596,12.953333,12.380000
1.594997,12.873333,12.400000
1.595398,13.000000,12.406666
1.595800,13.046666,12.353333
1.596201,13.080000,12.459999
1.596602,13.086667,12.453333
1.597004,13.126666,12.520000
1.597405,13.139999,12.546666
1.597806,13.166667,12.533333
1.598208,13.179999,12.580000
1.598610,13.139999,12.573334
1.599011,13.233334,12.553333
1.599412,13.266666,12.660000
1.599813,13.313333,12.633333
1.600215,13.286667,12.693334
1.600616,13.293333,12.580000
1.601018,13.360000,12.766666
1.601419,13.393333,13.120000
1.601820,13.353333,12.766666
1.602221,13.453332,12.799999
1.602623,13.480000,12.806666
1.603024,13.460000,12.826667
1.603425,13.513332,12.853333
1.603826,13.573333,12.886666
1.604227,13.533333,12.913333
1.604628,13.599999,12.946667
1.605030,13.613334,12.946667
1.605432,13.626666,12.980000
1.605833,13.813334,12.980000
1.606234,13.653334,13.026667
1.606635,13.566667,13.053332
1.607037,13.706666,13.033334
1.607438,13.740001,13.120000
1.607840,13.759999,13.100000
1.608242,13.813334,13.153334
1.608643,13.779999,13.146667
1.609045,13.820000,13.146667
1.609446,13.833333,12.740000
1.609847,13.873334,13.073333
1.610249,13.893333,13.200000
1.610650,13.906666,13.246666
1.611051,13.946667,13.246666
1.611452,13.973332,13.300000
1.611854,13.993333,13.320000
1.612256,13.979999,13.326666
1.612657,14.006667,13.353333
1.613058,14.026667,13.379999
1.613461,14.080000,13.393333
1.613863,14.120000,13.453332
1.614264,14.146667,13.466666
1.614666,14.153333,13.466666
1.615068,14.160000,13.466666
1.615470,14.193333,13.500000
1.615871,14.213333,13.520000
1.616272,13.920000,13.593333
1.616673,14.286666,13.593333
1.617074,14.293333,13.620000
1.617475,14.340000,13.293333
1.617877,14.340000,13.620000
1.618279,14.406667,13.646666
1.618680,14.366666,13.693333
1.619082,14.386666,13.660000
1.619485,14.406667,13.706666
1.619886,14.446667,13.786667
1.620288,14.466667,13.746667
1.620691,14.480000,13.759999
1.621092,14.480000,13.820000
1.621493,14.546666,13.846665
1.621894,14.546666,13.873334
1.622296,14.593332,13.846665
1.622697,14.626666,13.866666
1.623099,14.600000,13.900000
1.623502,14.620000,13.926666
1.623903,14.666667,13.933332
1.624304,14.719999,13.993333
1.624705,14.713333,13.993333
1.625106,14.699999,13.999999
1.625508,14.686666,13.993333
1.625909,14.746666,14.026667
1.626311,14.793334,14.066666
1.626713,14.860001,14.099999
1.627115,14.826666,14.126666
1.627517,14.853333,14.080000
1.627918,14.873333,14.173332
1.628320,14.886666,14.186666
1.628722,14.906667,14.180000
1.629124,14.919999,14.226666
1.629525,14.953333,14.233333
1.629927,14.953333,14.259999
1.630328,14.953333,14.273334
1.630730,14.953333,14.326666
1.631131,15.020000,14.326666
1.631532,15.040000,14.373332
1.631937,15.100000,14.120000
1.632338,15.186667,14.533334
1.632739,15.166667,14.386666
1.633140,15.200000,14.573334
1.633541,15.186667,14.499999
1.633943,15.226665,14.353333
1.634344,15.193334,14.520000
1.634745,15.233334,14.506667
1.635147,15.286666,14.520000
1.635550,15.313333,14.546666
1.635951,15.359999,14.580000
1.636352,15.353333,14.600000
1.636754,15.393333,14.606667
1.637155,15.393333,14.573334
1.637556,15.393333,14.679999
1.637957,15.400000,14.693333
1.638359,15.473333,14.693333
1.638762,15.473333,14.693333
1.639164,15.526667,14.706667
1.639565,15.546666,14.773334
1.639967,15.573333,14.719999
1.640368,15.540000,14.813333
1.640769,15.613333,14.800000
1.641172,15.679999,14.953333
1.641573,15.633333,14.860001
1.641975,15.639999,14.886666
1.642376,15.679999,14.953333
1.642777,15.720000,14.919999
1.643179,15.713334,14.953333
1.643580,15.760000,14.953333
1.643982,15.746666,14.953333
1.644384,15.733333,14.953333
1.644786,15.806666,14.953333
1.645187,15.846667,15.073333
1.645589,15.900000,14.953333
1.645990,15.873333,15.119999
1.646391,15.900000,14.953333
1.646792,15.913334,14.953333
1.647194,15.920000,15.193334
1.647595,15.973332,15.313333
1.647998,15.986667,15.233334
1.648399,15.993333,15.226665
1.648801,16.013332,15.246666
1.649202,16.066668,15.246666
1.649603,16.093332,15.280000
1.650004,16.046667,15.260000
1.650405,16.006666,15.206666
1.650807,16.139999,15.393333
1.651208,16.113333,15.373333
1.651609,16.153334,15.366667
1.652012,16.180000,15.386667
1.652413,16.193333,15.393333
1.652815,16.219999,15.453334
1.653217,16.246666,15.433333
1.653618,16.293333,15.460000
1.654019,16.279999,15.486666
1.654420,16.293333,15.466666
1.654821,16.273333,15.533333
1.655222,16.299999,15.599999
1.655625,16.353333,15.573333
1.656026,16.393333,15.573333
1.656427,16.406666,15.606667
1.656829,16.433332,15.606667
1.657231,16.486666,15.673333
1.657633,16.473333,15.653334
1.658034,16.446667,15.626667
1.658435,16.533333,15.746666
1.658837,16.539999,15.700000
1.659238,16.559999,15.746666
1.659640,16.573334,15.760000
1.660042,16.519999,15.860000
1.660443,16.600000,15.793333
1.660844,16.600000,15.826667
1.661245,16.593334,15.799999
1.661646,16.626665,15.853333
1.662047,16.706667,15.860000
1.662448,16.706667,15.893333
1.662849,16.719999,15.913334
1.663250,16.753332,15.913334
1.663651,16.746666,15.920000
1.664052,16.786665,15.946666
1.664453,16.753332,16.039999
1.664854,16.793333,15.980000
1.665255,16.820000,15.873333
1.665656,16.860001,16.026667
1.666057,16.853334,16.066668
1.666458,16.879999,16.066668
1.666860,16.886665,16.033333
1.667262,16.926666,16.099998
1.667663,16.886665,16.013332
1.668066,16.926666,16.099998
1.668467,16.920000,16.066668
1.668868,16.926666,16.166666
1.669269,16.939999,16.160000
1.669670,16.973333,16.253332
1.670071,16.959999,16.193333
1.670472,17.039999,16.253332
1.670874,17.026665,16.273333
1.671275,17.046665,16.273333
1.671676,17.059999,16.299999
1.672077,17.033333,16.299999
1.672478,17.073334,16.306667
1.672879,17.106667,16.126665
1.673280,17.120001,16.353333
1.673681,17.139999,16.413332
1.674082,17.139999,16.420000
1.674483,17.179998,16.420000
1.674885,17.173332,16.440001
1.675286,17.199999,16.619999
1.675687,17.146666,16.473333
1.676089,17.226667,16.646666
1.676491,17.206667,16.553333
1.676892,17.253334,16.533333
1.677294,17.266666,16.546667
1.677697,17.286665,16.553333
1.678099,17.293333,16.566666
1.678500,17.353333,16.619999
1.678901,17.333332,16.499998
1.679303,17.340000,16.619999
1.679705,17.340000,16.633331
1.680106,17.366667,16.633331
1.680507,17.413332,16.706667
1.680908,17.426666,16.680000
1.681309,17.439999,16.586666
1.681710,17.413332,16.873333
1.682111,17.433332,16.726667
1.682512,17.459999,16.893332
1.682914,17.480000,16.759998
1.683316,17.486666,16.779999
1.683717,17.426666,16.826666
1.684119,17.533333,16.793333
1.684521,17.553331,16.759998
1.684923,17.539999,16.966667
1.685325,17.593332,16.826666
1.685726,17.606667,16.866667
1.686127,17.613333,16.860001
1.686529,17.626667,16.893332
1.686930,17.660000,16.860001
1.687332,17.646667,16.906666
1.687733,17.686666,16.886665
1.688134,17.733334,16.920000
1.688535,17.699999,16.920000
1.688937,17.773333,16.933332
1.689340,17.726665,16.953333
1.689741,17.726665,16.926666
1.690142,17.746666,17.046665
1.690543,17.746666,16.993334
1.690944,17.793333,16.959999
1.691346,17.813332,16.993334
1.691747,17.799999,17.033333
1.692149,17.820000,17.106667
1.692550,17.906668,17.053333
1.692951,17.873333,17.059999
1.693352,17.886667,17.046665
1.693753,17.886667,17.073334
1.694154,17.893333,17.106667
1.694555,17.913334,17.126667
1.694957,17.920000,17.146666
1.695358,18.026667,17.186666
1.695760,17.973333,17.139999
1.696161,17.973333,17.173332
1.696562,17.966665,17.186666
1.696964,17.986666,17.186666
1.697365,18.020000,17.186666
1.697766,18.026667,17.213333
1.698167,18.040001,17.260000
1.698568,18.013332,17.100000
1.698970,18.073332,17.273333
1.699371,18.046667,17.186666
1.699772,18.046667,17.293333
1.700173,18.193333,17.266666
1.700575,18.113333,17.333332
1.700977,18.119999,17.179998
1.701378,18.133333,17.333332
1.701779,18.186666,17.360001
1.702180,18.146666,17.360001
1.702582,18.153334,17.340000
1.702984,18.186666,17.386667
1.703385,18.213333,17.400000
1.703787,18.213333,17.400000
1.704189,18.226665,17.453333
1.704591,18.233332,17.433332
1.704992,18.233332,17.433332
1.705393,18.260000,17.433332
1.705795,18.293333,17.360001
1.706196,18.293333,17.459999
1.706597,18.280001,17.506666
1.706998,18.286667,17.526667
1.707399,18.326666,17.606667
1.707801,18.313334,17.539999
1.708203,18.346666,17.539999
1.708604,18.286667,17.433332
1.709005,18.386665,17.766666
1.709406,18.379999,17.539999
1.709808,18.393333,17.673332
1.710210,18.400000,17.719999
1.710611,18.406666,17.606667
1.711012,18.426666,17.633333
1.711413,18.459999,17.539999
1.711814,18.459999,17.653334
1.712215,18.453333,17.639999
1.712616,18.459999,17.673332
1.713018,18.459999,17.660000
1.713419,18.500000,17.713333
1.713820,18.513332,17.713333
1.714222,18.580000,17.666666
1.714624,18.526667,17.746666
1.715025,18.546667,17.733334
1.715427,18.566668,17.726665
1.715828,18.586666,17.780001
1.716229,18.606665,17.766666
1.716630,18.573334,17.760000
1.717031,18.599998,17.873333
1.717432,18.599998,17.780001
1.717834,18.639999,17.746666
1.718236,18.633333,17.886667
1.718638,18.639999,17.813332
1.719039,18.653334,17.853333
1.719440,18.660000,17.846666
1.719842,18.673334,17.873333
1.720243,18.700001,17.886667
1.720644,18.713333,17.886667
1.721045,18.700001,17.886667
1.721446,18.773333,17.926666
1.721848,18.719999,17.886667
1.722249,18.719999,17.886667
1.722650,18.680000,17.886667
1.723052,18.766666,17.939999
1.723453,18.779999,17.966665
1.723854,18.773333,17.966665
1.724256,18.733332,17.959999
1.724657,18.779999,17.993332
1.725059,18.786667,18.000000
1.725460,18.833334,17.913334
1.725861,18.826666,18.020000
1.726262,18.833334,18.033333
1.726663,18.873333,18.233332
1.727065,18.873333,18.059999
1.727466,18.879999,18.020000
1.727868,18.846666,18.106667
1.728269,18.886665,18.066666
1.728670,18.879999,18.066666
1.729071,18.926666,18.086666
1.729472,18.940001,18.106667
1.729874,18.913332,18.099998
1.730276,18.886665,18.106667
1.730678,18.920000,18.206665
1.731080,18.946667,18.126667
1.731481,18.973333,18.093332
1.731882,18.986666,18.113333
1.732283,18.940001,18.160000
1.732685,18.966667,18.099998
1.733086,19.019999,18.186666
1.733487,19.046667,18.213333
1.733888,19.039999,18.180000
1.734289,19.026667,17.920000
1.734691,19.053333,18.446667
1.735092,19.053333,18.246666
1.735493,19.086666,18.233332
1.735895,19.053333,18.213333
1.736296,19.119999,18.246666
1.736697,19.086666,18.246666
1.737099,19.086666,18.226665
1.737500,19.100000,18.273333
1.737902,19.113333,18.273333
1.738304,19.113333,18.273333
1.738705,19.106667,18.306667
1.739106,19.160000,18.280001
1.739507,19.126665,18.306667
1.739908,19.106667,18.313334
1.740310,19.206667,18.313334
1.740711,19.173332,18.313334
1.741113,19.193333,18.333332
1.741514,19.200001,18.306667
1.741916,19.200001,18.326666
1.742317,19.219999,18.353333
1.742718,19.113333,18.373333
1.743120,19.200001,18.393333
1.743522,19.166666,18.146666
1.743924,19.246666,18.379999
1.744326,19.233334,18.400000
1.744728,19.259998,18.400000
1.745130,19.259998,18.359999
1.745531,19.259998,18.400000
1.745937,19.273333,18.400000
1.746338,19.253332,18.400000
1.746740,19.299999,18.420000
1.747141,19.286665,18.466665
1.747542,19.320000,18.506666
1.747943,19.313334,18.446667
1.748344,19.293333,18.446667
1.748746,19.333334,18.446667
1.749147,19.333334,18.440001
1.749548,19.346666,18.466665
1.749951,19.326666,18.486666
1.750352,19.433332,18.493332
1.750753,19.393332,18.480000
1.751154,19.360001,18.406666
1.751555,19.346666,18.506666
1.751957,19.379999,18.539999
1.752358,19.353334,18.520000
1.752759,19.426666,18.526667
1.753160,19.386665,18.539999
1.753561,19.413332,18.539999
1.753963,19.426666,18.566668
1.754364,19.446667,18.520000
1.754765,19.413332,18.533333
1.755166,19.426666,18.693333
1.755567,19.446667,18.513332
1.755969,19.426666,18.559999
1.756371,19.466667,18.613333
1.756772,19.426666,18.580000
1.757173,19.453333,18.606665
1.757574,19.433332,18.673334
1.757975,19.473333,18.586666
1.758377,19.459999,18.606665
1.758778,19.453333,18.613333
1.759180,19.393332,18.646666
1.759581,19.480000,18.646666
1.759984,19.506666,18.646666
1.760385,19.480000,18.606665
1.760787,19.480000,18.633333
1.761189,19.533333,18.646666
1.761590,19.493334,18.646666
1.761991,19.506666,18.646666
1.762393,19.533333,18.653334
1.762795,19.559999,18.673334
1.763197,19.513332,18.673334
1.763598,19.566666,18.673334
1.763999,19.559999,18.686666
1.764400,19.559999,18.686666
1.764801,19.553333,18.706667
1.765202,19.600000,18.673334
1.765603,19.586666,18.713333
1.766004,19.586666,18.706667
1.766406,19.586666,18.700001
1.766807,19.600000,18.713333
1.767208,19.586666,18.700001
1.767609,19.613333,18.766666
1.768011,19.626667,18.713333
1.768412,19.593332,18.726665
1.768814,19.626667,18.740000
1.769216,19.626667,18.706667
1.769617,19.633333,18.726665
1.770019,19.639999,18.773333
1.770420,19.633333,18.759998
1.770821,19.666666,18.753332
1.771222,19.633333,18.766666
1.771623,19.646666,18.766666
1.772024,19.559999,18.766666
1.772425,19.633333,18.773333
1.772826,19.659998,18.766666
1.773227,19.646666,18.773333
1.773628,19.693333,18.799999
1.774030,19.659998,18.786667
1.774431,19.673332,18.773333
1.774832,19.693333,18.786667
1.775233,19.673332,18.779999
1.775634,19.760000,18.846666
1.776035,19.686666,18.759998
1.776437,19.706667,18.799999
1.776838,19.626667,18.806667
1.777239,19.686666,18.799999
1.777640,19.693333,18.820000
1.778042,19.733334,18.853333
1.778443,19.699999,18.846666
1.778844,19.699999,18.840000
1.779246,19.693333,18.719999
1.779647,19.706667,18.813334
1.780049,19.699999,18.806667
1.780450,19.726667,18.826666
1.780853,19.733334,18.840000
1.781254,19.746666,18.826666
1.781655,19.740000,18.846666
1.782056,19.719999,18.820000
1.782457,19.713333,18.820000
1.782859,19.753334,18.813334
1.783261,19.746666,18.846666
1.783663,19.753334,18.820000
1.784065,19.773333,18.879999
1.784466,19.733334,18.853333
1.784868,19.706667,18.873333
1.785269,19.760000,18.866665
1.785670,19.746666,18.826666
1.786071,19.719999,18.866665
1.786472,19.813332,18.833334
1.786874,19.673332,18.879999
1.787275,19.760000,18.873333
1.787677,19.760000,18.879999
1.788078,19.766666,18.859999
1.788480,19.740000,18.873333
1.788881,19.760000,18.873333
1.789282,19.746666,18.833334
1.789683,19.740000,18.820000
1.790085,19.766666,18.873333
1.790486,19.766666,18.873333
1.790887,19.753334,18.906666
1.791288,19.753334,18.879999
1.791690,19.760000,18.879999
1.792092,19.806665,18.833334
1.792493,19.813332,18.793333
1.792895,19.760000,18.799999
1.793296,19.779999,18.886665
1.793697,19.806665,18.879999
1.794099,19.786665,18.893333
1.794502,19.773333,18.879999
1.794903,19.793333,18.886665
1.795306,19.806665,18.879999
1.795707,19.753334,18.879999
1.796109,19.713333,18.866665
1.796510,19.786665,18.879999
1.796911,19.779999,18.886665
1.797312,19.786665,18.879999
1.797713,19.793333,18.879999
1.798115,19.733334,18.873333
1.798517,19.793333,18.893333
1.798918,19.786665,18.879999
1.799320,19.766666,18.799999
1.799722,19.760000,18.906666
1.800123,19.740000,18.820000
1.800524,19.753334,18.879999
1.800925,19.793333,19.059999
1.801326,19.779999,18.913332
1.801727,19.786665,19.119999
1.802129,19.786665,18.986666
1.802531,19.779999,18.879999
1.802937,19.779999,18.886665
1.803338,19.786665,18.866665
1.803739,19.799999,18.893333
1.804140,19.793333,18.900000
1.804541,19.793333,18.879999
1.804943,19.713333,18.873333
1.805344,19.786665,18.873333
1.805745,19.693333,18.866665
1.806146,19.766666,18.833334
1.806547,19.513332,18.826666
1.806949,19.740000,18.853333
1.807350,19.793333,18.873333
1.807752,19.786665,18.879999
1.808154,19.786665,18.873333
1.808555,19.760000,18.886665
1.808957,19.760000,18.866665
1.809360,19.779999,18.820000
1.809761,19.753334,18.879999
1.810162,19.760000,18.833334
1.810564,19.760000,18.879999
1.810965,19.806665,18.873333
1.811367,19.746666,18.826666
1.811769,19.726667,18.873333
1.812170,19.766666,18.859999
1.812571,19.733334,18.859999
1.812972,19.806665,18.840000
1.813373,19.726667,18.840000
1.813774,19.733334,18.873333
1.814175,19.740000,18.873333
1.814576,19.740000,18.840000
1.814978,19.746666,18.833334
1.815379,19.693333,18.846666
1.815780,19.693333,18.833334
1.816181,19.740000,18.833334
1.816582,19.713333,18.833334
1.816984,19.740000,19.046667
1.817385,19.606667,18.840000
1.817787,19.713333,18.820000
1.818188,19.693333,18.840000
1.818590,19.706667,18.826666
1.818991,19.706667,18.826666
1.819392,19.699999,18.900000
1.819793,19.713333,18.813334
1.820194,19.686666,18.859999
1.820595,19.639999,18.806667
1.820997,19.699999,18.733332
1.821398,19.679998,18.820000
1.821799,19.686666,18.786667
1.822201,19.693333,18.799999
1.822602,19.673332,18.766666
1.823003,19.693333,18.686666
1.823404,19.666666,18.793333
1.823805,19.659998,18.759998
1.824206,19.639999,18.766666
1.824608,19.673332,18.766666
1.825010,19.653332,18.740000
1.825411,19.639999,18.733332
1.825813,19.659998,18.793333
1.826214,19.666666,18.753332
1.826615,19.679998,18.706667
1.827017,19.639999,18.673334
1.827419,19.639999,18.779999
1.827820,19.659998,18.746666
1.828221,19.600000,18.746666
1.828623,19.626667,18.726665
1.829024,19.626667,18.766666
1.829426,19.639999,18.766666
1.829828,19.606667,18.719999
1.830229,19.606667,18.726665
1.830630,19.606667,18.753332
1.831032,19.580000,18.733332
1.831434,19.593332,18.733332
1.831835,19.626667,18.693333
1.832237,19.580000,18.713333
1.832638,19.586666,18.713333
1.833039,19.566666,18.706667
1.833441,19.580000,18.646666
1.833842,19.566666,18.646666
1.834243,19.573334,18.673334
1.834644,19.539999,18.660000
1.835045,19.580000,18.660000
1.835446,19.546665,18.653334
1.835848,19.533333,18.653334
1.836249,19.539999,18.653334
1.836650,19.546665,18.666666
1.837052,19.480000,18.653334
1.837453,19.526665,18.646666
1.837854,19.506666,18.646666
1.838255,19.480000,18.619999
1.838656,19.500000,18.646666
1.839058,19.480000,18.626665
1.839459,19.613333,18.626665
1.839860,19.326666,18.586666
1.840262,19.466667,18.613333
1.840663,19.446667,18.586666
1.841065,19.446667,18.599998
1.841466,19.453333,18.599998
1.841867,19.459999,18.280001
1.842269,19.406666,18.586666
1.842670,19.533333,18.606665
1.843072,19.413332,18.553333
1.843474,19.379999,18.526667
1.843876,19.420000,18.533333
1.844277,19.406666,18.566668
1.844678,19.400000,18.526667
1.845079,19.393332,18.533333
1.845480,19.379999,18.520000
1.845882,19.386665,18.513332
1.846283,19.393332,18.520000
1.846684,19.439999,18.520000
1.847085,19.346666,18.506666
1.847486,19.340000,18.520000
1.847887,19.346666,18.473331
1.848289,19.346666,18.486666
1.848690,19.266666,18.466665
1.849092,19.379999,18.473331
1.849493,19.340000,18.346666
1.849894,19.320000,18.473331
1.850296,19.293333,18.459999
1.850697,19.346666,18.366667
1.851099,19.386665,18.426666
1.851501,19.293333,18.420000
1.851902,19.266666,18.286667
1.852304,19.246666,18.400000
1.852705,19.259998,18.400000
1.853106,19.259998,18.426666
1.853507,19.240000,18.366667
1.853909,19.279999,18.393333
1.854310,19.246666,18.379999
1.854712,19.219999,18.379999
1.855113,19.226667,18.359999
1.855514,19.213333,18.346666
1.855915,19.206667,18.413334
1.856316,19.279999,18.366667
1.856717,19.206667,18.440001
1.857119,19.173332,18.493332
1.857520,19.166666,18.333332
1.857921,19.160000,18.306667
1.858323,19.173332,18.293333
1.858724,19.139999,18.253332
1.859125,19.153332,18.020000
1.859527,19.013332,18.286667
1.859929,19.113333,18.306667
1.860330,19.106667,18.253332
1.860731,19.106667,18.260000
1.861132,19.080000,18.253332
1.861533,19.026667,18.253332
1.861936,19.086666,18.226665
1.862337,19.059999,18.233332
1.862738,19.059999,18.193333
1.863140,19.046667,18.206665
1.863543,19.006666,18.086666
1.863944,19.026667,18.160000
1.864345,19.013332,18.160000
1.864746,19.053333,18.180000
1.865147,19.019999,18.160000
1.865548,18.966667,18.093332
1.865950,18.986666,18.146666
1.866351,18.973333,18.146666
1.866752,18.966667,18.146666
1.867153,18.986666,18.146666
1.867554,18.920000,18.206665
1.867956,19.006666,18.106667
1.868358,18.913332,17.886667
1.868759,19.073334,18.093332
1.869160,18.960001,18.086666
1.869562,18.886665,18.059999
1.869964,18.879999,18.066666
1.870365,18.859999,18.046667
1.870767,18.859999,18.046667
1.871168,18.840000,18.146666
1.871570,18.840000,18.020000
1.871971,18.746666,18.000000
1.872372,18.773333,18.006666
1.872773,18.853333,17.973333
1.873174,18.793333,17.980000
1.873575,18.799999,18.113333
1.873976,18.779999,18.000000
1.874377,18.786667,17.980000
1.874778,18.773333,18.106667
1.875180,18.746666,17.946665
1.875582,18.759998,17.760000
1.875985,18.733332,18.046667
1.876386,18.733332,17.926666
1.876787,18.793333,17.913334
1.877188,18.680000,17.859999
1.877589,18.700001,17.873333
1.877990,18.666666,17.886667
1.878391,18.666666,17.873333
1.878793,18.660000,17.840000
1.879194,18.646666,17.846666
1.879595,18.646666,17.813332
1.879997,18.646666,17.813332
1.880399,18.559999,17.793333
1.880800,18.606665,17.806665
1.881202,18.593332,17.753334
1.881603,18.593332,17.733334
1.882004,18.559999,17.726665
1.882405,18.559999,17.760000
1.882807,18.553333,17.753334
1.883209,18.506666,17.760000
1.883610,18.446667,17.733334
1.884011,18.606665,17.719999
1.884412,18.500000,17.286665
1.884815,18.473331,17.753334
1.885216,18.400000,17.653334
1.885618,18.459999,17.773333
1.886019,18.426666,17.653334
1.886420,18.440001,17.660000
1.886822,18.426666,17.619999
1.887223,18.400000,17.600000
1.887624,18.393333,17.626667
1.888025,18.379999,17.613333
1.888427,18.386665,17.539999
1.888829,18.353333,17.506666
1.889230,18.379999,17.533333
1.889631,18.373333,17.500000
1.890032,18.339998,17.539999
1.890433,18.153334,17.500000
1.890835,18.280001,17.473333
1.891236,18.286667,17.500000
1.891637,18.273333,17.473333
1.892038,18.306667,17.480000
1.892440,18.313334,17.506666
1.892842,18.260000,17.453333
1.893243,18.226665,17.360001
1.893644,18.226665,17.639999
1.894045,18.199999,17.386667
1.894447,18.219999,17.400000
1.894848,18.180000,17.400000
1.895249,18.180000,17.346666
1.895650,18.160000,17.366667
1.896051,18.126667,17.360001
1.896452,18.146666,17.326666
1.896854,18.113333,17.320000
1.897256,18.093332,17.313332
1.897657,18.073332,17.273333
1.898059,18.099998,17.273333
1.898460,17.966665,17.266666
1.898862,18.053333,17.253334
1.899263,18.093332,17.380001
1.899665,18.073332,17.213333
1.900066,17.986666,17.186666
1.900467,18.013332,17.039999
1.900868,17.953333,16.913332
1.901269,17.920000,17.199999
1.901671,17.980000,17.186666
1.902072,17.986666,17.159998
1.902473,17.913334,17.166666
1.902875,17.933332,17.139999
1.903276,17.913334,17.120001
1.903677,17.893333,17.113333
1.904078,17.879999,17.073334
1.904480,17.866667,17.086666
1.904881,17.853333,17.059999
1.905282,17.826666,17.059999
1.905684,17.906668,17.026665
1.906085,17.813332,17.039999
1.906486,17.813332,17.026665
1.906888,17.780001,17.039999
1.907289,17.773333,17.033333
1.907690,17.766666,16.966667
1.908092,17.799999,16.900000
1.908494,17.806665,16.900000
1.908896,17.746666,16.980000
1.909298,17.740000,16.953333
1.909699,17.686666,16.920000
1.910100,17.660000,16.906666
1.910502,17.679998,16.906666
1.910904,17.660000,16.900000
1.911305,17.619999,16.879999
1.911706,17.646667,16.826666
1.912108,17.606667,16.846666
1.912509,17.573332,16.820000
1.912911,17.539999,16.806665
1.913312,17.539999,16.853334
1.913713,17.520000,16.799999
1.914114,17.520000,16.779999
1.914515,17.513334,16.766666
1.914917,17.486666,16.773333
1.915319,17.466665,16.773333
1.915721,17.446667,16.759998
1.916122,17.433332,16.733334
1.916524,17.546665,16.713333
1.916925,17.380001,16.766666
1.917326,17.400000,16.586666
1.917727,17.466665,16.633331
1.918128,17.340000,16.633331
1.918530,17.333332,16.619999
1.918931,17.306665,16.606667
1.919332,17.326666,16.633331
1.919733,17.333332,16.600000
1.920134,17.279999,16.573334
1.920535,17.246666,16.533333
1.920937,17.260000,16.526667
1.921338,17.246666,16.480000
1.921739,17.240000,16.586666
1.922141,17.186666,16.466667
1.922544,17.186666,16.400000
1.922945,17.193333,16.386665
1.923346,17.146666,16.446667
1.923747,17.146666,16.393333
1.924148,17.100000,16.420000
1.924549,17.100000,16.406666
1.924950,17.139999,16.433332
1.925351,17.059999,16.373333
1.925752,17.066666,16.286667
1.926153,17.080000,16.359999
1.926555,17.066666,16.273333
1.926956,17.006666,16.219999
1.927357,17.026665,16.259998
1.927758,16.980000,16.273333
1.928159,16.980000,16.219999
1.928560,16.966667,16.200001
1.928962,16.926666,16.186666
1.929363,16.920000,16.166666
1.929764,16.926666,16.160000
1.930166,16.920000,16.099998
1.930567,16.886665,16.099998
1.930969,16.879999,16.086666
1.931370,16.886665,16.066668
1.931772,16.833334,16.086666
1.932174,16.813334,16.059999
1.932576,16.806665,16.006666
1.932977,16.786665,15.920000
1.933378,16.793333,15.980000
1.933779,16.786665,15.980000
1.934180,16.786665,15.933333
1.934581,16.733334,15.900000
1.934983,16.726667,15.946666
1.935384,16.700001,15.886665
1.935786,16.700001,15.866667
1.936187,16.633331,15.846667
1.936588,16.633331,15.806666
1.936990,16.633331,15.760000
1.937391,16.619999,15.799999
1.937792,16.573334,15.746666
1.938194,16.573334,15.393333
1.938597,16.580000,15.740000
1.938998,16.513332,15.746666
1.939399,16.420000,15.666666
1.939801,16.513332,15.673333
1.940203,16.466667,15.679999
1.940604,16.446667,15.639999
1.941006,16.453333,15.673333
1.941407,16.420000,15.606667
1.941809,16.406666,15.586667
1.942210,16.413332,15.573333
1.942611,16.359999,15.546666
1.943013,16.366665,15.566667
1.943416,16.333334,15.513332
1.943817,16.279999,15.493332
1.944218,16.279999,15.433333
1.944619,16.233332,15.226665
1.945020,16.226665,15.446666
1.945423,16.200001,15.419999
1.945824,16.180000,15.393333
1.946225,16.173334,15.393333
1.946626,16.133333,15.333333
1.947028,16.133333,15.326667
1.947431,16.106665,15.293332
1.947832,16.093332,15.260000
1.948234,16.126665,15.240000
1.948636,16.033333,15.293332
1.949037,16.006666,15.206666
1.949438,15.920000,15.206666
1.949840,15.993333,15.119999
1.950241,15.946666,15.226665
1.950643,15.966666,14.906667
1.951045,15.946666,15.520000
1.951446,15.946666,14.813333
1.951847,15.886665,15.119999
1.952248,15.886665,15.086666
1.952649,15.833333,14.953333
1.953050,15.806666,14.953333
1.953452,15.780001,14.953333
1.953853,15.746666,14.953333
1.954254,15.740000,14.946667
1.954656,15.706666,14.953333
1.955058,15.733333,14.940000
1.955459,15.666666,14.886666
1.955860,15.653334,14.813333
1.956261,15.660000,14.873333
1.956664,15.613333,14.940000
1.957065,15.500000,14.773334
1.957467,15.560000,14.813333
1.957868,15.546666,14.766665
1.958269,15.540000,14.540000
1.958672,15.533333,14.780000
1.959073,15.480000,14.719999
1.959475,15.440000,14.693333
1.959876,15.426665,14.666667
1.960278,15.426665,14.593332
1.960680,15.413333,14.659999
1.961083,15.379999,14.373332
1.961484,15.379999,14.620000
1.961885,15.446666,14.580000
1.962287,15.306666,14.486667
1.962688,15.286666,14.526666
1.963090,15.293332,14.520000
1.963491,15.253334,14.506667
1.963893,15.233334,14.346666
1.964295,15.213333,14.466667
1.964696,15.213333,14.400001
1.965098,15.159999,14.420000
1.965499,15.066667,14.433332
1.965901,15.153333,14.400001
1.966303,15.119999,14.353333
1.966704,15.073333,14.353333
1.967106,15.086666,14.253333
1.967507,14.933333,14.273334
1.967909,15.013333,14.293333
1.968310,14.946667,14.253333
1.968711,14.933333,14.233333
1.969112,14.940000,14.233333
1.969513,14.886666,14.193333
1.969915,14.886666,14.320000
1.970316,14.846666,14.153333
1.970717,14.853333,14.160000
1.971119,14.833332,14.099999
1.971520,14.786666,14.086666
1.971922,14.753333,14.073334
1.972323,14.726667,14.053333
1.972725,14.699999,14.006667
1.973126,14.699999,14.053333
1.973527,14.646667,13.999999
1.973929,14.686666,13.906666
1.974330,14.640000,13.960000
1.974731,14.586666,13.946667
1.975133,14.593332,13.906666
1.975534,14.606667,13.793333
1.975936,14.559999,13.900000
1.976337,14.533334,13.900000
1.976738,14.520000,13.793333
1.977139,14.480000,13.806667
1.977541,14.433332,13.779999
1.977943,14.466667,13.773333
1.978344,14.380000,13.686666
1.978746,14.406667,13.686666
1.979148,14.346666,13.686666
1.979549,14.313334,13.693333
1.979950,14.320000,13.646666
1.980351,14.326666,13.620000
1.980753,14.313334,13.620000
1.981154,14.266667,13.593333
1.981555,14.219999,13.593333
1.981958,14.219999,13.559999
1.982359,14.193333,13.539999
1.982761,14.166666,13.480000
1.983162,14.126666,13.466666
1.983563,14.133332,13.466666
1.983964,14.113334,13.320000
1.984365,14.066666,13.386665
1.984767,14.053333,13.386665
1.985169,14.039999,13.406666
1.985570,14.013333,13.346667
1.985971,13.960000,13.313333
1.986372,13.986667,13.306666
1.986775,13.940001,13.300000
1.987176,13.913332,13.253333
1.987579,13.893333,13.226666
1.987980,13.893333,13.293333
1.988381,13.866666,13.240000
1.988783,13.773333,13.173333
1.989184,13.893333,13.133333
1.989585,13.866666,13.120000
1.989986,13.639999,13.126666
1.990387,13.759999,13.100000
1.990788,13.686666,13.040000
1.991190,13.713332,13.046666
1.991591,13.666666,13.086667
1.991992,13.646666,13.013333
1.992395,13.660000,12.913333
1.992796,13.613334,13.033334
1.993198,13.520000,12.860000
1.993599,13.606666,12.913333
1.994000,13.520000,12.893333
1.994402,13.493333,12.880000
1.994803,13.500000,12.866666
1.995205,13.466666,12.793333
1.995608,13.446666,12.806666
1.996010,13.393333,12.766666
1.996411,13.520000,12.760000
1.996812,13.360000,12.746666
1.997213,13.366667,12.693334
1.997616,13.313333,12.700000
1.998017,13.306666,12.673333
1.998418,13.293333,12.673333
1.998820,13.259999,12.599999
1.999221,13.233334,12.593333
1.999622,13.206666,12.580000
2.000025,13.126666,12.626667
2.000426,13.153334,12.593333
2.000827,13.133333,12.500000
2.001228,13.106667,12.466666
2.001631,13.059999,12.346666
2.002032,13.059999,12.426666
2.002434,13.046666,12.426666
2.002835,13.113333,12.420000
2.003236,13.006666,12.406666
2.003638,12.946667,12.346666
2.004039,12.926666,12.306666
2.004440,12.966667,12.313334
2.004841,12.906667,12.246667
2.005243,12.853333,12.246667
2.005644,12.826667,12.213333
2.006045,12.806666,12.106667
2.006446,12.786666,12.186666
2.006848,12.753333,12.120000
